ticker,title,summary,url,source,source_domain,time_published,banner_image,overall_sentiment_score,overall_sentiment_label,relevance_score,ticker_sentiment_score,ticker_sentiment_label
AAPL,Today Adobe Flash Player reached the end of life (EOL),"Adobe Flash Player officially reached its end of life (EOL) on January 1, 2021, ceasing to receive updates and support. Adobe strongly recommended users uninstall the software due to past vulnerabilities and the company blocking Flash content from running after January 12, 2021. The move was a culmination of a 2017 announcement by major tech companies to phase out Flash in favor of more secure and performant alternatives like HTML5.",https://securityaffairs.com/112867/breaking-news/flash-player-eol.html,Security Affairs,Security Affairs,20210101T012015,https://i0.wp.com/securityaffairs.com/wp-content/uploads/2015/03/adobe-flash-player-update-2.jpg?fit=600%2C320&ssl=1,-0.29905,Somewhat-Bearish,0.615393,-0.217412,Somewhat-Bearish
AAPL,"Aeva, Inc. and InterPrivate Acquisition Corp. Announce $200 Million Investment from Sylebra Capital in Support of Business Combination","Aeva, Inc. and InterPrivate Acquisition Corp. announced a $200 million investment from Sylebra Capital to support their business combination. This follow-on PIPE investment significantly exceeds the minimum cash requirement, paving the way for the transaction's completion in Q1 2021. The funding is expected to accelerate Aeva's expansion in automotive, consumer, and industrial markets with its 4D LiDAR sensing technology.",https://www.prnewswire.com/news-releases/aeva-inc-and-interprivate-acquisition-corp-announce-200-million-investment-from-sylebra-capital-in-support-of-business-combination-301200014.html,PR Newswire,PR Newswire,20210104T012028,,0.506871,Bullish,0.733182,0.415169,Bullish
AAPL,Lidar Startup Aeva Adds $200 Million to SPAC Deal,"Aeva, a lidar sensor startup, is set to increase its financing by $200 million through an investment from Hong Kong-based hedge fund Sylebra Capital Management, boosting its total proceeds to $563 million ahead of its public listing via a reverse merger with InterPrivate Acquisition Corp. This investment highlights growing investor interest in next-generation auto-related companies focusing on electric and driverless technology. Aeva's technology, which is applicable beyond automotive to consumer devices and industrial robots, is valued at approximately $3 billion and aims to use the additional funding to meet demand and accelerate technological advancements.",https://www.ttnews.com/articles/lidar-startup-aeva-adds-200-million-spac-deal,Transport Topics,Transport Topics,20210104T012028,https://www.ttnews.com/sites/default/files/images/articles/aeva-1200.jpg,0.235314,Somewhat-Bullish,0.745369,0.104955,Neutral
AAPL,Google employees form union in rare move for a US tech giant,"Employees of Google and its parent company, Alphabet, have formed a new union called the Alphabet Workers Union, in a rare move for a major US technology company. The union, supported by the Communications Workers of America (CWA), aims to address issues like compensation, employee classification, and the types of work Google undertakes. This initiative follows years of workplace confrontations and dismissals of employee concerns by executives.",https://www.aljazeera.com/economy/2021/1/4/google-employees-unionize-in-rare-move-for-a-us-tech-giant,Al Jazeera,Al Jazeera,20210104T014012,https://www.aljazeera.com/wp-content/uploads/2021/01/367026586.jpg?resize=770%2C513&quality=80,-0.045262,Neutral,0.562064,0.192687,Somewhat-Bullish
AAPL,Apple rumored to adopt GaN for smaller charger designs,"Apple is rumored to be planning smaller and lighter USB-C wall chargers using gallium nitride (GaN) technology, with Navitas Semiconductor expected to receive orders. This adoption would allow Apple to produce chargers similar in size and power to those offered by third-party manufacturers, streamlining its charging lineup and potentially offering features like dual-port designs and faster performance. Analyst Ming-Chi Kuo previously predicted new chargers from Apple in 2021, suggesting these could incorporate GaN technology.",https://9to5mac.com/2021/01/04/apple-charger-gan-smaller-and-faster/,9to5Mac,9to5Mac,20210104T015735,https://9to5mac.com/wp-content/client-mu-plugins/9to5-core/includes/obfuscate-images/images/9to5mac-default.jpg?quality=82&strip=all&w=1600,0.15997,Somewhat-Bullish,0.927868,0.244054,Somewhat-Bullish
AAPL,"Discovery Plus Launches on Multiple Platforms, Including Roku and Amazon Fire TV","Discovery Plus has officially launched in the U.S. and is now available on a wide array of platforms, including Roku, Amazon Fire TV, Apple devices, Google devices, Microsoft Xbox, and Samsung Smart TVs. This broad availability is part of Discovery's strategy to make its real-life entertainment content accessible everywhere, leveraging strong partnerships with leading distributors. The launch follows deals with Vodafone, Verizon, and Sky, expanding its reach across the U.S., U.K., and European territories.",https://variety.com/2021/tv/news/discovery-plus-roku-fire-tv-smart-tv-1234878232/,Variety,Variety,20210104T020027,https://variety.com/wp-content/uploads/2020/12/discovery-plus-logo.jpg?w=1000&h=667&crop=1,0.279585,Somewhat-Bullish,0.609067,0.264571,Somewhat-Bullish
AAPL,"Why Apple became a $2 trillion company in 2020, and what could come next","Apple's market valuation soared to over $2 trillion in 2020, largely due to a significant re-rating of its services business by investors, which now accounts for roughly half of its total value. While the iPhone remains crucial, the company faces challenges with its streaming content, risks to its Google search licensing revenue, and an undefined strategy for the EV market. Analysts are optimistic about continued growth, but some caution about the stock's valuation, given the service's growth rate and potential threats to key revenue streams like the Google licensing deal and App Store commissions.",https://www.cnbc.com/2021/01/04/whats-next-after-the-year-apple-became-a-2-trillion-company-wall-stree.html,CNBC,CNBC,20210104T085900,https://image.cnbcfm.com/api/v1/image/107350279-1703108110784-gettyimages-1021934886-BZXXMODULAR_0823_hc_087.jpeg?v=1703261921&w=600&h=300&vtcrop=y,0.119267,Neutral,1.000000,0.416887,Bullish
AAPL,Apple Veterans’ Lidar Startup Adds $200 Million to SPAC Deal,"Aeva, a lidar startup founded by former Apple engineers, is set to receive an additional $200 million investment from Sylebra Capital Management, boosting its total proceeds from a SPAC deal to $563 million. This funding increases Aeva's war chest ahead of its public listing via a reverse merger with InterPrivate Acquisition Corp., highlighting strong investor interest in next-generation auto-related technologies.",https://www.bloomberg.com/news/articles/2021-01-04/apple-veterans-lidar-startup-adds-200-million-to-spac-deal,Bloomberg.com,Bloomberg.com,20210104T120000,,0.258584,Somewhat-Bullish,0.729009,0.134867,Neutral
AAPL,The TDVG ETF Is a Stellar Choice for Dividend Growth,"The TDVG ETF is highlighted as a strong option for investors seeking dividend growth in 2021, given forecasts for increased S&P 500 payouts. This actively managed ETF focuses on companies with a history and expectation of increasing dividends, offering a compelling strategy in a low-interest-rate environment. Companies are showing renewed confidence in dividend growth, further supporting the investment thesis for TDVG.",https://etfdb.com/active-etf-channel/tdvg-etf-stellar-choice-dividend-growth/,ETF Database,ETF Database,20210104T212202,,0.403236,Bullish,0.585505,0.323139,Somewhat-Bullish
AAPL,Google's iOS apps haven't been updated in weeks. Could Apple's privacy labels be the reason?,"Not a single one of Google's iOS apps has been updated in almost a month, a period considered unusually long for a major tech company. This lack of updates coincides with Apple's new mandate, which started on December 8, requiring developers to publish privacy labels for any new apps or updates submitted to the App Store. It appears that by not updating its apps since December 7, Google has avoided providing these privacy labels for its iOS applications, as indicated by the ""No Details Provided"" message on their App Store listings.",https://www.fastcompany.com/90591066/googles-ios-apps-havent-been-updated-in-weeks-apples-privacy-labels-could-be-the-reason-why,Fast Company,Fast Company,20210105T011938,"https://images.fastcompany.com/image/upload/f_webp,c_fit,w_1920,q_auto/wp-cms/uploads/2021/01/p-3-googles-ios-apps-havent-been-updated-in-weeks-apples-privacy-labels-could-be-the-reason-why.jpg",-0.129015,Neutral,0.971972,0.306271,Somewhat-Bullish
AAPL,Apple car: Who will build it? Magna Steyr possible candidate,"This article speculates on potential manufacturers for the rumored Apple Car, with Magna Steyr identified as a possible candidate due to its contract manufacturing expertise. It also briefly mentions other automotive industry news.",https://www.autonews.com/automakers/apple-car-who-will-build-it-magna-steyr-possible-candidate/,Automotive News,Automotive News,20210105T083300,https://www.autonews.com/resizer/v2/TWL6BBREVRAHDABBHSTMLATNFY.jpg?smart=true&auth=869081e36738ca6e2abe007bca9b501be58b4f060d48dde2abd21b0ae7964b71&width=900&height=506,0.264006,Somewhat-Bullish,0.708131,0.251335,Somewhat-Bullish
AAPL,Adobe Flash Player is officially dead. Here’s how to uninstall it,"Adobe Flash Player has officially reached its ""end-of-life"" on December 31, after years of declining usage due to security vulnerabilities and the rise of open web standards like HTML5. Adobe is urging users to uninstall the software immediately to protect their systems, as it will no longer receive security updates. The article provides brief instructions on how to remove Flash Player from both Windows and Mac operating systems.",https://www.cnn.com/2021/01/05/tech/adobe-flash-uninstall-trnd,CNN,CNN,20210105T133000,"https://media.cnn.com/api/v1/images/stellar/prod/210105121311-adobe-flash-player-restricted.jpg?q=x_2,y_206,h_1123,w_1995,c_crop/h_833,w_1480",0.103849,Neutral,0.737262,0.141136,Neutral
AAPL,Chip giant Qualcomm names President Amon as new CEO,"Qualcomm Inc. has named its president and chip division head, Cristiano Amon, as its new chief executive, replacing Steven Mollenkopf, effective June 30. Amon has been with the company since 1995 and became president in 2018, overseeing the chip division and guiding the company's expansion into new areas like 5G infrastructure, automotive computers, and personal computers. Mollenkopf, a 26-year veteran, successfully navigated Qualcomm through significant crises including a hostile takeover attempt, an antitrust challenge, and a legal battle with Apple.",https://www.reuters.com/business/chip-giant-qualcomm-names-amon-ceo-5g-era-ramps-up-2021-01-05/,Reuters,Reuters,20210105T174500,https://www.reuters.com/resizer/v2/https%3A%2F%2Fcloudfront-us-east-2.images.arcpublishing.com%2Freuters%2FB4YOW5NXVZJ4VI767L72H4X5BY.jpg?auth=d99879da0658fa134d19d67d71b3e8c0570b551ac9e5539ab42630ce0e561633&width=1200&height=628&smart=true,0.238505,Somewhat-Bullish,0.720756,0.140676,Neutral
AAPL,Cable One Preps IP-Based Sparklight TV,"Sparklight, a subsidiary of Cable One, is set to launch Sparklight TV, an IP-based TV service, in early 2021. This transition to IPTV aims to reclaim spectrum, freeing up network capacity to enhance Gigabit offerings and establish a 10G technology platform. The service will be accessible via streaming apps on platforms like Amazon Fire TV, Android TV, and Apple TV.",https://www.tvtechnology.com/news/cable-one-preps-ip-based-sparklight-tv,TVTechnology,TVTechnology,20210105T195216,,0.214329,Somewhat-Bullish,0.606834,0.104338,Neutral
AAPL,Qualcomm Chief Executive Steve Mollenkopf to Step Down,"Qualcomm announced that CEO Steve Mollenkopf will step down in June, after leading the company through a period of significant growth in smartphone sales despite legal battles with Apple. Cristiano Amon, the current president, will succeed Mollenkopf and aims to capitalize on the increasing demand for 5G phones. Mollenkopf will remain an adviser for a period after the transition.",https://www.wsj.com/business/telecom/qualcomm-names-cristiano-amon-as-ceo-succeeding-steve-mollenkopf-11609853111?gaa_at=eafs&gaa_n=AWEtsqcfTu_ECtIwnTv_YuqWkocIAkDFOrnKdshP2EGYYCRoochckXrw_HCI&gaa_ts=6907caf7&gaa_sig=2ENOer9aBS1WFwEpFOBQ0KAblw4k-Q1OTagl_FLXUdcpQ-X8OY2_zkvG9_tELfLKV6-G-PGWA4zgYpYVTh_4hg%3D%3D,The Wall Street Journal,The Wall Street Journal,20210105T210612,,0.218248,Somewhat-Bullish,0.735461,0.138548,Neutral
AAPL,Nvidia takeover of chip designer Arm investigated,"The UK's Competition and Markets Authority (CMA) has launched an investigation into Nvidia's proposed $40bn takeover of British chip designer Arm Holdings. The CMA will examine the merger's potential impact on competition, particularly concerning Arm's intellectual property licensing services to Nvidia's rivals. This marks a significant move by the CMA, now handling large competition cases post-Brexit, and aligns with broader international regulatory scrutiny of the deal.",https://www.bbc.co.uk/news/technology-55560417,BBC,BBC,20210106T012238,https://ichef.bbci.co.uk/ace/standard/976/cpsprodpb/6F07/production/_113832482_armchip.jpg,-0.036439,Neutral,0.638831,0.110796,Neutral
AAPL,Interested In Apple But Not Its Volatility? 2 ETFs To Preserve Stability,"This article suggests two ETFs for investors interested in Apple's potential returns but wary of its volatility. It highlights the iShares Russell Top 200 Growth ETF (IWY) and the Fidelity MSCI Information Technology Index ETF (FTEC) as ways to gain exposure to Apple and other growth/tech companies while potentially mitigating short-term price swings. The article details the holdings, performance, and financial metrics of both ETFs.",https://www.investing.com/analysis/interested-in-apple-but-not-its-volatility-2-etfs-to-preserve-stability-200549650,Investing.com,Investing.com,20210106T081500,,0.294006,Somewhat-Bullish,0.827842,0.239581,Somewhat-Bullish
AAPL,Qualcomm CEO Steve Mollenkopf to retire; Cristiano Amon will replace him,"Qualcomm CEO Steve Mollenkopf will retire in June 2021 after 26 years with the company, with company President Cristiano Amon set to succeed him. Mollenkopf led Qualcomm through significant challenges, including legal battles and a hostile takeover attempt, while Amon is tasked with leading the company through the 5G transition and expanding into new markets beyond smartphones. Amon, who has been with Qualcomm since 1995, is expected to continue the company's focus on product roadmap and leverage 5G opportunities.",https://indianexpress.com/article/technology/tech-news-technology/qualcomm-ceo-steve-mollenkopf-retire-cristiano-amon-replacement-7134858/,The Indian Express,The Indian Express,20210106T124000,,0.206566,Somewhat-Bullish,0.700531,0.022631,Neutral
AAPL,Rock star chip designer Jim Keller joins Tenstorrent,"Legendary computer chip designer Jim Keller has joined Toronto startup Tenstorrent Inc. as its new president and chief technology officer. Keller, known for his work at AMD, Apple, and Tesla, will guide Tenstorrent in its mission to create a machine learning training chip that utilizes software to optimize computing power and increase efficiency, challenging established players like Intel, AMD, and Nvidia.",https://siliconangle.com/2021/01/06/rock-star-chip-designer-jim-keller-joins-tenstorrent/,SiliconANGLE,SiliconANGLE,20210106T202200,,0.067579,Neutral,0.704524,0.106892,Neutral
AAPL,Stock Option Volume ‘Exploded’ in 2020. What Comes Next.,"In 2020, stock option volume saw a significant surge, largely driven by individual investors entering the market. These investors showed a strong preference for popular stocks such as Apple, Tesla, and NIO, a Chinese electric vehicle company. The article discusses this explosive growth in option trading and anticipates future trends.",https://www.barrons.com/articles/stock-option-volume-exploded-in-2020-51610017270?gaa_at=eafs&gaa_n=AWEtsqf7xDdW346irxKjzC3igdcjBS0WNt7NWcDuBuKWd3khri9cb0OS9S2X&gaa_ts=699bb0a1&gaa_sig=Y1kR_zHw0d7Ls1Mvxe7KHROpRGjvUQG4CwVfvW1XpHMCx1m21n8Zv1XIbuEPtLKL76HWjoXHi1V6UcTZfmyNCQ%3D%3D,Barron's,Barron's,20210107T012759,https://images.barrons.com/im-281339/?width=639&height=426,0.309809,Somewhat-Bullish,0.940616,0.303991,Somewhat-Bullish
AAPL,Device-Based Hybrids Solution for Mobile Network Operators in Canada,"Comtech discusses its perspective on the Emergency Services Working Group's (ESWG) recommendations for implementing device-based hybrid location solutions for Canadian Mobile Network Operators (MNOs). The article highlights the importance of combining handset-based and network-based location data to provide the most accurate locations for 911 calls, especially in indoor environments. Comtech's solution involves AML End Point functionality and enhanced Location Platforms to integrate and compare various location results for optimal accuracy and cybersecurity.",https://comtech.com/blog-post/2021/01/08/device-based-hybrids-solution-for-mobile-network-operators-in-canada/,Comtech Telecommunications Corp.,Comtech Telecommunications Corp.,20210108T012942,https://comtech.com/wp-content/uploads/2022/08/AML-LC-web.jpg,0.266973,Somewhat-Bullish,0.620441,0.213134,Somewhat-Bullish
AAPL,The Walt Disney Company,"This page from Newsweek compiles various news articles related to The Walt Disney Company. It covers topics ranging from leadership changes, theme park updates, streaming content, financial performance, and political disputes primarily with Florida Governor Ron DeSantis, showcasing a wide array of company-related news.",https://www.newsweek.com/topic/the-walt-disney-company,Newsweek,Newsweek,20210108T200623,,0.09344,Neutral,0.575035,0.397725,Bullish
AAPL,This gesture-sensing band could make the Apple Watch more accessible,"The Mudra Band is a CES 2021 Innovation Award honoree that uses gesture-sensing technology to make the Apple Watch more accessible, particularly for individuals with physical and cognitive disabilities. It detects electrical signals from the brain to the fingers, mapping them to corresponding movements, and allows users to control the Apple Watch without needing to touch the screen. The company, Wearable Devices, is also exploring accessibility use cases with universities, such as enabling quick typing for ALS patients and helping an IDF veteran learn to play the piano.",https://www.engadget.com/mudra-band-ces-2021-041411145.html,Engadget,Engadget,20210109T041400,https://s.yimg.com/ny/api/res/1.2/407FgytUPP7G7uyqkgB9cQ--/YXBwaWQ9aGlnaGxhbmRlcjt3PTEyNDI7aD04Mjk-/https://s.yimg.com/os/creatr-uploaded-images/2021-01/f118af20-51fb-11eb-bf5a-7ad756403ccd,0.367726,Bullish,0.706008,0.318636,Somewhat-Bullish
AAPL,Development Site Near Culver City Sells for $92 Million,"A 3.5-acre mixed-use development site near Culver City was sold by Public Storage for $92 million to Australia-based companies Lendlease Corp. and Aware Super. The site is intended for a 500,000-square-foot project, including multifamily units, creative office space, and retail, with an estimated value of $600 million upon completion. The location benefits from its proximity to major tech and entertainment companies and its designation as an opportunity zone provides tax benefits.",https://labusinessjournal.com/real-estate/development-site-near-culver-city-sells-92-million/,Los Angeles Business Journal,Los Angeles Business Journal,20210110T015752,https://labusinessjournal.com/wp-content/uploads/2021/11/PG04_LENDLEASE_0111-696x460.jpg,0.260481,Somewhat-Bullish,0.714623,0.232442,Somewhat-Bullish
AAPL,Biogen to Launch Pioneering Study to Develop Digital Biomarkers of Cognitive Health Using Apple Watch and iPhone,"Biogen announced a multi-year virtual research study in collaboration with Apple to investigate the use of Apple Watch and iPhone in monitoring cognitive performance and screening for decline, including mild cognitive impairment (MCI). The study aims to develop digital biomarkers to help detect early signs of MCI, which affects 15-20% of adults over 65. This initiative leverages Apple's technology and Biogen's neuroscience expertise to accelerate patient diagnoses, empower individuals, and potentially lower healthcare costs.",https://investors.biogen.com/news-releases/news-release-details/biogen-launch-pioneering-study-develop-digital-biomarkers,Biogen,Biogen,20210111T011938,https://www.ingenuityinsightful-52.com/809803.png,0.350039,Bullish,0.979281,0.329083,Somewhat-Bullish
AAPL,Going Rogue- a Mastermind behind Android Malware Returns with a New RAT,"Check Point Research (CPR) has uncovered the activities of a prolific Android malware developer named ""Triangulum,"" who, in collaboration with ""HeXaGoN Dev,"" has released a new Remote Access Trojan (RAT) called ""Rogue."" Rogue is a sophisticated MRAT that combines elements of previously sold malware, DarkShades and Hawkshaw, and uses Firebase for its command and control infrastructure to exfiltrate vast amounts of sensitive user data and control infected devices. Despite a leak of the Rogue package and previous marketing failures in the Russian darknet, Triangulum continues to operate and expand his customer network, highlighting the persistent threat posed by agile mobile malware development and sales on the dark web.",https://research.checkpoint.com/2021/going-rogue-a-mastermind-behind-android-malware-returns-with-a-new-rat/,Check Point Software,Check Point Software,20210112T012850,https://research.checkpoint.com/wp-content/uploads/2020/12/Android_1021x580.jpg,0.372818,Bullish,0.616371,0.247053,Somewhat-Bullish
AAPL,IBM received the most patents in 2020. Here’s the rest of the top 20,"IBM maintained its leading position as the top recipient of U.S. patents in 2020 with 9,130 inventions, continuing a trend despite a slight national decrease in issued patents. The article highlights the rise of patents in machine learning, quantum computing, and surprisingly, ""electronic smoking devices,"" along with ""computer systems based on biological models."" It also touches upon the ongoing controversy surrounding patent validity and ""patent trolls.""",https://fortune.com/2021/01/12/ibm-most-patents-2020-full-rankings/,Fortune,Fortune,20210112T014311,https://fortune.com/img-assets/wp-content/uploads/2015/03/Jeff-John-Roberts.jpg?format=webp&w=1440&q=100,0.284028,Somewhat-Bullish,0.747903,0.328290,Somewhat-Bullish
AAPL,Explainer: What is Parler and why has it been pulled offline?,"Parler, a social media network founded in 2018 as a ""free speech-driven"" space, has been largely adopted by U.S. conservatives. It was taken offline after Amazon suspended its web hosting service, following similar bans by Apple and Google. These companies cited Parler's failure to prevent the spread of posts inciting violence, particularly after the U.S. Capitol unrest, leading Parler to sue Amazon.",https://www.reuters.com/business/media-telecom/what-is-parler-why-has-it-been-pulled-offline-2021-01-12/,Reuters,Reuters,20210113T003800,https://www.reuters.com/resizer/v2/MJDNI6F6NNN4HF3OJ4AGP4OBQ4.jpg?auth=4c5c9c7e355424b945613f6871111dfff884d1f1b2c1b50a040d4eb478435696&width=1200&quality=80,0.048352,Neutral,0.943241,0.136025,Neutral
AAPL,"Apple to open developer school in Detroit, the first program of its kind in the US","Apple Inc. will open its first U.S. ""Apple Developer Academy"" in Detroit later this year as part of its $100 million Racial Equity and Justice Initiative. The program, a collaboration with Michigan State University, aims to train Black entrepreneurs and coders for free. This initiative follows social justice movements after the killings of Breonna Taylor and George Floyd.",https://www.freep.com/story/money/business/2021/01/13/apple-open-developer-school-detroit/6641351002/,Detroit Free Press,Detroit Free Press,20210113T011937,"https://www.freep.com/gcdn/presto/2021/05/26/PDTF/a7f46ee2-ad57-421c-8e3c-60ee1dbd15de-AdrienneRoberts_052621_01_M.jpg?crop=1224,1224,x0,y0&width=48&height=48&format=pjpg&auto=webp",0.300777,Somewhat-Bullish,1.000000,0.328761,Somewhat-Bullish
AAPL,Qualcomm scoops up Apple vets' Santa Clara chip startup Nuvia for $1.4B,"Qualcomm has acquired Santa Clara-based chip startup Nuvia, founded by former Apple veterans John Bruno, Gerard Williams III, and Manu Gulati, for $1.4 billion. This acquisition price represents a 159% premium over Nuvia's valuation during its September funding round. The deal highlights Qualcomm's strategic move in chip technology.",https://www.bizjournals.com/sanjose/news/2021/01/13/qualcomm-buys-nuvia-for-14b.html,The Business Journals,The Business Journals,20210113T015839,https://media.bizj.us/view/img/11530929/nuvia*900xx5873-3315-0-403.jpg,0.088337,Neutral,0.713695,-0.112301,Neutral
AAPL,Qualcomm to acquire NUVIA for $1.4 billion – A major shift for the CPU market,"Qualcomm has announced its acquisition of NUVIA for $1.4 billion, a move that will allow Qualcomm to re-enter the custom CPU market with a highly experienced design team. NUVIA was founded by veterans from companies like Apple and AMD and aims to develop high-performance ARM CPU cores for various devices, including laptops and servers, potentially challenging Intel and AMD. This acquisition signals a significant strategic shift for Qualcomm, though the impact of NUVIA's technology on consumer products is still years away.",https://overclock3d.net/news/cpu_mainboard/qualcomm_to_acquire_nuvia_for_1_4_billion_a_major_shift_for_the_cpu_market/,OC3D,OC3D,20210113T015839,https://oc3dmedia.s3.eu-west-2.amazonaws.com/2022/12/qualcomm-to-acquire-nuvia-for-1-4-billion-a-major-shift-for-the-cpu-market_639899f03060d.jpeg,0.352863,Bullish,0.617206,0.331423,Somewhat-Bullish
AAPL,"Southern Co., Apple launching 'Propel Center' incubator in Atlanta for HBCU students","Southern Company and Apple are partnering to launch the ""Propel Center,"" a new HBCU incubator located in Atlanta's Atlanta University Center. Southern Company will be the energy partner, focusing on sustainable and environmentally-friendly construction. The initiative aims to support students from Clark Atlanta University, Morehouse College, Morehouse School of Medicine, Morris Brown, and Spelman College.",https://www.bizjournals.com/atlanta/news/2021/01/13/southern-co-apple-launching.html,The Business Journals,The Business Journals,20210113T020319,https://media.bizj.us/view/img/11935474/screen-shot-2021-01-13-at-73200-am*900xx3481-1958-147-0.png,0.296384,Somewhat-Bullish,0.913531,0.348168,Somewhat-Bullish
AAPL,Alabama A&M Partners With Apple's Innovative Propel Center,"Alabama A&M University is partnering with the Propel Center, a new global campus in Atlanta supported by Apple, Southern Company, and Ed Farm. This initiative, part of Apple's $100 million Racial Equity and Justice Initiative, aims to provide HBCU students and faculty with access to innovative curricula, technology, career opportunities, and fellowship programs. The Propel Center will offer educational tracks in AI, machine learning, agricultural technologies, social justice, app development, and creative arts, with expert mentorship and internship opportunities from Apple.",https://huntsvillebusinessjournal.com/news/2021/01/13/alabama-am-partners-with-apples-innovative-propel-center/,Huntsville Business Journal,Huntsville Business Journal,20210113T020320,https://huntsvillebusinessjournal.com/wp-content/uploads/2021/01/PropelCenter2.jpg,0.379498,Bullish,0.938610,0.430279,Bullish
AAPL,Intel CEO Bob Swan Is Replaced by VMware’s Pat Gelsinger,"Intel CEO Bob Swan is being replaced by VMware CEO Pat Gelsinger, who is returning to Intel to address the company's challenges in the chip industry. Gelsinger's appointment is seen as a move to bring back technical leadership and address manufacturing delays that have plagued Intel, causing it to lag behind competitors. The change in leadership was welcomed by investors and analysts who believe Gelsinger is the best option to lead Intel through its critical transformation period.",https://www.datacenterknowledge.com/operations-and-management/intel-ceo-bob-swan-is-replaced-by-vmware-s-pat-gelsinger,Data Center Knowledge,Data Center Knowledge,20210113T020858,https://eu-images.contentstack.com/v3/assets/blt8eb3cdfc1fce5194/blt8cb891ed73c383a7/66211610dfaab584a070a3c2/Pat-Gelsinger-CEO-VMware_0.jpg?width=1280&auto=webp&quality=80&format=jpg&disable=upscale,0.244799,Somewhat-Bullish,0.649189,0.135510,Neutral
AAPL,"Southern Company joins Apple in announcing launch of new digital learning hub, global headquarters for innovation for HBCUs","Southern Company and Apple have partnered to launch the Propel Center, a digital learning hub and innovation headquarters for Historically Black Colleges and Universities (HBCUs) in Atlanta, Georgia. Both companies are contributing $25 million each to establish the center, which aims to foster Black entrepreneurship, provide technology resources, and prepare HBCU students for future careers. The initiative builds on previous collaborations to advance educational equity and address underrepresentation in STEM fields.",https://www.prnewswire.com/news-releases/southern-company-joins-apple-in-announcing-launch-of-new-digital-learning-hub-global-headquarters-for-innovation-for-hbcus-301207247.html,PR Newswire,PR Newswire,20210113T070100,,0.393541,Bullish,0.921624,0.343303,Somewhat-Bullish
AAPL,Apple announces latest efforts in its $100 million Racial Equity and Justice Initiative,"Apple has announced a new set of major donations as part of its $100 million Racial Equity and Justice Initiative. This includes a $25 million donation to the Propel Center, a learning hub for Historically Black Colleges and Universities, and the launch of the Apple Developer Academy in Detroit. The company will also provide venture capital funding for Black and Brown founders with investments in Harlem Capital and Siebert Williams Shank's Clear Vision Impact Fund.",https://www.cnbc.com/2021/01/13/apple-reveals-first-efforts-in-its-100-million-racial-equity-and-justice-initiative.html,CNBC,CNBC,20210113T074300,https://image.cnbcfm.com/api/v1/image/105780504-155197444009020190228-img_4708.jpg?v=1551974546&w=60&h=60&ffmt=webp,0.532811,Bullish,1.000000,0.521844,Bullish
AAPL,"Qualcomm eyes challenge to Apple, Intel with $1.4 billion deal for chip startup","Qualcomm Inc announced its acquisition of Nuvia Inc, a chip startup founded by former Apple executives, for $1.4 billion. This move aims to enhance Qualcomm's chip performance in smartphones, laptops, and automotive processors, challenging rivals like Apple and Intel. The deal also helps Qualcomm reduce its reliance on Arm Ltd's licensed technology by incorporating Nuvia's custom core designs.",https://www.reuters.com/business/qualcomm-eyes-challenge-apple-intel-with-14-billion-deal-chip-startup-2021-01-13/,Reuters,Reuters,20210113T130400,https://www.reuters.com/resizer/v2/https%3A%2F%2Fcloudfront-us-east-2.images.arcpublishing.com%2Freuters%2FV75LBSU6NVMW3E5IICFCDV7TNY.jpg?auth=da75231be4d80a373461719cbf81b297b87fa13caccb908759fb964b0f92b74b&width=960&height=540&quality=80,0.210035,Somewhat-Bullish,0.870257,0.110200,Neutral
AAPL,"Qualcomm eyes challenge to Apple, Intel with $1.4 billion deal for chip startup","Qualcomm Inc. announced its acquisition of Nuvia Inc., a chip startup founded by former Apple Inc. executives, for $1.4 billion. This strategic move aims to integrate Nuvia's technology into Qualcomm's smartphone, laptop, and automotive processors, challenging Apple and Intel in chip performance. The deal also represents Qualcomm's effort to lessen its reliance on Arm Ltd. and enhance its custom core designs for various applications.",https://www.moneycontrol.com/news/business/qualcomm-eyes-challenge-to-apple-intel-with-1-4-billion-deal-for-chip-startup-6342801.html,Moneycontrol,Moneycontrol,20210113T195100,,0.297782,Somewhat-Bullish,0.828518,0.233360,Somewhat-Bullish
AAPL,"Disney+ Streaming App: Supported Devices, Bundles & Content","Disney+ launched on November 12, 2019, offering a vast library of content from Disney, Pixar, Marvel, Star Wars, and National Geographic, alongside original series like ""The Mandalorian."" The service provides a premium, commercial-free viewing experience with multiple streams and profiles, available on various devices. It also offers a bundle option with Hulu and ESPN+ for U.S. subscribers and plans for a global rollout.",https://abc.com/news/1d1ac9d1-3133-43ec-bb07-5d358d55d1a4/category/2743918,ABC Network,ABC Network,20210114T013230,https://cdn1.edgedatg.com/aws/v2/abc/DisneyPlusMisc/blog/2886298/f3d706ceadcc7226d19241b76894e828/512x288-Q90_f3d706ceadcc7226d19241b76894e828.jpg,0.211892,Somewhat-Bullish,0.605764,0.149633,Neutral
AAPL,"New Google Union Triples in Size in First Week, But Faces Formidable Challenges","The Alphabet Workers Union, a new Google union, has tripled its membership to over 700 workers in its first week, reflecting growing activism in Silicon Valley. The union aims to give employees more influence over company operations but faces significant challenges, including Google's historical resistance to unions and strategies to ""fissure"" its workforce through diverse employment statuses. Critics question its partnership with the Communications Workers of America and its status as a minority union, not yet recognized by the NLRB or Google.",https://www.kqed.org/news/11854528/new-google-union-triples-in-size-in-first-week-but-faces-formidable-challenges,KQED,KQED,20210114T014012,https://ww2.kqed.org/app/uploads/sites/10/2021/01/GettyImages-1056086588-800x534.jpg,-0.100765,Neutral,0.644997,0.044349,Neutral
AAPL,These Companies Will Make Your Electric Car For You,"Several new joint ventures are emerging in the automotive industry to facilitate the production of electric vehicles (EVs) and components for other companies. Notable partnerships include Magna International with LG Electronics for EV powertrains, and Foxconn with Zhejiang Geely Holding Group for vehicle manufacturing and technical consulting. These collaborations aim to accelerate the shift to EVs by offering contract manufacturing solutions, improving scalability, and fostering quicker market entry for both established automakers and new entrants.",https://www.autoweek.com/news/future-cars/a35203727/these-companies-will-make-your-electric-car-for-you/,Autoweek,Autoweek,20210114T015034,https://hips.hearstapps.com/autoweek/assets/s3fs-public/1-byton-concept-exterior-1.jpg?resize=640:*,0.364676,Bullish,0.730493,0.217421,Somewhat-Bullish
AAPL,"Samsung debuts new flagship Galaxy S21 phones, Bluetooth tracker and earbuds","Samsung has unveiled its new Galaxy S21 smartphone series, featuring three 5G-enabled models with varying screen sizes and price points, starting from $799. The phones incorporate Qualcomm's Snapdragon 888 system-on-chip (or Samsung's Exynos 2100 internationally) and boast a redesigned camera housing and improved displays. Alongside the new phones, Samsung also introduced the Galaxy SmartTag, a Bluetooth location tracker, and the high-end Galaxy Buds Pro wireless earbuds.",https://siliconangle.com/2021/01/14/samsung-debuts-new-flagship-galaxy-s21-phones-bluetooth-tracker-earbuds/,SiliconANGLE,SiliconANGLE,20210114T015839,,0.123625,Neutral,0.700000,-0.139267,Neutral
AAPL,"TSMC to Spend Up to Record $28 Billion on Advanced Chips, Capacity","Taiwan Semiconductor Manufacturing Co. (TSMC), a major chip supplier, announced plans to significantly increase its capital expenditures to between $25 billion and $28 billion in 2021. This substantial investment, representing at least a 47% year-over-year increase, aims to develop advanced chips and expand plant capacity. The move comes in response to a global surge in semiconductor demand that has resulted in supply shortages.",https://www.wsj.com/business/earnings/tsmc-to-spend-up-to-record-28-billion-in-advanced-chips-capacity-11610623587?gaa_at=eafs&gaa_n=AWEtsqcTUw4E1MlNGyKoYCyHUhvipcdCLxsY_bu23qHgQNjk2cZncnyu5epc&gaa_ts=699bb9b9&gaa_sig=K40RYvj9-iugTUSN1qpkUnyJkzUUgdwYWZGrMY62KvggOtWY70Bh7lcYrcGqRsQMrYNXe1BzJ3ESs0NXnaQpRQ%3D%3D,The Wall Street Journal,The Wall Street Journal,20210114T020646,https://images.wsj.net/im-08913058?size=1.5,0.227307,Somewhat-Bullish,0.725329,0.233643,Somewhat-Bullish
AAPL,Intel CEO Bob Swan to Be Replaced by VMware Chief,"Intel Corp. Chief Executive Officer Bob Swan will be replaced by VMware Inc. CEO Pat Gelsinger, who is returning to Intel more than a decade after leaving. This leadership change comes as Intel faces manufacturing delays, increased competition, and customers designing their own chips. Gelsinger's appointment is seen as a move to bring back technical and home-grown leadership to address the company's challenges.",https://www.caixinglobal.com/2021-01-14/intel-ceo-bob-swan-to-be-replaced-by-vmware-chief-101650647.html,Caixin Global,Caixin Global,20210114T134000,,0.144316,Neutral,0.620216,-0.226632,Somewhat-Bearish
AAPL,Tech giants pledge millions for tech hub housed at Atlanta University Center,"Apple and Southern Company Foundation are each pledging $25 million to establish the Propel Center, a digital tech hub at the Atlanta University Center. This initiative aims to bridge the gap between minorities and the tech industry, serving several historically Black colleges and universities. The center will offer a curriculum focused on entrepreneurship, AI, and social justice, building a pipeline for young people into tech careers.",https://www.11alive.com/article/news/education/tech-giants-pledge-millions-for-tech-hub-housed-at-atlanta-university-center/85-92e3aaeb-1af9-43a8-9032-799744da93ab,11Alive.com,11Alive.com,20210114T190000,https://media.11alive.com/assets/WXIA/images/277a4241-b0bb-4a59-a2f9-718f02b7a54e/277a4241-b0bb-4a59-a2f9-718f02b7a54e_1920x1080.jpg,0.289137,Somewhat-Bullish,0.903102,0.438545,Bullish
AAPL,"Conservative ETF Reshuffles, ‘QQQ’ Sibs Hit $1B","The American Conservative Values ETF (ACVF) has ceased new purchases of Apple, Amazon, and Google stock due to their perceived censorship of free speech, following their blocking of social media platform Parler. Meanwhile, Invesco's NASDAQ 100 ETF (QQQM) and Invesco NASDAQ Next Gen 100 ETF (QQQJ) have jointly surpassed $1 billion in assets under management in just three months, marking Invesco's most successful launch ever.",https://www.etf.com/sections/news/conservative-etf-reshuffles-qqq-sibs-hit-1b,ETF.com,ETF.com,20210114T192624,,-0.364066,Bearish,0.800942,-0.545640,Bearish
AAPL,"Neuromod portfolios advance at Medtronic, Boston Scientific, Abbott","Medtronic, Boston Scientific, and Abbott have all announced advancements in their neuromodulation portfolios, signaling a renewed focus on innovation in a sector that was criticized for stagnation prior to 2020. Despite the disruption caused by COVID-19 in 2020, these companies are launching new products and initiatives, including Abbott's digital health app for pain management, Boston Scientific's new SCS systems with Fast Acting Sub-perception Therapy, and Medtronic's clinical trial for adaptive deep brain stimulation in Parkinson's patients. These efforts aim to drive growth and improve patient outcomes in 2021 and beyond.",https://www.medtechdive.com/news/neuromod-portfolios-advance-at-medtronic-boston-scientific-abbott/593458/,MedTech Dive,MedTech Dive,20210115T011948,,0.251594,Somewhat-Bullish,0.616151,0.137014,Neutral
AAPL,"GM, Goldman Sachs, Mastercard join forces on credit card venture","General Motors, Goldman Sachs, and Mastercard are collaborating to introduce co-branded, rewards-based credit cards in 2021. Goldman Sachs will serve as the issuing bank for GM's credit card programs starting in September, with Mastercard continuing as the network provider. This follows Goldman's acquisition of GM's credit card business for approximately $2.5 billion, aiming to enhance the credit card experience for GM customers.",https://www.foxbusiness.com/personal-finance/gm-goldman-sachs-mastercard-join-forces-on-credit-card-venture,Fox Business,Fox Business,20210115T014042,https://a57.foxnews.com/static.foxbusiness.com/foxbusiness.com/content/uploads/2021/01/931/523/GM-GoldmanSachs-Mastercard-2.jpg?ve=1&tl=1,0.271609,Somewhat-Bullish,0.628399,0.122573,Neutral
AAPL,"Burberry, Entain and blue-chip miners among the big names in coming week as trading updates continue","The upcoming week will feature continued trading updates from major companies, including luxury brand Burberry, betting firm Entain, and several blue-chip miners like Rio Tinto and BHP. Investors will also be watching for macro data such as UK inflation, retail sales, and flash PMIs from both the UK and US, alongside the inauguration of the new US President and the accelerating US earnings season. Companies like Experian, WH Smith, Dixons Carphone, JD Wetherspoon, and EMIS Group are also set to release updates, with focus on pandemic impacts, recovery prospects, liquidity, and digital performance.",https://www.proactiveinvestors.co.uk/companies/news/938607/burberry-entain-and-blue-chip-miners-among-the-big-names-in-coming-week-as-trading-updates-continue-938607.html,Proactive Investors,Proactive Investors,20210115T015959,https://cdn.proactiveinvestors.com/eyJidWNrZXQiOiJwYS1jZG4iLCJrZXkiOiJ1cGxvYWRcL05ld3NcL0ltYWdlXC8yMDIxXzAxXC8xNjEwNzE4Mjg1XzIwMjEtMDEtMTUtMTMtNDQtNDVfYzZmYzNiNjU1MGE3ODhiYmNiZWQ4OTc1MzcyMTdlODcuanBnIiwiZWRpdHMiOnsicmVzaXplIjp7IndpZHRoIjoxMjgwLCJoZWlnaHQiOjcyMCwiZml0IjoiY292ZXIifX19,0.172258,Somewhat-Bullish,0.593193,0.110396,Neutral
AAPL,Goldman Sachs to issue credit cards for General Motors,"Goldman Sachs announced it will become the issuing bank for General Motors' credit card business starting September 2021, part of its strategy to expand its consumer banking division. This move follows previous media reports of Goldman Sachs winning the bid over Barclays in a $2.5 billion deal. Mastercard will remain the network for the card, and this marks Goldman's second significant credit card partnership after its collaboration with Apple in 2019.",https://www.reuters.com/business/autos-transportation/goldman-sachs-issue-credit-cards-general-motors-2021-01-15/,Reuters,Reuters,20210115T041200,https://www.reuters.com/resizer/v2/CHJHG6VVEZM2ZODYC2USI6HA6Y.jpg?auth=3ba81abb9fc9212c430c0f70359580e6f0c054ce3994dd675acee7acd62462db&width=1080&quality=80,0.245738,Somewhat-Bullish,0.638428,0.118353,Neutral
AAPL,Apple Plans First iMac Desktop Redesign in Nearly a Decade,"Apple Inc. is planning the first redesign of its iMac all-in-one desktop computer since 2012, moving away from Intel processors to its own silicon. The new models will feature a slimmer design, similar to Apple's Pro Display XDR monitor, with a flat back and reduced bezels. Apple is expected to launch two versions, codenamed J456 and J457, later this year to replace the current 21.5-inch and 27-inch models.",https://www.bloomberg.com/news/articles/2021-01-15/apple-plans-redesigned-imac-new-mac-pro-smaller-mac-pro-cheaper-monitor,Bloomberg.com,Bloomberg.com,20210115T174700,https://assets.bwbx.io/images/users/iqjWHBFdfxIU/iqzByXfDQuII/v1/-1x-1.webp,0.08796,Neutral,1.000000,0.318796,Somewhat-Bullish
AAPL,Apple's new executive bonus formula is designed for the fast-changing world we live in,"Apple is introducing an ESG (environmental, social, and governance) bonus modifier for its executives in 2021, linking up to 10% of their cash incentives to ESG performance. This change comes after years of pressure from activist shareholders and reflects a growing trend towards incorporating social responsibility into executive pay, accelerated by recent global events. While some experts question the 10% impact, it positions Apple among a minority of companies tying compensation to ESG, potentially influencing other major corporations.",https://www.cnbc.com/2021/01/16/apple-ceo-tim-cook-cash-bonus-not-tied-to-sales-profits.html,CNBC,CNBC,20210116T095900,https://image.cnbcfm.com/api/v1/image/104775590-20171012-1544-2486.jpg?v=1508174904&w=60&h=60&ffmt=webp,0.300605,Somewhat-Bullish,1.000000,0.333490,Somewhat-Bullish
AAPL,Online TV Streaming Service Market: Strong Growth Continues,"The online TV streaming service market is experiencing strong growth, driven by technological advancements, urbanization, increased internet/mobile subscriptions, and rising disposable incomes. Key players like Netflix have significantly expanded their subscriber base. The COVID-19 pandemic further accelerated demand, leading to a surge in subscriptions for major streaming platforms.",https://www.openpr.com/news/2226365/online-tv-streaming-service-market-strong-growth-continues,openPR.com,openPR.com,20210118T110000,,0.324776,Somewhat-Bullish,0.711864,0.431517,Bullish
AAPL,World's top 10 most valuable companies,"Apple is the most valuable company globally, with a valuation of $2.12 trillion, followed by Microsoft and Amazon. The 2020 Hurun Global 500 report also highlighted that 51 Chinese companies made the list, with their total value increasing significantly. Electric carmakers Nio and Xpeng Motors, along with Beike Zhaofang, were among the top gainers in percentage growth.",https://www.chinadaily.com.cn/a/202101/19/WS60060e40a31024ad0baa367c.html,China Daily,China Daily,20210119T064000,https://img2.chinadaily.com.cn/images/202101/19/60060e40a31024adbdaf426e.jpeg,0.367514,Bullish,0.921268,0.338074,Somewhat-Bullish
AAPL,Netflix will consider buybacks as it returns to positive cash flow after 2021,"Netflix announced it expects to be cash-flow positive after 2021 and will no longer require external financing, ending a decade of significant debt. The company also stated it would consider share buybacks, a practice not seen since 2011. This shift validates Netflix's long-term content spending strategy and comes as its market capitalization has grown significantly.",https://www.cnbc.com/2021/01/19/netflix-says-cash-flow-positive-after-2021-no-more-external-financing.html,CNBC,CNBC,20210119T160400,,0.204124,Somewhat-Bullish,0.630156,0.141603,Neutral
AAPL,"Apple, Southern Company to invest $25 million for AUC’s Propel Center","Apple and Southern Company are investing $25 million each to establish the Propel Center, a global innovation and learning hub for Historically Black Colleges and Universities (HBCUs), at the Atlanta University Center. This initiative, part of Apple's Racial Equity and Justice Initiative, aims to provide innovative curricula, technological support, career opportunities, and fellowship programs to promote diverse leaders and address systemic racism. The center will focus on various fields, including agricultural technologies, social justice, entertainment arts, app development, and augmented reality, to help minority students excel in the tech industry.",https://saportareport.com/apple-southern-company-to-invest-25-million-for-aucs-propel-center/sections/reports/allison/,SaportaReport,SaportaReport,20210119T172900,,0.423234,Bullish,0.989286,0.409476,Bullish
AAPL,The Crown Jewels of UK patent cases,"This article reviews the significant UK patent cases decided in 2020 despite the pandemic, highlighting landmark decisions from the UK Supreme Court, High Court, and Court of Appeal, especially concerning mobile phone patents, pharmaceuticals, and AI inventorship. It also previews key cases anticipated for 2021, including disputes in e-cigarette technology and further FRAND trials, and discusses the leading law firms involved in these high-profile intellectual property battles.",https://www.juve-patent.com/people-and-business/the-crown-jewels-of-uk-patent-cases/,JUVE Patent,JUVE Patent,20210120T014327,https://www.juve-patent.com/wp-content/uploads/2021/01/Aufmacher-Imperial-State-Crown_830x415-480x240-c-default.jpg,0.231496,Somewhat-Bullish,0.720636,0.296588,Somewhat-Bullish
AAPL,Chinese hacking group ‘Chimera’ targets Taiwanese chip and airline companies,"A Chinese advanced threat protection group named ""Chimera"" is reportedly targeting Taiwanese semiconductor companies to steal intelligence such as IC chip documents, SDKs, IC designs, and source code. Additionally, the group is accused of stealing passenger data from the airline industry, abusing cloud services from Google and Microsoft. Experts suggest these activities, whether state-sponsored or for competitive advantage, highlight a significant cybersecurity threat requiring robust government action.",https://siliconangle.com/2021/01/21/chinese-hacking-group-chimera-targets-taiwanese-semiconductor-airline-companies/,SiliconANGLE,SiliconANGLE,20210121T012133,https://d15shllkswkct0.cloudfront.net/wp-content/blogs.dir/1/files/2021/01/chimera.jpg,-0.407502,Bearish,0.719316,-0.417545,Bearish
AAPL,Netgear warns users that iOS 14's MAC address randomization could cause 'Unknown Devices' to appear on their networks,"Netgear has issued a warning to users of its Circle parental control feature that Apple's iOS 14 MAC address randomization could cause ""Unknown Devices"" to appear on their network. This security feature in iOS 14 (and Android 10) randomizes MAC addresses to prevent tracking, but it can confuse Netgear's Circle, which relies on MAC addresses to identify and manage devices. Netgear advises users to disable the Random MAC / Private MAC Feature for their home WiFi Network to ensure proper functioning of Circle for managing kids' devices.",https://www.imore.com/netgear-warns-circle-users-ios-14s-mac-address-randomization-could-cause-unknown-devices-appear,iMore,iMore,20210121T015350,https://cdn.mos.cms.futurecdn.net/xxSkZiAshXSkcWPA4GR7pB.jpeg,0.108186,Neutral,0.711296,0.147794,Neutral
AAPL,Taiwan Semiconductor suppliers announce plans to come to Arizona,"Three Asian companies, Chang Chun Petrochemical Co. Ltd., United Integrated Services Co. Ltd., and Mirle Automation Corp., have reportedly announced plans to establish facilities in Arizona. These companies intend to supply Taiwan Semiconductor Manufacturing Co. Ltd.'s new $12 billion factory in Phoenix, which began construction in 2021 and is expected to create 1,900 jobs. This move positions Phoenix as a future hub for semiconductor manufacturing.",https://www.abc15.com/news/business/taiwan-semiconductor-suppliers-announce-plans-to-come-to-arizona,ABC15 Arizona,ABC15 Arizona,20210121T020646,https://ewscripps.brightspotcdn.com/dims4/default/d71d3e1/2147483647/strip/true/crop/1000x563+0+52/resize/1280x720!/quality/90/?url=http%3A%2F%2Fevscripps-brightspot.s3.amazonaws.com%2F5c%2Fcf%2Fd5a5de124f96b76d7e9ec1b6f9fa%2Fchip-wafer.png,0.289195,Somewhat-Bullish,0.731617,0.134214,Neutral
AAPL,"Apple, Marriott, Johnson Controls CEOs take lead on Biden initiatives","CEOs from Apple, Marriott, and Johnson Controls are taking an active role in supporting President Biden's early initiatives, including immigration reform, rejoining the Paris climate agreement and WHO, and mask mandates. Tim Cook chairs the Business Roundtable Immigration Committee, George Oliver heads the Energy and Environment Committee, and Arne Sorenson leads the Health and Retirement Committee, all aligning with Biden's policy reversals. These business leaders emphasize the importance of these policies for American values, community strength, and public health.",https://www.foxbusiness.com/economy/apple-marriott-johnson-controls-ceos-take-lead-on-biden-initiatives,Fox Business,Fox Business,20210121T115100,https://cf-images.us-east-1.prod.boltdns.net/v1/static/694940094001/0a485a22-7f3a-49c2-a0eb-5283fe2992f6/cf1f36e5-c045-4103-aa22-6014cf5b9f05/1280x720/match/image.jpg,0.453267,Bullish,0.914357,0.504742,Bullish
AAPL,Dan Riccio begins a new chapter at Apple,"Apple announced that Dan Riccio will transition to a new role, focusing on a new project and reporting directly to CEO Tim Cook, after over two decades of significant contributions to the company's hardware engineering. His previous role as the head of Hardware Engineering will be taken over by John Ternus, who will also join Apple’s executive team. Both Cook and Riccio expressed excitement for the future, highlighting Riccio's continued involvement in shaping Apple's products and Ternus's leadership in upcoming innovations.",https://www.apple.com/newsroom/2021/01/dan-riccio-begins-a-new-chapter-at-apple/,Apple,Apple,20210125T011938,https://www.apple.com/newsroom/images/people/executives/Apple_dan-riccio-begins-a-new-chapter-at-apple_01252020_big.jpg.large.jpg,0.396888,Bullish,1.000000,0.397651,Bullish
AAPL,Clarivate Launches Web of Science My Research Assistant Mobile Application,"Clarivate Plc launched Web of Science My Research Assistant, a new mobile application designed to help scientific researchers search, save, and share publication records from the Web of Science citation index. The app offers features like personalized feeds and reading lists, with both free and unlimited functionality available depending on the user's institutional affiliation. This initiative aims to improve the researcher experience by providing a more personalized service and fostering collaboration within the science community.",https://enmobile.prnasia.com/releases/apac/clarivate-launches-web-of-science-my-research-assistant-mobile-application-306621.shtml,美通社,美通社,20210125T161100,https://mma.prnasia.com/media2/1159266/clarivate_analytics.jpg?p=medium600,0.187162,Somewhat-Bullish,0.737829,0.237666,Somewhat-Bullish
AAPL,"Bloomberg: Senior Peloton instructors earn $500,000 annually in total compensation","A recent Bloomberg article revealed that senior Peloton instructors can earn upwards of $500,000 annually in total compensation, excluding external sponsorships. Unlike most fitness companies, Peloton hires instructors as full-time employees with fixed salaries and incentive compensation, even offering stock options. This business model highlights Peloton's focus on retaining its key talent, who are central to the company's community feel and scalable growth.",https://connectthewatts.com/2021/01/26/bloomberg-senior-peloton-instructors-earn-500000-annually-in-total-compensation/,Connect The Watts,Connect The Watts,20210126T015817,,0.341834,Somewhat-Bullish,0.649231,0.242938,Somewhat-Bullish
AAPL,The SNPE ETF Has Outpaced the S&P 500 Since Its Inception,"The Xtrackers S&P 500 ESG ETF (SNPE) has outperformed the S&P 500 since its inception, boasting a 35% gain compared to the S&P 500's 30%. The fund tracks the S&P 500 ESG Index, focusing on companies with strong environmental, social, and governance performance. Analysts are split on whether the ESG trend will continue its momentum, particularly with a new administration taking office.",https://www.etftrends.com/esg-channel/snpe-outpaced-s-p-500-since-inception/,ETF Trends,ETF Trends,20210126T055252,https://www.etftrends.com/wp-content/uploads/2023/12/responsibleinvesting_OVERLAY_1600x121-1x.png,0.352598,Bullish,0.626141,0.323306,Somewhat-Bullish
AAPL,Sony Music Entertainment & Gospel Artist Kirk Franklin Team Up For Podcast Series,"Sony Music Entertainment and 16-time Grammy-winning gospel artist Kirk Franklin are launching a new podcast series titled ""Good Words with Kirk Franklin"" on February 9. The podcast will feature Franklin engaging in intimate conversations with artists and activists like H.E.R, Glennon Doyle, Kelly Rowland, and Pharrell Williams, exploring themes of faith, redemption, race, religion, politics, music, and self-expression, with original music provided by Franklin. This initiative is part of Sony Music Entertainment's expanding podcast ventures.",https://deadline.com/2021/01/sony-music-entertainment-gospel-artist-kirk-franklin-podcast-series-1234680954/,Deadline,Deadline,20210126T131800,https://deadline.com/wp-content/uploads/2021/01/Good-Words-with-Kirk-Franklin.png?crop=39px%2C5px%2C534px%2C299px&resize=681%2C383,0.148355,Neutral,0.702743,0.100773,Neutral
AAPL,Qualcomm to supply General Motors with 'cockpit' chips for next generation vehicles,"Qualcomm Inc announced a deal to supply General Motors Co with a range of chips for its next generation of vehicles. The agreement includes Qualcomm's ""cockpit"" chips for in-dashboard systems and automated driver assistance system chips. Qualcomm's Snapdragon Ride driver-assistance computer is also expected to be in a production vehicle in 2022.",https://www.reuters.com/business/autos-transportation/qualcomm-supply-general-motors-with-cockpit-chips-next-generation-vehicles-2021-01-26/,Reuters,Reuters,20210126T153700,,0.249447,Somewhat-Bullish,0.633797,0.137789,Neutral
AAPL,"Smartphone audio is important, and here’s what it takes to build the best","This article discusses the importance of audio quality in smartphones and the technology behind building superior smartphone speakers. It highlights the role of high-quality amplifier chips, particularly Class H amplifiers, in enabling clear, powerful, and distortion-free audio. The piece also mentions companies like Cirrus Logic and their CS35L40 and CS35L41 amplifier ICs, which are used in many high-profile smartphones to achieve top audio performance.",https://www.androidauthority.com/cirrus-logic-amplifiers-1193093/,Android Authority,Android Authority,20210126T200136,,0.510481,Bullish,0.716096,0.323616,Somewhat-Bullish
AAPL,Micron's 1-alpha process node offers impressive improvements in DRAM density and performance,"Micron has begun manufacturing DRAM using its new 1α (1-alpha) process, which offers a 40 percent improvement in memory density and a 15 percent drop in power consumption compared to its 1Z nm technology. This new node supports densities from 8Gb to 16Gb and is being used for DDR4 and LPDDR4 RAM, with plans for broader integration. The company anticipates this will lead to decreased manufacturing costs for DRAM, subsequently resulting in better prices for consumers, although the long-term strategy for scaling DRAM with or without EUV technology remains to be seen against competitors.",https://www.techspot.com/news/88430-micron-1-alpha-process-node-offers-impressive-improvements.html,TechSpot,TechSpot,20210127T015158,https://www.techspot.com/images2/news/bigimage/2021/01/2021-01-27-image-20.jpg,-0.063538,Neutral,0.629244,-0.149712,Neutral
AAPL,"AT&T takes $15.5 billion charge on DirecTV, adds more phone customers","AT&T announced a $15.5 billion writedown on its premium TV business, including DirecTV, due to cord-cutting and a $780 million charge for its WarnerMedia unit. Despite these setbacks, the company added 800,000 new phone subscribers in the fourth quarter, surpassing analyst expectations. AT&T's full-year outlook projects 1% revenue growth and flat adjusted earnings per share.",https://www.reuters.com/article/world/us-politics/att-takes-155-billion-charge-on-directv-adds-more-phone-customers-idUSKBN29W18I/,Reuters,Reuters,20210127T020455,https://www.reuters.com/resizer/v2/https%3A%2F%2Farchive-images.prod.global.a201836.reutersmedia.net%2F2021%2F01%2F27%2FLYNXMPEH0Q180.JPG?auth=dddd59a24cc98810f0e33cf9dcaa654a7a31027ddfd38923d3abb22af92addc4&width=1920&quality=80,0.079494,Neutral,0.717146,0.211367,Somewhat-Bullish
AAPL,Start Diesel Pump and Pay for Fuel Directly With TA App,"TravelCenters of America (TA) has introduced a new ""PumpSmart"" feature to its TruckSmart mobile app, allowing professional drivers to activate diesel pumps and pay for fuel directly from their cabs. This feature is available for UltraONE loyalty members using commercial payment cards and securely stores payment information while automatically applying loyalty points. The PumpSmart addition is part of TA's broader effort to enhance the guest experience and upgrade its TruckSmart app,",https://fuelsmarketnews.com/start-diesel-pump-and-pay-for-fuel-transactions-directly-from-phone-with-ta-app/,Fuels Market News,Fuels Market News,20210127T020503,https://fuelsmarketnews.com/wp-content/uploads/2021/01/TA.jpg,0.34132,Somewhat-Bullish,0.645264,0.239431,Somewhat-Bullish
AAPL,Apple posts first $100B quarter in company history after strong iPhone 12 holiday demand,"Apple reported its first-ever $100 billion quarter, with revenues reaching $111.4 billion, driven by robust demand for the iPhone 12 and growth in its digital services. This performance exceeded Wall Street expectations despite the pandemic, with iPhone 12 sales alone generating $65.6 billion. The company also saw increased revenues from Mac, iPad, and wearables, and returned over $30 billion to shareholders.",https://www.foxbusiness.com/technology/apple-first-100b-quarter-company-history-after-strong-iphone-12-holiday-demand,Fox Business,Fox Business,20210127T043700,https://cf-images.us-east-1.prod.boltdns.net/v1/static/854081161001/f810cc8d-b7db-400b-8d33-c6a42a0c79f2/8c536892-40cd-4dce-af84-07fe862c710d/1280x720/match/image.jpg,0.857333,Bullish,1.000000,0.883467,Bullish
AAPL,The Tech Sector Today: Not the Bubble of the 1990s,"The article argues that the current tech sector is not in a bubble similar to the 1990s, highlighting the differences in market characteristics and momentum volatility. It points to the Invesco DWA Technology Momentum ETF (PTF) as an attractive investment, noting its focus on relative strength (momentum) and its potential diversification benefits for portfolios. The author emphasizes that today's tech sector and momentum strategies are less volatile than during the dot-com era.",https://etfdb.com/etf-education-content-hub/tech-today-not-bubble-of-1990s/,ETF Database,ETF Database,20210127T052936,https://etfdb.com/media/W1siZiIsIjIwMjUvMDkvMDUvNjc5dXlneXJmMV9FVEZfRWR1Y2F0aW9uX0ludmVzY29RUVFfbWFzdGhlYWRfb3ZlcmxheV8xNjAweDEyMV8yeC5wbmciXV0/ETF_Education_InvescoQQQ_masthead_overlay_1600x121%402x.png,0.358503,Bullish,0.726867,0.303382,Somewhat-Bullish
AAPL,Intel invests additional $475 million in Vietnam plant,"Intel Corp has announced an additional $475 million investment in its Vietnam plant, bringing its total investment in the country to about $1.5 billion. This new funding aims to enhance technologies and boost the production of its 5G products and core processors. The move highlights Vietnam's growing importance in the global technology supply chain, as companies like Apple and Samsung diversify production to mitigate trade war impacts and the country's effective handling of the coronavirus pandemic.",https://www.reuters.com/article/technology/intel-invests-additional-475-million-in-vietnam-plant-idUSKBN29W0PX/,Reuters,Reuters,20210127T082500,https://www.reuters.com/resizer/v2/https%3A%2F%2Farchive-images.prod.global.a201836.reutersmedia.net%2F2021%2F01%2F27%2FLYNXMPEH0Q0FL-OCATC.JPG?auth=828cea1a0b38720f456fd6f406ecc8128fec5ab2066479d724813296ea6a1a0e&width=1920&quality=80,0.292132,Somewhat-Bullish,0.648530,0.132751,Neutral
AAPL,The Tech Sector Today: Not the Bubble of the 1990s,"The technology sector, while performing strongly, is fundamentally different from the 1990s bubble. The Invesco DWA Technology Momentum ETF (PTF) is highlighted as an attractive option, leveraging relative strength investing. Momentum strategies such as PTF are less volatile now compared to the 2000 tech bubble and can offer diversification benefits to portfolios.",https://etfdb.com/etf-education-channel/tech-today-not-bubble-of-1990s/,ETF Database,ETF Database,20210127T140957,https://etfdb.com/media/W1siZiIsIjIwMjEvMDEvMjcvM3E0ZWo0NGVjcl9QVEZfX01TV05UUl9jaGFydC5wbmciXSxbInAiLCJ0aHVtYiIsIjc1MHhcdTAwM2UifV0/PTF_%5EMSWNTR_chart.png,0.389076,Bullish,0.733877,0.309860,Somewhat-Bullish
AAPL,AI fund that's beating S&P 500 has shifted into tech stocks,"A machine-guided fund, the AI Powered Equity ETF (AIEQ), has significantly shifted its holdings into technology stocks, now comprising over 37% of its portfolio. This move comes as the fund continues to outperform the S&P 500 Index, having risen 12% this year compared to the S&P 500's nearly 3% gain. The fund has also halved its industrial exposure and doubled its position in Tesla Inc., while significantly reducing its Apple Inc. holdings.",https://www.investmentnews.com/mutual-funds/ai-fund-thats-beating-sp-500-has-shifted-into-tech-stocks/201944,InvestmentNews,InvestmentNews,20210127T192657,,0.187902,Somewhat-Bullish,0.743985,-0.234823,Somewhat-Bearish
AAPL,"STMicroelectronics, Tesla and Apple: what happens when eMobility & 5G collide","This article examines how STMicroelectronics' Q4 2020 results were bolstered by its key relationships with Tesla in e-mobility and Apple in 5G mobile and consumer markets. It highlights STMicroelectronics' dominance in Silicon Carbide (SiC) for electric vehicles, largely driven by Tesla's adoption, and its significant role in CMOS image sensors for Apple's 3D imaging and sensing applications. The article also discusses the company's strategies to address capacity constraints and maintain its market position against competitors.",https://www.yolegroup.com/strategy-insights/stmicroelectronics-tesla-and-apple-what-happens-when-emobility-5g-collide/,Yole Group,Yole Group,20210127T212126,,0.287706,Somewhat-Bullish,0.708645,0.341559,Somewhat-Bullish
AAPL,"Apple sees revenue growth accelerating after setting record for iPhone sales, China strength","Apple reported holiday quarter sales and profits that exceeded Wall Street's expectations, driven by strong sales of its new 5G iPhones and a significant 57% increase in China sales. The company's revenue rose 21% to $111.44 billion, with iPhone sales hitting a new record of $65.60 billion. Chief Financial Officer Luca Maestri indicated that revenue growth is expected to accelerate in the current fiscal second quarter.",https://www.reuters.com/article/technology/apple-sees-revenue-growth-accelerating-after-setting-record-for-iphone-sales-ch-idUSKBN29W2TD/,Reuters,Reuters,20210128T011938,https://www.reuters.com/resizer/v2/https%3A%2F%2Farchive-images.prod.global.a201836.reutersmedia.net%2F2021%2F01%2F27%2FLYNXMPEH0Q1NF-OCATC.JPG?auth=eb9d49311a14f6c6a7faee5dab695ed640d03f2cf0b025e76322130929d691f3&width=1920&quality=80,0.448613,Bullish,1.000000,0.429691,Bullish
AAPL,"Google to stop using Apple tool to track iPhone users, avoiding new pop-up warning","Google has announced that its iPhone apps, including Maps and YouTube, will cease using Apple's IDFA tool for personalizing ads. This move comes as Apple prepares to enforce new tracking transparency rules that would require apps to obtain explicit user consent via a pop-up warning, which Google aims to avoid. While Google's core ad business may not be significantly impacted due to its logged-in user base, the company warns that publishers and advertisers relying on its mobile ad software will likely see weaker results without IDFA access.",https://www.reuters.com/technology/google-stop-using-apple-tool-track-iphone-users-avoiding-new-pop-up-warning-2021-01-27/,Reuters,Reuters,20210128T020300,https://www.reuters.com/resizer/v2/6I26V2HL4ZJ3TPAWVXS6D4ET5I.jpg?auth=1ad900cff546ed6adb3d162160b432fd60f33438b660b48b5d8179426dde3629&width=1920&quality=80,-0.07212,Neutral,1.000000,-0.142535,Neutral
AAPL,Apple Just Got a Little Greener. The EFIV ETF Is All Ears,"Apple recently had its largest revenue quarter ever and is now incorporating environmental, social, and governance (ESG) metrics into its executive compensation. This move makes Apple a greener investment, reinforcing its position as the top holding in the SPDR S&P 500 ESG ETF (EFIV). The EFIV ETF offers investors exposure to S&P 500 firms that meet specific sustainability criteria while maintaining similar overall industry group weights.",https://www.etftrends.com/esg-channel/apple-got-greener-efiv-all-ears/,ETF Trends,ETF Trends,20210128T020942,NULL,0.821906,Bullish,0.908187,0.728085,Bullish
AAPL,UVXY ETF Is a Good Buy as Earnings and WSB Drive Volatility,"The article discusses why the ProShares Ultra VIX Short-Term Futures ETF (UVXY) is a good buy amidst rising market volatility. It explains that the VIX Index, which UVXY tracks, is rising due to the earnings season, fears of a stock market bubble, and the impact of the WallStreetBets Reddit community on certain stocks. The article suggests UVXY as a way to bet on continued volatility given its asset size, liquidity, and expense ratio compared to competitors.",https://marketrealist.com/p/buy-uvxy-etf/,Market Realist,Market Realist,20210128T085000,,-0.196503,Somewhat-Bearish,0.643201,-0.280651,Somewhat-Bearish
AAPL,Apple Just Got a Little Greener. The EFIV ETF Is All Ears,"Apple is incorporating environmental, social, and governance (ESG) metrics into its executive compensation, aligning with responsible investing trends. This move is significant for the SPDR S&P 500 ESG ETF (EFIV), which holds Apple as its top investment and focuses on companies meeting sustainability criteria. The article highlights Apple's strong financial performance, having achieved its largest quarterly revenue, while also detailing how the EFIV ETF provides exposure to ESG-compliant S&P 500 firms.",https://www.etftrends.com/esg-content-hub/apple-got-greener-efiv-all-ears/,ETF Trends,ETF Trends,20210128T165223,https://www.etftrends.com/wp-content/uploads/2023/12/responsibleinvesting_OVERLAY_1600x121-1x.png,0.457715,Bullish,0.911196,0.543563,Bullish
AAPL,Apple Supplier Skyworks Is Soaring. What It Means for Other Chip Makers.,"Skyworks Solutions, an iPhone component supplier, saw its stock rise significantly after reporting earnings that exceeded expectations. The strong performance of Skyworks suggests potential positive implications for other companies that supply chips to Apple. This article explores the company's recent success and its broader market impact.",https://www.barrons.com/articles/apple-supplier-skyworks-solution-stock-earnings-chips-51611943166?gaa_at=eafs&gaa_n=AWEtsqdKSUMULLXAC1pOcRbCltKbyA-UHR_TAAgu9KOtJ-sKabOigehIYv8T&gaa_ts=699bb944&gaa_sig=wSbSW6S7KbiZVFuhNeB6xgww-HEGfmKjhR_e6aKMpvCx9i0h2YwfTCSLVqwEuBj9_1DILZazr2IBJnYshsGhLA%3D%3D,Barron's,Barron's,20210129T020448,https://images.barrons.com/im-292451?width=639&height=426,0.555239,Bullish,0.710884,0.346494,Somewhat-Bullish
AAPL,JPMorgan U.S. Quality Factor ETF (JQUA) holdings,"This article details the holdings and key characteristics of the JPMorgan U.S. Quality Factor ETF (JQUA). It lists the top 10 holdings, which represent 18.88% of total assets, and provides a breakdown of sector weightings with technology being the largest at 40.98%. The ETF is categorized as a Large Blend fund with $8.16 billion in net assets and aims to invest at least 80% of its assets in U.S. equity securities representing quality factor characteristics.",https://sg.finance.yahoo.com/quote/JQUA/holdings/,Yahoo Finance Singapore,Yahoo Finance Singapore,20210130T121119,,0.37462,Bullish,0.749092,0.406417,Bullish
AAPL,"“Hometown,” shot on iPhone 12 Pro","Apple commissioned over 30 Black photographers to capture their hometowns using iPhone 12 Pro for Black History Month. The project, titled ""Hometown,"" showcases various Black experiences across the US, focusing on themes like diversity, excellence, resilience, joy, pain, and community. Photographers like Julien James, Lawrence Agyei, Gabriella Angotti-Jones, Brian Day, and Lelanie Foster share their unique perspectives and how the iPhone camera helped them tell their stories.",https://www.apple.com/newsroom/2021/02/hometown-shot-on-iphone-12-pro/,Apple,Apple,20210201T002933,https://www.apple.com/newsroom/images/values/diversity-inclusion/lifestyle/Apple_Shot-on-iPhone12pro_020121_Full-Bleed-Image.jpg.large.jpg,0.407373,Bullish,1.000000,0.425553,Bullish
AAPL,"Nestle, Nvidia, and the Changing Global Equity Markets","The article analyzes the shifting dynamics of global equity markets over the past decade, characterized by the dominance of U.S. technology stocks like Nvidia, in contrast to traditional companies like Nestle. It highlights the increased concentration of U.S. market indexes in technology and consumer cyclical sectors, and discusses current valuation opportunities in non-U.S. markets and value sectors like energy.",https://www.morningstar.com/markets/nestle-nvidia-changing-global-equity-markets,Morningstar,Morningstar,20210201T205219,,0.179235,Somewhat-Bullish,0.586965,-0.208121,Somewhat-Bearish
AAPL,"Apple (AAPL), Microsoft (MSFT), Disney (DIS) Are Top Admired Companies","Apple, Microsoft, and Disney have been recognized as the top admired companies in Fortune Magazine's 2021 list, securing the first, third, and fourth spots respectively. This ranking, compiled in partnership with Korn Ferry, surveyed executives, directors, and analysts on various criteria. While direct financial impact is minimal, such accolades are valuable as recruiting tools to attract top talent.",https://www.investopedia.com/apple-aapl-microsoft-msft-disney-dis-are-top-admired-companies-5101344,Investopedia,Investopedia,20210202T002933,,0.236792,Somewhat-Bullish,1.000000,0.271323,Somewhat-Bullish
AAPL,"Bei Zhong, General Manager Asia–Pacific of LORD Corporation","Bei Zhong, General Manager Asia–Pacific of LORD Corporation (now part of Parker Hannifin Corporation), emphasizes a leadership philosophy centered on driving culture, empowering teams, and fostering innovation. She highlights the importance of changing mindsets, understanding employee motivations, and building trust to achieve outstanding results. Zhong also discusses the significant growth potential in the electric vehicle market, where LORD Corporation is a key supplier, and addresses challenges like supply chain resilience and the accelerating pace of technological innovation.",https://www.theceomagazine.com/executive-interviews/manufacturing/bei-zhong/,The CEO Magazine,The CEO Magazine,20210202T074300,,0.30739,Somewhat-Bullish,0.627752,0.312282,Somewhat-Bullish
AAPL,Climb On Board the ESG Megatrend with 'EFIV',"The article highlights ESG investing as a ""megatrend"" and introduces the SPDR S&P 500 ESG ETF (EFIV) as a way for investors to access this market. It notes that President Joe Biden's administration is expected to provide tailwinds for ESG through its focus on clean energy and potential SEC reforms. EFIV invests in S&P 500 firms meeting sustainability criteria, maintaining similar industry group weights to the S&P 500, and has shown a 17% gain over the past year with a 0.10% expense ratio.",https://etfdb.com/esg-content-hub/climb-on-board-esg-megatrend-efiv/,ETF Database,ETF Database,20210202T081017,https://etfdb.com/media/W1siZiIsIjIwMjMvMTIvMTgvMTVmYWMyZXF3Zl9yZXNwb25zaWJsZWFpbnZlc3RpbmdfT1ZFUkxBWV8xNjAweDEyMV8xeC5wbmciXV0/responsibleinvesting_OVERLAY_1600x121-1x.png,0.325748,Somewhat-Bullish,0.707860,0.325983,Somewhat-Bullish
AAPL,Taiwan’s MediaTek launches 5G chip aimed at US,"MediaTek, a rival to Qualcomm and Samsung, has launched a new 5G chip, the M80, designed to capture market share in the United States. This new chip supports millimetre-wave technology, which is crucial for US carriers like Verizon, unlike its previous 5G chips that only supported the ""sub-6"" variant. The company aims to secure more contracts for US models, building on its progress with handset makers like Samsung and LG.",https://www.scmp.com/tech/big-tech/article/3120137/taiwans-qualcomm-and-samsung-rival-mediatek-takes-aim-us-market-new,South China Morning Post,South China Morning Post,20210202T095700,,0.056446,Neutral,0.603840,0.100690,Neutral
AAPL,"Apple, Its Control Over the iPhone, and The Internet","This article examines Apple's extensive control over the iPhone ecosystem and its implications for the internet, competition, and future digital economies. It argues that Apple's policies, while leading to success, inhibit innovation and create anti-competitive barriers for developers and users through its App Store, payment systems, and technology decisions. The author suggests regulatory intervention to force competition in app distribution and payments, allowing users to download apps from any source and developers to use alternative payment solutions.",https://www.matthewball.co/all/applemetaverse,MatthewBall.co,MatthewBall.co,20210202T192603,,-0.099867,Neutral,1.000000,0.095756,Neutral
AAPL,Here’s how the FAANG companies stack up this earnings season,"The article discusses the strong performance of FAANG companies during the earnings season, specifically highlighting their impressive revenue growth and pricing power. This trend continued into the fourth quarter of the previous year and throughout the entire year, even amidst the pandemic. The author notes that these companies consistently deliver significant increases in revenue despite their large size.",https://www.marketwatch.com/story/heres-how-the-faang-companies-stack-up-this-earnings-season-11612375398?gaa_at=eafs&gaa_n=AWEtsqeDZpQdiIpmW3ptUw2pVVdNyq1gvLGrkPk7I_zBde9J7kKG4-Qk7yu_&gaa_ts=6907c094&gaa_sig=uBqH-tLnZipusmHrgyoR7Y3YcNSgu9kTatZ9X5bxbieexbybPmjIAJV4u5Wp2yLgfO88cX8MxXXgJcbdz3bweQ%3D%3D,MarketWatch,MarketWatch,20210203T130300,,0.420749,Bullish,0.743325,0.428094,Bullish
AAPL,Here’s how the FAANG companies stack up this earnings season,"This article examines the performance of FAANG companies during the latest earnings season, highlighting their continued impressive growth in revenue and display of pricing power. Despite their large size and the challenges posed by the pandemic, these companies maintained successful growth strategies in the fourth quarter and throughout the previous year. The piece underscores the dominance of FAANG stocks in earnings reports.",https://www.marketwatch.com/story/heres-how-the-faang-companies-stack-up-this-earnings-season-11612375398?gaa_at=eafs&gaa_n=AWEtsqfSE4n_gVXg2_HhKCBbhlJxR38xCtiHxfhQOQSyyEyjO9zAyAPeHpO8&gaa_ts=6907c090&gaa_sig=-q7BqAOOFvf67IeXV6wHEg8Q01Wt4wyZ1TQbuG22S7NKxrP1ckBCLMYbZt5gY7uRjS-WL5O6JK8KtT6ZPeeAzQ%3D%3D,MarketWatch,MarketWatch,20210203T130300,,0.317473,Somewhat-Bullish,0.912886,0.303862,Somewhat-Bullish
AAPL,"Apple, Hyundai-Kia close to finalizing deal for Apple Car - report","Apple Inc. is reportedly nearing a deal with Hyundai-Kia to produce the autonomous Apple Car, with a potential rollout in 2024. While no agreement has been finalized, the report suggests manufacturing could occur at Kia's assembly plant in Georgia, though Apple may still consider other automakers. Uncertainty remains regarding the final partner and launch timeline.",https://www.jpost.com/international/apple-hyundai-kia-close-to-finalizing-deal-for-apple-car-report-657767,The Jerusalem Post,The Jerusalem Post,20210204T002932,"https://images.jpost.com/image/upload/f_auto,fl_lossy/q_auto/c_fill,g_faces:center,h_720,w_1280/455773",0.200265,Somewhat-Bullish,1.000000,0.228905,Somewhat-Bullish
AAPL,Tiger Brokers To Be The One-Stop Online Trading Solution For Investors; Adds Two New Trading Services,"Tiger Brokers Singapore has launched two new trading services: Daily Leveraged Certificates (DLCs) and selected US-listed over-the-counter (OTC) stocks, aiming to be a one-stop solution for investors. These additions expand their investment offerings beyond six global exchanges and mutual funds, driven by increasing user demand for diverse investment instruments. The platform also announced strategic partnerships and supports multi-currency trading to reduce costs for investors.",https://www.acnnewswire.com/press-release/english/64387/tiger-brokers-to-be-the-one-stop-online-trading-solution-for-investors;-adds-two-new-trading-services,ACN Newswire,ACN Newswire,20210204T011259,https://www.acnnewswire.com/topimg/Low_Tiger202102041.jpg,0.229035,Somewhat-Bullish,0.626042,0.127839,Neutral
AAPL,Democratic Large Cap Core ETF,"This page provides a detailed profile of the Democratic Large Cap Core ETF (DEMZ), including its current price, investment strategy, holdings, performance metrics, and expense ratios. It also offers comparisons to other ETFs in the Large Cap Blend Equities category and details its ESG scores. The fund tracks the Democratic Large Cap Core Index and was incepted on November 02, 2020.",https://etfdb.com/etf/DEMZ/,ETF Database,ETF Database,20210204T091127,,0.140372,Neutral,0.822044,0.165105,Somewhat-Bullish
AAPL,Netflix raises prices for Japanese customers,"Netflix has increased its monthly subscription prices in Japan for its standard and basic plans. This move comes as the streaming giant invests heavily in original content to compete with a growing number of rivals. The price of the premium plan in Japan remains unchanged, while earlier price hikes were also implemented in the United States.",https://www.reuters.com/business/media-telecom/netflix-raises-prices-japanese-customers-2021-02-04/,Reuters,Reuters,20210204T210100,https://www.reuters.com/resizer/v2/YW3H5THL2JOYLNJZBKMSMXULWQ.jpg?auth=6ae0d716a8faf3dcf630df53e2ddd8e77acc4b109eaf504741bbbf65be877964&width=1920&quality=80,0.165013,Somewhat-Bullish,0.620555,0.138003,Neutral
AAPL,Chris Lyons: Where Tech Meets Culture,"Chris Lyons, head of Andreessen Horowitz's Cultural Leadership Fund, discusses how the fund connects Black cultural leaders with tech companies and elevates African-American creators in the tech industry. He explains the rationale behind the fund, its unique all-African-American LP structure, and its mission to foster entrepreneurship and generational wealth within the Black community by increasing access and exposure to technology and venture capital. Lyons also shares his personal journey from audio engineer to Silicon Valley investor, emphasizing the importance of networking and service.",https://www.morganstanley.com/ideas/carla-harris-cultural-leadership-fund-access-and-opportunity-podcast,Morgan Stanley,Morgan Stanley,20210205T005857,,0.311497,Somewhat-Bullish,0.589290,0.227782,Somewhat-Bullish
AAPL,T-Mobile’s new CEO answers the call,"Mike Sievert, T-Mobile's new CEO, has taken the helm after the impactful tenure of John Legere, who transformed the company into a dominant 5G player. Sievert, known for his marketing prowess and long history with the company, aims to capitalize on T-Mobile's 5G network advantage, secured through the Sprint merger, to continue subscriber growth and expand into the cable market. Analysts believe T-Mobile has a strong recipe for continued success under Sievert's leadership.",https://fortune.com/2021/02/05/t-mobile-ceo-mike-sievert-john-legere-replacement/,Fortune,Fortune,20210205T011322,https://content.fortune.com/wp-content/uploads/2021/01/TMO03.Mike-Sievert-1.jpg?format=webp&w=1440&q=100,0.275296,Somewhat-Bullish,0.626640,0.342751,Somewhat-Bullish
AAPL,"As Digital Payments Break $6 Trillion, Snag 'FINX'","The digital payments industry is projected to reach over $6 trillion by the end of 2021, driven by increased adoption during the pandemic and investments from tech giants. This growth presents an opportunity for fintech-focused exchange-traded funds like the Global X FinTech ETF (FINX), which offers exposure to companies at the forefront of financial technology innovation. FINX has significantly outperformed broader financial sector indexes, attributed to strong holdings like Square Inc, Afterpay Ltd, and Adyen NV.",https://etfdb.com/thematic-investing-content-hub/digital-payments-break-6-trillion-snag-finx/,ETF Database,ETF Database,20210205T024022,https://etfdb.com/media/W1siZiIsIjIwMjUvMDkvMDkvN2NvOGUybmw3Yl90aGVtYXRpY2ludmVzdGluZ19PVkVSTEFZXzE2MDB4MTIxXzF4LnBuZyJdXQ/thematicinvesting_OVERLAY_1600x121-1x.png,0.37084,Bullish,0.712350,0.332971,Somewhat-Bullish
AAPL,Robinhood’s Reckoning: Facing Life After GameStop,"Robinhood, a firm that aimed to democratize investing, is grappling with the aftermath of the GameStop trading frenzy. Its CEO, Vlad Tenev, found the app's top ranking in Apple's store to be a ""nightmare"" as the company faced intense scrutiny and regulatory challenges. This period marks a critical turning point for the company as it confronts the complexities of Wall Street regulations.",https://www.wsj.com/finance/investing/robinhoods-reckoning-can-it-survive-the-gamestop-bubble-11612547759?gaa_at=eafs&gaa_n=AWEtsqck1YGyCRzL2niicb3e8dNQPNvt5fzM0VyX1aOBgO8g0zNOmLc4oMPf&gaa_ts=699ba7d4&gaa_sig=-4V-Jv_sc7Dr_xOuXfrGBNwVqmNQXRMPC2JF3DcAAVSWZC20QxtYMKA3RUg1QMJPnqUExIZMPMuNTJrApqsnew%3D%3D,The Wall Street Journal,The Wall Street Journal,20210205T125600,https://images.wsj.net/im-295302/square?width=1280&height=1280,-0.183426,Somewhat-Bearish,0.719081,0.026597,Neutral
AAPL,The Q's Take It: Why This Pair of 'QQQ' ETFs Will Keep Performing,"This article discusses the continued strong performance of the Invesco QQQ Trust (QQQ) and the Invesco NASDAQ 100 ETF (QQQM), particularly in the wake of the Covid-19 pandemic. It highlights how the Nasdaq 100's heavy allocation to technology, consumer services, and healthcare has driven outperformance compared to the S&P 500. The article also differentiates QQQ for traders and QQQM for buy-and-hold investors, emphasizing the growth component of the Nasdaq 100 for long-term strategies.",https://www.etftrends.com/innovatie-etfs-channel/qs-take-it-why-qqq-etfs-keep-performing/,ETF Trends,ETF Trends,20210205T210611,,0.304698,Somewhat-Bullish,0.706630,0.459802,Bullish
AAPL,Bank of Hawaii begins issuing contactless debit cards,"Bank of Hawaii has started a mass reissue of contactless debit cards, becoming the only local bank in Hawaii to do so. This initiative was announced on Monday, February 8, 2021. The move follows similar actions by other financial institutions, including First Hawaiian Bank.",https://www.bizjournals.com/pacific/news/2021/02/08/bank-of-hawaii-contactless-cards.html,The Business Journals,The Business Journals,20210208T003539,https://media.bizj.us/view/img/11952548/bohcontactless*900xx2276-1280-0-120.png,0.122818,Neutral,0.635871,0.207185,Somewhat-Bullish
AAPL,"Hyundai, Kia say Apple car deal now off, see $8.5 billion wiped off market value","Hyundai Motor Co and its affiliate Kia Corp announced that they are no longer in talks with Apple Inc regarding the development of autonomous electric cars. This news led to a combined $8.5 billion drop in their market value, with Hyundai's stock sliding 6.2% and Kia's tumbling 15%. The decision follows internal divisions within Hyundai Motor Group, as some executives were concerned about becoming a mere contract manufacturer for Apple.",https://www.reuters.com/article/technology/hyundai-kia-say-apple-car-deal-now-off-see-85-billion-wiped-off-market-value-idUSKBN2A800D/,Reuters,Reuters,20210208T072700,https://www.reuters.com/resizer/v2/https%3A%2F%2Farchive-images.prod.global.a201836.reutersmedia.net%2F2021%2F02%2F08%2FLYNXMPEH17008-OCATC.JPG?auth=cd6a51b4fc46ef116ca45457b5d9a0fcd03e6910f3db115ce41a4559f698d358&width=1920&quality=80,-0.402752,Bearish,1.000000,-0.426230,Bearish
AAPL,A Look At 6 ETFs That Cover The Electric Vehicles Trend,"This article discusses the accelerating growth of the global electric vehicle (EV) market, highlighting record sales in late 2020 and forecasts for exponential growth from 2022 onwards. It recommends six electric vehicle-related ETFs, four of which cover EVs plus autonomous vehicles (AVs) and two that focus on EVs plus the EV supply chain, including battery makers and miners. The author emphasizes that the real EV boom has just begun and provides sales figures and market share percentages to support this trend.",https://seekingalpha.com/article/4404361-look-6-etfs-cover-electric-vehicles-trend,Seeking Alpha,Seeking Alpha,20210208T140800,,0.374956,Bullish,0.610552,0.309009,Somewhat-Bullish
AAPL,The Infosys Technologies IPO was undersubscribed - 10 facts of the financial world you will have a hard time believing,"This article lists 10 surprising facts about the financial world, covering topics like historical income tax rates, the undersubscribed Infosys IPO, the past duration of trade settlements, and Warren Buffett's wealth accumulation. It also highlights Apple's market capitalization, changes in tax deductions for investments, the past rivalry between Anil and Mukesh Ambani, and records in public equity fundraising and mutual fund launches.",https://m.economictimes.com/wealth/invest/10-facts-of-the-financial-world-you-will-have-a-hard-time-believing/the-infosys-technologies-ipo-was-undersubscribed/slideshow/80786685.cms,The Economic Times,The Economic Times,20210210T162502,"https://img.etimg.com/thumb/msid-80786685,width-640,height-480,resizemode-75,imgsize-68656/the-infosys-technologies-ipo-was-undersubscribed.jpg",0.337816,Somewhat-Bullish,0.705805,0.328344,Somewhat-Bullish
AAPL,Twitter Shares and Social Media ETFs Balloon on Strong User Growth,"Twitter (NasdaqGS: TWTR) shares and social media ETFs, particularly the Global X Social Media ETF (SOCL), surged after Twitter reported strong user growth during the holiday quarter and into January, with revenue exceeding $1 billion. Despite this success, the company warned of potential user growth slowdowns due to post-pandemic normalization and possible impacts from Apple's privacy changes. Twitter also addressed the suspension of former President Donald Trump, noting it was well-received by advertisers.",https://www.etftrends.com/innovative-etfs-channel/twitter-shares-etfs-balloon-on-user-growth/,ETF Trends,ETF Trends,20210211T180819,https://www.etftrends.com/wp-content/uploads/2021/02/SOCL_^MSWNTR_chart-3.png,0.183107,Somewhat-Bullish,0.700814,-0.240287,Somewhat-Bearish
AAPL,"Ball Corp. sets retail launch of Rome, Ga.-made recyclable aluminum cups for early 2021","Ball Corp. is set to launch its recyclable aluminum cups, manufactured in Rome, Ga., for retail in the first half of 2021. These cups, which are infinitely recyclable, have already been utilized at major sporting events like Super Bowl LIV and LV. This move expands their availability beyond limited pilot programs.",https://www.bizjournals.com/atlanta/news/2021/02/11/ball-corp-rome-ga-made-aluminum-cups-launch.html,The Business Journals,The Business Journals,20210211T194708,,0.231834,Somewhat-Bullish,0.602940,0.147066,Neutral
AAPL,Twitter Shares and Social Media ETFs Balloon on Strong User Growth,"Twitter shares surged 12.2% after the company reported strong user growth and its second-ever $1 billion quarter, leading to a 3.2% rise in the Global X Social Media ETF (SOCL). Despite a positive financial outlook, Twitter cautioned about potential user growth slowdowns post-pandemic and the impact of Apple's privacy changes on advertising. The company also addressed the suspension of former President Donald Trump, noting it did not negatively affect advertiser sentiment.",https://www.etftrends.com/innovative-etfs-content-hub/twitter-shares-etfs-balloon-on-user-growth/,ETF Trends,ETF Trends,20210211T212842,https://www.etftrends.com/wp-content/uploads/2025/10/Innovative_ETFs_Invesco_masthead_overlay_1600x121@2x-1.png,0.135949,Neutral,0.724714,-0.214054,Somewhat-Bearish
AAPL,"SuperMicro server spy chip story returns, with no more proof than before","Bloomberg has revisited its 2018 report alleging Chinese spy chips in Super Micro server hardware used by Apple, Amazon, and the US government, but the new story offers no additional corroborating evidence. Apple, Amazon, SuperMicro, and several US federal agencies previously denied the original claims, with Apple CEO Tim Cook criticizing Bloomberg's reporting. Despite the continued denials and lack of proof, Bloomberg stands by its controversial story.",https://appleinsider.com/articles/21/02/12/supermicro-server-spy-chip-story-returns-with-no-more-proof-than-before,AppleInsider,AppleInsider,20210212T082300,https://photos5.appleinsider.com/gallery/28203-43420-apple-data-center-us-xl.jpg,-0.369814,Bearish,0.855789,-0.445386,Bearish
AAPL,"Years later, Bloomberg doubles down on disputed Supermicro supply chain hack story","Bloomberg has published a new article, years after its initial disputed report, to double down on its claims that the Chinese state infiltrated Supermicro to plant secret chips on its motherboards. While Supermicro and other companies involved continue to deny these allegations, the new report offers additional context and quotes, alleging wider historical tampering and government investigations. Despite the ongoing denials and lack of official government confirmation, Bloomberg stands by its investigative journalism.",https://www.datacenterdynamics.com/en/news/years-later-bloomberg-doubles-down-disputed-supermicro-supply-chain-hack-story/,Data Center Dynamics,Data Center Dynamics,20210212T211641,,-0.251785,Somewhat-Bearish,0.717309,-0.303804,Somewhat-Bearish
AAPL,"With new CEO Pat Gelsinger, Intel looks to its past in hopes of securing the future","Pat Gelsinger, a veteran engineer, returns as Intel's CEO to revitalize its manufacturing and engineering, a move seen as a risky but essential gamble to restore the company's pole position in semiconductor production. Despite investor skepticism and past manufacturing failures that allowed rivals to leap ahead, Gelsinger is committed to internal production rather than outsourcing, aiming to bring Intel back to its former glory by drawing on its historical strengths and leadership principles, especially those of former CEO Andy Grove. This strategy is an attempt to address Intel's existential crisis stemming from production delays and increased competition from companies like Apple and AMD.",https://www.oregonlive.com/silicon-forest/2021/02/with-new-ceo-pat-gelsinger-intel-looks-to-its-past-in-hopes-of-securing-the-future.html,OregonLive.com,OregonLive.com,20210214T072800,https://www.oregonlive.com/resizer/v2/UM4AZ5RRHRA3PLK7SX7U2CHN4Y.jpg?auth=1a58b86d8f2e87e52de53a27ef34e454b1b07528229ecaa3f2c5bc2bb71963a6&width=1280&smart=true&quality=90,-0.155104,Somewhat-Bearish,0.559451,-0.224523,Somewhat-Bearish
AAPL,How Does Apple’s M1 Chip Compare to Current Intel and AMD Chips?,"This article compares Apple's M1 chip to current Intel and AMD chips, highlighting the M1's Arm-based architecture, 5nm manufacturing process, unified RAM, and superior performance per watt. It discusses benchmark tests showing the M1's strong performance in 3D rendering and some single-threaded tasks, while also noting Intel's counter-claims and the M1's current limitations in gaming. The article concludes by suggesting that while the M1 is a potent threat to x86 dominance, early adopters might face challenges as software developers adapt.",https://interestingengineering.com/innovation/how-does-apples-m1-chip-compare-to-current-intel-and-amd-chips,Interesting Engineering,Interesting Engineering,20210214T114800,https://interestingengineering.com/_next/image?url=https%3A%2F%2Fimages.interestingengineering.com%2Fimg%2Fiea%2Fjg6PQYbrwx%2Farm-vs-x86.jpg&w=3840&q=75,0.077704,Neutral,0.904269,0.323071,Somewhat-Bullish
AAPL,Spotify set for uphill battle in South Korea,"Spotify recently launched its service in South Korea, a market already dominated by local music streaming services like Melon, Genie Music, and Flo. Despite its global presence, Spotify faces challenges including a lack of content from major Korean artists due to an unconfirmed deal with Kakao M, and increasing competition from both established local players bolstering their services and new contenders like Clubhouse. The company hopes to succeed by offering tailored playlists, a vast catalog, and launching podcast services, but its success is not guaranteed in this competitive landscape.",https://www.koreatimes.co.kr/business/tech-science/20210214/spotify-set-for-uphill-battle-in-south-korea,The Korea Times,The Korea Times,20210214T131600,https://img.koreatimes.co.kr/upload/newsV2/images/202102/af5ed78e48814db6a79c3c82c8115788.jpg,0.106811,Neutral,0.779618,-0.228707,Somewhat-Bearish
AAPL,Clubhouse says reviewing data protection practices after report points to flaws,"Clubhouse is reviewing its data protection practices following a report by the Stanford Internet Observatory that identified security flaws potentially exposing user data to the Chinese government. The audio app plans to implement stronger encryption and blocks to prevent data transmission to Chinese servers within 72 hours, spurred by the discovery that conversations by users in China could be transmitted via Chinese servers despite the app not being officially available there.",https://www.fijitimes.com.fj/clubhouse-says-reviewing-data-protection-practices-after-report-points-to-flaws/,The Fiji Times,The Fiji Times,20210214T193601,,-0.117278,Neutral,0.648201,0.113536,Neutral
AAPL,Sonos One vs Apple HomePod: Which smart speaker should you buy?,"This article compares the Sonos One and Apple HomePod smart speakers to help consumers decide which one to purchase. It evaluates them based on price, multi-room system compatibility, music service support, control methods, and loudness. The Sonos One typically comes out ahead for versatility and value, while the HomePod is preferred for Apple users with larger rooms and deeper pockets.",https://www.whathifi.com/advice/sonos-one-vs-apple-homepod-which-smart-speaker-should-you-buy,What Hi-Fi?,What Hi-Fi?,20210215T011031,https://cdn.mos.cms.futurecdn.net/VLzjvUZjMNsehkahAMopcT.jpg,0.234689,Somewhat-Bullish,0.910950,0.022849,Neutral
AAPL,BKLC Share Price & Live Chart | BNY Mellon US Large Cap Core Equity ETF,"The BNY Mellon US Large Cap Core Equity ETF (BKLC) offers investors exposure to US large-cap equities, tracking the S&P 500 TR USD index. The article provides live share price data, historical performance, technical analysis, and key metrics such as its current price of 140.58, a 1.2% dividend yield, and a 0.00% expense ratio. It also lists top holdings including NVIDIA, Apple, and Microsoft.",https://uk.investing.com/etfs/bklc-nyse,Investing.com UK,Investing.com UK,20210215T213902,,0.285909,Somewhat-Bullish,0.747571,0.277398,Somewhat-Bullish
AAPL,Apple wins victory as North Dakota votes down bill that would regulate app stores,"The North Dakota state senate has voted down a bill that would have required app stores like Apple's and Google's to allow developers to use their own payment processing software, thereby avoiding the up to 30% fees charged. This decision is a win for Apple, which argued that its tight control over the App Store is essential for user safety and product integrity. The proposed legislation, despite being defeated, highlights ongoing debates at state and federal levels regarding the commercial power of tech giants and their app store policies, fueled by efforts from groups like the Coalition for App Fairness.",https://www.cnbc.com/2021/02/16/apple-wins-victory-as-north-dakota-votes-down-bill-that-would-regulate-app-stores.html,CNBC,CNBC,20210216T002932,https://image.cnbcfm.com/api/v1/image/106840985-16134991921613499188-14179571695-1080pnbcnews.jpg?v=1613499191&w=750&h=422&vtcrop=y,0.202799,Somewhat-Bullish,0.957722,0.324538,Somewhat-Bullish
AAPL,Business Acronyms You Should Know: The Master Guide,"This master guide clarifies essential business acronyms, acting as a ""Rosetta Stone"" for common terms in finance, U.S. agencies, international organizations, and general business. It aims to make business news more accessible by explaining terms like IPO, M&A, S&P, CDC, EU, OPEC, GDP, ESG, and FAMGA. The article categorizes these acronyms for easy reference, helping readers navigate complex business discussions.",https://www.morningbrew.com/stories/2021/02/16/business-acronyms-know-f0b5,Morning Brew,Morning Brew,20210216T005131,https://www.morningbrew.com/_next/image?url=https%3A%2F%2Fcdn.sanity.io%2Fimages%2Fbl383u0v%2Fproduction%2Fd11a600c3d09e08d7f8450d7306cf6b5f0e5da6b-1500x1000.jpg%3Fq%3D70%26auto%3Dformat&w=3840&q=70,0.130365,Neutral,0.612812,0.106989,Neutral
AAPL,2021 Polaris Slingshot R First Drive Review: Shot in the Dark,"The 2021 Polaris Slingshot R receives key upgrades, primarily software-related, making it the best version yet. Improvements include recalibrated ""Autodrive"" transmission for smoother shifting, paddle shifters for manual control, a new hill-hold feature, and optional Apple CarPlay and heated/cooled seats. While the overall look and drive remain similar to the 2020 model, these enhancements aim to broaden its appeal, especially with a high percentage of new buyers opting for the automatic transmission.",https://www.motortrend.com/reviews/2021-polaris-slingshot-r-first-drive-review,MotorTrend,MotorTrend,20210216T010411,https://hips.hearstapps.com/mtg-prod/65a3a18fdbb9c00008a6a1b8/2021-polaris-slingshot-r-9.jpg?w=768&width=768&q=75&format=webp,0.267429,Somewhat-Bullish,0.727369,0.106758,Neutral
AAPL,Morgan Stanley creates bot that does junior analysts' work — faster,"Morgan Stanley has developed an AI-powered virtual assistant called AskResearch that processes its 50,000 annual research reports to help employees find specific information faster. The bot uses natural language processing and machine learning to answer questions, acting as a ""junior analyst"" to free up human analysts for more complex tasks. While initially for internal use, Morgan Stanley plans to roll out AskResearch to clients, making information more accessible and strengthening client relationships.",https://www.americanbanker.com/news/morgan-stanley-creates-bot-that-does-junior-analysts-work-faster,American Banker,American Banker,20210216T145000,https://arizent.brightspotcdn.com/dims4/default/0cd0ec9/2147483647/strip/true/crop/5760x3240+0+0/resize/740x416!/quality/90/?url=https%3A%2F%2Fsource-media-brightspot.s3.us-east-1.amazonaws.com%2F37%2Ff3%2F122ffd06438da51912bddcc36ca8%2Fadobestock-200146313.jpeg,0.32639,Somewhat-Bullish,0.705676,0.132276,Neutral
AAPL,Corning and Schott battle over flexible glass handset displays,"Schott has successfully overturned two patents for flexible glass owned by Corning at the European Patent Office, intensifying their dispute over ultra-flexible glass for mobile devices. The outcome of this ongoing legal battle could significantly impact the production of flexible displays in the mobile industry. Corning continues to defend a third patent while Schott, a key supplier for Samsung Display's foldable phones, appears to be gaining ground.",https://www.juve-patent.com/cases/corning-and-schott-battle-over-flexible-glass-handset-displays/,JUVE Patent,JUVE Patent,20210216T202203,,0.007434,Neutral,0.606151,0.127162,Neutral
AAPL,Buffett’s Berkshire reveals major stakes in Verizon and Chevron,"Warren Buffett’s Berkshire Hathaway Inc. announced significant new investments, including an US$8.6-billion stake in Verizon Communications Inc. and a US$4.1-billion stake in Chevron Corp., as disclosed in a regulatory filing. To fund these and other new investments, Berkshire pared back holdings in companies like Apple Inc., while also reducing stakes in several banking rivals and increasing investments in pharmaceutical companies. These moves signal where Buffett and his portfolio managers see value and demonstrate efforts to deploy Berkshire's substantial cash hoard.",https://www.theglobeandmail.com/business/international-business/article-buffetts-berkshire-reveals-major-stakes-in-verizon-and-chevron/,The Globe and Mail,The Globe and Mail,20210216T204701,https://www.theglobeandmail.com/resizer/v2/44A7J36I3JGWZK6YQJ7D72KAXE.JPG?auth=d9178ad8593a2e79603348a204aa79684992dc7a3c36c61a5b6f04c6e917d526&width=1200&height=800&quality=85,0.197432,Somewhat-Bullish,0.745598,0.066832,Neutral
AAPL,Epic Games Files EU Antitrust Complaint Against Apple,"Epic Games has filed an antitrust complaint against Apple in the European Union, accusing the tech giant of anti-competitive practices regarding app distribution and payment processes. The company alleges that Apple's control over the iOS ecosystem harms competition, leading to inflated prices for consumers and stifling developers. Epic Games is seeking fair access and increased competition, not damages, and this complaint aligns with ongoing legal battles in the US, Australia, and the UK.",https://www.epicgames.com/site/en-US/news/epic-games-files-eu-antitrust-complaint-against-apple,Epic Games Store,Epic Games Store,20210217T002932,https://cdn2.unrealengine.com/eg-banner-1920x600-693700337-1920x600-e46abf449df2.jpg?resize=1&w=1920,-0.454757,Bearish,0.988566,-0.473526,Bearish
AAPL,Amazon documents reveal company’s secret strategy to dodge India’s regulators,"Internal Amazon documents reveal the company's strategy to navigate and ""test the boundaries"" of India's foreign direct investment regulations, which aim to protect small retailers. The documents show Amazon favored a small group of sellers, some with indirect equity ties to Amazon, accounting for a disproportionately large share of sales, and helped them secure exclusive deals and subsidized fees. This practice allowed Amazon to circumvent rules prohibiting direct sales and inventory ownership by e-commerce platforms, contradicting its public statements about fair competition and compliance with Indian law.",https://www.reuters.com/investigates/special-report/amazon-india-operation/,Reuters,Reuters,20210217T003136,https://www.reuters.com/investigates/static/4-3-1/en/images/reuters-investigates.png?v=081908190221,-0.273379,Somewhat-Bearish,0.620961,-0.126365,Neutral
AAPL,News Corp signs news partnership deal with Google,"News Corp has finalized a global news partnership with Google, encompassing a subscription platform, advertising revenue sharing, and the development of audio and video journalism. This extensive deal concludes years of tension between Rupert Murdoch's media empire and the tech giant, especially in Australia, where Google had threatened to cease operations due to proposed content laws. The agreement follows similar deals News Corp struck with Apple and Facebook, marking a significant win for media companies seeking compensation for their premium content from large digital platforms.",https://www.reuters.com/technology/news-corp-signs-news-partnership-deal-with-google-2021-02-17/,Reuters,Reuters,20210217T010144,https://www.reuters.com/resizer/v2/2W6YRUTLZRKSNGTDRZYJ3HYKFM.jpg?auth=0a16ade0267e405a613db48837f6c26277196f3e9f6af17d511569be6f2c01b2&width=1080&quality=80,0.268037,Somewhat-Bullish,0.613799,0.139057,Neutral
AAPL,Design of first Sonos headphones detailed in new patent drawings,"New patent drawings reveal details of Sonos' first headphones, expected to launch later in 2021. These headphones are anticipated to compete with premium models from Bose, Sony, Apple, and others, potentially offering features like Wi-Fi connectivity and seamless hand-off with Sonos speakers, with an estimated price of $400-$450. The latest design shows a simpler headband attachment and the Sonos name on the ear cups.",https://www.gearbrain.com/patent-reveals-first-sonos-headphones-2650593717.html,Gearbrain,Gearbrain,20210217T211702,,0.2234,Somewhat-Bullish,0.719042,0.149878,Neutral
AAPL,How ST is driving Tesla and Apple e-mobility and 5G ambitions,"STMicroelectronics' success is heavily reliant on its key customers, Tesla and Apple. For Tesla, STMicroelectronics is a leading supplier of Silicon Carbide (SiC) power devices for e-mobility, particularly traction inverters, despite capacity constraints which ST is addressing through acquisitions and R&D. For Apple, STMicroelectronics makes significant contributions to 3D imaging and sensing, including NIR image sensors and Time of Flight detectors for iPhones, though Sony's increasing presence in Apple devices poses a potential challenge for STMicroelectronics' future in the CMOS image sensor market.",https://www.embedded.com/how-st-is-driving-tesla-and-apple-e-mobility-and-5g-ambitions/,www.embedded.com,www.embedded.com,20210218T011129,https://www.embedded.com/embedded/wp-content/uploads/sites/2/2021/02/Yole-different-approaches-to-increasing-car-driving-range.jpg,0.541564,Bullish,0.900176,0.516387,Bullish
AAPL,Apple Hiring Engineers to Develop 6G Wireless,"Apple is actively recruiting wireless system research engineers to develop 6G cellular technology, aiming to reduce its reliance on other companies for next-generation connectivity. The job postings are for positions in Apple's Silicon Valley and San Diego offices, indicating a strategic move to position itself as a leader in future wireless innovations, shortly after launching its first 5G-enabled iPhones.",https://www.bloomberg.com/news/articles/2021-02-18/apple-hiring-engineers-to-develop-6g-wireless,Bloomberg.com,Bloomberg.com,20210218T110000,https://assets.bwbx.io/images/users/iqjWHBFdfxIU/igmGkSlVnyBU/v0/-1x-1.webp,0.318716,Somewhat-Bullish,1.000000,0.348644,Somewhat-Bullish
AAPL,Apple Is Working on Magnetic Battery Pack Attachment for iPhones,"Apple is reportedly developing a magnetically attached battery pack for the iPhone 12, which would wirelessly charge the device and serve as a new accessory. The company has been working on this product for at least a year. Despite facing development issues, particularly with software, the accessory is expected to be a lucrative add-on.",https://www.bloomberg.com/news/articles/2021-02-19/apple-is-working-on-magnetic-battery-pack-attachment-for-iphones,Bloomberg.com,Bloomberg.com,20210219T110000,https://assets.bwbx.io/images/users/iqjWHBFdfxIU/iQc1wKDfv3Sw/v1/-1x-1.webp,0.281527,Somewhat-Bullish,0.970442,0.262086,Somewhat-Bullish
AAPL,Futu Holdings To Officially Launch Its Mobile Brokerage App – moomoo. Here’s What Singapore Investors Can Expect,"Futu Holdings is launching its mobile brokerage app, moomoo, in Singapore, offering low-cost access to U.S., Hong Kong, and Singapore stock markets. The app provides a fully digital investment experience with competitive commission fees, free Level 2 market data for US stocks, and tools for charting and analysis. New customers can receive a S$180 welcome bundle by signing up and depositing funds before March 8, 2021.",https://dollarsandsense.sg/futu-holdings-officially-launch-mobile-brokerage-app-moomoo-heres-singapore-investors-can-expect/,DollarsAndSense.sg,DollarsAndSense.sg,20210219T201717,,0.607743,Bullish,0.730903,0.341636,Somewhat-Bullish
AAPL,iShares S&P 500 Growth ETF Trade Ideas — AMEX:IVW,"This article compiles trade ideas and market sentiment analysis related to the iShares S&P 500 Growth ETF (AMEX: IVW). Several contributors discuss the ongoing debate and rotation between growth and value stocks, analyzing factors like interest rates, economic conditions, and fundamental valuations. The articles explore various market sentiment indicators over short, medium, and long terms, providing perspectives on potential market shifts and risk appetite.",https://www.tradingview.com/symbols/AMEX-IVW/ideas/,TradingView,TradingView,20210220T061045,https://s3-symbol-logo.tradingview.com/ishares--big.svg,0.077164,Neutral,0.732668,0.110358,Neutral
AAPL,Apple’s Advanced Manufacturing Fund helps COPAN Diagnostics ship millions of COVID-19 test kits,"Apple's Advanced Manufacturing Fund helped COPAN Diagnostics ship over 15 million COVID-19 test kits by investing $10 million and collaborating with COPAN and other US companies. This partnership led to a nearly 4,000 percent increase in test-kit production, created jobs, and established a state-of-the-art medical supply chain, playing a critical role in supporting healthcare professionals during the pandemic.",https://www.apple.com/newsroom/2021/02/apples-advanced-manufacturing-fund-helps-copan-diagnostics-ship-millions-of-covid-19-test-kits/,Apple,Apple,20210222T002932,https://www.apple.com/newsroom/images/partnerships/apple_advanced-manufacturing-fund-copan-covid-19_hero_02222021_big.jpg.large.jpg,0.478836,Bullish,1.000000,0.459068,Bullish
AAPL,The Bill and Melinda Gates Foundation Sells Its Alibaba Shares,"The Bill and Melinda Gates Foundation sold its entire stake in Chinese e-commerce giant Alibaba, earning $21.13 million from the sale. Simultaneously, the foundation also divested its shares in Uber and reduced its holdings in Apple and Amazon, while significantly increasing its investment in the software company Schrodinger. These changes reflect a notable shift in the foundation's investment portfolio.",https://www.stamfordadvocate.com/business/article/The-Bill-and-Melinda-Gates-Foundation-Sells-Its-15969382.php,Stamford Advocate,Stamford Advocate,20210222T010901,https://cdn-channels-pixel.ex.co/events/0012000001fxZm9AAE?integrationType=DEFAULT&template=design%2Farticle%2Fplatypus_two_column.tpl,0.306151,Somewhat-Bullish,0.631744,0.258702,Somewhat-Bullish
AAPL,Traeger grills and smokers can now be controlled directly from Apple Watch,"Traeger has released an update to its app, allowing users to control their grills and smokers directly from their Apple Watch. This new functionality utilizes Traeger's WiFIRE technology and enables users to monitor temperatures, set timers, and manage various grill modes remotely through their Apple Watch. The update, version 2.1.0, is now available on the App Store.",https://appleinsider.com/articles/21/02/22/traeger-grills-and-smokers-can-now-be-controlled-directly-from-apple-watch,AppleInsider,AppleInsider,20210222T101600,https://photos5.appleinsider.com/gallery/40440-77897-7BBC505B-FB8A-484B-972D-D2611CEFA011-xl.jpg,0.255698,Somewhat-Bullish,0.837586,0.248016,Somewhat-Bullish
AAPL,"Warren Buffett’s Berkshire Hathaway bought these 3 stocks while sold Apple, bank shares","Warren Buffett's Berkshire Hathaway added three new stocks to its portfolio in late 2020: Chevron Corp., Verizon Communications, and Marsh & McLennan Companies. Concurrently, Buffett significantly trimmed his stake in Apple and completely exited positions in JPMorgan Chase, PNC Financial Services, M&T Bank, and reduced holdings in Wells Fargo. These moves reflect a shift in investment strategy, adding to energy and telecom while reducing exposure to tech and traditional banking.",https://www.financialexpress.com/business/investing-abroad-warren-buffetts-berkshire-hathaway-bought-these-3-stocks-while-sold-apple-bank-shares-2199430/,The Financial Express,The Financial Express,20210222T105100,https://images.financialexpressdigital.com/2021/02/warrenbuffett1200.jpg?w=1600,0.037065,Neutral,0.941504,-0.346475,Somewhat-Bearish
AAPL,Apple buys a company every three to four weeks,"Apple CEO Tim Cook revealed that the company has acquired approximately 100 companies over the past six years, averaging one acquisition every three to four weeks. These acquisitions are primarily focused on gaining technology and talent, helping Apple to integrate innovations into its products and expand into areas like AI, self-driving technology, and payments. Despite its rapid acquisition pace, Apple tends to buy smaller firms and has been more financially restrained in its purchases compared to other big tech companies.",https://www.bbc.com/news/business-56178792,BBC,BBC,20210223T002932,https://ichef.bbci.co.uk/news/480/cpsprodpb/14737/production/_117176738_whatsubject.jpg.webp,-0.04745,Neutral,1.000000,0.332585,Somewhat-Bullish
AAPL,Qualcomm launches AR smart viewer reference design specifications,"Qualcomm has released its Snapdragon XR1 AR Smart Viewer reference design, aiming to guide hardware manufacturers in creating powerful and affordable AR smart glasses for consumer and enterprise use. This design utilizes the Snapdragon XR1 platform, offloading significant processing to a tethered host device to enhance performance and reduce power consumption. The reference design supports 2D app frameworks for smartphone applications in 3D environments, is compatible with Windows 10, and includes features like 6-DoF head tracking, hand tracking, and remote assistance capabilities, with contributions from partners like Microsoft, Lenovo, and Nreal.",https://www.tweaktown.com/news/77991/qualcomm-launches-ar-smart-viewer-reference-design-specifications/index.html,TweakTown,TweakTown,20210223T010622,https://static.tweaktown.com/news/7/7/77991_01_qualcomm-launches-ar-smart-viewer-reference-design-specifications.png,0.283039,Somewhat-Bullish,0.719281,0.225206,Somewhat-Bullish
AAPL,Review: SanDisk Ultra Dual Drive Luxe USB-C Flash Drive is a stylish way to offload iPad Pro files,"The SanDisk Ultra Dual Drive Luxe USB-C Flash Drive offers both USB-C and USB-A connections in a stylish, all-metal design, making it suitable for transferring files between modern and older devices, including the iPad Pro. While it boasts decent read speeds up to 150MB/s, its write speeds are considerably slower, around 60MB/s. Despite this, its compact size and dual connectivity make it a good option for occasional file transfers and offloading data from devices like the iPad Pro, earning it a 3.5 out of 5 rating.",https://appleinsider.com/articles/21/02/23/review-sandisk-ultra-dual-drive-luxe-usb-c-flash-drive-is-a-stylish-way-to-offload-ipad-pro-files,AppleInsider,AppleInsider,20210223T154600,https://photos5.appleinsider.com/gallery/40436-77938-sandisk-header-xl.jpg,0.015262,Neutral,0.719158,0.026057,Neutral
AAPL,American Express rolls out new Digital Receipts feature,"American Express has launched its new Digital Receipts feature, allowing customers to easily track and identify online purchases from merchants such as Google, Microsoft, Square, and Apple. This initiative aims to enhance transparency, reduce confusion over transactions, and provide greater account protection against fraudulent charges, especially given the surge in e-commerce. The service provides detailed purchase information directly through the Amex App or website.",https://www.techrepublic.com/article/american-express-rolls-out-new-digital-receipts-feature/,TechRepublic,TechRepublic,20210223T194653,,0.190022,Somewhat-Bullish,0.648062,0.121576,Neutral
AAPL,Apple Watch Can Now Control Your Traeger Grill With Sizzling New App,"Traeger grill owners with WiFIRE-enabled models can now control their grills directly from their Apple Watch. This new app functionality allows users to adjust temperatures, start smoke cycles, monitor probe temperatures, set timers, and enable ""Keep Warm"" mode, making the grilling experience even more convenient. The WiFIRE technology, first introduced in 2017, is available across several Traeger models.",https://www.maxim.com/gear/traeger-wifire-gets-apple-watch-support/,Maxim,Maxim,20210224T003859,"https://www.maxim.com/cdn-cgi/image/width=850,height=444,fit=crop,quality=90,gravity=auto,sharpen=1,metadata=none,format=auto,onerror=redirect/wp-content/uploads/2021/05/traeger-apple-watch-app-promo-1.jpg",0.196296,Somewhat-Bullish,0.911935,0.341443,Somewhat-Bullish
AAPL,Target to open mini Apple stores in select locations,"Target announced plans to open ""mini Apple stores"" within 17 of its locations initially, with more to follow by the end of the fall. These dedicated spaces will offer an expanded assortment of Apple products and accessories, and feature ""Target Tech Consultants"" trained by Apple. This collaboration aims to enhance the customer experience and builds on Target's positive sales performance, including a 102% increase in digital sales during the holiday season.",https://www.foxbusiness.com/retail/target-to-open-apple-mini-stores,Fox Business,Fox Business,20210225T103200,https://a57.foxnews.com/static.foxbusiness.com/foxbusiness.com/content/uploads/2021/02/931/523/Apple-Experience-at-Target_rendering.jpg?ve=1&tl=1,0.353801,Bullish,0.944666,0.337262,Somewhat-Bullish
AAPL,"Hacker drains Baden woman's bank account after intercepting call, taking over iPhone","A Baden woman, Donna Francis, was scammed out of nearly $1,500 after a hacker allegedly intercepted her call to Apple Support, convinced her to install remote access software, and drained her bank account. This incident follows a similar phone call interception scam in Allegheny County involving COVID-19 vaccine appointments. The FBI advises extreme caution and verification when a support person requests remote access to a device.",https://www.wtae.com/article/hacker-drains-baden-womans-bank-account-after-intercepting-call-taking-over-iphone/35637662,WTAE,WTAE,20210225T194800,,-0.249968,Somewhat-Bearish,0.710933,-0.231233,Somewhat-Bearish
AAPL,"Target to open 'mini Apple shops' in select stores, offer more products online. Will your location get an upgrade?","Target is introducing ""mini Apple shops"" within 17 select stores across the country, expanding Apple's physical footprint and offering an enhanced shopping experience. These dedicated spaces will showcase iPhones, iPads, Apple Watches, AirPods, and accessories, with Target tech employees receiving specialized training from Apple. The initiative aims to capitalize on the popularity of Apple products among Target shoppers and builds on Target's strategy of partnering with national brands to elevate its in-store experience.",https://www.usatoday.com/story/money/shopping/2021/02/25/apple-target-stores-iphone-ipad-shopping-experience-upgrade/6806584002/,USA Today,USA Today,20210225T212219,,0.37669,Bullish,0.921643,0.327778,Somewhat-Bullish
AAPL,"Apple is Berkshire Hathaway's biggest equity investment, so why did Warren Buffett sell shares?","Warren Buffett's Berkshire Hathaway sold 9.81 million shares of Apple stock in Q4 2020 for nearly $1.1 billion, matching the initial purchase quantity from 2016. Despite the sale, Apple remains Berkshire Hathaway's largest equity investment, valued at around $120 billion. The sale provided funds to invest in new stakes in companies like Verizon, Marsh & McLennan, and Chevron, diversifying Berkshire Hathaway's portfolio while reducing concentration in Apple.",https://www.usatoday.com/story/money/investing/2021/02/27/warren-buffett-sell-apple-shares/115479822/,USA Today,USA Today,20210227T002932,,0.190055,Somewhat-Bullish,1.000000,0.132234,Neutral
AAPL,"Deals: Apple AirPods Pro $189, $100 off SanDisk Portable SSD","Amazon-owned Woot has reissued a flash deal on Apple AirPods Pro, bringing their price down to $189 (a $60 discount) for one day only. Separately, a 1TB SanDisk Extreme Portable SSD is also on sale for $149.99, saving buyers $100 off the MSRP. Various other Apple products, such as Magic Keyboards, MacBook Pros, and iMacs, are also available at discounted prices through AppleInsider and authorized resellers.",https://appleinsider.com/articles/21/03/01/new-for-march-airpods-pro-dip-to-189-today-only-100-off-sandisk-portable-ssd,AppleInsider,AppleInsider,20210301T001957,https://photos5.appleinsider.com/gallery/40567-78170-airpods-pro-189-flash-deal-xl.jpg,0.174194,Somewhat-Bullish,0.938973,0.305386,Somewhat-Bullish
AAPL,Goldman consumer head is leaving to run Walmart fintech,"Omer Ismail, who was instrumental in building Goldman Sachs' consumer-banking business, is departing to lead Walmart's new financial-technology startup. Ismail's move comes as Walmart seeks to expand its financial services offerings, with David Stark also joining from Goldman's team. This leadership change highlights both Goldman's ongoing adjustments in its consumer division and Walmart's strategic push into fintech.",https://www.foxbusiness.com/business-leaders/goldman-consumer-head-is-leaving-to-run-walmart-fintech,Fox Business,Fox Business,20210301T002736,https://cf-images.us-east-1.prod.boltdns.net/v1/static/694940094001/16f0e979-fb9c-4bff-9499-3617d8b55f13/ddc7e636-d520-41ed-af94-fd31622b554b/1280x720/match/image.jpg,0.095541,Neutral,0.722054,0.135638,Neutral
AAPL,"MicroLED, mini LED, OLED - understanding Apple's future iPhone, iPad, and Mac displays","This article explains the differences and applications of TFT LCD, OLED, mini-LED, and microLED display technologies, focusing on Apple's current and future use cases for its iPhone, iPad, and Mac products. It details how mini LED enhances traditional LCDs with localized dimming, while OLED offers self-illuminating pixels, and microLED represents the most radical shift with inorganic, ultra-small, self-emissive pixels. The piece highlights Apple's investment in these technologies and their potential impact on product design and user experience.",https://appleinsider.com/articles/21/03/01/microled-mini-led-oled---apples-future-iphone-ipad-and-mac-displays,AppleInsider,AppleInsider,20210301T120900,https://photos5.appleinsider.com/gallery/40443-82084-42211-81929-Liquid-Retina-XDR-Display-on-129-inch-iPad-Pro-xl-xl.jpg,0.31824,Somewhat-Bullish,0.973590,0.310779,Somewhat-Bullish
AAPL,Goldman loses 4 executives in 3 days as Walmart fintech poaches Marcus chief,"Goldman Sachs is experiencing a significant executive exodus, with four executives departing in three days, including Marcus chief Omer Ismail and deputy David Stark who are joining Walmart's new fintech venture. Karen Seymour, Goldman's general counsel, is also leaving, and Eric Lane, co-head of asset management, is moving to Tiger Global Management. These departures highlight Walmart's serious entry into the fintech space and pose a challenge for Goldman's consumer banking division.",https://www.bankingdive.com/news/walmart-fintech-goldman-sachs-omer-ismail-david-stark/595875/,Banking Dive,Banking Dive,20210301T202232,,0.057807,Neutral,0.623063,0.133305,Neutral
AAPL,Vizio Aims for Some of That Roku-like Magic with IPO,"Vizio is pursuing an initial public offering, positioning itself as a technology company akin to Roku by leveraging its SmartCast operating system and ""Platform+"" business. The company reported a 20% increase in smart TV shipments and 11% revenue growth in 2020, with its SmartCast OS gathering 12.2 million active users. Vizio aims for its Platform+ segment, focused on advertising and data sales, to drive future margin growth and financial performance, similar to how Roku's platform revenues have outperformed hardware sales.",https://www.nexttv.com/news/vizio-aims-for-some-of-that-roku-like-magic-with-ipo,www.nexttv.com,www.nexttv.com,20210302T001726,https://cdn.mos.cms.futurecdn.net/Ku6DFYRTa2hbjnSJMrLPBa.jpg,0.151104,Somewhat-Bullish,0.589931,0.136850,Neutral
AAPL,Gatorade Debuts Wearable Patch To Measure Hydration Needs,"Gatorade has introduced the Gx Sweat Patch and a companion Gx App, a new wearable technology designed to measure an individual's unique sweat profile for personalized hydration recommendations. The patch is used during a single workout, and its data, scanned by the app, provides tailored advice for hydration before, during, and after exercise. This new product is part of Gatorade's expanding Gx platform, though the company recently faced an intellectual property challenge regarding its Gatorlyte product.",https://finance.yahoo.com/news/gatorade-debuts-wearable-patch-measure-231050231.html,Yahoo Finance,Yahoo Finance,20210303T001308,https://s.yimg.com/ny/api/res/1.2/7GnwIFro.2j5kuBFCyJ8.Q--/YXBwaWQ9aGlnaGxhbmRlcjt3PTk2MDtoPTY0MA--/https://media.zenfs.com/en/Benzinga/5e484839f036c4c353a77193a42f5503,0.149816,Neutral,0.748801,0.112990,Neutral
AAPL,KT and LG Uplus Invest in SKT’s Subsidiary One Store to Unite in Building Korea’s Leading App Store,"KT and LG Uplus have invested a total of KRW 26 billion in SKT's subsidiary, One Store, acquiring a 3.8% stake to strengthen Korea's ICT ecosystem and enhance local app store competitiveness. This investment aims to deepen collaboration among the three mobile operators (SKT, KT, LG Uplus) and further increase One Store's market presence by expanding content offerings and user base. One Store, established in 2016, achieved its first net income surplus last year and has seen consistent gross merchandise value growth, proactively implementing policies to support content providers.",https://news.sktelecom.com/en/1167,SK텔레콤 뉴스룸,SK텔레콤 뉴스룸,20210303T001926,https://news-static.sktelecom.com/wp-content/uploads/2024/06/KTANDL1.jpg,0.191498,Somewhat-Bullish,0.642676,-0.100097,Neutral
AAPL,Arizona House passes bill that threatens Apple and Google's app stores,"The Arizona House of Representatives passed a bill (HB 2005) that would compel app stores, specifically targeting Apple and Google, to allow app makers to use their own payment processing software to bypass the 15-30% fees charged. The legislation, which passed 31-29, is a setback for Apple and Google but a victory for groups like the Coalition for App Fairness. While the bill still requires Senate approval and the governor's signature, it highlights ongoing legislative efforts to regulate app store policies following criticism of their alleged anticompetitive practices.",https://www.cnbc.com/2021/03/03/arizona-house-passes-bill-that-threatens-apple-and-googles-app-stores-.html,CNBC,CNBC,20210303T143000,https://image.cnbcfm.com/api/v1/image/107146541-1667589609182-kif_IMG_2787rr.jpg?v=1667589664&w=60&h=60&ffmt=webp,-0.364647,Bearish,1.000000,-0.431042,Bearish
AAPL,"KT and LG U+ buy into OneStore, the Google Play killer","South Korean mobile carriers KT and LG U+ have acquired stakes in One Store, a local app market, joining SK Telecom to challenge the dominance of Google Play and Apple App Store. This strategic investment aims to bolster the domestic IT ecosystem and comes as foreign app markets face increasing criticism over their in-app payment policies. One Store saw a significant increase in transaction volume and turned a profit for the first time in 2020, benefiting from the controversy surrounding Google's 30 percent commission policy.",https://koreajoongangdaily.joins.com/2021/03/03/business/tech/carrier/20210303191906732.html,Korea JoongAng Daily,Korea JoongAng Daily,20210303T191800,,-0.061422,Neutral,0.710721,-0.219542,Somewhat-Bearish
AAPL,"Brent Potts joined Airbnb, Inc. as Vice President of Community Support","Brent Potts has joined Airbnb, Inc. as Vice President of Community Support, bringing extensive experience from Apple and Hewlett-Packard. His role will focus on enhancing support for Airbnb's global community of hosts and guests, aiming to further elevate the company's customer service standards. Potts previously led AppleCare divisions, streamlining customer support journeys for billions of customers.",https://www.hospitalitynet.org/appointment/79021436.html,Hospitality Net,Hospitality Net,20210303T192611,,0.300019,Somewhat-Bullish,0.748286,0.149926,Neutral
AAPL,The Parent of All Parents: Here's What Berkshire Hathaway Actually Does,"Berkshire Hathaway is a holding company led by Warren Buffett that owns about 70 private companies and minority stakes in 41 public stocks across various sectors. While it doesn't engage in manufacturing, it controls company shares and investment interests. Buffett is the top shareholder, and notable holdings include significant stakes in Apple and Coca-Cola, with a clear disinterest in investing in Tesla.",https://marketrealist.com/p/what-does-berkshire-hathaway-actually-do/,Market Realist,Market Realist,20210304T120800,https://media.marketrealist.com/brand-img/v1AC_4DTq/0x0/berkshire-2-fix-1614863838978.jpg,0.108949,Neutral,0.738482,0.301056,Somewhat-Bullish
AAPL,Four Investments of Nancy Pelosi and Her Husband Reveal Much,"The article discusses four significant investments made by House Speaker Nancy Pelosi and her husband, Paul Pelosi, on December 22. These investments include shares in AllianceBernstein (AB) and call options in Apple (AAPL), Tesla (TSLA), and Walt Disney Co (DIS), totaling between $1,751,003 and $3,500,000. Experts weigh in on the implications of these bullish trades, noting that while the Pelosis are wealthy, their investment choices align with market opportunities, although the full scope and reasoning behind the trades are not publicly known.",https://www.citybiz.co/article/22496/four-investments-of-nancy-pelosi-and-her-husband-reveal-much/,citybiz,citybiz,20210307T233958,https://www.citybiz.co/wp-content/uploads/2021/03/Jim-Woods.jpg,0.413931,Bullish,0.875945,0.416843,Bullish
AAPL,Tech-heavy Nasdaq hits correction with 10.5% fall from peak,"The tech-heavy Nasdaq Composite has entered correction territory, falling 10.5% from its February peak, as technology shares experienced a significant sell-off. This downturn was driven by concerns over rising bond yields and inflation fears stemming from a new $1.9 trillion COVID-19 relief bill. While financial, restaurant, and travel stocks rose on reopening hopes, they couldn't offset the weight of declining big tech shares like Apple, Nvidia, and Tesla.",https://www.aljazeera.com/economy/2021/3/8/tech-heavy-nasdaq-hits-correction-with-10-5-fall-from-peak,Al Jazeera,Al Jazeera,20210308T001016,https://www.aljazeera.com/wp-content/uploads/2020/12/365899149.jpg?resize=770%2C513&quality=80,-0.172896,Somewhat-Bearish,0.757417,-0.270488,Somewhat-Bearish
AAPL,Autodesk Inc. stock underperforms Monday when compared to competitors,"Autodesk Inc. (ADSK) shares fell 5.34% on Monday, closing at $253.10, despite a mixed trading session for the broader market. The stock underperformed against key competitors like Apple Inc. (AAPL), Adobe Inc. (ADBE), and Synopsys Inc. (SNPS), all of which also experienced declines. Trading volume for Autodesk surpassed its 50-day average.",https://www.marketwatch.com/story/autodesk-inc-stock-underperforms-monday-when-compared-to-competitors-01615241861-0ee17fa744e6?gaa_at=eafs&gaa_n=AWEtsqcJikF-pnDQypW7uLa3xKNbdctxJJmJEsPikleLEZ8o8VgYaVm9cawq&gaa_ts=699b976c&gaa_sig=Lt_lxnODzIeSebLcC4yoaND0k_t3wWYMFD5lvrHuScO6PwfEK00sR2Jz9E6wj6Q1k3SF-iRppGfNryaRrs1tFg%3D%3D,MarketWatch,MarketWatch,20210308T171700,https://images.mktw.net/im-220105?width=700&height=466,-0.326645,Somewhat-Bearish,0.741489,-0.309775,Somewhat-Bearish
AAPL,CDW Corp. stock outperforms competitors on strong trading day,"Shares of CDW Corp. (CDW) rose 0.43% to $155.14 on Monday, outperforming the S&P 500 Index despite a mixed trading session. The stock closed below its 52-week high but showed a mixed performance against competitors like Apple Inc. (AAPL) and HP Inc. (HPQ). Trading volume was slightly below its 50-day average.",https://www.marketwatch.com/story/cdw-corp-stock-outperforms-competitors-on-strong-trading-day-01615242453-d497074243bc?gaa_at=eafs&gaa_n=AWEtsqe1lKxWxmVRQ4bsDiXQgtRom8P4iO5B8Jx3ec0iVKV-d8Qg5q5ZlZHF&gaa_ts=699b9911&gaa_sig=HCRMwwInYgaYkXWgYt3LUSk8o7_2TF2Vg0Ihcciz37Zlj1rqE8BJOW3Kpts62eJESmncp6FBKX4R9v_vfk7APw%3D%3D,MarketWatch,MarketWatch,20210308T172700,https://images.mktw.net/im-220105?width=700&height=466,0.243998,Somewhat-Bullish,0.735634,0.054137,Neutral
AAPL,Tesla loses a third of its value for the third time in a year,"Tesla Inc.'s stock experienced its third significant drop in a year, losing a third of its value from its January record high, primarily due to investor concerns about rising interest rates affecting high-valuation stocks. The selloff wiped off nearly $300 billion from its market capitalization, moving it behind Facebook. This decline is more pronounced than other major tech companies, and its shares have steadily fallen since announcing a bitcoin purchase, even as bitcoin’s price climbed.",https://www.reuters.com/business/finance/tesla-loses-third-its-value-third-time-year-2021-03-08/,Reuters,Reuters,20210308T222200,,-0.259831,Somewhat-Bearish,0.649929,-0.220882,Somewhat-Bearish
AAPL,"The Sonos Roam is a small, portable smart speaker for $169","Sonos has unveiled its smallest and most portable smart speaker to date, the Sonos Roam, priced at $169. This lightweight device, weighing under a pound, is designed for on-the-go use and features an IP67 rating for water and dust resistance, as well as Qi wireless charging compatibility. It boasts enhanced sound quality with Automatic TruePlay Tuning, connects via Wi-Fi and Bluetooth, and supports over 100 streaming services and multiple voice assistants.",https://mashable.com/article/sonos-roam-portable-speaker,Mashable,Mashable,20210309T002013,https://helios-i.mashable.com/imagery/articles/03KaT9AQKrmCHOjbDZLWv3u/hero-image.fill.size_1248x702.v1619019499.jpg,0.16533,Somewhat-Bullish,0.610363,0.129235,Neutral
AAPL,WWE® SuperCard Celebrates 25 Years of “Stone Cold” Steve Austin with New Content Available Now,"2K has announced new content for WWE SuperCard to celebrate the 25th anniversary of ""Stone Cold"" Steve Austin's WWE debut. Throughout March, players can enjoy new items and events, including a ""Stone Cold"" Steve Austin cardback, his iconic jean shorts, and a ""Stone Cold"" Fusion event starting March 9th to create Special Edition cards.",https://newsroom.2k.com/news/wwer-supercard-celebrates-25-years-of-stone-cold-steve-austin-with-new-content-available-now,2K Newsroom,2K Newsroom,20210309T002407,https://cdn.prgloo.com/media/15531d08b8ee44558743d1f02680b523.jpg,0.262819,Somewhat-Bullish,0.645658,0.208924,Somewhat-Bullish
AAPL,The 10 most innovative companies in consumer electronics,"This article highlights the top 10 most innovative companies in consumer electronics, showcasing how they adapted and thrived during the pandemic by releasing useful new products. It features companies like Corning, Apple, and Samsung alongside newer players such as Raspberry Pi, Tempo, and Aira. The piece details Corning's advancements in Gorilla Glass and Ceramic Shield, emphasizing their impact on device durability.",https://www.fastcompany.com/90600162/consumer-electronics-most-innovative-companies-2021,Fast Company,Fast Company,20210309T202204,,0.283732,Somewhat-Bullish,0.842669,0.342825,Somewhat-Bullish
AAPL,Video Games & Esports: Building on 2020’s Rapid Growth,"The video game industry experienced significant growth in 2020, driven by the pandemic, new console releases, and the rise of social gaming, with total revenue reaching $175 billion. This article explores key trends poised to continue this expansion, including the increasing impact of digital distribution, the monetization strategies of free-to-play games, the evolution of social gaming into metaverse-like experiences, and the growing prominence of mobile gaming. It also highlights the role of game engines in facilitating development for smaller studios and concludes that the industry is set for continued strong performance and investor opportunities.",https://www.globalxetfs.com/articles/video-games-esports-building-on-2020s-rapid-growth/,Global X ETFs,Global X ETFs,20210309T202723,,0.312853,Somewhat-Bullish,0.601830,0.219487,Somewhat-Bullish
AAPL,Sonos Announces the AirPlay 2-Compatible Roam Portable Speaker,"Sonos has unveiled the Roam, a new portable, battery-powered speaker that supports AirPlay 2 and is designed for both indoor and outdoor use. Priced at $169, the speaker features IP67 water resistance, 10 hours of playback, and automatic switching between WiFi and Bluetooth. It also incorporates Sonos' Trueplay technology for adaptive audio and supports Sound Swap, Amazon Alexa, and Google Assistant.",https://www.macstories.net/news/sonos-announces-the-airplay-2-compatible-roam-portable-speaker/,MacStories,MacStories,20210310T002012,https://cdn.macstories.net/002/roam-outside-beach-dark-1615393681519.jpg,0.262628,Somewhat-Bullish,0.709290,0.221294,Somewhat-Bullish
AAPL,Patent Filings Roundup: Fintiv Dooms CBMs; Canadian Process Ends IPR; New and Old NPE Campaigns Filed,"This article summarizes recent patent filings, noting a decrease in PTAB filings compared to district court patent litigation. It highlights key rulings, including the termination of CBM proceedings against Boom! Payments due to a Federal Circuit 101 ruling and the PTAB's denial of a petition based on Canadian service-of-process precedent. The piece also details new and continuing patent enforcement campaigns by various entities, including a significant increase in DynaIP subsidiary litigation.",https://ipwatchdog.com/2021/03/10/patent-filings-roundup-fintiv-dooms-cbms-canadian-process-ends-ipr-new-old-npe-campaigns-filed/,IPWatchdog.com,IPWatchdog.com,20210310T121500,https://ipwatchdog.com/wp-content/uploads/2020/01/Depositphotos_159708306_xl-2015-scaled.jpg,0.036088,Neutral,0.730124,-0.137602,Neutral
AAPL,"Why a Growth Stock Fund Is Betting on Align Technology, DocuSign, and Apple","The Lord Abbett Growth Leaders fund, managing $8.1 billion, differentiates itself by integrating technical analysis into its investment process, a less common approach for large mutual funds. Thomas O'Halloran, one of the fund's managers, oversees this strategy, which includes investments in companies like Align Technology, DocuSign, and Apple. The article highlights this unique methodology in growth stock investing.",https://www.barrons.com/articles/growth-stock-fund-align-technology-docusign-apple-shares-51615328441?gaa_at=eafs&gaa_n=AWEtsqeFwklSDmK5lvK9l9VdOC7ScbbV5vwUaotFIw6T1lX1xj4QgzEznXLL&gaa_ts=699b97a9&gaa_sig=ei8WmVtmfds8MNTQTa3EZWD_XjRftAqshGOBEas0J1VEovvF0JGtdnUs7USrsKIUMM8hhxSRIM4FySDKuf6cSA%3D%3D,Barron's,Barron's,20210310T234126,https://images.barrons.com/im-309584/?width=700&height=467,0.432458,Bullish,0.898799,0.446778,Bullish
AAPL,Industrial ETFs Like 'DUSL' Riding a Wave of Market Momentum,"The article discusses the recent market shift towards industrial stocks, citing the Direxion Daily Industrials Bull 3X Shares (DUSL) as a potential investment for leveraged gains. It highlights how industrials are performing well as the economy strengthens, attracting capital away from technology stocks. The SPDR Industrial ETF (XLI) has reached a new high, contrasting with the SPDR Technology ETF (XLK)'s decline, indicating a move towards value stocks benefiting from economic growth and higher interest rates.",https://www.etftrends.com/leveraged-inverse-channel/industrial-etfs-dusl-riding-market-momentum/,ETF Trends,ETF Trends,20210311T023927,https://www.etftrends.com/wp-content/uploads/2025/09/Leveraged_Inverse_Direxion_masthead_overlay_1600x121@2x.png,0.369609,Bullish,0.602045,0.213923,Somewhat-Bullish
AAPL,Apple starts iPhone 12 assembly in India,"Apple Inc. has begun assembling its iPhone 12 in India, marking a significant ramp-up of its manufacturing operations in the country. This move, undertaken with contract manufacturer Foxconn, aligns with Apple's strategy to diversify production away from China due to ongoing trade tensions and India's efforts to boost its smartphone manufacturing sector. India's technology minister, Ravi Shankar Prasad, welcomed the development, highlighting its potential to create numerous jobs.",https://www.reuters.com/world/china/apple-starts-iphone-12-assembly-india-2021-03-11/,Reuters,Reuters,20210311T100500,https://www.reuters.com/resizer/v2/FDU54LJMGRMZXH7BFBM4LTNWNE.jpg?auth=9497b22428813e17a8ca8634c93a443b960f98f0a8e23959815150709df9ac43&width=1080&quality=80,0.429414,Bullish,0.957803,0.444447,Bullish
AAPL,Netflix password sharing crackdown underway with new test and warning,"Netflix is implementing a new test to curb password sharing, requesting users to verify account ownership to ensure they are authorized to use the service. This move comes as the streaming market has become increasingly competitive, with password sharing costing providers billions in lost revenue, an amount expected to rise to $12.5 billion by 2024. Users who do not verify their account will be asked to create a new one, as Netflix aims to enforce its terms of service that limit sharing to individuals within the same household.",https://www.foxbusiness.com/lifestyle/netflix-password-sharing-crackdown-underway-with-new-test-and-warning,Fox Business,Fox Business,20210311T104300,https://cf-images.us-east-1.prod.boltdns.net/v1/static/854081161001/ff3c2a31-3d5a-4df5-b12f-eaef7a0f6996/30fca509-447a-4d28-9111-dd0fd07f4ddd/1280x720/match/image.jpg,0.130146,Neutral,0.683730,0.134771,Neutral
AAPL,"Target, The 'Apple Experience' And Training","This article discusses Target's strategy for staffing its new in-store Apple kiosks with specially trained employees, emphasizing the importance of knowledgeable staff for customer satisfaction and sales. It highlights how co-branding extends to employee training, crucial for retail partnerships and reducing employee turnover, while warning against exclusive training that could undermine collaborative culture.",https://www.forbes.com/sites/bryanpearson/2021/03/11/target-the-apple-experience-and-training/,Forbes,Forbes,20210311T180100,https://imageio.forbes.com/specials-images/imageserve/604a11f26487e41b31a8f6d7/0x0.jpg?format=jpg&width=1200,0.243169,Somewhat-Bullish,0.929941,0.335868,Somewhat-Bullish
AAPL,Richest people in the world: Warren Buffett is now worth $100 billion,"Warren Buffett, CEO of Berkshire Hathaway, has seen his net worth climb to $100 billion, making him the sixth richest person globally. His company's Class A shares are up nearly 15% this year, and his net worth has increased by approximately $13 billion. Buffett, at 90, has stated he has no plans to retire, and Berkshire Hathaway recently added Verizon, Chevron, Marsh & McLennan, and EW Scripps to its portfolio while selling off stakes in JPMorgan Chase and Pfizer.",https://www.usatoday.com/story/money/2021/03/11/richest-people-world-warren-buffett-now-worth-100-billion/6953316002/,USA Today,USA Today,20210311T234552,,-0.146558,Neutral,0.702705,-0.218755,Somewhat-Bearish
AAPL,Apple signs order for 'The Jet' about iconic 90s Pepsi Points Harrier promo,"Apple TV+ has ordered a docuseries titled ""The Jet"" which will delve into the notorious 1996 Pepsi Points Harrier Jet promotion. The series will explore the events surrounding John Leonard's lawsuit against PepsiCo after he attempted to redeem 7 million Pepsi Points for a Harrier Jump Jet. Directed by James Lee Hernandes and Brian Lazarte, the docuseries promises a deep dive into 90s pop culture and the legal battle that ensued.",https://appleinsider.com/articles/21/03/12/apple-signs-order-for-the-jet-about-iconic-90s-pepsi-points-harrier-promo,AppleInsider,AppleInsider,20210312T150100,https://photos5.appleinsider.com/gallery/40806-78819-heat-xl.jpg,0.110721,Neutral,0.715448,0.125907,Neutral
AAPL,The New Possible Podcast: Vortic Watch Co: Not Your Grandpa’s Pocket Watch,"This article introduces an episode of The New Possible podcast featuring Vortic Watch Co., a company that repurposes WWII-era American pocket watches into modern wristwatches. Founders RT Custer and Tyler Wolfe discuss their business model, which involves restoring old pocket watch mechanisms and manufacturing new cases and components using Autodesk Fusion 360, focusing on transparent and U.S.-based production. The podcast highlights their journey, including pivoting ideas, crowdfunding success, and bringing manufacturing in-house.",https://www.autodesk.com/products/fusion-360/blog/the-new-possible-podcast-vortic-watch-co/,Autodesk,Autodesk,20210312T234044,https://www.autodesk.com/products/fusion-360/blog/wp-content/uploads/2021/03/vortic_-87-1-1024x732.jpg,0.191009,Somewhat-Bullish,0.630433,0.110029,Neutral
AAPL,Semiconductors as a shield for Taiwan?,"Taiwan's independence is significantly bolstered by its semiconductor industry, particularly Taiwan Semiconductor Manufacturing Company (TSMC). TSMC's critical role in the global supply chain for microprocessors provides Taiwan with a strategic advantage, deterring China from invasion due to potential economic repercussions and compelling the United States to protect its access to these vital technologies. The company's capabilities and importance make a military conflict over Taiwan highly costly for both China and the US, thus acting as a powerful ""silicon shield.""",https://www.aspistrategist.org.au/semiconductors-as-a-shield-for-taiwan/,The Strategist | ASPI's analysis and commentary site,The Strategist | ASPI's analysis and commentary site,20210316T002352,https://www.aspistrategist.org.au/wp-content/uploads/2021/03/waferr003_2510_7OdY_0.jpg,0.136407,Neutral,0.725269,0.103658,Neutral
AAPL,Qualcomm Completes Acquisition of NUVIA,"Qualcomm Incorporated announced the completion of its acquisition of NUVIA for $1.4 billion. This acquisition aims to enhance Qualcomm's CPU roadmap, integrating next-generation CPUs across various products including smartphones, laptops, and automotive systems. The first Qualcomm Snapdragon platforms featuring these new internally designed CPUs are expected to sample in the second half of 2022.",https://www.techpowerup.com/279808/qualcomm-completes-acquisition-of-nuvia,TechPowerUp,TechPowerUp,20210316T181200,,0.148147,Neutral,0.556490,0.211662,Somewhat-Bullish
AAPL,"Nokia to cut up to 10,000 jobs worldwide","Nokia plans to cut between 5,000 and 10,000 jobs globally over the next two years to reduce costs by €600m (£518m). The telecoms giant aims to invest in 5G, cloud computing, and digital infrastructure research to improve its performance against rivals. Job cuts are expected across various regions, with about 96 roles in the UK and 300 in Finland under threat.",https://www.bbc.com/news/business-56412693,BBC,BBC,20210316T205152,,-0.207982,Somewhat-Bearish,0.607059,-0.116411,Neutral
AAPL,"Apple v. Iancu: Oral Argument on Motion to Dismiss and Plaintiff Summary Judgment Motion, PTAB Litigation Blog","This article discusses the oral argument in the case of Apple v. Iancu, focusing on motions to dismiss and for summary judgment. The lawsuit, filed by major tech companies, challenges the PTAB's ""Fintiv"" rule, which allows for discretionary denial of patent institution petitions when parallel litigation exists. The plaintiffs argue the rule exceeds statutory authority, is arbitrary and capricious, and was adopted without proper rulemaking procedures.",https://www.jonesday.com/en/insights/2021/03/apple-v-iancu-oral-argument-on-motion-to-dismiss-and-plaintiff-summary-judgment-motion,Jones Day,Jones Day,20210316T233957,https://www.jonesday.com/-/media/images/publications/2021/03/apple-v-iancu-oral-argument-on-motion-to-dismiss-and-plaintiff-summary-judgment-motion/articleimage/apple-v-iancu-blog.jpeg?rev=7f75e872ea434ac89f45cd72e614ae16&la=en&h=675&w=1080&hash=F99ED864E3E3D9AFD86AA1A5118C757A,0.026526,Neutral,1.000000,0.028582,Neutral
AAPL,Laptop Bench Test: Dell Latitude 5410 – An upgrade in mediocrity?,"This article reviews the Dell Latitude 5410 laptop, evaluating if it offers significant upgrades over its predecessor or remains a mediocre device. The review details specifications, performance benchmarks (Cinebench, GeekBench), and its suitability for corporate use, concluding it's a solid ""fleet laptop"" for business tasks rather than a high-performance personal device.",https://economyclassandbeyond.boardingarea.com/2021/03/17/laptop-bench-test-dell-latitude-5410-an-upgrade-in-mediocrity/,BoardingArea,BoardingArea,20210317T000000,,-0.092576,Neutral,0.592142,-0.125204,Neutral
AAPL,"At $2.08 Trillion, Apple Is Bigger Than These Things","As of March 15, 2021, Apple Inc. (AAPL) boasts a market capitalization of $2.08 trillion, making it the world's largest public company. This staggering figure surpasses the GDP of most countries, the total market value of many global stock exchanges, the U.S. budget deficit, and the inflation-adjusted costs of multiple major U.S. wars. It also exceeds the combined net worth of the world's 18 richest people.",https://www.investopedia.com/news/apple-now-bigger-these-5-things/,Investopedia,Investopedia,20210317T233957,,0.233974,Somewhat-Bullish,1.000000,0.476619,Bullish
AAPL,Apple’s $4.7 billion Green Bond spend is helping to create 1.2 gigawatts of clean power,"Apple has invested $4.7 billion from its Green Bonds to fund 17 projects that will generate 1.2 gigawatts of clean energy globally and avoid 921,000 metric tons of carbon emissions annually. These projects include solar farms in Nevada and Virginia, a wind farm in Illinois, and large onshore wind turbines in Denmark. Apple aims to be carbon neutral across its entire business, manufacturing supply chain, and product life cycle by 2030, building on its already carbon-neutral global corporate operations.",https://www.apple.com/newsroom/2021/03/apples-four-point-seven-billion-green-bond-spend-is-helping-to-create-one-point-two-gigawatts-of-clean-power/,Apple,Apple,20210317T233957,https://www.apple.com/newsroom/images/values/environment/Apple_green-bonds-create-clean-power_031721_Full-Bleed-Image.jpg.large.jpg,0.332444,Somewhat-Bullish,1.000000,0.435365,Bullish
AAPL,QYLG Stock Price | Global X Nasdaq 100 Covered Call & Growth ETF,"This article provides comprehensive information about the Global X Nasdaq 100 Covered Call & Growth ETF (QYLG), including its current stock price, trading exchange (NASDAQ), and key financial metrics like dividend yield, expense ratio, and market capitalization. It also features technical analysis indicators and a list of its top holdings, offering a detailed overview for potential investors.",https://www.investing.com/etfs/qylg,Investing.com,Investing.com,20210318T084041,,0.223162,Somewhat-Bullish,0.676815,0.251042,Somewhat-Bullish
AAPL,“Think twice about whose money you take”: 21 tips for aspiring unicorns,"Lior Handelsman, co-founder of SolarEdge and now with Grove Ventures, shares 21 essential tips for aspiring entrepreneurs, drawn from his experiences building SolarEdge into a billion-dollar company and investing in startups. His advice covers critical aspects like aiming big, securing funding, managing valuations, team dynamics, and the psychological demands of entrepreneurship.","https://www.calcalistech.com/ctech/articles/0,7340,L-3900173,00.html",www.calcalistech.com,www.calcalistech.com,20210319T145800,,0.297698,Somewhat-Bullish,0.634180,0.206194,Somewhat-Bullish
AAPL,Clarivate celebrates BD’s culture of innovation,"Clarivate has named BD to its Top 100 Global Innovators 2021 list for the sixth time, recognizing the company's significant investment in innovation and its commitment to protecting intellectual property. BD invests over a billion dollars annually in innovation, contributing to advancements in medical technology, and holds approximately 27,000 active, issued patents worldwide. The recognition highlights BD's ongoing efforts to advance global health through pioneering solutions and a robust intellectual property portfolio.",https://news.bd.com/Clarivate-celebrates-BDs-culture-of-innovation,BD Newsroom,BD Newsroom,20210319T194727,,0.36211,Bullish,0.631844,0.349069,Somewhat-Bullish
AAPL,"Coral South FLNG Project, Rovuma Basin, Mozambique","The Coral South FLNG Project involves the development of the Coral Sul floating liquefied natural gas (FLNG) facility in the Coral South field, located in Area 4 of the Rovuma Basin off Mozambique. Operated by Eni, the project aims to monetize gas reserves and is expected to start production in 2022. The article details the project's financing, contractors, and the technical specifications of the FLNG unit.",https://www.offshore-technology.com/projects/coral-south-flng-project-rovuma-basin/,Offshore Technology,Offshore Technology,20210319T235213,https://www.offshore-technology.com/wp-content/uploads/sites/20/2021/03/Image-1-Coral-South-FLNG-Project-1.jpg,0.248582,Somewhat-Bullish,0.609984,0.320904,Somewhat-Bullish
AAPL,How Texas is luring big businesses and billionaires away from California,"Texas is experiencing a significant economic boom, attracting numerous companies and wealthy individuals from California, including major tech firms like Oracle, Tesla, and Apple. This migration is fueled by factors prompting a ""tremendous increase"" in relocations and expansions, making Texas a burgeoning business hub. The article explores the reasons behind this trend and its potential implications for the state's future.",https://www.cnbc.com/2021/03/20/how-texas-attracts-big-businesses-billionaires-from-california.html,CNBC,CNBC,20210320T090000,https://image.cnbcfm.com/api/v1/image/106856991-1616196398811-Texas.png?v=1616196547&w=750&h=422&vtcrop=y,0.306906,Somewhat-Bullish,0.849569,0.264641,Somewhat-Bullish
AAPL,3 Mid-Cap Global Battery Manufacturer Stocks,"This article examines three mid-cap global battery manufacturers: Varta AG (Germany), EnerSys (USA), and Simplo Technology (Taiwan), as potential investment opportunities given the growing demand for lithium-ion batteries. It details each company's business model, revenue streams, and market position, highlighting both their strengths and potential risks. The piece concludes by suggesting that foreign battery stocks can offer diversification for investors looking beyond domestic options.",https://www.nanalyze.com/2021/03/global-battery-manufacturer-stocks/,Nanalyze,Nanalyze,20210320T235309,https://www.nanalyze.com/app/uploads/2021/03/Battery-Manufacturer-Stocks-Teaser-1024x683.jpg.webp,0.178,Somewhat-Bullish,0.737165,0.090976,Neutral
AAPL,"Scammers trick Android users into installing fake, malware-laden Clubhouse app","Scammers are exploiting the demand for the audio-based social app Clubhouse among Android users by distributing a fake, malware-laden version of the app. This fraudulent Android app, discovered by ESET researchers, contains a Trojan virus called ""BlackRock"" that can steal login information from over 458 online services, including financial apps, social media, and cryptocurrency exchanges, and can also intercept text messages, bypassing two-factor authentication. Experts warn that the absence of an official Android version of Clubhouse creates a significant vulnerability that cybercriminals are eager to exploit, making an official Android app the ultimate solution.",https://siliconangle.com/2021/03/21/scammers-trick-android-users-installing-fake-malware-clubhouse-app/,SiliconANGLE,SiliconANGLE,20210321T235220,https://d15shllkswkct0.cloudfront.net/wp-content/blogs.dir/1/files/2021/01/clubhouse.png,-0.203846,Somewhat-Bearish,0.643213,-0.132171,Neutral
AAPL,Intel to Spend $20 Billion on 2 New Chip Factories in Arizona. (Published 2021),"Intel's new CEO, Patrick Gelsinger, announced plans to invest $20 billion in two new chip factories in Arizona. This move signifies Intel's commitment to doubling down on chip manufacturing in the U.S. and Europe, aiming to become a major manufacturer for other companies, addressing concerns about component shortages and reliance on Asian factories. The initiative also seeks to regain Intel's footing in the competitive chip production market, where it had previously fallen behind competitors like TSMC and Samsung.",https://www.nytimes.com/2021/03/23/technology/intel-arizona-chip-factories.html,The New York Times,The New York Times,20210323T000116,https://static01.nyt.com/images/2021/04/23/business/23intel/merlin_182692149_7fe2d21b-3560-4bf6-953f-649ee24840d5-articleLarge.jpg?quality=75&auto=webp&disable=upscale,-0.049303,Neutral,0.623503,-0.118355,Neutral
AAPL,Lucid Motors Deepens Expertise with Executive Team Additions and Promotions,"Lucid Motors has strengthened its executive team with significant additions and promotions as it prepares for customer deliveries of its Lucid Air EV in the second half of 2021. The company appointed Michael Bell as Senior VP of Digital, Achim Pantfoerder as VP of Program Management, and Nicolas Minbiole as VP of Global Quality. Additionally, Eric Bach was promoted to Senior VP – Product and Chief Engineer, and Derek Jenkins to Senior VP – Design and Brand, demonstrating Lucid's commitment to quality and innovation.",https://www.prnewswire.com/news-releases/lucid-motors-deepens-expertise-with-executive-team-additions-and-promotions-301253617.html,PR Newswire,PR Newswire,20210323T000417,,0.254121,Somewhat-Bullish,0.708735,0.324595,Somewhat-Bullish
AAPL,Lumentum raises Coherent buyout offer to $7 bln,"Optical fiber firm Lumentum Holdings Inc (LITE) has increased its buyout offer for Coherent Inc (COHR) to approximately $7 billion, intensifying a three-way bidding war for the laser manufacturer. This new offer surpasses a previous bid from II-VI Inc (IIVI) and involves a combination of cash and Lumentum shares for Coherent shareholders. The battle for Coherent began after Lumentum initially offered $5.7 billion, drawing rival bids from MKS Instruments and II-VI.",https://telecom.economictimes.indiatimes.com/news/lumentum-raises-coherent-buyout-offer-to-7-bln/81649898,ET Telecom,ET Telecom,20210323T032600,,0.151135,Somewhat-Bullish,0.729722,0.128241,Neutral
AAPL,SEC is investigating Japanese investment giant SoftBank for market manipulation,"The U.S. Securities and Exchange Commission is investigating SoftBank Group Corp. for alleged market manipulation. The investigation reportedly concerns SoftBank's role in stoking a tech stock rally in August through massive call option purchases, which generated a reported $4 billion profit. While the exact grounds for the investigation are not fully disclosed, it is tied to allegations of stock manipulation.",https://siliconangle.com/2021/03/24/sec-investigating-japanese-investment-giant-softbank-market-manipulation/,SiliconANGLE,SiliconANGLE,20210324T001017,https://d15shllkswkct0.cloudfront.net/wp-content/blogs.dir/1/files/2020/12/softbank.jpg,0.091925,Neutral,0.647391,0.347510,Somewhat-Bullish
AAPL,Intel to spend $20 billion on U.S. chip plants as CEO challenges Asia dominance,"Intel announced plans to invest $20 billion in two new chip manufacturing plants in Arizona, aiming to expand its advanced chip production and open its factories to outside customers. This move by CEO Pat Gelsinger directly challenges the dominance of TSMC and Samsung in the advanced chip market and seeks to shift the technological balance of power back to the U.S. and Europe. The company expects $72 billion in revenue and adjusted earnings per share of $4.55 for 2021, and the new strategy is intended to restore Intel's reputation and create 3,000 permanent jobs.",https://www.reuters.com/world/asia-pacific/intel-doubles-down-chip-manufacturing-plans-20-billion-new-arizona-sites-2021-03-23/,Reuters,Reuters,20210324T084300,,0.192837,Somewhat-Bullish,0.609165,0.145464,Neutral
AAPL,"In $20bn push, Intel hopes to make US chip-making great again","Intel announced a significant expansion of its advanced chip manufacturing capacity with a $20bn investment to build two factories in Arizona, aiming to regain its market leadership and challenge rivals TSMC and Samsung. CEO Pat Gelsinger's strategy includes opening Intel's plants to outside customers in a ""foundry"" business model and focusing on cutting-edge computing chip manufacturing. This move is also a response to US and European concerns about the concentration of chipmaking in Asia and seeks to boost domestic production.",https://www.aljazeera.com/economy/2021/3/24/in-20bn-push-intel-hopes-to-make-us-chip-making-great-again,Al Jazeera,Al Jazeera,20210324T203153,https://www.aljazeera.com/wp-content/uploads/2021/03/2021-03-10T194750Z_1450257404_RC29AM9Y5099_RTRMADP_3_INTEL-STRATEGY.JPG?resize=770%2C513,0.20477,Somewhat-Bullish,0.646886,0.126570,Neutral
AAPL,Newfound Popularity of Thematic ETFs,"Thematic ETFs, which invest in baskets of stocks benefiting from emerging trends, technology, or evolving economic landscapes, have seen a significant surge in popularity since October 2020, with AUM growing by 132%. Despite this growth, the article highlights potential risks associated with these ETFs, including the reversal of investor enthusiasm impacting fund flow and performance, the concentrated holdings of individual stocks within the ETFs, and the potential for misleading diversification that may dilute thematic exposure and justify higher fees. Investors are advised against chasing ""hot"" ETFs without understanding their underlying holdings and potential risks.",https://www.etftrends.com/thematic-investing-channel/newfound-popularity-of-thematic-etfs/,ETF Trends,ETF Trends,20210324T204142,,0.053375,Neutral,0.637902,0.051277,Neutral
AAPL,"Stryker, Zimmer make data and analytics a top priority as robotic procedures ramp up","Stryker and Zimmer Biomet are highly prioritizing data and analytics to enhance their robotic surgical procedures and improve patient outcomes. Stryker's Mako system uses data from past procedures to inform implant positioning, while Zimmer Biomet partners with Apple to collect post-operative patient data via the mymobility app and Apple Watch. Both companies are also investing in smart implants and predictive analytics to further refine surgical approaches and patient care.",https://www.medtechdive.com/news/stryker-zimmer-make-data-and-analytics-a-top-priority-as-robotic-procedure/597321/,MedTech Dive,MedTech Dive,20210325T002131,https://d12v9rtnomnebu.cloudfront.net/logo/publications/medtech_black.png,0.204672,Somewhat-Bullish,0.734527,0.180829,Somewhat-Bullish
AAPL,Toyota VS Apple: The Age of EV Battles Unlatches the Door to Smart Cars,"The electric vehicle (EV) market is seeing an influx of traditional automakers and tech giants like Apple and Baidu, creating a new battleground for smart cars. Toyota, the world's leading automaker, is positioning itself with AI-based software development and strategic partnerships to compete against these tech companies, focusing on a ""making friends"" approach similar to Google's Android strategy. While Apple boasts significant financial and brand power, Toyota believes its collaborative ecosystem for automotive technology gives it an edge in the complex and responsibility-heavy auto industry.",https://japan-forward.com/toyota-vs-apple-the-age-of-ev-battles-unlatches-the-door-to-smart-cars/,JAPAN Forward,JAPAN Forward,20210325T002238,,0.154719,Somewhat-Bullish,0.921574,0.117886,Neutral
AAPL,Invesco unveils Nasdaq ‘next generation’ ETF,"Invesco has launched two new ETFs, the Invesco NASDAQ Next Generation 100 UCITS ETF (EQJS) and the Invesco Nasdaq-100 Swap UCITS ETF (EQQS), expanding its tech ETF range. EQJS tracks the Nasdaq Next Generation 100 index, mirroring a US-listed strategy, while EQQS provides synthetic exposure to the Nasdaq 100, designed to mitigate withholding tax on US equity dividends. These new offerings are listed on the LSE with competitive total expense ratios.",https://www.etfstream.com/articles/invesco-unveils-nasdaq-next-generation-etf,ETF Stream,ETF Stream,20210325T210238,,0.236539,Somewhat-Bullish,0.583986,0.285272,Somewhat-Bullish
AAPL,The China challenge: Why Intel is too strategic to fail,"This article analyzes Intel's strategic shift to IDM 2.0 under CEO Pat Gelsinger, focusing on the company's plan to leverage internal manufacturing, external foundries, and a new Intel Foundry Services division. It examines the market changes impacting Intel, the critical threat from China's semiconductor ambitions, and the need for significant partnerships, including with IBM and the U.S. government, for Intel to regain its leadership and combat the China challenge. The authors argue that despite positive steps, Intel needs even more substantial changes, possibly a joint venture with a volume leader like Samsung, to succeed.",https://siliconangle.com/2021/03/27/china-challenge-intel-strategic-fail/,SiliconANGLE,SiliconANGLE,20210327T235000,,0.163306,Somewhat-Bullish,0.558482,0.023417,Neutral
AAPL,"Apple Encourages Staff to Get Vaccinated, Offers Paid Time Off","Apple is encouraging its employees to get vaccinated against Covid-19 by offering paid time off for vaccine appointments and paid sick leave for any side effects experienced. However, the company is not providing vaccination shots itself and does not have direct access to vaccines for its staff. This initiative aims to support employee health and safety while acknowledging vaccine availability is outside their direct control.",https://www.bloomberg.com/news/articles/2021-03-29/apple-encourages-staff-to-get-vaccinated-offers-paid-time-off,Bloomberg.com,Bloomberg.com,20210329T233958,https://assets.bwbx.io/images/users/iqjWHBFdfxIU/icdLlM0LmaJw/v1/-1x-1.webp,0.122927,Neutral,0.945241,0.146583,Neutral
AAPL,Arm’s v9 Architecture Explains Why Nvidia Needs To Buy It,"This article explores why Nvidia's $40 billion acquisition of Arm Holdings, initially questioned, makes strategic sense following Arm's v9 architecture announcement. The v9 architecture's focus on integrating vector math, matrix math, and digital signal processing into CPUs, alongside new security features and a ""Realms"" memory partitioning system, suggests a future where specialized, highly integrated compute on-device is paramount. Nvidia's move to acquire Arm is positioned as a bet on this evolving compute landscape, where a single, malleable architecture can support a vast array of devices from IoT to datacenters, potentially limiting the expansion of hybrid CPU-GPU models for certain workloads.",https://www.nextplatform.com/2021/03/30/arms-v9-architecture-explains-why-nvidia-needs-to-buy-it/,The Next Platform,The Next Platform,20210330T193616,,0.031187,Neutral,0.702925,0.342498,Somewhat-Bullish
AAPL,TSMC says plans to invest $100 billion over next 3 years to meet chip demand,"TSMC announced plans to invest $100 billion over the next three years to increase chipmaking capacity, responding to surging demand fueled by 5G, high-performance computing, and pandemic-accelerated digitalization. This strategic move follows Intel's recent $20 billion expansion plan and aims to address a global semiconductor shortage impacting various industries from automotive to consumer electronics. The company's shares rose following the announcement, highlighting investor confidence in its growth trajectory.",https://www.cnbc.com/2021/04/01/tsmc-to-invest-100-billion-over-next-3-years-to-meet-chip-demand.html,CNBC,CNBC,20210331T114600,https://static-redesign.cnbcfm.com/dist/d6085c9e81f4d7365c8d.svg,0.243928,Somewhat-Bullish,0.707457,0.203526,Somewhat-Bullish
AAPL,moomoo – 1 Free Apple share and commission-free trading,"The article introduces Futu Singapore's moomoo trading platform, highlighting its features like in-app announcement alerts, detailed shareholder information, and access to multiple markets with low fees. It also details a promotional offer for new users, including a free Apple share and commission-free trading, alongside emphasizing the benefits of discount brokers for Singaporean investors.",https://drwealth.com/moomoo-1-free-apple-share-and-commission-free-trading/,Dr Wealth,Dr Wealth,20210331T201717,,0.43887,Bullish,0.731477,0.448295,Bullish
AAPL,Apple powers ahead in new renewable energy solutions with over 110 suppliers,"Apple announced that over 110 of its manufacturing partners are transitioning to 100 percent renewable energy for their Apple production, aiming for nearly 8 gigawatts of clean energy. These commitments are projected to prevent over 15 million metric tons of CO2e annually. Apple is also investing in novel energy storage solutions and working towards becoming carbon neutral across its entire business, manufacturing supply chain, and product life cycle by 2030.",https://www.apple.com/newsroom/2021/03/apple-powers-ahead-in-new-renewable-energy-solutions-with-over-110-suppliers/,Apple,Apple,20210331T233957,https://www.apple.com/newsroom/images/values/environment/Apple_announces-new-climate-efforts-with-over-110-suppliers-transitioning-to-renewable-energy_033121_Full-Bleed-Image.jpg.large.jpg,0.469154,Bullish,1.000000,0.477523,Bullish
AAPL,Apple plans battery-based solar storage project in South County.,"Apple Inc. announced plans to build a large battery-based solar energy storage facility in South County, Monterey County, near its existing California Flats solar installation. This project aims to store 240 megawatt-hours of energy, enough to power over 7,000 homes for a day, addressing the intermittency of solar power and supporting grid stabilization. Apple's vice president of environment, Lisa Jackson, highlighted the project's potential as a model for other companies in transitioning to clean energy.",https://www.montereycountynow.com/blogs/news_blog/apple-plans-battery-based-solar-storage-project-in-south-county/article_6dc06f66-925e-11eb-a579-a3d22ca9182b.html,Monterey County Weekly,Monterey County Weekly,20210331T233957,https://bloximages.newyork1.vip.townnews.com/montereycountynow.com/content/tncms/assets/v3/editorial/8/83/88342d88-925e-11eb-abc9-33777efc2ac8/6064da4f9573c.image.jpg?resize=400%2C225,0.412588,Bullish,1.000000,0.437784,Bullish
AAPL,Sony undergoes 1st name change in 6 decades to Sony Group,"Sony Corp. has rebranded itself as Sony Group Corp., marking its first name change in over six decades. This change reflects the company's shift towards functioning as a conglomerate, focusing on diverse areas like financial services, gaming, and entertainment, rather than solely electronics. The move aims to maximize synergies among its various group companies and foster growth in new sectors.",https://english.kyodonews.net/articles/-/24014,Japan Wire by KYODO NEWS,Japan Wire by KYODO NEWS,20210401T072300,,-0.036865,Neutral,0.720612,-0.214486,Somewhat-Bearish
AAPL,MicroVision (MVIS) Stock Forecast: Will Microsoft Buy the Company?,"MicroVision (MVIS) stock surged over 50 percent on March 31, 2021, driven by rumors of potential acquisition interest from tech giants like Apple and Microsoft, especially after Microsoft secured a $22 billion contract with the U.S. Army for augmented reality headsets, in which MicroVision is believed to be a supplier. Despite this growth, MVIS remains a speculative investment due to its low revenue, lack of analyst coverage, and high volatility, with its CEO acknowledging the company is ""up for sale.""",https://marketrealist.com/p/microvision-mvis-stock-forecast-microsoft-buy/,Market Realist,Market Realist,20210401T080800,,0.078147,Neutral,0.739596,0.119649,Neutral
AAPL,Deluxe Acquires Sony Electronics’ New Media Solutions Division,"Deluxe has acquired Sony New Media Solutions, a division of Sony Electronics, to enhance its digital media supply chain capabilities for studios and streaming services. The acquisition is expected to strengthen Deluxe's technology and workflows, providing NMS customers with full access to Deluxe's integrated supply chain solutions, including localization and distribution. This deal follows Deluxe's earlier acquisition of Sundog Media Toolkit, further expanding its cloud automation resources.",https://deadline.com/2021/04/deluxe-acquires-sony-electronics-new-media-solutions-division-streaming-digital-1234726042/,Deadline,Deadline,20210401T090000,,0.309115,Somewhat-Bullish,0.604173,0.204691,Somewhat-Bullish
AAPL,Gartner Forecasts Global Devices Installed Base to Reach 6.2 Billion Units in 2021,"Gartner forecasts the global installed base of devices (PCs, tablets, and mobile phones) will reach 6.2 billion units in 2021, driven by permanent changes in device usage patterns due to the pandemic, including remote and hybrid work. The number of laptops and tablets is expected to increase significantly, while smartphone market confidence returns with a projected 1% increase in installed base in 2021. The article highlights the increasing complexity for IT services due to a mix of company-owned and personal devices and a rising demand for connected 4G/5G devices.",https://www.gartner.com/en/newsroom/press-releases/2021-04-01-gartner-forecasts-global-devices-installed-base-to-reach-6-2-billion-units-in-2021,Gartner,Gartner,20210401T203217,,0.350648,Bullish,0.634819,0.347502,Somewhat-Bullish
AAPL,Bilibili’s $123 million investment in TapTap plans to revolutionize game distribution in China,"Chinese video-sharing website Bilibili has invested $123 million in TapTap, aiming to disrupt traditional game distribution channels in China. TapTap stands out by not charging a commission on in-app purchases, a direct challenge to the commission models of major app stores like Huawei, Xiaomi, Google, and Apple. This move allows Bilibili to diversify its revenue and directly compete with giants like Tencent, Huawei, and Xiaomi in the highly competitive Chinese gaming market.",https://gamingonphone.com/news/bilibilis-123-million-investment-in-taptap/,GamingonPhone,GamingonPhone,20210401T225508,https://i0.wp.com/gamingonphone.com/wp-content/uploads/2021/04/bilibili-invests-in-taptap.jpg,-0.079203,Neutral,0.601561,-0.301609,Somewhat-Bearish
AAPL,Apple adding 240MWh of Tesla battery storage at California solar PV facility,"Apple is building a 240MWh battery energy storage system (BESS) using Tesla Megapacks at its existing 280MW California Flats solar PV plant in Monterey County. This system will support Apple's 130MW portion of the solar facility, storing excess daytime energy for later use. The initiative is part of Apple's broader commitment to power its operations with 100% renewable energy and achieve carbon neutrality by 2030, a goal also adopted by over 110 of its supply chain partners.",https://www.energy-storage.news/apple-adding-240mwh-of-tesla-battery-storage-at-california-solar-pv-facility/,Energy-Storage.News,Energy-Storage.News,20210401T230729,https://www.energy-storage.news/wp-content/uploads/2021/08/Apple_announces-new-climate-efforts-with-over-110-suppliers-transitioning-to-renewable-energy-wide-shot-of-field_033121_big.large_.jpg,0.253741,Somewhat-Bullish,1.000000,0.479859,Bullish
AAPL,Micron and Western Digital Each Exploring Ways to Buy Kioxia,"Micron Technology and Western Digital are reportedly exploring separate deals to acquire Kioxia, a move that could significantly reshape the NAND memory market. Kioxia, majority-owned by Bain Capital, was valued at $16 billion before postponing its IPO due to market uncertainties. A successful acquisition by either company could lead to significant market consolidation, with Western Digital potentially becoming the largest flash memory maker.",https://www.tomshardware.com/news/micron-western-digital-exploring-kioxia-take-over,Tom's Hardware,Tom's Hardware,20210401T231955,https://cdn.mos.cms.futurecdn.net/xuTEsJVcnVhKLeqJkt79hD.png,0.199241,Somewhat-Bullish,0.582064,0.098442,Neutral
AAPL,OLB Group Adds QR Code Acceptance to Its Gateway,"OLB Group has integrated dynamic QR code acceptance into its cloud-based OmniSoft platform and SecurePay gateway to meet the demand for contactless payment options. This feature allows merchants, especially small and mobile businesses like tradesmen, to accept various digital payments including Apple Pay, Google Pay, and cryptocurrency, using just their phone. The company continues to expand its payment processing capabilities, having recently added social media app payments and cryptocurrency, with plans for PayPal wallet support.",https://www.digitaltransactions.net/olb-group-adds-qr-code-acceptance-to-its-gateway/,Digital Transactions,Digital Transactions,20210401T232234,https://v6r2p5t5.delivery.rocketcdn.me/wp-content/uploads/2021/04/QRcodeonphoneWP.jpg.webp,0.33692,Somewhat-Bullish,0.633580,0.327971,Somewhat-Bullish
AAPL,"Judge dismisses Koss Corp. patent suit against Skullcandy. Cases vs. Apple, Bose continue.","A judge has dismissed Koss Corp.'s patent-infringement lawsuit against Skullcandy Inc. due to a geographic-venue issue. However, Koss Corp. is continuing its patent cases against four other companies, including Apple Inc. This development comes as Koss Corp. seeks to protect its intellectual property in the headphones market.",https://www.bizjournals.com/milwaukee/news/2021/04/05/judge-dismisses-koss-corp-patent-lawsuit.html,The Business Journals,The Business Journals,20210405T203723,,0.082729,Neutral,0.705154,0.131248,Neutral
AAPL,Delivery service startup Enjoy to go public via SPAC in a $1.6B deal,"Enjoy Technology Inc., a delivery service startup, is set to go public through a merger with the SPAC Marquee Raine Acquisition Corp. in a deal valued at $1.6 billion. Founded by former Apple executive Ron Johnson, Enjoy differentiates itself by having employees hand-deliver and set up electronic devices for consumers, providing an hour of installation and advice. The company has raised $230 million in venture capital and partners with notable firms like Apple, AT&T, and BT Group.",https://siliconangle.com/2021/04/05/delivery-service-startup-enjoy-go-public-via-spac-1-6b-deal/,SiliconANGLE,SiliconANGLE,20210405T233237,https://d15shllkswkct0.cloudfront.net/wp-content/blogs.dir/1/files/2021/04/enjoy.jpg,0.115736,Neutral,0.744968,0.133468,Neutral
AAPL,Asian-American business leaders rally against wave of hatred: ‘We don’t deserve to live in fear in our own country’,"Asian-American business leaders are speaking out against increased violence and animosity towards their communities during the COVID-19 pandemic. Many Asian Americans, who form a significant portion of Silicon Valley's tech industry, are using their platforms to voice their concerns. The article highlights an incident where Debby Soo, CEO of OpenTable, experienced discrimination in a grocery store, illustrating the pervasive nature of this prejudice.",https://www.marketwatch.com/story/asian-american-tech-leaders-rally-against-wave-of-hatred-we-dont-deserve-to-live-in-fear-in-our-own-country-11617740339?gaa_at=eafs&gaa_n=AWEtsqdgAe2Ne_op8El4q9GzAbMmQuSrCpVIykuKZ02eKJ-9sHFlDiM_2_g0&gaa_ts=6907b886&gaa_sig=TEKfKd7JgK0o6BBPs1g9sF0RKi2W1ZuDFmGxq5hLV6bxG7Eskd8ijtxZrfBLzDWN_EWLz28aUC6XxduDzHrpOQ%3D%3D,MarketWatch,MarketWatch,20210406T161800,,0.039492,Neutral,0.746602,0.049177,Neutral
AAPL,"Caledonia Mining ups dividend again, says Central Shaft is fully operational","Caledonia Mining Corporation PLC increased its quarterly dividend for the fifth time in 18 months, raising it to 12 US cents. This decision stems from the anticipated combination of rising production and declining capital investment as their six-year investment program at Blanket mine concludes. Furthermore, the company announced that its new Central Shaft at the mine, the deepest gold mine shaft in Zimbabwe, is now fully operational, which is expected to resolve hoisting constraints and facilitate the expansion of mine capacity to target 80,000 ounces of gold production per year.",https://www.proactiveinvestors.co.uk/companies/news/945749/caledonia-mining-ups-dividend-again-says-central-shaft-is-fully-operational-945749.html,Proactive Investors,Proactive Investors,20210406T225858,https://cdn.proactiveinvestors.com/eyJidWNrZXQiOiJwYS1jZG4iLCJrZXkiOiJ1cGxvYWRcL05ld3NcL0ltYWdlXC8yMDIxXzA0XC8xNjE3NzAwMTE0XzIwMjEtMDMtMTEtMDYtNDctMjRfNmRmMDNlYmQzM2YyNzFkNTdjMjY2ZTY1ZWEwMmZiNTYuanBnIiwiZWRpdHMiOnsicmVzaXJlIjp7IndpZHRoIjoxMjgwLCJoZWlnaHQiOjcyMCwiZml0IjoiY292ZXIifX19,0.388944,Bullish,0.585620,0.246202,Somewhat-Bullish
AAPL,Is This the Future of Face Masks? (Published 2021),"Will.i.am and Honeywell have collaborated to launch the ""Xupermask,"" a smart face mask priced at $299. This device combines aspects of a traditional mask with noise-canceling headphones, LED lights, and Bluetooth, aiming to create a new category of wearable technology. The design, by Hollywood costume designer Jose Fernandez, is described as futuristic and will be sold through direct-to-consumer drops.",https://www.nytimes.com/2021/04/06/style/william-face-mask.html,The New York Times,The New York Times,20210406T231112,https://static01.nyt.com/images/2021/04/08/fashion/06WILLIAM-MASK-1/06WILLIAM-MASK-1-articleLarge.jpg?quality=75&auto=webp&disable=upscale,0.143702,Neutral,0.631860,-0.143856,Neutral
AAPL,Lovesac opening a showroom at Shops of Saddle Creek in Germantown: Here's what to expect,"Lovesac, known for its adaptable and eco-friendly couches called ""Sactionals,"" is opening a 1,989-square-foot showroom at the Shops of Saddle Creek South in Germantown by the end of 2021. This will be the company's first location in the Memphis area and its second in Tennessee. The showroom aims to allow shoppers to experience Lovesac’s reconfigurable furniture and highlight its commitment to reducing furniture waste through durable products.",https://www.commercialappeal.com/story/news/local/suburbs/germantown/2021/04/06/lovesac-company-tennessee-locations-shops-of-saddle-creek-germantown/7113546002/,The Commercial Appeal,The Commercial Appeal,20210406T233500,"https://www.commercialappeal.com/gcdn/presto/2020/05/12/PMCA/42407c89-e6f3-4cc5-a604-9f96227517b1-Shop_3.jpg?crop=5005,2816,x0,y254&width=660&height=372&format=pjpg&auto=webp",0.210837,Somewhat-Bullish,0.633107,0.119231,Neutral
AAPL,"Meet the highest paid CEO in S&P 500, Paycom’s $211M man","Chad Richison, the founder and CEO of Paycom Software Inc., was awarded compensation valued at $211 million in 2020, making him the highest-paid CEO in the S&P 500 based on disclosures so far. This compensation package, centered on restricted shares, could be worth over $2 billion if Paycom's stock price significantly increases, demonstrating a performance-based alignment with shareholder interests. Richison's equity award is contingent on the company's share price more than doubling and reaching specific targets within the next decade.",https://www.foxbusiness.com/lifestyle/meet-the-highest-paid-ceo-in-sp-500-paycoms-211-million-man,Fox Business,Fox Business,20210407T080300,,0.200586,Somewhat-Bullish,0.606973,0.139193,Neutral
AAPL,Targeting Overseas Tax Shelters (Published 2021),"This article discusses how Bristol Myers Squibb used offshore tax shelters in Ireland and other locations to avoid paying an estimated $1.4 billion in U.S. federal income taxes. The Biden administration plans to crack down on these practices by proposing a global minimum corporate tax rate of 21% to fund infrastructure projects. The article explores the history of such tax avoidance schemes, the motivations behind them, and the challenges the Biden administration faces in implementing its new tax policies.",https://www.nytimes.com/2021/04/07/podcasts/the-daily/tax-scheme-bristol-myers-irs-janet-yellen.html,The New York Times,The New York Times,20210407T100007,,-0.162284,Somewhat-Bearish,0.645106,-0.126269,Neutral
AAPL,JPMorgan Chase CEO Jamie Dimon: Fintech is an 'enormous competitive' threat to banks,"JPMorgan Chase CEO Jamie Dimon has identified fintech companies, including Big Tech firms like Amazon and Apple, as a significant competitive threat to traditional banks. He notes that fintechs are rapidly developing user-friendly digital banking products across loans, payments, and investing, leading to banks playing a smaller role in the financial system. Dimon warns of emerging issues like shadow banking and cryptocurrency regulation, advocating for government oversight to create a level playing field for all financial institutions.",https://www.cnbc.com/2021/04/07/jpmorgan-chase-ceo-jamie-dimon-why-fintech-is-a-big-threat-to-banks.html,CNBC,CNBC,20210407T145800,https://image.cnbcfm.com/api/v1/image/105610460-1544123196551img_2362.jpg?v=1554384128&w=750&h=422&vtcrop=y,0.035655,Neutral,0.629690,0.106120,Neutral
AAPL,JPMorgan’s Chief Sees a Boom Coming (Published 2021),"JPMorgan CEO Jamie Dimon predicts a potential economic boom extending into 2023 driven by excess savings, deficit spending, infrastructure plans, and vaccine-induced euphoria, though he warns of potential inflation and aggressive interest rate hikes. He also addresses concerns about the growing influence of shadow banking and big tech in finance, China's perception of American decline, and the complexities of addressing climate change. Dimon's annual letter also touched on remote work reducing office space needs, cybersecurity spending, and specific tax loopholes he believes should be closed.",https://www.nytimes.com/2021/04/07/business/dealbook/jamie-dimon-jpmorgan-chase-letter.html,The New York Times,The New York Times,20210407T203644,,0.364173,Bullish,0.633467,0.300364,Somewhat-Bullish
AAPL,China's Digital Yuan Is Coming. The FINX ETF Is Ready,"China is introducing its own digital currency, the digital yuan, which could significantly impact the global financial landscape. This development is particularly relevant for fintech ETFs like the Global X FinTech ETF (FINX), as the digital yuan aims to be untethered from the U.S. dollar-dominated system. FINX provides investors with exposure to companies utilizing technological innovations to disrupt and improve financial services, and its performance has been strong, though its current China allocation is relatively small.",https://etfdb.com/thematic-investing-content-hub/digital-yuan-coming-finx-ready/,ETF Database,ETF Database,20210408T080940,https://etfdb.com/media/W1siZiIsIjIwMjUvMDkvMDkvN2NvOGUybmw3Yl90aGVtYXRpY2ludmVzdGluZ19PVkVSTEFZXzE2MDB4MTIxXzF4LnBuZyJdXQ/thematicinvesting_OVERLAY_1600x121-1x.png,0.424213,Bullish,0.605919,0.115773,Neutral
AAPL,Israeli digital forensics startup Cellebrite to go public via SPAC in $2.4B deal,"Cellebrite, an Israeli digital forensics startup known for phone hacking, is set to go public through a SPAC merger with TWC Tech Holdings II Corp. The deal values the company at approximately $2.4 billion and will provide $580 million in cash, including a $300 million private investment. The combined company will be listed on Nasdaq under the ticker symbol ""CLBT.""",https://siliconangle.com/2021/04/08/israeli-digital-forensics-startup-cellebrite-go-public-via-spac-2-4b-deal/,SiliconANGLE,SiliconANGLE,20210408T203900,,0.287574,Somewhat-Bullish,0.602129,0.107310,Neutral
AAPL,Paycom boss Chad Richison's net worth: Inside highest paid CEO's $211M package and philanthropy work,"Chad Richison, Paycom's founder and CEO, became the highest-paid CEO in the S&P 500 in 2020 with a compensation package worth over $200 million. This package includes 1.61 million restricted shares tied to aggressive performance goals, potentially adding billions to his net worth if Paycom's share price significantly increases. Richison, with a net worth of around $2.9 billion, is also known for his philanthropic efforts, having signed the Giving Pledge and founded the Green Shoe Foundation.",https://meaww.com/paycom-highest-paid-ceo-chad-richison-net-worth-211-million-philanthropy,MEAWW,MEAWW,20210408T205717,,0.21205,Somewhat-Bullish,0.605451,0.127325,Neutral
AAPL,WSJ News Exclusive | P&G Worked With China Trade Group on Tech to Sidestep Apple Privacy Rules,"Procter & Gamble (P&G) collaborated with a Chinese trade group on a new technology, called CAID, to gather iPhone data for targeted ads. This effort aims to bypass Apple's new iOS 14.5 privacy features, which require user permission for app tracking. The technique, using device fingerprinting, would allow advertisers to continue tracking users despite Apple's policies, which explicitly prohibit such methods.",https://www.wsj.com/business/media/p-g-worked-with-china-trade-group-on-tech-to-sidestep-apple-privacy-rules-11617902840?gaa_at=eafs&gaa_n=AWEtsqc0Jn2_dtp2AdqDqWcEhZHEw5sSTogaCfNZh0ZNBbHui7Gtjpu3bKcs&gaa_ts=699b93ac&gaa_sig=6e41QbB4aqVBVy_X94K8a7lwNEBiCBcaUiw43fEzVdXL6BOFzNwHFt-RUob8j2No4gPMFf2-Fb1ilPgBQzZblw%3D%3D,The Wall Street Journal,The Wall Street Journal,20210408T232425,,-0.151498,Somewhat-Bearish,0.928986,-0.238375,Somewhat-Bearish
AAPL,"T-Mobile ups 5G ante with home broadband, free phone upgrades","T-Mobile has launched its ""5G For All"" campaign, which includes free 5G phone upgrades and the country's first widely available wireless broadband home internet service. The phone upgrades allow customers to trade in any working smartphone for a new Samsung A32 5G or receive discounts on an iPhone 12 with a 24-month postpaid service agreement. Additionally, T-Mobile's new Home Internet service offers speeds averaging 100 Mbps for $60/month and is expected to be available to 30 million US households, including many in rural areas, providing a crucial alternative to traditional wired internet.",https://www.usatoday.com/story/tech/columnist/2021/04/07/t-mobile-introducing-5-g-home-broadband-service/7113406002/,USA Today,USA Today,20210408T233354,https://www.usatoday.com/gciaf/prod/p?a=pageview&p=USAT-TEALIUM-TANGENT&m=web&k=f14ebdd6-0569-4c64-af73-99937bc06379&s=noscript,0.245963,Somewhat-Bullish,0.726116,0.348229,Somewhat-Bullish
AAPL,Netflix (NFLX) Gets Exclusive Deal to Stream Sony Picture Movies,"Netflix has secured an exclusive five-year licensing deal with Sony Pictures Entertainment, granting it the right to stream Sony's theatrical releases starting in 2022. This agreement will bring major upcoming films and popular franchises like *Spider-Man: Into the Spider-Verse* and *Jumanji* to Netflix, along with a first-look agreement for Sony's direct-to-streaming original movies. The move aims to bolster Netflix's content library amidst increasing competition in the streaming market.",https://finance.yahoo.com/news/netflix-nflx-gets-exclusive-deal-140602623.html,Yahoo Finance,Yahoo Finance,20210409T232048,https://s.yimg.com/ny/api/res/1.2/eTljSegrDHOuDd4jp6vGAA--/YXBwaWQ9aGlnaGxhbmRlcjt3PTk2MDtoPTQ0MA--/https://media.zenfs.com/en/zacks.com/023398d50c038e55f1f1f9b550d5569f,0.322429,Somewhat-Bullish,0.552096,0.124091,Neutral
AAPL,P&G reportedly testing Chinese workaround to Apple’s privacy changes,"Procter & Gamble is participating in a test in China of a method to collect iPhone data for ad targeting, as a potential way to circumvent Apple's new privacy features. This initiative, developed with the China Advertising Association, uses ""device fingerprinting"" technology (CAID) to track online consumers, which violates Apple's app rules. As a major advertiser, P&G is seeking alternative audience tracking methods to maintain ad efficiency given that many consumers are expected to opt out of device tracking.",https://www.marketingdive.com/news/pg-reportedly-testing-chinese-workaround-to-apples-privacy-changes/598091/,Marketing Dive,Marketing Dive,20210409T232425,,-0.120068,Neutral,0.860432,-0.445040,Bearish
AAPL,State Street SPDR道瓊全球龍頭ETF-DGT-ETF相關分析,"This article provides an analysis of the State Street SPDR Dow Jones Global Titans ETF (DGT). It lists various ETFs that have a negative correlation with DGT, detailing their tracking indices and correlation coefficients. The data presented aims to help investors understand the related performance and risk factors associated with this global ETF.",https://www.moneydj.com/etf/x/basic/basic0014.xdjhtm?etfid=dgt&b=2,MoneyDJ理財網,MoneyDJ理財網,20210411T033904,,-0.127438,Neutral,0.588592,-0.210855,Somewhat-Bearish
AAPL,Tech Innovation vs. Legislative Reform: Apple’s Response to the TCJA,"This paper examines the impact of the 2017 Tax Cuts and Jobs Act (TCJA) on global corporate structures, using Apple as a case study. It concludes with an exploration of Apple’s use of assets repatriated under the TCJA. The paper details how Apple and similar multinational enterprises historically structured their overseas operations to minimize tax liability and how the TCJA aimed to incentivize repatriation of these offshore profits.",https://news.law.fordham.edu/jcfl/2021/04/12/tech-innovation-vs-legislative-reform-apples-response-to-the-tcja/,Fordham Law News,Fordham Law News,20210412T225017,https://news.law.fordham.edu/jcfl/wp-content/uploads/sites/5/2020/01/iStock-1019220022-1024x576.jpg,0.209482,Somewhat-Bullish,1.000000,0.203035,Somewhat-Bullish
AAPL,Eli Lilly and Company hires Apple's retail information technology chief,"Eli Lilly and Company has hired Diogo Rau, Apple's former chief of information technology for online and in-store retail, as its new senior vice president and chief information and digital officer. Rau will lead Lilly's initiatives in data use, analytics, and machine learning, succeeding Aarti Shah. His previous experience at Apple included developing technologies for the Apple Online Store and retail stores.",https://appleinsider.com/articles/21/04/13/eli-lilly-and-company-hires-apples-retail-information-technology-chief,AppleInsider,AppleInsider,20210413T104500,,0.251396,Somewhat-Bullish,0.706147,0.123203,Neutral
AAPL,"Eli Lilly, riding pharma's rising digital wave, drafts Apple exec to replace Shah as CDO","Eli Lilly has appointed Diogo Rau, a former Apple executive, as its new chief digital and information officer, replacing the retiring Aarti Shah. This move reflects a growing trend in the pharmaceutical industry to recruit consumer-sector digital leaders, particularly as the pandemic has accelerated digital adoption. The article highlights similar hires by other major pharma companies like Sanofi, GlaxoSmithKline, and Novartis, while also noting some instances where such executives have returned to the consumer digital space.",https://www.fiercepharma.com/marketing/eli-lilly-nabs-new-digital-chief-from-apple-diogo-rau-takes-over-for-retiring-aarti-shah,Fierce Pharma,Fierce Pharma,20210413T105500,,0.179608,Somewhat-Bullish,0.701840,0.322858,Somewhat-Bullish
AAPL,Manager Question of the Month: How Active Fund Managers Cope With Index Concentration,"This article discusses the challenges active fund managers face due to increasing index concentration, particularly in U.S. large-cap growth benchmarks dominated by a few technology companies. It explores how managers adapt their strategies, including considering a switch from diversified to nondiversified funds, and the trade-offs involved in maintaining performance against highly concentrated indexes while adhering to SEC diversification rules. The piece highlights various approaches taken by investment firms like T. Rowe Price and Wellington Management.",https://www.morningstar.com/funds/manager-question-month-how-active-fund-managers-cope-with-index-concentration,Morningstar,Morningstar,20210413T202216,,0.126905,Neutral,0.727455,0.130531,Neutral
AAPL,"For Two Vanguard ETFs, the Growth vs. Value Battle Roars On","The article highlights the ongoing ""growth vs. value"" debate by comparing two Vanguard ETFs: VUG (Growth) and VTV (Value). While VTV has shown stronger short-term performance with a significant year-to-date gain, VUG has historically outperformed VTV over longer periods, driven by its heavy tech holdings. The piece discusses the investment approaches and expense ratios of both funds.",https://www.etftrends.com/smart-beta-channel/vanguard-etfs-growth-value-battle-roars-on/,ETF Trends,ETF Trends,20210413T213156,,0.249929,Somewhat-Bullish,0.625699,0.336734,Somewhat-Bullish
AAPL,Taiwan's Pegatron to build Tesla parts plant in Texas - report,"Taiwanese manufacturer Pegatron, a key supplier for Apple Inc., has reportedly selected a site in El Paso, Texas, to construct a plant that will produce components for Tesla Inc. The company stated that specific details regarding its overseas plant investments are still in the planning stages, though it had previously announced intentions to build a U.S. factory. Pegatron views electric vehicles as a significant growth area for its business.",https://www.reuters.com/world/asia-pacific/taiwans-pegatron-build-tesla-parts-plant-texas-report-2021-04-14/,Reuters,Reuters,20210414T125700,https://www.reuters.com/resizer/v2/LR3DVSBXEJPKZCSFLF4ZN25KIE.jpg?auth=7ba7b96744a303392425f3c8bf5a59f43f10a58c478cface225192615b308527&width=1920&quality=80,0.240331,Somewhat-Bullish,0.710434,0.129765,Neutral
AAPL,"Google, Adobe and Samsung top best company culture list for 2021","Google, Adobe, and Samsung have topped Comparably's 2021 Best Global Company Culture list. Google led with an 85% employee approval rating, while Adobe followed closely with 96%, and Samsung was the only Asian company in the top 50. The rankings were based on anonymous employee feedback across 20 workplace culture categories, factoring in companies' handling of the pandemic and employee well-being.",https://www.humanresourcesonline.net/google-adobe-and-samsung-top-best-company-culture-list-for-2021,Human Resources Online,Human Resources Online,20210415T192627,,0.360032,Bullish,0.635029,0.379363,Bullish
AAPL,Apple and partners launch first-ever $200 million Restore Fund to accelerate natural solutions to climate change,"Apple has launched a $200 million Restore Fund with Conservation International and Goldman Sachs, aimed at investing in forestry projects to remove carbon from the atmosphere while generating financial returns. This initiative is part of Apple's broader goal to become carbon neutral across its entire value chain by 2030, specifically targeting the remaining 25% of its emissions. The fund will prioritize projects that meet strict environmental and social standards, build on Apple's existing forestry conservation efforts, and involve partnerships in areas like Kenya and Colombia to restore degraded savannas and mangrove forests.",https://www.apple.com/newsroom/2021/04/apple-and-partners-launch-first-ever-200-million-restore-fund/,Apple,Apple,20210415T225018,https://www.apple.com/newsroom/images/values/environment/apple_restore-fund_hero01_04152021_Full-Bleed-Image.jpg.large.jpg,0.333679,Somewhat-Bullish,1.000000,0.412724,Bullish
AAPL,Fueling the connected car economy,"This article by J.P. Morgan explores how connected cars are transforming into mobile payment sources and data hubs, creating new business models. It highlights five key areas: digital showrooms, cars as mobile wallets, developing marketplaces, data monetization, and enabling shared mobility services. The piece emphasizes the need for companies across various industries to develop holistic strategies to adapt to this evolving connected car economy.",https://www.jpmorgan.com/insights/treasury/payables-disbursements/fueling-the-connected-car-economy,J.P. Morgan,J.P. Morgan,20210415T231437,https://www.jpmorgan.com/content/dam/jpm/treasury-services/banner/fueling-the-connected-car-economy.png,0.281064,Somewhat-Bullish,0.585321,0.292511,Somewhat-Bullish
AAPL,The pandemic may have permanently altered Apple’s path,"The COVID-19 pandemic significantly impacted Apple's business by reigniting interest in its less prominent product categories, such as iPads and Macs. This shift away from sole reliance on iPhone revenue is expected to continue. The company is now well-positioned to benefit from increased consumer spending as the economy recovers.",https://www.marketwatch.com/story/apple-found-fans-beyond-the-iphone-as-pandemic-gave-life-to-mac-and-ipad-11618598367?gaa_at=eafs&gaa_n=AWEtsqeUMjOrtNoACz3X7-NRwmBGx0MjUbRfzac5JaTb7iWaEpbaenNpGnj6&gaa_ts=699b8bac&gaa_sig=EJXAW5ihD2BNoBkM0Irvi1Iz--duEeT83-fQutV7C38x-oCjpqvHiDPhizBLNMrhMqF28cdJyuwK2UrZbylbRA%3D%3D,MarketWatch,MarketWatch,20210416T143900,https://images.mktw.net/im-324958?width=1260&height=876,0.330319,Somewhat-Bullish,1.000000,0.333102,Somewhat-Bullish
AAPL,"Adobe co-founder, Los Altos resident Charles ‘Chuck’ Geschke dies","Charles M. “Chuck” Geschke, co-founder of Adobe Systems and Los Altos resident, has died at age 81. Geschke co-founded Adobe with John Warnock in 1982, creating PostScript which revolutionized desktop publishing, and the company later expanded significantly into various software areas. He was also notable for his kidnapping in 1992 and his extensive philanthropic work and awards recognizing his contributions to technology and education.",https://padailypost.com/2021/04/17/adobe-co-founder-los-altos-resident-charles-chuck-geschke-dies/,Palo Alto Daily Post,Palo Alto Daily Post,20210417T000700,,0.151211,Somewhat-Bullish,0.717508,0.166086,Somewhat-Bullish
AAPL,An activist investor calls for a slate of new directors at apparel retailer Genesco,"Activist investor Legion Partners is calling for a slate of seven new directors to be appointed to Genesco's eight-person board, aiming to enhance shareholder value through strategies like de-conglomeratizing and cutting overhead. This move marks Legion's second attempt at activism with Genesco, after a previous campaign in 2018 where the investor ultimately sold its position. Despite a strong plan, the author questions Legion's long-term commitment given their past divestment and the absence of a Legion principal on the proposed board slate, suggesting that a smaller board change might be more appropriate.",https://www.cnbc.com/2021/04/17/an-activist-investor-calls-for-a-slate-of-new-directors-at-apparel-retailer-genesco.html,CNBC,CNBC,20210417T083800,,-0.072631,Neutral,0.588775,0.028560,Neutral
AAPL,AutoX Selects Arbe's 4D Imaging Radar Platform for Level 4 Autonomous Vehicles,"Arbe announced that AutoX has selected its 4D Imaging Radar Platform for integration into 400,000 Level 4 autonomous vehicles, including RoboTaxis, over the next five years. This partnership aims to enhance safety and performance by utilizing Arbe's ultra-high resolution radar systems, which offer 100 times more detail than other market radars. The collaboration emphasizes an effort to elevate safety standards for L4 autonomous vehicles, particularly in dense urban environments like those in China.",https://www.prnewswire.com/il/news-releases/autox-selects-arbes-4d-imaging-radar-platform-for-level-4-autonomous-vehicles-301271339.html,PR Newswire,PR Newswire,20210419T140000,https://mma.prnewswire.com/media/803813/Arbe_Robotics_Logo.jpg,0.252673,Somewhat-Bullish,0.577470,0.240518,Somewhat-Bullish
AAPL,"Michele Romanow’s Clearbanc hits unicorn status, raising US$100-million at nearly US$2-billion valuation","Michele Romanow's company, Clear Finance Technology Corp., has achieved unicorn status, raising US$100-million in equity at a valuation of close to US$2-billion. The company, rebranding as Clearco, provides cash advances to online sellers and has seen significant growth during the pandemic, benefiting from the surge in online orders. It plans to tap larger sources of off-balance sheet debt financing to fuel future expansion, including a new US$250-million debt facility from Credigy Ltd.",https://www.theglobeandmail.com/business/article-michele-romanows-clearbanc-hits-unicorn-status-raising-us100-million/,The Globe and Mail,The Globe and Mail,20210420T192612,https://www.theglobeandmail.com/resizer/v2/4488Q5U4VZC5VMDRC6XIP3Z2BE.JPG?auth=dI8tF0L_c_Qv8v10L_G0M8IuV0Q0V0v0,0.295427,Somewhat-Bullish,0.722146,0.254210,Somewhat-Bullish
AAPL,"Chuck Geschke, Father of Desktop Publishing, Dies at 81 (Published 2021)","Chuck Geschke, co-founder of Adobe and a pioneer in desktop publishing, has died at 81. He and John Warnock developed PostScript, a crucial technology that enabled digital documents to be sent to printers, revolutionizing how businesses and individuals could print their own materials. Their innovation at Adobe, including the PDF, significantly influenced the development of personal computing and digital document sharing.",https://www.nytimes.com/2021/04/20/technology/chuck-geschke-dead.html,The New York Times,The New York Times,20210420T192626,,0.166568,Somewhat-Bullish,0.708063,0.136539,Neutral
AAPL,Logitech Combo Touch Available for New iPad Pro 12.9” (5th generation) and iPad Pro 11” (3rd generation),"Logitech announced the availability of its Combo Touch for the new iPad Pro 11” (3rd generation) and soon for the iPad Pro 12.9” (5th generation). This versatile case features a detachable keyboard and an integrated, large click-anywhere trackpad, connecting via the Smart Connector. It supports four use modes—typing, viewing, sketching, and reading—and offers protection for the iPad.",https://ir.logitech.com/press-releases/press-release-details/2021/Logitech-Combo-Touch-Available-for-New-iPad-Pro-12.9-5th-generation-and-iPad-Pro-11-3rd-generation/default.aspx,Logitech International,Logitech International,20210420T204210,https://www.businesswire.com/news/home/20210420006099/en/,0.386097,Bullish,0.742629,0.309391,Somewhat-Bullish
AAPL,Netflix’s Dominance Starts to Slow as Rivals Gain (Published 2021),"Netflix reported a slowdown in subscriber growth for the first quarter of 2021, adding only four million new customers compared to a forecast of six million. This modest growth, coupled with a decline in its share of global demand for original programming, indicates that competitors like Disney+, HBO Max, and Paramount+ are beginning to challenge Netflix's long-standing market dominance. The company anticipates adding even fewer subscribers in the current quarter.",https://www.nytimes.com/2021/04/20/business/media/netflix-subscribers-earnings.html,The New York Times,The New York Times,20210420T205134,,-0.20588,Somewhat-Bearish,0.633575,-0.134864,Neutral
AAPL,"iMac features all-new design in vibrant colors, M1 chip, and 4.5K Retina display","Apple has introduced an all-new iMac with a compact, thin design enabled by the M1 chip, featuring vibrant colors, a 24-inch 4.5K Retina display, and the best camera, mics, and speakers ever in a Mac. It also brings Touch ID to the iMac for the first time, enhancing security and user convenience. The new iMac, powered by M1 and macOS Big Sur, promises significantly faster performance for everyday tasks and demanding workloads, building on Apple's transition to Apple silicon.",https://www.apple.com/newsroom/2021/04/imac-features-all-new-design-in-vibrant-colors-m1-chip-and-45k-retina-display/,Apple,Apple,20210420T225018,https://www.apple.com/newsroom/images/product/imac/standard/apple_new-imac-spring21_hero_04202021_Full-Bleed-Image.jpg.large.jpg,0.854307,Bullish,1.000000,0.868103,Bullish
AAPL,Apple supplier Quanta says no business impact from ransomware attack,"Apple Inc. supplier Quanta Computer Inc. announced that a recent ransomware attack would not significantly impact its business operations. This statement comes after reports that a Russian hacker group, REvil, claimed to have accessed confidential design files, possibly related to an Apple MacBook, and demanded a $50 million ransom from Quanta, also asking Apple to pay. Quanta is currently collaborating with law enforcement and data protection authorities regarding the incident.",https://www.reuters.com/technology/apple-supplier-quanta-says-no-business-impact-ransomware-attack-2021-04-21/,Reuters,Reuters,20210421T163900,https://www.reuters.com/resizer/v2/ATMKVMZHIZPUNMKCB2T4TQSSCM.jpg?auth=e8266d969ccb9ae30d725bebd1ca22715ede54edd53c227c3ef8f775d70b5144&width=1080&quality=80,0.04962,Neutral,0.999590,0.045046,Neutral
AAPL,"Apple Launches Powerful New iPad, ‘Air Tags’ to Track Lost Items","Apple announced new products including a powerful iPad Pro with the M1 chip, new iMac computers, and AirTags for tracking lost personal items. The new iPad Pro aims to meet increased demand for work-from-home solutions, while AirTags offer a secure way to locate misplaced objects using the ""Find My"" network. Apple also unveiled a new podcast subscription service.",https://learningenglish.voanews.com/a/apple-launches-powerful-new-ipad-air-tags-to-track-lost-items/5861881.html,VOA - Voice of America English News,VOA - Voice of America English News,20210421T192604,,0.176168,Somewhat-Bullish,1.000000,0.427517,Bullish
AAPL,"Is Apple a Growth Stock, a Value Stock, or Both?","This article discusses whether Apple (AAPL) is a growth stock, a value stock, or both, examining its classification within Morningstar's Style Box and its historical journey. It highlights how Apple's style assignment impacts investor portfolios and fund performance, especially for index funds and active managers. The authors explain Morningstar's multi-factor style model, which places Apple in the ""large core"" segment due to its mixed characteristics, and contrast this with other index providers.",https://www.morningstar.com/stocks/is-apple-growth-stock-value-stock-or-both,Morningstar,Morningstar,20210421T201228,,0.06259,Neutral,0.969702,0.143378,Neutral
AAPL,"Charles Geschke (1939–2021), co-founder of Adobe","Charles Geschke, co-founder of Adobe, passed away on April 16, 2021, at the age of 81. He was instrumental in developing PostScript, which led to the first desktop publishing software and revolutionized the printing industry. Geschke, who served as Adobe's COO and president, was also known for his focus on the creativity of individuals within the company.",https://www.legacy.com/news/charles-geschke-1939-2021-co-founder-of-adobe,Legacy | Obituary,Legacy | Obituary,20210421T225047,https://cdn.legacy.com/api/media/file/blob-3813.blob,0.108673,Neutral,0.622731,0.146181,Neutral
AAPL,The Federal Circuit Provides New Guidance for Patent Licensees Wishing to Challenge the Licensed Patent’s Validity,"The Federal Circuit's decision in Apple Inc. v. Qualcomm Incorporated provides new guidance for patent licensees challenging patent validity, emphasizing the need to prove a specific, ascertainable injury directly impacting payment obligations. The court ruled that ongoing payment obligations under a broad licensing agreement are insufficient for standing without evidence that invalidating the challenged patent would change those obligations. Apple’s arguments for standing were rejected, clarifying that a direct contractual impact, not speculative future threats or estoppel effects, is required for Article III standing.",https://www.mintz.com/insights-center/viewpoints/2231/2021-04-21-federal-circuit-provides-new-guidance-patent-licensees,Mintz,Mintz,20210421T232602,,0.133074,Neutral,0.901093,0.120281,Neutral
AAPL,Encrypted chat app Signal alleges flaws in Cellebrite equipment,"Encrypted messaging app Signal has claimed that products sold by Israeli surveillance provider Cellebrite, used by law enforcement, contain security flaws that could be exploited. Signal's creator, Moxie Marlinspike, alleged that Cellebrite's software security is lacking and that he found snippets of Apple Inc. code within Cellebrite's software, potentially posing legal risks. These allegations come as Cellebrite prepares to go public through a merger, valuing the combined company at approximately $2.4 billion.",https://www.reuters.com/technology/encrypted-chat-app-signal-reveals-flaws-cellebrite-equipment-2021-04-21/,Reuters,Reuters,20210422T030800,https://www.reuters.com/resizer/v2/https%3A%2F%2Fcloudfront-us-east-2.images.arcpublishing.com%2Freuters%2FVJ5V5TGLMBI3PBN3WJ57Y6B64E.jpg?auth=5776d6ec037b51c8901b0b556f8f5334de3b655f4640d216f4077651c6ac1f23&width=800&quality=85&interlace=progressive,-0.230297,Somewhat-Bearish,0.719323,-0.127032,Neutral
AAPL,Signal messaging app reveals flaws in Israeli firm Cellebrite's equipment,"Encrypted chat app Signal has alleged that equipment sold by Israeli surveillance provider Cellebrite to law enforcement can be easily sabotaged. Signal's founder, Moxie Marlinspike, claimed to have found security flaws in Cellebrite's software after examining their equipment, making it vulnerable to specially crafted files. These allegations come as Cellebrite prepares to go public through a SPAC merger, valuing the combined company at around $2.4 billion.",https://m.economictimes.com/tech/technology/signal-messaging-app-reveals-flaws-in-israeli-firm-cellebrites-equipment/articleshow/82191261.cms,The Economic Times,The Economic Times,20210422T091648,,-0.215871,Somewhat-Bearish,0.720181,-0.128067,Neutral
AAPL,"Here's how much money you'd have if you bought $1,000 worth of Netflix stock in 2011","This article examines the significant return on investment for Netflix stock over the past decade. A $1,000 investment in Netflix in 2011 would have grown to over $15,000 by April 2021, far outpacing the S&P 500, Google, and Apple. Despite recent subscriber growth concerns, analysts believe Netflix is well-positioned for the long term due to its first-mover advantage and extensive content investments, even amidst increasing competition from other streaming services.",https://www.cnbc.com/2021/04/22/what-a-1000-dollar-investment-in-netflix-would-be-worth-after-10-years.html,CNBC,CNBC,20210422T110600,,0.119888,Neutral,0.604387,0.200406,Somewhat-Bullish
AAPL,"Get Growth With Large Cap Stability With The ""VONG"" ETF","The article highlights the Vanguard Russell 1000 Growth Index Fund ETF Shares (VONG) as a way for investors to achieve growth with large-cap stability. VONG tracks the Russell 1000 Growth Index, focusing on large-capitalization growth stocks in the U.S., performing well with a 60% increase in the past year, driven by major tech companies. It caters to investors seeking long-term growth opportunities and capital appreciation over dividends.",https://www.etftrends.com/smart-beta-content-hub/get-growth-with-large-cap-stability-with-the-vong-etf/,ETF Trends,ETF Trends,20210422T160926,https://www.etftrends.com/wp-content/uploads/2020/06/image_placeholder.png,0.361471,Bullish,0.638292,0.332140,Somewhat-Bullish
AAPL,Double down on health and fitness with Garmin’s Venu 2 Series GPS smartwatch,"Garmin announced the Venu 2 and Venu 2S GPS smartwatches, designed to help users achieve a healthier lifestyle with new features like fitness age, advanced sleep tracking with sleep score, and numerous health monitoring tools. The Venu 2 series offers over 25 built-in sports apps, enhanced battery life, and smart features for daily convenience. Available in two sizes, these smartwatches are priced at $399.99 and aim to provide deeper insights into overall wellness.",https://www.businesswire.com/news/home/20210422005188/en/Double-down-on-health-and-fitness-with-Garmins-Venu-2-Series-GPS-smartwatch,Business Wire,Business Wire,20210422T202227,,0.335387,Somewhat-Bullish,0.639781,0.146728,Neutral
AAPL,The Glazers,"This article chronicles the 15-year ownership of Manchester United by the Glazer family, delving into the controversial leveraged buyout in 2005 and its impact on the club. It examines their commercial strategies, financial dealings including debt and dividends, and the persistent fan protests, while also exploring the family's approach to the business of sport, their personal involvement, and the challenges of a potential sale. The piece highlights the significant financial returns the Glazers have received and how their business model transformed Manchester United's commercial operations.",https://www.nytimes.com/athletic/1833452/2020/05/26/glazers-malcolm-joel-manchester-united/,The New York Times,The New York Times,20210422T204241,,-0.082974,Neutral,0.550297,0.011797,Neutral
AAPL,"Get Growth With Large Cap Stability With The ""VONG"" ETF","This article highlights the Vanguard Russell 1000 Growth Index Fund ETF Shares (VONG) as a means for investors to achieve growth with large-cap stability. VONG tracks the Russell 1000® Growth Index, focusing on large-capitalization growth stocks in the U.S. The ETF has shown significant growth over the past year, driven by prominent technology companies.",https://www.etftrends.com/smart-beta-channel/get-growth-with-large-cap-stability-with-the-vong-etf/,ETF Trends,ETF Trends,20210422T213211,,0.231467,Somewhat-Bullish,0.649482,0.303779,Somewhat-Bullish
AAPL,The five best arguments that Apple’s App Store is a monopoly,"During a Senate Judiciary Antitrust Subcommittee hearing, Apple and Google faced scrutiny over their app store practices, particularly Apple's App Store, which was accused of monopolistic behavior. Lawmakers and app developers like Spotify, Tile, and Match Group criticized the high commission fees and restrictive policies, such as mandating proprietary payment systems and prohibiting developers from offering discounts outside the app. Spotify's lawyer highlighted issues like the ""Apple tax"" and alleged retaliation from Apple, while Senator Amy Klobuchar raised concerns about ""self-preferencing"" by Apple Music.",https://www.fastcompany.com/90628510/apple-app-store-monopoly-hearing-arguments,Fast Company,Fast Company,20210422T231947,"https://images.fastcompany.com/image/upload/f_webp,c_fit,w_1920,q_auto/wp-cms/uploads/2021/04/p-1-app-store-hearing-the-five-punches-that-landed-against-apple.jpg",-0.388761,Bearish,1.000000,-0.619297,Bearish
AAPL,Equal-Weight Still Holds Quality for Growth Investors,"The article discusses how equal-weighted Nasdaq-100 ETFs like QQQE and QQEW can be beneficial for growth investors, particularly those looking to mitigate concentration risk in the cap-weighted Nasdaq-100 Index. By equal weighting, these funds reduce reliance on mega-cap firms and add a value factor, offering a more balanced exposure to the underlying companies. This approach helps lessen the impact of poor performance from individual large constituents.",https://etfdb.com/nasdaq-portfolio-solutions-content-hub/equal-weight-still-holds-quality-for-growth-investors/,ETF Database,ETF Database,20210422T232613,https://etfdb.com/media/W1siZiIsIjIwMjEvMTEvMDIvM3BqNmg2bG85eV9OYXNkYXFfT3ZlcmxheV9VcGRhdGVfMV8ucG5nIl1d/Nasdaq%20Overlay_Update%20%281%29.png,0.181096,Somewhat-Bullish,0.641665,0.125206,Neutral
AAPL,Artificial Intelligence as the Backbone for the ARKQ ETF,"The article discusses how artificial intelligence serves as a fundamental theme for disruptive technologies, specifically highlighting its importance for the ARK Autonomous Technology & Robotics ETF (ARKQ). It emphasizes AI's intersection with other growth themes and its role as a backbone for various products and services, particularly in edge computing. The piece also details how advancements in AI, machine learning, and supercomputing are driving demand for data center solutions and influencing new architectural developments like ARM's v9.",https://www.etftrends.com/disruptive-technology-channel/artificial-intelligence-backbone-arkq/,ETF Trends,ETF Trends,20210423T140902,https://www.etftrends.com/wp-content/uploads/2025/09/Disruptive_Tech_Robo_masthead_foreground_1600x121@2x.png,0.396151,Bullish,0.732923,0.315073,Somewhat-Bullish
AAPL,Apple Investing in Hendricks County Distribution Center,"Apple Inc. is investing $100 million to build a new distribution center in Hendricks County, Indiana, which will create nearly 500 jobs by the end of 2024. The facility will be operated by XPO Logistics Supply Chain and aims to accelerate delivery times for customers. The Indiana Economic Development Corp. has offered XPO Logistics up to $5 million in conditional tax credits for the project.",https://www.insideindianabusiness.com/articles/apple-investing-in-hendricks-county-distribution-center,Inside INdiana Business,Inside INdiana Business,20210425T231800,,0.491285,Bullish,1.000000,0.474558,Bullish
AAPL,Apple and Google Are Killing the (Ad) Cookie. Here’s Why,"Apple and Google are implementing separate changes that will effectively end the use of third-party advertising cookies, significantly altering how marketers track online activity and target ads. Apple is requiring app developers to gain user permission for tracking across apps and websites, while Google is developing a cookie alternative that allows for targeted advertising without relying on individual web history. Both tech giants cite privacy as the driving force behind these changes, though Google also emphasizes balancing privacy with the financial viability of web publishing.",https://www.bloomberg.com/news/articles/2021-04-26/how-apple-google-are-killing-the-advertising-cookie-quicktake,Bloomberg.com,Bloomberg.com,20210426T100000,,0.275069,Somewhat-Bullish,0.984206,0.717880,Bullish
AAPL,Apple incentives are the largest in NC history. Here’s how the deal breaks down.,"North Carolina has landed a new Apple Inc. high-tech campus in Research Triangle Park, marking the largest incentive deal in the state's history. The state and local incentives for Apple could total nearly $1 billion over four decades, primarily sourced from new Apple employees' state income tax payments which will be directed back to the company. In return, Apple promises $1 billion in investment across North Carolina and 3,000 new jobs with an average annual salary of $187,000, projecting over $1 billion in annual economic benefits for the state.",https://www.newsobserver.com/news/business/article250945394.html,Raleigh News & Observer,Raleigh News & Observer,20210426T175000,,0.455745,Bullish,1.000000,0.499890,Bullish
AAPL,SiriusXM acquires Roman Mars’ 99% Invisible and a bigger stake in the podcasting world,"SiriusXM has acquired Roman Mars' podcast company 99% Invisible Inc., integrating Mars and his team under its Stitcher brand. This acquisition allows Mars to focus on content creation while benefiting from SiriusXM's resources and distribution across platforms like Stitcher, Pandora, and SiriusXM apps. The move highlights the ongoing consolidation in the podcasting industry as larger tech companies vie for top talent and content.",https://www.theverge.com/2021/4/26/22403852/siriusxm-roman-mars-99-percent-invisible-acquire-stitcher,The Verge,The Verge,20210426T175900,https://platform.theverge.com/wp-content/uploads/sites/2/chorus/uploads/chorus_asset/file/22471067/99_Invisible_Logo.jpg?quality=90&strip=all&crop=0%2C16.766666666667%2C100%2C66.666666666667&w=2400,0.199586,Somewhat-Bullish,0.602452,0.104819,Neutral
AAPL,AirTags review: The Bluetooth tracker only Apple would build,"This article reviews Apple's new AirTag Bluetooth tracker, highlighting its seamless integration with the Apple ecosystem, ease of setup, and leveraging of the vast ""Find My"" network. It contrasts AirTags with competitors like Tile, noting Apple's focus on privacy and superior finding capabilities through Ultra-Wideband connectivity, despite some minor drawbacks like accessory costs and sound loudness. The review concludes that AirTags are a genuinely Apple product, both in design and functionality, designed to enhance the iPhone user experience rather than being a standalone business.",https://www.fastcompany.com/90628110/apple-airtags-hands-on-review,Fast Company,Fast Company,20210426T192604,,0.538617,Bullish,1.000000,0.521069,Bullish
AAPL,What do Apple’s new privacy settings mean for you?,"Apple is rolling out new privacy settings requiring app developers to explicitly ask users for permission to track their browsing habits across other apps and websites. This change is expected to significantly impact the mobile advertising market as many users are anticipated to decline tracking, potentially reducing ad effectiveness and revenue for businesses and publishers. The move has created a rift with companies like Facebook, which argues it will harm small businesses.",https://www.aljazeera.com/economy/2021/4/26/what-do-apples-new-privacy-settings-mean-for-you,Al Jazeera,Al Jazeera,20210426T192604,,0.128828,Neutral,1.000000,0.260279,Somewhat-Bullish
AAPL,Apple commits $430 billion in US investments over five years,"Apple announced an accelerated commitment of over $430 billion in US investments and the creation of 20,000 new jobs across the country over the next five years. This includes building a new campus in North Carolina, expanding operations in multiple states, and significant spending on silicon engineering and 5G technology. The company also emphasized its commitment to environmental responsibility and supporting US suppliers and the iOS app economy.",https://www.apple.com/newsroom/2021/04/apple-commits-430-billion-in-us-investments-over-five-years/,Apple,Apple,20210426T225018,https://www.apple.com/newsroom/images/values/corporate/Apple_commits-billions-in-US-investments-over-five-years_042621_big.jpg.large.jpg,0.41315,Bullish,1.000000,0.469317,Bullish
AAPL,"Apple opens South Lake Union towers, plans to double current workforce","Apple has announced plans to significantly expand its presence in Seattle by opening new towers in South Lake Union and doubling its current workforce there. This expansion is part of a larger initiative to add 20,000 jobs across the U.S. over the next five years. The company has leased all office space in the 333 Dexter campus to accommodate this growth.",https://www.bizjournals.com/seattle/news/2021/04/26/apple-opens-south-lake-union-towers.html,The Business Journals,The Business Journals,20210426T231546,https://media.bizj.us/view/img/11361423/333-dester*900xx4032-2268-0-378.jpg,0.177507,Somewhat-Bullish,0.929068,0.323944,Somewhat-Bullish
AAPL,"Golf balls, massage chairs, and pies: Cantaloupe lays out our cash-less future","Cantaloupe, formerly USA Technologies, is a payments technology company for unattended devices like vending machines, golf ball dispensers, and massage chairs. CEO Sean Feeney is leading a multi-year turnaround effort, including a rebranding and a focus on expanding cashless and touchless commerce internationally. The company develops its own point-of-sale terminals and software, expecting subscription services and more complex, data-rich transactions to drive future growth.",https://www.zdnet.com/article/golf-balls-to-massages-to-car-washes-cantaloupe-envisions-the-touch-less-future-of-e-commerce/,ZDNET,ZDNET,20210427T073600,https://www.zdnet.com/a/img/resize/20be71d327d38256646f5cdadadc314e6d5323df/2022/08/05/c2f70f95-253a-47e8-969f-8313ff044e89/tiernan-ray.jpg?auto=webp&fit=crop&frame=1&height=192&width=192,0.251766,Somewhat-Bullish,0.620680,0.120737,Neutral
AAPL,Apple investing $448 million in Catawba County as part of NC expansion,"Apple Inc. announced a $1 billion investment in North Carolina, with a significant portion, $448 million, allocated for expansion in Catawba County. While the new 3,000 jobs will be in Wake County's Research Triangle Park, the Catawba County investment will focus on real property construction and improvements at Apple's existing data center over the next decade.",https://www.wsoctv.com/news/local/apple-investing-448-million-catawba-county-part-nc-expansion/TULJ4FAWGJBJFCHRHK72GMV4MQ/,WSOC TV,WSOC TV,20210427T080100,,0.417875,Bullish,1.000000,0.423919,Bullish
AAPL,"Google (GOOGL) stock hits all-time high on Q1 2021 earnings, announces $50 billion buyback","Alphabet (Google's parent company) reported record Q1 2021 earnings, with revenues of $55.31 billion and EPS of $26.29, significantly beating analyst estimates. Google's stock hit an all-time high of over $2400/share in after-hours trading following the announcement. The company also announced a new $50 billion share repurchase program for its Class C capital stock.",https://www.shacknews.com/article/124067/google-googl-stock-hits-all-time-high-on-q1-2021-earnings-announces-50-billion-buyback,Shacknews,Shacknews,20210427T133000,,0.291527,Somewhat-Bullish,0.606694,0.115505,Neutral
AAPL,What to know about Apple's new privacy update and why it's riling Facebook,"Apple has rolled out a new privacy update, iOS 14.5, which requires apps to get user permission before tracking their data. This update has sparked a feud with Facebook, which argues it will disrupt online advertising and harm small businesses that rely on targeted ads. Apple, however, maintains the feature gives users more control over their personal data.",https://abcnews.go.com/Business/apples-privacy-update-riling-facebook/story?id=77340719,ABC News,ABC News,20210427T165400,,0.032264,Neutral,0.305412,0.023360,Neutral
AAPL,Looking for an ETF to Hold for the Long-Term?,"The article suggests the Schwab U.S. Large-Cap Growth ETF (SCHG) as a long-term investment option, highlighting its strong performance and holdings in major growth companies. It emphasizes the potential for significant long-term returns through consistent investing in such ETFs, despite the allure of instant gratification.",https://www.etftrends.com/smart-beta-channel/looking-for-etf-for-long-term/,ETF Trends,ETF Trends,20210427T211139,,0.747932,Bullish,0.709384,0.700294,Bullish
AAPL,LG Display posts strong Q1 profit on panel price boost,"LG Display reported a strong Q1 operating profit of 523 billion won, rebounding from a loss in the previous year, driven by increased panel prices due to high demand for TVs and laptops. This exceeded analyst expectations, though a shortage of semiconductors poses a threat to future production. The company noted that IT devices and TVs were significant contributors to its revenue.",https://www.reuters.com/world/asia-pacific/lg-display-posts-strong-q1-profit-panel-price-boost-2021-04-28/,Reuters,Reuters,20210428T083500,https://www.reuters.com/resizer/v2/44585W6XHBPDXN437S7Z3FNYEE.JPG?smart=true&width=900&height=600,0.054902,Neutral,0.707810,0.111913,Neutral
AAPL,Form 8-K IDEX CORP /DE/ For: Apr 27,"IDEX Corporation reported strong first-quarter 2021 financial results, with record orders and sales up 10% overall and 6% organically. The company raised its full-year adjusted EPS guidance to $6.05-$6.20 and announced the acquisition of AirTech Group, Inc. These results reflect improving market conditions and effective capital deployment strategies.",https://www.streetinsider.com/SEC+Filings/Form+8-K+IDEX+CORP+DE+For%3A+Apr+27/18322787.html,StreetInsider,StreetInsider,20210428T093200,,0.344674,Somewhat-Bullish,0.577456,0.315923,Somewhat-Bullish
AAPL,Spotify forecasts weak quarter as subscriber growth falters,"Spotify Technology SA has forecast second-quarter paid subscribers below Wall Street estimates, despite its first-quarter results beating expectations due to growth in countries like the United States and India. The company faces increasing competition from rivals such as Apple Music and Amazon Music, with Apple also launching a new paid subscription platform challenging Spotify's podcast ambitions. Spotify anticipates total premium subscribers between 162 million and 166 million for Q2, while analysts expected 166.1 million.",https://www.reuters.com/technology/spotify-results-beat-estimates-more-users-tune-2021-04-28/,Reuters,Reuters,20210428T164600,https://www.reuters.com/resizer/v2/FVWKY2AXB5KA5AJR7VM42UZXBY.jpg?auth=79691076346631c10aa6aac3ace1b6cad6104d1f1adfd4eea413eb4b2b59ce4e&width=1080&quality=80,-0.179907,Somewhat-Bearish,0.731173,-0.107589,Neutral
AAPL,Apple sales smash expectations on surging demand for devices,"Apple Inc. reported fiscal second-quarter sales of $89.6 billion, significantly exceeding Wall Street expectations, driven by strong demand for the 5G iPhone 12 line, iPads, and Mac computers as people continued working and learning from home. The company's iPad and Mac sales nearly doubled, demonstrating its control over the supply chain and its profitability during the pandemic. Apple also increased its dividend by 7% and expanded its share buyback program by an additional $90 billion.",https://www.aljazeera.com/economy/2021/4/28/apple-apple-apple-apple,Al Jazeera,Al Jazeera,20210428T192603,,0.485118,Bullish,1.000000,0.864909,Bullish
AAPL,These 3 ETFs Sit Atop the Invesco Fund Flows Leaderboard,"This article highlights the top three Invesco ETFs by year-to-date fund flows as of April 2021. The ETFs include the Invesco S&P 500 Equal Weight ETF (RSP), the Invesco PureBeta MSCI USA ETF (PBUS), and the Invesco Senior Loan ETF (BKLN). Each ETF offers a distinct strategy, ranging from equal-weighting and pure beta exposure to senior loan investments.",https://www.etftrends.com/innovative-etfs-content-hub/these-3-etfs-sit-atop-invesco-flows/,ETF Trends,ETF Trends,20210428T194753,,0.169868,Somewhat-Bullish,0.647084,0.148085,Neutral
AAPL,Steve Jobs Made a Brilliant Change When He Returned to Apple. It Changed the Company Forever,"Upon his return to Apple in 1997, Steve Jobs implemented a crucial change to the company's management structure, eliminating the product-specific ""business units"" that had led to internal competition and nearly bankrupt the company. This shift, rooted in his experiences with NeXT, fostered a more collaborative and unified approach. Jobs's management philosophy, emphasizing unified teams rather than siloed general managers, became a cornerstone of Apple's success and continues to influence its operations today.",https://www.inc.com/justin-bariso/steve-jobs-made-a-brilliant-change-when-he-returned-to-apple-it-changed-company-forever.html,www.inc.com,www.inc.com,20210428T225017,"https://img-cdn.inc.com/image/upload/f_webp,c_fit,w_1920,q_auto/images/panoramic/getty_459388955_200013282000928014_w5zm8y.jpg",0.330205,Somewhat-Bullish,1.000000,0.343661,Somewhat-Bullish
AAPL,"Apple just recorded a 42.5% gross margin for the quarter, the highest in nine years","Apple announced a gross margin of 42.5% for the recent quarter, its highest since 2012, driven by increased prices for iPhones and a significant boost from its services business. The services division saw its gross margin climb to 70%, up from 65% a year prior, as the company extracts more profit from its hardware buyers through offerings like iTunes and the App Store. Apple also recently launched a podcast subscription service, intensifying its competition with Spotify.",https://www.cnbc.com/2021/04/28/apple-price-hikes-and-services-growth-produced-a-42point5percent-gross-margin.html,CNBC,CNBC,20210428T225017,https://image.cnbcfm.com/api/v1/image/106871708-16190201931619020191-15586093609-1080pnbcnews.jpg?v=1619020193&w=750&h=422&vtcrop=y,0.442766,Bullish,1.000000,0.416121,Bullish
AAPL,Tencent Music Boasts 100 Million Listeners for ‘Long-Form Audio’,"Tencent Music has announced that its long-form audio services, including audiobooks and comedy, now attract 100 million listeners, marking a 230% year-on-year growth. This surge positions Tencent Music as a significant player alongside Spotify and Apple in the rapidly expanding audio content market. The company has integrated non-music tabs into its streaming services and merged acquired audio platforms to enhance its long-form audio offerings.",https://routenote.com/blog/tencent-music-podcasts-services/,RouteNote,RouteNote,20210428T233348,https://routenote.com/blog/wp-content/uploads/2021/04/TME-Tencent-Music-Logo.jpeg,0.054413,Neutral,0.718169,0.127751,Neutral
AAPL,Highwoods Properties Inc (HIW) Q1 2021 Earnings Call Transcript,"Highwoods Properties Inc. (HIW) reported Q1 2021 FFO of $0.91 per share and increased its full-year FFO outlook, driven by improved leasing activity and strong performance in its Sunbelt markets. The company also announced plans to acquire a portfolio of office assets from Preferred Apartment Communities for $769 million, funded by selling $500-600 million in non-core assets. Executives highlighted rising office utilization rates, significant job growth announcements in their key markets like Raleigh and Nashville, and continued optimism for long-term growth.",https://www.fool.com/earnings/call-transcripts/2021/04/29/highwoods-properties-inc-hiw-q1-2021-earnings-call/,The Motley Fool,The Motley Fool,20210429T123100,,0.368336,Bullish,0.708643,0.344660,Somewhat-Bullish
AAPL,Apple v. Epic: What to expect from a trial that could change antitrust law and the mobile-app ecosystem,"The article previews the upcoming federal court case between Apple Inc. and Epic Games Inc., scheduled to begin on May 3. This high-profile trial is expected to significantly impact antitrust law and the mobile app ecosystem, with the livelihood of app developers and the definition of antitrust law at stake. Epic Games will challenge Apple's App Store rules, arguing they unfairly leverage the tech giant's market dominance.",https://www.marketwatch.com/story/apple-v-epic-what-to-expect-from-a-trial-that-could-change-antitrust-law-and-the-mobile-app-ecosystem-11619726510?gaa_at=eafs&gaa_n=AWEtsqcjJrE5pe_ReszuLZzCFvNy7Sv6V1lle1zDdnjoR4psLhhCU8UcpPoT&gaa_ts=6907b39e&gaa_sig=Qmb84oaG1dcSysxxZCeCC-0XqYpOxasU0Bw4SjmB2mpogOBXnlxlgdg_erpcTFLodUEitgqA3IoIEZlgrc1cHQ%3D%3D,MarketWatch,MarketWatch,20210429T160100,,0.038421,Neutral,0.346897,0.026999,Neutral
AAPL,Apple Finally Feels the Effects of the Global Chip Shortage,"Apple Inc. reported strong revenue and record sales in its latest quarter, but warned that the global chip shortage is beginning to impact its business. Executives stated that supply constraints would specifically affect iPad and Mac sales, potentially reducing third-quarter revenue by $3 billion to $4 billion. This marks the first significant impact of the chip shortage on Apple's previously resilient production.",https://www.bloomberg.com/news/articles/2021-04-29/apple-finally-feels-the-global-semiconductor-shortage,Bloomberg.com,Bloomberg.com,20210429T225018,,0.049053,Neutral,1.000000,-0.373311,Bearish
AAPL,"Consumer spending, streaming propel Amazon to second straight quarter of more than $100B in revenue","Amazon reported quarterly sales of $108.5 billion, marking its second consecutive quarter exceeding $100 billion in revenue, driven by strong consumer spending and increased streaming by its 200 million Prime members. The company's profit more than tripled, leading to an all-time high in stock price and plans for a Prime Day sale in June. Amazon also announced pay raises for over 500,000 workers, effective next month.",https://www.usatoday.com/story/tech/news/2021/04/29/amazon-stock-earnings-jeff-bezos-revenue/7397876002/,USA Today,USA Today,20210429T225217,https://www.gannett-cdn.com/presto/2021/02/04/USAT/f6787419-8ca1-4b11-80ea-af56f909026a-AndyJassy_RectThumb.png,0.519043,Bullish,0.648300,0.536709,Bullish
AAPL,Microsoft plans to take a smaller cut from developers in its games store. (Published 2021),"Microsoft announced that it will decrease the revenue cut it takes from independent developers publishing PC games on its online store, starting in August. The fee will drop from 30 percent to 12 percent, allowing developers to keep 88 percent of their revenue. This move aims to make Microsoft's store more competitive with platforms like Steam and Epic Games, and comes amid increased scrutiny over app store fees faced by companies like Apple and Google.",https://www.nytimes.com/2021/04/29/technology/microsoft-app-revenue.html,The New York Times,The New York Times,20210429T231939,https://static01.nyt.com/images/2021/04/29/business/29econ-brf-microsoft/merlin_186991782_27c381c8-d865-47c0-bd36-bee04fc6292e-articleLarge.jpg?quality=75&auto=webp&disable=upscale,-0.110442,Neutral,0.713483,-0.349711,Somewhat-Bearish
AAPL,"Car firms, tech giants feel squeeze of worsening chip shortage","The global chip shortage is intensifying, forcing major automakers like Honda, BMW, and Ford, as well as tech giants Apple and Samsung, to cut production and lower sales forecasts. The crisis, driven by high demand for electronics during the pandemic, is expected to continue into 2022, costing automakers billions in lost sales and risking a slowdown in the smartphone market's rebound. Companies across industries are struggling to secure critical semiconductor supplies, facing significant financial impacts.",https://www.aljazeera.com/economy/2021/4/29/bb-car-firms-tech-giants-feel-squeeze-of-worsening-chip-shortage,Al Jazeera,Al Jazeera,20210429T232204,https://www.aljazeera.com/wp-content/uploads/2021/04/371359676.jpg?resize=770%2C513&quality=80,-0.224723,Somewhat-Bearish,0.936792,-0.305449,Somewhat-Bearish
AAPL,"I'm Not Turning Off App Tracking On My iPhone, Because I’m A Total Cuck","The author humorously explains her decision to not disable app tracking on her iPhone, despite Apple's new privacy feature allowing users to opt out. She describes herself as a ""datacuck"" who enjoys personalized ads and wants to see ""how far this goes"" when it comes to data collection, contrasting her personal choice with the recommended smart privacy practices. The article satirically delves into the perceived benefits of targeted advertising while acknowledging the serious implications of data privacy and Facebook's track record.",https://www.buzzfeednews.com/article/katienotopoulos/app-tracking-iphone-datacuck,BuzzFeed News,BuzzFeed News,20210430T190000,,0.10446,Neutral,0.983753,0.303531,Somewhat-Bullish
AAPL,Cirrus Logic Shares Fall on Earnings Miss. Blame Apple.,Cirrus Logic's shares dropped significantly after the chipmaker reported disappointing March quarter results and issued June quarter guidance that fell short of Wall Street's expectations. The article suggests that Apple is to blame for these outcomes.,https://www.barrons.com/articles/cirrus-logic-shares-swoon-on-earnings-miss-blame-apple-51619793828?gaa_at=eafs&gaa_n=AWEtsqcPWHbIz7VhP9ZE0G55MUh_mE5SxOnkf2fl8Nb7MK4S-7N_MYDCpemO&gaa_ts=699b8dfd&gaa_sig=kYZVTHIzKcHE07lNezW40FJCRLj1txdKiEPa1sAd-bPEGey1UOqi_cQcPQ5gCzW-gVrVwfJwdaFCBdQ1BeTkmg%3D%3D,Barron's,Barron's,20210430T230009,https://images.barrons.com/im-332386?width=700&height=466,-0.373009,Bearish,0.738311,-0.342347,Somewhat-Bearish
AAPL,Skyworks Beat Estimates. Why Its Stock Is Falling.,"Shares of Skyworks Solutions are falling despite the company reporting better-than-expected results for the March quarter and providing strong guidance for the June quarter. Investors may have been hoping for a larger earnings beat, especially given recent positive sales reports for the Apple iPhone, Skyworks' largest customer.",https://www.barrons.com/articles/skyworks-shares-fall-despite-earnings-beat-investors-wanted-more-51619796691?gaa_at=eafs&gaa_n=AWEtsqd1p4vg45PvwSrql4Njy8NSdQTxh745_DY1hPhRtYYeumg9TE5pqZe1&gaa_ts=699b958b&gaa_sig=gWmugCBCRHD4kcB4yOGUN6oeyFpiGCMRULb2WnXYui0s7jigtEZ9JftgzBHGAdRHiERjPPZY783CxQEDP70eHQ%3D%3D,Barron's,Barron's,20210430T233224,https://images.barrons.com/im-332383?width=700&height=466,-0.070073,Neutral,0.735760,0.331822,Somewhat-Bullish
AAPL,Warren Buffett’s Berkshire Hathaway rebounds from pandemic with $11.7 billion profit,"Warren Buffett's Berkshire Hathaway announced a net profit of $11.7 billion in the first quarter of 2021, recovering from a significant loss in early 2020 due to the pandemic. The conglomerate, which owns diverse businesses, saw strong revenue growth as the economy reopened. Despite a massive cash pile of $145.4 billion, Berkshire Hathaway continued significant stock buybacks rather than pursuing large acquisitions, even as its stock performance has lagged the broader market in recent years.",https://www.cnn.com/2021/05/01/investing/berkshire-hathaway-earnings,CNN,CNN,20210501T090500,,0.097713,Neutral,0.726288,0.104606,Neutral
AAPL,"Aptorum Group (APM) Stock Live Price, Chart & News","This article provides a real-time overview of Aptorum Group (APM) stock performance, including its live price, historical chart, and key financial data. It details the company's profile as a pharmaceutical firm developing therapeutic and diagnostic technologies, with operations in both therapeutics and non-therapeutics segments. The report also includes recent news headlines related to Aptorum Group's stock.",https://coincodex.com/stock/APM/,CoinCodex,CoinCodex,20210502T110903,https://imagedelivery.net/4-5JC1r3VHAXpnrwWHBHRQ/7d450a71-8f85-44b2-51fc-13641eb39800/coin64,-0.161455,Somewhat-Bearish,0.546308,-0.228318,Somewhat-Bearish
AAPL,Apple’s new M1 chip creates a competitive advantage,"Apple has introduced new iMacs and iPad Pros featuring its M1 chip, allowing the company to control its entire technology stack and gain a competitive advantage. This strategy insulates Apple from the global chip shortage affecting other manufacturers reliant on third-party semiconductors. Experts like Richard Barnett highlight that Apple's approach contrasts sharply with the challenges faced by automotive, consumer electronics, and medical device industries.",https://www.digitaljournal.com/tech-science/apples-new-m1-chip-creates-a-competitive-advantage/article,Digital Journal,Digital Journal,20210502T192605,,0.061429,Neutral,1.000000,0.410166,Bullish
AAPL,SP Funds S&P 500 Sharia Industry Exclusions ETF (SPUS) holdings,"This article details the holdings and key characteristics of the SP Funds S&P 500 Sharia Industry Exclusions ETF (SPUS). It lists the top 10 holdings, sector weightings, and provides an ETF summary including net assets, yield, and index composition. The fund invests in constituents of the S&P 500 Shariah Index, excluding specific sub-industries like Aerospace & Defense and Financial Exchanges.",https://uk.finance.yahoo.com/quote/SPUS/holdings/,Yahoo Finance UK,Yahoo Finance UK,20210502T204145,,0.017587,Neutral,0.933903,0.026496,Neutral
AAPL,American LGA-ORD Oasis: unremarkable in a good way,"The author recounts his first flight after a 413-day grounding, taking an American Airlines flight from New York LaGuardia to Chicago O’Hare. He describes the experience of flying in American's dense Oasis cabin, highlighting the sufficient comfort of the Main Cabin seats, the useful in-seat power and device holders, and the ample IFE content, despite the lack of onboard food and beverage service due to COVID-19 policies. The overall experience was unremarkable in a positive sense, characterized by cleanliness, adherence to mask mandates, and an early arrival.",https://runwaygirlnetwork.com/2021/05/american-airlines-oasis-laguardia-ohare/,Runway Girl,Runway Girl,20210502T220207,https://runwaygirlnetwork.com/wp-content/uploads/2021/04/IMG_8120-800x415.jpeg,0.170206,Somewhat-Bullish,0.641051,0.122521,Neutral
AAPL,Is the ‘Apple’ juice worth the squeeze?,"This article analyzes whether the tax benefits offered to Apple Inc. for establishing a new campus in North Carolina are justified by the economic returns. It presents various scenarios demonstrating that North Carolina could recoup its investment within 4 to 29 years through increased tax revenues from new jobs, local investments, other taxes, and corporate taxes. The analysis suggests that even with conservative estimates, the state and local municipalities will significantly benefit from Apple’s presence.",https://poole.ncsu.edu/thought-leadership/article/is-the-apple-juice-worth-the-squeeze/,Poole College of Management,Poole College of Management,20210503T192601,,0.308033,Somewhat-Bullish,0.985935,0.319917,Somewhat-Bullish
AAPL,"3 Clicks to $4,000 a Month in Dividend Income","This article proposes that Closed-End Funds (CEFs) offer a superior alternative to ETFs for generating significant retirement income, highlighting their higher dividend yields. It outlines a portfolio of three specific CEFs—Nuveen NASDAQ 100 Dynamic Overwrite Fund (QQQX), Guggenheim Strategic Opportunities Fund (GOF), and PIMCO Corporate & Income Opportunities Fund (PTY)—that collectively provide an 8.5% payout and strong diversification. The author argues that CEFs enable investors to achieve a substantial passive income stream with a much smaller initial investment compared to traditional S&P 500 dividend ETFs, ultimately leading to financial independence faster.",https://contrarianoutlook.com/3-clicks-to-4000-a-month-in-dividend-income/,Contrarian Outlook,Contrarian Outlook,20210503T205123,,0.076023,Neutral,0.640487,0.149705,Neutral
AAPL,General Motors’ Fairfax Plant To Remain Idle Until July,"General Motors announced its Fairfax Assembly plant in Kansas, which produces the Chevy Malibu and Cadillac XT4, will remain shut down until the first week of July due to the ongoing semiconductor chip shortage. This decision follows similar production halts at other GM plants in Ontario, Mexico, and Missouri as the company prioritizes chip allocation for its most popular full-size trucks and SUVs. The chip shortage is expected to impact auto production significantly, with competitor Ford also cutting its production outlook and anticipating the shortage to last into early 2022.",https://gmauthority.com/blog/2021/05/general-motors-fairfax-plant-to-remain-idle-until-july/,GM Authority,GM Authority,20210503T222054,https://gmauthority.com/blog/wp-content/uploads/2020/06/GM-Fairfax-Assembly-Sign-850x314.jpg,-0.209069,Somewhat-Bearish,0.607586,0.049702,Neutral
AAPL,Epic Games CEO cites Apple’s ‘total control’ over iPhones at first day of antitrust trial,"Epic Games CEO Tim Sweeney testified on the first day of the antitrust trial against Apple, stating his deliberate violation of Apple's App Store rules to spotlight the company's ""total control"" over software on iPhones. The lawsuit challenges Apple's mandatory App Store distribution and in-app purchase system, which charges up to 30% commissions. Epic argues Apple's practices stifle competition, while Apple contends its rules ensure user safety and a thriving market for developers.",https://www.reuters.com/technology/apple-faces-down-fortnite-creator-epic-games-major-antitrust-trial-2021-05-03/,Reuters,Reuters,20210504T032000,https://www.reuters.com/resizer/v2/2ZROHD2IZ5O6BPNT6HN65EYZWQ.jpg?auth=f23675261699a79f53404dbaeb43920c4c91d41b5dcf162b2e1ed79a394f95e5&width=1080&quality=80,-0.079698,Neutral,1.000000,-0.210824,Somewhat-Bearish
AAPL,Best Buy savior Hubert Joly details a new approach to leadership,"Hubert Joly, former CEO of Best Buy, is highlighted as a business hero for his success in turning around the company by focusing on purpose over profit. His new book, ""The Heart of Business,"" advocates for a ""refoundation of business and capitalism around purpose,"" aligning with growing demands from employees, customers, shareholders, and society, which has been accelerated by recent crises. The article emphasizes that this new model of leadership requires an environment that unleashes ""human magic"" rather than top-down problem-solving.",https://fortune.com/2021/05/04/hubert-joly-best-buy-stakeholder-capitalism-ceo-daily/,Fortune,Fortune,20210504T194719,,0.312758,Somewhat-Bullish,0.742487,0.127077,Neutral
AAPL,Apple announces $430B expansion,"Apple plans to invest over $430 billion and create 20,000 new jobs in the U.S. over the next five years, including significant investments in North Carolina for a new campus and infrastructure improvements. This expansion follows robust second-quarter sales, boosted by increased demand during the pandemic for remote work and entertainment. The tech giant's projects span multiple states, involving construction, silicon engineering, 5G, and manufacturing sectors.",https://www.constructiondive.com/news/apple-announces-430b-expansion/599500/,Construction Dive,Construction Dive,20210504T220208,https://imgproxy.divecdn.com/MMUYc-lV9AmLKV9HSvAWlfGqw97TWdE2Hw0Wlb542LM/g:ce/rs:fill:1200:675:1/Z3M6Ly9kaXZlc2l0ZS1zdG9yYWdlL2RpdmVpbWFnZS9TY3JlZW5zaG90XzIwMjEtMDUtMDRfOC40Ni41Nl9BTS5wbmc=.webp,0.457442,Bullish,1.000000,0.480581,Bullish
AAPL,"Apple's conflict with Facebook goes back to the days of Steve Jobs, emails show","Internal Apple emails from 2011 involving Steve Jobs, Scott Forstall, and Phil Schiller reveal that the conflict between Apple and Facebook over App Store rules dates back a decade. Jobs referred to Facebook as ""Fecebooks"" and believed it shouldn't host its own apps, contributing to the delayed release of Facebook's iPad app. This historical tension sheds light on the ongoing disputes between the two tech giants regarding App Store policies and user privacy.",https://www.cnbc.com/2021/05/04/emails-from-steve-jobs-apple-execs-reveal-conflict-with-facebook-spans-a-decade.html,CNBC,CNBC,20210504T220208,https://image.cnbcfm.com/api/v1/image/106877490-16200689831620068981-15846328785-1080pnbcnews.jpg?v=1620068983&w=750&h=422&vtcrop=y,0.048321,Neutral,1.000000,-0.227481,Somewhat-Bearish
AAPL,"XPO Logistics: Companies demand outsourcing, warehouse automation as e-commerce surges","XPO Logistics saw increased revenue driven by shipper demand for outsourcing and warehouse automation, accelerated by the pandemic's impact on e-commerce. The company secured $4 billion in new business, including a significant deal with Apple for a direct-to-consumer distribution center featuring advanced automation. These trends, including faster fulfillment times, are expected to continue driving demand for intelligent machines and specialized logistics.",https://www.supplychaindive.com/news/xpo-logistics-3pl-outsourcing-warehouse-automation-ecommerce/599520/,Supply Chain Dive,Supply Chain Dive,20210504T222143,https://imgproxy.divecdn.com/Zz9XipgY5XyrliKYoZXHTCIFYko_x1IFCzR-NuSDu7A/g:ce/rs:fill:1200:675:1/Z3M6Ly9kaXZlc2l0ZS1zdG9yYWdlL2RpdmVpbWFnZS9YUE9fUm9ib3QuanBn.webp,0.341907,Somewhat-Bullish,0.715068,0.332515,Somewhat-Bullish
AAPL,How wearable technology is transforming wellbeing in the workplace,"Wearable technology, ranging from smartwatches to specialized helmets and goggles, is increasingly being adopted in workplaces to enhance employee wellbeing and performance. This article explores the growing market for wearables, strategic shifts in their application, and the challenges associated with their implementation in creating smarter workplaces. The integration of these devices aims to help employees stay healthier and more productive.",https://www.jll.com/en-in/insights/how-wearable-technology-is-transforming-wellbeing-in-the-workplace,JLL,JLL,20210504T222606,https://s7d1.scene7.com/is/image/joneslanglasalle/25-insights-how-wearable-technology-is-transforming-wellbeing?qlt=85&ts=1760601836439&dpr=off,0.239598,Somewhat-Bullish,0.715384,0.338979,Somewhat-Bullish
AAPL,Adobe CEO: We’re in the ‘sweet spot’ of the world’s reliance on tech,"Adobe CEO Shantanu Narayen discusses how the company transitioned from Flash software to a successful Creative Cloud subscription service, benefiting from the global reliance on technology. He highlights Adobe's three businesses being in the ""sweet spot"" of technological need and his strategies for continued growth, along with addressing the future of women and people of color in the workplace post-pandemic with Catalyst's Lauren Pasquarella Daley.",https://fortune.com/2021/05/05/adobe-systems-ceo-shantanu-narayen-flash-creative-cloud-growth-leadership-next/,Fortune,Fortune,20210505T192627,,0.36118,Bullish,0.742183,0.318846,Somewhat-Bullish
AAPL,Apple awards an additional $410 million from its Advanced Manufacturing Fund to II-VI,"Apple has awarded an additional $410 million from its Advanced Manufacturing Fund to II-VI, a leading optical technology manufacturer. This builds on an initial $390 million award in 2017 and is expected to create additional capacity and accelerate the delivery of future iPhone components, supporting over 700 jobs across various US states. II-VI manufactures VCSELs for Face ID and LiDAR Scanners, and this expanded partnership is part of Apple's broader commitment to invest $430 billion and create 20,000 new jobs in the US over the next five years.",https://www.apple.com/newsroom/2021/05/apple-awards-an-additional-410-million-from-its-advanced-manufacturing-fund-to-ii-vi/,Apple,Apple,20210505T220208,https://www.apple.com/newsroom/images/partnerships/apple_adv-manufacturing-fund-ii-vi_hero_05052021_big.jpg.large.jpg,0.633136,Bullish,1.000000,0.627870,Bullish
AAPL,Lucid Motors Appoints Sherry House as Chief Financial Officer,"Lucid Motors has appointed Sherry House as its new Chief Financial Officer, bringing over two decades of financial and technical expertise from Waymo and other companies. This key appointment, along with the addition of Margaret Burgraff, Sanjay Chandra, and Jeff Curry to the leadership team, aims to strengthen Lucid as it prepares for its public listing and the start of customer deliveries for the Lucid Air in 2021. The new hires bring diverse experience from leading companies like Apple, Intel, Jaguar, and Ferrari, enhancing Lucid's strategy to redefine luxury and performance in electric vehicles.",https://www.prnewswire.com/news-releases/lucid-motors-appoints-sherry-house-as-chief-financial-officer-301284044.html,PR Newswire,PR Newswire,20210505T222741,,0.234108,Somewhat-Bullish,0.649591,0.138991,Neutral
AAPL,The Best Tracker and App to Find Your Lost Phone,"The article ""The Best Tracker and App to Find Your Lost Phone"" discusses tools for locating a misplaced or stolen phone. While the provided content is minimal, Life360 is highlighted as a family tracking app offering location sharing and safety features. This suggests it's a recommended solution for finding lost devices among family members.",https://www.life360.com/blog/best-find-my-lost-phone-app,Life360,Life360,20210505T222813,,0.034548,Neutral,0.616014,-0.116431,Neutral
AAPL,Grizzlies owner buys Taipei unit,"Robert Pera, owner of the NBA’s Memphis Grizzlies, has reportedly purchased a luxury apartment in Taipei for NT$570 million (US$20.39 million) in an all-cash deal. The unit is located in the upscale 55Timeless Tower in Xinyi District, a building where pop singer turned livestreaming media owner Jeffrey Huang also owns a unit. Pera, a tech entrepreneur and one of the world's richest individuals, also has previous connections to Taiwanese cultural figures, having lent money for a film directed by Wei Te-sheng.",https://www.taipeitimes.com/News/biz/archives/2021/05/05/2003756846,Taipei Times,Taipei Times,20210505T224558,https://img.taipeitimes.com/images/2021/05/05/p11-210505-004.jpg,0.131505,Neutral,0.704960,0.206361,Somewhat-Bullish
AAPL,IBM unveils 2-nanometer chip technology for faster computing,"IBM has introduced what it claims is the world's first 2-nanometer chipmaking technology, a significant advancement promising up to 45% faster performance and 75% more power efficiency compared to current 7-nanometer chips. This breakthrough demonstrates that silicon chips still have generational improvements to offer, despite slowing progress in transistor miniaturization. While the technology will take several years to reach the market, it represents a crucial step in computing power and efficiency.",https://www.reuters.com/technology/ibm-unveils-2-nanometer-chip-technology-faster-computing-2021-05-06/,Reuters,Reuters,20210506T132800,https://www.reuters.com/resizer/v2/https%3A%2F%2Fcloudfront-us-east-2.images.arcpublishing.com%2Freuters%2FGF4P25A62RLTNJ5V7D7ESV3D5U.jpg?auth=91456d9fe992c10b7ee2f2549a0a1a5b4816ccee3a09e03d42fb59367c309322&width=1920&quality=80,0.243973,Somewhat-Bullish,0.617385,0.142798,Neutral
AAPL,The RPG ETF: What's 'Growthier' than Growth?,"The Invesco S&P 500 Pure Growth ETF (RPG) remains a relevant investment even as value stocks outperform growth, thanks to low interest rates encouraging corporate spending on growth initiatives. The ETF, heavily weighted in technology, tracks companies with ""deep growth"" characteristics based on sales, earnings changes, and momentum. Major companies like Apple, Intel, and Walmart are increasing capital expenditures, which could further boost RPG's performance, though potential corporate tax increases might influence future spending decisions.",https://www.etftrends.com/etf-education-content-hub/rpg-etf-whats-growthier-than-growth/,ETF Trends,ETF Trends,20210506T150903,,0.322851,Somewhat-Bullish,0.636035,0.327195,Somewhat-Bullish
AAPL,Self-driving startup Aeva says its sensor can detect vehicles over 500m away,"Self-driving sensor startup Aeva Technologies Inc. announced that its lidar sensor can detect other vehicles beyond 500 meters and pedestrians over 350 meters away. This advanced detection range is a crucial metric for autonomous vehicles, enabling them to make timely decisions at high speeds. Aeva, founded by former Apple Inc. engineers, has secured deals with automotive suppliers Denso Corp and ZF Friedrichshafen AG for mass production of its sensors.",https://www.nippon.com/en/news/reu20210506KBN2CN173/,nippon.com,nippon.com,20210506T192645,,0.064087,Neutral,0.741722,0.135592,Neutral
AAPL,Fox Factory Bolsters Management to Lay the Foundation for Next Phase of Growth,"Fox Factory Holding Corp. (NASDAQ: FOXF) announced key leadership additions to support its next phase of growth and strategic vision. Tom L. Fletcher has been promoted to President, PVG Business & Corporate Strategy, Toby D. Merchant joins as the first Chief Legal Officer & Secretary, and Jackie B. Martin has been promoted to Chief Purpose & Inclusion Officer. These appointments aim to strengthen the company's capabilities in various critical areas.",https://motorsportsnewswire.com/2021/05/06/fox-factory-bolsters-management-to-lay-the-foundation-for-next-phase-of-growth/,Motor Sports Newswire,Motor Sports Newswire,20210506T201654,,0.214389,Somewhat-Bullish,0.626811,0.112469,Neutral
AAPL,IBM's new 2-nanometer chip will be faster than the one in Apple's iPhone 12,"IBM has introduced what it claims is the world's first 2-nanometer chipmaking technology. This new technology promises to be up to 45% faster and 75% more power-efficient than current mainstream 7-nanometer chips. While it will take several years to reach the market, these chips are expected to outperform the 5-nanometer chips found in devices like Apple's iPhone 12.",https://m.economictimes.com/magazines/panache/ibms-new-2-nanometer-chip-will-be-faster-than-the-one-in-apples-iphone-12/articleshow/82451259.cms,The Economic Times,The Economic Times,20210507T124000,"https://img.etimg.com/thumb/msid-82451309,width-650,height-488,imgsize-922828,resizemode-75/handout-photo-of-a-silicon-wafer-containing-chips-made-with-ibm-corps-2-nanometer-transistor-technology.jpg",0.237775,Somewhat-Bullish,0.745744,0.147437,Neutral
AAPL,Apple Has Hired Cisco's Stella Low As Its Head Of PR,"Apple has hired Stella Low, former communications chief at Cisco, as its new vice president of worldwide corporate communications. She will report directly to Apple CEO Tim Cook and fills a role that has been vacant for nearly two years. Low's appointment comes at a critical time for Apple, as the company faces high-profile legal battles, geopolitical tensions, and prepares for significant product launches.",https://www.buzzfeednews.com/article/johnpaczkowski/apple-taps-stella-low-as-new-communications-chief,BuzzFeed News,BuzzFeed News,20210507T184100,,0.066116,Neutral,0.996438,0.146828,Neutral
AAPL,Sanctions-as-a-Service: US Regulators Escalate Sanctions Enforcement Priorities Into the Cloud with SAP Settlement,"US regulators announced a global resolution with SAP SE following its voluntary disclosure of providing software and cloud-based services to users in Iran, violating export and sanctions regulations. This settlement, involving the Departments of Justice, Commerce, and Treasury, highlights the US government's increased focus on sanctions compliance in the tech sector, particularly regarding cloud-based services and the need for robust screening and access controls. SAP agreed to pay over $8 million in penalties and invested over $27 million in enhancing its compliance programs.",https://www.arnoldporter.com/en/perspectives/advisories/2021/05/us-regulators-escalate-sanctions-enforcement,Arnold & Porter,Arnold & Porter,20210507T223946,,-0.177178,Somewhat-Bearish,0.623193,-0.107870,Neutral
AAPL,Samsung to jump into laptop processor market with Exynos chip in H2,"Samsung Electronics is set to enter the laptop processor market in the second half of this year with a premium Exynos chip, targeting the rapidly growing global laptop market. The new Exynos chip will feature a GPU developed with AMD, focusing on improved computing power and battery efficiency with 5-nanometer processing technology. Samsung's move follows other tech giants like Apple and Qualcomm, who have also developed laptop-grade chipsets, as the company seeks to compete with market leader Intel.",https://www.kedglobal.com/korean-chipmakers/newsView/ked202105090002,KED Global,KED Global,20210509T193836,,0.125281,Neutral,0.626541,0.144971,Neutral
AAPL,Samsung to jump into laptop processor market with Exynos chip in H2,"Samsung Electronics plans to release a laptop version of its Exynos mobile application processor in the second half of this year, entering the growing laptop market. This premium Exynos chip, developed with AMD's GPU technology, aims to offer improved computing power and battery efficiency using 5-nanometer technology. Samsung will join other tech companies like Apple and Qualcomm in developing laptop-specific chipsets, capitalizing on the rapid growth in global laptop sales.",https://www.kedglobal.com/laptop-chipsets/newsView/ked202105090002,KED Global,KED Global,20210509T193836,https://www.kedglobal.com/data/ked/image/2021/05/09/ked202105090004.700x.0.jpg,0.173433,Somewhat-Bullish,0.706270,0.266398,Somewhat-Bullish
AAPL,This KY factory makes the glass for every iPhone. Apple just gave it $45 million.,"Apple has awarded $45 million to Corning Incorporated, which manufactures the glass for every iPhone generation in its Harrodsburg, Kentucky factory. This investment aims to expand U.S. manufacturing capacity and fund research and development for new, durable glass technologies like Ceramic Shield used in the iPhone 12. The funding comes from Apple's Advanced Manufacturing Fund and supports over 1,000 jobs in Kentucky, deepening the long-standing collaboration between the two companies.",https://www.kentucky.com/news/business/article251292279.html,Lexington Herald Leader,Lexington Herald Leader,20210510T145700,,0.352515,Bullish,0.949656,0.328832,Somewhat-Bullish
AAPL,Apple awards Corning $45 million from its Advanced Manufacturing Fund,"Apple has awarded Corning $45 million from its Advanced Manufacturing Fund to expand manufacturing capacity in the US and drive research and development into innovative new technologies like Ceramic Shield. This investment builds on $450 million previously provided, supporting over 1,000 jobs across Corning's US operations and fostering continued collaboration on durable glass for Apple products. The partnership has been crucial in developing materials like Ceramic Shield for the iPhone 12 lineup, and Corning is also part of Apple's Clean Energy Program.",https://www.apple.com/newsroom/2021/05/apple-awards-corning-45-million-from-its-advanced-manufacturing-fund/,Apple,Apple,20210510T192603,,0.448335,Bullish,1.000000,0.469311,Bullish
AAPL,This Kentucky iPhone glass manufacturer just received a major investment from Apple,"Apple is investing an additional $45 million into Corning Inc.'s glass innovation center in Harrodsburg, Kentucky, which manufactures scratch-resistant glass for its iPhones and other products. This investment comes from Apple's Advanced Manufacturing Fund and will be used for research and development to improve durability and product life. The Harrodsburg plant has previously received $450 million from this fund and supports hundreds of jobs.",https://www.courier-journal.com/story/money/companies/2021/05/10/kentucky-iphone-glass-manufacturer-receives-apple-investment/5020335001/,The Courier-Journal,The Courier-Journal,20210510T202203,NULL,0.292937,Somewhat-Bullish,1.000000,0.332087,Somewhat-Bullish
AAPL,Harrodsburg glass plant that supplies all iPhones getting $45 million from Apple,"Apple is investing an additional $45 million into Corning Inc.'s plant in Harrodsburg, Kentucky, which manufactures glass for iPhones and other Apple devices. This new investment from Apple's Advanced Manufacturing Fund aims to expand Corning's manufacturing capacity and support research and development for new technologies focused on durability and product life. The Harrodsburg plant has historically supplied scratch-resistant glass for all iPhone generations since 2007, along with glass for iPads and Apple Watches, and has previously received $450 million in Apple funding.",https://www.lanereport.com/141473/2021/05/harrodsburg-glass-plant-that-supplies-all-iphones-getting-45-million-from-apple/,Lane Report,Lane Report,20210510T202204,,0.435996,Bullish,0.859109,0.442462,Bullish
AAPL,China tech giants bet US$19 billion on global electric car frenzy,"Chinese tech giants like Huawei, Xiaomi, and Baidu are pouring nearly US$19 billion into electric and self-driving vehicle ventures, aiming to capitalize on the high-tech shift in the automotive industry. This aggressive push establishes China as a major battleground for EV innovation, with companies making strategic tie-ups and unveiling their own car-making plans. Despite the hyper-competitive market and significant capital requirements, these tech companies are focused on making intelligent vehicles, with their main revenue expected to come from post-sale services and software rather than just car sales.",https://www.businesstimes.com.sg/companies-markets/transport-logistics/china-tech-giants-bet-us19-billion-on-global-electric-car-frenzy,The Business Times,The Business Times,20210510T215000,https://cassette.sphdigital.com.sg/image/businesstimes/3d82226a27362a6af8a6871b8dbe1dad1c2c8838129d5da5ad487f6eea36941d?w=960&dpr=1&f=webp,0.178507,Somewhat-Bullish,0.713799,0.110518,Neutral
AAPL,Apple awards $45 million to the company that helps make tough iPhone screens,"Apple has awarded an additional $45 million to Corning, the company responsible for manufacturing the Gorilla Glass and Ceramic Shield used in iPhones, iPads, and Apple Watches. This investment, part of Apple's Advanced Manufacturing Fund, aims to expand Corning's manufacturing and R&D in the U.S. Corning has been a long-standing partner with Apple, contributing to the durability of Apple's devices since the original iPhone.",https://www.cultofmac.com/news/apple-awards-45-million-to-the-company-that-helps-make-tough-iphone-screens,Cult of Mac,Cult of Mac,20210510T222042,https://www.cultofmac.com/wp-content/uploads/2019/05/Corning_Gorilla_Glass_Research_Center.jpg,0.513161,Bullish,0.941427,0.518617,Bullish
AAPL,"Apple Alocates $45 Million to iPhone’s Ceramic Screen, Gorilla Glass Supplier -- Is it a Hint for the Bendable iPhone?","Apple has invested an additional $45 million into Corning Inc., the supplier of Gorilla Glass and the iPhone 12's Ceramic Shield, through its Advanced Manufacturing Fund. This investment, which follows previous funding totaling $450 million, aims to expand Corning's manufacturing capacity in the US and aligns with recent rumors of a foldable iPhone potentially launching in 2023. While Corning has developed ultra-thin, bendable glass, its durability is a challenge, suggesting Apple's funding might support the development of a strong yet flexible material for future devices.",https://www.techtimes.com/articles/260088/20210511/apple-gives-45-million-iphone-s-ceramic-screen-gorilla-glass.htm,Tech Times,Tech Times,20210511T005000,https://d.techtimes.com/en/full/385120/apple-gives-45-million-iphones-ceramic-screen-gorilla-glass-supplier-it-hint-bendable.jpg?w=836&f=e4d75bb3565f823ed306df5a5f5d80e9,0.304433,Somewhat-Bullish,0.931058,0.283206,Somewhat-Bullish
AAPL,Google Pay now lets U.S. users send money to India and Singapore,"Google Pay has launched a new feature allowing U.S. users to send money to India and Singapore by integrating with money transfer services Wise and Western Union. This move marks Google's entry into the significant remittances market, which was valued at $508 billion for low- and middle-income countries in 2020. The company plans to expand this service to more countries in the future, despite stating no intentions of becoming a bank itself.",https://www.cnbc.com/2021/05/11/google-pay-now-lets-us-users-send-money-to-india-and-singapore.html,CNBC,CNBC,20210511T085300,https://image.cnbcfm.com/api/v1/image/107416885-1716019370036-Ryan_Browne-3_1.jpg?v=1716019527&w=60&h=60&ffmt=webp,0.220714,Somewhat-Bullish,0.648716,0.128283,Neutral
AAPL,Google Pay launches international money transfers with Wise and Western Union,"Google Pay has partnered with Wise and Western Union to enable international money transfers for its U.S. users, expanding its financial services offerings. The service initially supports transfers to India and Singapore, with plans to cover 80 countries via Wise and 200 via Western Union by year-end. This move escalates competition in the digital payments sector, leveraging the boom in online payments spurred by the COVID-19 pandemic.",https://www.reuters.com/technology/google-pay-launches-international-money-transfers-with-wise-western-union-2021-05-11/,Reuters,Reuters,20210511T101700,https://www.reuters.com/resizer/v2/https%3A%2F%2Fcloudfront-us-east-2.images.arcpublishing.com%2Freuters%2F2U37ZJXBQJLN7C4R7V63D2F7QI.JPG?QUALITY=80&width=1920&height=960&version=1620737834,0.231519,Somewhat-Bullish,0.557532,0.120761,Neutral
AAPL,Samsung and AMD will reportedly take on Apple’s M1 SoC later this year,"Samsung is reportedly accelerating its Exynos SoC development with an AMD-powered GPU, aiming to compete with Apple's M1 chip in laptops by the second half of this year. While this partnership could boost Samsung's GPU capabilities for laptops, current Exynos smartphone chips are not expected to be dramatically changed, and Samsung still faces challenges in CPU design and the Windows-on-ARM ecosystem compared to Apple's integrated approach. The article also touches on Qualcomm's Nuvia acquisition and Google's ""Whitechapel"" ambitions, highlighting the broader race to develop competitive ARM-based processors.",https://arstechnica.com/gadgets/2021/05/report-the-samsung-amd-exynos-soc-will-be-out-for-laptops-this-year/,Ars Technica,Ars Technica,20210511T134800,https://cdn.arstechnica.net/wp-content/uploads/2021/01/21.jpg,0.113101,Neutral,0.939794,0.142904,Neutral
AAPL,Prince Harry and Meghan Markle's non-profit teams up with Procter & Gamble,"Prince Harry and Meghan Markle's Archewell Foundation announced a multi-year partnership with consumer goods giant Procter & Gamble. The collaboration will focus on gender equality, fostering inclusive online communities, and promoting ""resilience and impact"" through sports, though financial details were not disclosed. This partnership adds to the couple's various ventures in social work and media content creation since stepping away from royal duties.",https://www.reuters.com/world/uk/prince-harry-meghan-markles-non-profit-announces-partnership-with-procter-gamble-2021-05-11/,Reuters,Reuters,20210511T223544,https://www.reuters.com/resizer/v2/4R35MDPDZBN4FOWFF5QZFBJN5Q.jpg?auth=47564e44e81b33b677967381a08059a3d509fa6e0d623f114943cf43186bd993&width=1080&quality=80,0.143528,Neutral,0.607747,0.129191,Neutral
AAPL,Powerley and DTE Energy Launch Industry-First Advanced Rate Management Solution,"Powerley and DTE Energy have launched an industry-first advanced rate management solution designed to help energy customers understand and control advanced energy rates, such as time-of-use. This solution combines customer-specific energy pricing with household energy data to provide real-time rate advice and personalized coaching, enabling customers to maximize savings and helping energy companies manage peak demand and drive decarbonization. DTE Energy is implementing this technology in a new Time-of-Use pilot program through its DTE Insight app.",https://www.businesswire.com/news/home/20210512005349/en/Powerley-and-DTE-Energy-Launch-Industry-First-Advanced-Rate-Management-Solution,Business Wire,Business Wire,20210512T040000,,0.269569,Somewhat-Bullish,0.563377,0.285204,Somewhat-Bullish
AAPL,Corning opens new manufacturing facility in Wuhan,"Corning Incorporated has opened a new Gen 10.5 liquid crystal display (LCD) glass substrate manufacturing facility in Wuhan, China, co-located with a BOE Technology Group Co., Ltd. plant. This facility aims to strengthen Corning's presence in China and support the production of large-size display panels, specifically for 65- and 75-inch TVs. Despite pandemic challenges, Corning successfully ramped up production at the Wuhan facility, which is its sixth LCD glass plant on the Chinese mainland and second Gen 10.5 facility.",https://www.mytwintiers.com/news-cat/corning-bureau/corning/corning-opens-new-manufacturing-facility-in-wuhan/,WETM,WETM,20210512T105500,,0.596137,Bullish,0.722634,0.317594,Somewhat-Bullish
AAPL,"Cantaloupe expands with crypto, cashless payments partnerships","Cantaloupe, a software and payments company for self-pay equipment, is partnering with Bakkt Holdings to accept cryptocurrencies and loyalty points at its machines, capitalizing on the shift towards cashless payments and digital assets. This move follows another partnership with Castles Technology to enhance cashless operations at unattended retail outlets. The company, which rebranded from USA Technologies, aims to drive revenue growth through these new payment features and planned international expansion.",https://www.paymentsdive.com/news/cantaloupe-automated-retail-machines/600020/,Payments Dive,Payments Dive,20210512T200147,,0.188953,Somewhat-Bullish,0.598694,0.119878,Neutral
AAPL,Under the hood of Australia’s largest sustainable ETF,"This article examines the BetaShares Global Sustainability Leaders ETF (ASX:ETHI), Australia's largest sustainable fund, highlighting its strong performance and strict exclusion criteria while also noting the inclusion of companies accused of tax evasion. It delves into the fund's methodology, its holdings (dominated by tech and financial services), and its performance compared to other funds, discussing the complexities of defining ""sustainable"" in investing. The piece also raises concerns about animal testing and tax minimization among some of ETHI's holdings.",https://www.morningstar.com.au/funds/under-the-hood-of-australias-largest-sustainable-etf,Morningstar,Morningstar,20210512T204238,,0.034579,Neutral,0.608368,0.027177,Neutral
AAPL,The New Ransomware Threat: Triple Extortion,"Ransomware attacks have significantly increased globally, with a 102% rise compared to early 2020. Industries such as healthcare and utilities are prime targets, with Asia Pacific experiencing the highest volume of attacks. Check Point Research details a new ""Triple Extortion"" model where attackers not only encrypt data and threaten publication but also launch DDoS attacks and contact third parties like business partners and media for increased pressure, as seen with the REvil group.",https://blog.checkpoint.com/security/the-new-ransomware-threat-triple-extortion/,Check Point Blog,Check Point Blog,20210512T221018,https://blog.checkpoint.com/wp-content/uploads/2021/01/StolenPhishingCredentials_300x200.jpg,0.158642,Somewhat-Bullish,0.708489,-0.222726,Somewhat-Bearish
AAPL,Wahed FTSE USA Shariah ETF Trade Ideas — NASDAQ:HLAL,"This article compiles several trade ideas for the Wahed FTSE USA Shariah ETF (HLAL) from various TradingView users. Analysis includes bearish outlooks based on a Head and Shoulders pattern and weakening uptrends, as well as bullish sentiments identified through Ichimoku cloud analysis and Fibonacci golden pockets. One investor also expresses concerns about HLAL's holdings in companies like Nike and Apple due to ethical considerations.",https://www.tradingview.com/symbols/NASDAQ-HLAL/ideas/,TradingView,TradingView,20210513T053943,,-0.228182,Somewhat-Bearish,0.618789,-0.333232,Somewhat-Bearish
AAPL,"JPMorgan Is America’s Largest Company In 2021, But Amazon Is Rising In The Ranks","Despite a pandemic, America's largest companies grew significantly in 2021, with JPMorgan Chase maintaining its position as the largest for the third consecutive year. Meanwhile, Amazon climbed into the top five, reflecting the growing importance of e-commerce, while traditional giants like AT&T and ExxonMobil saw significant drops in rankings. This year's Global 2000 ranking illustrates the resilience and shifts within the U.S. corporate landscape amidst economic volatility.",https://www.forbes.com/sites/elizahaverstock/2021/05/13/americas-largest-public-companies-2021-jpmorgan-leads-for-third-consecutive-year-amazon-breaks-into-top-10/,Forbes,Forbes,20210513T060000,,0.37574,Bullish,0.932474,0.327336,Somewhat-Bullish
AAPL,Aeva announces customer deal; shares soar even after results disappoint,"Aeva Technologies Inc. announced a deal to develop a sensor for an ""undisclosed large company's"" self-driving car program, causing its shares to surge 13% despite reporting disappointing financial results. The company's first-quarter revenue fell short of estimates, and its operating loss more than doubled. Aeva, founded by ex-Apple engineers, specializes in lidar technology for autonomous vehicles and recently went public through a reverse merger.",https://www.reuters.com/technology/aeva-announces-customer-deal-shares-rise-even-after-results-disappoint-2021-05-13/,Reuters,Reuters,20210513T210600,https://www.reuters.com/resizer/v2/W3K2G2I3TFO4FIMNYV24P2U5PM.jpg?auth=d91f24e93019183921b66feae761f034032d8471131a47738ba51f5c6b8af0fd&width=1200&height=628&q=80,0.228384,Somewhat-Bullish,0.707259,0.213127,Somewhat-Bullish
AAPL,"GPS Watch Tracker Market Rewriting It’s Growth Cycle | Garmin, Apple, Suunto","A new report by HTF MI provides a comprehensive investigation of the Global GPS Watch Tracker market, including its geographical landscape, industry size, revenue estimation, and growth strategies of leading companies like Garmin, Apple, and Suunto. The study segments the market by product type (Basic GPS Watch & Smart GPS Watch) and end-users (Specialist Retailers, Factory outlets, Internet sales & Other), offering insights into market drivers, challenges, and opportunities across various regions. The report utilizes PESTLE analysis to evaluate political, economic, social, technological, legal, and environmental factors affecting the market.",https://www.openpr.com/news/2284585/gps-watch-tracker-market-rewriting-it-s-growth-cycle-garmin,openPR.com,openPR.com,20210513T223900,https://cdn.open-pr.com/U/5/U513530088_g.jpg,0.40505,Bullish,0.718143,0.443231,Bullish
AAPL,Is TiVo done with streaming dongles? Not so fast,"Despite recent reports suggesting TiVo might be abandoning its streaming dongle business, a company spokesperson states that TiVo will continue to produce new Android TV dongles and improve the existing Stream 4K. The move comes as TiVo's parent company, Xperi, also explores embedding its software directly into smart TVs. The article highlights the potential of TiVo's streaming solution for cord-cutters and the competitive landscape of both streaming devices and smart TV platforms.",https://www.techhive.com/article/579413/is-tivo-done-with-streaming-dongles-not-so-fast.html,TechHive,TechHive,20210513T224914,https://www.techhive.com/wp-content/uploads/2023/04/tivostream4khero-100842207-orig-2.jpg?quality=50&strip=all&w=1024,0.097435,Neutral,0.696799,0.111260,Neutral
AAPL,"Epic Games vs. Apple Trial, Week Two: Everything You Need to Know - WSJ","The second week of the Epic Games vs. Apple trial focused on expert witness testimony regarding whether smartphones are interchangeable with other video game platforms and the definition of a market in the digital age. Epic Games sued Apple for alleged antitrust violations after its game ""Fortnite"" was removed from the App Store, while Apple maintains its app marketplace policies are fair and that Epic breached a contract. Apple's stock market value hit a new record in 2020 amid these disputes with app developers.",https://www.wsj.com/tech/epic-games-vs-apple-trial-week-two-everything-you-need-to-know-11620996915?gaa_at=eafs&gaa_n=AWEtsqe99Vb0Uhh3ybgCMkJ6hUgsDlCFvr-InOiBN0d7SwbuT_j4hmLzcmie&gaa_ts=6907b382&gaa_sig=LVS-ZaLsIKhDj-hzQ6HirulX9lRQdA0Lq52MtTLK6vhL4kdaIk5aKPH0FffwwZ83c8PuDL26Pv8M15QzvLtPgw%3D%3D,The Wall Street Journal,The Wall Street Journal,20210514T192602,,-0.213832,Somewhat-Bearish,1.000000,-0.234606,Somewhat-Bearish
AAPL,Stock Index ETFs Accelerate Gains to Close Out Volatile Week,"Stocks and index ETFs rallied on Friday, driven by technology shares and economic recovery plays, despite earlier weekly losses stemming from inflation fears. While some analysts see the recent decline as a healthy correction, others remain concerned about inflation's long-term impact on monetary policy and market stability, even as a robust earnings season suggests upside potential.",https://www.etftrends.com/stock-index-etfs-accelerate-gains-to-close-out-volatile-week/,ETF Trends,ETF Trends,20210514T200254,,0.315124,Somewhat-Bullish,0.685376,0.412065,Bullish
AAPL,Review: Apple Inc. iOS 7,"This article reviews Apple's iOS 7, highlighting its significant changes and user impact. While some new features like Control Center and iTunes Radio are praised, the review critically examines the controversial aesthetic overhaul of the Lock Screen and Home Screen, detailing issues with readability, icons, and animations. It also touches on improvements to Siri and third-party app compatibility, concluding that iOS 7 succeeds despite its divisive design choices.",https://www.ilounge.com/index.php/reviews/entry/apple-inc-ios-7,www.ilounge.com,www.ilounge.com,20210514T220207,https://www.ilounge.com/wp-content/uploads/2013/09/20210512-220338.jpg,0.070483,Neutral,1.000000,0.107654,Neutral
AAPL,Review: Electronic Arts The Game of Life Classic Edition,"This article reviews Electronic Arts' The Game of Life Classic Edition for iPhone/iPod Touch, an impressive 3-D port of the classic board game. While the game provides an engaging visual and auditory experience, limitations include a single rule set, local multiplayer only, and a repetitive soundtrack. Despite these minor drawbacks, the reviewer finds the $5 asking price justified, highlighting its educational value for understanding life's financial and social paths.",https://www.ilounge.com/index.php/reviews/entry/electronic-arts-the-game-of-life-classic-edition,www.ilounge.com,www.ilounge.com,20210515T103200,https://www.ilounge.com/wp-content/uploads/2023/06/iLounge-Logo-2023.png,0.179671,Somewhat-Bullish,0.727549,0.137132,Neutral
AAPL,Review: Electronic Arts Sudoku (Num-pre),"This article reviews Electronic Arts' Sudoku game for the iPod and later the iPhone/iPod touch. The iPod version, priced at $5, is praised for its approachable design, helpful features like Auto-Fill and Hint, and a ""Newspaper Mode"" for solving external puzzles. However, the iPhone version, priced at $8, is criticized for offering minimal changes and less customization compared to competitors.",https://www.ilounge.com/index.php/reviews/entry/electronic-arts-sudoku,www.ilounge.com,www.ilounge.com,20210515T142200,https://www.ilounge.com/wp-content/uploads/2008/07/20210512-221135.jpg,0.188797,Somewhat-Bullish,0.714489,0.132704,Neutral
AAPL,"Berkshire sheds nearly all of Wells Fargo, a holding since 1989","Berkshire Hathaway has divested almost all of its Wells Fargo shares, ending a 31-year investment that was once highly successful but was tarnished by customer mistreatment scandals. The holding, which was worth $32 billion in 2018, is now down to $26.4 million. Warren Buffett cited the bank's ""dumb"" incentive system and slow response to problems as reasons for the divestment, though Berkshire maintains holdings in other banks like Bank of America.",https://www.reuters.com/business/finance/berkshire-sheds-nearly-all-wells-fargo-holding-since-1989-2021-05-17/,Reuters,Reuters,20210517T205700,https://www.reuters.com/resizer/v2/YTXPMF64SVN6VIO6VPLSCTSNTU.jpg?auth=780b052383a9b3afe9713f0af9e73aeba8f28144d7d55ab67c3fe9362fa66970&width=1080&quality=80,-0.086429,Neutral,0.575468,0.137035,Neutral
AAPL,International Relocation Is Not the Only Type of Work Mobility Needed to Attract Great Talent,"This article discusses how workplace mobility has evolved beyond traditional international relocation, driven by technology and new work models. Belgin Ertam of GE MENAT highlights that successful companies like GE are creating diverse opportunities for employees regarding their work ""place"" to attract and retain talent. It suggests that a broader understanding of mobility, beyond just physical relocation, is crucial in the modern workforce.",https://www.ge.com/news/taxonomy/term/4867,General Electric,General Electric,20210517T221958,https://www.ge.com/news/sites/default/files/styles/full_header/public/Reports/2021-05/Screen%20Shot%202021-03-16%20at%2011.20.29%20AM.png?itok=eHwkNOER,0.342152,Somewhat-Bullish,0.704854,0.341143,Somewhat-Bullish
AAPL,An FAQ on the Matter protocol,"This article provides an FAQ on the Matter protocol, which is a new smart home interoperability standard launched by major tech companies. It explains what Matter and Thread are, how they will affect existing smart home technologies like Zigbee and Z-Wave, and what the implications are for consumers, hardware manufacturers, and professional installers. The article also touches on the potential impact on open-source platforms like Home Assistant.",https://staceyoniot.com/an-faq-on-the-matter-protocol/,Stacey on IoT,Stacey on IoT,20210517T224112,https://i0.wp.com/staceyoniot.com/wp-content/uploads/2021/05/Matter-Home-Screen.jpg?resize=900%2C575&ssl=1,0.245664,Somewhat-Bullish,0.727218,0.270475,Somewhat-Bullish
AAPL,A Licensor’s FRAND Commitments Do Not Limit A Licensee’s Rights,"This article argues that FRAND commitments made by licensors do not impose obligations on potential licensees, contrary to views expressed in a previous series of articles. The author contends that FRAND commitments are unilateral decisions by SEP holders to limit their own rights in exchange for broader licensing opportunities, and that licensees retain the right to challenge the essentiality and validity of declared standard-essential patents (SEPs) without being compelled to accept a license. The article criticizes the idea that FRAND commitments create reciprocal obligations for licensees or shortcut the traditional burdens of proof within the patent system.",https://ipwatchdog.com/2021/05/18/licensors-frand-commitments-not-limit-licensees-rights/,IPWatchdog.com,IPWatchdog.com,20210518T141500,,-0.107064,Neutral,0.711675,-0.172212,Somewhat-Bearish
AAPL,"Apple Inc. stock falls Tuesday, underperforms market","Apple Inc. (AAPL) stock fell 1.12% on Tuesday, closing at $124.85, amidst a broader market downturn with the NASDAQ Composite and Dow Jones Industrial Average also declining. This marked the stock's second consecutive day of losses, placing it $20.24 below its 52-week high. The article also notes Apple's performance compared to competitors like Microsoft, Alphabet, and IBM, all of which also experienced declines.",https://www.marketwatch.com/data-news/apple-inc-stock-falls-tuesday-underperforms-market-01621369910-d1ad419d5eb9?gaa_at=eafs&gaa_n=AWEtsqdRWsv4j3_PNue3BqGHEFeanKHtdPoCGnSO8xb5Hp3JoHP2PVulwRh6&gaa_ts=6907b398&gaa_sig=kY8cYKiJANR58WPLFKK7HXDUMArn6Ewvj5My9Bi84-c48DrF4eDKRaDApIp4jkFNWnF8ECUOwb2M4Dp_Yym8-A%3D%3D,MarketWatch,MarketWatch,20210518T163100,,-0.295369,Somewhat-Bearish,1.000000,-0.439673,Bearish
AAPL,Chips with everything: how one Taiwanese company drives the world economy,"Taiwan Semiconductor Manufacturing Company (TSMC) plays a critical role in the global economy due to its dominance in sophisticated semiconductor production, supplying major tech companies like Apple and Qualcomm. The current global chip shortage, exacerbated by the Covid-19 pandemic, highlights TSMC's pivotal position, impacting various industries, especially automotive, and fueling inflation. The article discusses strategic challenges, including Taiwan's geopolitical vulnerability and efforts by the US and China to reduce their reliance on TSMC.",https://www.theguardian.com/world/2021/may/19/chips-with-everything-how-one-taiwanese-company-drives-the-world-economy,The Guardian,The Guardian,20210518T214300,https://i.guim.co.uk/img/media/b8bfe1df3c544666a72dc9425c31474e9ec30438/0_243_3500_2100/master/3500.jpg?width=465&dpr=1&s=none&crop=none,-0.039012,Neutral,0.728178,0.214388,Somewhat-Bullish
AAPL,Diageo bets on data-driven partnerships with new Collaboration Center,"Diageo has opened a 17,000 square-foot Diageo Collaboration Center in Stamford, Connecticut, aimed at fostering data-driven partnerships with customers, distributors, and agencies. The center will leverage Diageo's extensive data and analytics resources to explore marketing opportunities and address industry challenges, including the impending deprecation of third-party cookies. This initiative reflects Diageo's strategy to capitalize on recent growth in the alcohol industry while preparing for future data-centric marketing demands.",https://www.marketingdive.com/news/diageo-bets-on-data-driven-partnerships-with-new-collaboration-center/600331/,Marketing Dive,Marketing Dive,20210518T221330,https://imgproxy.divecdn.com/2XD5q_899wBTHLs2ek3H1uJX_l0rG_dSjRX97njWvqk/g:ce/rs:fill:1200:675:1/Z3M6Ly9kaXZlc2l0ZS1zdG9yYWdlL2RpdmVpbWFnZS9EQ0NfY2VudHJhbF9jb2xsYWJvcmF0aW9uLmpwZw==.webp,0.153943,Somewhat-Bullish,0.621733,-0.107054,Neutral
AAPL,The Dangers of Double Extortion Ransomware Attacks,"This article explains ""double extortion"" ransomware attacks, a growing trend where cybercriminals not only encrypt data but also exfiltrate it, threatening to leak or sell it if the ransom isn't paid. It highlights the shift from traditional ransomware to this new tactic, making data backups less effective. The article also provides a real-world example of such an attack detected by Darktrace, emphasizing the need for proactive cybersecurity measures.",https://www.darktrace.com/de/blog/double-extortion-ransomware,Darktrace,Darktrace,20210518T222519,,0.111476,Neutral,0.730652,-0.135877,Neutral
AAPL,Discovery CEO David Zaslav Steps Down From Lionsgate Board,"David Zaslav, CEO of Discovery, has stepped down from the Lionsgate board of directors, effective immediately. This move comes the same week Discovery announced its merger with WarnerMedia, increasing the competitive overlap between the companies. Directors often resign from boards when their primary company becomes a direct competitor.",https://www.hollywoodreporter.com/business/business-news/david-zaslav-lionsgate-board-1234956013/,The Hollywood Reporter,The Hollywood Reporter,20210519T135000,,0.130782,Neutral,0.712232,0.127271,Neutral
AAPL,Pega Infinity patches authentication vulnerability,"Security researchers discovered a critical password reset vulnerability in Pega Infinity, a popular enterprise software suite. This flaw could allow attackers to bypass authentication and fully compromise a Pega instance. Pega has released patches for both cloud and on-premises deployments, urging users to update their systems to address CVE-2021-27651.",https://www.malwarebytes.com/blog/news/2021/05/pega-infinity-patches-authentication-vulnerability,Malwarebytes,Malwarebytes,20210519T210201,,0.126925,Neutral,0.711327,0.125021,Neutral
AAPL,Where and how to buy Alphabet (GOOGL) stock,"This guide provides a comprehensive overview for newcomers interested in buying Alphabet (GOOGL) stock. It covers essential steps such as choosing a trading platform, funding an account, deciding investment amounts, and differentiating between buying shares or ETFs. The article also explains various order types and the importance of monitoring GOOGL's performance.",https://finty.com/us/investing/buy-alphabet-stock/,Finty,Finty,20210519T222056,,0.179695,Somewhat-Bullish,0.612244,0.121365,Neutral
AAPL,Netflix in search of executive to oversee gaming expansion - source,"Netflix is actively seeking an executive to lead its expansion into the video game industry, signaling an intensified effort to diversify beyond its core streaming business amidst growing competition. This move comes as the gaming sector has seen a surge in demand, and Netflix has previously experimented with interactive content and games based on its popular shows. The company is reportedly considering a game bundle similar to Apple Arcade, with an internal decision that these games will not include advertising.",https://www.reuters.com/technology/netflix-looking-hire-executive-gaming-expansion-information-2021-05-21/,Reuters,Reuters,20210521T133800,https://www.reuters.com/resizer/v2/EVBP3KVWRRPS7LNFPT4CRDMKXQ.jpg?auth=ae73bdc67df0ecfcdf85cfc5275578237b0bec92773b1154958c5e69ae1cf558&width=1920&quality=80,0.21797,Somewhat-Bullish,0.607189,0.116516,Neutral
AAPL,"Nvidia sets 4-for-1 stock split, shares rise","Nvidia Corp announced a four-for-one stock split to make its shares more affordable for investors, causing its stock to rise by 3%. This move follows similar splits by Apple and Tesla last year, with Nvidia's split requiring stockholder approval in June and effective mid-July.",https://www.reuters.com/technology/nvidia-sets-4-for-1-stock-split-shares-rise-2021-05-21/,Reuters,Reuters,20210521T134300,,0.227214,Somewhat-Bullish,0.703062,0.102526,Neutral
AAPL,Apple CEO Tim Cook faces sharp questioning from judge in Epic Games trial,Apple CEO Tim Cook faced sharp questioning from Judge Yvonne Gonzalez Rogers regarding Apple's App Store business model during the Epic Games v. Apple trial. The judge pressed Cook on the lack of competition in in-app purchases and expressed skepticism about Apple's Small Business Program. Cook defended Apple's policies by citing fierce competition in the smartphone market and the need for security and privacy for users.,https://www.cnbc.com/2021/05/21/apple-ceo-tim-cook-testifies-in-epic-games-trial.html,CNBC,CNBC,20210521T174600,https://image.cnbcfm.com/api/v1/image/106886827-16216257391621625737-16246504558-1080pnbcnews.jpg?v=1621625738&w=750&h=422&vtcrop=y,-0.178588,Somewhat-Bearish,1.000000,-0.209576,Somewhat-Bearish
AAPL,"How Apple, Tim Cook give into China while pushing back against the US","This article criticizes Apple and CEO Tim Cook for their perceived double standard in handling user data and human rights issues. While Apple resisted data access requests from the FBI in the US, it has reportedly ceded control of customer data to the Chinese government and removed apps from its App Store in China that are critical of the regime. The author argues that corporations and free-world leaders must choose between financial gain and supporting free speech and human rights when dealing with China.",https://nypost.com/2021/05/22/how-apple-gives-into-china-while-pushing-back-against-the-us/,New York Post,New York Post,20210522T090000,,-0.431874,Bearish,1.000000,-0.443154,Bearish
AAPL,P&G Earns Seventh Straight Gartner Supply Chain Mastery Award,"P&G has received its seventh consecutive Gartner Supply Chain Mastery Award, an achievement that highlights its long-term excellence in supply chain management. This recognition comes despite the extreme disruptions caused by the pandemic, which tested P&G's supply chain significantly. P&G is one of only five companies, including Apple, Amazon, McDonald’s, and Unilever, to be recognized in the elite ""Master"" category, which acknowledges consistent top performance over many years.",https://us.pg.com/blogs/pg-earns-gartner-supply-chain-award/,Procter & Gamble,Procter & Gamble,20210522T210213,,0.463054,Bullish,0.734978,0.420326,Bullish
AAPL,Expedia Group hires top execs from Apple and Verizon as part of leadership structure overhaul,"Expedia Group has hired Jon Gieselman from Apple and Rathi Murthy from Verizon Media as part of a significant leadership and brand overhaul aimed at simplifying its operations and boosting revenue. These appointments come amidst organizational disarray, declining revenues due to the pandemic, and a restructuring into four key pillars: Expedia Services, Expedia Brands, Expedia Marketplace, and Expedia for Business. The changes are intended to streamline the company after years of acquisitions and regain clarity in its mission.",https://www.geekwire.com/2021/expedia-group-hires-top-execs-apple-verizon-part-leadership-structure-overhaul/,GeekWire,GeekWire,20210524T060500,,0.124925,Neutral,0.713006,0.134466,Neutral
AAPL,Apple Card - Family,"Apple Card Family allows users to share their Apple Card with a Co-Owner and up to four Participants, enabling shared financial management and credit building. Co-Owners manage the account together, build credit as equals, and can set spending limits for Participants, while everyone receives Daily Cash back. Participants aged 13 and over can spend, with those 18 and older also building their own credit history.",https://www.apple.com/apple-card/family/,Apple,Apple,20210524T220207,,0.404557,Bullish,1.000000,0.447793,Bullish
AAPL,May 2021 Product Update -What’s New,"The May 2021 Fusion 360 product update introduces several new features and improvements across usability, sketching & modeling, electronics, generative design, and manufacturing. Key enhancements include Augmented Reality support via USDz export, a revamped Learning Panel, and expanded learning content for Fusion 360 Extensions. The update also brings significant advancements in electronics design with Stop Mask support in 3D PCB, improved display dialogs, and new library parts, alongside new generative design capabilities like Transparent View and enhanced manufacturing support for Formlabs and SLM Solutions 3D printers, plus machine simulation as a preview feature.",https://www.autodesk.com/products/fusion-360/blog/may-2021-product-update-whats-new/,Autodesk,Autodesk,20210524T220250,https://www.autodesk.com/products/fusion-360/blog/wp-content/uploads/2020/02/UPDATE-BANNER-2-1-1024x320.png,0.363416,Bullish,0.727691,0.312449,Somewhat-Bullish
AAPL,"Samsung, TSMC up ante in US foundry competition","The world's two largest foundry chipmakers, TSMC and Samsung Electronics, are engaged in fierce competition to expand their presence in the US, driven by significant investment plans. Samsung announced a $17 billion investment for a US factory, following TSMC's $12 billion Arizona plant. This rivalry, coupled with Intel's entry into the foundry business, intensifies the competition in the advanced chip manufacturing market, with both companies risking substantial losses if they fail to secure enough clients for their costly new facilities.",https://www.kedglobal.com/foundry-competition/newsView/ked202105240005,KED Global,KED Global,20210524T220403,https://www.kedglobal.com/data/ked/image/2021/05/24/ked202105240010.700x.0.jpg,0.129934,Neutral,0.624536,0.101880,Neutral
AAPL,Flex manufactures everything from hair dryers to the Mac Pro — what’s next?,"This article features an interview with Flex CEO Revathi Advaithi, discussing the company's diverse manufacturing operations from consumer electronics to autonomous driving systems, and the complex interplay of politics, automation, and global supply chains. Advaithi also addresses the ongoing chip shortage, the future of manufacturing in the US, and Flex's commitment to sustainability. She highlights the company's shift towards investing in healthcare and automotive sectors due to technological changes.",https://www.theverge.com/22451309/flex-revathi-advaithi-interview-decoder-manufacturing-covid-19,The Verge,The Verge,20210525T130000,,0.291141,Somewhat-Bullish,0.718766,0.239326,Somewhat-Bullish
AAPL,"Why to Go Big on Blue Chip Stock ETFs, R&D Potential","The article highlights the T. Rowe Price Blue Chip Growth ETF (TCHP) as a favorable active management option for growth investors, particularly those interested in companies with significant research and development (R&D) expenditures. It emphasizes that while growth stocks are typically known for capital appreciation and high earnings, successful growth companies must continuously innovate and reinvest. TCHP, with its heavy allocation to tech stocks like Apple, Microsoft, and Amazon, offers exposure to companies that are dedicated R&D spenders, leveraging financial resources for market dominance and new revenue streams.",https://etfdb.com/active-etf-content-hub/why-to-go-big-blue-chip-etfs-r-d/,ETF Database,ETF Database,20210525T161054,https://etfdb.com/media/W1siZiIsIjIwMjUvMDkvMDUvOGlzOGVqZXQxX0FjdGl2ZV9FVEZzX1RSUF9tYXN0aGVhZF9vdmVybGF5X05IR18xNjAweDEyMV8yeC5wbmciXV0/Active_ETFs_TRP_masthead_overlay_NHG_1600x121%402x.png,0.379738,Bullish,0.705985,0.487590,Bullish
AAPL,App Store Arguments,"This article analyzes the legal, pragmatic, duopoly, moral, and anti-steering arguments surrounding Apple's App Store, particularly in light of the Epic Games v. Apple trial. The author suggests that while Apple has a strong legal standing based on Supreme Court precedents, there are valid counterarguments regarding competition, developer relationships, and the overall health of the iOS ecosystem. The piece concludes by suggesting Apple should consider conceding some ground to developers to foster a more open and innovative environment, especially given global regulatory scrutiny.",https://stratechery.com/2021/app-store-arguments/,Stratechery by Ben Thompson,Stratechery by Ben Thompson,20210525T220208,https://stratechery.com/wp-content/uploads/2025/01/Stratechery-logo-1.svg,0.06646,Neutral,1.000000,0.121029,Neutral
AAPL,Future Looks Bright for Cloud Technology Degree,"Wake Tech's Cloud Infrastructure Associate in Applied Science (AAS) degree program is seeing high demand due to the increasing adoption of cloud technology by companies. The program prepares students for IT jobs in the Raleigh area, offering skills and credentials that align with industry needs, including hands-on experience in a unique Student Data Center. Graduates can expect a median salary of $85,000 and benefit from transfer partnerships for further education.",https://www.waketech.edu/post/wt-news-story/6932,Wake Tech,Wake Tech,20210526T095800,https://www.waketech.edu/sites/default/files/styles/max_1300x1300/public/paragraphs/news/lead-images/cloud%20pic%20.jpg?itok=dRwJyceB,0.54914,Bullish,0.555404,0.538759,Bullish
AAPL,One Illinois McDonald’s is giving away iPhones to new hires,"One McDonald's location in Altamont, Illinois, is offering free iPhones to new hires as a recruitment incentive. The sign in the restaurant's window advertises ""Now Hiring. Free iPhone."" New employees will receive the Apple device after six months of employment.",https://www.marketwatch.com/story/one-illinois-mcdonalds-is-giving-away-iphones-to-new-hires-11622062038?gaa_at=eafs&gaa_n=AWEtsqedAGtQsJkxYF7vfRfYvyJAhUWrlF-79tBXyvGfrnr62YAir-ALHB7v&gaa_ts=699b86c6&gaa_sig=4eXG0DE9ekiFTH4UNoJFed2qpmGxbWFtNw5O06xohJyxAExXyVqjRN4TEltHh1tR-VydlGYZb74mQ7oRGljUDA%3D%3D,MarketWatch,MarketWatch,20210526T164700,https://images.mktw.net/im-306849?width=1260&height=846,0.216427,Somewhat-Bullish,0.721190,0.138839,Neutral
AAPL,Apple Faces Criticism Over Its Cooperation With China,"Apple is facing increasing criticism for its cooperation with Chinese laws, which involve sharing consumer data and censoring content, amid a wider technological and economic competition between the U.S. and China. The article also discusses the US Senate's ""Endless Frontier Act"" aimed at countering China's tech advancements, China's efforts to influence Latin American and African telecom markets, and its crackdown on cryptocurrency and its own tech giants.",https://www.lawfaremedia.org/article/apple-faces-criticism-over-its-cooperation-china,Lawfare,Lawfare,20210526T220208,https://lawfare-assets-new.azureedge.net/assets/images/default-source/article-images/featured_image/6669.jpg?sfvrsn=7e3081ce_0,-0.182137,Somewhat-Bearish,1.000000,-0.318886,Somewhat-Bearish
AAPL,"Bitcoin and Ethereum are now, decentralized apps are the future","Olaf Carlson-Wee, founder of Polychain Capital, believes decentralized web applications (DAOs) will be the next major trend in crypto, following the success of Bitcoin, Ethereum, and DeFi. He envisions decentralized versions of popular social media and chat apps owned by communities via crypto tokens, starting with simpler applications like photo hosting or messaging apps before moving to more complex platforms. Carlson-Wee also notes the rapid growth of decentralized exchanges (DEXes) like Uniswap, highlighting their collision course with regulators due to potential money laundering concerns.",https://fortune.com/2021/05/27/bitcoin-ethereum-crypto-decentralized-apps-daos-coinbase-olaf-carlson-wee/,Fortune,Fortune,20210527T110600,https://content.fortune.com/wp-content/uploads/2021/05/image001.png?format=webp&w=1440&q=100,0.071946,Neutral,0.601129,0.120964,Neutral
AAPL,Stock of the week - NVIDIA (27.05.2021),"NVIDIA (NVDA.US) reported record first-quarter fiscal 2022 results, exceeding revenue and EPS expectations, driven by strong performance in Gaming, Data Center, and Professional Visualization platforms. The company also announced an upbeat Q2 forecast and a 4-for-1 stock split, which is seen as a bullish signal for investors. The growth is significantly boosted by the gaming sector during the pandemic and the increasing demand for its graphics cards by cryptocurrency miners.",https://www.xtb.com/int/market-analysis/news-and-research/stock-of-the-week-nvidia-27-05-2021,XTB.com,XTB.com,20210527T121600,,0.373913,Bullish,0.635960,0.326072,Somewhat-Bullish
AAPL,"S&P 500 trading guide: constituents, market hours and h","This guide provides an in-depth look at the S&P 500, a key benchmark for U.S. stock market performance. It covers the index's constituents, listing criteria, calculation methods, factors affecting its price, and average annual returns. The article also details various ways to trade the S&P 500, including CFDs, futures, options, and ETFs, and discusses strategies for shorting the index.",https://www.forex.com/ie/market-analysis/latest-research/sp-500-trading-guide/,FOREX.com,FOREX.com,20210527T123700,,0.120197,Neutral,0.702594,0.119586,Neutral
AAPL,"AMD's Zen 5 CPUs, APUs Will Likely Tap TSMC's 3nm Process Node","Rumors suggest that AMD's upcoming Zen 5 processors, expected around 2023, will utilize TSMC's 3nm manufacturing process node. These chips are anticipated to fall under the Ryzen 8000 branding, with codenames like Granite Ridge for mainstream CPUs and Strix Point for APUs. Strix Point APUs might feature a hybrid architecture combining Zen 5 and Zen 4 cores, potentially using a multi-chip module design.",https://www.tomshardware.com/news/amd-zen-5-cpus-apus-3nm-process-node,Tom's Hardware,Tom's Hardware,20210527T220403,https://cdn.mos.cms.futurecdn.net/b6AWuqaDHTv9ZS4ZpfqZNV-840-80.png,0.166999,Somewhat-Bullish,0.587547,0.058913,Neutral
AAPL,"Despite What You’ve Heard, Not All Tech Products Are Manufactured Overseas","While many tech products like phones and computers are built overseas, a significant number of tech items and components are manufactured in the United States, particularly in Texas. Companies like Apple, Ericsson, Samsung, Texas Instruments, and Starlink have production facilities in the state, involving semiconductors, computers, consumer electronics, home audio, and electric vehicles. Despite consumer preference for American-made goods, most are unwilling to pay more than a 10% premium for them.",https://www.texasstandard.org/stories/despite-what-youve-heard-not-all-tech-products-are-manufactured-overseas/,Texas Standard,Texas Standard,20210527T224542,https://www.texasstandard.org/wp-content/uploads/2019/04/1024px-Texas_Instruments_Dallas_Headquarters_June_2018.jpg,0.352434,Bullish,0.705684,0.343457,Somewhat-Bullish
AAPL,"Yes, You Can Invest in a Tech-Less Nasdaq-100","The article discusses the First Trust NASDAQ-100 Ex-Technology Sector Index Fund (QQXT), an ETF that allows investors to gain exposure to the Nasdaq-100 without the heavy technology sector allocation. This fund offers diversification away from tech and communication services while still providing growth potential and has historically outperformed the S&P 500 with less volatility. QQXT is presented as a compelling option for investors seeking growth outside of traditional tech-heavy portfolios.",https://www.etftrends.com/nasdaq-portfolio-solutions-channel/yes-you-can-invest-tech-less-nasdaq-100/,ETF Trends,ETF Trends,20210528T205652,,0.064962,Neutral,0.615385,0.078497,Neutral
AAPL,Commander One - Free File Manager Compatible With M1-Powered Macs,"Electronic Team, Inc. has announced that its file manager, Commander One, now fully supports Apple Silicon Macs. This free, multifunctional file manager, written in Swift 2.0, offers a dual-panel interface and new features including native support for M1 chips, multipart upload for Amazon S3, and improved work with Backblaze B2 storage. A PRO Pack is also available with extended functionalities like connecting to remote servers, mounting various cloud storages, and advanced archive support.",https://www.newswire.com/news/commander-one-free-file-manager-compatible-with-m1-powered-macs-21398734,Newswire.com,Newswire.com,20210528T220222,https://cdn.nwe.io/files/x/7d/88/751ee6c69289f100bc166ff9cbc9.jpg,0.404983,Bullish,0.704319,0.343639,Somewhat-Bullish
AAPL,Samsung Display to expand small OLED line with $2.7 bn investment,"Samsung Display plans to invest up to 3 trillion won ($2.7 billion) to build a new organic light-emitting diode (OLED) production line for small-size panels in an effort to maintain its market leadership amidst increasing competition from Chinese rivals. This expansion will boost its monthly production capacity of smaller OLED panels to 195,000 units and is part of its strategic withdrawal from the liquid crystal display (LCD) business. While Samsung's market share in mobile OLED panels is projected to decline, the company aims to capitalize on rising demand for OLED panels in smartphones and laptops, and will temporarily continue some large LCD panel production due to strong market prices.",https://www.kedglobal.com/oled-panels/newsView/ked202105280007,KED Global,KED Global,20210528T222835,https://www.kedglobal.com/data/ked/image/2021/05/28/ked202105280023.700x.0.jpg,0.230876,Somewhat-Bullish,0.707091,0.217762,Somewhat-Bullish
AAPL,"iPhone 13 Pro, Pro Max 120Hz OLED displays enter mass production, report says","Samsung and LG have started mass production of OLED panels for the upcoming Apple iPhone 13 series, with Samsung expected to be the primary supplier. Samsung will produce LTPO OLED displays for the iPhone 13 Pro and Pro Max models, enabling 120Hz refresh rates, while LG and BOE will supply 60Hz panels for the standard iPhone 13 and Mini. Apple is anticipated to launch four new iPhone models in September, continuing its strategy of offering both high-end and standard versions.",https://indianexpress.com/article/technology/mobile-tabs/iphone-13-pro-pro-max-120hz-oled-displays-enter-mass-production-7338353/,The Indian Express,The Indian Express,20210531T222835,https://images.indianexpress.com/2021/05/iPhone-12-1.jpg?w=1600,0.328429,Somewhat-Bullish,1.000000,0.429652,Bullish
AAPL,Chip giants are making more money than ever as the semiconductor shortage rages,"The world's 10 largest chip manufacturing companies achieved record revenues in the first quarter of 2021, totaling $22.75 billion, amidst a global semiconductor shortage. Taiwan Semiconductor Manufacturing Corp. (TSMC) was a major contributor, accounting for 57% of global chip foundry revenues. The shortage, expected to last until 2023, is driven by high demand across various industries and production disruptions, leading to increased wafer prices and projected continued revenue growth for foundries.",https://www.cnbc.com/2021/06/01/chip-foundries-see-record-revenues-amid-semiconductor-shortage.html,CNBC,CNBC,20210601T065400,https://image.cnbcfm.com/api/v1/image/106692661-1599449811224-gettyimages-1267327926-pre_9603.jpeg?v=1732626619&w=750&h=422&vtcrop=y,0.213192,Somewhat-Bullish,0.700842,0.102777,Neutral
AAPL,TSMC Throws The Ball In Intel’s Court By Showcasing Customized Chipmaking Technologies,"TSMC announced new customized semiconductor nodes, N5A for automotive and N6RF for communications, at its online technology symposium. This move aims to solidify TSMC's position as a contract chip manufacturer by offering specialized processes, directly challenging Intel's plans to enter the contract manufacturing space. TSMC emphasized its commitment to not competing with its customers, differentiating itself from other potential foundries.",https://wccftech.com/tsmc-throws-the-ball-in-intels-court-by-showcasing-customized-chipmaking-technologies/,Wccftech,Wccftech,20210602T150400,https://cdn.wccftech.com/wp-content/uploads/2021/06/N5A-740x416.png,0.12989,Neutral,0.627942,0.143548,Neutral
AAPL,How to View Your Fusion 360 Designs in AR with USDz File Format,"Fusion 360 has introduced support for the USDz file format, enabling users to view their 3D designs in augmented reality (AR) directly from iOS mobile devices. This feature allows designers to preview designs in real-life environments, assess scale and aesthetics, and communicate concepts more effectively to clients and stakeholders. The article explains what USDz is, how to export files from Fusion 360, and highlights the benefits of using AR for design visualization.",https://www.autodesk.com/products/fusion-360/blog/how-to-view-your-fusion-360-designs-in-ar-with-usdz-file-format/,Autodesk,Autodesk,20210602T210843,https://www.autodesk.com/products/fusion-360/blog/wp-content/uploads/2021/06/2021-06-01_09-34-21-1024x576.jpg,0.276231,Somewhat-Bullish,0.734403,0.310842,Somewhat-Bullish
AAPL,The Moomoo Trading App Launches New Referral Program - Moomoo Ambassador,"Moomoo Inc., a subsidiary of Futu Holdings Limited, has launched a new customer referral program called ""Moomoo Ambassador"" for its moomoo stock investment platform. This program allows users to earn free stocks by referring new customers, with rewards for both the referrer and the referee, valued between $8 and $1,000. As a launch bonus, Moomoo Ambassadors can receive a guaranteed share of Apple stock for referring two qualifying new customers between June 1st and July 1st, 2021.",https://en.prnasia.com/releases/global/the-moomoo-trading-app-launches-new-referral-program-moomoo-ambassador-320921.shtml,PR Newswire Asia,PR Newswire Asia,20210602T212743,https://mma.prnasia.com/media2/1524280/image1.jpg?p=medium600,0.542464,Bullish,0.723581,0.434152,Bullish
AAPL,LG Electronics expands overseas appliance plants as it exits phone business,"LG Electronics is expanding its overseas production facilities in key markets like the US, Brazil, Vietnam, and Saudi Arabia after exiting its mobile phone business. The company is shifting its focus to home appliances, automotive parts, and telematics, investing significantly to ramp up capacity and improve productivity. With these strategic changes, LG is projected to surpass Whirlpool as the top appliance maker this year.",https://www.kedglobal.com/business-restructuring/newsView/ked202106020011,KED Global,KED Global,20210602T215958,https://www.kedglobal.com/data/ked/image/2021/06/02/ked202106020025.700x.0.jpg,0.219138,Somewhat-Bullish,0.617125,0.139672,Neutral
AAPL,The Moomoo Trading App Launches New Referral Program - Moomoo Ambassador,,https://enmobile.prnasia.com/releases/global/the-moomoo-trading-app-launches-new-referral-program-moomoo-ambassador-320921.shtml,美通社,美通社,20210602T235600,,0.407797,Bullish,0.747019,0.329551,Somewhat-Bullish
AAPL,Microsoft’s Irish subsidiary posted £220bn profit in single year | Tax havens,"Microsoft's Irish subsidiary, Microsoft Round Island One, recorded a profit of $315 billion (£222 billion) in a single year, which is nearly three-quarters of Ireland's GDP, despite having no employees other than directors. The company is resident for tax purposes in Bermuda, which has no corporation tax, allowing it to pay no tax on income. This news emerged as G7 finance ministers discussed global minimum corporate tax rates to combat multinational tax avoidance.",https://www.theguardian.com/world/2021/jun/03/microsoft-irish-subsidiary-paid-zero-corporate-tax-on-220bn-profit-last-year,The Guardian,The Guardian,20210603T063000,https://i.guim.co.uk/img/media/e166c303f905202868ef6fbdd01ee435b0e51381/0_149_3500_2100/master/3500.jpg?width=1200&quality=85&auto=format&fit=max&s=55c0e1cd1639c4f74d008f51a7042544,-0.226133,Somewhat-Bearish,0.638778,-0.224018,Somewhat-Bearish
AAPL,Apple Prepares Office Staff for Hybrid Workweek,"Apple is preparing its office staff for a hybrid workweek, requiring employees to return to the office three days a week starting in September. CEO Tim Cook announced that office workers are expected to be in the office on Mondays, Tuesdays, and Thursdays, with the flexibility to work remotely on Wednesdays and Fridays. This move places Apple among a growing number of companies adopting a hybrid work model.",https://www.wsj.com/lifestyle/workplace/apple-prepares-office-staff-for-hybrid-workweek-11622745636?gaa_at=eafs&gaa_n=AWEtsqdmwIeld2717u3qHYkfwJUEKLiTeRUt3FuoVFOCe_OWhrM6LsWycFrE&gaa_ts=699b73bc&gaa_sig=COpsfkiWPVw34V4IZ5wssAxEXm_jB5m8ZZFu0mZJ-IloPGDOYHdfl9qTQMiDGs4Tl4NSpP71t18nAd-aYvFJmA%3D%3D,The Wall Street Journal,The Wall Street Journal,20210603T210811,https://images.wsj.net/im-43873017?size=1.5,0.035974,Neutral,1.000000,0.018722,Neutral
AAPL,"June Deal for Futu’s Moomoo: Free Apple and NIO Share For New Users, $50 For Share Transfer-in For All Users, And Twitter Shares for Referring Your Friends!","Futu SG's Moomoo trading app is offering promotional deals for new and existing users in June. New users can receive free Apple and NIO shares by signing up, depositing funds, and completing trades, while existing users can earn Twitter shares through referrals and a $50 cash coupon for transferring shares. The promotion highlights commission-free trading for 180 days and free market data, aiming to attract more clients to its regulated platform.",https://sethisfy.com/moomoo-junes-deal-apple-twitter-shares/,Sethisfy,Sethisfy,20210604T212743,https://i0.wp.com/sethisfy.com/wp-content/uploads/2021/06/moomoo-june.jpg?resize=1200%2C500&ssl=1,0.406776,Bullish,0.715894,0.331388,Somewhat-Bullish
AAPL,"AT&T, Verizon Push Free iPhones for Long-Term Customers","U.S. cellphone carriers like AT&T and Verizon are offering significant discounts on new smartphones, including free iPhones, to encourage long-term customer commitments. This strategy provides stability for carriers as they invest heavily in 5G network upgrades and reinforces their customer base. The promotions highlight a resurgence of wireless contracts in exchange for valuable device subsidies.",https://www.wsj.com/business/telecom/at-t-verizon-push-free-iphones-for-long-term-customers-11622886768?gaa_at=eafs&gaa_n=AWEtsqdxKFKLOox2n-lJ5qI12e91EnmbSlFtLtyHiAUZyHPw9EslnyqWZ5cT&gaa_ts=6907cea8&gaa_sig=XKTDr2S0wzjS53fQreOailn_-9rTDrpwRIdCosu1uPMQj-oTfJyoehTfDA0Y96k_DkjspglKFzTfg7S99eTIjQ%3D%3D,The Wall Street Journal,The Wall Street Journal,20210605T212148,,0.170432,Somewhat-Bullish,0.728548,0.141195,Neutral
AAPL,How Apple Lossless Audio Challenges Streaming Rivals,"Apple is entering the high-fidelity audio market with lossless, high-resolution, and spatial audio for Apple Music, aiming to differentiate itself from competitors like Spotify and Amazon Prime. This move challenges streaming rivals by offering superior sound quality, as lossless audio preserves all original sound data, unlike compressed formats such as MP3s. This strategy focuses on technological advancement to improve the listening experience.",https://www.bloomberg.com/news/articles/2021-06-07/how-apple-lossless-audio-challenges-streaming-rivals-quicktake,Bloomberg.com,Bloomberg.com,20210607T173900,https://assets.bwbx.io/images/users/iqjWHBFdfxIU/i7n3peVF5UNU/v0/-1x-1.webp,0.103373,Neutral,0.985413,0.288131,Somewhat-Bullish
AAPL,"Apple is turning privacy into a business advantage, not just a marketing slogan","Apple is increasingly integrating privacy measures into its products and services, differentiating itself from competitors. Recent announcements include features like email tracking prevention, IP address obfuscation, and burner emails, all under the umbrella of iCloud+. The company leverages its self-designed chips and on-device processing capabilities to enhance privacy and introduce new functionalities in areas like health and digital identity, reinforcing user trust and opening new market opportunities.",https://www.cnbc.com/2021/06/07/apple-is-turning-privacy-into-a-business-advantage.html,CNBC,CNBC,20210607T185200,,-0.117282,Neutral,1.000000,0.458248,Bullish
AAPL,"Apple advances its privacy leadership with iOS 15, iPadOS 15, macOS Monterey, and watchOS 8","Apple has introduced significant new privacy features across its operating systems — iOS 15, iPadOS 15, macOS Monterey, and watchOS 8 — to enhance user control over personal data. Key innovations include Mail Privacy Protection, App Privacy Report, on-device Siri processing, and iCloud+ features like Private Relay and Hide My Email. These updates aim to protect users from tracking, provide transparency into app data access, and secure online activities.",https://www.apple.com/newsroom/2021/06/apple-advances-its-privacy-leadership-with-ios-15-ipados-15-macos-monterey-and-watchos-8/,Apple,Apple,20210607T210811,https://www.apple.com/newsroom/images/values/privacy/Apple_iPhone12Pro-Safari-Privacy-Report_060721_inline.jpg.large.jpg,0.415992,Bullish,1.000000,0.442175,Bullish
AAPL,Apple's new 'private relay' feature will not be available in China,"Apple announced that its new ""private relay"" feature, designed to enhance user privacy by obscuring web browsing behavior, will not be available in China due to regulatory reasons. This decision represents another compromise by Apple in a country that is a significant market for the company, following previous adjustments like moving iCloud data keys to China. The feature, which routes web traffic through multiple servers to prevent tracking, will also be withheld in several other countries.",https://www.reuters.com/world/china/apples-new-private-relay-feature-will-not-be-available-china-2021-06-07/,Reuters,Reuters,20210607T210811,https://www.reuters.com/resizer/v2/TYQ45MXIZFMELM2VLBA2AOZJBU.jpg?auth=f661a2818cfe816a00814d59a88f4a44745b3f9b07c0dc2f371e9f667359153d&width=1080&quality=80,0.035872,Neutral,0.995497,-0.122699,Neutral
AAPL,"iOS 15 brings powerful new features to stay connected, focus, explore, and more","Apple announced iOS 15, introducing major updates like more natural FaceTime calls with SharePlay for shared experiences, new Focus tools to reduce distractions, and enhanced on-device intelligence for features like Live Text and Spotlight. The update also brings a redesigned Safari, advanced Apple Maps, and expanded Apple Wallet capabilities for keys and state IDs. Privacy controls are strengthened, and redesigned Weather and Notes apps offer richer experiences, along with numerous other new features across the system.",https://www.apple.com/newsroom/2021/06/ios-15-brings-powerful-new-features-to-stay-connected-focus-explore-and-more/,Apple,Apple,20210607T210811,https://www.apple.com/newsroom/images/product/os/ios/standard/Apple_iPhone12Pro-iOS15-3up_060721_big.jpg.large.jpg,0.401665,Bullish,1.000000,0.429126,Bullish
AAPL,Adobe: Creative Cloud app performance surges more than 80% on M1 MacBook Pro vs. Intel-based systems,"Adobe's Creative Cloud applications demonstrate over 80% faster performance on Macs equipped with Apple's M1 processor compared to Intel-based systems, according to a study commissioned by Adobe. Native M1 versions of several Creative Cloud apps have been released, with Premiere Pro currently in public beta. Key findings include significant performance gains for Adobe Sensei features and apps like Photoshop and Lightroom Classic on the M1 chip.",https://www.zdnet.com/article/adobe-creative-cloud-app-performance-surges-more-than-80-on-m1-macbook-pro-vs-intel-based-systems/,ZDNET,ZDNET,20210608T060000,https://www.zdnet.com/a/img/resize/ad5eaccb545ef683588243a9891d5f678df042df/2017/04/26/eb462fe7-e39e-43ba-abbd-c4ca2442306e/larry-dignan-eic.jpg?auto=webp&fit=crop&frame=1&height=192&width=192,0.123662,Neutral,0.908702,0.317163,Somewhat-Bullish
AAPL,"Here are Tuesday's biggest analyst calls of the day: Netflix, Apple, AMC, Dave & Buster's & more","This article summarizes major analyst calls made on Tuesday, June 8, 2021, featuring companies like Netflix, Apple, AMC, and Dave & Buster's. KeyBanc upgraded Generac, Morgan Stanley reiterated overweight ratings for Tesla and Apple, and Jefferies upgraded Delta and Lamb Weston to buy. Notable reiterations include Bank of America on Amazon (buy) and MKM on AMC (sell), with analysts providing brief justifications for their ratings.",https://www.cnbc.com/2021/06/08/tuesdays-stock-analyst-calls-netflix-apple-amc-dave-busters-.html,CNBC,CNBC,20210608T083500,https://image.cnbcfm.com/api/v1/image/108264524-17708280672026-02-11t163048z_238826241_rc2qjja0gktk_rtrmadp_0_usa-stocks.jpeg?v=1770828653&w=600&h=300&vtcrop=y,0.229938,Somewhat-Bullish,0.733653,0.346191,Somewhat-Bullish
AAPL,Apple in talks with Chinese suppliers for EV batteries: Report,"Apple is in early-stage discussions with Chinese battery suppliers CATL and BYD for its planned electric vehicle. A key condition from Apple is that potential suppliers build manufacturing facilities in the United States, but CATL is reportedly hesitant due to political tensions and cost concerns. The report also indicates Apple's interest in cheaper lithium iron phosphate batteries and targets a 2024 launch for its self-driving passenger vehicle.",https://www.aljazeera.com/economy/2021/6/8/apple-in-talks-with-chinese-suppliers-for-ev-batteries-report,Al Jazeera,Al Jazeera,20210608T210811,https://www.aljazeera.com/wp-content/uploads/2021/06/2016-12-25T000000Z_233884839_RC1EF6BFC7D0_RTRMADP_3_CHINA-AUTOS-BATTERIES.jpg?resize=770%2C513&quality=80,0.20747,Somewhat-Bullish,0.966244,0.338265,Somewhat-Bullish
AAPL,Apple Music’s Zane Lowe explains how Spatial Audio will transform music,"Zane Lowe, Apple Music's co-head of Artist Relations, discusses the transformative potential of Spatial Audio for both artists and fans. He emphasizes how this new immersive technology, with sound moving in a three-dimensional space, will allow artists to create music in entirely new ways, moving beyond traditional two-channel stereo. Lowe believes Spatial Audio will change how music feels to listeners and foresees future artists growing up creating specifically for this format.",https://www.apple.com/za/newsroom/2021/06/apple-musics-zane-lowe-explains-how-spatial-audio-will-transform-music/,Apple,Apple,20210608T210811,https://www.apple.com/newsroom/images/product/apple-music/Apple_Music-iPhone12Pro-Spacial-NowPlaying-AirPods-DolbyAtmos-2up_060721_big.jpg.large.jpg,0.466512,Bullish,1.000000,0.466144,Bullish
AAPL,Premiere Pro Beta on Apple M1: The results are in,"The Premiere Pro Beta for Apple M1 has shown significant performance improvements, with testing by Pfeiffer Report revealing it is 77 percent faster on average than comparable Intel-based systems. Key areas like importing, playback, and exports, as well as specific effects and Adobe Sensei features, exhibit substantial speed enhancements. The optimizations also contribute to improved battery life due to efficient use of the M1’s Unified Memory.",https://blog.adobe.com/en/publish/2021/06/08/premiere-pro-beta-on-apple-m1-the-results-are-in,Adobe,Adobe,20210608T210840,,0.224974,Somewhat-Bullish,0.915586,0.406848,Bullish
AAPL,How fast can stores fill curbside pickup orders?,"This article examines the varying speeds at which different retailers fulfill curbside pickup orders, highlighting Dick's Sporting Goods as a leader with over 90% of orders ready within 15 minutes. It discusses how retailers are balancing customer expectations for speed and convenience with operational challenges like staffing and inventory management. The piece concludes that curbside pickup remains a significant part of omnichannel retail, with speed and accuracy being critical differentiators.",https://retailwire.com/discussion/how-fast-can-stores-fill-curbside-pickup-orders/,RetailWire,RetailWire,20210608T212123,https://retailwire.com/wp-content/uploads/2021/06/DICK.jpg,0.242937,Somewhat-Bullish,0.613096,0.126020,Neutral
AAPL,Ferrari appoints STMicroelectronics' Benedetto Vigna as new CEO,"Ferrari has appointed Benedetto Vigna, a technology industry veteran from STMicroelectronics, as its new CEO. This move signals Ferrari's commitment to developing high-end electric vehicles and integrating cutting-edge technology, aligning with Chairman John Elkann's vision for an electrified future. Vigna will face challenges including leading the company into electric mobility, reviving its Formula One performance, and managing brand extension while maintaining exclusivity.",https://www.straitstimes.com/business/companies-markets/ferrari-appoints-stmicroelectronics-benedetto-vigna-as-new-ceo,The Straits Times,The Straits Times,20210609T110000,https://static1.straitstimes.com.sg/s3fs-public/articles/2021/06/09/af_benedettovigna_0906.jpg?VersionId=nfhlxWeSH9J0M_JLFm097NboX0IXIn8s,0.18749,Somewhat-Bullish,0.637536,0.125312,Neutral
AAPL,"Apple's New Private Relay Feature Seen Tied to Fastly, Akamai, and Cloudflare","Apple's new iCloud Private Relay feature, announced at their Worldwide Developers Conference, is believed to be connected to content delivery network providers like Fastly, Akamai, and Cloudflare. This privacy feature aims to mask users' online identities when browsing websites. The article also touches upon Fastly's stock surge on the day of an outage, suggesting it might be related to Apple's announcements.",https://www.barrons.com/articles/fastly-stock-outage-think-apple-51623269551?gaa_at=eafs&gaa_n=AWEtsqf-W227vcTWZ5RrhQ2ctS97mowlxXug1p9mRiaM9iMQ7H5PTf0TMiWI&gaa_ts=699b740e&gaa_sig=tAyJLyWDwLhsONeJbIoMpki9U86SjTV4S7Su5-ht3bZL_o31npJF4D8_O78V5QPkLilWesEkbCxlvpRzrFyb7w%3D%3D,Barron's,Barron's,20210609T210932,https://images.barrons.com/im-351580?width=639&height=426,0.260137,Somewhat-Bullish,0.948566,0.204758,Somewhat-Bullish
AAPL,XPO Says GXO Spinoff Should Be Completed by Q3,"XPO Logistics announced an accelerated timeline for the spinoff of its logistics operations into GXO Logistics, now expected to be completed in the third quarter of this year. GXO Logistics anticipates strong organic revenue growth of 8% to 12% in 2022 and increased EBITDA guidance, while XPO will continue to focus on transportation services. The separation aims to create two independent public companies, each with enhanced growth prospects in their respective markets.",https://www.ttnews.com/articles/xpo-says-gxo-spinoff-should-be-completed-q3,Transport Topics,Transport Topics,20210609T213006,https://www.ttnews.com/sites/default/files/styles/article_full_width_image/public/images/articles/gxo-xpo-1200.jpg,0.253412,Somewhat-Bullish,0.627717,0.191383,Somewhat-Bullish
AAPL,Apple announces winners of the 2021 Apple Design Awards,"Apple announced the winners of its 2021 Apple Design Awards, recognizing 12 apps and games across six new categories: Inclusivity, Delight and Fun, Interaction, Social Impact, Visuals and Graphics, and Innovation. Developers from around the world were celebrated for their outstanding achievements in design, creativity, and technical excellence, with winners receiving a physical award and hardware package. The awards highlight the essential role these apps and games play in daily life and their innovative use of Apple technologies.",https://www.apple.com/newsroom/2021/06/apple-announces-winners-of-the-2021-apple-design-awards/,Apple,Apple,20210610T210811,https://www.apple.com/newsroom/images/live-action/wwdc-2021/Apple_WWDC21-Apple-Design-Awards_061021_big.jpg.large.jpg,0.439077,Bullish,1.000000,0.410561,Bullish
AAPL,Tower Theatre - Apple Store,"The Apple Tower Theatre in Los Angeles is a landmark of design and innovation, originally built during Hollywood's Golden Age and famed for its technology and creative flair. The theater underwent an extensive renovation, preserving its historic character while transforming it into a modern Apple Store that hosts live events, musical performances, and creative learning sessions. It offers various Apple services including Genius Bar appointments, Today at Apple sessions, and options for purchasing and financing Apple products.",https://www.apple.com/retail/towertheatre/,Apple,Apple,20210611T210811,https://rtlimages.apple.com/cmc/dieter/store/16_9/R720.png?resize=2880:1612&output-format=jpg&output-quality=85&interpolation=progressive-bicubic,0.425066,Bullish,1.000000,0.443273,Bullish
AAPL,Start-up: From engineer to IoT entrepreneur,"Teng Kong Leong transitioned from an engineer at multinational companies to an IoT entrepreneur, founding Wondernica Research PLT in 2014 and later Wondernica Technologies Sdn Bhd in 2018. The company specializes in end-to-end IoT solutions for smart cities, focusing on smart agriculture and environmental monitoring, and is expanding into cold chain logistics. Despite slow IoT adoption in Malaysia, Wondernica is gaining traction internationally and through pilot projects, aiming to provide affordable solutions by designing both hardware and software.",https://theedgemalaysia.com/article/startup-engineer-iot-entrepreneur,The Edge Malaysia,The Edge Malaysia,20210614T210810,https://theedgemalaysia.com/_next/image?url=https%3A%2F%2Fassets.theedgemarkets.com%2FDE4-IoT-tem1374_20210610143140_theedgemarkets.jpg&w=1920&q=75,0.070968,Neutral,0.568283,0.025603,Neutral
AAPL,"Dimensional U.S. Core Equity 2 ETF ETF Price, Holdings, & News (NYSEARCA:DFAC)","This article provides details on the Dimensional U.S. Core Equity 2 ETF (NYSEARCA:DFAC), an exchange-traded fund that invests in U.S. equities with a tilt towards small-cap companies. As of March 25, 2026, the ETF has a price of $39.21, assets under management of $40.41 billion, and a net expense ratio of 0.17%. The ETF's top holdings include major tech companies like NVIDIA, Apple, and Microsoft.",https://www.marketbeat.com/stocks/NYSEARCA/DFAC/,MarketBeat,MarketBeat,20210615T063915,,0.103056,Neutral,0.642869,0.102047,Neutral
AAPL,Dimensional U.S. Core Equity 2 ETF,"The Dimensional U.S. Core Equity 2 ETF (DFAC) is an actively managed ETF with $45.16 billion in assets, an expense ratio of 0.17%, and an inception date of June 14, 2021. It focuses on U.S. total market equities with a multi-cap strategy and currently has top holdings in major tech companies like NVIDIA, Apple, and Microsoft. The ETF has shown strong performance over 1-year and 3-year periods compared to its category average and targets an ESG score of 6.35/10.",https://etfdb.com/etf/DFAC/,ETF Database,ETF Database,20210615T133840,,0.368592,Bullish,0.814150,0.318558,Somewhat-Bullish
AAPL,Airbnb and Booking targets of G7 push for higher taxes for multinationals and EU focus on restraining gatekeepers,"The article discusses how Airbnb and Booking.com are becoming targets for higher taxation and stricter regulation due to evolving international policies. The G7 summit's proposal for a 15% global minimum corporate tax and a push for multinationals to pay taxes where they sell services directly challenges current practices of these platforms, which often pay lower taxes in countries like Ireland. Additionally, the EU's Digital Services Act aims to regulate large digital platforms like Airbnb and Booking.com as ""gatekeepers,"" potentially leading to increased complexity for hosts and greater data sharing with municipalities.",https://www.rentalscaleup.com/airbnb-and-booking-targets-of-g7-push-for-higher-taxes-for-multinationals-and-eu-focus-on-restraining-gatekeepers/,RSU by PriceLabs,RSU by PriceLabs,20210615T211405,https://www.rentalscaleup.com/wp-content/uploads/2021/06/Airbnb-Booking-taxes.png,-0.142086,Neutral,0.617196,-0.168696,Somewhat-Bearish
AAPL,Check out Target’s ‘before’ and ‘after’ store remodel photos,"Target Corp. is planning to remodel approximately 150 stores this year, which will include modern fixtures, updated lighting, enhanced experiences, and health and safety upgrades. These remodels are part of a larger initiative, with over 800 locations already upgraded in the past four years, and will feature improvements to guest services, order pickup, drive-up areas, and new ""shop in shop"" experiences with brands like Ulta Beauty, Apple, and Disney.",https://chainstoreage.com/check-out-targets-and-after-store-remodel-photos,Chain Store Age,Chain Store Age,20210615T212219,,0.213243,Somewhat-Bullish,0.645574,0.146913,Neutral
AAPL,IKEA's new Sonos Symfonisk Picture Frame speaker launches for $199,"IKEA has announced the launch of its new Sonos Symfonisk Picture Frame speaker, priced at $199, as the latest collaboration with Sonos. This flat, wall-mountable speaker is designed to offer robust audio despite its slim profile, featuring a woofer and a tweeter with a wave guide for room-filling sound. It supports Wi-Fi and AirPlay 2, can be integrated into a Sonos multiroom audio setup, and will be available starting July 15.",https://www.tomsguide.com/news/ikeas-new-sonos-symfonisk-picture-frame-speaker-launches-for-dollar199,Tom's Guide,Tom's Guide,20210615T215248,https://cdn.mos.cms.futurecdn.net/EWbhCFWNHjtLLgjo5uH9sT.jpeg,0.232895,Somewhat-Bullish,0.615661,0.149396,Neutral
AAPL,"Steve Wozniak Revealed as Keynote Speaker for Spiceworks Ziff Davis’ Annual IT Conference, SpiceWorld 2021","Apple Co-founder Steve Wozniak has been announced as the keynote speaker for SpiceWorld 2021, Spiceworks Ziff Davis' annual IT conference. The virtual event, scheduled for September 27-29, 2021, will feature Wozniak in a fireside chat discussing his journey, technological innovation, and entrepreneurial mindset. Attendees can register for free to hear Wozniak's insights into the future of technology and his role in founding Apple.",https://www.businesswire.com/news/home/20210615005188/en/Steve-Wozniak-Revealed-as-Keynote-Speaker-for-Spiceworks-Ziff-Davis-Annual-IT-Conference-SpiceWorld-2021,Business Wire,Business Wire,20210615T220141,https://mms.businesswire.com/media/20210615005188/en/884974/4/Steve_Wozniak_SpiceWorld_2021_Keynote_Speaker.jpg,0.162003,Somewhat-Bullish,0.724204,0.307816,Somewhat-Bullish
AAPL,"Bernstein recommends Sea, says Singapore-based internet company is a 'super app in the making'","Bernstein recommends Sea Ltd., calling the Singapore-based internet company a ""super app in the making"" and initiating coverage with an outperform rating and a $350 price target. The investment firm believes Sea's strong execution track record ensures its dominance in various verticals, particularly highlighting the potential of its e-commerce arm, Shopee, to reach breakeven by 2025. Key drivers for the stock are expected to be Shopee's expansion in Latin America and grocery in Southeast Asia, leading to increased profitability.",https://www.cnbc.com/2021/06/16/bernstein-recommends-sea-says-singapore-based-internet-company-is-a-super-app-in-the-making.html,CNBC,CNBC,20210616T060200,,0.36353,Bullish,0.642892,0.120900,Neutral
AAPL,"This is how Black women can be seen, heard and promoted at work","Susan Somersille Johnson, CMO for Prudential Financial Inc., shares her journey from a shy electrical engineer to a marketing leader, emphasizing the importance of networking, stepping out of one's comfort zone, and intentionality in career growth. She advises Black women to advocate for themselves by actively communicating their successes to leaders to ensure they are seen, heard, and promoted. Somersille Johnson also discusses the impact of the past year on her perspective as a Black woman and the importance of integrating one's life to foster diversity and inclusion in the workplace.",https://www.msnbc.com/know-your-value/how-black-women-can-be-seen-heard-promoted-work-n1270999,MSNBC News,MSNBC News,20210616T093600,,0.345054,Somewhat-Bullish,0.709166,0.215508,Somewhat-Bullish
AAPL,Inside a factors-focused model portfolio,"Tim Courtney, CIO of Exencial Wealth Advisors, discusses his firm's all-equity model portfolio, highlighting its focus on Dimensional Fund Advisors (DFA) funds for their factor-based weighting towards value, small companies, and profitability, despite recent underperformance. He also addresses portfolio diversification, managing overlap, and specific international fund selections like the DFA International Small Cap Value fund and American Funds EuroPacific Growth fund.",https://citywire.com/ria/news/inside-a-factors-focused-model-portfolio/a1516572,Citywire,Citywire,20210616T200625,,0.24644,Somewhat-Bullish,0.600587,0.318792,Somewhat-Bullish
AAPL,Apple Still Has a Privacy Problem,"Apple, despite its public stance on privacy, still faces significant challenges in protecting user data, as highlighted by recent DOJ data seizures. The company has handed over user data thousands of times to law enforcement and still does not encrypt iCloud backups, leaving sensitive information vulnerable. To truly be a champion of privacy, Apple needs to adopt practices demonstrated by smaller, privacy-focused companies that design their products to gather and retain minimal user data.",https://www.pcmag.com/opinions/on-user-privacy-apple-is-not-as-virtuous-as-it-claims-to-be,PCMag,PCMag,20210616T220141,https://i.pcmag.com/imagery/articles/01zATu6zdCBhKItt4NaLjNx-1.fit_lim.v1623764679.png,-0.147346,Neutral,1.000000,-0.210638,Somewhat-Bearish
AAPL,"Inland Northwest banks, credit unions keep branching out","Despite the rise in electronic transactions, financial institutions in the Inland Northwest continue to invest in brick-and-mortar branches. Companies like Gesa Credit Union, Numerica Credit Union, and Banner Bank are expanding or renovating physical locations, recognizing that while digital banking is prevalent, clients still value face-to-face services and physical accessibility for relationship building and complex financial discussions. This trend suggests a hybrid approach where physical branches evolve to complement digital offerings, focusing on customer experience and trust.",https://www.spokanejournal.com/articles/1155-inland-northwest-banks-credit-unions-keep-branching-out,Spokane Journal of Business,Spokane Journal of Business,20210617T194711,,0.253404,Somewhat-Bullish,0.643752,0.326147,Somewhat-Bullish
AAPL,Kopin Pancake Optics to ‘Reshape’ MR Headsets,"Kopin Corp has developed fully-plastic Pancake optics designed to significantly improve virtual, augmented, and mixed reality headsets. These new optics offer magnified image quality with a thinner and lighter form factor, aiming to overcome the bulkiness that has hindered consumer adoption. Kopin has filed multiple patents for this technology, which promises to make MR headsets much lighter and more compact.",https://www.xrtoday.com/mixed-reality/kopin-pancake-optics-to-reshape-mr-headsets/,XR Today,XR Today,20210617T203723,,0.384911,Bullish,0.632079,0.201972,Somewhat-Bullish
AAPL,Yu v. Apple Settles It: The CAFC is Suffering from a Prolonged Version of Alice in Wonderland Syndrome,"This article criticizes the Federal Circuit's handling of patent eligibility cases, particularly Yu v. Apple, arguing that the court is suffering from a ""prolonged version of Alice in Wonderland Syndrome."" The author contends that the court's interpretations of patent eligibility under 35 U.S.C. 101 are flawed, leading to tangible inventions being deemed abstract, and that the court disregards proper claim construction and statutory guidelines. The piece calls for Congress to address the perceived issues with patent eligibility jurisprudence.",https://ipwatchdog.com/2021/06/20/yu-v-apple-settles-cafc-suffering-prolonged-version-alice-wonderland-syndrome/,IPWatchdog.com,IPWatchdog.com,20210620T121500,,-0.329178,Somewhat-Bearish,0.958525,-0.347535,Somewhat-Bearish
AAPL,Will Intuitive Surgical Be a Trillion-Dollar Stock by 2031?,"This article analyzes whether Intuitive Surgical (ISRG) can achieve a trillion-dollar market capitalization by 2031. It compares Intuitive's current market cap and growth trajectory to trillion-dollar tech companies, noting its dominance in robotic surgery market but also potential challenges from rivals and revenue growth limitations. Although reaching $1 trillion is deemed unlikely, the author remains optimistic about Intuitive Surgical as a strong long-term investment for healthcare portfolios.",https://www.fool.com/investing/2021/06/21/will-intuitive-surgical-be-worth-1-trillion/,The Motley Fool,The Motley Fool,20210621T060000,,0.259074,Somewhat-Bullish,0.570114,0.227468,Somewhat-Bullish
AAPL,Wang: $ZH Remains My Top Pick,"Felix Wang, a China analyst at HedgeyeTech, reiterates Zhihu (ZH) as his top pick, highlighting its significant outperformance with a 40% gain since being designated a ""best Long"" three months prior. The article explains that ZH is focused on expanding its content e-commerce solutions (Zhi+) and establishing itself as a new content leader, particularly by embracing ""videolization"" and attracting diverse content creators. Wang draws a parallel between ZH and Bilibili (BILI), suggesting ZH has substantial growth potential if it can emulate BILI's success to reach a similar market capitalization.",https://app.hedgeye.com/insights/101385-wang-zh-remains-my-top-pick?type=stock-and-policy,Hedgeye,Hedgeye,20210622T102600,,0.525244,Bullish,0.615112,0.315727,Somewhat-Bullish
AAPL,"William Kaufman, Travelers Cos. Seal $185M Loan for 437 Madison Avenue","The William Kaufman Organization and The Travelers Companies have closed a $185 million refinance loan for 437 Madison Avenue, with Wells Fargo providing the new debt. This loan retires $145 million in existing debt from Bank of America and Apple Bank. Eastdil Secured brokered the deal on behalf of the owners.",https://commercialobserver.com/2021/06/william-kaufman-travelers-companies-seal-185m-loan-for-437-madison-avenue/,Commercial Observer,Commercial Observer,20210622T182800,,0.103077,Neutral,0.618700,0.147556,Neutral
AAPL,App Tracking Transparency and the Future of App Measurement,"This whitepaper from Comscore discusses the implications of App Tracking Transparency (ATT) and other privacy changes, including iOS 14.5, on mobile app measurement for content publishers and advertisers. It explores how Comscore and similar providers can address measurement challenges while upholding user privacy. The paper highlights the evolving landscape of web browser environments and privacy regulations.",https://www.comscore.com/Insights/Presentations-and-Whitepapers/2021/App-Tracking-Transparency-and-the-Future-of-App-Measurement,comScore,comScore,20210622T211145,,0.183495,Somewhat-Bullish,0.724979,0.147635,Neutral
AAPL,Berkshire Hathaway: Interesting Facts About The Company,"This article delves into interesting facts about Berkshire Hathaway, led by Warren Buffett, based on insights from its 2020 annual report. It highlights Berkshire's unique approach as a conglomerate, its diverse portfolio including 100% and less-than-100% owned companies, and its strategy of share buybacks to enhance shareholder value. The piece also discusses Buffett's candid acknowledgment of a past investment mistake, the company's two classes of shares (BRK.A and BRK.B), its no-dividend policy, and the succession plan for its leadership.",https://getmoneyrich.com/berkshire-hathaway/,getmoneyrich,getmoneyrich,20210622T211454,https://getmoneyrich.com/wp-content/uploads/2010/06/Berkshire-Hathaway-Buffett-Quote2.png,0.15118,Somewhat-Bullish,0.737063,0.314904,Somewhat-Bullish
AAPL,Looking to Grow Your Dividends? Tap Into 'TDVG',"As inflation rises and interest rates remain low, dividend growth strategies are gaining importance for investors. The T. Rowe Price Dividend Growth ETF (TDVG) offers an actively managed approach to capitalize on this trend by investing in companies with strong dividend growth potential. TDVG provides flexibility with its unconstrained index approach, allowing it to seek undervalued stocks, and boasts holdings in major companies like Microsoft, Apple, and Visa.",https://www.etftrends.com/active-etf-channel/looking-to-grow-dividends-tap-into-tdvg/,ETF Trends,ETF Trends,20210623T180921,https://www.etftrends.com/wp-content/uploads/2025/09/Active_ETFs_TRP_masthead_overlay_NHG_1600x121@2x.png,0.366648,Bullish,0.646578,0.316861,Somewhat-Bullish
AAPL,Amazon and Apple: A tale of two closed-loop visions,"This article contrasts the circular economy visions of Amazon and Apple, detailing their different approaches to sustainability despite their massive scale and technological leadership. It highlights Amazon's focus on customer education and packaging reduction, and Apple's emphasis on supply chain engagement, material recycling, and product design for circularity. Both companies integrate social justice into their sustainability efforts, supporting initiatives for underserved communities.",https://trellis.net/article/amazon-and-apple-tale-two-closed-loop-visions/,Trellis Group (formerly GreenBiz),Trellis Group (formerly GreenBiz),20210623T210811,https://trellis.net/wp-content/uploads/2024/07/boxes_mdbildes_sstock.jpg?w=1024,0.362822,Bullish,0.968490,0.433133,Bullish
AAPL,What to expect from Microsoft's next version of Windows,"Microsoft is preparing to unveil a significant update to Windows, which a leaked build suggests will be called Windows 11. This new version is expected to feature design changes, including a centered taskbar and rounded window corners, along with modern features like enhanced window snapping and better multi-monitor support. Analysts are also watching for potential business model shifts, such as a ""Windows-as-a-Service"" offering or stronger M365 integration.",https://www.cnbc.com/2021/06/23/windows-11-what-to-expect.html,CNBC,CNBC,20210623T214028,https://image.cnbcfm.com/api/v1/image/105119178-Jordan_Novet_IMG_4402a.jpg?v=1523299470&w=60&h=60&ffmt=webp,0.197972,Somewhat-Bullish,0.713849,0.139098,Neutral
AAPL,Why Steven Spielberg’s Netflix deal is not as groundbreaking as Netflix wants you to think,"Steven Spielberg's production company, Amblin Partners, struck a deal with Netflix, leading to significant media attention. While Netflix aims to leverage Spielberg's name for content and subscribers, the article argues the deal is not as groundbreaking as it seems, as Amblin's existing theatrical commitments with Universal remain unaffected, and Spielberg's personal directing projects are not exclusive to Netflix. The financial details and number of films in the Netflix deal also remain unspecified, dampening its perceived impact.",https://www.fastcompany.com/90648817/steven-spielberg-netflix-deal-not-groundbreaking-amblin-streaming,Fast Company,Fast Company,20210623T214142,"https://images.fastcompany.com/image/upload/f_webp,c_fit,w_1920,q_auto/wp-cms/uploads/2021/06/p-1-steven-spielberg-netflix-deal-not-groundbreaking-amblin-streaming.jpg",0.104547,Neutral,0.605911,0.143217,Neutral
AAPL,S&P ETF Fortunes Reverse In 2021,"In 2021, S&P 500 ETFs with alternative weighting methodologies, such as reverse market cap (YPS) and equal weight (RSP), began outperforming the traditional market-cap-weighted SPDR S&P 500 Trust (SPY). This shift is attributed to the underperformance of large-cap tech stocks and the better performance of mid-cap and smaller companies benefiting from the U.S. economic reopening. While alternative strategies show short-term gains, SPY maintains long-term outperformance and significant cost advantages due to its size and liquidity.",https://www.etf.com/sections/news/sp-etf-fortunes-reverse-2021,ETF.com,ETF.com,20210623T223834,,-0.167277,Somewhat-Bearish,0.749590,-0.215527,Somewhat-Bearish
AAPL,Microsoft challenges Apple's business model with new Windows 11 operating system,"Microsoft unveiled Windows 11, its first major operating system update since 2015, which directly challenges Apple's lucrative App Store model. The new Windows Store will allow developers to use their own in-app payment systems without commissions and enable Android apps to run on Windows PCs. This move contrasts sharply with Apple's ""walled garden"" approach and also competes with Google Play Store's commission structure, signaling a significant shift in Microsoft's strategy to attract developers and consumers.",https://www.reuters.com/technology/microsoft-unveil-first-new-windows-six-years-2021-06-24/,Reuters,Reuters,20210624T162500,https://www.reuters.com/resizer/v2/J3XVR6WURVNCPGZHLWIPJNI7QM.jpg?auth=165c1e08579a4a332d9ef5d5f0e5f75709d53c4504c3fdf198c2869163ae5111&width=1920&quality=80,0.041499,Neutral,0.858447,-0.219053,Somewhat-Bearish
AAPL,Passbook by Remitly Launches Suite of New Features,"Remitly's Passbook app has launched several new digital banking features to better serve immigrants, including a streamlined identity verification process, faster bank transfers, early payday access, person-to-person payments, and immediate activation of the Passbook Visa debit card. These enhancements aim to address common barriers immigrants face in accessing banking services, such as high fees and restrictive documentation. The company emphasizes its commitment to financial inclusion and responding to direct customer feedback to transform traditional financial processes.",https://www.citybiz.co/article/89066/passbook-by-remitly-launches-suite-of-new-features/,citybiz,citybiz,20210624T210638,,0.359039,Bullish,0.628800,0.324370,Somewhat-Bullish
AAPL,Google delays Chrome's blocking of tracking cookies to late 2023,"Google has announced a delay in fully blocking tracking cookies in its Chrome web browser until late 2023, nearly two years later than initially planned. This decision comes amidst antitrust concerns from competitors and regulators, with Google citing the need for sufficient time for public discussion and for the advertising industry to adapt. The delay has positively impacted shares of companies reliant on cookies, while regulatory bodies like Britain's CMA and the EU's competition commission are actively involved in overseeing Google's changes.",https://www.reuters.com/technology/google-delays-chromes-blocking-tracking-cookies-late-2023-2021-06-24/,Reuters,Reuters,20210624T235100,https://www.reuters.com/resizer/v2/37V6W4Y4W5PABMDBID32C2H23Y.JPG?auth=12c6f1bae60a4f5951d8b2d7db4659b9fe71dc43896504a74284b3f88d75cf70&width=1200&height=1200&quality=80&smart=true,0.16133,Somewhat-Bullish,0.622507,-0.137452,Neutral
AAPL,Apple Explores Bigger iPads and Reshuffles Its Car Team,"Apple is reportedly exploring the development of larger iPad models and making significant changes to its secretive Apple Car project. Additionally, the company Peloton is positioning itself to compete with the Apple Watch in the wearable technology market, while Amazon is delving into augmented reality.",https://www.bloomberg.com/news/newsletters/2021-06-27/big-ipads-apple-car-changes-amazon-ar-glasses-inside-big-tech-labs,Bloomberg.com,Bloomberg.com,20210627T124500,https://assets.bwbx.io/images/users/iqjWHBFdfxIU/irffgLk7GbVY/v1/-1x-1.webp,0.146691,Neutral,0.929347,0.116112,Neutral
AAPL,T-Mobile cleverly brings free 30-day Test Drive program to iPhone XS and later via eSIM,"T-Mobile has launched a new, seamless 30-day Test Drive program for iPhone XS users and later, utilizing the device's built-in eSIM. This allows users to trial T-Mobile's network, including 5G access for iPhone 12 owners, with 30 days or 30GB of high-speed data, unlimited talk and text, all without switching carriers, needing a hotspot device, or providing credit card information. The program is set up through a new iOS app and is designed for risk-free network evaluation alongside their current service.",https://9to5mac.com/2021/06/29/t-mobile-free-iphone-trial-esim/,9to5Mac,9to5Mac,20210629T115200,https://9to5mac.com/wp-content/uploads/sites/6/2021/06/image1622465836788.png,0.351791,Bullish,0.925274,0.324143,Somewhat-Bullish
AAPL,Medtronic Launches App-Based Study to Better Understand Relationship Between Atrial Fibrillation Disease Burden and Impact on Patient Outcomes,"Medtronic has launched the DEFINE AFib study, its first app-based research initiative, to investigate the relationship between atrial fibrillation (AF) burden and its impact on patient outcomes, quality of life, and healthcare utilization. The study will leverage data from Medtronic insertable cardiac monitors and the Discovery App, aiming to enroll approximately 5,000 patients with AF. This innovative approach to clinical research is designed to personalize AF management strategies through comprehensive data insights.",https://news.medtronic.com/2021-06-29-Medtronic-Launches-App-Based-Study-to-Better-Understand-Relationship-Between-Atrial-Fibrillation-Disease-Burden-and-Impact-on-Patient-Outcomes,Medtronic,Medtronic,20210629T204627,,0.361284,Bullish,0.604220,0.329665,Somewhat-Bullish
AAPL,Antitrust and Platform Monopoly,"This article argues that large digital platforms are not ""winner-take-all"" entities and require competition, making antitrust policy relevant. It suggests that antitrust's firm-specific approach is better suited than broad regulation to address threats to platform competition, particularly when platforms exert market power over other firms. The author proposes remedies beyond breaking up companies, such as restructuring management, requiring interoperability, or mandating information pooling to foster competition and leverage network effects, while also noting that existing merger enforcement tools are inadequate for platform acquisitions of nascent firms.",https://yalelawjournal.org/article/antitrust-and-platform-monopoly,Yale Law Journal,Yale Law Journal,20210629T210811,,0.113114,Neutral,0.903534,0.110979,Neutral
AAPL,"Ahead of the Apple iPhone 13 Launch, These Chip Makers Look Like Buys","As the launch of Apple's iPhone 13 approaches in September, Barclays analyst Blayne Curtis has identified several mobile-chip makers as promising investment opportunities. Qorvo, Cirrus Logic, Skyworks, and Broadcom are highlighted as favored stocks that could benefit from the anticipated product release. The article suggests that the market sees significant upside not only for Apple but also for its component suppliers.",https://www.barrons.com/articles/apple-iphone-13-chip-stock-buys-51624980814?gaa_at=eafs&gaa_n=AWEtsqe58EKuEh-I8vj8XyKjBvgBQSszr9Dw1t3EdgOS1NPc_fjZ4MSj66er&gaa_ts=699b7650&gaa_sig=IEgkrq4Bf82RKf5hNehBU76w8m0fbkly5txLszz1VxFJiske3uY0x_Iaga3dVpxghLnfZPs9c0qoTBZVD2nRPQ%3D%3D,Barron's,Barron's,20210629T211909,https://images.barrons.com/im-361690?width=639&height=426,0.304018,Somewhat-Bullish,0.949539,0.226110,Somewhat-Bullish
AAPL,"Invesco S&P 500 QVM Multi-factor ETF ETF Price, Holdings, & News (NYSEARCA:QVML)","The Invesco S&P 500 QVM Multi-factor ETF (QVML) is an exchange-traded fund that tracks a market-cap-weighted index of the top 90% of S&P 500 stocks based on quality, value, and momentum factors. Launched on June 30, 2021, and managed by Invesco, QVML currently has $1.54 billion in assets under management and a net expense ratio of 0.11%. Its stock has increased by 14.1% year-to-date, trading at $45.84, and its top holdings include major tech companies like NVIDIA, Apple, and Alphabet.",https://www.marketbeat.com/stocks/NYSEARCA/QVML/,MarketBeat,MarketBeat,20210630T131505,https://www.marketbeat.com/img/logos/thumbnail/invesco-sp-500-qvm-multi-factor-etf-logo.png?s=thumb&v=20221208101613,0.149937,Neutral,0.628516,0.138981,Neutral
AAPL,"Target to remodel Franklin store that could include in-store shop by Ulta Beauty, Apple or Disney","Target plans to remodel its Franklin, Wisconsin store as part of a larger initiative to renovate approximately 150 stores in 2021. The renovation aims to enhance the guest experience and could potentially include in-store shops featuring brands like Ulta Beauty, Apple, or Disney. This move reflects Target's ongoing investment in upgrading its physical retail locations.",https://www.bizjournals.com/milwaukee/news/2021/06/30/target-store-in-franklin-tabbed-for-remodel.html,The Business Journals,The Business Journals,20210630T215526,https://media.bizj.us/view/img/2066411/target*900xx2000-1125-0-104.jpg,0.231094,Somewhat-Bullish,0.710670,0.215075,Somewhat-Bullish
AAPL,Aon turns to Latham antitrust team for $30 bln DOJ merger battle,"Insurance broker Aon plc has engaged Latham & Watkins' antitrust team to defend its planned $30 billion acquisition of Willis Towers Watson against a U.S. Justice Department lawsuit. Six Latham partners, including attorneys with significant prior experience at the Justice Department and FTC, have filed notices of appearance in the D.C. federal court case. The Justice Department alleges the merger would reduce competition and lead to higher prices in the insurance market.",https://www.reuters.com/legal/litigation/aon-turns-latham-antitrust-team-30-bln-doj-merger-battle-2021-06-18/,Reuters,Reuters,20210630T231500,https://www.reuters.com/resizer/v2/FBBLPBQCRBJWRGH72QTNHFNH5Q.jpg?auth=13daf2951986f43aba9568c50879a70c41d7f938cd0865dcf4637cd0fc7e7cce&width=1920&quality=80,-0.228063,Somewhat-Bearish,0.609538,0.132340,Neutral
AAPL,Euro Tax Flash from KPMG's EU Tax Centre,"KPMG's Euro Tax Flash reports on the historic agreement reached by 130 countries in the OECD/G20 Inclusive Framework on BEPS 2.0, aiming to reform international tax rules with a two-pillar approach. Pillar One reallocates taxing rights for large companies to market countries, while Pillar Two establishes a global minimum tax rate of at least 15%. The article also discusses potential EU implementation challenges and notes that some countries, like Ireland, have reservations about certain aspects of the agreement.",https://kpmg.com/xx/en/our-insights/eu-tax/etf-452-oecd-g20-inclusive-framework-agreement-on-beps-2-0.html,KPMG,KPMG,20210701T210104,https://assets.kpmg.com/is/image/kpmgcloud/flags-waiving-in-the-sky:cq5dam-web-656-656?wid=328&hei=328,0.111253,Neutral,0.634476,0.102136,Neutral
AAPL,Qualcomm's new CEO eyes dominance in laptop markets,"Qualcomm's new CEO, Cristiano Amon, aims to dominate the laptop chip market by next year, challenging Apple's energy-efficient chips with custom-designed processors. The company plans to leverage its acquisition of Nuvia and a team of ex-Apple chip architects to create leading performance for battery-powered devices. Amon also anticipates significant revenue growth from China, despite political tensions, and is open to licensing Nuvia's designs for cloud computing data centers.",https://www.thedailyherald.sx/business/qualcomm-s-new-ceo-eyes-dominance-in-laptop-markets,www.thedailyherald.sx,www.thedailyherald.sx,20210701T210613,,0.108017,Neutral,0.749435,0.124932,Neutral
AAPL,Focus: Qualcomm's new CEO eyes dominance in the laptop markets,"Qualcomm's new CEO, Cristiano Amon, plans to challenge Apple's dominance in the laptop market by developing energy-efficient chips with the help of former Apple chip architects. The company is also focusing on revenue growth from China for its smartphone chip business despite political tensions and aims to leverage its Nuvia acquisition to push 5G connectivity into laptops, providing custom-designed chips to compete with Apple. Amon also faces the challenge of potentially losing Apple as a modem chip customer and improving Qualcomm's brand recognition among consumers.",https://www.reuters.com/technology/qualcomms-new-ceo-eyes-dominance-laptop-markets-2021-07-01/,Reuters,Reuters,20210702T010900,https://www.reuters.com/resizer/v2/https%3A%2F%2Fcloudfront-us-east-2.images.arcpublishing.com%2Freuters%2FVOWKUMW7QZIMRN2F75E4D4Q7QI.jpg?auth=d0840b3c69c6f849d448aa7d92cc94f58c7e997a6e1cb2f5b5f25a58eaf39a9c&width=1200&height=630&quality=85&smart=true,0.000828,Neutral,0.935705,0.112951,Neutral
AAPL,"Apple, Intel become first to adopt TSMC's latest chip tech - Nikkei","Apple and Intel are reportedly the first companies to adopt Taiwan Semiconductor Manufacturing Co's (TSMC) next-generation 3-nanometer chip production technology. Both companies are currently testing their chip designs with TSMC's new tech, with commercial production anticipated to begin in the second half of the following year. This development signifies a significant advancement in chip manufacturing and potential future product innovations from Apple and Intel.",https://www.reuters.com/technology/apple-intel-become-first-adopt-tsmcs-latest-chip-tech-nikkei-2021-07-02/,Reuters,Reuters,20210702T033300,https://www.reuters.com/resizer/v2/POU6J4VDN5PQNKFJ5BERQ3ECHY.jpg?auth=e8d851a68fd376ed7514f76f871165c8d2f8440c4af5e395e71cf02b09aef649&width=1080&quality=80,0.343524,Somewhat-Bullish,1.000000,0.426601,Bullish
AAPL,TSMC Wins Intel Order For Two 3nm CPUs To Regain Market Share Lost To AMD,"TSMC has secured an order from Intel to produce two 3nm CPUs, signaling Intel's strategy to regain market share lost to AMD, particularly in notebooks and data centers. This move marks a significant shift for Intel, which has historically relied on its own manufacturing facilities, and indicates a larger 3nm chip order for Intel than for Apple. Mass production for TSMC's 3nm process is expected to begin next year, with commercial output of Intel's chips following in 2023.",https://wccftech.com/tsmc-wins-intel-order-for-two-3nm-cpus-to-regain-market-share-lost-to-amd/,Wccftech,Wccftech,20210702T053600,,0.021198,Neutral,0.720803,-0.113015,Neutral
AAPL,Take-Two Interactive Software acquires Dynamixyz,"Take-Two Interactive Software has acquired facial motion capture firm Dynamixyz, whose software Performer was used by VFX and game studios. Dynamixyz will now operate as a division of Take-Two, with its technology becoming exclusively available to Take-Two's publishing labels and studios, including Rockstar Games. This acquisition is part of a trend where game developers are buying out mocap tech firms.",https://www.cgchannel.com/2021/07/take-two-interactive-acquires-dynamixyz/,CG Channel,CG Channel,20210705T210259,https://www.cgchannel.com/wp-content/uploads/2021/07/210605_TakeTwoBuysDynamixzy.jpg,0.204057,Somewhat-Bullish,0.638218,0.108179,Neutral
AAPL,Amazon stock nabs record after Bezos-Jassy handoff,"Amazon's stock reached an all-time high of $3,675.74 after Andy Jassy officially took over as CEO from Jeff Bezos. Investors appear confident in Jassy, who previously ran Amazon Web Services, as the company nears a $2 trillion market capitalization, aiming to join Apple and Microsoft. Jassy also received a substantial incentive package of 61,000 shares, valued at over $214 million, vesting over 10 years.",https://www.foxbusiness.com/markets/amazon-stock-nears-record-after-bezos-jassy-handoff,Fox Business,Fox Business,20210706T114600,https://a57.foxnews.com/cf-images.us-east-1.prod.boltdns.net/v1/static/854081161001/3014187f-d1fb-42c7-8cf7-e5ce4412dfef/0bb4c13a-99b4-4a82-e44d6cd747ca/1280x720/match/320/180/image.jpg?ve=1&tl=1,0.317504,Somewhat-Bullish,0.724689,0.312900,Somewhat-Bullish
AAPL,'Abuse of dominance': Was this what Congress originally intended for Section 2?,"The article discusses a potential shift in U.S. antitrust enforcement, moving toward stricter policing of single-firm dominance, akin to the European ""abuse of dominance"" standard. This change is influenced by Senator Amy Klobuchar's proposed legislation and President Biden's appointment of Lina M. Khan to the FTC, reflecting concerns about the market power of technology giants. The author argues that this renewed approach to antitrust law may align more closely with the original intent of the Sherman Act, which historically sought to prevent concentration of power.",https://www.reuters.com/legal/legalindustry/abuse-dominance-was-this-what-congress-originally-intended-section-2-2021-07-06/,Reuters,Reuters,20210706T202900,https://www.reuters.com/resizer/v2/MPUFVZY6OREQDCZVKZK6WPO4XQ.jpg?auth=1876c26be89201f2e59d74fab890d88b760762cc380e2dce8b32c05f01e54bad&width=1920&quality=80,0.108031,Neutral,0.740984,0.141781,Neutral
AAPL,LG swings battle for premium TV supremacy,"The COVID-19 pandemic has accelerated demand for premium TVs, with OLED TV shipments increasing significantly. LG Electronics has seen its share of the premium TV market rise to 28% by Q1, while Samsung's share declined. LG Display's OLED technology is driving this shift, with confidence in OLED's image quality, eye health benefits, and environmental advantages leading to continued market growth and diversification among TV manufacturers.",https://news.lgdisplay.com/en/2021/07/outside-view-lg-swings-battle-for-premium-tv-supremacy/,LG Display Newsroom,LG Display Newsroom,20210706T204214,,0.179119,Somewhat-Bullish,0.608140,0.135909,Neutral
AAPL,"US teens: iPhones hot, Android phones — not","A Piper Sandler survey indicates that 88% of US teens use an iPhone, and 90% expect their next phone to be an iPhone, marking all-time highs. This dominance is further supported by a Counterpoint report showing that Apple accounted for one in two smartphone sales in the US in 2020. The article suggests this trend, alongside LG's exit from the smartphone market, points to growing iPhone sales and an widening gap between Apple and Android.",https://www.phonearena.com/news/US-teens-iPhones-hot-Android-phones-not_id131307,PhoneArena,PhoneArena,20210706T205238,https://m-cdn.phonearena.com/images/article/131307-wide-two_1200/US-teens-iPhones-hot-Android-phones--not.webp?1625578749,0.1979,Somewhat-Bullish,0.957340,0.426739,Bullish
AAPL,Whatever Happened To European Corporate Competitors?,"This article examines the decline of European corporate giants on the global stage compared to American and Asian firms. It highlights how Apple's market cap dwarfs entire European stock indices and notes that no European firm has been in the global top ten since 2015. The author attributes this decline to Europe's risk-averse business culture, lack of innovation in digital tech, and less integrated market, despite similar GDP growth to the US.",https://app.hedgeye.com/insights/101992-whatever-happened-to-european-corporate-competitors?type=stock-and-policy,Hedgeye,Hedgeye,20210707T203802,https://d1yhils6iwh5l5.cloudfront.net/charts/resized/83410/normal/AdobeStock_60791612.jpeg,0.239182,Somewhat-Bullish,0.729958,0.727264,Bullish
AAPL,Apple May Join Forces with LG to Keep Samsung in Check,"Apple and LG Group are reportedly partnering to counter Samsung Electronics' dominance in the global market. Apple is leveraging LG Electronics' exit from the mobile business by offering trade-in programs for LG smartphone users in North America and Korea. Additionally, LG is exploring new business ventures with Apple, including selling Apple products in LG Best Shops and potentially collaborating on the Apple Car project through LG Magna e-Powertrain.",https://www.businesskorea.co.kr/news/articleView.html?idxno=71273,Businesskorea,Businesskorea,20210707T204457,https://www.businesskorea.co.kr/news/photo/202107/71273_84279_304.png,0.327262,Somewhat-Bullish,0.914562,0.414063,Bullish
AAPL,Apple co-founder Steve Wozniak is a right to repair advocate,"Apple co-founder Steve Wozniak has publicly expressed strong support for the right to repair movement, contrasting it with Apple's current practices. He believes that an open-source mindset, reminiscent of early Apple, is crucial, and companies inhibit repair rights to consolidate power and profit. Wozniak's comments come as President Biden considers new rules to expand consumer repair options.",https://appleinsider.com/articles/21/07/08/apple-co-founder-steve-wozniak-speaks-in-support-of-right-to-repair,AppleInsider,AppleInsider,20210708T162300,,-0.238264,Somewhat-Bearish,1.000000,-0.205382,Somewhat-Bearish
AAPL,"""Stratospheric"" tech company valuations outstrip US GDP","New research indicates that tech company valuations have reached over $35 trillion, surpassing the entire US GDP of $20.81 trillion in 2020. This boom is fueled by substantial investor interest, with over $40 billion invested in tech vendors in the first half of 2021 alone, and more than two ""unicorns"" (billion-dollar tech firms) being created daily. The tech sector is seen as a resilient and safe investment, especially post-Covid-19, intensified by global government support and central bank liquidity.",https://www.thestack.technology/tech-company-valuations-2021/,www.thestack.technology,www.thestack.technology,20210708T205929,https://www.thestack.technology/content/images/size/w1200/wp-content/uploads/2021/07/adam-nir-wto6mwpmrjk-unsplash.jpg,0.256665,Somewhat-Bullish,0.598183,0.207701,Somewhat-Bullish
AAPL,Employers offer stipends for babysitting and tutoring to sweeten child-care benefits and win over workers,"Companies are increasingly offering enhanced child-care benefits, including backup care, stipends for tutoring and babysitting, and even college counseling, to attract and retain employees, especially working parents. This trend emerged during the Covid-19 pandemic as employers recognized the need to support workers with caregiving responsibilities, aiming to bring women back into the workforce and improve overall employee well-being. These expanded benefits also extend to support for older children and elderly family members, reflecting a broader shift in employer-employee relationships.",https://www.cnbc.com/2021/07/09/employers-sweeten-child-care-benefits-to-win-over-workers-.html,CNBC,CNBC,20210709T100100,,0.359307,Bullish,0.617406,0.321294,Somewhat-Bullish
AAPL,"JPMorgan U.S. Research Enhanced Large Cap ETF ETF Price, Holdings, & News (NYSEARCA:JUSA)","The JPMorgan U.S. Research Enhanced Large Cap ETF (JUSA) is an actively managed ETF focusing on large-cap US equities, launched on July 7, 2021, and managed by JPMorgan Chase. The ETF has seen a 7.6% increase in its stock price since the beginning of the year and currently has $204.68 million in assets under management. Its top holdings include major technology companies like NVIDIA, Apple, Microsoft, and Amazon.com.",https://www.marketbeat.com/stocks/NYSEARCA/JUSA/,MarketBeat,MarketBeat,20210709T150902,,0.337291,Somewhat-Bullish,0.641701,0.320373,Somewhat-Bullish
AAPL,Harley-Davidson's First LiveWire Brand Electric Motorcycle Launches,"Harley-Davidson has spun off its electric motorcycle business into a new sub-brand called LiveWire, launching its first model, the LiveWire One. The LiveWire One starts at $21,999, offers a 146-mile electric range, and can charge from zero to 100 percent in 60 minutes. It's essentially the same as the previous Harley-Davidson LiveWire but with new branding and a lower price point, making its physical debut on July 18th in Northern California.",https://www.newsweek.com/livewires-first-electric-motorcycle-starts-21999-has-146-mile-range-1608446,Newsweek,Newsweek,20210709T152000,,0.281862,Somewhat-Bullish,0.749518,0.226177,Somewhat-Bullish
AAPL,Remote work flexibility key for employee retention,"The article argues that offering remote and hybrid work options is crucial for employee retention and satisfaction, contradicting some business leaders' fears about productivity. It highlights that employees desire flexibility for personal well-being and increased productivity, and companies failing to adapt risk losing top talent. The author emphasizes that technology supports virtual collaboration, making traditional work models less relevant.",https://www.techtarget.com/searchhrsoftware/post/Remote-work-flexibility-key-for-employee-retention,TechTarget,TechTarget,20210709T210254,https://www.techtarget.com/rms/onlineimages/wfh_a334454084_searchsitetablet_520X173.jpg,-0.110291,Neutral,0.734235,-0.216579,Somewhat-Bearish
AAPL,Apple’s Co-Founder Has Harsh Words for the Company Over Its Control of Your Devices,"Apple co-founder Steve Wozniak has harshly criticized the company's stance against the ""right-to-repair"" movement, arguing that Apple's current practices restrict consumer access to repair information and parts. Wozniak contends that the early success of Apple was built on an open technological environment where users could understand and fix their devices. His comments align with growing pressure from regulators like the FTC against company-imposed repair restrictions.",https://www.inc.com/jason-aten/apples-co-founder-steve-wozniak-has-harsh-words-for-company-over-its-control-of-your-devices.html,Inc.com,Inc.com,20210710T192605,,-0.424284,Bearish,1.000000,-0.422886,Bearish
AAPL,T-Mobile has fastest 5G speeds with widest availability in the US,"A new report indicates that T-Mobile leads other US carriers in 5G download speed and availability, with its sub-6GHz 5G service proving most impactful for average users. While Verizon and AT&T offer superior experiences in voice, video, and gaming, T-Mobile's 5G speeds reached 87.5 Mbps, and its merger with Sprint is helping it expand rapidly. The superior but less available mmWave 5G showed Verizon nearly doubling T-Mobile's speeds.",https://appleinsider.com/articles/21/07/12/t-mobile-has-fastest-5g-speeds-with-widest-availability-in-the-us,AppleInsider,AppleInsider,20210712T101600,https://photos5.appleinsider.com/gallery/43101-83729-IMG_0475-xl.jpg,0.190391,Somewhat-Bullish,0.605694,0.213877,Somewhat-Bullish
AAPL,Broadcom in talks to buy software firm SAS Institute - WSJ,"Broadcom Inc is reportedly in talks to acquire software firm SAS Institute Inc for a deal valued between $15 billion and $20 billion, according to the Wall Street Journal. This potential acquisition would allow Broadcom to expand its infrastructure software solutions business. SAS Institute provides data and analytics solutions to a wide range of customers globally across various industries.",https://www.reuters.com/technology/broadcom-talks-buy-software-firm-sas-institute-wsj-2021-07-12/,Reuters,Reuters,20210712T161900,https://www.reuters.com/resizer/v2/4AYSH4432FMMNIBTGP3J2U463Q.JPG?fuzzy=true&width=1200&height=675&quality=80&smart=true,0.160535,Somewhat-Bullish,0.608518,0.027965,Neutral
AAPL,Apple escapes email app maker's antitrust claims over sign-on feature,"Apple Inc. has successfully defended against antitrust claims brought by email app maker Blix Inc. in a Delaware federal court. Blix alleged that Apple's ""Sign In With Apple"" feature stifles competition, but the court dismissed Blix's third complaint, ruling that Apple's policy does not restrict competition and actually expands consumer choice. This final ruling concludes the case after two previous decisions also favored Apple.",https://www.reuters.com/legal/litigation/apple-escapes-email-app-makers-antitrust-claims-over-sign-on-feature-2021-07-12/,Reuters,Reuters,20210712T201100,https://www.reuters.com/resizer/v2/ZVN5RVQQTNMYLLTF2S2VC45HMU.jpg?auth=3af54a961258923a07f3663c27a6c2473443ae01fd1b9dcf90e5d0044d9db7e5&width=1920&quality=80,0.319425,Somewhat-Bullish,1.000000,0.316711,Somewhat-Bullish
AAPL,Large office development planned for 57 acres in Northwest Austin,"Dallas-based Trammell Crow and Los Angeles-based Karlin Real Estate LLC are planning a new office campus, named Duval, with over 1 million square feet of space on a 57-acre site in Northwest Austin that previously housed a 3M manufacturing plant. The first phase will include two buildings totaling 485,000 square feet, with the entire campus targeted for completion in the second quarter of 2023. This development is part of a surge in commercial activity in Northwest Austin, further fueled by Apple Inc.'s new campus in the area, despite some local residents' concerns about increased traffic.",https://www.statesman.com/story/business/real-estate/2021/07/12/large-office-development-planned-northwest-austin/7938795002/,Austin American-Statesman,Austin American-Statesman,20210712T201700,https://cdn-channels-pixel.ex.co/events/0012000001fxZm9AAE?integrationType=DEFAULT&template=design%2Farticle%2Fplatypus_two_column.tpl,0.240516,Somewhat-Bullish,0.735398,0.341174,Somewhat-Bullish
AAPL,Is Nvidia Stock A Buy Now Before Its Stock Split? (NASDAQ:NVDA),"NVIDIA has announced a stock split effective July 20, which historically can lead to short-term price movements. While growth and valuation are long-term drivers, NVIDIA is well-positioned for future growth but its shares are currently historically expensive. The article explores whether NVIDIA is a buy before its upcoming stock split, considering both its growth prospects and current valuation.",https://seekingalpha.com/article/4438814-nvidia-stock-buy-before-stock-split,Seeking Alpha,Seeking Alpha,20210712T204951,https://static.seekingalpha.com/cdn/s3/uploads/getty_images/1250581414/image_1250581414.jpg?io=getty-c-w750,0.270154,Somewhat-Bullish,0.649131,0.323731,Somewhat-Bullish
AAPL,XYLG Stock Price | Global X S&P 500 Covered Call & Growth ETF,"This page provides detailed information about the Global X S&P 500 Covered Call & Growth ETF (XYLG), including its current stock price, trading exchange (NYSE), and key statistics like dividend yield, expense ratio, and market cap. It also offers insights into its performance, top holdings, and technical analysis, making it a comprehensive resource for potential investors.",https://www.investing.com/etfs/xylg,Investing.com,Investing.com,20210713T071013,https://i-invdn-com.investing.com/companies_logos/125702_1721899419.png,0.187477,Somewhat-Bullish,0.608466,-0.313722,Somewhat-Bearish
AAPL,What’s fuelling growth in the Global X Autonomous & Electric Vehicles ETF?,"The Global X Autonomous & Electric Vehicles ETF (DRIV) has shown significant growth, fueled by increasing demand for electric and autonomous vehicles and government initiatives supporting green energy. Top holdings include Nvidia, Alphabet, Microsoft, Apple, and Toyota, reflecting investment in both hardware and software for this disruptive technology. Despite potential challenges like volatility and supply chain issues, analysts believe the ETF offers diversified exposure to the booming EV sector.",https://www.cmcmarkets.com/en-au/opto/whats-fuelling-growth-in-the-global-x-autonomouselectric-vehicles-etf,CMC Markets,CMC Markets,20210713T213946,https://assets.cmcmarkets.com/images/VW-EV-1207.jpg,0.347854,Somewhat-Bullish,0.563377,0.233166,Somewhat-Bullish
AAPL,"Boosted by Earnings Reports, S&P and Nasdaq Hit New Heights","The S&P and Nasdaq indices reached new record highs due to strong earnings reports and the performance of mega-cap stocks, particularly in the technology sector. The article highlights how declining Treasury yields bolstered the growth thesis for mega-cap stocks, and discusses the Principal U.S. Mega-Cap ETF (USMC) as a way to capture these market movements. USMC tracks a modified equal-weighted index of mega-cap companies, focusing on minimizing volatility while seeking optimal outcomes.",https://www.etftrends.com/nasdaq-portfolio-solutions-content-hub/boosted-by-earnings-reports-sp-and-nasdaq-hit-new-heights/,ETF Trends,ETF Trends,20210714T012946,https://www.etftrends.com/wp-content/uploads/2020/07/Nasdaq-Overlay_Updatemid-canvas-V.2.png,0.500669,Bullish,0.721782,0.506836,Bullish
AAPL,Spotify’s Top Lawyer Has Spent Years Making Apple the Bad Guy,"Horacio Gutierrez, Spotify’s chief legal officer, has been a key figure in the ongoing antitrust battle against Apple. Having previously defended Microsoft in an antitrust case, Gutierrez has now switched sides and led Spotify's campaign, aiming to portray Apple as an abusive monopolist. His efforts have contributed to a significant shift in public perception regarding Apple's business practices, making it a target for antitrust scrutiny alongside other tech giants.",https://www.bloomberg.com/news/articles/2021-07-14/meet-the-spotify-spot-lawyer-calling-apple-aapl-an-abusive-monopolist,Bloomberg,Bloomberg,20210714T090000,https://assets.bwbx.io/images/users/iqjWHBFdfxIU/iyrF5IFRzMhE/v1/-1x-1.webp,-0.23876,Somewhat-Bearish,0.909791,-0.414241,Bearish
AAPL,Apple Inc. (AAPL) shares close at all-time high of $149.15/share,"Apple Inc. (AAPL) shares closed at an all-time high of $149.15 on July 14, 2021, marking a significant milestone for the company. This achievement comes shortly before Apple is set to report its quarterly earnings later the same month.",https://www.shacknews.com/article/125603/apple-inc-aapl-shares-close-at-all-time-high-of-14915-share,Shacknews,Shacknews,20210714T141000,https://d1lss44hh2trtw.cloudfront.net/resize?type=webp&url=https%3A%2F%2Fshacknews-www.s3.amazonaws.com%2Fassets%2Farticle%2F2021%2F07%2F14%2Fapple-logo_feature.jpg&width=1032&sign=1vXFrh0aVlj3BTAiqypz7ZcY9J2F0wO-sFk-BQCMPRA,0.718428,Bullish,1.000000,0.706987,Bullish
AAPL,"Apple plans a ‘buy now, pay later’ service for all purchases","Apple is developing a ""buy now, pay later"" service, internally called Apple Pay Later, for all Apple Pay purchases, rivaling offerings from Affirm and PayPal. The service will offer interest-free payments over four installments or interest-bearing payments over several months, with Goldman Sachs Group Inc. acting as the lender. This initiative aims to increase Apple Pay adoption and revenue for Apple's services business.",https://www.aljazeera.com/economy/2021/7/14/apple-plans-a-buy-now-pay-later-service-for-all-purchases,Al Jazeera,Al Jazeera,20210714T192605,,0.12019,Neutral,1.000000,0.320687,Somewhat-Bullish
AAPL,Facebook Users Said No to Tracking. Now Advertisers are Panicking,"Facebook advertisers are facing a crisis due to Apple's new iOS privacy features. Users are largely opting out of app tracking, disrupting a key data source for targeted advertising. This shift is leading to decreased ad effectiveness and widespread concern among businesses relying on Facebook's ad platform.",https://www.bloomberg.com/news/articles/2021-07-14/facebook-fb-advertisers-impacted-by-apple-aapl-privacy-ios-14-changes,Bloomberg.com,Bloomberg.com,20210714T201718,https://assets.bwbx.io/images/users/iqjWHBFdfxIU/imiV3vIhnNcw/v0/-1x-1.webp,0.031522,Neutral,0.928489,0.305026,Somewhat-Bullish
AAPL,Wealthsimple Trade becomes first broker to offer fractional share purchases in both Canadian and U.S. companies,"Wealthsimple Trade has introduced fractional share purchases for both Canadian and U.S. companies, making high-priced stocks more accessible to investors. This initiative allows clients to buy as little as one dollar's worth of shares in big names like Shopify, Apple, and Amazon, a first for a broker offering this across both markets. The feature aims to help new and younger investors diversify portfolios and take advantage of market growth with smaller investments.",https://www.theglobeandmail.com/investing/article-wealthsimple-trade-becomes-first-broker-to-offer-fractional-share/,The Globe and Mail,The Globe and Mail,20210714T202658,,0.365191,Bullish,0.715959,0.441015,Bullish
AAPL,SK Hynix wins big from Cirrus Logic’s acquisition of Lion Semiconductor,"SK Hynix is set to gain a significant profit—estimated at ten times its initial investment—from Cirrus Logic's acquisition of Lion Semiconductor. This deal is particularly noteworthy in South Korea's semiconductor industry due to the strong ties between Lion Semiconductor's CEO, Wonyoung Kim, and SK Hynix, including his father being a former Hynix CEO and SK Hynix functioning as a foundry for Lion. The acquisition highlights the success of a new generation of South Korean entrepreneurs with international educational backgrounds achieving successful exits.",https://thelec.net/news/articleView.html?idxno=3073,thelec.net,thelec.net,20210714T202731,https://thelec.net/news/photo/202107/3073_3511_313.jpg,0.175181,Somewhat-Bullish,0.628505,0.105397,Neutral
AAPL,New battery technology promises double the energy density,"A new startup called Enovix is promising to mass-produce a Li-ion battery with double the energy density of existing technology, which could have significant implications for electric cars, cameras, and lights. Unlike many speculative battery projects, Enovix is already shipping a product and plans to scale up manufacturing. Their technology uses a silicon anode and an encased design to overcome the challenges of silicon's swelling, offering improved capacity per unit volume, though details on weight and cost are less clear.",https://www.redsharknews.com/new-battery-technology-promises-double-the-energy-density,Red Shark News,Red Shark News,20210714T203128,https://www.redsharknews.com/hubfs/Enovix-3D-battery.jpg,0.212569,Somewhat-Bullish,0.610280,0.124296,Neutral
AAPL,SK Telecom enters the metaverse with ifland app,"SK Telecom has launched ifland, a new metaverse platform, by upgrading its JUMP Virtual Meetup app. ifland aims to compete with Naver's Zepeto by focusing on communication for users in their 20s and 30s, offering free custom avatars, virtual rooms for voice chats, and various meeting themes. Future updates will include text chats, iOS availability, and online events like concerts.",https://koreajoongangdaily.joins.com/2021/07/14/business/industry/SKT-metaverse-ifland/20210714184300314.html,Korea JoongAng Daily,Korea JoongAng Daily,20210714T205830,https://koreajoongangdaily.joins.com/data/photo/2021/07/14/68011d3e-fe54-4fc4-8f94-0f4835e2478f.jpg,0.245971,Somewhat-Bullish,0.719124,0.118120,Neutral
AAPL,A complete guide to Amazon stock,"This article provides a comprehensive guide to Amazon stock, discussing its performance, market position, and how investors can trade it. It highlights Amazon's primary revenue streams (retail, subscriptions, and AWS), the company's valuation, and key factors investors should consider before trading AMZN shares, such as its growth-over-profit strategy and the importance of AWS.",https://www.forex.com/ie/news-and-analysis/a-complete-guide-to-amazon-stock/,FOREX.com,FOREX.com,20210714T205901,https://www.forex.com/-/media/Research/Global/News Analysis/Featured Image/2021/03/Amazon,0.261465,Somewhat-Bullish,0.633458,0.349092,Somewhat-Bullish
AAPL,"Dow drops nearly 300 points on Friday, snaps 3-week winning streak","U.S. stocks, including the Dow, S&P 500, and Nasdaq Composite, fell on Friday, snapping three-week winning streaks, as inflation fears overshadowed strong retail sales and earnings. The Dow lost 299.17 points, or 0.86%, closing at 34,687.85 and ending the week down 0.52%. Consumer sentiment declined in early July, with inflation expectations rising to levels not seen since August 2008, contributing to the market sell-off.",https://www.cnbc.com/2021/07/15/stock-market-open-to-close-news.html,CNBC,CNBC,20210715T180500,,-0.084407,Neutral,0.619776,-0.331490,Somewhat-Bearish
AAPL,Shop Mac,"This page describes purchasing Macs from Apple, including details on financing options like Apple Card Monthly Installments (ACMI), trade-in programs, and various discounts. It also outlines eligibility requirements and terms for services like Apple Card and iCloud, along with educational and business purchasing programs.",https://www.apple.com/shop/buy-mac,Apple,Apple,20210717T201717,,0.168598,Somewhat-Bullish,1.000000,0.224753,Somewhat-Bullish
AAPL,The Competitive Landscape in the BNPL Sector,"This article discusses the intensifying competitive landscape within the Buy Now, Pay Later (BNPL) sector, highlighted by Apple's recent entry. It traces the history of installment plans, analyzes how BNPL providers like Afterpay and Humm Group are navigating increasing competition from major financial institutions and tech giants, and examines their strategies for profitability and differentiation amidst growing regulatory scrutiny and declining valuations.",https://thebull.com.au/asx-stock-picks/the-competitive-landscape-in-the-bnpl-sector/,TheBull.com.au,TheBull.com.au,20210717T205755,https://thebull.com.au/wp-content/uploads/2019/03/14554_onlinetravel-4.jpg,0.086758,Neutral,0.919740,0.111094,Neutral
AAPL,"It's ‘very dangerous’ to invest in stocks and bitcoin right now, long-time bear David Tice warns","Long-time bear David Tice, known for his bearish bets, warns that investing in stocks and bitcoin is ""very dangerous"" due to an overvalued market, rising debt, and strange treasury market behavior. He suggests investors avoid pursuing small gains that risk a significant pullback, especially in Big Tech and FAANG stocks. Tice, who turned bearish on bitcoin, now advocates for investing in gold and silver mining companies, believing they offer protection against fiat money and significant growth opportunities.",https://www.cnbc.com/2021/07/18/very-dangerous-to-buy-stocks-bitcoin-investor-david-tice-warns.html,CNBC,CNBC,20210718T051700,https://image.cnbcfm.com/api/v1/image/106912352-6ED1-TN-071621-DavidShort-jpg?v=1626467506&w=750&h=422&vtcrop=y,-0.364056,Bearish,0.733314,-0.406680,Bearish
AAPL,Raleigh tech firm Bandwidth is betting millions on a full return to the office,"Raleigh tech firm Bandwidth is committing millions to an in-person, five-day-a-week office model, a contrast to the prevailing hybrid work trend in the tech industry. CEO David Morken believes this is crucial for preserving company culture, backing this conviction with a new headquarters featuring a Montessori school for employees' children, and stating that productivity increased with remote work, but the company prioritizes ""presence"". The company is not mandating COVID-19 vaccines but is encouraging vaccination and will continue to hire over 1,000 workers.",https://www.newsobserver.com/news/business/article252732043.html,Raleigh News & Observer,Raleigh News & Observer,20210719T161500,,0.146652,Neutral,0.717908,0.136582,Neutral
AAPL,"Worried about Inflation? Consider Royalty Companies, 'INFL'","The Horizon Kinetics Inflation Beneficiaries ETF (INFL) has rapidly gained popularity since its January launch, amassing $620 million due to increasing inflation fears. The fund invests in royalty companies, offering exposure to inflation-protective commodities without the complexities of futures markets. Horizon Kinetics emphasizes how royalty companies, with their asset-light business models and high gross margins, can benefit from inflation through ownership stakes in profitable resource extraction operations.",https://etfdb.com/worried-about-inflation-consider-royalty-companies-infl/,ETF Database,ETF Database,20210720T100856,NULL,0.313878,Somewhat-Bullish,0.612502,-0.127251,Neutral
AAPL,Top prevalent malware with a thousand campaigns migrates to macOS,"Check Point Research details the evolution of Formbook, a prevalent info-stealing malware, and its successor, XLoader. Formbook, initially a keylogger, gained unintended popularity for spam campaigns, leading its author to halt sales, only for it to be reborn as XLoader, now offering macOS compatibility and operating under a ""Malware-as-a-Service"" model. XLoader’s continued activity and broad global reach, with over 1400 campaigns and victims in 69 countries, demonstrate its persistent threat.",https://research.checkpoint.com/2021/top-prevalent-malware-with-a-thousand-campaigns-migrates-to-macos/,Check Point Research,Check Point Research,20210721T202555,https://research.checkpoint.com/wp-content/uploads/2021/07/MacOSmalware_blog_header.jpg,-0.184256,Somewhat-Bearish,0.720575,-0.215562,Somewhat-Bearish
AAPL,Metro by T-Mobile is First and Only in Prepaid to Offer iPhone 12 mini on Us,"Metro by T-Mobile is now the first and only prepaid provider to offer the iPhone 12 mini on Us, starting July 22nd. Customers can get the 5G-capable iPhone 12 mini free after three months of service with a qualifying trade-in and activation on Metro's unlimited plan. The offer comes with access to T-Mobile's nationwide 5G network and a plan that includes unlimited talk, text, 5G data, high-speed hotspot data, and an Amazon Prime membership.",https://www.businesswire.com/news/home/20210721005617/en/Metro-by-T-Mobile-is-First-and-Only-in-Prepaid-to-Offer-iPhone-12-mini-on-Us,Business Wire,Business Wire,20210721T210217,https://mms.businesswire.com/media/20210721005617/en/892939/4/nr-article-iphone-12-mini-black-metro-7-22-21.jpg?download=1,0.360183,Bullish,0.726053,0.309977,Somewhat-Bullish
AAPL,Ulta to open first Target shop-in-shop locations in August,"Ulta Beauty and Target are set to launch their first shop-in-shop locations in August, with plans for 800 nationwide. These 1,000 square-foot Ulta at Target spaces will offer premium beauty brands and provide specialized training for Target employees. This partnership aims to expand both retailers' customer reach and enhance Target's presence in the beauty market.",https://www.retaildive.com/news/ulta-to-open-first-target-shop-in-shop-locations-in-august/603714/,Retail Dive,Retail Dive,20210721T210334,https://imgproxy.divecdn.com/EdSxdJ18FPWIkc0h_-eArbAGNSB5zVR-RgUUwBcK7r8/g:ce/rs:fill:1200:675:1/Z3M6Ly9kaXZlc2l0ZS1zdG9yYWdlL2RpdmVpbWFnZS9VbHRhLnBuZw==.webp,0.258924,Somewhat-Bullish,0.557588,0.143401,Neutral
AAPL,Carter's Inc. Jeff Jenkins Shares How the Brand Is Bringing Childhood Dreams to Life,"Jeff Jenkins, EVP of Global Marketing at Carter's Inc., discusses his decision to join the brand due to a deep emotional connection to parenthood. He highlights Carter's latest campaign featuring younger versions of American icons, including Mariah Carey's daughter, Monroe. Jenkins also emphasizes the importance of a strong leadership team and shares insights on mentorship and brand history.",https://www.adweek.com/inside-the-brand/carters-inc-jeff-jenkins-shares-how-the-brand-is-bringing-childhood-dreams-to-life/,ADWEEK,ADWEEK,20210722T200127,,0.168278,Somewhat-Bullish,0.611245,0.134195,Neutral
AAPL,Apple’s Attack on Email Marketing: Is It Helping Push the Industry Forward?,"Apple's introduction of iOS 15 and macOS Monterey Mail Privacy Protection features, including ""Mail Privacy Protection"" and ""Hide My Email,"" will significantly impact email marketing by limiting marketers' ability to track email opens and user data. These changes, driven by a global push for data privacy following regulations like GDPR and fines against companies like Google and Facebook, compel email marketers to reassess their strategies, move beyond open rates as a primary KPI, and adapt their attribution models. The article suggests that while these privacy enhancements pose challenges, they could ultimately push the email marketing industry toward more efficient and effective practices focused on deeper engagement metrics.",https://www.bu.edu/bhr/2021/07/22/apples-attack-on-email-marketing-is-it-helping-push-the-industry-forward/,Boston University,Boston University,20210722T204831,https://www.bu.edu/bhr/files/2021/07/BHR-Post-Images-1024-x-597-11.png,0.097173,Neutral,0.947480,0.138917,Neutral
AAPL,What does the Optis v. Apple case mean for SEP Litigation in the UK?,"The Optis v. Apple case in the UK High Court ruled that Apple infringed Optis's standard-essential patents, with the court willing to set global royalty rates despite Apple being deemed an ""unwilling licensee."" This decision strengthens the UK's position as a favorable jurisdiction for SEP holders, potentially increasing patent filings but also raising concerns about jurisdictional clashes and the setting of global royalty rates by national courts. The controversy highlights the complexities of territorial patents versus global FRAND commitments.",https://legalblogs.wolterskluwer.com/patent-blog/what-does-the-optis-v-apple-case-mean-for-sep-litigation-in-the-uk/,Wolters Kluwer,Wolters Kluwer,20210723T201718,,-0.326118,Somewhat-Bearish,0.985627,-0.311601,Somewhat-Bearish
AAPL,ACO Tech to add Spotify app to Proton GKUI soon?,"ACO Tech, the company behind Proton's GKUI infotainment system, hinted at new entertainment app additions, with strong speculation pointing to Spotify. While Google and Waze apps are unlikely due to Google's collaboration policies, ACO Tech teased an upcoming app starting with 'S' and stated they are ""working with other entertainment applications."" The company also suggested its own system is moving beyond mobile phone ecosystems like Apple CarPlay and Android Auto for future entertainment and lifestyle experiences.",https://paultan.org/2021/07/23/aco-tech-to-add-spotify-app-to-proton-gkui-soon/,Paul Tan,Paul Tan,20210723T205938,https://paultan.org/image/2020/09/2020-Proton-X50-1.5-TGDi-Flagship-58-630x420.jpg,0.199352,Somewhat-Bullish,0.633566,0.102173,Neutral
AAPL,FTC changes course on prior approval for reattempted mergers,"The Federal Trade Commission (FTC) has voted to rescind a 1995 policy statement, allowing them to routinely require prior approval for reattempted mergers and prior notice for mergers below the Hart-Scott-Rodino (HSR) threshold. This move, initiated by FTC Chairman Lina Khan and following President Biden's executive order, aims to bolster protections against unlawful mergers and acquisitions by removing the need for new, time-consuming investigations into deals previously deemed anticompetitive. While supported by a 3-2 vote, Commissioner Noah Phillips expressed concerns that ignoring market changes could hinder normal market operations.",https://www.techtarget.com/searchcio/news/252504443/FTC-changes-course-on-prior-approval-for-reattempted-mergers,TechTarget,TechTarget,20210723T210254,https://www.techtarget.com/rms/onlineimages/legal_g1134366930_searchsitetablet_520X173.jpg,0.06293,Neutral,0.707583,0.134492,Neutral
AAPL,Better Buy: Invesco QQQ or Fidelity MSCI IT Index ETF,"This article compares the Invesco QQQ and Fidelity MSCI IT Index ETF, both strong technology-focused ETFs. While QQQ tracks the Nasdaq 100 and holds diverse sectors, the Fidelity ETF is a pure-play IT fund with broader diversification within the tech sector. The author concludes that the Fidelity ETF is the better buy due to its higher historical returns, lower expense ratio, and more consistent performance.",https://www.fool.com/investing/2021/07/24/better-buy-invesco-qqq-or-fidelity-msci-it-index-e/,The Motley Fool,The Motley Fool,20210724T080500,https://g.foolcdn.com/editorial/images/635397/gettyimages-1225026909.jpg,0.257783,Somewhat-Bullish,0.742788,0.321624,Somewhat-Bullish
AAPL,Tobi Lutke becomes Canada’s wealthiest company founder as Shopify shares soar,"Tobi Lutke, founder and CEO of Shopify Inc., has become Canada's wealthiest company founder as his stake in the e-commerce software provider reached US$13.3-billion. This surge in wealth is attributed to Shopify's stock crossing the $2,000 mark on the Toronto Stock Exchange and increasing optimism surrounding the company's second-quarter earnings. Analysts have raised their price targets for Shopify, anticipating its revenue to surpass US$1-billion for the first time in the June 30 quarter.",https://www.theglobeandmail.com/business/article-tobi-lutke-becomes-canadas-wealthiest-company-founder-as-shopify/,The Globe and Mail,The Globe and Mail,20210724T211209,https://www.theglobeandmail.com/res/infographics/tobi-lutke-shopify-founder.jpg,0.273062,Somewhat-Bullish,0.627994,0.230029,Somewhat-Bullish
AAPL,Klarna’s paying for crowded market by buying Stocard for €110m – report,"Klarna is reportedly acquiring loyalty card startup Stocard for €110m, a move seen as diversification amidst a crowded Buy-Now-Pay-Later (BNPL) market. This acquisition follows Klarna's earlier purchase of HERO in July and allows them to integrate Stocard's mobile wallet and loyalty program into their offerings, potentially pushing their own card to Stocard's 60 million customers. Analysts suggest this strategy is driven by the booming but increasingly competitive BNPL sector and anticipated regulatory changes.",https://www.verdict.co.uk/companies/klarna-stocard/,www.verdict.co.uk,www.verdict.co.uk,20210726T203712,,0.099226,Neutral,0.641157,0.107432,Neutral
AAPL,"Sparkline Launches Intangible Value ETF, ‘ITAN’","Sparkline Capital has launched the Sparkline Intangible Value ETF (ITAN), an actively managed fund that evaluates companies based on their ""intangible value."" This value is derived from four pillars: intellectual property, brand equity, human capital, and network effects, integrated with tangible assets using machine learning. The fund aims to provide a modern interpretation of value investing by focusing on high-quality companies with strong intangible drivers of growth.",https://etfdb.com/2021-07-investing-in-the-intangible-with-itan/,ETF Database,ETF Database,20210727T060849,,0.303499,Somewhat-Bullish,0.648002,0.296792,Somewhat-Bullish
AAPL,"Apple's iPhone expected to drive sales, but App Store faces regulatory risk","Apple is projected to see significant growth driven by 5G iPhone sales and its services, particularly the App Store and Apple Music. However, the company faces substantial regulatory risks and lawsuits concerning its App Store practices, including potential legislation to reduce commissions and scrutiny over search engine payments. Analysts anticipate high iPhone sales for the fiscal third quarter, which currently overshadow these regulatory concerns, though the services sector's growth has contributed to Apple's higher valuation.",https://www.reuters.com/technology/apples-iphone-expected-drive-sales-app-store-faces-regulatory-risk-2021-07-27/,Reuters,Reuters,20210727T122200,https://www.reuters.com/resizer/v2/JX32WMP7GZKYXDDATJY2WT52KY.jpg?auth=1148582ee48ab9097332dc8fe37c27b8543e6271767734a4a9fdd8945f3f411a&width=1080&quality=80,0.011849,Neutral,0.958369,-0.103550,Neutral
AAPL,"Tech sector marks new highs and it’s not just the megacap stocks leading the charge, Oppenheimer analyst says","The technology sector recently hit new highs, with Oppenheimer analyst Ari Wald noting that growth is broader than just megacap stocks. He highlighted that the RYT equal-weight tech ETF has slightly outperformed the XLK ETF, and the semiconductor subsector shows strong potential for a breakout. John Petrides of Tocqueville Asset Management suggests long-term growth opportunities in cybersecurity and fintech, citing the increasing digitization of lives and the trend towards a cashless society.",https://www.cnbc.com/2021/07/27/tech-stocks-today-records-ahead-of-apple-microsoft-earnings.html,CNBC,CNBC,20210727T171135,https://image.cnbcfm.com/api/v1/image/106916996-2ED4-TN-072621-TECH-jpg?v=1627324998&w=750&h=422&vtcrop=y,0.262545,Somewhat-Bullish,0.710424,0.245750,Somewhat-Bullish
AAPL,Goldman Sachs boosts transaction banking biz with Fiserv tie-up,"Goldman Sachs is expanding its transaction banking business by partnering with Fiserv to offer services to Fiserv's clients, starting with cross-border supplier payments. This collaboration will allow Fiserv clients to use Goldman Sachs' cloud-based payment suite for domestic and foreign currency payments, managing FX and delivery for suppliers in over 125 currencies. The partnership aims to bring automation, efficiency, and cost savings to accounts payable for businesses with a global presence.",https://www.finextra.com/newsarticle/38535/goldman-sachs-boosts-transaction-banking-biz-with-fiserv-tie-up,Finextra Research,Finextra Research,20210727T201629,,0.305437,Somewhat-Bullish,0.556802,0.119264,Neutral
AAPL,"Apple says chip shortage reaches iPhone, growth forecast slows","Apple announced that the global chip shortage, which previously affected its Mac and iPad sales, will now impact iPhone production and lead to a slowdown in revenue growth. Despite beating analyst expectations for its third-quarter sales and profits, the company forecasted decelerating growth for the current fiscal fourth quarter and its services business. CEO Tim Cook noted that while the third-quarter impact was less severe, the fourth quarter will see the shortage extend to iPhone components, particularly older technology chips essential for the devices.",https://www.reuters.com/world/china/apple-beats-sales-expectations-iphone-services-china-strength-2021-07-27/,Reuters,Reuters,20210728T002100,https://www.reuters.com/resizer/v2/ZVN5RVQQTNMYLLTF2S2VC45HMU.jpg?auth=3af54a961258923a07f3663c27a6c2473443ae01fd1b9dcf90e5d0044d9db7e5&width=1080&quality=80,-0.249383,Somewhat-Bearish,1.000000,-0.213066,Somewhat-Bearish
AAPL,"Spotify quarterly revenue beats on paid users, ad rebound","Spotify Technology SA exceeded Wall Street's second-quarter revenue estimates, driven by a 20% increase in premium subscribers, particularly in Europe and North America. Despite a dip in monthly active users due to the COVID-19 pandemic in Asia, the company saw a significant rebound in its advertising business, growing 110%. Spotify also continues to invest heavily in its podcast segment, which has reached an all-time high in consumption hours.",https://www.reuters.com/technology/spotifys-quarterly-revenue-beats-estimates-paid-subscribers-rise-20-2021-07-28/,Reuters,Reuters,20210728T122500,https://www.reuters.com/resizer/v2/FVWKY2AXB5KA5AJR7VM42UZXBY.jpg?auth=79691076346631c10aa6aac3ace1b6cad6104d1f1adfd4eea413eb4b2b59ce4e&width=1080&quality=80,0.232789,Somewhat-Bullish,0.608181,0.106946,Neutral
AAPL,ANNUAL REPORT 2021 Arm: Business Strategy,"Arm's 2021 annual report highlights its business strategy as a leader in semiconductor technology, emphasizing its licensing model and significant investments in R&D since being acquired by SoftBank Group in 2016. The report details how these investments are leading to increasing revenue growth, particularly from 5G smartphone sales and the emerging Arm-based server chip market, despite challenges like the COVID-19 pandemic. It also touches on future growth drivers, including new markets like IoT and autonomous vehicles, and the planned sale of Arm to NVIDIA.",https://group.softbank/en/ir/financials/annual_reports/2021/message/segars,ソフトバンクグループ株式会社,ソフトバンクグループ株式会社,20210728T193616,,0.316576,Somewhat-Bullish,0.615862,0.214313,Somewhat-Bullish
AAPL,"Google founders have sold $1 billion in stock since May, the most since 2017","Google co-founders Larry Page and Sergey Brin have sold over $1 billion worth of stock combined since May 2021, marking their first sales since 2017. Their stock sales, totaling more than $1.07 billion, occurred after the company's share price nearly tripled and Alphabet reported strong second-quarter earnings. Despite stepping down from executive roles in 2019, Page and Brin remain board members and control a majority of Alphabet's voting shares.",https://www.cnbc.com/2021/07/30/google-founders-page-brin-have-sold-1-billion-in-stock-since-may.html,CNBC,CNBC,20210730T135000,,0.124655,Neutral,0.605838,0.142859,Neutral
AAPL,Consumer’s Claims About His Rights to iTunes Purchases Survives Motion to Dismiss,"A consumer's lawsuit against Apple Inc. regarding the meaning of ""Buy"" for digital content on iTunes has survived a motion to dismiss. David Andino claims Apple's use of ""Buy"" is misleading, suggesting full ownership when users only receive a limited license, potentially impacting millions of consumers and setting a precedent for digital media rights. The court found Andino had alleged an injury and that consumers could reasonably be confused by Apple's terminology.",https://www.wsgr.com/en/insights/consumers-claims-about-his-rights-to-itunes-purchases-survives-motion-to-dismiss.html,Wilson Sonsini,Wilson Sonsini,20210730T192604,,-0.248171,Somewhat-Bearish,1.000000,-0.249719,Somewhat-Bearish
AAPL,Apple Is Now an Antifragile Company,"This article argues that Apple has transformed into an ""antifragile"" company under Tim Cook's leadership, meaning it improves under stress rather than just resisting it. The company's resilience stems from its robust supply chain management, significant cash reserves, and diversified product and service portfolio, which allowed it to thrive amidst the challenges of 2020. While potential threats like government regulation, future leadership changes, and geopolitical issues remain, Apple's recent performance suggests a strong footing for continued success.",https://tidbits.com/2021/07/30/apple-is-now-an-antifragile-company/,tidbits.com,tidbits.com,20210730T201717,https://tidbits.com/wp/../uploads/2021/07/Q2-antifragile-640x377.jpg,0.116,Neutral,1.000000,0.487964,Bullish
AAPL,"Anti-Vax App Squares Off With Google, Apple Over Misinformation","A new social networking app named Unjected, created for unvaccinated individuals, is challenging Google and Apple's content policies regarding COVID-19 vaccine misinformation. The app positions itself as a community for ""medical autonomy."" This situation highlights the ongoing struggle between tech platforms and apps that host content controversial to public health guidelines.",https://www.bloomberg.com/news/articles/2021-07-31/anti-vax-app-squares-off-with-google-apple-over-misinformation,Bloomberg.com,Bloomberg.com,20210731T130000,https://assets.bwbx.io/images/users/iqjWHBFdfxIU/iUBlUtKfYkUI/v1/-1x-1.webp,0.035145,Neutral,0.309671,0.043424,Neutral
AAPL,Stage is set in L.A. for its next studio,"Hudson Pacific Properties Inc. and Blackstone are developing Sunset Glenoaks Studios, a new $190 million facility with seven soundstages in Sun Valley, Los Angeles, to meet the surging demand for film and TV production facilities. The project aims to expand their existing ""Sunset Studios"" brand, which will total 42 soundstages upon completion, and other companies are also investing in new studio developments across L.A. in response to the booming entertainment industry and streaming services.",https://enewspaper.latimes.com/infinity/article_share.aspx?guid=7fe9f97c-16aa-4bbf-b0d5-c2be05fdd8c6,Los Angeles Times - eNewspaper,Los Angeles Times - eNewspaper,20210731T202745,,0.264445,Somewhat-Bullish,0.594548,0.235232,Somewhat-Bullish
AAPL,Ferrari Posts Steady Profit Before Outsider CEO Takes Helm,"Ferrari (RACE:US) reported stable profitability for the second quarter, with adjusted earnings before interest, taxes, depreciation, and amortization rising to 386 million euros, surpassing analyst estimates. This performance comes as the supercar manufacturer prepares to welcome a new CEO from outside the auto industry, who will be tasked with advancing the company's efforts in electrification and software. Despite slightly lower-than-expected revenue, Ferrari also increased its annual free cash flow forecast.",https://www.bloomberg.com/news/articles/2021-08-02/ferrari-delivers-solid-earnings-before-new-ceo-comes-on-board,Bloomberg.com,Bloomberg.com,20210802T103900,https://assets.bwbx.io/images/users/iqjWHBFdfxIU/ioYtb93FdkfU/v0/-1x-1.webp,0.166557,Somewhat-Bullish,0.638684,-0.142647,Neutral
AAPL,Reese Witherspoon’s Hello Sunshine to be be sold to media company backed by Blackstone,"Reese Witherspoon's media company, Hello Sunshine, is being sold to a firm backed by Blackstone Group Inc. for approximately $900 million. This acquisition is part of a strategy to create an independent entertainment company for the streaming era, led by former Disney executives Kevin Mayer and Tom Staggs. Witherspoon will continue to operate Hello Sunshine and join the new company's board, aiming to further the mission of telling more women's stories.",https://www.foxbusiness.com/media/reese-witherspoons-hello-sunshine-sold-to-blackstone,Fox Business,Fox Business,20210802T105500,,0.228569,Somewhat-Bullish,0.742553,0.230502,Somewhat-Bullish
AAPL,Reese Witherspoon's Hello Sunshine to be sold to Blackstone-backed media company for $900 million,"Reese Witherspoon's media company, Hello Sunshine, is being sold to a Blackstone-backed media company for approximately $900 million. This new venture, spearheaded by former Disney executives Kevin Mayer and Tom Staggs, aims to build an independent entertainment company focused on content for the streaming era. Witherspoon will maintain an ownership stake and continue to oversee operations, with the goal of expanding content focused on women's stories.",https://www.cnbc.com/2021/08/02/reese-witherspoons-hello-sunshine-to-be-sold-for-900-million.html,CNBC,CNBC,20210802T120400,https://image.cnbcfm.com/api/v1/image/105533754-makeit_102618_HelloSunshine_SarahHarden_mezz.jpg?v=1540830914&w=750&h=422&vtcrop=y,0.177293,Somewhat-Bullish,0.645718,0.118047,Neutral
AAPL,Apple ranks as world's most profitable company: Report,"Apple has been named the world's most profitable company for the 2020 fiscal year, according to the Fortune Global 500 list, with profits increasing 3.9% to $57.41 billion. This marks a shift from the previous two years where Saudi Aramco held the top spot. While Apple leads in profitability, Walmart remains the top company in terms of revenue on the global list.",https://www.foxbusiness.com/markets/apple-most-profitable-company-world,Fox Business,Fox Business,20210802T164617,https://a57.foxnews.com/static.foxbusiness.com/foxbusiness.com/content/uploads/2021/04/931/523/GettyImages-171533698.jpg?ve=1&tl=1,0.107068,Neutral,1.000000,0.429773,Bullish
AAPL,Jack Dorsey’s Square snaps up Australia’s Afterpay for $29bn,"Jack Dorsey's payments firm Square is set to acquire Australian buy now, pay later (BNPL) pioneer Afterpay for $29bn, marking the biggest buyout of an Australian firm. This acquisition highlights the growing popularity of the BNPL model and positions Square as a major global transactions giant. The deal will result in significant paydays for Afterpay's founders and validates the BNPL industry, creating a formidable competitor for existing players like Affirm, PayPal, and Klarna.",https://www.aljazeera.com/economy/2021/8/2/jack-dorseys-square-snaps-up-australias-afterpay-for-29bn,Al Jazeera,Al Jazeera,20210802T192648,,0.215434,Somewhat-Bullish,0.600314,0.120418,Neutral
AAPL,¿Cuáles son las empresas españolas con más ingresos en 2020?,"The article discusses the ""Fortune Global 500"" list for 2021, highlighting Spanish companies with the highest revenues in 2020. Banco Santander, Telefónica, and ACS lead among Spanish firms but have fallen in global rankings due to the pandemic's impact. Inditex and Naturgy Energy notably dropped off the list, while Walmart topped global rankings for the eighth consecutive year.",https://www.heraldo.es/noticias/economia/2021/08/02/santander-telefonica-y-acs-son-las-mayores-empresas-espanolas-segun-fortune-1510447.html,heraldo.es,heraldo.es,20210802T193049,https://imagenes.heraldo.es/files/image_990_556/uploads/imagenes/2019/12/12/banco-santander-coanfi.jpeg,0.278483,Somewhat-Bullish,0.732816,0.308501,Somewhat-Bullish
AAPL,Formula 1's Skyrocketing Popularity,"Formula 1 is experiencing a significant surge in popularity and revenue, with viewership increasing by 36% compared to the 2019 season and first-quarter revenue reaching $180 million in 2021. This growth is attributed in part to Netflix's ""Drive to Survive"" series and strategic partnerships. The article also touches on World Rugby's discussions with private equity firms, Clemson University taking its multimedia rights in-house, and NHL player Evander Kane denying gambling allegations.",https://frontofficesports.com/newsletter/formula-1s-skyrocketing-popularity/,Front Office Sports,Front Office Sports,20210802T194412,https://frontofficesports.com/wp-content/uploads/2021/07/FOS-AM-8.2-F1.jpg?quality=100&w=1024,0.244767,Somewhat-Bullish,0.551110,0.016234,Neutral
AAPL,XPO Logistics Completes Spin Off of GXO Logistics,"XPO Logistics has successfully completed the spin-off of its logistics division, forming two independent public companies: GXO Logistics, focused on contract logistics, and XPO Logistics, focused on freight transportation. GXO Logistics celebrated its first day of trading by ringing the opening bell at the New York Stock Exchange, with CEO Malcolm Wilson highlighting the company's strong platform for growth driven by innovation, customer relationships, and an experienced leadership team. GXO aims to expand further in high-growth areas like e-commerce and leverage its leadership in logistics automation and AI.",https://supplychaindigital.com/logistics/xpo-logistics-completes-spin-gxo-logistics,Supply Chain Digital Magazine,Supply Chain Digital Magazine,20210802T194640,https://assets.bizclikmedia.net/138/b92f0d5517370ce0686f99d6094da121:4cba1dc7c0a165ceadf39bb64a2e560e/gxo-0-jpg.webp,0.257056,Somewhat-Bullish,0.640875,0.102593,Neutral
AAPL,AT&T's DirecTV to become standalone video business,"AT&T Inc.'s satellite television provider, DirecTV, will become a standalone video business as part of a deal with buyout firm TPG Capital. The new entity will launch DirecTv Stream, a platform providing access to various streaming services. AT&T will retain a 70% ownership stake, while TPG Capital will own 30% of the new company, which was valued significantly lower than AT&T's initial purchase price.",https://www.reuters.com/business/media-telecom/atts-directv-become-standalone-video-business-2021-08-02/,Reuters,Reuters,20210802T201500,https://www.reuters.com/resizer/v2/L5TMR6AB7NN73G6J4W7P2Y2OEA.JPG?auth=d9313dbfe5de5420d9e843f5509a25b16f345eb659c25055b0a349d970e7e1f9&width=800&quality=80,0.279855,Somewhat-Bullish,0.633010,0.319259,Somewhat-Bullish
AAPL,Reese Witherspoon's media firm to be sold to Blackstone-backed company,"Reese Witherspoon's media company, Hello Sunshine, is being sold to a new media firm backed by Blackstone Group Inc. The deal, which values Hello Sunshine at about $900 million, comes amid a video streaming war and strong demand for high-quality content. Witherspoon and Hello Sunshine's CEO, Sarah Harden, will maintain significant equity and continue to oversee operations.",https://www.reuters.com/business/reese-witherspoons-media-firm-be-sold-blackstone-backed-company-2021-08-02/,Reuters,Reuters,20210802T222900,https://www.reuters.com/resizer/v2/5237ZYXTWNKNBOUOZAZ3HRQZCI.jpg?auth=fe39b981426d3d749955a3d230e6b7ba0fe4510ef48cf41102f6e5b0cbf4c419&width=1920&quality=80,0.180945,Somewhat-Bullish,0.749673,0.116688,Neutral
AAPL,"HP Elite Dragonfly G2 review: Updated premium 2-in-1 gains performance, but not weight","The HP Elite Dragonfly G2 is a premium 2-in-1 convertible laptop that offers updated 11th-generation Intel Core processors without significantly increasing its lightweight design. While it maintains its impressive portability and versatile features like a ""sanitization mode"" for cleaning, the 4K display option, though visually appealing, can notably reduce battery life. Despite its high price point and some minor display shortcomings, it remains a strong contender for users prioritizing an ultraportable and fully-featured device for general productivity.",https://www.zdnet.com/product/hp-elite-dragonfly-laptop-g2/,ZDNET,ZDNET,20210803T035500,https://www.zdnet.com/a/img/2021/08/03/aac8d888-75ef-45fd-924f-a5ffb86fb1e9/hp-elite-dragonfly-g2-header.jpg,0.074244,Neutral,0.722146,-0.089882,Neutral
AAPL,Delta Air Lines Pilots Upgrading to AT&T 5G and iPad Pro,"Delta Air Lines is upgrading its pilots' electronic flight bags to new iPad Pros with Apple's M1 chip and 5G connectivity via AT&T Business. This initiative aims to enhance pre-flight management tasks by providing reliable, high-speed cellular access for critical flight data, ensuring pilots can efficiently download necessary information even when Wi-Fi is unavailable. The move follows Delta's earlier decision to equip all flight attendants with iPhone 12s and 5G, highlighting a broader commitment to leveraging advanced connectivity for airline operations.",https://www.5gamericas.org/delta-air-lines-pilots-upgrading-to-att-5g-and-ipad-pro/,5G Americas,5G Americas,20210803T193719,https://www.5gamericas.org/wp-content/uploads/2021/08/Delta-Air-Lines-Pilots-Upgrading-to-ATT-5G-and-iPad-Pro-8-3-1.png,0.318803,Somewhat-Bullish,0.834810,0.323356,Somewhat-Bullish
AAPL,The world’s richest company is not a tech firm says Fortune list,"Fortune's annual Global 500 list for fiscal year 2020 revealed that Walmart is the world's richest company by revenue, not a tech firm, despite significant tech industry profits during the pandemic. China continues to dominate the list with 143 firms, while the US follows with 122. Brookfield Asset Management was the top Canadian firm, with Apple being the most profitable company overall.",https://www.wealthprofessional.ca/news/industry-news/the-worlds-richest-company-is-not-a-tech-firm-says-fortune-list/358599,Wealth Professional,Wealth Professional,20210803T195529,"https://cdn-res.keymedia.com/cdn-cgi/image/w=1000,h=600,f=auto/https://cdn-res.keymedia.com/cms/images/ca/155/0379_637635853783254995.png",0.182452,Somewhat-Bullish,1.000000,0.338149,Somewhat-Bullish
AAPL,Federal Circuit Ruling Underscores Importance of Clear and Present Assignments of Patent Rights,"A Federal Circuit ruling in Omni Medsci, Inc. v. Apple Inc. highlighted the need for clear language in contracts concerning patent rights assignments. The court affirmed that the University of Michigan's employment agreement with an inventor did not automatically assign patent rights, allowing Omni Medsci to sue Apple. The decision emphasizes that general phrases like ""shall be the property of"" may not constitute an immediate transfer of rights, contrasting with more definitive language such as ""hereby assign.""",https://www.arnoldporter.com/en/perspectives/advisories/2021/08/ruling-underscores-importance-of-patent-right,Arnold & Porter,Arnold & Porter,20210804T192616,,-0.10806,Neutral,0.965036,-0.105253,Neutral
AAPL,"Samsung, TSMC in heated race for industry’s smallest 3 nm process node","Samsung Electronics and TSMC are in an intense competition to lead the semiconductor industry with the 3-nanometer process node technology, aiming for mass production in 2022. This rivalry is further fueled by Intel's entry into the foundry business, pledging significant investments and aiming to become a top player by 2025, challenging both Samsung and TSMC in advanced chip manufacturing and market share. The race is also extending to 2-nanometer technology, pushing these companies to invest heavily in expanding facilities and R&D.",https://www.kedglobal.com/foundry-competition/newsView/ked202108040017,KED Global,KED Global,20210804T192802,https://www.kedglobal.com/data/ked/image/2021/08/04/ked202108040034.700x.0.jpg,0.097389,Neutral,0.708463,0.141134,Neutral
AAPL,QQQ Versus QQQJ: Who’s Winning the Battle?,"This article compares the performance of the Invesco QQQ Trust (QQQ) and the Invesco NASDAQ Next Gen 100 ETF (QQQJ). QQQ, which focuses on large-cap tech companies, has outperformed QQQJ, a mid-cap focused ETF, across various timeframes. Chad Morganlander of Washington Crossing Advisors favors QQQ due to its higher quality large-cap names and stronger balance sheets.",https://www.etftrends.com/innovative-etfs-channel/qqq-versus-qqqj-whos-winning-the-battle/,ETF Trends,ETF Trends,20210804T210617,,0.349119,Somewhat-Bullish,0.731881,0.424708,Bullish
AAPL,Qualcomm Bids $4.6 Billion for Veoneer as Its New CEO Looks Beyond iPhone,"Qualcomm has made a $4.6 billion offer to acquire auto-technology company Veoneer Inc., aiming to outbid Magna International Inc. This strategic move highlights Qualcomm's new CEO's objective to diversify the company's business beyond its established mobile-phone chip market. The acquisition is driven by the increasing integration of chips into modern vehicles for automated driving and driver-assistance features.",https://www.wsj.com/business/telecom/qualcomm-bids-4-6-billion-for-veoneer-as-its-new-ceo-looks-beyond-iphone-11628178014?gaa_at=eafs&gaa_n=AWEtsqfiu11iJRQlv8cXwR_U3kvco6Ob_4RHvzvys6q3udEwLOqVp1YDjLQl&gaa_ts=6907cafb&gaa_sig=D1EgNIywWSZwntAA_ZbjtdzTdArnlcYJspnfJtBM_iXt2nnHw6Y40ulUGt5L5d6E0p9av-Yby8R-h0ei7lNpOA%3D%3D,The Wall Street Journal,The Wall Street Journal,20210805T210612,,0.254344,Somewhat-Bullish,0.647859,0.121808,Neutral
AAPL,Apple to scan U.S. iPhones for images of child sexual abuse,"Apple announced plans to scan U.S. iPhones for child sexual abuse images, a move praised by child protection groups but criticized by security researchers concerned about potential misuse by governments and the undermining of user privacy. The system, called ""NeuralHash,"" will scan images before they're uploaded to iCloud and will also blur sexually explicit content in messages on children's devices and warn parents. Privacy advocates, including the Electronic Frontier Foundation, argue this compromises Apple's long-standing commitment to end-to-end encryption.",https://apnews.com/article/technology-business-child-abuse-apple-inc-7fe2a09427d663cda8addfeeffc40196,AP News,AP News,20210806T192617,https://dims.apnews.com/dims4/default/f651d1b/2147483647/strip/true/crop/3000x1997+0+2/resize/320x213!/quality/90/?url=https%3A%2F%2Fstorage.googleapis.com%2Fafs-prod%2Fmedia%2F40565fa2be534fd6835d6e30f62fe500%2F3000.jpeg,-0.119024,Neutral,1.000000,-0.123912,Neutral
AAPL,Music is an extremely personal and emotional experience for people: Dolby Lab’s Ashim Mathur,"Ashim Mathur, Senior Regional Director, Emerging Markets at Dolby Laboratories, discusses the collaboration with Apple to bring Dolby Atmos support to Apple Music. He highlights how Dolby Atmos enhances the music listening experience by providing spatial audio, making it more immersive and emotionally engaging. Mathur emphasizes that this partnership aims to change how music is created, heard, and experienced, catering to listeners' desire for better quality and enhanced streaming.",https://tech.hindustantimes.com/tech/news/music-is-an-extremely-personal-and-emotional-experience-for-people-dolby-lab-s-ashim-mathur-71628253467532.html,HT Tech,HT Tech,20210806T193823,https://images.hindustantimes.com/tech/img/2021/08/06/1600x900/Ashim_Mathur[8]_1628253584956_1628253595711.jpg,0.424272,Bullish,0.931539,0.319719,Somewhat-Bullish
AAPL,"Nuveen Dividend Growth ETF ETF Price, Holdings, & News (NYSEARCA:NDVG)","The Nuveen Dividend Growth ETF (NDVG) is an actively managed, non-transparent ETF launched on August 4, 2021, that primarily invests in dividend-paying equities globally, utilizing the Natixis/NYSE non-transparent model. The ETF has current assets under management of $13.14 million, a dividend yield of 4.39%, and a net expense ratio of 0.65%. Its top holdings include major tech and financial companies like Apple, Microsoft, Broadcom, and JPMorgan Chase & Co.",https://www.marketbeat.com/stocks/NYSEARCA/NDVG/,MarketBeat,MarketBeat,20210807T121143,,0.34534,Somewhat-Bullish,0.743742,0.317790,Somewhat-Bullish
AAPL,Warren Buffett's Berkshire Hathaway recovers from coronavirus slowdown,"Warren Buffett's Berkshire Hathaway reported a strong recovery in its businesses from the coronavirus pandemic, leading to increased profits and revenue. The company repurchased $6 billion of its own shares in Q2, signaling confidence, and saw significant improvements across its manufacturing, service, and retailing units, with some exceeding pre-pandemic levels. Operating profit rose 21% and net income increased 7%, bolstered by unrealized gains from investments in tech and banking giants.",https://www.reuters.com/business/berkshire-hathaway-operating-profit-rises-21-2021-08-07/,Reuters,Reuters,20210808T034600,https://www.reuters.com/resizer/v2/KV7FWTE625MGNFM5UAMKPZCRPI.jpg?auth=941e20951d5f10f5d8db4558a4016997b3f172fe92901e9c11465102afc00292&width=1080&quality=80,0.268021,Somewhat-Bullish,0.744515,0.301766,Somewhat-Bullish
AAPL,Apple’s TV Box Is Now Mostly Pointless. Will That Change?,"The article discusses how Apple's TV box, despite recent upgrades like a faster processor and new remote, has become mostly pointless in 2021. It questions whether the $199 price tag is justified given that content is now accessible on many devices, competing with cheaper alternatives like Amazon Fire and Google Chromecast. The author suggests that Apple needs to re-evaluate the device's purpose to remain relevant in the streaming market.",https://www.bloomberg.com/news/newsletters/2021-08-08/why-should-i-buy-an-apple-aapl-tv-instead-of-amazon-fire-google-chromecast-ks3ihfcz,Bloomberg.com,Bloomberg.com,20210808T180000,https://assets.bwbx.io/images/users/iqjWHBFdfxIU/iOXX5DImjo9k/v1/-1x-1.webp,-0.136731,Neutral,0.990882,-0.396643,Bearish
AAPL,Austria’s Nuki wants to replace physical keys with smartphones; raises €20M and plans to hire 100+ people,"Nuki, an Austrian company specializing in smart home access solutions, has raised €20M in a new funding round with new investor Cipio Partners and existing investors. The company aims to replace physical keys with smartphone-controlled access and plans to hire over 100 new employees. Funds will be used to develop new products and technologies, including the ""Smart Door"" for direct integration in new buildings, and to expand its market leadership in Europe.",https://siliconcanals.com/nuki-raises-20m/,Silicon Canals,Silicon Canals,20210809T192745,https://siliconcanals.com/wp-content/uploads/2024/04/SC-10-year-horizontal.png,0.194768,Somewhat-Bullish,0.615506,0.215495,Somewhat-Bullish
AAPL,Sonos Move vs. Apple HomePod: Which should you buy?,"This article compares the Sonos Move and Apple HomePod, helping consumers decide which smart speaker best fits their needs. It highlights the Sonos Move's flexibility, portability, and compatibility with multiple voice assistants and music services, contrasted with the HomePod's high-quality sound and deep integration with the Apple ecosystem, particularly Apple Music and Siri. The comparison delves into features like weather resistance, battery life, and integration with smart home platforms, concluding that the choice depends on user preference for portability, voice assistant, and commitment to the Apple ecosystem.",https://www.imore.com/sonos-move-vs-apple-homepod,iMore,iMore,20210810T200835,https://cdn.mos.cms.futurecdn.net/fJnWdt7K6Sah8qiUTtA6nG.jpg,0.118788,Neutral,1.000000,0.147222,Neutral
AAPL,Unity Software stock jumps 10% as analysts credit it with dodging Apple's online-ad crackdown,"Unity Software's stock jumped 10% after analysts praised the company for navigating Apple's recent online advertisement policy changes. Unity found a workaround to help its customers continue effective advertising, leading to an upgraded outlook for the year. The company also announced the acquisition of Parsec for $320 million following a strong quarter.",https://www.marketwatch.com/story/unity-software-stock-jumps-10-as-analysts-credit-it-with-dodging-apples-online-ad-crackdown-11628703555?gaa_at=eafs&gaa_n=AWEtsqf3BuXe9TIDXvzpJeMJ8ynIGZt4Ncd101RFS1AzRvXNbeW2WlC5-8L7&gaa_ts=6907cfc1&gaa_sig=sAVbDw2mb47qtWu9OsQzrPdcYh04eV_uS6SBLilLxqh1EBnG6vdrRAUYzXmDvhf3qIUSHPaL8fxsOarrdyTrlQ%3D%3D,MarketWatch,MarketWatch,20210811T133900,,0.144514,Neutral,0.721005,-0.201625,Somewhat-Bearish
AAPL,New Samsung foldables: Z Flip 3 and Z Fold 3 make their debut at Unpacked 2021,"Samsung unveiled its new Galaxy Z Flip 3 and Galaxy Z Fold 3 foldable devices at its Unpacked 2021 event, emphasizing improved durability with new materials like Armor Aluminum and Gorilla Glass Victus. The Z Flip 3 is a flip phone-inspired model designed for portability, while the Z Fold 3 functions more like a tablet that folds into a smartphone. Both devices are powered by the Snapdragon 888 processor and feature enhanced resistance technologies, with the Z Flip 3 starting at $999 and the Z Fold 3 at $1,799.",https://siliconangle.com/2021/08/11/new-samsung-foldables-z-flip-3-z-fold-3-make-debut-unpacked-2021/,SiliconANGLE,SiliconANGLE,20210811T194525,https://img.global.news.samsung.com/global/wp-content/uploads/2021/08/galaxyzflip3_5g_family.jpg,0.25197,Somewhat-Bullish,0.700216,0.104996,Neutral
AAPL,"U.S. lawmakers introduce bill to rein in Apple, Google app stores",A bipartisan group of U.S. senators has introduced a bill aiming to curb the market control of app stores operated by Apple and Google. The proposed legislation would prevent these companies from forcing app developers to use their payment systems or penalizing those offering different prices elsewhere. This move comes amidst ongoing scrutiny and legal challenges regarding the practices and commission fees of Apple's App Store and Google's Play Store.,https://www.reuters.com/technology/us-lawmakers-introduce-bill-rein-apple-google-app-stores-2021-08-11/,Reuters,Reuters,20210811T200300,https://www.reuters.com/resizer/v2/M63FLONK45IS7KSJD77Q7WHDTM.jpg?auth=bdf19e6604cce8e0e01222e532cc29d9b26603e7a57a2bae79260cc7cfa346ab&width=1080&quality=80,-0.175692,Somewhat-Bearish,0.933439,-0.373188,Bearish
AAPL,"Domino’s Pizza, Pinterest, GoDaddy e AMC: confira os 33 BDRs que estreiam na B3 nesta 2ª feira","On August 16th, 33 new BDRs, including Domino's Pizza, Pinterest, GoDaddy, and AMC Entertainment, began trading on the B3. These BDRs allow Brazilian investors to access global company stocks, with significant growth in investor numbers and trading volumes since regulatory changes in 2020. The article highlights top-performing BDRs and the increasing interest of Brazilian investors in this market segment.",https://www.infomoney.com.br/onde-investir/dominos-pizza-pinterest-godaddy-e-amc-confira-os-33-bdrs-que-estreiam-na-b3-na-proxima-2a-feira/,InfoMoney,InfoMoney,20210812T030821,https://www.infomoney.com.br/wp-content/uploads/2020/09/GettyImages-1194783078.jpg?fit=1280%2C720&quality=70&strip=all,0.305947,Somewhat-Bullish,0.627841,0.206129,Somewhat-Bullish
AAPL,Sonos ARC Review: An Upgradeable and Flexible Soundbar with Captivating Sound,"The review introduces the Sonos ARC as a high-end, modular soundbar system that delivers an immersive audio experience. It highlights the ARC's upgradeable hardware, seamless setup (especially for Apple users), and captivating sound quality, particularly when paired with a Sonos Sub. While praising its performance and modularity, the review also notes minor drawbacks like a hidden sleep timer, lack of HDMI expansion, and absence of DTS support.",https://www.howtogeek.com/93156/sonos-arc-review-a-flexible-upgradeable-soundbar-with-captivating-sound/,How-To Geek,How-To Geek,20210812T140000,https://static0.howtogeekimages.com/wordpress/wp-content/uploads/2021/08/d40b8c8a.jpg?&fit=crop&w=1600&h=900,0.168005,Somewhat-Bullish,0.729171,0.148683,Neutral
AAPL,Spotify Snags Copyright Office Legal Chief as Public Policy Head,"Spotify has hired Regan Smith, formerly the general counsel of the U.S. Copyright Office, as its new head of public policy and government affairs. This strategic move comes as Spotify intensifies its competition with Apple Inc. Smith’s appointment strengthens Spotify's legal and public policy team, which is led by chief legal officer Horacio Gutierrez.",https://news.bloomberglaw.com/business-and-practice/spotify-snags-copyright-office-legal-chief-as-public-policy-head,Bloomberg Law News,Bloomberg Law News,20210812T195800,https://news-api.bloomberglaw.com/v1/resize-image?url=http%3A%2F%2Fbloomberg-bna-brightspot.s3.amazonaws.com%2F45%2F70%2Fcfc4c1844cdfa63674572b480d0f%2Fspotify.jpg&width=1240&height=480&fit=cover&crop=3998x1541%2B0%2B0,0.222121,Somewhat-Bullish,0.704111,0.110404,Neutral
AAPL,John Deere Moves Into Autonomous Tractors With Robots Startup Acquisition,"John Deere has acquired Bear Flag Robotics, a Silicon Valley startup, marking a significant move into autonomous tractor technology. The acquisition aims to bring entirely autonomous tractors to market, addressing severe labor issues in the agricultural industry. Bear Flag Robotics already has autonomous tractors with a limited set of customers, though details on wider release and pricing are not yet available.",https://modernfarmer.com/2021/08/john-deere-moves-into-autonomous-tractors-with-robots-startup-acquisition/,Modern Farmer,Modern Farmer,20210812T200236,,0.220442,Somewhat-Bullish,0.736660,0.124134,Neutral
AAPL,Project Chess: The Story Behind the Original IBM PC,"This article recounts the story of ""Project Chess,"" the initiative behind the original IBM Personal Computer, which was introduced on August 12, 1981. It highlights IBM's unconventional decision to develop the PC outside its traditional bureaucracy, led by William C. ""Bill"" Lowe and later Philip D. ""Don"" Estridge, and its key choices like an open architecture, Intel processor, and Microsoft operating system, which established industry standards for decades. The project's rapid development, strategic retail partnerships, and immediate market success despite initial limitations are detailed, emphasizing its significant impact on personal computing.",https://www.pcmag.com/news/project-chess-the-story-behind-the-original-ibm-pc,PCMag,PCMag,20210812T201650,https://i.pcmag.com/imagery/articles/068BA0TQZQnWCvXVS7udPmH-1.fit_lim.v1627579003.jpg,0.22805,Somewhat-Bullish,0.614907,0.248996,Somewhat-Bullish
AAPL,"If you own an S&P 500 fund, you might want to consider replacing it with this better-performing dividend-stock fund","The article suggests replacing S&P 500 funds with the First Trust Rising Dividend Achievers ETF (RDVY) for potentially better performance with less risk. RDVY holds 50 equally-weighted dividend stocks, reconstituting annually and rebalancing quarterly. The fund has reportedly outperformed the S&P 500.",https://www.marketwatch.com/story/if-you-own-an-s-p-500-fund-you-might-want-to-consider-replacing-it-with-this-better-performing-dividend-stock-fund-11628858053?gaa_at=eafs&gaa_n=AWEtsqeAkCJ9aID0SWMqb3jqUKxOmZT5C_bw908VzuvkR3AAO4MZSjR_1Jmx&gaa_ts=69cde8a6&gaa_sig=9JJ1am4-RPVpapSFg_lE-iP9hzmUKkWHCCW6PNTvYO5eEfPtDowQ9lozk_L0u58X8cm6vw4HJMnD308yL9w6iw%3D%3D,MarketWatch,MarketWatch,20210813T083400,https://images.mktw.net/im-385084?width=1260&height=877,0.243674,Somewhat-Bullish,0.702140,0.113682,Neutral
AAPL,Microsoft Partnership Puts the 'S' & 'G' Into the 'E' in ESG,"Microsoft has partnered with Volt Energy to bring carbon-neutral electricity to underserved communities, addressing both environmental and social justice issues within the ESG framework. This initiative, while small in scale regarding initial power purchase, is seen as a significant step in pushing the boundaries of corporate environmental and social leadership. The article also highlights the Putnam Sustainable Leaders ETF (PLDR), which invests in companies like Microsoft that demonstrate proactive leadership in ESG issues and includes Microsoft as a top holding.",https://etfdb.com/big-ideas-channel/microsoft-partnership-puts-s-j-into-e-in-esg/,ETF Database,ETF Database,20210813T210213,,0.227597,Somewhat-Bullish,0.708014,0.200861,Somewhat-Bullish
AAPL,Samsung Is Using AI to Design Its Next Exynos Chipset for Smartphones,"Samsung is reportedly leveraging artificial intelligence, specifically Synopsys' DSO.ai tool, to design its next Exynos chipsets for smartphones. This AI-driven approach aims to automate and accelerate the complex chip development process, potentially improving performance and power efficiency. While Samsung has not confirmed which future products, such as the rumored Exynos 2200, will utilize these AI-designed chips, industry experts suggest AI is well-suited for arranging billions of transistors on a chip.",https://wccftech.com/samsung-using-ai-to-design-next-exynos-chipset/,Wccftech,Wccftech,20210816T055400,,0.305611,Somewhat-Bullish,0.744015,0.339882,Somewhat-Bullish
AAPL,Music distribution startup Distrokid hits unicorn status with Insight Partners funding,"Distrokid, an online music distribution startup, has achieved unicorn status after receiving new funding from Insight Partners, valuing the company at $1.3 billion. Founded in 2003, Distrokid allows musicians to upload unlimited music to various online stores and streaming services for a flat annual fee, while retaining 100% of their earnings. The company claims to distribute over a third of all new music globally.",https://siliconangle.com/2021/08/16/music-distribution-startup-distrokid-hits-unicorn-status-funding-insight-partners/,SiliconANGLE,SiliconANGLE,20210816T200846,https://d15shllkswkct0.cloudfront.net/wp-content/blogs.dir/1/files/2021/08/distrokid.png,0.345329,Somewhat-Bullish,0.729208,0.340784,Somewhat-Bullish
AAPL,"Apple relying on frequent COVID testing for employees, no vaccine requirement yet","Apple is implementing a strategy of frequent COVID-19 testing for its corporate and retail employees, starting with twice a week and increasing to three times, as it prepares for office reopenings. Unlike some other tech giants, Apple is not currently mandating COVID-19 vaccinations for employees but encourages them for those eligible. The company has also reconsidered restarting in-store classes and plans a hybrid remote work strategy for office staff.",https://9to5mac.com/2021/08/17/apple-vaccine-requirement-covid-testing/,9to5Mac,9to5Mac,20210817T094300,https://9to5mac.com/wp-content/client-mu-plugins/9to5-core/includes/obfuscate-images/images/9to5mac-default.jpg?quality=82&strip=all&w=1600,-0.045712,Neutral,1.000000,0.018267,Neutral
AAPL,Arch Capital appoint high flyers to board,"Bermuda-based Arch Capital Group Ltd has appointed Francis Ebong and Eileen Mallesch to its board of directors. Mr. Ebong brings extensive technology and innovation experience from Alphabet's X and Facebook, while Ms. Mallesch offers over 30 years of finance and risk expertise including senior leadership roles at Nationwide and other significant board positions. These appointments aim to enhance the board's capabilities in fintech transformation and broaden its talent and outlook for future growth.",https://www.royalgazette.com/re-insurance/business/article/20210817/arch-capital-board-appointments/,Royal Gazette | Bermuda,Royal Gazette | Bermuda,20210817T103400,,0.214108,Somewhat-Bullish,0.610249,0.109440,Neutral
AAPL,Apple selects 15 Black- and Brown-owned businesses for first-of-its-kind Impact Accelerator,"Apple has selected 15 Black- and Brown-owned businesses for its inaugural Impact Accelerator, part of the company’s Racial Equity and Justice Initiative. These businesses, focused on green technology and clean energy, will receive customized training, access to Apple experts, and opportunities to become Apple suppliers as the company works toward its 2030 carbon-neutral goal. The program aims to combat systemic barriers and advance innovative environmental solutions for communities most affected by climate change.",https://www.apple.com/newsroom/2021/08/apple-selects-15-black-and-brown-owned-businesses-for-impact-accelerator/,Apple,Apple,20210817T192602,,0.288685,Somewhat-Bullish,1.000000,0.498764,Bullish
AAPL,Digital payments soared during the pandemic and are here to stay,"The COVID-19 pandemic significantly accelerated the adoption of digital and contactless payment methods, a trend experts believe is permanent. Visa reported a 30% increase in tap-to-pay transactions year-over-year, and nearly half of consumers now avoid stores without contactless payment options. This shift is driven by health and safety concerns, as well as the convenience, speed, and security that digital payments offer.",https://www.cnbc.com/2021/08/17/digital-payments-soared-during-the-pandemic-and-are-here-to-stay.html,CNBC,CNBC,20210817T194551,https://image.cnbcfm.com/api/v1/image/108048600-1729100984821-TECHNOLOGY_EXECUTIVE_COUNCIL_CNBC_COM_SPECIAL_REPORT_HEADER_BKGD_TEMPLATE_1497x160_v04_1.jpg?v=1729101162,0.378734,Bullish,0.623270,0.300248,Somewhat-Bullish
AAPL,XPO Logistics completes GXO Logistics spin-off,"XPO Logistics has finalized the spin-off of GXO Logistics, establishing GXO as the world's largest pure-play contract logistics provider. GXO launches with significant global operations, serving major blue-chip customers and high-growth sectors. Both XPO and GXO are now independent public companies, aimed at unlocking their full potential.",https://www.packagingnews.co.uk/news/markets/transit-logistics/xpo-logistics-completes-gxo-logistics-spin-off-17-08-2021,Packaging News,Packaging News,20210817T194640,https://d3hjf51r9j54j7.cloudfront.net/wp-content/uploads/sites/7/2021/08/GXO-Logistics.jpg,0.353194,Bullish,0.732709,0.313121,Somewhat-Bullish
AAPL,"Bob Greenblatt Launches Production Company, Inks First-Look TV Deal With Lionsgate","Bob Greenblatt, former Chairman of WarnerMedia Entertainment, has launched a new production company called The Green Room and signed a first-look deal with Lionsgate to develop and produce premium television projects. He has also appointed Jon Wu, previously of Hello Sunshine, as Producer and Head of Filmed Content for The Green Room. This move marks Greenblatt's return to producing after stepping down from WarnerMedia in August of the previous year.",https://deadline.com/2021/08/bob-greenblatt-launches-production-company-inks-first-look-tv-deal-with-lionsgate-1234816523/,Deadline,Deadline,20210817T195327,https://deadline.com/wp-content/uploads/2021/08/Bob-Greenblatt-Jon-Wu.jpg?w=681&h=383&crop=1,0.199108,Somewhat-Bullish,0.573416,0.194229,Somewhat-Bullish
AAPL,The 75 per cent problem: aluminium’s carbon footprint,"Aluminium production accounts for a significant amount of global CO2 emissions, largely due to energy-intensive smelting processes. With demand for aluminium expected to increase, decarbonizing its production is critical, primarily through using renewable energy sources for smelting and developing technologies like carbon capture. The article also highlights the importance of improving recycling rates and exploring alternative production methods to reduce aluminium's environmental impact.",https://ww3.rics.org/uk/en/modus/natural-environment/climate-change/the-75-per-cent-problem--aluminium-s-carbon-footprint-.html,MODUS | RICS,MODUS | RICS,20210817T200538,"https://rics.scene7.com/is/image/rics/Aluminiummontage_Modus_August2021_75percentaluminium_header?$article-big-img-desktop$&qlt=85,1&op_sharpen=1",0.161278,Somewhat-Bullish,0.636427,0.348515,Somewhat-Bullish
AAPL,Zimmer Biomet to Unveil New Clinical Data and Portfolio of Innovative Technologies at AAOS 2021 Annual Meeting,"Zimmer Biomet announced it will present new clinical data and showcase innovative technologies at the AAOS 2021 Annual Meeting, taking place from August 31 to September 3 in San Diego. Key highlights include a podium presentation on its investigational Persona IQ® smart knee implant and three posters detailing the clinical utility of its mymobility® with Apple Watch® remote care management platform. The company will also feature interactive exhibits for its ROSA® Robotics and ZBEdge™ Connected Intelligence suite, aiming to transform patient experience and restore mobility.",https://www.prnewswire.com/news-releases/zimmer-biomet-to-unveil-new-clinical-data-and-portfolio-of-innovative-technologies-at-aaos-2021-annual-meeting-301356280.html,PR Newswire,PR Newswire,20210817T201649,https://mma.prnewswire.com/media/1603977/Zimmer_Biomet_Holdings_Logo.jpg?w=300,0.535062,Bullish,0.712082,0.525536,Bullish
AAPL,"MicroSectors™ Launches FANG & Innovation ETNs, 'BULZ' & 'BERZ'","REX Shares, LLC announced the launch of two new MicroSectors Exchange Traded Notes (ETNs), BULZ and BERZ, issued by the Bank of Montreal. These ETNs are linked to the Solactive FANG Innovation Index, which tracks major U.S.-listed tech and internet/media companies. The products aim to offer sophisticated investors leveraged and inverse leveraged exposure to prominent technology and innovation stocks.",http://www.etftrends.com/microsectors-launches-fang-innovation-etns-bulz-berz/,ETF Trends,ETF Trends,20210818T031020,NULL,0.247951,Somewhat-Bullish,0.727477,0.326611,Somewhat-Bullish
AAPL,AMD Set To Become TSMC’s 2nd Largest Customer – Apple Car Chip Production Rumored For China,"AMD is projected to become TSMC's second-largest customer, behind Apple, due to strong growth across its chip segments, especially EPYC server products. This increased demand from AMD, Apple, and MediaTek is accelerating order flows for TSMC's 3nm process. Additionally, there are rumors that automotive chip production for an ""Apple Car"" might take place at TSMC's Nanjing facility using older 28nm process nodes.",https://wccftech.com/amd-set-to-become-tsmcs-2nd-largest-customer-apple-car-chip-production-rumored-for-china/,Wccftech,Wccftech,20210818T122200,,0.219433,Somewhat-Bullish,0.707534,0.259092,Somewhat-Bullish
AAPL,"This Crazy Cologne Comes in a Smartphone-Activated, Robot-Shaped Bottle","Paco Rabanne has launched a new men's fragrance called 'Phantom' which comes in a unique robot-shaped bottle. This bottle features an NFC chip in its head, allowing users to connect their smartphones to access exclusive digital content like style guides, playlists, and games. The scent itself was developed using algorithms and expert perfumers, resulting in an ""energizing green flash of lemon with ultra-creamy lavender.""",https://www.maxim.com/style/this-crazy-cologne-comes-in-a-smartphone-activated-robot-bottle/,Maxim,Maxim,20210818T194903,"https://www.maxim.com/cdn-cgi/image/width=2365,height=1773,fit=crop,quality=90,gravity=auto,sharpen=1,metadata=none,format=auto,onerror=redirect/wp-content/uploads/2021/10/paco-rabanne-phantom-1.jpg",0.275168,Somewhat-Bullish,0.628277,0.248805,Somewhat-Bullish
AAPL,"Landsea Homes Closes on 80 Homesites For Glendale, Arizona, Community","Landsea Homes has acquired 80 homesites in Glendale, Arizona, for a new community named Marlowe, with construction slated for 2023. The Marlowe community will offer two-story homes ranging from 1,800 to 2,500 square feet, featuring smart home automation powered by Apple HomeKit. Landsea Homes aims to provide high-performance, attainable housing choices in the West Valley of the Phoenix metro area.",https://builderonline.com/land/development/landsea-homes-closes-on-80-homesites-for-glendale-arizona-community_o,Builder Magazine,Builder Magazine,20210818T195404,https://www.builderonline.com/wp-content/uploads/sites/2/2021/marlowe.png?w=1024,0.556787,Bullish,0.729517,0.341013,Somewhat-Bullish
AAPL,"TSMC overtakes Tencent to become Asia's most valuable company, as China crackdown takes a toll","Taiwan Semiconductor Manufacturing Company (TSMC) has surpassed Chinese tech giant Tencent to become Asia's most valuable firm, largely due to Beijing's ongoing regulatory crackdown on its domestic tech sector. While Tencent and Alibaba have seen their market capitalizations plummet, TSMC has benefited from a global semiconductor shortage and increased demand from various industries. TSMC plans to invest $100 billion over the next three years to increase production capacity.",https://www.cnbc.com/2021/08/18/taiwan-tsmc-valuation-overtakes-tencent-amid-chinas-tech-crackdown.html,CNBC,CNBC,20210818T201159,,0.240705,Somewhat-Bullish,0.716699,0.330070,Somewhat-Bullish
AAPL,Universal Electronics' Apple TV remote now available through Deutsche Telekom,"Universal Electronics' (UEI) Apple TV remote, which features traditional buttons and Siri integration, is now being distributed by German telecommunications giant Deutsche Telekom to its MagentaTV subscribers. This remote, initially mistaken for an Apple-designed device, offers dedicated buttons for services like MagentaTV's program guide and utilizes Bluetooth Low Energy and infrared for control, along with Apple's Made for iPhone authentication chip for secure connectivity. It is currently available only through cable partners, not as a standalone purchase, distinguishing it from Apple's own revamped Siri Remote which lacks dedicated service buttons.",https://appleinsider.com/articles/21/08/19/universal-electronics-apple-tv-remote-now-available-through-deutsche-telekom,AppleInsider,AppleInsider,20210818T201800,,0.22131,Somewhat-Bullish,0.957716,0.103482,Neutral
AAPL,"International Coalition Calls on Apple to Abandon Plan to Build Surveillance Capabilities into iPhones, iPads, and other Products","An international coalition of over 90 civil society organizations has urged Apple to abandon its new plans to build surveillance capabilities into iPhones and other products. While Apple states these features are for child protection and reducing CSAM, the coalition argues they pose risks to children, could censor speech, and threaten privacy and security globally. They highlight concerns that the scanning could lead to misidentification, endanger vulnerable youth, and subject Apple to governmental pressure to scan for other ""objectionable"" content.",https://cdt.org/insights/international-coalition-calls-on-apple-to-abandon-plan-to-build-surveillance-capabilities-into-iphones-ipads-and-other-products/,- Center for Democracy and Technology,- Center for Democracy and Technology,20210819T192616,https://cdt.org/wp-content/uploads/2025/01/2025-01-14-CDT-default-image-BLACK-2048x1144-1-1024x572.png,-0.31363,Somewhat-Bearish,0.972607,-0.320191,Somewhat-Bearish
AAPL,IBM Closes New York City Offices Amid Rising Covid-19 Cases,"IBM has temporarily closed its New York City offices to all but essential staff due to a rise in Covid-19 cases in the city, aligning with IBM's health and safety protocols. Despite this, the company is still planning to reopen other U.S. locations by September. This decision comes as the delta variant causes other companies, including Apple, to re-evaluate their return-to-work strategies.",https://finance.yahoo.com/news/ibm-closes-york-city-offices-184248928.html,Yahoo Finance,Yahoo Finance,20210819T202825,,-0.237729,Somewhat-Bearish,0.724398,-0.236355,Somewhat-Bearish
AAPL,"For Long-Term Investors, a QQQ-to-QQQM Switch May Make Sense","The article discusses how long-term investors might benefit from switching from the Invesco QQQ Trust (QQQ) to the Invesco NASDAQ 100 ETF (QQQM) due to QQQM's lower expense ratio. While QQQM is newer and less liquid, its cost savings over time make it an attractive option for buy-and-hold investors seeking exposure to the Nasdaq-100 Index. The Nasdaq-100 Index has consistently outperformed other benchmarks, making both ETFs appealing for growth-oriented portfolios.",https://www.etftrends.com/etf-education-channel/for-long-term-investors-qqq-to-qqqm-switch-may-make-sense/,ETF Trends,ETF Trends,20210819T210617,,0.320439,Somewhat-Bullish,0.615303,0.310288,Somewhat-Bullish
AAPL,Apple’s Proposed Protections Against Child Predators — a Challenge to Privacy?,"Apple announced a new system to identify child predatory content in its photo cloud, sparking varied reactions from law enforcement, child protection groups, and privacy defenders. The system involves on-device scanning of iCloud Photos using an algorithm to detect known child abuse images, raising concerns among critics about potential privacy invasions and governmental pressure to expand surveillance capabilities. The article discusses the technical implementation, immediate reactions, and the broader implications for Apple's long-standing commitment to user privacy amidst new challenges.",https://www.aei.org/technology-and-innovation/apples-proposed-protections-against-child-predators-a-challenge-to-privacy/,American Enterprise Institute - AEI,American Enterprise Institute - AEI,20210820T192604,,-0.045612,Neutral,0.960701,-0.136726,Neutral
AAPL,Big Tech Is in a Perilous Moment. The Stocks Are Unstoppable.,"Despite significant regulatory scrutiny, major tech companies like Apple, Microsoft, Alphabet, Amazon, and Facebook have demonstrated unstoppable stock performance. During the April to June quarter, these five giants collectively generated $332 billion in revenue, a 36% increase year over year, with all reporting better-than-expected profits. Interestingly, most of their stocks sold off slightly after the positive earnings announcements.",https://www.barrons.com/articles/big-tech-apple-microsoft-alphabet-amazon-facebook-stock-51629429127?gaa_at=eafs&gaa_n=AWEtsqfCwor7KrxF5a26pXEzIZaTmsCc-ZPxGJkp2QI_dvlZ78UwU1eXmjbA&gaa_ts=699b606d&gaa_sig=OXXiNYAQpbkUObSWcP1hTPtP7WCwHqAubzF9Db2YiVU1MD1L68ERBabJMp1Ir-sNEOcKEeFM6nrc2g5IMRhQUw%3D%3D,Barron's,Barron's,20210820T194548,,0.318371,Somewhat-Bullish,0.930144,0.338301,Somewhat-Bullish
AAPL,‘Fancy Like’ from Walker Hayes is now an Applebee’s ad,"The viral TikTok song ""Fancy Like"" by Walker Hayes has been integrated into an Applebee's advertisement, showcasing the influence of social media trends on brand marketing. This move highlights how companies are leveraging popular culture to promote their products. The ad follows the song's widespread success on platforms like TikTok.",https://adage.com/article/marketing-news-strategy/fancy-walker-hayes-now-applebees-ad/2359696/,Ad Age,Ad Age,20210823T083000,https://adage.com/resizer/v2/AUSR6TL4RNBGZPG37FBIH3LPCM.jpg?smart=true&auth=ee8c067fe6d55412972b04a7ec0bbc6fb001f7eadd12b7f69559f42cb27100c5&width=1024&height=576,0.082266,Neutral,0.703202,0.110444,Neutral
AAPL,"REMS patient companion app enables faster, easier surveys","Bristol Myers Squibb has developed a new mobile app designed to simplify the survey process for patients taking medications that require Risk Evaluation and Mitigation Strategy (REMS) surveys. The app allows patients to complete these mandatory surveys on their smartphones at their convenience, reducing the burden associated with traditional methods like phone calls. This innovation, born from patient feedback, aims to enhance patient safety by ensuring compliance with FDA mandates while providing a more independent and discreet experience.",https://www.bms.com/life-and-science/news-and-perspectives/rems-patient-companion-app.html,Bristol Myers Squibb,Bristol Myers Squibb,20210823T193220,https://secure.intelligentdatawisdom.com/788945.png,0.30022,Somewhat-Bullish,0.634428,0.209254,Somewhat-Bullish
AAPL,News Taiwan’s TSMC to charter boxship to deliver semiconductor components to US,"Taiwan Semiconductor Manufacturing Co (TSMC) is reportedly in discussions with Wan Hai to charter a containership to transport components for its new Phoenix, Arizona plant from Kaohsiung to the US. This decision follows similar actions by Home Depot and Walmart, with unconfirmed reports suggesting TSMC's chairman has approved chartering an entire vessel for an estimated cost of at least $107 million. The Phoenix plant is expected to begin producing 5-nanometer chips in 2024, as TSMC invests $100 billion over three years to expand its semiconductor fabrication capacity.",https://theloadstar.com/taiwans-tsmc-to-charters-boxship-to-deliver-semiconductor-components-to-us/,The Loadstar,The Loadstar,20210823T201159,https://theloadstar.com/wp-content/uploads/23368798d76fcda78a733cbdcd7e2585-680x0-c-default.jpg,0.280486,Somewhat-Bullish,0.720818,0.300017,Somewhat-Bullish
AAPL,"XRMI ETF Profile: Dividends, Returns (AMEX:XRMI)","This article provides a detailed profile of the Global X S&P 500 Risk Managed Income ETF (XRMI), outlining its key statistics, investment strategy, and performance. It covers the fund's expense ratio, dividend yield, and how it uses an options collar strategy to manage risk and generate income. The profile also lists top holdings, asset allocation, and answers frequently asked questions regarding its dividends, AUM, and performance.",https://www.tradingview.com/symbols/AMEX-XRMI/profile/,TradingView,TradingView,20210824T031028,https://s3-symbol-logo.tradingview.com/global-x--big.svg,0.140834,Neutral,0.615753,0.146722,Neutral
AAPL,"White House to tackle cyber challenges with Apple, IBM, insurance CEOs","The White House is hosting a cybersecurity event bringing together top executives from major tech companies like Apple, IBM, Microsoft, and Google, alongside financial and energy sector leaders and the CEO of Travelers Companies Inc. The discussion will focus on ransomware, critical infrastructure, supply chain security, cybersecurity education, and data breach insurance, aiming to secure public commitments for improved IT security measures and workforce training. The event highlights the unique inclusion of the insurance industry, whose policies are seen as crucial for widespread improvements in cyber defense.",https://www.reuters.com/world/us/white-house-tackle-cyber-challenges-with-apple-ibm-insurance-ceos-2021-08-24/,Reuters,Reuters,20210824T110000,https://www.reuters.com/resizer/v2/6DAA5VF6MFI7PCNLN3GT65MIAM.jpg?auth=4bed80f671b364df6d7cf517f83ef5902387d1bc4b9287498d37ea0c73355f33&width=1080&quality=80,0.105597,Neutral,0.732988,0.135422,Neutral
AAPL,"Tim Cook Became CEO of Apple 10 Years Ago. Here's How Much Money You'd Have If You Invested $1,000 in the Tech Giant the Day He Took Over","This article details the financial success of Apple under Tim Cook's 10-year tenure as CEO. An initial $1,000 investment in Apple when Cook took over would now be worth nearly $13,000, representing a 1,200% return, significantly outperforming the S&P 500. Cook's strategy has focused on leveraging Apple's user base for subscription services, growing the company's market cap from $364.4 billion to $2.45 trillion.",https://www.nbcmiami.com/news/business/money-report/tim-cook-became-ceo-of-apple-10-years-ago-heres-how-much-money-youd-have-if-you-invested-1000-in-the-tech-giant-the-day-he-took-over/2536466/,NBC 6 South Florida,NBC 6 South Florida,20210824T192617,https://media.nbcmiami.com/2021/08/105546354-1541092026456gettyimages-1055500818.jpeg?quality=85&strip=all&resize=320%2C180,0.474294,Bullish,1.000000,0.459283,Bullish
AAPL,Blackstone is merging Liftoff and Vungle to create a Bay Area-based mobile advertising giant,"Blackstone is combining two of its portfolio companies, Liftoff and Vungle, to form a new mobile advertising giant based in the Bay Area. The merged entity will aim to provide a comprehensive suite of services for mobile app developers, covering user acquisition to revenue generation. This move comes as the adtech industry grapples with new privacy controls impacting mobile advertising.",https://www.bizjournals.com/sanjose/news/2021/08/24/blackstone-merges-liftoff-vungle-make-mobile-giant.html,The Business Journals,The Business Journals,20210824T192903,https://media.bizj.us/view/img/12083734/liftoff-founders-harry-robertson-mark-ellis-phil-crosby-in-color*900xx1341-754-170-13.jpg,-0.078904,Neutral,0.734066,-0.445797,Bearish
AAPL,"South Korea set to curb Google, Apple commission dominance","South Korea is poised to pass legislation, dubbed the ""Anti-Google law,"" that would prevent Google and Apple from mandating their proprietary payment systems for in-app purchases, effectively stopping them from levying commissions. This move would make South Korea the first major economy to impose such restrictions on the tech giants, who currently charge up to 30% commission. The legislation has drawn criticism from Apple and industry groups representing U.S. tech companies, who argue it could risk users' privacy, reduce trust in app store purchases, and potentially violate trade commitments.",https://www.reuters.com/technology/skorea-set-curb-google-apple-commission-dominance-2021-08-24/,Reuters,Reuters,20210824T204700,https://www.reuters.com/resizer/v2/6I26V2HL4ZJ3TPAWVXS6D4ET5I.jpg?auth=1ad900cff546ed6adb3d162160b432fd60f33438b660b48b5d8179426dde3629&width=1080&quality=80,-0.223446,Somewhat-Bearish,0.979511,-0.319658,Somewhat-Bearish
AAPL,Global X S&P 500 Tail Risk ETF Holdings,"This article details the holdings of the Global X S&P 500 Tail Risk ETF (XTR), which was established on August 25, 2021, by Global X. The ETF, with $3.96 million in AUM and 504 holdings, focuses on large-cap equities and aims to protect against significant market downtrends by purchasing quarterly Index put options. The primary holdings include major tech companies like NVIDIA, Apple, Microsoft, Amazon, and Alphabet.",https://www.quiverquant.com/etf/Global%20X%20S&P%20500%20Tail%20Risk%20ETF,Quiver Quantitative,Quiver Quantitative,20210825T091059,,0.103095,Neutral,0.736515,0.115714,Neutral
AAPL,Global X NASDAQ 100 Tail Risk ETF Holdings,"This article details the holdings of the Global X NASDAQ 100 Tail Risk ETF (QTR), which was established on August 25, 2021, and focuses on large-cap equities. The ETF aims to mitigate ""tail risk"" by investing in NASDAQ 100 stocks and purchasing quarterly index put options. It lists the top holdings including NVIDIA, Apple, Microsoft, and Amazon, along with recent changes in its portfolio.",https://www.quiverquant.com/etf/Global%20X%20NASDAQ%20100%20Tail%20Risk%20ETF,Quiver Quantitative,Quiver Quantitative,20210825T233957,,0.126142,Neutral,0.712419,0.145676,Neutral
AAPL,Women's Equality Day: How one ETF up nearly 20% this year promotes female empowerment,"Ahead of Women's Equality Day, two prominent female empowerment ETFs, WOMN and SHE, have achieved all-time highs. The Impact Shares YWCA Women's Empowerment ETF (WOMN) is up nearly 19% this year, while the SPDR SSGA Gender Diversity Index ETF (SHE) is up 17%. These thematic ETFs not only promote women's empowerment through their investment criteria but have also outperformed broader market indices like the Russell 1000.",https://www.cnbc.com/2021/08/26/womens-equality-day-how-the-womn-etf-promotes-female-empowerment.html,CNBC,CNBC,20210826T051205,https://image.cnbcfm.com/api/v1/image/106931906-2ED1-ETF-SEG3-082321.jpg?v=1629744493&w=750&h=422&vtcrop=y,0.350385,Bullish,0.629238,0.304335,Somewhat-Bullish
AAPL,"A new type of healing, supported by Apple","Apple's Racial Equity and Justice Initiative has funded VamosVentures, a VC firm that invests in diverse, technology-enabled companies, including SweetBio. SweetBio, a Latinx-founded biotech startup, is developing an advanced wound care product made from Manuka honey to address chronic health issues like diabetic ulcers, particularly impacting communities of color. The article highlights a successful case study and SweetBio's plans for national scaling, supported by Apple and VamosVentures.",https://www.apple.com/newsroom/2021/08/a-new-type-of-healing-supported-by-apple/,Apple,Apple,20210826T192603,,0.421204,Bullish,1.000000,0.401453,Bullish
AAPL,"As It Faces More Scrutiny, Apple Will Reduce App Store Fees If Publishers Provide Apple News Content","Apple announced a new News Partner Program that will reduce its App Store commission from 30% to 15% for news publishers who provide content to Apple News. This initiative comes as Apple faces increasing scrutiny and criticism regarding its App Store fees from developers, competitors, and regulators. To qualify, publishers must supply all their content in Apple's preferred format, provide metadata, and maintain an active presence in markets where Apple News is available.",https://www.nbcphiladelphia.com/news/business/money-report/as-it-faces-more-scrutiny-apple-will-reduce-app-store-fees-if-publishers-provide-apple-news-content/2939191/?noamp=mobile,NBC10 Philadelphia,NBC10 Philadelphia,20210826T192617,https://media.nbcphiladelphia.com/2021/06/106211153-1572383521658gettyimages-1178685494.jpeg?quality=85&strip=all&resize=320%2C180,0.129536,Neutral,1.000000,0.266775,Somewhat-Bullish
AAPL,"Apple settles antitrust case with developers, but it's far from an Epic resolution to App Store monopoly concerns","Apple has settled an antitrust class-action lawsuit brought by developers, making concessions such as allowing developers to communicate alternative purchase options directly with customers outside of apps and increasing price points. While the settlement includes a $100 million fund for small developers and promises more transparency, it is limited to the USA and does not address the core issue of third-party payment systems, which remains central to the ongoing Epic Games lawsuit.",https://www.theregister.com/2021/08/27/apple_vs_cameron_et_al_settlement/,The Register,The Register,20210827T192617,,0.022804,Neutral,1.000000,0.000239,Neutral
AAPL,World's Biggest Stock Indices | Index Fundamentals,"This article explains the key factors that influence the prices of major global stock indices, including the S&P 500, Dow Jones Industrial Average, FTSE 100, and DAX. It highlights how economic growth, dominant sectors, index weighting methodologies, and currency strength play significant roles in their performance. The piece offers a foundational understanding for traders looking to grasp index movements.",https://www.forex.com/ie/trading-academy/courses/mastering-shares-and-indices/prices-of-biggest-indices/,FOREX.com,FOREX.com,20210827T200812,,0.143173,Neutral,0.709771,0.107963,Neutral
AAPL,Amazon acquisitions: What does Amazon own?,"This article details Amazon's extensive acquisition history, highlighting how the company expanded from an online bookstore to one of the world's most valuable companies by acquiring over 100 businesses across various sectors. It lists Amazon's largest acquisitions, such as Whole Foods and MGM, and also touches upon Jeff Bezos's other ventures outside of Amazon, like The Washington Post and Blue Origin. The article emphasizes Amazon's ""need-to-win mentality"" in driving its acquisition strategy.",https://www.forex.com/ie/news-and-analysis/what-does-amazon-own/,FOREX.com,FOREX.com,20210827T200812,https://www.forex.com/-/media/Research/Global/News Analysis/Featured Image/2021/03/Amazon,0.305003,Somewhat-Bullish,0.715379,0.339073,Somewhat-Bullish
AAPL,Tim Cook’s Run as Apple CEO Could End as Early as 2025. Who Will Replace Him?,"This article discusses the potential succession plan for Apple CEO Tim Cook, whose tenure could conclude as early as 2025 after a decade at the helm. It speculates on who might replace him and touches upon other recent Apple news, including a developer lawsuit settlement and plans for a larger Apple Watch.",https://www.bloomberg.com/news/newsletters/2021-08-29/who-will-replace-tim-cook-as-the-next-ceo-of-apple-aapl-ksxiq29z,Bloomberg.com,Bloomberg.com,20210829T192617,https://assets.bwbx.io/images/users/iqjWHBFdfxIU/izHl9bGFsYEI/v1/-1x-1.webp,0.02238,Neutral,0.980585,0.034783,Neutral
AAPL,"Apple buys classical-music service Primephonic, will launch app","Apple Inc. has acquired the classical-music streaming service Primephonic and plans to introduce a dedicated classical music app next year. Primephonic's content will be integrated into Apple Music, and its existing service will cease on September 7th, with subscribers receiving six months of free Apple Music. This acquisition is part of Apple's strategy to enhance Apple Music, which faces strong competition from Spotify.","https://thepeninsulaqatar.com/article/30/08/2021/Apple-buys-classical-music-service-Primephonic,-will-launch-app",The Peninsula Qatar,The Peninsula Qatar,20210830T100400,https://thepeninsulaqatar.com/get/maximage/20210830_1630350419-287336.jpg?1635250003,0.126216,Neutral,0.902021,0.310777,Somewhat-Bullish
AAPL,Forecast for Globalstar (GSAT) Stock Amid Rumored Apple Deal,"Globalstar (GSAT) stock surged on August 30 due to rumors of a potential partnership with Apple to bring satellite communication to the iPhone 13. While the stock has seen significant gains this year and some analysts are bullish on its prospects, others remain cautious. The potential Apple deal is seen as a game-changer that could significantly boost Globalstar's demand.",https://marketrealist.com/p/globalstar-gsat-stock-forecast/,Market Realist,Market Realist,20210830T132500,https://media.marketrealist.com/brand-img/9rfZ4XbHh/0x0/gsat-stock-forecast-1630339925300.jpg,0.395202,Bullish,0.709707,0.285633,Somewhat-Bullish
AAPL,"What’s Up With Apple: Satellite-Capable iPhone, App Settlement and More","Apple Inc. is reportedly integrating low-earth orbit satellite connectivity into the upcoming iPhone 13, enabling calls and texts without cell service, with Globalstar being a potential partner. Separately, Apple reached a settlement with small app developers, allowing them to email customers about alternative payment methods outside of Apple Pay, a concession criticized by some as minor. Additionally, Australia is considering regulating digital wallet providers like Apple as payment providers.",https://247wallst.com/technology-3/2021/08/30/whats-up-with-apple-satellite-capable-iphone-app-settlement-and-more/,24/7 Wall St.,24/7 Wall St.,20210830T194617,https://247wallst.com/wp-content/uploads/2020/03/imageForEntry1-89A.jpg,0.212514,Somewhat-Bullish,0.931968,0.141226,Neutral
AAPL,"Arlo Offers Comprehensive Third-Party Compatibility With Amazon, Apple, Google, Samsung, And Others For Seamless Smart Home Security Experience","Arlo Technologies announced enhanced compatibility for its smart home security systems with major platforms like Amazon Alexa, Apple HomeKit, Google Home Assistant, IFTTT, and Samsung SmartThings. These integrations provide users with seamless control over their Arlo devices through voice commands, notifications, and live video feeds on various smart home devices, reflecting Arlo's commitment to a robust and integrated security experience. The updates aim to offer peace of mind regardless of the user's preferred smart home ecosystem.",https://www.prnewswire.com/news-releases/arlo-offers-comprehensive-third-party-compatibility-with-amazon-apple-google-samsung-and-others-for-seamless-smart-home-security-experience-301365880.html,PR Newswire,PR Newswire,20210831T080100,,0.321881,Somewhat-Bullish,0.687928,0.346436,Somewhat-Bullish
AAPL,Cleaning house: how Google and Yelp handle fake reviews; Tuesday’s daily brief,"This article discusses how Google and Yelp combat fake reviews, highlighting their differing approaches in automated systems, human moderation, and punitive measures. It also covers the shift in Google's title creation for SERPs and the tools SEOs can use to track these changes, as well as Google's substantial payments to Apple to remain the default search engine on Safari. Additionally, the piece touches on the persistent issue of gender stereotypes in advertising despite societal progress.",https://searchengineland.com/cleaning-house-how-google-and-yelp-handle-fake-reviews-tuesdays-daily-brief-374106,Search Engine Land,Search Engine Land,20210831T100000,https://searchengineland.com/wp-content/seloads/2026/01/sel_20_years.jpg,0.094111,Neutral,0.727459,0.139627,Neutral
AAPL,Tech Has Momentum Into Year-End. Time for QQQM.,"The Nasdaq Composite's consistent new highs are drawing attention to the Invesco QQQ Trust (QQQ), but investors should also consider its more cost-effective counterpart, the Invesco NASDAQ 100 ETF (QQQM). Both ETFs track the Nasdaq 100 Index, which has a significant allocation to tech stocks, and analysts are bullish on the sector for the remainder of 2021 following the Federal Reserve's recent messaging. QQQM offers a lower expense ratio of 0.15% compared to QQQ's 0.20%, positioning it well to benefit from renewed investor interest in growth stocks like Apple and Microsoft.",https://www.etftrends.com/etf-education-channel/tech-has-momentum-into-year-end-time-for-qqqm/,ETF Trends,ETF Trends,20210831T200405,https://www.etftrends.com/wp-content/uploads/2025/09/ETF_Education_InvescoQQQ_masthead_overlay_1600x121@2x.png,0.447786,Bullish,0.731769,0.448486,Bullish
AAPL,Zimmer Biomet Announces New Data Supporting Clinical Benefits of mymobility® with Apple Watch® at AAOS 2021,"Zimmer Biomet announced new data at the AAOS 2021 Annual Meeting supporting the clinical benefits of its mymobility® with Apple Watch® remote care management platform. Four studies highlighted that the platform can effectively support patients recovering from knee and hip replacement surgeries. The data suggest that mymobility with Apple Watch provides similar outcomes to traditional care, potentially reduces healthcare utilization, and offers valuable passively collected physical activity data for monitoring recovery.",https://orthospinenews.com/2021/08/31/zimmer-biomet-announces-new-data-supporting-clinical-benefits-of-mymobility-with-apple-watch-at-aaos-2021/,Ortho Spine News,Ortho Spine News,20210831T201649,,0.351118,Bullish,0.716762,0.333281,Somewhat-Bullish
AAPL,Get Ready To Use Your iPhone As ID At The Airport,"Apple's digital ID initiative, allowing users to add their driver's license or state ID to the Wallet app, is launching soon. Arizona and Georgia will be the first states to accept these digital IDs at TSA checkpoints, with other states to follow. This privacy-focused feature aims to simplify identity verification for air travel and other transactions, using biometric authentication for security.",https://www.buzzfeednews.com/article/katienotopoulos/apple-wallet-id-license-tsa,BuzzFeed News,BuzzFeed News,20210901T130100,,0.436989,Bullish,1.000000,0.420384,Bullish
AAPL,Financial services giant Charles Schwab to add 450 jobs in Austin,"Charles Schwab, a major financial services company, announced an expansion in Austin that will create approximately 450 new jobs across various functions, including software development, engineering, and client services. This expansion is part of the company's significant growth in 2021, which saw record net new assets and brokerage accounts, and follows a company-wide 5% pay increase for employees. Schwab joins several other large corporations like Oracle, Apple, Amazon, Facebook, and Google in expanding their presence and job offerings in Austin, leveraging the city's tech talent pool.",https://www.statesman.com/story/business/2021/09/01/austin-jobs-charles-schwab/5669379001/,Austin American-Statesman,Austin American-Statesman,20210901T211142,,0.339895,Somewhat-Bullish,0.639358,0.322462,Somewhat-Bullish
AAPL,Salt adds Universal remote to Apple TV service,"Swiss telco Salt has integrated a Universal Electronics-produced Apple TV remote into its service, designed specifically for Multichannel Video Program Distributors (MVPDs). The remote, launched by Salt in June, combines Bluetooth Low Energy and Infrared for universal control and is also available as a standalone accessory. This collaboration enhances the TV viewing experience for Salt's Apple TV 4K IPTV service customers.",https://www.broadbandtvnews.com/2021/09/02/salt-adds-universal-remote-to-apple-tv-service/,Broadband TV News,Broadband TV News,20210902T112000,,0.560068,Bullish,0.716569,0.424838,Bullish
AAPL,"Apple offers small concession in easing App Store rules for Netflix, others","Apple announced a concession through a settlement with Japan's anti-trust regulator, allowing ""reader"" apps like Netflix and Spotify to link to their websites for user payments, bypassing Apple's 30% App Store fee. This change, effective early next year, aims to address some antitrust concerns but has been criticized by companies like Spotify and Epic Games CEO Tim Sweeney as insufficient, particularly regarding game developers and broader app store policies. The move comes amid increasing global scrutiny and other recent challenges to Apple's App Store rules across various countries.",https://www.reuters.com/technology/apple-says-japan-fair-trade-commission-closes-app-store-investigation-2021-09-02/,Reuters,Reuters,20210902T124200,https://www.reuters.com/resizer/v2/K3DFBHZFFRKR3NN7WL4WKHMZUE.jpg?auth=0871d9b73b535241270c6759b6e4f19243c8a8af687037c704cd3c6a81412363&width=1080&quality=80,0.040341,Neutral,0.971249,-0.118965,Neutral
AAPL,Broadcom forecasts upbeat current-quarter sales on 5G bet,"Broadcom Inc. forecasted fourth-quarter revenue above Wall Street expectations, driven by strong demand for semiconductors due to 5G adoption and hybrid work models. The company's wireless division, including Apple as a major customer, is also expected to benefit from new iPhone launches. Broadcom's diversification into software business has helped mitigate supply chain disruptions.",https://www.reuters.com/technology/broadcom-forecasts-upbeat-current-quarter-sales-2021-09-02/,Reuters,Reuters,20210902T204700,https://www.reuters.com/resizer/vC526lO5BDSaCqZlFD1r_O-zN1k=/1200x628/smart/filters:quality(80)/cloudfront-us-east-2.images.arcpublishing.com/reuters/537365Z5XBPJBNRIV6CFPH2R5I.JPG,0.376857,Bullish,0.716461,0.320366,Somewhat-Bullish
AAPL,"Wearable Devices Market Trend, Growth, Detailed Analysis","The wearable devices market is projected to grow at an impressive CAGR of 18.78% from 2021 to 2028, driven by the increasing penetration of smartphones, internet connectivity, and rising consumer awareness toward physical fitness. Key players in this market include SAMSUNG, Apple Inc., Garmin Ltd., Huawei Technologies Co., Ltd., and Sony Corporation. The market analysis covers various segments such as wrist-wear, eyewear, footwear, and different types of smart textiles, with detailed country-level insights and a look at the impact of COVID-19.",https://www.openpr.com/news/2379458/wearable-devices-market-trend-growth-detailed-analysis,openPR.com,openPR.com,20210903T064200,https://cdn.open-pr.com/U/9/U903887776_g.jpg,0.31032,Somewhat-Bullish,0.843117,0.311539,Somewhat-Bullish
AAPL,Globalstar (GSAT) Stock Forecast 2025—Why It's a Good Investment,"Globalstar (GSAT) stock has surged over 500% in 2021 due to rumors of an Apple partnership for satellite communications in the new iPhone 13. While analysts have varying target prices, the company is seen as a good investment due to potential revenue increases from an Apple deal and the growing demand for satellite services, despite competition from Starlink and AST SpaceMobile.",https://marketrealist.com/p/is-gsat-a-good-stock-to-buy/,Market Realist,Market Realist,20210903T130200,,0.294131,Somewhat-Bullish,0.721284,0.330639,Somewhat-Bullish
AAPL,Toll Brothers plans another high-end neighborhood in Austin area,"Toll Brothers, the nation's 11th-largest homebuilder, is planning another high-end neighborhood in Leander, north of Austin. The company is targeting 112 acres to build 330 luxury homes, with half-million-dollar homes expected to be the focus. This development continues the trend of rapid growth in the Leander area.",https://www.bizjournals.com/austin/news/2021/09/03/toll-brothers-leander-mason-tract-development.html,The Business Journals,The Business Journals,20210903T212634,,0.315266,Somewhat-Bullish,0.607066,0.130233,Neutral
AAPL,College debt crisis drives more students away from four-year schools,"The rising cost of college and the ongoing debt crisis are pushing more students away from traditional four-year universities towards more affordable alternatives like coding boot camps, community colleges, and trade schools. Companies like Apple and Google are also reducing their reliance on college degrees, making alternative education more appealing. Surveys show a significant drop in high school students planning to attend four-year schools, with many prioritizing career training and financial viability.",https://www.cnbc.com/2021/09/05/college-debt-crisis-drives-more-students-away-from-four-year-schools.html,CNBC,CNBC,20210905T190410,https://image.cnbcfm.com/api/v1/image/106662967-GettyImages-1145577053-jpg?v=1597357787&w=750&h=422&vtcrop=y,0.165311,Somewhat-Bullish,0.634895,0.143393,Neutral
AAPL,Garmin Venu 2S review: Stylish fitness watch packed with features,"The Garmin Venu 2S is reviewed as a stylish fitness watch, particularly appealing to women due to its elegant design and 40mm dial. While praised for its AMOLED display, extensive fitness tracking features (including GPS, pulse oximeter, and heart rate monitoring), solid battery life, and Spotify integration, the review notes some issues with inaccurate swim distance tracking and an at times confusing user interface with notifications. Despite these minor drawbacks and its premium price of Rs 37,990, the Venu 2S is recommended for hardcore fitness enthusiasts.",https://indianexpress.com/article/technology/tech-reviews/garmin-venu-2s-review-7491851/,The Indian Express,The Indian Express,20210906T185600,https://images.indianexpress.com/2021/09/Garmin_Venu2S_LEAD_NEW.jpg?w=1600,0.195063,Somewhat-Bullish,0.739951,0.093077,Neutral
AAPL,"Alphabet, Tesla and Amazon are among the most favourite stocks held by US-focused mutual funds. Here are top 10 stocks","This article identifies Alphabet, Tesla, and Amazon as top stock holdings among U.S.-focused mutual funds available to Indian investors. It details 10 such mutual funds, highlighting their investment strategies, underlying assets, and historical performance. The funds provide Indian investors exposure to leading US companies and geographical diversification.",https://www.moneycontrol.com/news/photos/business/personal-finance/bse-and-nse-to-enable-access-to-select-us-stocks-here-are-top-10-stocks-held-by-us-focused-mutual-funds-7387001.html,Moneycontrol,Moneycontrol,20210906T200600,,0.31348,Somewhat-Bullish,0.779687,0.380572,Bullish
AAPL,Lennox announces new integration of its iComfort thermostat,"Lennox has expanded the compatibility of its iComfort thermostats to integrate with various smart home automation platforms, including premium systems like Control4 and popular virtual assistants such as Amazon Alexa, Apple HomeKit, Google Assistant, and IFTTT. This integration allows users to manage their Lennox heating and cooling systems through a wider range of smart home devices, offering enhanced convenience and control over their indoor environment. Control4 customers with Lennox HVAC systems and iComfort S30, E30, or M30 thermostats can request integration through their dealer, enabling centralized control from their smart home system.",https://www.acrlatinoamerica.com/en/news/latest-news/348-enterprises/16671-lennox-announces-new-integration-of-its-icomfort-thermostat.html,ACR Latinoamérica,ACR Latinoamérica,20210906T204153,,0.293335,Somewhat-Bullish,0.646628,0.214314,Somewhat-Bullish
AAPL,"S&P 500 ends down, Big Tech lifts Nasdaq to record","The S&P 500 closed lower on Tuesday, while the Nasdaq reached a record high, driven by Big Tech stocks amidst investor concerns about a slowing economic recovery. The article highlights that while Apple and Netflix hit record highs, broader market sectors declined due to worries about the Delta variant and lukewarm employment data. Morgan Stanley also downgraded U.S. stocks, anticipating a bumpy period ahead.",https://www.reuters.com/business/sp-500-ends-down-big-tech-lifts-nasdaq-record-2021-09-07/,Reuters,Reuters,20210907T183757,https://www.reuters.com/resizer/v2/https%3A%2F%2Fcloudfront-us-east-2.images.arcpublishing.com%2Freuters%2F2CHGONAAYRJFDMLNI4ZZ3I46PM.jpg?auth=6615d7b2eef7ac95659fa629a2bca9fe4c2b2aea8ae0366a3a3a946aaa352993&width=1920&quality=80,0.045895,Neutral,0.752395,0.403283,Bullish
AAPL,Stryker Acquires Med Device Company Gauss Surgical,"Stryker announced its acquisition of Gauss Surgical, a medical device company known for its AI-enabled Triton platform that monitors blood loss during surgery. The Triton system utilizes artificial intelligence and mobile technology to provide real-time, accurate blood loss measurements, which has been shown to improve maternal and surgical care by enabling earlier recognition and intervention of hemorrhage. Financial terms of the acquisition were not disclosed.",https://hitconsultant.net/2021/09/07/stryker-acquires-gauss-surgical/,HIT Consultant,HIT Consultant,20210907T212144,,0.380944,Bullish,0.631734,0.309001,Somewhat-Bullish
AAPL,Stryker buys Gauss Surgical for its AI tech that tracks blood loss during childbirth,"Stryker has acquired Gauss Surgical for its AI-powered Triton system, which tracks blood loss during surgery and childbirth to help prevent postpartum hemorrhaging. The Triton system uses an iPhone app and computer vision to measure blood loss from sponges, towels, and fluid canisters, alerting caregivers to dangerous situations. Following the acquisition, Gauss's home diagnostic efforts, including a smartphone-paired rapid antigen test for COVID-19, will be spun off into a new separate company called Exa Health.",https://www.fiercebiotech.com/medtech/stryker-buys-gauss-surgical-for-its-ai-tech-aimed-at-blood-loss-childbirth,Fierce Biotech,Fierce Biotech,20210908T110800,,0.410019,Bullish,0.625813,0.308501,Somewhat-Bullish
AAPL,"Focal Point Names Scott Pomerantz, formerly of Global Locate and Broadcom, as CEO","Focal Point Positioning, a UK-based deep tech startup, has appointed Scott Pomerantz as its new CEO. Pomerantz, who founded Global Locate and later sold it to Broadcom, brings 30 years of experience in positioning and semiconductors. Focal Point's Supercorrelation technology aims to improve GPS chip performance in various devices, and Pomerantz will lead the company's efforts to scale up technical support, customer integration, and commercialization.",https://insidegnss.com/focal-point-names-scott-pomerantz-formerly-of-global-locate-and-broadcom-as-ceo/,Inside GNSS,Inside GNSS,20210908T183953,https://insidegnss.com/wp-content/uploads/2021/09/Scott-Pomerantz.jpg,0.123756,Neutral,0.745503,0.111683,Neutral
AAPL,รุ่นพี่ปะทะรุ่นน้อง QQQ ETF กับ QQQJ ETF,"This article compares two Invesco ETFs, QQQ and QQQJ, which both track the NASDAQ-100 Index. QQQ invests in the top 100 large-cap technology companies on Nasdaq, while QQQJ (NASDAQ Next Gen 100 ETF) focuses on companies ranked 101-200. The article highlights differences in expense ratios, fund size, and investment diversification, noting that QQQJ has shown better one-year returns, while QQQ has performed better year-to-date, with QQQJ exhibiting higher volatility.",https://www.finnomena.com/wealthguru/qqq-and-qqqj/,Finnomena,Finnomena,20210908T191325,https://scontent.finnomena.com/sites/1/2021/09/7d61e3f3-241218639_3162872883936088_3720259476427681812_n.jpg,0.266471,Somewhat-Bullish,0.611310,0.326693,Somewhat-Bullish
AAPL,PayPal deepens its buy-now-pay-later push with acquisition of Japan’s Paidy for $2.7 billion,"PayPal has announced its acquisition of Japanese buy-now-pay-later (BNPL) startup Paidy for 300 billion yen ($2.7 billion) to strengthen its presence in the BNPL market, particularly in Japan. Paidy allows consumers to make online purchases and pay in installments at convenience stores, catering to Japan's cash-centric economy. This acquisition follows other significant BNPL deals in the industry, highlighting the growing global trend of flexible payment options.",https://fortune.com/2021/09/08/paypal-acquires-paidy-japan-buy-now-pay-later/,Fortune,Fortune,20210908T210608,,0.275171,Somewhat-Bullish,0.633334,0.232936,Somewhat-Bullish
AAPL,"Find Lost Items at Home with Alexa, Google, Xfinity, and Siri","This article provides guidance on how to locate lost items within a home using various smart assistants such as Alexa, Google, Xfinity, and Siri. It covers different methods and tips for leveraging these technologies to find misplaced belongings.",https://www.life360.com/blog/finding-is-even-easier-with-smart-help,Life360,Life360,20210909T190344,,0.105574,Neutral,0.707735,0.102898,Neutral
AAPL,"Apple can’t force developers to use its in-app payment system, federal judge rules","A federal judge ruled that Apple Inc. can no longer compel developers to use its in-app payment system, allowing them to bypass commission fees of 15% to 30%. This decision, stemming from the Epic Games Inc. case, could significantly alter how apps are distributed by dominant online platforms like Apple, Alphabet Inc. (Google), and Amazon.com Inc. However, the ruling stopped short of declaring Apple an antitrust monopolist.",https://www.marketwatch.com/story/apple-must-allow-other-in-app-purchases-on-app-store-judge-ruling-11631291223?gaa_at=eafs&gaa_n=AWEtsqfql3I9l-KYVjVqTnr3q4ZKdM6xjXY8wK5p5M1tktQ-gnK-98EoZHfy&gaa_ts=6907b396&gaa_sig=j6ReqBv-BHFZDFoZ-aJ3HEA0Zs7qVekpa745a16WH3DkmHysIQgOa9jtAaY9va74TcP7ruPHc9Tf-yh1SFXN-Q%3D%3D,MarketWatch,MarketWatch,20210910T122600,,-0.208128,Somewhat-Bearish,1.000000,-0.433874,Bearish
AAPL,The 10 Richest People on Wall Street and How to Invest in Them,"This article identifies the ten wealthiest individuals on Wall Street, based on Forbes' Real Time Billionaires list, and offers strategies for investors to potentially emulate their success. It suggests methods like investing in their publicly traded vehicles, analyzing their 13F SEC filings, or focusing on their core investment philosophies. The article details each billionaire's background, key holdings, and how individual investors might gain exposure to their strategies.",https://investorplace.com/2021/09/the-10-richest-people-on-wall-street-and-how-to-invest-in-them/,InvestorPlace,InvestorPlace,20210910T123800,https://investorplace.com/wp-content/uploads/2019/07/wall-street-sign-buildings-768x432.jpg,0.267482,Somewhat-Bullish,0.664930,0.412927,Bullish
AAPL,Epic Games court ruling unlikely to seriously damage Apple's services business,"A court ruling in the Epic Games case allows iPhone apps to link to external payment systems, bypassing Apple's in-app purchase cut. Despite Apple's stock drop, analysts believe the financial impact will be limited because developers cannot build alternative payment mechanisms directly into apps, and consumers may still prefer Apple's easier in-app payments. The ruling is seen as a victory for Apple as it did not challenge their right to control software on their store or declare them a monopoly, while preserving the significant profit engine of their services business.",https://www.cnbc.com/2021/09/10/epic-games-court-ruling-unlikely-to-seriously-damage-apples-services-business.html,CNBC,CNBC,20210910T184700,https://image.cnbcfm.com/api/v1/image/106940092-16312895071631289505-18597075296-1080pnbcnews.jpg?v=1631289506&w=750&h=422&vtcrop=y,0.131094,Neutral,1.000000,0.136425,Neutral
AAPL,Single Stocks & ETFs Do Mix,"This article discusses how single stocks and ETFs can both have a place in an investment portfolio. It highlights the similarities and differences, emphasizing the importance of considering overall portfolio concentration when adding individual stocks. The author also weighs the pros and cons, such as lower costs for single stocks versus the diversification and professional management benefits of ETFs.",https://www.etf.com/sections/news/single-stocks-etfs-do-mix,ETF.com,ETF.com,20210910T191814,,0.10191,Neutral,0.731316,0.344327,Somewhat-Bullish
AAPL,Renate Nyborg becomes Tinder’s first female CEO,"Match Group Inc. has appointed Renate Nyborg as the new chief executive officer of Tinder, making her the dating app's first female CEO since its inception in 2012. Nyborg, who previously led Tinder's operations in Europe, Middle East, and Africa, will succeed Jim Lanzone. Her appointment is effective September 27 and she will report to Match CEO Shar Dubey.",https://fortune.com/2021/09/10/renate-nyborg-becomes-tinder-first-female-ceo-match-group/,Fortune,Fortune,20210910T204748,,0.162567,Somewhat-Bullish,0.629985,0.130322,Neutral
AAPL,"Apple, Google, Amazon spying on you, lawsuits claim","Lawsuits allege that Apple, Google, and Amazon are spying on users through their voice assistants, recording private conversations and sharing them with advertisers. A class-action lawsuit against Apple's Siri has been greenlit by a federal judge, with similar claims made against Google and Amazon. The companies deny these allegations, stating that recordings are only kept with user consent or to improve service, and offer options for users to manage their privacy settings.",https://www.foxbusiness.com/technology/apple-google-amazon-spying-lawsuits,Fox Business,Fox Business,20210912T185544,https://a57.foxnews.com/cf-images.us-east-1.prod.boltdns.net/v1/static/854081161001/ea64bc04-d3c8-48f8-9f91-96c3ed227530/a2e2fae1-6d80-4031-9230-bbf3bede99e4/1280x720/match/image.jpg,-0.211855,Somewhat-Bearish,0.953431,-0.223866,Somewhat-Bearish
AAPL,Secret to Apple’s iPhone Sales Boom: Big 5G Deals From Wireless Carriers - WSJ,"Apple's recent surge in iPhone sales is largely attributed to aggressive 5G promotions by wireless carriers like Verizon, AT&T, and T-Mobile. These carriers have offered substantial subsidies to encourage customers to upgrade to 5G-capable iPhones and utilize their new high-speed networks. The article questions how long these costly carrier battles will continue to fuel iPhone sales as Apple prepares to unveil new 5G-enabled models.",https://www.wsj.com/business/telecom/secret-to-apples-iphone-sales-boom-big-5g-deals-from-wireless-carriers-11631448003?gaa_at=eafs&gaa_n=AWEtsqcBf0T9IeXf-pSHxW6SteYsrFn5Aedzb-Io_2hD4yw11ENPzp9_F_BU&gaa_ts=699b5a31&gaa_sig=8WJclIe6SXcvwb6FsLfDxwZP6NA37SLwoOeubmrZAmernQBgLkz9_oP_huwXRSgidWfZ2dpuJjYs4ibckudm9g%3D%3D,The Wall Street Journal,The Wall Street Journal,20210912T191910,,0.21194,Somewhat-Bullish,0.932963,0.334925,Somewhat-Bullish
AAPL,Secret to Apple’s iPhone Sales Boom: Big 5G Deals From Wireless Carriers,"Apple's iPhone sales have seen a boom since the introduction of 5G-capable models, largely driven by aggressive promotional offers from wireless carriers. Major carriers like Verizon, AT&T, and T-Mobile have implemented substantial subsidies to retain customers and encourage upgrades to their 5G services. As Apple prepares to unveil new 5G iPhones, a key question remains about the sustainability of these carrier incentives in fueling iPhone sales.",https://www.wsj.com/business/telecom/secret-to-apples-iphone-sales-boom-big-5g-deals-from-wireless-carriers-11631448003?gaa_at=eafs&gaa_n=AWEtsqdNKL1XMkftp4pheP3S-lGM0afzBUN_FsgY8MislmpfmtV9KU4idAqN&gaa_ts=6907cec6&gaa_sig=Od3-FuogjrKlSPy9INTMtFqwRaPh5HkW-c5Q-OtohVLpxbQ8-976JuYpfmjjzzxSbk6SzPFal3-zcXMMj7w7iA%3D%3D,The Wall Street Journal,The Wall Street Journal,20210912T212241,,0.188569,Somewhat-Bullish,0.929150,0.302365,Somewhat-Bullish
AAPL,How Navi's FoF on Vanguard US Total Stock Market ETF could add value to your portfolio,"Navi Mutual Fund has filed for a new Fund of Fund (FoF) that will invest in the Vanguard Total Stock Market Index Fund ETF (VTI), a passively managed US-based ETF with a very low expense ratio. This FoF will allow Indian investors to access the broad US equity market, including companies typically unavailable in India, potentially adding value due to low correlation with the Indian market. However, investors should be aware of debt fund taxation rules for international funds.",https://www.moneycontrol.com/news/photos/business/personal-finance/how-navis-fof-on-vanguard-total-stock-market-etf-adds-value-to-your-portfolio-7449981.html,Moneycontrol,Moneycontrol,20210913T094200,,0.346313,Somewhat-Bullish,0.703385,0.345056,Somewhat-Bullish
AAPL,Apple fixes flaw exploited by Israeli firm’s Pegasus spyware,"Apple has released software updates to patch a critical security flaw in its Messages app that was reportedly exploited by NSO Group's Pegasus spyware. This ""zero-click"" vulnerability allowed hackers to access devices without user interaction, affecting iPhones, iPads, Macs, and Apple Watches. The flaw was discovered by Citizen Lab, which stated it was used to target a Saudi activist's device.",https://www.aljazeera.com/economy/2021/9/13/apple-fixes-flaw-exploited-by-israeli-firms-pegasus-spyware,Al Jazeera,Al Jazeera,20210913T104000,,0.061778,Neutral,1.000000,0.145660,Neutral
AAPL,"Ford hires former Lowe's, Home Depot executive as chief digital and information officer","Ford Motor Co. has appointed Mike Amend, formerly of Lowe's Companies Inc., as its new chief digital and information officer to lead the company's technology and software platforms. This strategic hire aligns with CEO Jim Farley's vision to transform Ford through electrification and advanced technologies, leveraging Amend's experience in e-commerce and digital growth from his previous roles at Lowe's, JCPenney, and Home Depot. Amend will work alongside Hau Thai-Tang and recent hire Doug Field to drive Ford's technological initiatives and develop new software solutions.",https://www.detroitnews.com/story/business/autos/ford/2021/09/13/ford-hires-ex-lowes-official-chief-digital-and-information-officer/8315975002/,The Detroit News,The Detroit News,20210913T185648,,0.234344,Somewhat-Bullish,0.633640,0.134988,Neutral
AAPL,Apple loses (and wins) rulings in 'home button' patent dispute,"A U.S. court has affirmed Apple's win in invalidating parts of one fingerprint-authentication patent held by Korean company Firstface Co Ltd, while simultaneously upholding two other Firstface patents that Apple had challenged. The dispute centers on ""home buttons"" or ""home keys"" that wake devices and authenticate users via fingerprints. This mixed ruling comes after Firstface sued Apple and Samsung in 2018 for infringing these patents.",https://www.reuters.com/legal/litigation/apple-loses-wins-rulings-home-button-patent-dispute-2021-09-13/,Reuters,Reuters,20210914T030800,https://www.reuters.com/resizer/v2/H5PIE5GG4NIXLMUIUHAH54RTKY.jpg?auth=9e60b95ba1e7a3f45503635a715c2f4db45ac4c3bfd7b0bc2837b6d29f056c97&width=1920&quality=80,0.037048,Neutral,1.000000,0.010090,Neutral
AAPL,"Redesigned Sonos Beam supports Dolby Atmos, eARC","Sonos has redesigned its Beam soundbar, now in its second generation, to include Dolby Atmos support and HDMI eARC connectivity. The newer model retains the compact size of its predecessor but features a faster CPU for virtualized Dolby Atmos height effects and an updated polycarbonate grille. Shipping October 5 for $449, it will also support lossless and Dolby Atmos Music from Amazon Music.",https://www.techhive.com/article/579684/sonos-beam-soundbar-second-generation-unveiled.html,TechHive,TechHive,20210914T060000,https://www.techhive.com/wp-content/uploads/2023/04/sonos-beam-second-generation-lifestyle-100902401-orig.jpeg?quality=50&strip=all&w=1024,0.260192,Somewhat-Bullish,0.585166,0.122587,Neutral
AAPL,"Apple reveals iPhone 13 lineup, iPad Mini price increase and larger Apple Watch","Apple Inc. unveiled its new lineup of devices for the holiday shopping season, including the iPhone 13, a more expensive iPad Mini, and a new Apple Watch with a larger screen. The announcement comes as the most valuable U.S. public company aims to focus on the busy holiday period rather than its ongoing regulatory challenges. These annual product reveals typically precede the holiday shopping frenzy.",https://www.marketwatch.com/story/apple-iphone-event-new-ipads-include-a-price-increasefor-ipad-mini-11631640927?gaa_at=eafs&gaa_n=AWEtsqeGVaGz6yd7JL_Tbmq68ypTuBHgGR4h35RDL_0gyev4vEh-Wco7d0Jt&gaa_ts=6907b39b&gaa_sig=W9b3LBTe1uaa5w3yAtDviFgqZjXQh7hgAHhCEg7dv21GtbA6L6JDpRcb4byoyuZC7hGMJsVfbQ1E_mZd-af9hQ%3D%3D,MarketWatch,MarketWatch,20210914T133500,,0.308051,Somewhat-Bullish,1.000000,0.326093,Somewhat-Bullish
AAPL,"Goldman Sachs appoints Coleman as new CFO, replacing Scherr","Goldman Sachs Group Inc. announced that Denis Coleman will replace Stephen Scherr as Chief Financial Officer at year-end. Coleman, currently co-head of the global financing group, will assume the deputy CFO role immediately. Scherr, who has been CFO since November 2018, will remain until the end of the year and formally retire at the end of January.",https://www.reuters.com/business/finance/goldman-sachs-appoints-coleman-new-cfo-replacing-scherr-2021-09-14/,Reuters,Reuters,20210914T154200,"https://www.reuters.com/resizer/v2/TJKX3K5N3VPPNO5V7B75VCPH5A.JPG?quality=80&format=webp&width=623&height=415&unsharp=1:999,1:999,1:999",0.106993,Neutral,0.645212,0.131793,Neutral
AAPL,Apple’s Newest iPhone Comes With a $0 Price Tag Again at AT&T,"AT&T (T) is offering a new iPhone 13 Pro for free to new and existing customers with qualifying trade-ins and unlimited data plans, a deal valued at up to $1,000. This move marks a second year of giveaways for the carrier, aiming to extend subscriber growth and gain market share following the debut of Apple Inc.'s (AAPL) newest phones. T-Mobile US Inc. and Verizon Communications Inc. are also offering similar competitive deals, matching or providing substantial credits towards the new iPhone 13 models.",https://www.bloomberg.com/news/articles/2021-09-14/apple-s-newest-iphone-comes-with-a-0-price-tag-again-at-at-t,Bloomberg.com,Bloomberg.com,20210914T181800,,0.306939,Somewhat-Bullish,0.914533,0.312709,Somewhat-Bullish
AAPL,Here's everything Apple just announced at its iPhone 13 event,"Apple held its fall product event, unveiling the new iPhone 13 lineup, Apple Watch Series 7, and updated iPad and iPad mini models. Key improvements across the new iPhones include smaller notches, bigger batteries, and enhanced camera features, while the new Apple Watch boasts a larger display. The event also highlighted the international expansion of Apple Fitness+ and the upcoming iOS 15 release.",https://www.cnbc.com/2021/09/14/apple-event-iphone-live-updates.html,CNBC,CNBC,20210914T183557,,0.04785,Neutral,0.307793,0.000438,Neutral
AAPL,Apple offers iPhone 13 in four models,"Apple unveiled its new iPhone 13 lineup, offering four models with modest upgrades from previous versions, including an option for 1 terabyte of storage. Despite recent controversies for Apple, the new iPhones are expected to boost sales and continue the company's strong performance, although initial investor reaction was subdued. The company also previewed its next Apple Watch.",https://www.fox5ny.com/news/apple-unveils-iphone-13,FOX 5 New York,FOX 5 New York,20210914T183557,https://images.foxtv.com/static.fox5ny.com/www.fox5ny.com/content/uploads/2021/09/764/432/Apple_iPhone_13Pro_colors.jpg?ve=1&tl=1,0.037852,Neutral,1.000000,0.027753,Neutral
AAPL,The rise of the customer innovation center,"Customer innovation centers (CICs) are evolving from traditional customer experience centers (CECs) to provide more experiential and memorable B2B engagements, addressing the historical lag in B2B customer experience compared to B2C. These new CICs focus on building brand identity, generating excitement through storytelling, reimagining the ""new office"" for hybrid workforces, and embedding constant change through accessible communication ecosystems. With the incorporation of hybrid compatibility and AI-experience curation, CICs are poised to become a critical component of experiential marketing, pushing creativity and connectivity for brands.",http://www.thedrum.com/opinion/the-rise-the-customer-innovation-center,The Drum,The Drum,20210914T184052,https://thedrum-media.imgix.net/thedrum-prod/s3/news/tmp/666306/belden_cic_launch_1.png?w=940&ar=default&fit=crop&crop=faces&auto=format,0.342564,Somewhat-Bullish,0.619789,0.348905,Somewhat-Bullish
AAPL,Doraville’s ‘Studio City’ developer gobbles up pioneering Third Rail Studios,"Gray Television, the developer behind Doraville's ""Studio City"" project, has acquired Third Rail Studios for $27.5 million. Third Rail Studios, a 70,000-square-foot film center that opened in 2015, was the first vertical component at the former Assembly Yards site and has hosted productions for Netflix, NBC, and Warner Bros. The acquisition is part of Gray Television's plan to transform the former General Motors plant into a 127-acre ""Studio City,"" aiming to be the largest melding of TV/film production and mixed-use development in Georgia.",https://atlanta.urbanize.city/post/doravilles-studio-city-developer-gobbles-pioneering-third-rail-studios,Urbanize Atlanta,Urbanize Atlanta,20210914T185621,https://atlanta.urbanize.city/sites/default/files/styles/2018_article_image_1140x538/public/background/2021-09/Studio%20City%20Doraville%20Gray%20Television.png?itok=IcRrZdmZ,0.183167,Somewhat-Bullish,0.624909,0.121220,Neutral
AAPL,"Apple reveals Apple Watch Series 7, featuring the largest, most advanced display","Apple announced the Apple Watch Series 7, featuring a reengineered Always-On Retina display with significantly more screen area and thinner borders, making it the largest and most advanced display ever. The new series boasts enhanced durability, faster charging, new aluminum case colors, and runs on watchOS 8. It also introduces new workout types, improved fall detection for cycling, and expands Apple Fitness+ to more countries.",https://www.apple.com/in/newsroom/2021/09/apple-reveals-apple-watch-series-7-featuring-the-largest-most-advanced-display/,Apple,Apple,20210914T192603,,0.295158,Somewhat-Bullish,1.000000,0.446530,Bullish
AAPL,"AT&T to offer all-new iPhone 13 Pro, iPhone 13 Pro Max, iPhone 13, iPhone 13 mini, iPad, and iPad mini with Orders Starting on Friday, September 17","AT&T announced it will offer the new iPhone 13 lineup, including the iPhone 13 Pro, Pro Max, 13, and 13 mini, alongside the 9th generation iPad and new iPad mini. Pre-orders begin September 17th, with availability on September 24th. The company highlights its 5G network and special offers, including deals for new and existing customers and services like AT&T Right To You for device setup.",https://www.prnewswire.com/news-releases/att-to-offer-all-new-iphone-13-pro-iphone-13-pro-max-iphone-13-iphone-13-mini-ipad-and-ipad-mini-with-orders-starting-on-friday-september-17-301377015.html,PR Newswire,PR Newswire,20210914T204000,,0.43483,Bullish,0.927929,0.423691,Bullish
AAPL,"A free iPhone 13? Wireless carriers’ subsidies could make it happen, with some catches","Wireless carriers like AT&T, Verizon, and T-Mobile are once again offering significant discounts, potentially even a free iPhone 13, to attract new customers. This strategy, which resumed last year, aims to leverage the appeal of Apple’s new smartphones to shore up customer bases as 5G network access expands. While the iPhone 13 lineup offers few new features, the aggressive carrier subsidies are expected to drive sales.",https://www.marketwatch.com/story/a-free-iphone-13-wireless-carriers-subsidies-could-make-it-happen-with-some-catches-11631668462?gaa_at=eafs&gaa_n=AWEtsqfzs5PWYEOHtxzya9eYhPrn18w9eDavAJ4NsmtaRtDEAXBF0emWjvKD&gaa_ts=6907cec6&gaa_sig=NSaHCQhhNou8-trFbz9bDeyt5ppuBewnLtizP6ZJBg2AsREIXEATqyeB3eJ6vFrC_F27ukBaDBOXRILGrPMqmg%3D%3D,MarketWatch,MarketWatch,20210914T211400,,0.242761,Somewhat-Bullish,0.746373,0.210280,Somewhat-Bullish
AAPL,"Apple's new iPhone 13 touts faster 5G, sharper cameras to spur trade-ins","Apple unveiled the iPhone 13 and a new iPad mini, featuring faster 5G, improved cameras, and a more powerful A15 Bionic chip, without increasing the phone's price. Though no revolutionary features were announced, analysts expect these upgrades, coupled with significant trade-in incentives from wireless carriers, will encourage customers to upgrade their older Apple devices. The company also updated its Apple Watch and base-model iPad, aiming to strengthen customer loyalty within its ecosystem despite recent regulatory scrutiny on its business practices.",https://www.reuters.com/technology/apple-expected-unveil-new-iphones-part-5g-push-2021-09-14/,Reuters,Reuters,20210914T230500,https://www.reuters.com/resizer/v2/XD6CJKT5MNONFKQVKD3KXLWANM.jpg?auth=b162dfe5c7aa779ed9919ea9c6be6dbade7de78296b6e9b9cb4113ded3eaa1ed&width=1080&quality=80,0.144544,Neutral,1.000000,0.147394,Neutral
AAPL,Apple* and John Deere* shareholders file resolutions questioning their anti-repair stances,"Shareholders of Apple and John Deere have filed resolutions questioning the companies' anti-repair policies. Green Century Capital Management, an affiliated mutual fund company, cites concerns about anti-competitive practices, environmental sustainability, and the companies' stances creating risks for shareholders due to potential regulation and brand damage. The article highlights that despite lobbying efforts, pressure for Right to Repair reforms is growing from government and state legislatures.",https://pirg.org/missouri/foundation/articles/apple-and-john-deere-shareholders-file-resolutions-questioning-their-anti-repair-stances/,PIRG,PIRG,20210915T184740,https://publicinterestnetwork.org/wp-content/uploads/2021/06/Apple-Store_CCFlickr_Niels-Epting.jpg,-0.229118,Somewhat-Bearish,1.000000,-0.277925,Somewhat-Bearish
AAPL,An Extremely Simple 3 ETF Portfolio to Consider,"This article proposes a simple three-ETF portfolio for long-term investors who prefer not to engage in individual stock analysis. The suggested ETFs are the Vanguard Total Stock Market Index Fund (VTI), the Vanguard FTSE All-World ex-US Index Fund ETF Shares (VEU), and the Vanguard Total Bond Market Index Fund ETF Shares (BND). The author highlights VTI's objective to track the US stock market and details its top holdings, current price, and expense ratio.",https://medium.datadriveninvestor.com/an-extremely-simple-3-etf-portfolio-to-consider-3572d8dcfee0,DataDrivenInvestor,DataDrivenInvestor,20210915T195137,,0.186085,Somewhat-Bullish,0.620942,0.147705,Neutral
AAPL,Goldman Sachs to acquire GreenSky for $2.24 billion,"Goldman Sachs Group Inc. has agreed to acquire GreenSky Inc. for approximately $2.24 billion, integrating the fintech company into its Marcus consumer-banking platform. This acquisition will add GreenSky's payment plan services for home-improvement and healthcare needs, along with its network of over 10,000 merchants. The deal aims to expand Goldman's consumer-banking offerings and reach new customers through merchant partnerships.",https://fortune.com/2021/09/15/goldman-sachs-to-acquire-greensky-for-2-24-billion/,Fortune,Fortune,20210915T202231,,0.155288,Somewhat-Bullish,0.724414,0.106300,Neutral
AAPL,Shares of this obscure chip component supplier have surged by over 1200% in the past three years,"Shares of Nan Ya Printed Circuit Board Corp., an obscure Taiwanese company that supplies essential Ajinomoto build-up film (ABF) substrates for chipmaking, have surged over 1200% in the past three years. This surge is due to ABF substrate becoming a critical bottleneck in the semiconductor industry, with supply expected to remain constrained until at least 2025. Major tech companies are struggling to secure enough of this component, leading to increased profits and investment for substrate manufacturers.",https://fortune.com/2021/09/16/chip-shortage-supplier-component-abf-substrate-shares/,Fortune,Fortune,20210916T123700,https://fortune.com/img-assets/wp-content/uploads/2025/10/GettyImages-1778707567_9edfae-e1761768890427.jpg?format=webp&w=1440&q=100,0.178605,Somewhat-Bullish,0.637185,-0.140141,Neutral
AAPL,Apple Pay: Usuarios logran enrolar tarjetas de crédito del Banco de Chile,"Clients of Banco de Chile successfully enrolled their credit cards with Apple Pay by changing their device's region to the United States. This unexpected integration suggests an imminent official launch of Apple Pay in Chile, despite the bank later blocking the enrollment possibility and declining to comment. The temporary success and subsequent notification indicate a direct, albeit unofficial, link between Banco de Chile and Apple's payment platform.",https://chocale.cl/2021/09/apple-pay-tarjetas-credito-banco-de-chile/,Chócale,Chócale,20210916T184046,https://i0.wp.com/chocale.cl/wp-content/uploads/2021/09/banco-chile-apple-pay-chile.jpg?resize=800%2C500&ssl=1,0.232145,Somewhat-Bullish,0.942517,0.314177,Somewhat-Bullish
AAPL,GUC supports TSMC's 3nm technology at 0.75V ...,"Taiwanese ASIC company GUC has developed a design flow for TSMC’s N3 3nm CMOS process, partnering with EDA vendors like Synopsys, Cadence, and Siemens EDA. GUC has also completed key N3 design elements, including a Computing Engine operating at 0.75V and customized low-power cells. The company is now working on N3 test chips and porting its IP, like its 5nm GUC-Link 3D interconnect, to 3nm.",https://www.eenewseurope.com/en/guc-supports-tsmcs-3nm-technology-at-0-75v/,eeNews Europe,eeNews Europe,20210916T184409,https://ee.cdnartwhere.eu/wp-content/uploads/import/default/files/sites/default/files/images/guc_ip_poster_202107-800x600-c-default.png,0.16502,Somewhat-Bullish,0.616619,0.123823,Neutral
AAPL,Microsoft (MSFT) Board Approves $60B Share Repurchase Program,"Microsoft's board has approved a new $60 billion share repurchase program and increased its quarterly dividend by 11% to 62 cents per share. This move follows a series of similar buyback programs initiated by the company over the past decade, with the latest coming as a previous $40 billion program is nearing its completion. The announcement is particularly noteworthy given recent efforts by Democrats to impose a tax on corporate stock buybacks, a practice that critics argue can artificially inflate stock prices and EPS.",https://www.investopedia.com/microsoft-msft-board-approves-usd60b-share-repurchase-program-5201509,Investopedia,Investopedia,20210916T190625,https://www.investopedia.com/thmb/XaiE2NcgzBFv--oOjWskCF4aE_Dk=/2000x1125/filters:no_upscale():max_bytes(150000):strip_icc()/GettyImages-2256533384-4a5b0deabfaa4eabbda1020566a264dd.jpg,0.29715,Somewhat-Bullish,0.733295,0.336950,Somewhat-Bullish
AAPL,"iPhone 13 T-Mobile Forever Upgrade Promo Allows You To Save Up To $800, But Here's the Catch","T-Mobile has introduced its ""Forever Upgrade"" promotion for the new iPhone 13 lineup, offering savings of up to $800 on a new iPhone 13 and $800 off future iPhones every two years. However, customers should be aware of certain conditions, including a limit of four enrollments per account, incompatibility with Free Line promotions, trade-in restrictions, and the requirement of a premium plan like Magenta Plus, ONE Plus, or Magenta/Sprint MAX. Other carriers like AT&T and Verizon are also offering deals to reduce the price of new iPhones.",https://www.techtimes.com/articles/265463/20210916/iphone-13-t-mobile-forever-upgrade-promo-allows-save-up-800.htm,Tech Times,Tech Times,20210916T192023,https://d.techtimes.com/en/full/392558/iphone-13-t-mobile-forever-upgrade-promo-allows-you-save-800-heres-catch.jpg?w=594&f=503346a5dff959d9fa3bc8fc70b97ccf,0.113229,Neutral,0.918950,0.138494,Neutral
AAPL,"NC Fought Hard for Gilead’s New Site, Adding to Exploding Biotech Presence","North Carolina aggressively vied with Atlanta to secure Gilead's new business services center, offering significant incentives like a nearly $10 million reimbursement. The new facility in the Research Triangle will create 275 high-paying HR, finance, and IT jobs, boosting the state's economy by an estimated $1.11 billion through tax revenue. This win further solidifies North Carolina's growing status as a major life sciences and tech hub, attracting other giants like Eli Lilly and Apple.",https://www.biospace.com/tar-heel-state-fought-hard-for-gilead-s-new-business-center-now-hiring,BioSpace,BioSpace,20210917T185508,https://static.biospace.com/dims4/default/d3c8c16/2147483647/strip/true/crop/622x350+2+0/resize/1000x563!/quality/90/?url=https%3A%2F%2Fk1-prod-biospace.s3.us-east-2.amazonaws.com%2Fbrightspot%2Flegacy%2FBioSpace-Assets%2F357A8970-1679-420D-8F20-51F5380F451C.jpg,0.335116,Somewhat-Bullish,0.744163,0.326738,Somewhat-Bullish
AAPL,Kurt Preston Named Vice President of Sourcing for Sonos,"Sonos has appointed Kurt Preston as its new Vice President of Sourcing. Preston brings over 20 years of global experience in procurement and operations from companies like GE, Dell, Compaq, and Apple. ON Partners, specifically Heidi Hoffman and Jamie Ganner, facilitated this successful placement.",https://huntscanlon.com/kurt-preston-named-vice-president-of-sourcing-for-sonos/,Hunt Scanlon Media,Hunt Scanlon Media,20210917T191740,https://huntscanlon.com/wp-content/uploads/2024/01/ON-Partners-Hunt-Scanlon-Banner75.png,0.204465,Somewhat-Bullish,0.700982,0.113666,Neutral
AAPL,"S&P 500 falls Friday, notches second straight week of losses in September slump","Stocks, including the Dow, S&P 500, and Nasdaq Composite, experienced declines on Friday, marking the second consecutive week of losses for the S&P 500. This downturn is attributed to investor caution regarding the resurgent Covid virus, an upcoming Federal Reserve meeting, and September's historical tendency for market weakness. The market is also anticipating increased volatility due to seasonal patterns, continued virus uncertainty, and upcoming monetary and fiscal policy announcements from September to October.",https://www.cnbc.com/2021/09/16/stock-market-futures-open-to-close-news.html,CNBC,CNBC,20210917T203000,https://image.cnbcfm.com/api/v1/image/106943816-16319149636ED3-FM-A-BLOCK-091721.jpg?v=1631914961&w=750&h=422&vtcrop=y,-0.680751,Bearish,0.607437,-0.642987,Bearish
AAPL,Is a stock market correction on the horizon?,"The S&P 500 has seen a recent dip, leading analysts to narrow predictions for the U.S. equity market. While tech stocks may face challenges due to Fed policy and rising interest rates, other sectors like energy and small-caps are showing potential. Despite concerns, corrections are normal, and many analysts remain bullish on long-term market growth, suggesting current dips could be buying opportunities.",https://fortune.com/2021/09/17/is-a-stock-market-correction-on-the-horizon/,Fortune,Fortune,20210917T212635,,-0.081543,Neutral,0.646008,-0.101604,Neutral
AAPL,The computer chip industry has a dirty climate secret,"The computer chip industry, while crucial for green technologies, has a significant and growing carbon footprint due to its high energy and water consumption and hazardous waste production. Major players like Taiwan Semiconductor Manufacturing Company (TSMC) are beginning to address this by committing to net-zero emissions and investing in renewable energy, driven by investor pressure and demand for greener supply chains. Decarbonizing the industry will require substantial innovation in manufacturing processes, energy efficiency, and the use of less polluting materials.",https://www.theguardian.com/environment/2021/sep/18/semiconductor-silicon-chips-carbon-footprint-climate,The Guardian,The Guardian,20210918T080000,https://i.guim.co.uk/img/media/e1b6696b5e6f19475c6c1c2045c88b5a480a82c0/0_57_2430_1458/master/2430.jpg?width=465&dpr=1&s=none&crop=none,0.168365,Somewhat-Bullish,0.717261,0.131979,Neutral
AAPL,"Apple’s Upgrades Were Modest, and Maybe That Was the Point","This article discusses Apple's recent product announcements, including the iPhone 13, new iPads, and Apple Watch Series 7. The author suggests that the upgrades were modest, potentially by design. It also touches on the uncertainty surrounding Apple's App Store reforms.",https://www.bloomberg.com/news/newsletters/2021-09-19/should-i-buy-the-new-apple-aapl-iphone-13-apple-watch-series-7-ipad-mini-ktriz109,Bloomberg.com,Bloomberg.com,20210919T180000,https://assets.bwbx.io/images/users/iqjWHBFdfxIU/ioabhpQseT6A/v1/-1x-1.webp,0.002975,Neutral,1.000000,0.040606,Neutral
AAPL,DFAX Stock Price | Dimensional World ex U.S. Core Equity 2 ETF,"This article provides detailed information on the Dimensional World ex U.S. Core Equity 2 ETF (DFAX), including its current stock price, trading exchange (NYSE), and key financial metrics. It also covers the ETF's historical performance, dividend yield, expense ratio, and top holdings, offering a comprehensive overview for potential investors.",https://www.investing.com/etfs/dfax,Investing.com,Investing.com,20210920T173946,,-0.133474,Neutral,0.543126,0.000557,Neutral
AAPL,"Mattel, Warner Music Group's Arts Music Release He-Man, Hot Wheels, Thomas & Friends Albums","Mattel has partnered with Warner Music Group's Arts Music division to release new albums based on popular franchises like He-Man and the Masters of the Universe, Hot Wheels, and Thomas & Friends. These releases build upon an existing multi-year global music licensing agreement. The new albums feature original soundtracks and theme songs from their respective series, with additional releases planned for the future across major digital music platforms.",https://toybook.com/mattel-warner-music-groups-arts-music-release-he-man-hot-wheels-thomas-friends-albums/,The Toy Book,The Toy Book,20210920T190442,https://toybook.com/wp-content/uploads/sites/4/2021/09/MattelMusic-jpg-webp.webp,0.257869,Somewhat-Bullish,0.602975,0.239427,Somewhat-Bullish
AAPL,"Kontakt.io Launches Nano Tag, the World's Smallest Affordable, Disposable & Wearable BLE Tag","Kontakt.io Inc. has launched the Nano Tag, hailed as the world's smallest affordable, disposable, and wearable BLE tag. This innovation aims to address worker safety and patient/visitor experience in healthcare, hospitality, and events by offering a cost-effective and environmentally friendly solution. The Nano Tag features a compact design, a non-toxic battery, Bluetooth 5.0 technology, and is available for purchase through various channels starting from $4.99 unit price.",https://iotbusinessnews.com/2021/09/20/03207-kontakt-io-launches-nano-tag-the-worlds-smallest-affordable-disposable-wearable-ble-tag/,IoT Business News,IoT Business News,20210920T200247,,0.170458,Somewhat-Bullish,0.627424,0.215845,Somewhat-Bullish
AAPL,รีวิวกองทุน SCBKEQTG: หุ้นเกาหลีกับศักยภาพการเป็นแถวหน้าของเอเชีย,บทความนี้รีวิวกองทุน SCBKEQTG ซึ่งลงทุนในหุ้นเกาหลีใต้ โดยเน้นศักยภาพทางเศรษฐกิจของประเทศจากเทคโนโลยี การส่งออก และบริษัทชั้นนำ นอกจากนี้ยังอธิบายโครงสร้างของดัชนี MSCI Korea 25/50 ที่กองทุนใช้อ้างอิง และแนะนำ 10 อันดับแรกของหุ้นที่กองทุนลงทุน ซึ่งรวมถึง Samsung Electronics และ SK Hynix ที่เป็นผู้นำด้านเทคโนโลยีระดับโลก,https://www.finnomena.com/dekfinance/scbkeqtg-review/,Finnomena,Finnomena,20210921T185124,https://scontent.finnomena.com/sites/1/2021/06/509703cc-web.jpg,0.390805,Bullish,0.626005,0.330939,Somewhat-Bullish
AAPL,SiriusXM Launches New Free Channel and Premium Podcast Subscription with Marvel Entertainment on Apple Podcasts,"SiriusXM and Marvel Entertainment have partnered to launch Marvel Podcasts Unlimited, a premium audio subscription available exclusively on Apple Podcasts. This service offers subscribers early and exclusive access to new scripted and unscripted Marvel podcast series, including ""Marvel's Wastelanders"" and the Spanish-language adaptation of ""Marvel's Wolverine: The Long Night."" Additionally, a free Marvel channel on Apple Podcasts will feature popular existing series.",https://www.prnewswire.com/news-releases/siriusxm-launches-new-free-channel-and-premium-podcast-subscription-with-marvel-entertainment-on-apple-podcasts-301381205.html,PR Newswire,PR Newswire,20210921T191649,https://mma.prnewswire.com/media/2270156/SiriusXM_2023_Logo.jpg?w=300,0.257198,Somewhat-Bullish,0.775092,0.333441,Somewhat-Bullish
AAPL,BSX Begins Publishing MIAX Pearl Equities,"The Bermuda Stock Exchange (BSX), a subsidiary of Miami International Holdings, Inc., has started publishing MIAX Pearl Equities market data for 10 actively traded U.S. companies to the Pyth Network. This marks BSX's first initiative to provide high-fidelity data to the Pyth Network, contributing U.S. equities exchange market data to support DeFi markets. The initial companies include Apple, Amazon, Google, Netflix, and Tesla.",https://bernews.com/2021/09/bsx-begins-publishing-miax-pearl-equities/,Bernews,Bernews,20210921T204650,,0.263589,Somewhat-Bullish,0.737515,0.257081,Somewhat-Bullish
AAPL,BSX publishes market data to Pyth Network,"The Bermuda Stock Exchange (BSX) has started publishing MIAX Pearl Equities market data for ten US companies to the Pyth Network, a decentralized financial market data distribution platform. This initiative marks BSX's first step in providing high-fidelity data to the blockchain industry via the Solana network, with plans to expand the data breadth. The included companies are major US firms like Apple, Amazon, and Tesla, marking a significant development for DeFi markets.",https://www.royalgazette.com/international-business/business/article/20210922/bsx-publishes-market-data-to-pyth-network/,Royal Gazette | Bermuda,Royal Gazette | Bermuda,20210922T160100,,0.24133,Somewhat-Bullish,0.743614,0.325488,Somewhat-Bullish
AAPL,Apple bans Fortnite from App Store until appeals are exhausted,"Apple has informed Epic Games that Fortnite will remain banned from its App Store until all appeals in their legal dispute are exhausted, a process that Epic CEO Tim Sweeney estimates could take five years. This decision comes after a recent court ruling largely favored Apple, despite requiring the company to allow developers to direct users to alternative payment systems. Epic had sought reinstatement of its developer account, promising to adhere to Apple's guidelines, but Apple cited Epic's past ""duplicitous conduct"" and Sweeney's critical remarks post-ruling as reasons for refusal.",https://www.aljazeera.com/economy/2021/9/22/apple-bans-fortnite-from-app-store-until-appeals-are-exhausted,Al Jazeera,Al Jazeera,20210922T192604,,-0.123158,Neutral,1.000000,-0.284334,Somewhat-Bearish
AAPL,"GDEV: Nexters Inc Latest Stock Price, Analysis, News and Trading Ideas","This article provides current stock information for Nexters Inc (GDEV) including its latest stock price, market capitalization, volume, and year-to-date performance. It also lists recent news headlines related to GDEV from Zacks and popular discussions among investors concerning other stocks like Reddit, Roblox, Coinbase, and Lemonade.",https://stocktwits.com/symbol/GDEV,Stocktwits,Stocktwits,20210922T230910,,0.094973,Neutral,0.621275,0.127569,Neutral
AAPL,Freshworks becomes first Indian SaaS company to list shares in US after stellar debut,"Freshworks Inc., an Indian-origin SaaS company, made a stellar debut on Nasdaq, becoming the first of its kind to list shares in the U.S. The company raised over $1.03 billion in its IPO, with its market capitalization surging to $13 billion on the first day of trading. This achievement not only marked a significant milestone for the company and its founders but also created 500 new millionaires among its employees.",https://kr-asia.com/freshworks-becomes-first-indian-saas-company-to-list-shares-in-us-after-stellar-debut,KrASIA,KrASIA,20210923T185341,https://console.kr-asia.com/wp-content/uploads/2021/09/Freshworksipo-1024x768.jpeg,0.397389,Bullish,0.641194,0.106258,Neutral
AAPL,NetApp slims down to build itself back up,"NetApp has relocated its headquarters from Sunnyvale to Santana Row in San Jose, a move celebrated as the Deal of the Year. This strategic decision involves slimming down its physical footprint to build itself back up, moving into a 301,019-square-foot lease and selling its larger 21.5-acre Sunnyvale Campus. The article highlights the rationale behind this significant real estate transaction and its implications for NetApp.",https://www.bizjournals.com/sanjose/news/2021/09/23/structures-awards-netapp-hq-move-deal-of-the-year.html,The Business Journals,The Business Journals,20210923T185341,https://media.bizj.us/view/img/12106745/savillsdeal-of-year09232021-0006*900xx3900-2194-0-203.jpg,0.142943,Neutral,0.625814,0.117308,Neutral
AAPL,Barry Diller's IAC Pursuing $2.5B Deal For Meredith Corp. - Report,"Barry Diller's InterActive Corp. (IAC) is reportedly in advanced discussions to acquire magazine publisher Meredith Corp. for over $2.5 billion. Meredith halted its print publication of People magazine, among others, and is focusing on its digital growth. The deal would significantly expand IAC's digital media presence by adding many of Meredith's brands.",https://deadline.com/2021/09/barry-dillers-iac-pursuing-meredith-corp-1234843531/,Deadline,Deadline,20210923T185621,https://deadline.com/wp-content/uploads/2021/09/AP951989111279.jpg?w=681&h=383&crop=1,-0.143656,Neutral,0.635601,-0.143835,Neutral
AAPL,Apple threatened Facebook ban over slavery posts on Instagram,"Apple threatened to remove Facebook's products from its App Store in 2019 after a BBC investigation revealed domestic ""slaves"" were being sold on apps, including Instagram. The Wall Street Journal's ""Facebook Files"" revealed Facebook took limited action until Apple's threat, despite internal reports showing knowledge of the online slave trade prior to the BBC's inquiry. Following the BBC report and Apple's intervention, Facebook banned hashtags, removed accounts, and developed technology to proactively address content related to domestic servitude.",https://www.bbc.com/news/technology-58645547,BBC,BBC,20210923T192605,,-0.217885,Somewhat-Bearish,0.969130,-0.128685,Neutral
AAPL,"Apple iPhone 13 tests whether deals, cameras will spur upgrades","Apple released its iPhone 13 lineup, featuring new camera technology and enhanced battery life, to assess if these improvements combined with aggressive carrier deals will drive upgrades despite a lack of dramatic redesign. U.S. carriers like Verizon, AT&T, and T-Mobile are offering significant incentives, sometimes even making the iPhone 13 Pro free with trade-ins, which is already leading to backlogs in online orders for the new devices. This launch kicks off a busy holiday season for Apple, with other new products like a redesigned iPad mini and upcoming MacBook Pros and AirPods also in the pipeline.",https://www.detroitnews.com/story/business/2021/09/23/apple-iphone-13-tests-whether-deals-cameras-spur-upgrades/5839663001/,The Detroit News,The Detroit News,20210923T212149,,0.217322,Somewhat-Bullish,1.000000,0.250018,Somewhat-Bullish
AAPL,Netflix VP Of Communications Richard Siklos Leaves The Company,"Richard Siklos, Netflix's VP of communications since 2017, has announced his departure from the streaming giant. His exit follows other executive changes at Netflix, which has seen significant growth in recent years and has maintained its leadership in the streaming market despite increased competition. Siklos previously held a senior communications role at Time Warner and had a notable career as a journalist specializing in the media business.",https://deadline.com/2021/09/netflix-vp-communications-richard-siklos-exits-streaming-company-1234843924/,Deadline,Deadline,20210924T114100,,0.045527,Neutral,0.642027,0.000362,Neutral
AAPL,"BlackBerry ditches Classic, adding to smartphone future doubts","BlackBerry Ltd announced it will stop producing its Classic smartphone model, a move that contributed to a more than 4% drop in stock and intensified doubts about the future of its handset business. The decision reinforces the company's shift towards software, as the Classic and other BlackBerry 10 devices struggled to compete with the iPhone and Android-powered phones. Additionally, an internal U.S. Senate memo revealed that major carriers were informed that all BlackBerry 10 devices had been discontinued.",https://www.reuters.com/article/technology/blackberry-ditches-classic-adding-to-smartphone-future-doubts-idUSKCN0ZL1JC/,Reuters,Reuters,20210924T171100,https://www.reuters.com/resizer/v2/https%3A%2F%2Farchive-images.prod.global.a201836.reutersmedia.net%2F2016%2F07%2F05%2FLYNXNPEC640YH.JPG?auth=b2bd20af4458bb16aec29e99bd5c2b73430e8b947fa042424bc178c42a6504fd&width=1080&quality=80,-0.151608,Somewhat-Bearish,0.703282,0.142018,Neutral
AAPL,RIM delays new BlackBerry launch; sales crumble,"Research In Motion Ltd (RIM) has delayed the launch of its next-generation BlackBerry phones until early 2013, a significant setback for the company facing crumbling sales, a deeper-than-expected quarterly operating loss, and deep job cuts. The delay, coupled with a 30% workforce reduction and mounting financial pressure, signals a potential terminal decline for the once-dominant technology firm. Analysts are concerned about RIM's survival as it misses crucial shopping periods and struggles to compete with Apple and Android.",https://www.reuters.com/article/oukin-uk-rim-results-idUKBRE85R1LK20120628/,Reuters,Reuters,20210924T174300,,-0.336127,Somewhat-Bearish,0.739980,-0.123116,Neutral
AAPL,"Apple claimed it had less than 20 million TV+ subscribers in July, showbiz union says","A showbiz union, the International Alliance of Theatrical Stage Employees (IATSE), claims Apple stated it had under 20 million Apple TV+ subscribers in the U.S. and Canada as of July 1. This allowed Apple to pay lower rates to production crews under a contract provision for streaming services with fewer than 20 million subscribers. The union is currently in negotiations for a new contract and is considering a strike, arguing that streaming platforms, despite their profitability, are still leveraging outdated contract terms.",https://www.cnbc.com/2021/09/24/apple-told-a-showbiz-union-it-had-less-than-20-million-tv-subscribers.html,CNBC,CNBC,20210924T183557,,-0.173376,Somewhat-Bearish,1.000000,-0.266659,Somewhat-Bearish
AAPL,Apple’s power move to kneecap Facebook advertising is working,"Apple's iOS 14.5 privacy changes, which allow users to opt-out of app tracking, are significantly harming Facebook's advertising business. Advertisers, particularly performance marketers, are struggling to measure ad effectiveness and are consequently reducing their spending on Facebook and diversifying to other platforms like Snapchat, TikTok, and email. Critics suggest Apple's move is not solely privacy-driven but also a strategic play to build its own advertising platform, as it competes directly with Facebook's messaging apps.",https://www.cnbc.com/2021/09/24/apples-ios-changes-hurt-facebooks-ad-business.html,CNBC,CNBC,20210924T183558,https://image.cnbcfm.com/api/v1/image/106947047-16324974411632497437-18865185173-1080pnbcnews.jpg?v=1632497440&w=750&h=422&vtcrop=y,-0.060063,Neutral,1.000000,0.411027,Bullish
AAPL,"Xfinity Mobile and Comcast Business Mobile to offer all-new iPhone 13 Pro, iPhone 13 Pro Max, iPhone 13, iPhone 13 mini, iPad, and iPad mini with Orders Starting Today","Xfinity Mobile and Comcast Business Mobile are now offering the full lineup of new Apple products, including the iPhone 13 series, iPad (9th generation), and iPad mini. Customers who port a new number to Xfinity Mobile will receive $300 off any iPhone, while existing customers upgrading their line will get a $300 Visa pre-paid card. The new devices feature advanced camera systems, the A15 Bionic chip, improved battery life, and enhanced 5G capabilities.",https://www.businesswire.com/news/home/20210924005348/en/Xfinity-Mobile-and-Comcast-Business-Mobile-to-offer-all-new-iPhone-13-Pro-iPhone-13-Pro-Max-iPhone-13-iPhone-13-mini-iPad-and-iPad-mini-with-Orders-Starting-Today,Business Wire,Business Wire,20210924T184525,https://mms.businesswire.com/media/20210924005348/en/909631/4/iPhone_13_Pro_Colors.jpg?download=1,0.259236,Somewhat-Bullish,0.706662,0.321976,Somewhat-Bullish
AAPL,Avantis U.S. Large Cap Value ETF,"The Avantis U.S. Large Cap Value ETF (AVLV) offers investors exposure to large-cap U.S. value equities with an active management strategy. The ETF has an expense ratio of 0.15% and has shown strong performance across various timeframes compared to its category average. It holds a diversified portfolio with significant allocations to finance, retail trade, and electronic technology sectors, and its top holdings include major tech and industrial companies.",https://etfdb.com/etf/AVLV/,ETF Database,ETF Database,20210924T230910,https://etfdb.com/assets/VettaFi_ETFdb-5305fe6f4e98fca434054a07f91dd5d7298814f2844039ab673faf7c93e475e6.svg,0.146148,Neutral,0.621456,0.145381,Neutral
AAPL,Which Game Making Tool Is Right for You?,"This article evaluates several popular game development tools—GameMaker Studio, RPG Maker, Unity, and Source Engine—to help aspiring indie developers choose the best one. It highlights GameMaker Studio as ideal for beginners due to its user-friendliness and gradual introduction to coding, while noting Unity's versatility for those willing to learn more complex systems. RPG Maker is recommended for those focusing on design over coding, and Source Engine is deemed better for experienced developers due to its age and complexity.",https://www.cbr.com/game-making-software-unity-source-game-maker-rpg-maker/,www.cbr.com,www.cbr.com,20210926T061500,https://static0.cbrimages.com/wordpress/wp-content/uploads/2021/09/game-engines.jpg?&fit=crop&w=1200&h=675,0.062513,Neutral,0.709081,-0.239810,Somewhat-Bearish
AAPL,"Some Apple, Tesla suppliers suspend production in China amid power pinch","Several Apple and Tesla suppliers in China have suspended production due to stricter energy consumption policies and tight coal supplies, impacting their supply chains during the peak season for electronics. While some Taiwanese manufacturers temporarily halted operations, major chipmakers like UMC and TSMC reported no impact on their China facilities, and Foxconn experienced only a ""very small"" adjustment to its non-Apple production. This comes as China's heavy industry faces contraction, affecting the country's economic growth rate.",https://www.reuters.com/technology/many-apple-tesla-suppliers-halt-production-china-amid-power-pinch-2021-09-27/,Reuters,Reuters,20210927T104900,https://www.reuters.com/resizer/v2/3LGMZ4MHOZM67BGFFKOLANHB7M.jpg?auth=d41e264dd9b476d834808b83e51f416d709dce1258eb4abb4695421be1cd2b39&width=1080&quality=80,-0.161044,Somewhat-Bearish,0.974625,-0.293303,Somewhat-Bearish
AAPL,CfA Files Complaint Over Forced Labor in Apple’s Supply Chain,"The Campaign for Accountability (CfA) has filed a formal complaint with U.S. Customs and Border Protection regarding Apple's alleged use of forced labor in its supply chain. The Tech Transparency Project (TTP), a research initiative of CfA, has presented evidence linking Apple's products to forced labor in China, specifically involving minority Uighur laborers. CfA urges CBP to enforce the Tariff Act of 1930 and investigate Apple, potentially issuing a Withhold Release Order on Apple products tied to forced labor.",https://www.techtransparencyproject.org/articles/cfa-files-complaint-over-forced-labor-apples-supply-chain,Tech Transparency Project,Tech Transparency Project,20210927T183557,https://images.prismic.io/techtransparencyproject/8b987a8a-9f36-4526-bcdb-3629d8566643_apples-stars-feature.jpg?auto=compress%2Cformat&w=1920&q=75,-0.435413,Bearish,1.000000,-0.433972,Bearish
AAPL,Apple Maps introduces new ways to explore major cities in 3D,"Apple Maps has received its biggest update ever with iOS 15, introducing a new 3D city experience in major cities like London, Los Angeles, New York City, and San Francisco. This update features highly detailed 3D maps, enhanced navigation for drivers, powerful transit updates, and immersive walking directions using augmented reality. Additionally, it offers curated guides for discovery and a new interactive 3D globe to explore the natural beauty of the Earth.",https://www.apple.com/newsroom/2021/09/apple-maps-introduces-new-ways-to-explore-major-cities-in-3d/,Apple,Apple,20210927T183557,https://www.apple.com/newsroom/images/product/apple-maps/Apple_Apple-Maps_New-Ways_09272021_big.jpg.large.jpg,0.471087,Bullish,1.000000,0.493306,Bullish
AAPL,Everything you need to know about Apple Harvest Day 2021 as the festival returns to Dover,"Apple Harvest Day is returning to downtown Dover, New Hampshire on Saturday, October 2, 2021, after being canceled as an in-person event in 2020 due to the COVID-19 pandemic. The 37th annual festival will feature over 250 vendors, food courts, live entertainment on two stages, kids' activities including a KidZone and Auto Alley, and the traditional Apple Harvest Day 5K race and apple pie contest. Shuttle parking will be available for attendees.",https://www.seacoastonline.com/story/news/2021/09/27/2021-apple-harvest-day-dover-nh-fall-festival-5-k-race-returns-apple-pie-contest/5810427001/,Seacoastonline.com,Seacoastonline.com,20210927T201704,,0.249366,Somewhat-Bullish,0.724862,0.315850,Somewhat-Bullish
AAPL,Match to sidestep Apple and Google Pay with imminent updates to Korean apps,"Match Group plans to update its Korean dating apps by the end of October to allow alternative payment systems, bypassing Apple and Google's in-app purchase fees. This move follows a new South Korean law targeting these fees and represents an initial test of the legislation. Match Group, which expects to pay $500 million in such fees globally this year, is preparing for potential resistance from Apple and Google.",https://nypost.com/2021/09/28/match-to-sidestep-apple-and-google-pay-with-imminent-updates-to-korean-apps/,New York Post,New York Post,20210928T190644,https://nypost.com/wp-content/uploads/sites/2/2021/09/match-group-1.jpg?quality=75&strip=all&w=744,-0.008792,Neutral,0.868748,-0.122597,Neutral
AAPL,"Newmark Announces Sale of 200-Unit Multifamily Property Adjacent to Austin, Texas’ ‘Second Downtown’","Newmark announced the sale of Northstar Apartments, a 200-unit multifamily property in Austin, Texas, located near ""The Domain"" and Apple's new campus. The property was sold by Nitya Capital to Langdon Street Capital, which plans further investment in the Austin market. The sale highlights the strong growth in Austin's multifamily capital markets, with significant sales volume driven by the tech employment cluster.",https://www.nmrk.com/insights/press-releases/newmark-announces-sale-of-200-unit-multifamily-property-adjacent-to-austin-texas-second-downtown,Newmark,Newmark,20210928T190803,,0.334077,Somewhat-Bullish,0.732769,0.317967,Somewhat-Bullish
AAPL,Specifications of Personal Computers Over Time,"This article traces the evolution of personal computer specifications over 50 years, from the 1971 Kenbak-1 to modern HP Pavilion models. It highlights significant advancements in RAM and processing speed, and discusses key PC specifications like processor speed and RAM, explaining their importance and upgradeability. An infographic details spec changes for popular computers through the years.",https://www.hp.com/us-en/shop/tech-takes/specifications-personal-computers-over-time,HP,HP,20210928T202746,,0.168007,Somewhat-Bullish,0.702197,0.141736,Neutral
AAPL,Jabil expects to hit over $8B in net revenue in Q1 of 2022,"Jabil Inc. (NYSE: JBL) reported strong financial results for the fourth quarter and fiscal year, with net revenue of $7.4 billion and $29.3 billion respectively, despite supply chain challenges. Looking ahead to Q1 2022, the company projects net revenue between $8 billion and $8.6 billion, driven by its diversified business model and opportunities in vehicle electrification, connected healthcare, and infrastructure development. Jabil continues to work with major clients such as Amazon, Tesla, Apple, and Johnson & Johnson.",https://stpetecatalyst.com/jabil-expects-to-hit-over-8b-in-net-revenue-in-q1-of-2022/,St Pete Catalyst,St Pete Catalyst,20210929T203627,,0.242429,Somewhat-Bullish,0.627493,0.205516,Somewhat-Bullish
AAPL,INSIGHTS | Conservative investors are pairing portfolio with principles,"Tom Carter, a mutual fund executive, has launched the American Conservative Values ETF to allow conservative investors to align their portfolios with their principles, avoiding ""woke"" companies. The fund, which began in October and already manages over $28 million, aims to provide an option for individuals who wish to invest in companies that share their conservative values rather than those that engage in social and racial justice advocacy. This initiative reflects a broader movement where conservatives are using economic choices to ""fight back"" against companies perceived as aligning with liberal politics.",https://www.coloradopolitics.com/2020-election/insights-conservative-investors-are-pairing-portfolio-with-principles/article_4e546b0c-1ff6-11ec-9304-731f964ae27c.html,Colorado Politics,Colorado Politics,20210930T052305,https://www.coloradopolitics.com/wp-content/uploads/2024/05/0d9698106065d0603c087b6f6ded43cb.jpg,-0.183057,Somewhat-Bearish,0.739174,-0.328724,Somewhat-Bearish
AAPL,"Sonos Beam (2021, 2nd Gen) review: Compact soundbar delivers plenty of clout","The Sonos Beam (2nd Gen) is presented as an excellent compact soundbar that, despite sharing much of its architecture with its predecessor, notably adds virtual Dolby Atmos support, a new processor, and an updated aesthetic with a plastic grille. While it doesn't offer true Dolby Atmos like larger, pricier alternatives, its virtual surround sound experience is highly effective for its size, especially when paired with additional Sonos speakers. The soundbar also boasts a sleek design, extensive smart features including voice assistants and AirPlay 2, and numerous music streaming options, making it a versatile choice for enhancing both TV audio and general music listening.",https://www.pocket-lint.com/speakers/reviews/sonos/158537-sonos-beam-review-2021-2nd-gen/,Pocket-lint,Pocket-lint,20210930T090000,https://static0.pocketlintimages.com/wordpress/wp-content/uploads/wm/158537-speakers-review-sonos-beam-2nd-gen-review-same-architecture-different-viewpoint-image16-78ujey3xvj.jpg?&fit=crop&w=1600&h=900,0.197401,Somewhat-Bullish,0.732554,0.235095,Somewhat-Bullish
AAPL,Online offers life-raft as local sports radio airwaves get rough,"Following Bell Media's abrupt closure of sports talk radio stations in several Canadian cities, including Vancouver, former hosts have successfully transitioned to online platforms. Shows like ""Sekeres & Price"" and ""Donnie and Dhali – The Team"" are thriving by offering independent, digital content, becoming a new business model for sports radio and demonstrating the strong demand for local sports talk.",https://www.biv.com/news/entertainment-media-sports/online-offers-life-raft-local-radio-airwaves-get-rough-8265577,Business in Vancouver,Business in Vancouver,20210930T184042,https://www.vmcdn.ca/f/files/glaciermedia/import/biv/2023_09_sekeres-price-cc.jpg;w=938,-0.099668,Neutral,0.705722,0.245759,Somewhat-Bullish
AAPL,"Apple, Amazon, Microsoft, Disney Among Major Corporations Lying About Supporting Climate Action","A new analysis by watchdog group Accountable.US reveals that major corporations like Apple, Amazon, Microsoft, and Disney are funding lobbying groups that actively work against significant climate legislation, despite publicly claiming to support climate action. These companies are reportedly supporting or directing organizations such as the U.S. Chamber of Commerce and Business Roundtable in their efforts to defeat the $3.5 trillion Build Back Better Act. This behavior is labeled as ""greenwashing,"" where companies project an environmentally responsible image while undermining climate initiatives behind the scenes.",https://www.ecowatch.com/greenwashing-corporations-climate-action-2655204112.html,EcoWatch,EcoWatch,20211001T181508,https://www.ecowatch.com/wp-content/uploads/2021/10/777729574-origin.jpg,-0.336484,Somewhat-Bearish,0.923051,-0.318773,Somewhat-Bearish
AAPL,Podcast Advertising,"TEGNA offers various podcast advertising solutions, including pre-roll, episode, and series sponsorships, through its premium podcast networks: VAULT Studios and Locked On Podcast Network. VAULT Studios focuses on true crime and cold cases, with several podcasts reaching the Top 10 on Apple's charts. Locked On provides daily local sports content for major professional and college teams.",https://www.tegna.com/advertise/solutions/podcasts/,TEGNA,TEGNA,20211003T182930,https://www.tegna.com/advertise/wp-content/uploads/sites/2/2024/08/podcasts.jpg,0.371932,Bullish,0.722335,0.287795,Somewhat-Bullish
AAPL,GINN's Got the Goods of Quality Disruptive Companies,"The article highlights the Goldman Sachs Innovate Equity ETF (GINN) as a strong investment opportunity, particularly for those seeking exposure to high-quality, disruptive growth companies. Despite the S&P 500 Technology Index's flat performance in the third quarter, GINN focuses on larger, mature yet innovative companies with high return on equity (ROE), such as Nvidia, Apple, and Microsoft. The fund's significant allocation to technology and healthcare sectors, combined with its emphasis on quality traits and R&D-focused companies, positions it well for continued upside.",https://www.etftrends.com/future-etfs-channel/ginns-got-the-goods-of-quality-disruptive-companies/,ETF Trends,ETF Trends,20211004T082450,https://www.etftrends.com/wp-content/uploads/2025/10/FutureETFs_masthead_overlay_1600x121.png,0.319572,Somewhat-Bullish,0.708269,0.322245,Somewhat-Bullish
AAPL,WSJ News Exclusive | Apple Pay Fees Vex Credit-Card Issuers,"Credit-card issuers are growing frustrated with the fees they pay to Apple for Apple Pay transactions. Banks want Visa to alter how it processes these transactions, particularly for recurring payments. This unhappiness has increased since Apple introduced its own credit card in 2019, adding to the banks' concerns about the costs associated with the mobile wallet.",https://www.wsj.com/finance/banking/apple-pay-fees-vex-credit-card-issuers-11633449317?gaa_at=eafs&gaa_n=AWEtsqc1Gb03e777WrdjSnyuJEatOCAmb7bXaiRvZZP-hR8NpuZzCODRYhmh&gaa_ts=699b461d&gaa_sig=oOyRI9Ie232cLZ2Sj-p3jRd6gHo1AL9uVZ5zU2xufeT9DeDfs-zMdF2RWB0z_L0r0JyduRpv8SSdF54ALEW8JQ%3D%3D,The Wall Street Journal,The Wall Street Journal,20211005T175329,https://images.wsj.net/im-411410/?width=700&height=467,-0.18484,Somewhat-Bearish,0.962927,-0.313804,Somewhat-Bearish
AAPL,"The Beam (Gen 2) delivers in price, features and ease of use - WiFiHiFi","The Sonos Beam (Gen 2) soundbar offers excellent 3D sound with Dolby Atmos support at an affordable price, but fully utilizing its advanced audio features requires a newer TV with HDMI eARC and premium streaming music subscriptions. The review highlights improvements over the original Beam, such as a more powerful processor, redesigned speaker grouping, and eco-friendly packaging. It concludes that while the Beam (Gen 2) is a strong entry point into the Sonos ecosystem, the larger Sonos Arc still provides a more immersive experience.",https://wifihifi.com/the-new-sonos-beam-impresses-but-theres-a-caveat/,Wifi Hifi Magazine,Wifi Hifi Magazine,20211005T182651,https://wifihifi.com/wp-content/uploads/2021/10/Beam-Wide-Feature-1-1600x800.jpg,0.187325,Somewhat-Bullish,0.711081,0.113864,Neutral
AAPL,How DFW is getting more traction with semiconductors — and it's not just Texas Instruments,"The Dallas-Fort Worth (DFW) area is seeing increased investment and activity in its semiconductor industry, extending beyond the historical dominance of Texas Instruments. This indicates a growing and diversifying semiconductor landscape in the region.",https://www.bizjournals.com/dallas/news/2021/10/05/semiconductors-texas-instruments-qorvo-micron.html,The Business Journals,The Business Journals,20211005T183111,,0.341951,Somewhat-Bullish,0.721634,0.329941,Somewhat-Bullish
AAPL,Ericsson sues Apple to clear proposed 5G patent licensing rates,"Ericsson has sued Apple in a Texas federal court, seeking a declaration that its proposed rates for licensing 5G wireless patents are fair and reasonable. The Swedish telecom giant accused Apple of employing tactics to lower royalty rates and refusing to license patents under terms other than its own. This lawsuit follows a previous patent licensing dispute between the two companies in 2015, which was eventually settled.",https://www.reuters.com/legal/transactional/ericsson-sues-apple-clear-proposed-5g-patent-licensing-rates-2021-10-05/,Reuters,Reuters,20211005T184345,https://www.reuters.com/resizer/v2/LKCI4CWW3BPEZEM4WUI2WTEPY4.jpg?auth=318e17d55a2c8e890f34478a6a4369ef188122dc89190fefd8f84de6e1727992&width=1920&quality=80,-0.356537,Bearish,1.000000,-0.371455,Bearish
AAPL,Ansys and Apple Develop the First Cloud-based RF Safety Testing Simulation Solution for MagSafe module MFi Developers,"Ansys and Apple have partnered to create the first cloud-based RF safety testing simulation solution for MagSafe module MFi developers. This new Ansys solution significantly reduces costs and accelerates the certification process for Made For iPhone (MFi) MagSafe module technology by eliminating the need for physical prototypes and expensive RF safety certification software. The platform uses Ansys' HFSS electromagnetic solver, offering a streamlined, intuitive, and automated process for SAR certification, helping developers bring safe and reliable products to market more quickly.",https://www.prnewswire.com/news-releases/ansys-and-apple-develop-the-first-cloud-based-rf-safety-testing-simulation-solution-for-magsafe-module-mfi-developers-301394003.html,PR Newswire,PR Newswire,20211006T090000,,0.490236,Bullish,0.939245,0.446880,Bullish
AAPL,"At a $2 Trillion Market Value, Saudi Aramco Races Apple for Most Valuable Company","Saudi Aramco is nearing Apple Inc.'s market valuation, reaching $2 trillion due to surging energy prices, while Apple's value stands at $2.3 trillion. This shift reflects broader economic changes, with increasing oil demand benefiting Aramco and rising bond yields impacting tech stocks like Apple. Analysts suggest oil prices could climb further, potentially pushing Aramco's valuation even higher.",https://time.com/6104354/aramco-races-apple-market-value/,Time Magazine,Time Magazine,20211006T095900,,0.238873,Somewhat-Bullish,0.925519,0.121354,Neutral
AAPL,Roughly half of the Nasdaq 100 is below this critical longer-term trend line. Here's what's next,"A recent sell-off in high-growth stocks has caused roughly half of the Nasdaq 100 stocks to trade below their 200-day moving average, a critical longer-term trend line. This comes as bond yields rise due to higher inflation expectations, making valuations of growth stocks harder to justify. While some strategists believe tech might lag as the economy reopens, others anticipate a rotation back into growth stocks after the recent decline.",https://www.cnbc.com/2021/10/06/nasdaq-100-stocks-after-the-sell-off-traders-on-what-to-watch-next.html,CNBC,CNBC,20211006T130500,https://image.cnbcfm.com/api/v1/image/106952738-1633463054742-1633462270571-3ED1-TN-100521-QQQ.jpg?v=1633463058&w=750&h=422&vtcrop=y,-0.220808,Somewhat-Bearish,0.737589,-0.225663,Somewhat-Bearish
AAPL,Nvidia offers EU concessions over $54 billion Arm deal,"Nvidia has offered concessions to the EU antitrust regulator regarding its $54 billion acquisition of British chip designer Arm. The deal has raised concerns within the semiconductor industry about Arm's neutrality as a technology supplier. The EU will now seek feedback before deciding whether to approve the deal, demand more concessions, or open a formal investigation.",https://www.reuters.com/technology/nvidia-offers-eu-concessions-over-arm-buy-2021-10-06/,Reuters,Reuters,20211006T151900,https://www.reuters.com/resizer/v2/https%3A%2F%2Fcloudfront-us-east-2.images.arcpublishing.com%2Freuters%2FVOWBPB3X5FPWPMWJ74H2O6OZXU.jpg?auth=e26466f8e775102ab3ad78bb4b711e74f1b4c3e804c6eddb8d672f06b9dd632b&width=1200&height=630&quality=80&smart=true,-0.094061,Neutral,0.627581,-0.111976,Neutral
AAPL,Discover Equal Weight Benefits With RSP,"This article discusses the benefits of equal weight ETFs, using the Invesco S&P 500 Equal Weight ETF (RSP) as a prime example. It explains how equal weighting offers diversification beyond cap-weighted funds and benefits from mean-reversion, despite critics associating its outperformance with size and value factors. The article highlights RSP's long-term outperformance potential and its role in true diversification by preventing a few mega-cap stocks from dominating the index.",https://etfdb.com/portfolio-strategies-channel/discover-equal-weight-benefits-with-rsp/,ETF Database,ETF Database,20211006T211112,,0.056798,Neutral,0.725343,-0.133252,Neutral
AAPL,Erik Feig’s Mid-Budget Film Production Shop Picturestart Revs Up After Lockdown Pause,"Erik Feig's production company, Picturestart, which specializes in mid-budget films, overcame early challenges posed by the COVID-19 pandemic. Despite launching just months before the shutdown, the company focused on development and packaging, leading to six films entering production back-to-back in early 2021. Feig emphasizes a philosophy of ""discovery of voice"" and a flexible financial model to support unique stories and talent.",https://variety.com/2021/film/news/erik-feig-picturestart-production-shop-1235082489/,Variety,Variety,20211007T181148,https://variety.com/wp-content/uploads/2021/10/Erik-Feig.jpg?w=1000&h=562&crop=1,0.177087,Somewhat-Bullish,0.628270,0.117005,Neutral
AAPL,"Paul Marshall and Ian Wace’s Stock Picks: Biogen Inc (BIIB), Apple Inc (AAPL) and More","This article details the top stock picks of hedge fund managers Paul Marshall and Ian Wace, based on their Q2 2021 holdings. It highlights a selection of companies including Biogen Inc (BIIB), Apple Inc (AAPL), Zoetis Inc. (ZTS), ViacomCBS Inc. (VIAC), and Thermo Fisher Scientific Inc. (TMO), providing details on their stake value, company background, and recent analyst ratings or news. The piece also explains the investment philosophy and background of Marshall Wace LLP.",https://www.insidermonkey.com/blog/paul-marshall-and-ian-waces-stock-picks-biogen-inc-biib-apple-inc-aapl-and-more-979334/,Insider Monkey,Insider Monkey,20211008T074000,NULL,0.324992,Somewhat-Bullish,0.934983,0.319493,Somewhat-Bullish
AAPL,A California investment firm went from near ruin to managing over $100 billion: Its turnaround may offer solutions to the ‘Great Resignation’,"WCM Investment Management, a Southern California firm, rebounded from near collapse in 2011 with just $833 million in assets to managing over $100 billion by September, a tenfold increase in a decade. The firm's success is attributed to its decision to retain employees and prioritize a positive corporate culture, rather than a ""toxic"" one, during challenging times. This unique approach, where top management absorbed losses instead of firing staff, is highlighted as a potential lesson for companies facing the ""Great Resignation.""",https://www.marketwatch.com/story/a-california-investment-firm-went-from-near-ruin-to-managing-over-100-billion-its-turnaround-may-offer-solutions-to-the-great-resignation-11633718948?gaa_at=eafs&gaa_n=AWEtsqe_AtLLWv83gw3w1ElhlLfTi4MI1-BhbJ2BgttYz7FwGNdUvRa2whIR&gaa_ts=699b4701&gaa_sig=TFhMt07XejX8B4KinRzZdIxvHKTRL1CDVXHGiZiLY_klpCUPfr9Dx6w3FXW_A7XOvGDAvBM7ie5n-qzdl5vspQ%3D%3D,MarketWatch,MarketWatch,20211008T144800,,0.104434,Neutral,0.720281,0.133483,Neutral
AAPL,Chipmakers resist US bid for client data,"Chipmakers in Taiwan and South Korea are resisting a request from the US Department of Commerce for sensitive client and supply chain data, aimed at resolving global chip shortages. TSMC has stated it will not hand over client information, while the South Korean Ministry of Trade, Industry and Energy has expressed concerns about the request's scope. This resistance highlights the complexity of the issue, with Taiwanese politicians and individual investors also voicing opposition.",https://www.taipeitimes.com/News/biz/archives/2021/10/08/2003765704,Taipei Times,Taipei Times,20211008T183137,https://img.taipeitimes.com/images/2021/10/08/P12-211008-001.jpg,0.125008,Neutral,0.746879,0.141420,Neutral
AAPL,"TSMC and Sony considering joint chip factory, Japan gov't to help -Nikkei","Taiwan's TSMC and Japan's Sony Group Corp are reportedly considering a joint venture to build a chip factory in Japan, with the Japanese government prepared to contribute to the estimated 800 billion yen investment. The facility in Kumamoto is expected to produce semiconductors for automobiles and camera image sensors to address the global chip shortage, aiming for operations by 2024. Japan's Denso is also looking to participate, as the country seeks to stabilize its industrial supply chains amid concerns about chipmaking concentration in Taiwan.",https://www.nippon.com/en/news/reu20211008KBN2GY117/,nippon.com,nippon.com,20211009T182653,https://www.nippon.com/en/ncommon/contents/news/1196881/1196881.jpg,0.352716,Bullish,0.707325,0.345586,Somewhat-Bullish
AAPL,It’s Time for the Apple Watch to Break Free From the iPhone,This article argues that it is time for the Apple Watch to become more independent from the iPhone. It suggests Apple should allow the Apple Watch Series 7 and future models to function more autonomously. The piece also briefly mentions Apple's ambitions in car controls and an update on the Epic Games lawsuit.,https://www.bloomberg.com/news/newsletters/2021-10-10/can-the-apple-watch-series-7-work-on-its-own-without-an-iphone-kulj7h7o,Bloomberg.com,Bloomberg.com,20211010T180000,,0.293776,Somewhat-Bullish,0.991343,0.250493,Somewhat-Bullish
AAPL,"T-Mobile 5G: all the phones, deals, coverage and pricing you need","This article provides a comprehensive overview of T-Mobile's 5G rollout in the US, detailing its different 5G technologies (Extended Range and Ultra Capacity), coverage, and performance. It also lists compatible 5G phones available through T-Mobile, discusses various service plans, and highlights T-Mobile's initiatives for business and home internet services. The article emphasizes T-Mobile's leadership in 5G availability and reliability as per independent studies.",https://www.5gradar.com/buying-guides/t-mobile-5g-all-the-phones-deals-coverage-and-pricing-you-need,5Gradar,5Gradar,20211010T183012,https://cdn.mos.cms.futurecdn.net/dngWGdMKkDoG3qWx9cqAcZ.gif,0.263328,Somewhat-Bullish,0.702404,0.334430,Somewhat-Bullish
AAPL,ClixTV Launches To Help Streamers Find Something To Watch,"ClixTV has launched as a new streaming service designed to help viewers find content across various top subscription services, offering its own short- and long-form programming, trailers, and e-commerce opportunities. Founded by industry veterans Edward Sullivan (CEO), Stacy Jolna (CMO), and Patricia Sullivan (CCO), ClixTV aims to simplify the content search experience for consumers and provide benefits for creators, distributors, and advertisers. The platform is available on multiple devices and services including Roku, Apple TV, Amazon Fire TV, and iOS/Android.",https://www.nexttv.com/news/clixtv-launches-to-help-streamers-find-something-to-watch,Nexttv,Nexttv,20211012T000000,https://cdn.mos.cms.futurecdn.net/QJz4qYwBggXPhJjFzWqJbV-970-80.png,0.284087,Somewhat-Bullish,0.726271,0.309208,Somewhat-Bullish
AAPL,Understanding the Buzz Around the BUZZ ETF,"The article discusses the VanEck Vectors Social Sentiment ETF (BUZZ), which debuted in March 2021 and capitalizes on the ""meme stock"" phenomenon. It examines BUZZ's methodology, noting that its longer lookback period means it doesn't solely focus on highly speculative meme stocks like GameStop and AMC. Instead, BUZZ's portfolio includes quality names like AMD, Apple, Nvidia, and Pfizer, and exhibits low single-stock risk.",https://etfdb.com/tactical-allocation-content-hub/understanding-the-buzz-around-the-buzz-etf/,ETF Database,ETF Database,20211012T053040,https://etfdb.com/media/W1siZiIsIjIwMjEvMTAvMTIvNHRva3E1d205MV9WYW5FY2tfU29jaWFsX1NlbnRpbWVudF9FVEYucG5nIl0sWyJwIiwidGh1bWIiLCI3NTB4XHUwMDNlIl1d/VanEck%20Social%20Sentiment%20ETF.png,0.31946,Somewhat-Bullish,0.731231,0.319579,Somewhat-Bullish
AAPL,EU to investigate Nvidia's $54 bln ARM bid after remedies fall short - sources,"The EU is expected to launch an extended antitrust investigation into Nvidia's $54 billion bid for British chip designer ARM. This comes after remedies offered by Nvidia last week failed to address competition concerns, marking a second setback for the company after a similar warning from Britain's antitrust agency. The European Commission is scheduled to end its preliminary review on October 27, initiating a four-month investigation.",https://www.reuters.com/technology/eu-open-probe-into-nvidias-54-billion-bid-arm-sources-2021-10-12/,Reuters,Reuters,20211012T100300,https://www.reuters.com/resizer/v2/https%3A%2F%2Fcloudfront-us-east-2.images.arcpublishing.com%2Freuters%2FDUFPG74WLZNUNH4XW6X4R5X3LY.jpg?auth=645b41cf1332a4ae39f4d7ff43ec3413eb981881775fe2e92c219a16f0629676&width=1920&quality=80,-0.331453,Somewhat-Bearish,0.624853,-0.449689,Bearish
AAPL,First Look at NBA® 2K22 Arcade Edition Coming Exclusively to Apple Arcade on October 19,"2K has released a trailer for NBA 2K22 Arcade Edition, a new version of the popular basketball game optimized for Apple devices, launching exclusively on Apple Arcade on October 19. The game will feature exclusive modes like ""The Association"" and ""MyCOURT,"" along with online multiplayer, Blacktop mode, and MyCAREER mode, and will include the latest 2021-22 NBA rosters. It will be playable across iPhone, iPad, Mac, and Apple TV for a monthly subscription of $4.99.",https://newsroom.2k.com/news/first-look-at-nbar-2k22-arcade-edition-coming-exclusively-to-apple-arcade-on-october-19,2K Newsroom,2K Newsroom,20211012T183052,https://cdn.prgloo.com/media/06c40c21924f44a0bde20041e77445bd.png?width=968&height=1452,0.369337,Bullish,0.811938,0.260783,Somewhat-Bullish
AAPL,Expedia CTO Rathi Murthy is helping the company simplify,"Rathi Murthy, who took over as Chief Technology Officer at Expedia Group in May 2021, is focusing on simplifying the company's technology infrastructure. Murthy brings experience from previous roles at Gap and Verizon to her new position at the Seattle-based travel company. This move is part of the company's efforts to streamline operations.",https://www.bizjournals.com/seattle/news/2021/10/12/rathi-murthy-expedia-gap-verizon-cto.html,The Business Journals,The Business Journals,20211012T201214,,0.089818,Neutral,0.637468,0.008944,Neutral
AAPL,Apple May Cut iPhone 13 Production Goals Due to Chip Crunch,"Apple is reportedly planning to cut its iPhone 13 production targets for 2021 by up to 10 million units due to ongoing chip shortages impacting key suppliers like Broadcom and Texas Instruments. This reduction jeopardizes Apple's expected record-breaking holiday sales quarter, highlighting that even major tech giants are susceptible to global supply chain disruptions exacerbated by the pandemic. The shortages have already led to significant delays in iPhone 13 shipments and are affecting other Apple products as well.",https://time.com/6106877/apple-iphone13-production/,time.com,time.com,20211013T174345,https://time.com/redesign/_next/image/?url=https%3A%2F%2Fapi.time.com%2Fwp-content%2Fuploads%2F2021%2F10%2Fiphone-13-apple.jpeg%3Fquality%3D85%26w%3D1024&w=3840&q=75,-0.200801,Somewhat-Bearish,1.000000,-0.205937,Somewhat-Bearish
AAPL,Apple to slash iPhone 13 production on chip shortages,"Apple is expected to cut its projected iPhone 13 production targets for 2021 by up to 10 million units due to prolonged chip shortages affecting key suppliers like Broadcom Inc. and Texas Instruments Inc. This shortage is impacting Apple's ability to deliver new iPhone 13 Pro and Pro Max models, with current orders facing significant shipping delays. Despite Apple's strong buying power, the global chip shortage, exacerbated by the pandemic and an energy crisis in China, is affecting its production of other products as well, including the Apple Watch Series 7.",https://www.aljazeera.com/economy/2021/10/13/apple-to-slash-iphone-13-production-on-chip-shortages,Al Jazeera,Al Jazeera,20211013T192603,,0.000672,Neutral,0.341853,0.030460,Neutral
AAPL,How ‘Squid Game’ reveals the flaw in Netflix’s products strategy,"Netflix's new partnership with Walmart for a digital storefront, the Netflix Hub, is criticized for its delayed inclusion of merchandise from the hugely popular show ""Squid Game."" While Netflix aims to diversify revenue through licensed products, the article highlights that fans are more interested in ""real"" items from the show, like Vans sneakers and tracksuits, which are experiencing massive sales spikes independently, revealing a flaw in Netflix's product strategy. The company's own official merchandise for ""Squid Game"" is described as limited and generic, not capitalizing on the immediate demand for authentic-looking items from the show.",https://www.fastcompany.com/90685774/how-squid-game-reveals-the-flaw-in-netflixs-products-strategy/,Fast Company,Fast Company,20211013T205135,,-0.045274,Neutral,0.567114,-0.125281,Neutral
AAPL,Qualcomm Increases Share Buyback Plan by $10B,"Qualcomm (QCOM) has approved a new $10 billion stock repurchase program, complementing an existing plan with $0.9 billion remaining. This move led to a 1.3% increase in shares during extended trading. Wells Fargo analyst Gary Mobley maintained a Hold rating but adjusted the price target to $138.",https://finance.yahoo.com/news/qualcomm-increases-share-buyback-plan-121851064.html,Yahoo Finance,Yahoo Finance,20211013T210612,,0.188948,Somewhat-Bullish,0.553868,-0.297420,Somewhat-Bearish
AAPL,Apple likely to cut iPhone 13 production due to chip crunch – Bloomberg News,"Apple Inc. is reportedly planning to slash its iPhone 13 production target by as many as 10 million units due to the ongoing global chip shortage, according to Bloomberg News. Chip suppliers like Broadcom Inc. and Texas Instruments are struggling to meet demand, impacting Apple's ability to produce the anticipated 90 million units by year-end. Despite this, some analysts believe Apple is handling the supply crunch better than competitors and maintain healthy sales forecasts for the iPhone 13.",https://technology.inquirer.net/112468/apple-likely-to-cut-iphone-13-production-due-to-chip-crunch-bloomberg-news,Inquirer Technology,Inquirer Technology,20211013T215100,https://technology.inquirer.net/files/2021/10/Apple-Iphone13_REUTERS-620x410.jpg,-0.264075,Somewhat-Bearish,1.000000,-0.305158,Somewhat-Bearish
AAPL,"TSMC announces chip plant in Japan, flags 'tight' capacity throughout 2022","Taiwanese chip giant TSMC announced plans to build a new factory in Japan to address long-term chip demand, particularly for older chipmaking technology experiencing severe shortages. The company also indicated that tight chip supplies would likely persist through 2022 due to surging demand driven by the COVID-19 pandemic. TSMC reported higher-than-expected profits for Q3 and raised its 2021 revenue growth forecast to about 24%, highlighting strong demand across key growth platforms.",https://www.reuters.com/technology/taiwans-tsmc-posts-138-rise-q3-profit-global-chip-demand-surge-2021-10-14/,Reuters,Reuters,20211014T092000,https://www.reuters.com/resizer/v2/3KSVYJJLDJNALIPXO7U7MZNKFQ.jpg?auth=2e5673fc6af91155b80f56973f24422d0013d99689079023f99c1fd18e7c5322&width=1920&quality=80,0.244736,Somewhat-Bullish,0.733825,0.330269,Somewhat-Bullish
AAPL,Zepp Health banks on new smartwatches for growth,"Zepp Health, formerly Huami Corp, is banking on its new smartwatch releases, the Amazfit GTR 3 and GTS 3 series, to drive growth. The company has seen significant global expansion, becoming the fourth-largest smartwatch vendor by shipments in Q1. Zepp Health is investing in R&D and incorporating advanced health-tracking features into its devices to compete in the growing smartwatch market.",https://www.chinadaily.com.cn/a/202110/14/WS61678f5fa310cdd39bc6edf8.html,China Daily,China Daily,20211014T100000,,0.173787,Somewhat-Bullish,0.745092,-0.100164,Neutral
AAPL,"Medtronic pledges R&D boost, brand refresh, amid rising Big Tech rivalry","Medtronic is rebranding and increasing its R&D spending by 10% to adapt to the growing influence of consumers and tech giants in healthcare. CEO Geoff Martha emphasized moving ""beyond devices"" by investing in AI, data analytics, and robotics, acknowledging the company needs to build its direct-to-consumer presence. This strategic shift aims to speed up market entry and address chronic diseases, following a major reorganization implemented in October of the previous year.",https://www.medtechdive.com/news/medtronic-martha-rd-boost-rebranding-Apple-Google-rivalry/608204/,MedTech Dive,MedTech Dive,20211014T181324,,0.167149,Somewhat-Bullish,0.732782,0.129560,Neutral
AAPL,Sustainability is an Integral Part of ST Value Proposition Says Jean-Louis CHAMPSEIX,"Jean-Louis CHAMPSEIX, Group VP, Head of Corporate Sustainability at STMicroelectronics, discusses the company's long-standing commitment to sustainability since its establishment in 1987. He emphasizes that sustainability is deeply embedded in ST's business model, culture, and value proposition, driving the creation of technology for a sustainable world in a sustainable way. The article highlights ST's goals for carbon neutrality by 2027, significant reductions in energy consumption, and efforts in responsible product development, aiming for one-third of its revenue from sustainable technology products by 2027.",https://www.bisinfotech.com/sustainability-is-an-integral-part-of-st-value-proposition-says-jean-louis-champseix/,Bisinfotech,Bisinfotech,20211014T182747,https://www.bisinfotech.com/wp-content/uploads/2021/10/Jean-Louis-CHAMPSEIX.jpg,0.383273,Bullish,0.642184,0.121286,Neutral
AAPL,Zepp Health banks on new smartwatches for growth,"Zepp Health, formerly Huami Corp, is launching new smartwatches to capitalize on growing consumer demand for smart devices. The company, which is already a top smartwatch vendor in several global markets, is focusing on enhancing user experience, battery life, and especially advanced health-tracking features to differentiate its products in a competitive market.",https://global.chinadaily.com.cn/a/202110/14/WS61678f5fa310cdd39bc6edf8.html,China Daily - Global Edition,China Daily - Global Edition,20211014T183536,https://img2.chinadaily.com.cn/images/202110/14/61678f5fa310cdd3d8133bb1.jpeg,0.261569,Somewhat-Bullish,0.649199,0.140199,Neutral
AAPL,S.Korea targets Apple over new app store regulation,"South Korea is moving to investigate Apple Inc. after the company indicated it would not change its app store policy, despite a new law requiring app developers to be able to use alternative payment systems. This law, amended in August, aims to curb the market dominance of major app store operators like Apple and Google by preventing them from mandating their own payment systems and charging commissions. Google, however, has stated its intention to comply with the new regulation.",https://www.reuters.com/technology/skorea-targets-apple-over-new-app-store-regulation-2021-10-15/,Reuters,Reuters,20211015T100600,https://www.reuters.com/resizer/v2/TLYCUWCQ7NLCBGO73VDZAGKL3I.jpg?auth=3042bdbda2a55ced731cc508ccf19b5a164c3f8e8b227faf892355f0576aea47&width=1080&quality=80,-0.167827,Somewhat-Bearish,1.000000,-0.202145,Somewhat-Bearish
AAPL,TSMC to Build Chip Fab in Japan,"Taiwan Semiconductor Manufacturing Co. (TSMC) announced plans to build a semiconductor plant in Japan, with construction starting next year and production by 2024. The Japanese government will provide significant financial aid for the estimated $8.8 billion investment, which aims to produce chips using 22- and 28-nanometer processes for consumer products, sensors, IoT, and auto parts. This move comes amid a global chip shortage and aligns with efforts by the U.S., Europe, and Japan to reduce their reliance on foreign chip production.",https://spectrum.ieee.org/tsmc-building-chip-fab-japan,IEEE Spectrum,IEEE Spectrum,20211015T183039,https://spectrum.ieee.org/media-library/foreground-is-a-phone-with-the-tsmc-logo-of-tsmc-in-red-and-a-circular-semiconductor-fab-background-is-the-same-logo.jpg?id=27676720&width=1200&height=800,0.189627,Somewhat-Bullish,0.641555,-0.204943,Somewhat-Bearish
AAPL,Tile Compatibility With Android™ and Apple® iOS Devices | Tile,"This article discusses the compatibility of Tile trackers with both Android and Apple iOS devices. It highlights that Tile works seamlessly across both operating systems, allowing users to track their belongings regardless of their phone's brand. The article also touches upon the core functionalities of Tile, such as finding misplaced items, and emphasizes its cross-platform accessibility.",https://www.life360.com/fi-fi/blog/tile-tags-compatible-with-android-and-ios-apple-devices,Life360,Life360,20211015T204153,,0.109969,Neutral,0.712543,0.121808,Neutral
AAPL,Intel CEO Pat Gelsinger hopes to win back Apple by outcompeting it,"Intel CEO Pat Gelsinger expressed his hope to regain Apple as a customer, acknowledging that Intel will need to outperform Apple to achieve this. Gelsinger stated that he doesn't blame Apple for choosing to produce its own chips over using Intel's. He emphasized the necessity of Intel's products being superior to Apple's.",https://www.marketwatch.com/story/intel-ceo-pat-gelsinger-hopes-to-win-back-apple-by-outcompeting-it-11634515343?gaa_at=eafs&gaa_n=AWEtsqeVFmgV5KU606QBGxtK3zvb-QWlSpPzjHWKFRlI6pIu-WEOqNGCN8dO&gaa_ts=6907c309&gaa_sig=V0GObfA4JOQbZc-CI9PnrVX8RHhEWKJpZIRxHqKPJNkXTDkpC6ZF_qAbpASfbCzODjtRW2FxQPCMbs__MOqQ_g%3D%3D,MarketWatch,MarketWatch,20211017T200200,NULL,0.116109,Neutral,0.919212,0.074209,Neutral
AAPL,Check out Cipher Mining Equity Warrant Exp 26th Aug 2026's stock price (CIFRW) in real time,"This article provides real-time stock information for Cipher Mining Equity Warrant Exp 26th Aug 2026 (CIFRW), including its current price, historical performance metrics, key financial stats, and recent news. It highlights the company's profile as an industrial-scale data center construction and operations firm focused on bitcoin mining and high-performance computing, along with insights from analyst calls.",https://www.cnbc.com/quotes/CIFRW,CNBC,CNBC,20211018T030906,NULL,0.049255,Neutral,0.646157,0.139447,Neutral
AAPL,Alibaba said to be launching a new home-grown chip this week,"Alibaba Group Holding is set to launch a server chip this week based on Arm Holdings technology, joining other Chinese tech giants in semiconductor development. The chip’s design process concluded mid-year and it will be minted using the 5-nanometre process, showcasing China's increasing investment in chip design due to lower capital requirements. Alibaba's previous chip endeavors include Hanguang 800 and XuanTie 910.",https://www.scmp.com/tech/article/3152754/alibaba-said-be-launching-server-chip-based-arms-technology-week,South China Morning Post,South China Morning Post,20211018T180000,,0.254432,Somewhat-Bullish,0.640749,0.230886,Somewhat-Bullish
AAPL,Apple unveils game-changing MacBook Pro,"Apple has unveiled a completely reimagined MacBook Pro powered by the new M1 Pro and M1 Max chips, available in 14- and 16-inch models. These new laptops offer extraordinary performance, unprecedented battery life, and advanced features like a Liquid Retina XDR display, improved camera and audio systems, and extensive connectivity, marking a significant leap for professional users. The MacBooks are designed for various professionals, offer remarkable power efficiency, and feature an environmentally conscious design with recycled materials.",https://www.apple.com/newsroom/2021/10/apple-unveils-game-changing-macbook-pro/,Apple,Apple,20211018T192603,,0.425434,Bullish,1.000000,0.866341,Bullish
AAPL,"Apple launches faster chips, MacBook Pro laptops, Airpods at October event","Apple Inc. unveiled new M1 Pro and M1 Max chips, updated MacBook Pro laptops, and third-generation AirPods at its October event. The new chips are faster and more power-efficient, leading to improved performance and extended battery life for the MacBook Pros which also received a new design and 1080p camera. The new AirPods feature spatial audio, longer battery life, and a new design, with the base model receiving a price cut.",https://www.reuters.com/technology/apple-launches-faster-chips-macbook-pro-laptops-airpods-october-event-2021-10-18/,Reuters,Reuters,20211018T201400,https://www.reuters.com/resizer/v2/KDQHJVJQDVKITFD2Y2CFJVIPJA.jpg?auth=e69c6de515bae3dcc630aaaa25a2a9d876b31dfed9e527b43f35ca17feffa708&width=1080&quality=80,0.129505,Neutral,1.000000,0.402320,Bullish
AAPL,"Megahit ""Squid Game"" puts focus squarely on Netflix's overseas growth","The success of ""Squid Game"" is prompting investors to focus on Netflix's international content strategy as a key driver for subscriber growth, especially in emerging markets, after a period of slowing additions. Analysts anticipate the megahit will boost subscriber numbers beyond estimates for the third quarter and impact the next three months. The article also highlights increased competition in the streaming market and Netflix's financial fundamentals.",https://www.reuters.com/business/media-telecom/megahit-squid-game-puts-focus-squarely-netflixs-overseas-growth-2021-10-19/,Reuters,Reuters,20211019T044900,https://www.reuters.com/resizer/v2/https%3A%2F%2Fcloudfront-us-east-2.images.arcpublishing.com%2Freuters%2FDU62BBYJ65MXXPKK6B5I732P6Y.jpg?auth=64fc97a66f272a2e37452d2f785b46e39535359a9307205a109f074d22091494&width=1200&height=628&quality=80&smart=true,0.16587,Somewhat-Bullish,0.738538,0.130267,Neutral
AAPL,NBA® 2K22 Arcade Edition Available Now on Apple Arcade,"2K has launched NBA® 2K22 Arcade Edition exclusively on Apple Arcade, offering an authentic NBA 2K experience across Apple devices. The game includes various modes like The Association, MyCOURT, Quick Match, Online Multiplayer, and MyCAREER, featuring updated 2022 NBA rosters and top players. It is available for a monthly subscription with a free trial, playable on iPhone, iPad, Mac, and Apple TV.",https://newsroom.2k.com/news/nbar-2k22-arcade-edition-available-now-on-apple-arcade,2K Newsroom,2K Newsroom,20211019T183052,https://cdn.prgloo.com/media/06c40c21924f44a0bde20041e77445bd.png?width=968&height=1452,0.394946,Bullish,0.733545,0.307499,Somewhat-Bullish
AAPL,On-device Panoptic Segmentation for Camera Using Transformers,"This article details Apple's HyperDETR, an on-device panoptic segmentation model for its Camera app. Built on Transformers, HyperDETR efficiently segments images for features like Portrait Mode and Photographic Styles without significant battery drain. The paper highlights the model's architecture, training, and compression techniques, making it suitable for resource-constrained mobile environments.",https://machinelearning.apple.com/research/panoptic-segmentation,Apple Machine Learning Research,Apple Machine Learning Research,20211019T192603,,0.339909,Somewhat-Bullish,0.968940,0.305157,Somewhat-Bullish
AAPL,"Warren Buffett, Berkshire Hit $9 Billion Gain on Amex Stock This Year","Warren Buffett's Berkshire Hathaway has seen its investment in American Express (Amex) increase by $9 billion this year, bringing its total unrealized gain on the stock to $26 billion. Berkshire owns 19% of Amex, a position it has held since 1998, having only invested $1.3 billion initially. Amex is the third-largest holding in Berkshire's US stock portfolio, following Apple and Bank of America.",https://markets.businessinsider.com/news/stocks/warren-buffett-berkshire-hathaway-stock-portfolio-gain-american-express-amex-2021-10,markets.businessinsider.com,markets.businessinsider.com,20211020T115132,,0.35722,Bullish,0.583625,0.321370,Somewhat-Bullish
AAPL,Are Cyber Actors Hiding in Your Pocket? Rooting Out Spyware on Mobile Devices,"Mobile device security features, while beneficial for privacy, create challenges for forensic investigators trying to detect sophisticated spyware like Pegasus, which can exploit ""zero-click"" vulnerabilities. A new methodology developed by FTI Consulting utilizes threat-detection tools and AI to analyze anonymized network data and device logs, allowing for more efficient identification of compromises and the creation of detailed attack timelines without the need for traditional, time-consuming forensic processes. This approach helps investigators keep pace with evolving threats and provides a clearer picture of cyber attacks on mobile devices.",https://www.fticonsulting.com/insights/fti-journal/cyber-actors-hiding-your-pocket-rooting-out-spyware-mobile-devices,FTI Consulting,FTI Consulting,20211020T180002,https://www.fticonsulting.com/-/media/images/shared-content/insights/fti-journal/2021/oct/cyber-actors-hiding-your-pocket-rooting-out-spyware-mobile-devices_1415x450.jpg?rev=f1d1fc64e2674c7089e8f052a36275b7,0.211471,Somewhat-Bullish,0.747812,0.111992,Neutral
AAPL,A Look Inside The Apple iPhone 13 Pro,"This article provides an in-depth analysis of the Apple iPhone 13 Pro, model A2636, revealing its internal components, estimated build costs, and design wins. It highlights the A15 Bionic processor, image sensor specifications, and contributions from various suppliers like Qualcomm, KIOXIA, and STMicroelectronics. The report also compares the iPhone 13 Pro's cost and features to its predecessor, the iPhone 12 Pro, and a competitor, the Samsung Galaxy S21+.",https://semiengineering.com/a-look-inside-the-apple-iphone-13-pro/,Semiconductor Engineering,Semiconductor Engineering,20211021T182747,https://i0.wp.com/semiengineering.com/wp-content/uploads/TechInsights_look-inside-Apple-iPhone-13-Pro-chart1-iphone-fig-cost.jpg?resize=1200%2C800&ssl=1,0.17716,Somewhat-Bullish,0.906359,0.208738,Somewhat-Bullish
AAPL,Target is adding Apple mini-shops to 3 more Minnesota stores,"Target Corp. is expanding its partnership with Apple Inc., adding three new mini-shops within its Minnesota stores. This move more than doubles the number of Apple mini-shops already present in Target locations. This expansion is part of a broader strategy to integrate specialized retail experiences within Target stores.",https://www.bizjournals.com/twincities/news/2021/10/21/target-apple-mini-shops-more-stores.html,The Business Journals,The Business Journals,20211021T212219,,0.405507,Bullish,0.901190,0.402935,Bullish
AAPL,"Snap tumbles, drags social media giants on Apple privacy tweak worries","Snap's shares plunged by nearly 20% after the company warned that Apple's new iOS privacy changes would have a prolonged negative impact on its advertising revenue, also dragging down other ad-dependent tech firms like Facebook, Google, and Twitter. Analysts cut Snap's price targets, expecting the impact to last into next year. The company cited global supply chain disruptions and labor shortages as additional factors compounding the advertising slowdown.",https://www.reuters.com/technology/snap-tumbles-drags-social-media-giants-apple-privacy-tweak-worries-2021-10-22/,Reuters,Reuters,20211022T171000,https://www.reuters.com/resizer/v2/PN4MFUPTHFIVZFRTCTULYLTCA4.jpg?auth=ecf76c113c6d67560e0807e6bdff7f2095110f8fc1a621a8842dc929313c6bf8&width=1920&quality=80,-0.286353,Somewhat-Bearish,0.958699,-0.343452,Somewhat-Bearish
AAPL,Phunware (PHUN) stock closes up 471% on Trump Truth Social network rumor,"Phunware (PHUN) stock surged 471% on an unsubstantiated rumor linking the company to Donald Trump's new Truth Social network. This followed a similar massive gain by Digital World Acquisition Corp (DWAC), which is merging with Trump Media & Technology Group. The article highlights the volatile and often irrational nature of the stock market, comparing these movements to meme stocks and other speculative investments in 2021.",https://www.shacknews.com/article/127291/phunware-phun-stock-closes-up-471-on-trump-truth-social-network-rumor,Shacknews,Shacknews,20211022T182019,https://d1lss44hh2trtw.cloudfront.net/resize?type=webp&url=https%3A%2F%2Fshacknews-www.s3.amazonaws.com%2Fassets%2Farticle%2F2021%2F10%2F22%2Fphunware-phun-stock-dwac-trump-truth-social-rumor-rational-stock-market_feature.jpg&width=1032&sign=rmOHderls5fcOulRx9S1_lUQNGdLxp5mqz-hLk6fT4o,0.422665,Bullish,0.646025,0.337934,Somewhat-Bullish
AAPL,Apple’s New AirPods Are Pandemic-Proof,"The review highlights the new Apple AirPods 3, emphasizing that their shorter stems make them ""pandemic-proof"" by not interfering with face mask loops, solving a common frustration. While also noting improved sound and battery life, the author positions the mask compatibility as the most significant enhancement. The article also discusses spatial audio, battery life, and sweat resistance, concluding with advice on which AirPods model to consider based on user needs.",https://www.buzzfeednews.com/article/katienotopoulos/airpod-3-review,BuzzFeed News,BuzzFeed News,20211025T165600,,0.418338,Bullish,1.000000,0.423908,Bullish
AAPL,PayPal says it is currently not pursuing Pinterest acquisition,"PayPal has announced it is not currently pursuing an acquisition of Pinterest, following media reports last week of a potential $45 billion deal. This news caused Pinterest's share price to drop over 12%, though analysts suggest Pinterest might still attract other bidders due to its valuation and recent share decline. The potential deal had faced skepticism from investors and analysts, who highlighted significant integration risks and PayPal's lack of experience in user engagement platforms.",https://www.reuters.com/technology/paypal-says-is-not-pursuing-acquisition-pinterest-2021-10-25/,Reuters,Reuters,20211025T195600,https://www.reuters.com/resizer/v2/N7QSMU4HGBK3DB5JWVDRTQRPHQ.jpg?auth=a841a06f14ff7fe7c51997544ccecdb175ae33d0efdb2c0bbb9a4eef34373bc0&width=1920&quality=80,0.145637,Neutral,0.591386,0.108527,Neutral
AAPL,How’s 5G standalone doing in the U.S.?,"Rogers Communications has launched Canada's first national standalone 5G core, highlighting a disparity with the U.S. where adoption has been slower. T-Mobile is currently the only major U.S. operator with a commercial nationwide standalone 5G network, while AT&T is still testing and Verizon is gradually integrating it. The benefits of standalone 5G, such as lower latency and network slicing, are primarily realized by enterprises and specific advanced devices, though wider consumer benefits are expected to develop over time.",https://www.fierce-network.com/operators/how-s-5g-standalone-doing-u-s,Fierce Network,Fierce Network,20211026T122300,"https://qtxasset.com/cdn-cgi/image/format=auto,fit=contain,w=500,quality=100,metadata=none/https://qtxasset.com/quartz/qcloud4/media/image/Qualcomm-White-Resized_0.png?VersionId=i9By.7Bny3LRCeQ8fOI9AV72bxbQHFOR",0.09231,Neutral,0.626223,0.111588,Neutral
AAPL,Bradesco Cartões burla regra da App Store com pedido de rastreamento,"Bradesco Cartões is accused of violating Apple's App Store rules by restricting app functionalities if users deny tracking. The app requires tracking for full features, claiming it's for fraud prevention, despite Apple's guidelines prohibiting such demands. While Bradesco states its app passed Apple's verification, Apple has not yet commented on the situation.",https://macmagazine.com.br/post/2021/10/27/bradesco-cartoes-burla-regra-da-app-store-com-pedido-de-rastreamento/,MacMagazine,MacMagazine,20211027T174821,https://macmagazine.com.br/wp-content/uploads/2021/10/27-app-bradesco-privacidade-1260x1207.png,-0.294905,Somewhat-Bearish,0.721249,-0.204416,Somewhat-Bearish
AAPL,These 10 Stocks Make Up 87% of Warren Buffett's Portfolio,"This article details the top 10 stock holdings in Warren Buffett's Berkshire Hathaway portfolio, which collectively account for 87% of its $329.7 billion valuation. It highlights Buffett's belief that diversification isn't essential if one knows their investments well. The individual stocks, including Apple, Bank of America, and Coca-Cola, are discussed with brief explanations for their inclusion and performance.",https://www.fool.com/investing/2021/10/26/10-stocks-make-up-87-of-warren-buffetts-portfolio/,The Motley Fool,The Motley Fool,20211027T175022,https://g.foolcdn.com/image/?url=https%3A%2F%2Fg.foolcdn.com%2Feditorial%2Fimages%2F648039%2F16756851854_91c8a910c8_k.jpg&w=3840&op=resize,0.376507,Bullish,0.912449,0.567802,Bullish
AAPL,Intel 12th Gen Core Alder Lake Details at Intel Innovation 2021,"Intel unveiled its 12th Gen Core Alder Lake architecture at Intel Innovation 2021, marking a significant architectural shift with a hybrid design combining performance (P-cores) and efficient (E-cores) cores. The platform also introduces support for DDR5 and PCIe Gen5, aiming to enhance multi-tasking performance and scalability across various form factors. This announcement sets the stage for a new generation of Intel processors focusing on diverse workloads and improved efficiency.",https://www.servethehome.com/intel-12th-gen-core-alder-lake-details-at-intel-innovation-2021/,ServeTheHome,ServeTheHome,20211027T180803,https://www.servethehome.com/wp-content/uploads/2021/10/Intel-Core-i9-12900K-and-Core-i5-12600K-Cover-696x488.jpg,0.235301,Somewhat-Bullish,0.616762,0.137387,Neutral
AAPL,"Apple charges forward to 2030 carbon neutral goal, adding 9 gigawatts of clean power and doubling supplier commitments","Apple has significantly advanced its 2030 carbon neutral goal, doubling the number of suppliers committed to 100 percent clean energy to 175. This initiative is expected to bring online over 9 gigawatts of clean power and avoid more than 18 million metric tons of CO2e annually. Additionally, Apple is supporting 10 new ""Power for Impact"" projects globally to bring clean energy solutions to under-resourced communities and reduce its carbon footprint.",https://www.apple.com/newsroom/2021/10/apple-charges-forward-to-2030-carbon-neutral-goal-adding-9-gigawatts-of-clean-power-and-doubling-supplier-commitments/,Apple,Apple,20211027T192603,,0.319205,Somewhat-Bullish,1.000000,0.439475,Bullish
AAPL,Apple And Comcast Set Two-Way Streaming Distribution Deal,"Comcast and Apple have announced a two-way streaming distribution deal. This agreement will bring Comcast's Xfinity Stream and Sky Go apps to Apple TV, and integrate Apple TV+ onto various Comcast platforms, including Xfinity X1, Flex, XClass smart TV, Sky Q, and Sky Glass. The deal aims to enhance content aggregation and user experience across both companies' ecosystems.",https://deadline.com/2021/10/apple-comcast-streaming-distribution-deal-xfinity-1234864005/,Deadline,Deadline,20211028T064800,https://deadline.com/wp-content/uploads/2021/10/Comcast-Apple.jpg?w=681&h=383&crop=1,0.226208,Somewhat-Bullish,0.942476,0.441446,Bullish
AAPL,Best Impact Investing Funds & ETFs,"This article identifies top impact investing funds and ETFs for individuals looking to align their investments with social and environmental goals. It highlights five specific funds, including their expense ratios, dividend yields, and assets under management, and discusses the pros and cons of each. The piece also explains why investors choose environmentally friendly funds, emphasizing the balance between financial returns and positive societal change, and provides key considerations before investing in this sector.",https://www.asktraders.com/learn-to-trade/ethical-trading/best-impact-investing-funds-etfs/,AskTraders.com,AskTraders.com,20211028T081029,https://www.asktraders.com/wp-content/uploads/2021/10/Best-Impact-Investing-Funds-and-ETFs.jpg,0.23842,Somewhat-Bullish,0.530285,0.212444,Somewhat-Bullish
AAPL,Target adding Apple display in Mandarin store,"Target is enhancing its Mandarin store at 10490 San Jose Blvd. with a dedicated ""enhanced Apple experience"" display. The city issued a permit for the $310,000 project to create a 2,700-square-foot Apple display unit within the store, featuring new lighting and displays for various Apple products and accessories. This initiative, which debuted online and in select locations earlier in the year, aims to provide customers with an interactive experience supported by specially trained Target Tech Consultants.",https://www.jaxdailyrecord.com/news/2021/oct/28/target-adding-apple-display-in-mandarin-store/,Jacksonville Daily Record,Jacksonville Daily Record,20211028T085200,https://media.yourobserver.com/img/photos/2022/05/09/360319_standard_t1100.jpeg?31a214c4405663fd4bc7e33e8c8cedcc07d61559,0.436798,Bullish,0.924544,0.404979,Bullish
AAPL,Apple and Amazon Stock Dives Set to Erase $200 Billion in Value,"Apple (AAPL) and Amazon (AMZN) are expected to see their combined market valuation drop by over $200 billion when markets open Friday after both companies reported disappointing earnings. Apple's revenue missed expectations due to supply constraints, while Amazon's revenue forecast was below consensus and it warned of high costs impacting holiday quarter profits.",https://www.bloomberg.com/news/articles/2021-10-28/apple-and-amazon-stock-dives-set-to-erase-200-billion-in-value,Bloomberg.com,Bloomberg.com,20211028T211600,,-0.443271,Bearish,0.935204,-0.418024,Bearish
AAPL,Invesco ESG NASDAQ 100 ETF,"This page provides a comprehensive guide to the Invesco ESG NASDAQ 100 ETF (QQMG), detailing its profile, price, dividend, valuation, expense ratio, holdings, and performance metrics. It includes vital information like its inception date, index tracked, assets under management, and comparisons to alternative ETFs. The report also highlights the ETF's ESG themes and scores, geographical exposure, sector allocation, and volatility analysis.",https://etfdb.com/etf/QQMG/,ETF Database,ETF Database,20211029T100916,,0.329162,Somewhat-Bullish,0.748169,0.341358,Somewhat-Bullish
AAPL,Tesla's 'Sentry Mode' now offers live view of car to owner,"Tesla has released a new software update for its Sentry Mode, allowing owners to remotely view their car's surroundings via a live camera feed on iOS devices. This feature, called Sentry Mode Live Camera Access, requires an active Premium Connectivity subscription for full functionality. The company emphasizes that the live camera feed is end-to-end encrypted and inaccessible by Tesla.",https://auto.economictimes.indiatimes.com/news/automotive/teslas-sentry-mode-now-offers-live-view-of-car-to-owner/87354823,ET Auto,ET Auto,20211029T101100,,0.384432,Bullish,0.700487,0.320888,Somewhat-Bullish
AAPL,Apple and Amazon are a Drag on Stocks as Big Tech Fail to Impress,"Apple and Amazon stocks experienced drops due to supply chain issues, lower sales, product shortages, and increased operational costs, failing to impress investors despite some segments showing growth. In contrast, energy companies Chevron and Exxon Mobil reported better-than-expected earnings. The article also highlights the growing importance and profitability of cloud computing, with Amazon Web Services leading the market while other tech giants like Microsoft, Alphabet, and IBM also make significant strides in this sector.",https://www.benzinga.com/article/23747270,Benzinga,Benzinga,20211029T101900,"https://cdn.benzinga.com/cdn-cgi/image/width=1300,format=auto,quality=85/files/images/story/2025/07/24/article-header-background-image.png",-0.188911,Somewhat-Bearish,0.988243,-0.300310,Somewhat-Bearish
AAPL,Microsoft unseats Apple as most valuable company,"Microsoft has surpassed Apple to become the world's most valuable company following Apple's rare quarterly sales miss due to chip shortages and supply chain issues. Microsoft currently holds a market capitalization of approximately $2.48 trillion, slightly exceeding Apple's $2.47 trillion. This shift comes after Apple reported fourth-quarter sales below Wall Street's projections, while Microsoft's first-quarter revenue significantly beat expectations, driven by strong growth in its Intelligent Cloud segment.",https://www.foxbusiness.com/markets/microsoft-unseats-apple-as-most-valuable-company,Fox Business,Fox Business,20211029T174345,https://cf-images.us-east-1.prod.boltdns.net/v1/static/854081161001/6cd15f07-4e8d-4664-b1e1-d39944abb356/c54129ef-f65b-4830-9276-548ba0cc30be/1280x720/match/image.jpg,0.075871,Neutral,0.951916,-0.315580,Somewhat-Bearish
AAPL,"Move over Apple, Microsoft now the world’s most valuable company","Microsoft Corp. surpassed Apple Inc. to become the world's most valuable public company after Apple's shares fell due to a $6 billion sales hit from global supply chain issues. Microsoft's stock has surged over 45% this year driven by cloud-based services demand, while Apple, despite robust share buybacks, saw its market capitalization slip below Microsoft's. Both companies face ongoing supply chain challenges, though Microsoft anticipates a strong end to the year for its cloud business.",https://www.theglobeandmail.com/investing/investment-ideas/article-apple-set-to-hand-crown-of-worlds-most-valuable-company-to-microsoft/,The Globe and Mail,The Globe and Mail,20211029T181508,https://www.theglobeandmail.com/resizer/v2/GD6AC2QDS5PWZO53SG764QHWPI.JPG?auth=26648a2492a81d27446b2d927284a4600aa551599ea71a2fce6f715caee07f05&width=600&quality=80,0.084526,Neutral,0.904696,0.109354,Neutral
AAPL,Intel CEO Pat Gelsinger’s “insane” plan to restore the company’s glory days,"Intel CEO Pat Gelsinger is implementing an ""insane"" and ambitious plan to regain the company's market leadership. This involves massive capital expenditures between $25 billion and $28 billion annually, along with $15 billion in R&D, to improve technology and capacity, especially in foundry business. The strategy aims for performance parity by 2024 and industry leadership by 2025, a bold move given Intel's recent struggles against competitors like Apple and ARM-based chips.",https://www.techrepublic.com/article/intel-ceo-pat-gelsingers-insane-plan-to-restore-the-companys-glory-days/,TechRepublic,TechRepublic,20211029T203153,,0.035438,Neutral,0.738087,-0.225560,Somewhat-Bearish
AAPL,Aktueller SIMPLIFY VOLATILITY PREMIUM ETF INTRADAY Kurs heute,"This article provides the current intraday course for the SIMPLIFY VOLATILITY PREMIUM ETF, showing its performance on June 26, 2026, with a slight increase. It also includes comparative data against major indices like DAX, EURO STOXX 50, and S&P 500, along with performance metrics over various timeframes and related investment themes and videos.",https://www.onvista.de/index/SIMPLIFY-VOLATILITY-PREMIUM-ETF-INTRADAY-Index-335017918,Onvista,Onvista,20211101T050922,,0.128405,Neutral,0.725806,0.144772,Neutral
AAPL,Apple cuts iPad production to feed chips to iPhone 13 -Nikkei,"Apple has reduced its iPad production by 50% for the past two months to reallocate components to the iPhone 13, according to Nikkei. This move highlights the impact of the global chip supply crunch on Apple, despite its strong purchasing power and supplier agreements. The company is prioritizing iPhone 13 production due to forecasted stronger demand as Western markets recover from the pandemic and increased demand in China.",https://www.reuters.com/technology/apple-cuts-ipad-production-feed-chips-iphone-13-nikkei-2021-11-02/,Reuters,Reuters,20211102T112800,https://www.reuters.com/resizer/v2/https%3A%2F%2Fcloudfront-us-east-2.images.arcpublishing.com%2Freuters%2F2YAXK7EHQJICBMK2VCPZ2NENJM.JPG?auth=12c6f1cc65db4058d8440316682701831c261e49c7198d89e5a1cd7097746487&width=800&quality=80,-0.185535,Somewhat-Bearish,1.000000,-0.222542,Somewhat-Bearish
AAPL,"Apple adds suppliers to clean-energy pledge, including more chip firms","Apple announced that 175 of its suppliers have committed to using clean energy for their work, bringing over 9 gigawatts of clean energy to power grids, as part of its goal to achieve a carbon-neutral supply chain by 2030. This expansion includes key chip manufacturers like SK Hynix Inc and STMicroelectronics, adding to previous commitments from major suppliers like Foxconn and Taiwan Semiconductor Manufacturing Co. Apple is also funding 10 smaller renewable energy projects in under-resourced communities globally.",https://www.reuters.com/business/sustainable-business/apple-adds-suppliers-clean-energy-pledge-including-more-chip-firms-2021-10-27/,Reuters,Reuters,20211102T165200,https://www.reuters.com/resizer/v2/4S53U442RBLSHBJKJ25K3Y337Y.JPG?auth=418a0da91c1074e0d7c588eef06ee7aa9f1c7d23f773410f9addb81b5fb31eca&width=960&quality=80,0.330467,Somewhat-Bullish,1.000000,0.425523,Bullish
AAPL,Another Apple Worker Says the Company Retaliated Against Her (Published 2021),"Janneke Parrish, a former Apple Maps program manager and leader of the #AppleToo activist movement, has filed a complaint with the National Labor Relations Board, alleging Apple fired her in retaliation for her activism. This escalation marks a growing conflict between Apple and some of its employees who have been vocal about workplace concerns. The situation signals a notable shift for Apple, which has historically avoided the kind of worker unrest observed at other major tech companies.",https://www.nytimes.com/2021/11/02/technology/apple-worker-retaliation.html,The New York Times,The New York Times,20211102T192605,,-0.300052,Somewhat-Bearish,0.963143,-0.337591,Somewhat-Bearish
AAPL,Netflix Adds Mobile Games to Its App for Some Users,"Netflix has begun rolling out mobile games to its app for Android users, including titles based on its popular show ""Stranger Things."" This move is part of the streaming company's strategy to attract new subscribers and increase engagement among current users. Games are expected to become available for Apple iOS devices in the coming months.",https://www.wsj.com/business/media/netflix-adds-mobile-games-to-its-app-for-some-users-11635889214?gaa_at=eafs&gaa_n=AWEtsqfz-jcoFaGGga-6MI35EySpCEbmZCCkQsiJZs2DRXNDwt_VAYiMWpH-&gaa_ts=6907c790&gaa_sig=v_CHL_u1Vkvk4Pdos8_cgsFz98VOxK-Rgn4Y9Jj3iepuzs7Y69354FJxq-Umeph-f1C7lI2Me7m1oBEqdBn8dg%3D%3D,The Wall Street Journal,The Wall Street Journal,20211102T205134,,0.152139,Somewhat-Bullish,0.634718,0.139406,Neutral
AAPL,The global chip industry has a colossal problem with carbon emissions,"The global semiconductor industry, particularly major players like TSMC, Samsung, and Intel, faces a significant challenge with carbon emissions due to the energy-intensive chip manufacturing process. While these companies have pledged to reduce their environmental impact, their emissions continue to rise with expansion, especially for TSMC, which consumes a substantial amount of Taiwan's power output. Shifting to renewable energy sources and improving energy efficiency are critical steps being taken, but turning these pledges into actual practice across complex global supply chains remains a difficult task.",https://www.cnbc.com/2021/11/03/tsmc-samsung-and-intel-have-a-huge-carbon-footprint.html,CNBC,CNBC,20211103T171527,https://image.cnbcfm.com/api/v1/image/106961444-1634328790166-From_TSMC00_52_06_24Still005.jpg?v=1730134180&w=750&h=422&vtcrop=y,0.139785,Neutral,0.720729,0.103278,Neutral
AAPL,Monthly Market Wrap - October 2021,"The October 2021 market wrap highlights a month of economic observations including rising inflation, the Federal Reserve's anticipated tapering, and varied performance across domestic and international equities. It also covers positive trends in alternative investments and the increasing integration of ESG factors into investment strategies. The report details specific market indices and economic indicators, providing a comprehensive overview of the financial landscape during the month.",https://www.etftrends.com/etf-strategist-channel/monthly-market-wrap-october-2021/,ETF Trends,ETF Trends,20211103T201126,,0.18221,Somewhat-Bullish,0.702030,0.002655,Neutral
AAPL,Qualcomm forecast beats estimates as diversification efforts pay off,"Qualcomm Inc. reported better-than-expected profits and revenue forecasts, driven by strong demand for chips across various sectors including phones, cars, and IoT devices. The company's diversification strategy, which involves supplying chips for Android phones replacing Huawei units and utilizing multiple foundries, has paid off amidst global supply chain challenges. Qualcomm's CEO Cristiano Amon confirmed that securing additional chip supplies earlier in the year was successful, contributing to their record guidance.",https://www.reuters.com/technology/qualcomm-forecast-beats-estimates-diversification-efforts-pay-off-2021-11-03/,Reuters,Reuters,20211103T221600,https://www.reuters.com/resizer/v2/F3ZFPS3UW5KORHMJRG7WQX5BLE.jpg?auth=33b1bd561e0fc3f17ef0352d26fa1b53c369494cece78d15c0558ba642fba0b82&width=1080&quality=80,0.394423,Bullish,0.719676,0.146840,Neutral
AAPL,Apple's software boss warns against draft EU policy on App Store,"Apple's software boss, Craig Federighi, cautioned against a draft EU policy that could mandate allowing third-party software installations outside its App Store. Federighi argued that such a move, known as ""sideloading,"" would make iOS devices vulnerable to malware and cybercriminal attacks. Critics, including Spotify, view Apple's stance as an anti-competitive tactic to maintain control and high commission fees, while Apple emphasizes user safety and security through its current App Store policies.",https://www.reuters.com/technology/apples-software-boss-warns-against-draft-eu-policy-app-store-2021-11-03/,Reuters,Reuters,20211103T224600,https://www.reuters.com/resizer/v2/OBW67CIHSBMCXISBDMDYV4V4WU.jpg?auth=c0cbe243ec5284089580e186d34d012362c37b9a61600a4d17838cf23443ce18&width=1080&quality=80,-0.239236,Somewhat-Bearish,1.000000,-0.316823,Somewhat-Bearish
AAPL,"PALCUS announces new mobile app, logo and brand identity","The Portuguese-American Leadership Council of the United States (PALCUS) is launching a new mobile app designed to be a central hub for the Portuguese-American community. The app will facilitate networking, share information about businesses and events, and provide resources for elected officials and organizations. Concurrently, PALCUS is unveiling a redesigned logo and brand identity to reflect its renewed focus on advocacy, youth leadership, and modern digital engagement after 30 years of service.",https://www.heraldnews.com/story/news/local/ojornal/2021/11/04/palcus-announces-new-mobile-app-logo-and-brand-identity/6284512001/,Fall River Herald News,Fall River Herald News,20211104T165305,https://www.heraldnews.com/gciaf/prod/p?a=pageview&p=NHER-TEALIUM-TANGENT&m=web&k=f14ebdd6-0569-4c64-af73-99937bc06379&s=noscript,0.299181,Somewhat-Bullish,0.643968,0.264051,Somewhat-Bullish
AAPL,How To Target Your Audience Without Third-Party Cookie Data,"This article explores the impending demise of third-party cookies by late 2023 and its implications for digital advertising. It discusses how advertisers will face challenges in targeting ads and measuring performance, and outlines three potential scenarios for digital ad targeting: walled gardens, a consent economy, and identity innovation. The article also provides strategies for marketers to adapt, focusing on first-party data, direct publisher relationships, and contextual advertising.",https://www.gartner.com/en/digital-markets/insights/digital-advertising-without-third-party-cookies,Gartner,Gartner,20211104T203218,,0.277481,Somewhat-Bullish,0.720523,0.273740,Somewhat-Bullish
AAPL,‘Business needs a noble purpose and a human-centric approach — these core principles revived Best Buy’,"Hubert Joly, former CEO of Best Buy, discusses how a human-centric approach and noble purpose revived the company, leading its share price to rise 11-fold. He emphasizes that putting people at the center and embracing all stakeholders is crucial for businesses today, especially in navigating challenges like the pandemic and climate change. Joly argues that the ""Milton Friedman doctrine"" of profit-first is outdated and highlights companies like Microsoft, Ralph Lauren, and Unilever as examples of successful human-centric models.",https://m.economictimes.com/news/et-evoke/business-needs-a-noble-purpose-and-a-human-centric-approach-these-core-principles-revived-best-buy/articleshow/87543159.cms,The Economic Times,The Economic Times,20211105T220300,,0.33501,Somewhat-Bullish,0.589905,0.284451,Somewhat-Bullish
AAPL,How Intel plans to catch Samsung and TSMC and regain its dominance in the chip market,"Intel CEO Pat Gelsinger has outlined an ambitious plan to regain dominance in the chip market by 2025, aiming to surpass competitors Samsung and TSMC. The strategy involves significant investment in new fabrication plants globally, totaling over $44 billion, and opening Intel's fabs to other companies through Intel Foundry Services. This move addresses past production missteps and aims to leverage government subsidies like the CHIPS Act to boost U.S. chip manufacturing.",https://www.cnbc.com/2021/11/06/how-intel-plans-to-catch-up-to-samsung-and-tsmc-with-44-billion-of-new-global-chip-fabs.html,CNBC,CNBC,20211106T171526,https://image.cnbcfm.com/api/v1/image/106971780-1636150739690-GettyImages-1187294928.jpg?v=1658147193&w=750&h=422&vtcrop=y,0.139339,Neutral,0.718311,0.139140,Neutral
AAPL,Supply chain problems crimp profit at Buffett's Berkshire Hathaway; cash sets record,"Berkshire Hathaway reported that global supply chain disruptions significantly impacted its ability to generate profit in the third quarter of 2021, leading to an 18% rise in operating profit that still missed analyst forecasts. While net income fell 66% due to lower stock gains, the company's cash hoard reached a record $149.2 billion, reflecting reduced acquisitions and substantial stock buybacks. Supply chain issues also caused price increases for materials and freight, labor shortages, and reduced sales for various Berkshire businesses.",https://www.reuters.com/business/buffetts-berkshire-hathaway-boosts-operating-profit-lower-stock-gains-hurt-net-2021-11-06/,Reuters,Reuters,20211106T192100,https://www.reuters.com/resizer/v2/RPOLRBRLJJPRBK6DN5RTNMOCQ4.jpg?auth=f009b42cb94c8743b9ac3f5da21a6fd5abd1a9dc79f6f25fe1913868fd5a7ef3&width=1920&quality=80,-0.186781,Somewhat-Bearish,0.743665,-0.206242,Somewhat-Bearish
AAPL,The Future of Netflix’s Gaming Service Rests With Apple’s App Store Rules,"Netflix's ambitious plans for its gaming service, aimed at customer retention and acquisition, face a significant hurdle: Apple's App Store rules. While Netflix's gaming offering is currently limited, particularly on Android, its expansion on iOS could be severely constrained by Apple's policies. This highlights a potential conflict between Netflix's strategic growth in gaming and Apple's control over its ecosystem.",https://www.bloomberg.com/news/newsletters/2021-11-07/apple-aapl-may-eventually-limit-netflix-nflx-gaming-push-on-iphone-ipad-kvploqtj,Bloomberg.com,Bloomberg.com,20211107T190000,https://assets.bwbx.io/images/users/iqjWHBFdfxIU/ivy0567l0Fjs/v0/1200x800.jpg,-0.225943,Somewhat-Bearish,0.936878,-0.230766,Somewhat-Bearish
AAPL,Apple Music expands Chinese music reservoir via Tencent deal,"Apple Music is partnering with Tencent Music Entertainment (TME) to allow musicians participating in TME's ""Music Cloud"" program to distribute their works globally through Apple Music. This deal will give Apple Music users access to more Chinese artists. While details are vague, the ""Music Cloud"" program primarily supports independent musicians and comes amidst China's antitrust crackdowns on TME, pushing it to relinquish exclusive music rights.",https://techcrunch.com/2021/11/08/apple-music-tencent-china/,TechCrunch,TechCrunch,20211108T173717,https://techcrunch.com/wp-content/uploads/2018/12/tencent-music-tme.jpg?w=1024,0.118434,Neutral,0.722533,0.229229,Somewhat-Bullish
AAPL,"Adobe issued a DMCA request to remove Clean Flash, an open source project that continued to support Flash","Adobe has issued a DMCA request to shut down the ""Clean Flash"" open-source project, which aimed to continue supporting Adobe Flash Player worldwide after its official end-of-life on December 31, 2020. While Adobe officially stopped global distribution of Flash, it still supports the technology in China and for businesses, leading Clean Flash to provide a working and updated version independently. This move highlights ongoing debate within the developer community about the preservation of Flash content versus moving entirely to open standards like HTML5.",https://blog.desdelinux.net/en/adobe-issued-a-dmca-request-to-remove-clean-flash-an-open-source-project-that-continued-to-support-flash/,Desde Linux,Desde Linux,20211108T192628,,0.074803,Neutral,0.708937,0.106448,Neutral
AAPL,Google’s parent Alphabet breaches $2 trillion in market value,"Google's parent company, Alphabet Inc., reached a $2 trillion market valuation for the first time, driven by strong growth in digital advertising and its cloud business. This puts Alphabet in an exclusive club with Apple Inc. and Microsoft Corp., with analysts remaining optimistic about its future growth due to a cheaper valuation and increasing cloud adoption.",https://www.aljazeera.com/economy/2021/11/8/googles-parent-alphabet-breaches-2-trillion-in-market-value,Al Jazeera,Al Jazeera,20211108T202216,,0.387753,Bullish,0.724981,0.335177,Somewhat-Bullish
AAPL,"An original Apple-1 computer sells for $400,000","An original Apple-1 computer, one of only 200 designed by Steve Wozniak and Steve Jobs, was sold for $400,000 at auction. The computer, known as the ""Chaffey College"" Apple-1, was initially sold for $666.66 in 1976 and represents a significant piece of personal computing history. Its koa wood case is one of only six known to exist, making it a rare collector's item.",https://www.npr.org/2021/11/09/1053895250/an-original-apple-1-computer-sells-for-400-000,NPR,NPR,20211109T164300,,0.224064,Somewhat-Bullish,0.975802,0.205352,Somewhat-Bullish
AAPL,Salesforce CEO Benioff invests in search engine startup You.com,"Salesforce CEO Marc Benioff has invested $20 million in You.com, a startup aiming to challenge Google's dominance in search with a more customizable and privacy-focused engine. Benioff transferred ownership of the You.com domain name, which he had owned since the 1990s, to the startup. You.com, founded by former Salesforce AI scientists, plans to differentiate itself by not tracking users or selling ""privacy-invasive ads,"" instead focusing on revenue from transactions and helping publishers generate ad revenue.",https://www.reuters.com/technology/salesforce-ceo-benioff-invests-search-engine-startup-youcom-2021-11-09/,Reuters,Reuters,20211109T171000,https://www.reuters.com/resizer/vP7J_iE7xTzx5Z-Y_4_j-d90c00=/960x0/filters:quality(80)/cloudfront-us-east-2.images.arcpublishing.com/reuters/J5H7Z3HCNNLKNHX4W2R3S7O7KM.jpg,0.240132,Somewhat-Bullish,0.612132,0.117966,Neutral
AAPL,"Google-owner Alphabet breaches $2 trillion market cap, joins Apple and Microsoft","Google's parent company, Alphabet Inc., reached a $2 trillion market capitalization for the first time, driven by increased digital ad spending and growth in its cloud business. This achievement places Alphabet alongside Apple and Microsoft in the exclusive $2 trillion club. The company reported a record third quarter in 2021 with $65.1 billion in earnings.",https://english.aaj.tv/news/30270995/,Aaj English TV,Aaj English TV,20211109T202217,,0.605399,Bullish,0.712189,0.517250,Bullish
AAPL,"Google loses challenge against EU antitrust ruling, $2.8-bln fine","Alphabet's Google unit lost an appeal against a 2.42-billion-euro ($2.8-billion) antitrust decision by the EU related to its price comparison shopping service. This ruling marks a significant win for Europe's competition chief, Margrethe Vestager, and could strengthen the EU's position in ongoing investigations into other major tech companies like Amazon, Apple, and Facebook. Google stated it would review the judgment and has already complied with the Commission's order to ensure a level playing field.",https://www.reuters.com/technology/eu-court-upholds-eu-antitrust-ruling-against-google-2021-11-10/,Reuters,Reuters,20211110T143000,https://www.reuters.com/resizer/v2/SPZ7A3Y6QFLTZE6U3J2J7EQCYU.jpg?auth=5466c2dca81295475de2786a2c4c735d1701eb785fb453fab2a50fd8c2480b17&width=1080&quality=80,-0.081239,Neutral,0.629343,0.146687,Neutral
AAPL,What Does iOS 14.5 Mean for Marketers? A Deep Dive into Apple’s ATT and PCM,"The iOS 14.5 update significantly impacts app advertisers due to Apple's App Tracking Transparency (ATT) framework, which limits the use of Identifier for Advertisers (IDFA) by requiring explicit user consent for tracking. While web audiences are less affected, app-to-app tracking is heavily restricted, leading to fewer reported conversions. The article suggests strategies for marketers, such as separating Android and iOS traffic and optimizing for upper-funnel events, to navigate these changes.",https://www.taboola.com/marketing-hub/what-does-ios-14-5-mean-for-marketers/,Taboola.com,Taboola.com,20211110T173619,https://www.taboola.com/wp-content/uploads-neo/2024/11/shutterstock_1873828717-1-1-scaled-1-300x191.jpg,-0.079833,Neutral,1.000000,-0.442231,Bearish
AAPL,Tencent Music brings catalog of Chinese tracks to Apple Music worldwide,"Tencent Music Entertainment (TME) has partnered with Apple Music to make its catalog of Chinese music available worldwide through TME Music Cloud. This collaboration aims to introduce global audiences to China's unique music culture and genres, supporting the international development of Chinese musicians. TME reported strong growth in its independent musician platform and online music paying users in Q3 2021, despite a slight decline in overall mobile MAUs.",https://www.musicbusinessworldwide.com/tencent-music-brings-catalog-of-chinese-tracks-to-apple-music-worldwide/,Music Business Worldwide,Music Business Worldwide,20211110T173716,https://www.musicbusinessworldwide.com/jobs/files/2025/07/Apple.jpg,0.178263,Somewhat-Bullish,0.742079,0.320248,Somewhat-Bullish
AAPL,"Apple's original computer fetches $400,000 at US auction","An original Apple-1 computer, built by Steve Wozniak and Steve Jobs in 1976, was sold for $400,000 at a US auction. The rare, functioning computer with a Hawaiian koa wood case is one of only 200 made and had only two previous owners. This model is considered a ""holy grail"" for vintage electronics collectors, though it wasn't the highest-selling Apple-1 to date.",https://www.bbc.com/news/technology-59222749,BBC,BBC,20211110T192603,,0.293695,Somewhat-Bullish,0.971788,0.276494,Somewhat-Bullish
AAPL,5 Charts on General Electric's Fall From Grace,"This article details General Electric's significant decline in value over the past two decades, from once being the most valuable company globally to its current 75th position in the U.S. stock market. It attributes GE's fall to a deterioration of culture, poor capital allocation decisions, and an over-reliance on its financial unit. The article discusses GE's recent decision to split into three companies (aviation, healthcare, and energy), a move applauded by analysts and seen as a potential catalyst for closing the persistent price/value gap for the stock.",https://www.morningstar.com/stocks/5-charts-general-electrics-fall-grace,Morningstar,Morningstar,20211110T194754,,0.108249,Neutral,0.637737,0.141737,Neutral
AAPL,Cinemark Welcomes Moviegoers to New Roseville Galleria Theatre on Nov. 11,"Cinemark officially opened its new 14-screen Cinemark Roseville Galleria Mall and XD theatre in the Westfield Galleria at Roseville on November 11, 2021. This new location aims to provide an upgraded, immersive entertainment experience for the Sacramento area, featuring luxury loungers, XD auditoriums, laser projection, and expanded concession options. To celebrate the grand opening, Cinemark offered a one-month free trial of its Movie Club to the first 1,000 visitors.",https://www.businesswire.com/news/home/20211111005867/en/Cinemark-Welcomes-Moviegoers-to-New-Roseville-Galleria-Theatre-on-Nov.-11,Business Wire,Business Wire,20211111T170111,https://mms.businesswire.com/media/20211111005867/en/926324/4/Cinemark_Roseville_Galleria_Mall_and_XD.jpg?download=1,0.110775,Neutral,0.563892,0.038108,Neutral
AAPL,Exclusive: First Sonos headphones could use this RHA design,"British audio brand RHA's cancelled ""Atlas"" headphones could provide the design blueprint for Sonos's first venture into the headphone market. Sonos recently acquired a majority stake in Origin North Ltd. (formerly RHA), suggesting they may leverage RHA's technology and designs. The Atlas headphones were sophisticated, featuring ANC, spatial audio, Hi-Res Bluetooth, and Google Assistant, with a projected price similar to Apple's AirPods Max.",https://www.techadvisor.com/article/745160/exclusive-first-sonos-headphones-could-use-this-rha-design.html,Tech Advisor,Tech Advisor,20211111T173430,https://www.techadvisor.com/wp-content/uploads/2022/06/sonos_headphones_trademark_filing_2021.png?w=1024,0.179679,Somewhat-Bullish,0.706001,0.128395,Neutral
AAPL,"Extended Warranty Revenue Trends, 11 November 2021","This article analyzes extended warranty revenue trends through the financial data of four key companies: Assurant Inc., Frontdoor Inc., Lowe's Companies Inc., and Apple Inc. It suggests that 2020 and 2021 have been strong years for the product protection industry, despite initial pandemic lockdowns. The report details revenue and profit growth for these companies' respective extended warranty programs, concluding that the industry experienced no recession and is breaking records for growth and profitability.",https://www.warrantyweek.com/archive/ww20211111.html,Warranty Week,Warranty Week,20211111T192705,,0.300176,Somewhat-Bullish,0.706339,0.242571,Somewhat-Bullish
AAPL,"Alibaba's Singles Day sales grow just 8.5%, slowest pace ever","Alibaba Group Holding Ltd reported an 8.5% growth in sales during its annual Singles' Day shopping event, marking the slowest pace ever for the e-commerce giant. This slowdown is attributed to strong regulatory and supply chain headwinds affecting Chinese tech firms. Alibaba also shifted its focus from sales figures to social welfare initiatives, toning down the traditional marketing hype amid ongoing regulatory tightening.",https://www.reuters.com/technology/chinas-alibaba-kicks-off-final-hours-singles-day-shopping-event-2021-11-10/,Reuters,Reuters,20211112T055500,https://www.reuters.com/resizer/v2/SYHW2JVPCZKZNFFJIXDKBLWLTQ.jpg?auth=3ce2e29b3af04bf769bcedbe6679f9a8b9e0022a3d66aaf7c4306f862fcf96f3&width=1080&quality=80,-0.090904,Neutral,0.744753,0.144033,Neutral
AAPL,"Moviegoers Can Now Use Bitcoin, Ether at AMC Theatres","AMC Theatres now accepts Bitcoin, Ether, and several other cryptocurrencies and digital payment platforms for movie tickets, aiming to attract crypto-savvy customers. This move highlights the growing acceptance of digital currencies in mainstream business, creating new opportunities for exchange-traded funds (ETFs) that offer exposure to cryptocurrency or blockchain technology. Investors can gain exposure through ETFs like Amplify Transformational Data Sharing ETF (BLOK) for blockchain or by investing in companies like AMC via the SoFi Social 50 ETF (SFYF).",https://etfdb.com/crypto-channel/moviegoers-can-now-use-bitcoin-ether-at-amc-theatres/,ETF Database,ETF Database,20211115T195130,,0.263713,Somewhat-Bullish,0.748220,0.241144,Somewhat-Bullish
AAPL,"6 Things You Didn't Know About Cisco Networking Systems, Inc.","This article reveals six lesser-known facts about Cisco Networking Systems, Inc., highlighting its origins, challenges, past market dominance, ventures into consumer electronics, divestitures, and its fastest-growing cybersecurity business. It aims to provide investors with a broader understanding beyond Cisco's reputation as a mature growth company focused on networking products.",https://vocal.media/journal/6-things-you-didn-t-know-about-cisco-networking-systems-inc,vocal.media,vocal.media,20211116T170212,"https://res.cloudinary.com/jerrick/image/upload/d_642250b563292b35f27461a7.png,f_jpg,fl_progressive,q_auto,w_1024/61617d0e4f728c001e028dd8.jpg",0.242652,Somewhat-Bullish,0.603100,0.308271,Somewhat-Bullish
AAPL,China’s property crackdown sinks economic growth to 90s levels,"China's economy is experiencing a significant slowdown, reaching levels last seen in the 1990s, largely due to President Xi Jinping's crackdown on the real estate sector. This policy aims to reduce the economy's reliance on property and redirect investment towards high-tech manufacturing, despite economists predicting a substantial drop in GDP growth for 2022. The crackdown, coupled with China's strict ""zero-COVID"" policy, is impacting consumer spending and causing concern among global financial institutions.",https://www.aljazeera.com/economy/2021/11/16/chinas-property-crackdown-sinks-economic-growth-to-90s-levels,Al Jazeera,Al Jazeera,20211116T172411,https://www.aljazeera.com/wp-content/uploads/2021/06/chinatrade.jpg?resize=770%2C513&quality=80,-0.251756,Somewhat-Bearish,0.711086,-0.342073,Somewhat-Bearish
AAPL,PayPal’s Legal Chief Louise Pentland to Depart at Year’s End (2),"Louise Pentland, PayPal's chief business affairs and legal officer, is set to depart the company on December 31st after nearly seven years. She will be replaced by Bimal Patel as general counsel in January. Pentland entered a separation agreement with PayPal, which includes a cash payment of over $2.5 million.",https://news.bloomberglaw.com/business-and-practice/paypals-legal-chief-louise-pentland-to-depart-at-years-end,Bloomberg Law News,Bloomberg Law News,20211116T172930,https://news-api.bloomberglaw.com/v1/resize-image?url=http%3A%2F%2Fbloomberg-bna-brightspot.s3.amazonaws.com%2F99%2F13%2F8391d6684125adaf136c67d23bdb%2Fpaypal.jpg&width=1240&height=480&fit=cover&crop=3998x1541%2B0%2B668,0.005759,Neutral,0.635579,0.011649,Neutral
AAPL,Deal with Tencent Music brings Chinese song catalogue to Apple Music,"Tencent Music Entertainment Group has struck a deal to bring music from Chinese labels and artists, managed through its TME Music Cloud, to Apple Music globally. This collaboration aims to promote Chinese music culture and artists internationally, offering distribution, promotion, royalty settlements, and data insights. The move highlights Tencent Music's expanding international partnerships despite facing domestic regulatory pressure regarding its market dominance.",https://routenote.com/blog/tencent-music-catalogue-on-apple-music/,RouteNote,RouteNote,20211116T173716,https://routenote.com/blog/wp-content/uploads/2021/11/tencent.png,0.167962,Somewhat-Bullish,0.935607,0.338711,Somewhat-Bullish
AAPL,"Qualcomm forecasts post-Apple sales growth, shares hit all-time high","Qualcomm Inc. expects its chip sales to Apple Inc. to significantly decrease in the coming years as Apple develops its own modem chips. However, Qualcomm anticipates robust growth in other sectors like autonomous cars, the internet of things, and virtual reality headsets, which led to its shares hitting a record high. The company projects substantial revenue increases from automotive and IoT divisions, offsetting the expected decline from Apple.",https://www.reuters.com/technology/qualcomm-estimates-apple-will-self-supply-up-80-iphone-modem-chips-by-2023-2021-11-16/,Reuters,Reuters,20211116T213400,https://www.reuters.com/resizer/v2/https%3A%2F%2Fcloudfront-us-east-2.images.arcpublishing.com%2Freuters%2F2U4C26VGRZOVLMSZ45VFF2F3BM.JPG?auth=d99df8549ce41103ad94e41d8e136bfe862803b984534f19b22a2bb7f5b72166&width=1200&height=628&smart=true,0.215885,Somewhat-Bullish,0.948068,-0.602648,Bearish
AAPL,Target Continues to Grow; Updates Holiday Guidance,"Target reported strong third-quarter earnings, exceeding expectations with robust growth across all five core categories, leading the company to raise its fourth-quarter holiday guidance. Despite these positive results and increased inventory for the holiday season, Target's shares fell due to investor concerns about ongoing supply chain issues and inflationary pressures. CEO Brian Cornell acknowledged these challenges, emphasizing the company's agility in addressing them and its long-term investment in meeting customer demand.",https://wwd.com/business-news/financial/feature/target-earnings-holidays-1234997006/,WWD,WWD,20211117T173654,https://wwd.com/wp-content/uploads/2021/11/Target-Store-2.jpg?w=1000&h=563&crop=1,0.124945,Neutral,0.615583,0.245818,Somewhat-Bullish
AAPL,Apple announces Self Service Repair,"Apple announced Self Service Repair, allowing customers access to genuine Apple parts, tools, and manuals for self-repairs. Initially available for iPhone 12 and iPhone 13 lineups in the US in early 2022, with plans to expand to Mac computers and other countries. This program provides an additional option for customers comfortable with DIY repairs, alongside Apple's existing network of authorized service providers.",https://www.apple.com/newsroom/2021/11/apple-announces-self-service-repair/,Apple,Apple,20211117T192603,,0.499054,Bullish,1.000000,0.476370,Bullish
AAPL,Exclusive first look inside Corning's new pharmaceutical vial factory,"CNBC got an exclusive look inside Corning's new pharmaceutical vial factory in Durham, North Carolina, which has the capacity to produce 500 million glass vials annually. This facility, built with partial funding from Operation Warp Speed, uses Gorilla Glass technology for enhanced durability and storage capabilities, crucial for Covid-19 vaccines. Corning CEO Wendell Weeks sees billions of dollars in opportunity for the company's pharmaceutical business.",https://www.cnbc.com/video/2021/11/18/exclusive-first-look-inside-cornings-new-pharmaceutical-vial-factory.html,CNBC,CNBC,20211118T133800,,0.35315,Bullish,0.625800,0.307544,Somewhat-Bullish
AAPL,Apple is one step closer to developing fully automated vehicles,"Apple is accelerating the development of its electric car project, codenamed ""Project Titan,"" with a renewed focus on achieving full self-driving capabilities that require no human intervention. Kevin Lynch, the new leader of the car team, is pushing for a 2025 launch for a fully autonomous vehicle, equipped with an advanced internally designed chip and a hands-off driving interior. This initiative marks a significant shift in strategy for Apple's long-running and often turbulent car project, aiming to tackle a major technical challenge within the auto industry.",https://fortune.com/2021/11/18/apple-fully-self-driving-vehicles-kevin-lynch/,Fortune,Fortune,20211118T165124,,0.115824,Neutral,0.981000,0.273862,Somewhat-Bullish
AAPL,Apple’s First GaN Charger,"Apple has introduced its first gallium nitride (GaN) charger, a 140W model for the new 16-inch MacBook Pro, marking a significant shift in power transistor technology for the company. TechInsights research confirms that GaN Systems secured the design win for this charger, highlighting the growing adoption of GaN in power electronics. This move by Apple, while not the first in the market for GaN, is expected to accelerate its integration into various applications, especially given the charger's use of the new USB Power Delivery 3.1 standard.",https://semiengineering.com/apples-first-gan-charger/,Semiconductor Engineering,Semiconductor Engineering,20211118T173529,https://i0.wp.com/semiengineering.com/wp-content/uploads/TechInsights_Apple-first-GaN-charger-fig0.jpg?resize=200%2C300&ssl=1,0.174447,Somewhat-Bullish,0.912417,0.228909,Somewhat-Bullish
AAPL,"Live Nation, Apple, Travis Scott Sued for $2 Billion Over Astroworld Disaster","Live Nation, Apple Inc., and Travis Scott are being sued for $2 billion by 282 concertgoers who claim they were injured during the Astroworld festival. The lawsuit, filed in Houston, alleges that the crowd of 50,000 people was ""incited into a frenzy,"" leading to 10 deaths and hundreds of injuries. The complaint is an amendment to an earlier lawsuit and is the largest one filed to date regarding the tragic event.",https://www.bloomberg.com/news/articles/2021-11-18/live-nation-apple-sued-for-2-billion-over-astroworld-disaster,Bloomberg.com,Bloomberg.com,20211118T181700,,-0.787278,Bearish,0.711090,-0.734747,Bearish
AAPL,How the company that makes glass for your iPhone produces vials for Covid vaccines,"Corning, known for Gorilla Glass and cookware, has rapidly expanded its pharmaceuticals business. The company opened a new factory in Durham, North Carolina, capable of producing 500 million glass vials annually for vaccines and drugs, supported by $204 million in federal funding from Operation Warp Speed. Corning also unveiled Velocity Vials, engineered to speed up manufacturing, which are already being utilized by pharmaceutical manufacturer Catalent.",https://www.cnbc.com/2021/11/18/inside-cornings-new-vaccine-vial-factory-in-north-carolina.html,CNBC,CNBC,20211118T183900,,0.279712,Somewhat-Bullish,0.617615,0.115017,Neutral
AAPL,"Julie Mehretu and Kehinde Wiley Will Redesign AmEx Platinum Cards, and Other News","Artists Julie Mehretu and Kehinde Wiley are set to redesign the American Express U.S. Platinum Card, with the new designs launching next month during Art Basel Miami Beach. American Express also announced a $1 million donation to the Studio Museum in Harlem, supporting artists of African descent and aligning with its DEI initiatives. Other news includes Burberry's ""Imagined Landscapes"" pop-up in South Korea, the Preston Bus Station receiving the World Monuments Fund/Knoll Modernism Prize, and the renaming of Staples Center to Crypto.com Arena.",https://www.surfacemag.com/articles/kehinde-wiley-julie-mehretu-redesign-amex-platinum-cards/,Surface Magazine,Surface Magazine,20211119T165517,https://images.surfacemag.com/app/uploads/2021/11/19040311/american-express-platinum-card-kehinde-wiley-julie-mehretu-event.jpg,0.226582,Somewhat-Bullish,0.744304,0.223320,Somewhat-Bullish
AAPL,This company may overtake LG as OLED supplier for Apple iPhones,"Chinese display manufacturer BOE is reportedly set to overtake LG as an OLED panel supplier for Apple iPhones. BOE is increasing its production, aiming to supply 50 million OLED units by 2022, potentially surpassing LG's projected 70 million units in 2023. Samsung remains Apple's largest OLED supplier, expected to provide 150 million units by 2022.",https://timesofindia.indiatimes.com/gadgets-news/this-company-may-overtake-lg-as-oled-supplier-for-apple-iphones/articleshow/87804269.cms,Times of India,Times of India,20211119T203500,"https://static.toiimg.com/thumb/msid-87804274,imgsize-22452,width-400,resizemode-4/87804274.jpg",-0.050769,Neutral,0.933119,0.121456,Neutral
AAPL,Apple posts internal memo affirming employees' right to discuss pay,"Apple has issued an internal memo affirming employees' right to discuss their wages, hours, and working conditions, a significant shift for the company following months of employee advocacy. This move comes after workers pushed for greater transparency regarding pay equity and faced restrictions on discussing these topics internally. The memo acknowledges rights protected under the National Labor Relations Act and is seen as a victory for Apple organizers who have filed unfair labor practice charges against the company.",https://www.nbcnews.com/tech/apple/apple-posts-internal-memo-affirming-employees-right-discuss-pay-rcna5777,NBC News,NBC News,20211119T222000,https://media-cldnry.s-nbcnews.com/image/upload/t_nbcnews-fp-1200-630/newscms/2019_37/3004386/190910-tim-cook-apple-event-kb-648.jpg,-0.22274,Somewhat-Bearish,1.000000,-0.224309,Somewhat-Bearish
AAPL,Amazon and Apple handed $225 million in Italian antitrust fines,"Italy's antitrust authority has fined Amazon and Apple a total of more than 200 million euros ($225 million) for alleged anti-competitive cooperation. The fines stem from a 2018 agreement that restricted the sale of Apple and Beats products on Amazon.it to only selected resellers, violating EU rules and impacting price competition. Both companies deny wrongdoing and plan to appeal the decision.",https://www.reuters.com/technology/italys-antitrust-fines-amazon-apple-more-than-200-mln-euros-alleged-collusion-2021-11-23/,Reuters,Reuters,20211123T114000,,-0.333948,Somewhat-Bearish,0.963678,-0.338433,Somewhat-Bearish
AAPL,Apple sues company known for hacking iPhones on behalf of governments,"Apple has filed a lawsuit against NSO Group, an Israeli firm that develops software to hack iPhones, alleging that the company weaponizes powerful state-sponsored spyware against innocent users. Apple seeks a permanent injunction to prevent NSO Group from using its software, services, or devices and is seeking damages exceeding $75,000. Additionally, Apple will donate $10 million and any lawsuit damages to organizations combating digital surveillance, while also pledging to inform iPhone users targeted by Pegasus malware.",https://www.cnbc.com/2021/11/23/apple-sues-nso-group-company-known-for-hacking-iphones-on-behalf-of-governments.html,CNBC,CNBC,20211123T130600,,0.203524,Somewhat-Bullish,0.983524,0.286772,Somewhat-Bullish
AAPL,Apple sues Israeli firm NSO Group over spyware,"Apple Inc. has filed a lawsuit against Israeli firm NSO Group, accusing it of using its Pegasus spyware to hack Apple devices and enable human rights abuses. This legal action follows previous revelations about Pegasus being used against journalists and activists, and comes after WhatsApp's successful lawsuit against NSO and US sanctions against the company. Apple is seeking financial compensation and a permanent ban on NSO from using its servers and devices, pledging to contribute damages from the lawsuit to groups fighting cyber-surveillance.",https://www.aljazeera.com/news/2021/11/23/apple-sues-israeli-firm-nso-group-over-spyware,Al Jazeera,Al Jazeera,20211123T192602,,0.348079,Somewhat-Bullish,1.000000,0.316769,Somewhat-Bullish
AAPL,20-Year Returns: Monster Eats Apple for Breakfast,"Over the past 20 years, Monster Beverage Corporation's stock has outperformed major tech companies like Apple and Amazon, increasing by over 100,000 percent. The company, an early entrant in the energy drink market, has grown significantly, recording $1.4 billion in profit on $4.6 billion in sales in 2020. Monster Beverage is now a dominant player in the energy drink market and has recently been in merger talks with Constellation Brands.",https://www.statista.com/chart/26240/20-year-stock-performance-of-monster-beverage/,Statista,Statista,20211123T204709,,0.19491,Somewhat-Bullish,0.745161,0.130655,Neutral
AAPL,"Apple files lawsuit against NSO Group, saying U.S. citizens were targets","Apple has filed a lawsuit against Israeli cyber firm NSO Group and its parent company OSY Technologies, alleging surveillance and targeting of U.S. Apple users with its Pegasus spyware. The iPhone maker is seeking to ban NSO Group from using any Apple software, services, or devices and will donate $10 million, plus any damages, to cybersurveillance research groups. NSO maintains that its tools are sold only to governments and law enforcement and have saved ""thousands of lives.""",https://www.reuters.com/technology/apple-files-lawsuit-against-nso-group-2021-11-23/,Reuters,Reuters,20211124T104800,https://www.reuters.com/resizer/v2/VNOIVNAUTBM6FCOBKBF4EATS2Y.jpg?auth=64dd53a6e5489f7abe772effb9eec775d78fab27b9368d263544bcecc329cb89&width=1080&quality=80,0.176804,Somewhat-Bullish,1.000000,0.327398,Somewhat-Bullish
AAPL,Four Ways to Reduce Security Risks Using Software Updates and Deployment Resources,"This article outlines four key strategies for organizations to enhance their cybersecurity posture by effectively managing software updates and deployments. It emphasizes the importance of subscribing to security notifications, promptly installing updates, utilizing enterprise deployment tools, and replacing unsupported software. The guidance aligns with CISA's directive on reducing known exploited vulnerabilities and highlights Adobe's resources and support for these initiatives.",https://blog.adobe.com/en/publish/2021/11/24/four-ways-to-reduce-security-risks-using-software-updates-and-deployment-resources,Adobe,Adobe,20211124T165159,,0.241675,Somewhat-Bullish,0.643250,0.105767,Neutral
AAPL,Smart tattoos and the future of wearable devices - Hardware Pioneers,"The wearable technology market is experiencing significant growth, projected to reach $57,653 million globally by 2022. The article discusses various types of modern wearables, including smartwatches, smart jewelry, and smart clothing, highlighting their capabilities in health tracking and lifestyle improvement. Looking ahead, the article points to the emergence of ""smart tattoos"" that will integrate flexible electronic sensors into the skin to monitor vital signs and bodily functions.",https://www.iotinsider.com/industries/healthcare/smart-tattoos-and-the-future-of-wearables/,IOT Insider,IOT Insider,20211124T172230,https://www.iotinsider.com/wp-content/uploads/2021/11/AdobeStock_284021502ed.jpg,0.231936,Somewhat-Bullish,0.910250,0.305150,Somewhat-Bullish
AAPL,"Apple warns Thai activists ""state-sponsored attackers"" may have targeted iPhones","Apple Inc. issued alert messages to at least six Thai activists and researchers, warning them that their iPhones may have been targeted by ""state-sponsored attackers."" This comes after Apple filed a lawsuit against Israeli cyber firm NSO Group for alleged surveillance using its Pegasus spyware. The Thai individuals targeted are perceived as critical of the current Thai government.",https://www.reuters.com/technology/apple-warns-thai-activists-state-sponsored-attackers-may-have-targeted-iphones-2021-11-24/,Reuters,Reuters,20211125T045400,https://www.reuters.com/resizer/v2/367M7R5YPFOTRCARL4WIZW3T7I.JPG?auth=12e03a9f0e2ec3a41b2f0a1c0d45dd6178ed4e528b1fe65e8a71ba1169623e1f&width=960&quality=80,-0.102446,Neutral,1.000000,-0.121640,Neutral
AAPL,"Best Buy heist: Burglars cut hole in store roof, steal merchandise ahead of Black Friday","In Spanish Fort, Alabama, burglars cut a hole in the roof of a Best Buy store and stole a significant amount of computer and electronics equipment, primarily Apple products, just days before Black Friday. Police described the incident as a professional operation, noting the thieves spent several hours inside the store and left a ladder and tools behind. Best Buy's CEO recently acknowledged an increase in theft affecting employees and company security.",https://ktvz.com/cnn-regional/2021/11/25/best-buy-heist-burglars-cut-hole-in-store-roof-steal-merchandise-ahead-of-black-friday/,KTVZ,KTVZ,20211125T165558,https://ktvz.b-cdn.net/2021/06/ktvz.jpg,-0.267697,Somewhat-Bearish,0.702867,-0.215416,Somewhat-Bearish
AAPL,FreeStyle Libre 2 Connected to Your Phone,"Abbott announced that the FDA has cleared its FreeStyle Libre 2 apps for iPhone and Android users, allowing compatible smartphones to connect to FreeStyle Libre 2 sensors. This update addresses the growing demand for digital and connected diabetes care, enabling users to discreetly monitor their glucose with a simple scan. The FreeStyle Libre system, which now includes the ability to connect to iOS and Android devices, continues to evolve with advanced features and accuracy, serving millions of users worldwide.",https://www.abbott.com/en-us/corpnewsroom/diabetes-care/freestyle-libre-2-now-connected-to-your-iphone,Abbott,Abbott,20211130T165136,https://www.abbott.com/content/dam/corp/abbottglobal/en-us/hub/FSL2-Woman-Walking-960x430.jpg,0.428274,Bullish,0.645413,0.300491,Somewhat-Bullish
AAPL,'Spotify Wrapped' Recaps Your Listening History for 2021,"Spotify has launched its annual ""Spotify Wrapped"" feature for 2021, allowing users to review their top artists, genres, songs, and podcasts. This year's Wrapped includes new interactive elements like ""2021: The Movie,"" ""Your Audio Aura,"" and ""Playing Cards,"" and can now be shared on TikTok. While Apple Music offers a ""Replay 2021"" playlist, it lacks the in-depth personalized data and social sharing features that make Spotify Wrapped popular.",https://www.macrumors.com/2021/12/01/spotify-wrapped-2021/,MacRumors,MacRumors,20211201T073900,https://images.macrumors.com/t/XsI9En6LQM8eRf0o46GEsxxKQ2I=/400x0/article-new/2021/12/PR_2021_Top5Artists_A-1-2048x1152.jpeg?lossy,0.236721,Somewhat-Bullish,0.703598,0.127628,Neutral
AAPL,Facebook parent grabs another 1M sf in Bay Area,"Meta (Facebook's parent company) has leased an additional 1 million square feet of office space in the Bay Area, specifically in Sunnyvale and Burlingame, to reduce employee commute times and support its net-zero carbon emission goal. The lease of four buildings in Sunnyvale, totaling over 700,000 square feet, is considered the largest private-sector office lease in the U.S. this year. This expansion further solidifies Sunnyvale's position as a key office market in Silicon Valley.",https://therealdeal.com/san-francisco/2021/12/01/facebook-parent-grabs-another-1m-sf-in-bay-area/,The Real Deal,The Real Deal,20211201T104500,https://therealdeal.com/wp-content/uploads/2021/12/zuckerberg-meta-feat-1.jpg,0.173199,Somewhat-Bullish,0.621604,0.148605,Neutral
AAPL,Apple loses a top vehicle engineer to flying-taxi startup Archer Aviation,"Michael Schwekutsch, a top vehicle engineer previously with Apple's ""Project Titan"" electric vehicle initiative, has joined Archer Aviation, a startup focused on building flying taxis. His departure comes as Apple tries to accelerate its self-driving car project, sparking discussions among analysts about Apple Car's potential impact on the broader EV market, particularly on Tesla.",https://macdailynews.com/2021/12/01/apple-loses-a-top-vehicle-engineer-to-flying-taxi-startup-archer-aviation/,MacDailyNews,MacDailyNews,20211201T194400,,-0.045996,Neutral,0.902388,-0.239855,Somewhat-Bearish
AAPL,"What Stocks Are in QQQ? Rebound Likely, Good Long-Term Pick","The Invesco QQQ Trust Series 1 ETF, which tracks the Nasdaq 100, is a tech-heavy fund that experienced a nosedive following the omicron variant news and inflation concerns in December 2021. Despite this slump, the article suggests that QQQ is likely to recover due to its diverse holdings and past performance, making it a potentially smart long-term investment. The article details the top 20 holdings and the industry breakdown of the ETF.",https://marketrealist.com/p/what-stocks-are-in-qqq/,Market Realist,Market Realist,20211202T150600,,0.29018,Somewhat-Bullish,0.816022,0.262911,Somewhat-Bullish
AAPL,Apple warns suppliers of weak demand for iPhone 13 lineup - Bloomberg,"Apple Inc. has reportedly informed its parts suppliers that demand for the iPhone 13 lineup has slowed, indicating a decrease in consumer interest for the newest models. This comes after Apple had already cut production targets due to a global chip shortage, and now even those revised numbers appear unlikely to be met. The news led to a drop in Apple's shares and those of its suppliers, as consumers shift spending from new electronics to experiences like travel and outdoor activities post-pandemic.",https://www.reuters.com/technology/apple-tells-suppliers-demand-iphone-13-lineup-has-weakened-bloomberg-news-2021-12-02/,Reuters,Reuters,20211202T154500,https://www.reuters.com/resizer/v2/XGXKZ5ZXMJOHBEYSJOHMZ7NX7A.jpg?auth=5b128931808c15f1116259c4b48852b91b33ee11ba03e59a88db886ea54199c7&width=1080&quality=80,-0.373276,Bearish,1.000000,-0.443879,Bearish
AAPL,U.S. sues to block Nvidia’s $40-billion chip takeover of Arm,"U.S. antitrust officials have sued to block Nvidia's proposed $40-billion acquisition of Arm Ltd., citing concerns that the deal would stifle innovation and undermine competition in the semiconductor industry. The Federal Trade Commission argues that the merger would grant Nvidia excessive control over chip designs widely used across various technologies. The acquisition, initially valued at $40 billion in September 2020, has faced regulatory hurdles globally due to Arm's critical role as a technology licensor to hundreds of companies including Nvidia's rivals.",https://www.latimes.com/business/story/2021-12-02/u-s-sues-to-block-nvidias-40-billion-chip-takeover-of-arm,Los Angeles Times,Los Angeles Times,20211202T171900,,0.03569,Neutral,0.664595,0.116553,Neutral
AAPL,Target's gift card sale returns this weekend with 10% off discount. Here's how to save.,"Target is bringing back its annual gift card sale this weekend, offering a 10% discount on purchases up to $500 for Target store gift cards. To access the discount, customers must be members of the free Target Circle loyalty program. The gift cards can be used for personal shopping or as gifts and are redeemable in-store or online.",https://www.usatoday.com/story/money/shopping/2021/12/02/target-gift-card-sale-discount/8835649002/,USA Today,USA Today,20211202T212221,,0.185503,Somewhat-Bullish,0.626826,0.120986,Neutral
AAPL,U.S. FTC sues to block Nvidia deal to buy Arm,"The U.S. Federal Trade Commission (FTC) has sued to block Nvidia Corp's more than $80 billion acquisition of British chip technology provider Arm, citing concerns that the deal would give Nvidia undue control over crucial computing technology and designs. This move complicates an already challenging regulatory path for the acquisition, which has faced opposition from the chip industry and scrutiny from British and European Union regulators. The FTC argues the merger would harm competition, reduce innovation, and lead to higher prices by giving Nvidia the ability and incentive to undermine competitors who rely on Arm's technology.",https://www.reuters.com/technology/us-ftc-sues-block-40-billion-nvidia-deal-buy-arm-2021-12-02/,Reuters,Reuters,20211203T053200,https://www.reuters.com/resizer/v2/https%3A%2F%2Fcloudfront-us-east-2.images.arcpublishing.com%2Freuters%2FHJ73K2J74ZI4HDQ2Q5S7325F2E.jpg?auth=ea1f349c259838af291d34f0c406830588661fc8a264a2b2512f43a9959dc3b4&width=1200&height=628&quality=85&smart=true,-0.089804,Neutral,0.748898,0.097523,Neutral
AAPL,"Market Expert: Fall For Quality, Not Just Tech","An article discussing the importance of balancing tech investments with high-quality stocks. It highlights Mark Mahaney's ""dislocated high-quality"" (DHQ) investment tenet and introduces the FlexShares US Quality Low Volatility Index Fund (QLV) as a suitable option for investors seeking quality and reduced volatility.",https://etfdb.com/multi-asset-content-hub/market-expert-fall-for-quality-not-just-tech/,ETF Database,ETF Database,20211203T130909,NULL,0.218647,Somewhat-Bullish,0.703240,0.104789,Neutral
AAPL,Can Apple Take Down the World’s Most Notorious Spyware Company?,"Apple Inc. has filed a lawsuit against NSO Group Technologies and Q Cyber Technologies, the creators of the Pegasus spyware, which has been used to hack iPhones of journalists, human rights defenders, and government officials worldwide. The article details the widespread use and harmful impact of Pegasus, the background of previous legal actions against NSO Group, and analyzes Apple's legal strategy, highlighting its aggressive stance in protecting user security. The outcome of the lawsuit could significantly impact the future of malicious spyware and state-sponsored hacking.",https://slate.com/technology/2021/12/apple-lawsuit-nso-group-q-cyber-pegasus.html,Slate,Slate,20211203T141400,https://compote.slate.com/images/731c36bb-a86b-49cb-be42-eeeb2ef62eed.jpeg?crop=1560%2C1040%2Cx0%2Cy0,0.18496,Somewhat-Bullish,0.997358,0.437567,Bullish
AAPL,"Netflix, Disney Sue Streaming Sites for Copyright Infringement","Netflix, Disney, and several other major entertainment companies have filed a lawsuit against two streaming sites, AllAccessTV (AATV) and Quality Restreams, alleging copyright infringement. The companies claim that these sites are illegally selling access to their copyrighted movies and television programs without permission. The lawsuit was filed in the U.S. District Court for the Central District of California and includes plaintiffs such as Universal Studios, Paramount Pictures, Amazon, Apple, and Warner Bros.",https://news.bloomberglaw.com/ip-law/netflix-others-sue-streaming-sites-for-copyright-infringement,Bloomberg Law News,Bloomberg Law News,20211203T154400,https://news-api.bloomberglaw.com/v1/resize-image?url=http%3A%2F%2Fbloomberg-bna-brightspot.s3.amazonaws.com%2F15%2F54%2F0bf012654c8386cdd0ca655529b7%2Fnetflix-gabby-jones.jpg&width=1240&height=480&fit=cover,0.049701,Neutral,0.730478,0.124865,Neutral
AAPL,Samsung begins One UI 4 rollout to the Galaxy Note 10 and Galaxy Note 10 Plus with first beta build,"Samsung has initiated the One UI 4 beta rollout to the Galaxy Note 10 and Galaxy Note 10 Plus, making the new OS available in South Korea for unlocked devices and those from KT Corporation. While stable builds are anticipated in January 2022 for these models, following the Galaxy S21 series' update in November, the beta launch for the Note 10 series suggests a wider release will follow. This update brings Android 12 to the former flagship devices, with expectations for stable releases next month.",https://www.notebookcheck.net/Samsung-begins-One-UI-4-rollout-to-the-Galaxy-Note-10-and-Galaxy-Note-10-Plus-with-first-beta-build.582711.0.html,Notebookcheck,Notebookcheck,20211203T162545,,0.114395,Neutral,0.748284,0.140320,Neutral
AAPL,"Market Expert: Fall For Quality, Not Just Tech","A market expert suggests investors prioritize high-quality stocks over solely focusing on big tech names. Mark Mahaney of Evercore ISI advocates for investing in ""dislocated high-quality"" companies with large total addressable markets and strong innovation, rather than just trading tech stocks. The article highlights the FlexShares US Quality Low Volatility Index Fund (QLV) as an example of an ETF that focuses on quality while managing volatility.",https://etfdb.com/multi-asset-channel/market-expert-fall-for-quality-not-just-tech/,ETF Database,ETF Database,20211203T210614,,0.139346,Neutral,0.727383,0.139431,Neutral
AAPL,Nasdaq dives over 2% as tech stocks slide at end of volatile week,"Wall Street's major indexes, particularly the Nasdaq, experienced a significant decline as tech stocks slid at the end of a volatile week. This downturn was influenced by mixed jobs data, uncertainty surrounding the Omicron coronavirus variant, and the Federal Reserve's policy tightening signals. Major tech companies such as Apple, Meta Platforms, Alphabet, Amazon, Microsoft, Nvidia, and Tesla all saw their shares fall, contributing to the broader market dip.",https://www.reuters.com/markets/europe/futures-edge-lower-ahead-payrolls-report-2021-12-03/,Reuters,Reuters,20211204T010800,,0.268215,Somewhat-Bullish,0.739184,0.417452,Bullish
AAPL,Nvidia metaverse future bright even as Arm may slip from grasp,"Nvidia's acquisition of British chip technology provider Arm faces significant hurdles, with the U.S. Federal Trade Commission suing to block the deal and analysts doubting its completion. Despite this potential setback, Nvidia's future prospects remain strong, driven by its focus on artificial intelligence (AI) and the metaverse, areas where it is a leading player. The company's data center business is thriving as internet companies invest heavily in augmented and virtual reality technologies.",https://www.nippon.com/en/news/reu20211204KBN2II1IB/,nippon.com,nippon.com,20211204T163213,https://www.nippon.com/en/ncommon/contents/news/1359874/1359874.jpg,0.169543,Somewhat-Bullish,0.622008,0.131473,Neutral
AAPL,The metaverse needs aggressive regulation,"The author, a pioneer in AR/VR technology, argues for aggressive regulation of the metaverse to prevent large corporations from extensive monitoring and manipulation of users. He emphasizes the need to restrict data collection, regulate real-time marketing tactics, and ensure transparency regarding AI-controlled agents and targeted placements. The article warns that without regulation, the metaverse risks becoming an environment where powerful entities exploit user data and emotions for commercial gain.",https://venturebeat.com/ai/the-metaverse-needs-aggressive-regulation,VentureBeat,VentureBeat,20211204T203142,,-0.196621,Somewhat-Bearish,0.565260,-0.189605,Somewhat-Bearish
AAPL,Market history says omicron volatility isn't a reason for investors to sell,"Market history suggests that volatility caused by the omicron variant should not prompt investors to sell, according to Keith Lerner of Truist. He notes that 18 out of 19 major VIX spikes since 1990 were followed by S&P 500 gains a year later, averaging 20%. While short-term volatility is expected, the long-term trend, supported by an expanding economy and adapting consumers and corporations, remains positive.",https://www.cnbc.com/2021/12/05/market-history-says-omicron-volatility-isnt-a-reason-to-sell.html,CNBC,CNBC,20211205T160606,https://image.cnbcfm.com/api/v1/image/106983531-1638456593011-gettyimages-1349260364-dscf3906_2021102644230931.jpeg?v=1638461190&w=750&h=422&vtcrop=y,0.139509,Neutral,0.727605,0.211377,Somewhat-Bullish
AAPL,Apple iPhone 13 Rebates Fail to Deliver for Some Buyers,"Some customers are experiencing issues with wireless carriers denying rebates offered to promote new Apple Inc. iPhones, iPads, and Watches. This problem comes years after wireless carriers eliminated deep subsidies for phones, forcing buyers to contend with the full cost of devices. The article also briefly mentions the impact of the omicron variant on Apple and another executive departure.",https://www.bloomberg.com/news/newsletters/2021-12-05/apple-verizon-t-mobile-at-t-iphone-13-apple-watch-ipad-rebates-not-working-kwtm0hum,Bloomberg.com,Bloomberg.com,20211205T190000,,0.009728,Neutral,0.325848,0.031642,Neutral
AAPL,Stellantis to Rely on Partners in $23 Billion Software Push,"Stellantis announced a strategy to generate approximately $23 billion in additional revenue by 2030 through software-driven features in its vehicles. The automaker plans to leverage partnerships with companies like Foxconn, Waymo, and BMW to develop three new technology platforms by 2024. This initiative aims to significantly increase the number of vehicles capable of generating software revenue to 34 million.",https://www.bloomberg.com/news/articles/2021-12-07/stellantis-to-rely-on-partners-in-23-billion-software-push,Bloomberg.com,Bloomberg.com,20211207T070000,https://assets.bwbx.io/images/users/iqjWHBFdfxIU/iOWebddD09UI/v0/-1x-1.webp,0.340664,Somewhat-Bullish,0.641767,0.230045,Somewhat-Bullish
AAPL,Shachar Scott Joins Meta Reality Labs as Director of Brand & International Marketing,"Shachar Scott has been appointed as the Director of Brand and International Marketing at Meta Reality Labs, joining on December 6th, 2021. In this role, she will oversee global marketing, creative, media, and production, reporting to Brian Irving. Scott brings extensive experience from previous positions at Bumble, Snapchat, and Apple, where she focused on building and scaling global brands.",https://brand-innovators.com/shachar-scott-joins-meta-reality-labs-as-director-of-brand-international-marketing/,Brand Innovators,Brand Innovators,20211207T164115,https://brand-innovators.com/wp-content/uploads/2024/01/61ae09a5ddeab49d5db04ac0_120221_ShacharScott-2.png,0.340169,Somewhat-Bullish,0.718355,0.304704,Somewhat-Bullish
AAPL,Apple's alleged restriction on workers' Slack use sparks labor complaint,"A former Apple employee has filed a complaint with a U.S. labor regulator, alleging that Apple has restricted employees' use of the workplace messaging app Slack. The complaint claims these restrictions hinder workers' ability to engage in protected speech and organizing. This action comes amidst increasing employee activism at Apple regarding issues like pay equity and remote work, with the former employee claiming she was fired after leading such efforts.",https://www.reuters.com/technology/apples-alleged-restriction-workers-slack-use-sparks-labor-complaint-2021-12-07/,Reuters,Reuters,20211207T224800,https://www.reuters.com/resizer/v2/LMDXU5CGVVMX5N2A4GEYB6P5TM.JPG?auth=4d4f8fb44ac5e3e200155b41051515efbb753443831d1dbe5af5c65f9736f59c&width=960&quality=80,-0.298385,Somewhat-Bearish,1.000000,-0.269048,Somewhat-Bearish
AAPL,How much control should Apple have over your iPhone and the App Store?,"Apple is facing increasing scrutiny over its tight control of the App Store, which critics call a monopoly due to its exclusive app distribution, mandatory commissions, and content restrictions. While Apple argues these measures ensure user security and privacy, lawmakers and regulators worldwide are pushing for changes to increase competition, potentially leading to more app choices and lower prices for consumers, but also raising concerns about security. Despite some minor concessions, Apple largely maintains its stance, suggesting significant shifts may only occur if forced by new legislation or legal challenges.",https://www.vox.com/recode/22821277/apple-iphone-antitrust-app-store-privacy,Vox,Vox,20211208T103000,https://platform.vox.com/wp-content/uploads/sites/2/chorus/uploads/chorus_asset/file/23068618/apple_final.jpg?quality=90&strip=all&crop=5%2C0%2C90%2C100&w=2400,-0.123695,Neutral,1.000000,-0.208175,Somewhat-Bearish
AAPL,Apple Nears $3 Trillion in Market Value. Here’s Some Context,"Apple Inc. is close to reaching a $3 trillion market value, needing just a 6% increase in its stock price to hit this milestone. This achievement would make it the first company to reach such a valuation, less than four years after first surpassing $1 trillion. The company's size now rivals the entire German equity market or the U.K. economy.",https://www.bloomberg.com/news/articles/2021-12-08/apple-bulldozes-its-way-towards-3-trillion-value-tech-watch,Bloomberg.com,Bloomberg.com,20211208T115100,,0.436166,Bullish,1.000000,0.413589,Bullish
AAPL,B2C E-commerce Market May Set a New Epic Growth Story |,"A new research publication by Advance Market Analytics titled ""B2C E-commerce Market Insights, to 2026"" forecasts significant growth for the B2C e-commerce market, driven by increasing disposable income, global per capita income, and expanding internet penetration. Key players in this evolving market include Alibaba, Amazon, eBay, and Apple. The report details market trends, opportunities, drivers, and challenges, segmenting the market by type, application, brand, and product across various regions.",https://www.openpr.com/news/2489894/b2c-e-commerce-market-may-set-a-new-epic-growth-story,openPR.com,openPR.com,20211208T115300,https://cdn.open-pr.com/U/c/Uc08700236_g.jpg,0.40539,Bullish,0.617420,0.413211,Bullish
AAPL,Sonos now supports Dolby Atmos and 24-bit hi-res audio on Amazon Music,"Sonos has expanded its audio support to include Amazon Music Unlimited's hi-res and Dolby Atmos music. This allows Amazon Music subscribers to stream ""Ultra HD"" (24-bit) tracks and Dolby Atmos content on compatible Sonos devices. While Amazon offers up to 24-bit/192kHz, Sonos devices will stream up to 24-bit/48kHz, with broader compatibility for hi-res than for Dolby Atmos which is limited to the Beam Gen 2 and Arc.",https://www.whathifi.com/news/sonos-now-supports-amazon-musics-dolby-atmos-and-24-bit-hi-res-tracks,What Hi-Fi?,What Hi-Fi?,20211208T164141,https://cdn.mos.cms.futurecdn.net/MRDA758MZexeMeiae8FRhP-840-80.jpg,0.284523,Somewhat-Bullish,0.643543,0.121374,Neutral
AAPL,Peterbilt Techs to Get Augmented Reality Tool,"Peterbilt Motors Co. plans to deploy 200 of its ARTech augmented reality tools to dealer locations by March 31, 2022, to enhance customer uptime. This tool transforms 2D technical information into 3D images, allowing technicians to quickly diagnose and repair trucks using an Apple iPad, leading to reported improvements of 15-20% in service repair times. The technology provides ""X-ray vision"" to improve diagnostic and repair times for Peterbilt trucks.",https://www.ttnews.com/articles/peterbilt-techs-get-augmented-reality-tool,Transport Topics,Transport Topics,20211209T163406,https://www.ttnews.com/sites/default/files/styles/article_full_width_image/public/images/articles/ar-tech-1200.jpg,0.393018,Bullish,0.620877,0.324499,Somewhat-Bullish
AAPL,Ford Motor Co. beefs up tech strength with director known for global dominance,"Ford Motor Co. has elected John May, CEO of Deere & Co., to its board of directors, a move analysts say underscores Ford's commitment to technology and dominance in electric and autonomous vehicles. May's experience with Deere's technologically advanced agricultural equipment and successful resolution of a recent UAW strike are seen as valuable assets for Ford's own transformation and supply chain management. The appointment expands Ford's board to 15 members, though some observers noted the company's lack of progress in increasing female board representation compared to competitors like GM.",https://www.freep.com/story/money/cars/ford/2021/12/30/ford-board-directors-deere-ceo-john-may/6448653001/,Detroit Free Press,Detroit Free Press,20211209T200237,,0.187461,Somewhat-Bullish,0.576994,0.050062,Neutral
AAPL,Apple Engineers Jumping to eVTOL,"Several engineers are leaving Apple's self-driving car project to join the electric vertical takeoff and landing (eVTOL) industry, particularly companies like Archer Aviation and Joby Aviation. This shift is driven by the growth potential and innovation opportunities within the eVTOL sector, which is backed by significant investor capital. These engineers are bringing critical expertise in propulsion, battery systems, and radar to help eVTOL companies develop and certify air taxi services.",https://www.flyingmag.com/apple-engineers-jumping-to-evtol/,FLYING Magazine,FLYING Magazine,20211210T144600,https://flyingmag1.b-cdn.net/wp-content/uploads/sites/2/2021/12/07_Joby-Aviation_Aircraft-scaled-min.jpeg?width=2560&height=1707,0.185204,Somewhat-Bullish,0.725528,-0.224961,Somewhat-Bearish
AAPL,"Sandisk Professional G-Drive SSD review - Fast enough, secure, and durable","The SanDisk Professional G-Drive SSD offers portable, fast, and durable external storage for Mac users. It features USB 3.2 Type-C connectivity, considerable physical protection with IP67 rating and drop resistance, and 256-bit AES-XTS hardware encryption. While not the fastest or cheapest option, its balance of speed, ruggedness, and Mac-centric formatting makes it a professional choice for expanding MacBook storage.",https://appleinsider.com/articles/21/12/10/sandisk-professional-g-drive-ssd-review---fast-enough-secure-and-durable,AppleInsider,AppleInsider,20211210T164116,https://photos5.appleinsider.com/gallery/45846-89644-Gdrive-SSD-main-xl.jpg,0.282572,Somewhat-Bullish,0.708181,0.323282,Somewhat-Bullish
AAPL,4 Charts on Apple's $3 Trillion Market Cap,"Apple Inc. has become the first company to achieve a $3 trillion market capitalization, briefly hitting $182.88 per share. This article highlights the immense scale of Apple's market cap through various comparisons, such as its value exceeding the total market cap of all public companies in Canada. It also discusses Apple's dominance within the U.S. market, making up nearly 22% of all U.S.-domiciled technology companies' total market capitalization.",https://www.morningstar.com/stocks/4-charts-apples-3-trillion-market-cap,Morningstar,Morningstar,20211210T202215,,0.146839,Neutral,1.000000,0.312230,Somewhat-Bullish
AAPL,An industry first: Hyatt introduces room keys in Apple Wallet,"Hyatt Hotels Corporation has launched room keys in Apple Wallet, allowing World of Hyatt guests at select locations to use their iPhone or Apple Watch to unlock guest rooms and common areas. This digital innovation aims to provide greater control and flexibility, with features like Express Mode and Power Reserve, making access near-instantaneous and secure. The technology is currently available at six hotels in the US, with plans for wider adoption.",https://connectingtravel.com/news/an-industry-first-hyatt-introduces-room-keys-in-apple-wallet,connectingtravel.com,connectingtravel.com,20211212T161948,https://dcxnozgahgy2a.cloudfront.net/AfcTemp/api/image/1000-1999/1333/1333.jpg,0.305961,Somewhat-Bullish,0.946566,0.432897,Bullish
AAPL,Polish regulator to investigate Apple's privacy policy,"Poland's antimonopoly watchdog, UOKiK, has launched an investigation into Apple's new privacy rules for iOS devices, suspecting they might violate competition law. The regulator is examining whether Apple's policy changes, which limit third-party apps from collecting personal data for personalized ads, are a move to eliminate competitors and boost Apple's own advertising services. This investigation follows similar warnings from EU tech chief Margrethe Vestager regarding Apple's App Store practices.",https://www.reuters.com/business/media-telecom/polish-regulator-investigate-apples-privacy-policy-2021-12-13/,Reuters,Reuters,20211213T103400,https://www.reuters.com/resizer/v2/7JCFWDPSTBKCXGP7HL27VNE2ZM.jpg?auth=19f127f593fad0786d6638981c5d64767b6ca165e40223c48d13ecddddd9c0cc&width=1920&quality=80,-0.430373,Bearish,1.000000,-0.409801,Bearish
AAPL,Samsung to produce STMicro's MCUs for use in iPhones,"Samsung Electronics has secured a foundry order from STMicroelectronics to produce 16-nanometer microcontroller units (MCUs) for Apple's next-generation iPhones. This marks the first time STMicroelectronics has outsourced MCU production for key clients, highlighting Samsung's growing presence in the foundry market. The deal is seen as a move by Samsung to challenge TSMC's dominance in outsourced MCU production.",https://www.kedglobal.com/foundry-business/newsView/ked202112130017,KED Global,KED Global,20211213T193135,https://www.kedglobal.com/data/ked/image/2021/12/13/ked202112130028.700x.9.jpg,0.17517,Somewhat-Bullish,0.922681,0.208583,Somewhat-Bullish
AAPL,Is Saudi Aramco Stock a Good Buy? • (TADAWUL: 2222),"This article analyzes whether Saudi Aramco stock is a good buy, considering its status as one of the world's largest companies, financial performance, and future outlook. It provides guidance on how to gain exposure to the stock through ETFs, discusses its stock history and value, and presents both bull and bear cases from analysts. The article concludes with a ""hold"" recommendation due to uncertainties in the global economy and the stock's relatively muted performance despite strong oil prices.",https://www.benzinga.com/money/saudi-aramco,Benzinga,Benzinga,20211213T203729,,0.214263,Somewhat-Bullish,0.726253,0.143958,Neutral
AAPL,Go With GINN as High-Margin Companies Remain Trendy,"Investors are expected to favor quality, high-margin companies in 2022, a trend supported by the Goldman Sachs Innovate Equity ETF (GINN). GINN tracks companies with robust profitability, strong earnings growth, and effective margin management, aligning with Goldman Sachs' recommendation for clients. Several of GINN's holdings, including Alphabet, Meta Platforms, Apple, Marvell Technology, Mastercard, PayPal, Autodesk, and Etsy, are featured on Goldman's list of high-margin companies.",https://etfdb.com/future-etfs-content-hub/go-with-ginn-as-high-margin-companies-remain-trendy/,ETF Database,ETF Database,20211214T040944,https://etfdb.com/media/W1siZiIsIjIwMjUvMTAvMjgvMWlrODVrbHhjdV9GdXR1cmVFVEZzX21hc3RoZWFkX292ZXJsYXlfMTYwMHgxMjEucG5nIl1d/FutureETFs_masthead_overlay_1600x121.png,0.346457,Somewhat-Bullish,0.745699,0.300607,Somewhat-Bullish
AAPL,"BlackRock Future U.S. Themes ETF ETF Price, Holdings, & News (NYSEARCA:BTHM)","The BlackRock Future U.S. Themes ETF (BTHM) is an actively managed ETF launched on December 14, 2021, focusing on US stocks that provide exposure to emerging and structural themes. As of May 4, 2026, it trades at $40.71, reflecting a 5.6% increase since January 2026, and has assets under management of $7.89 million with a net expense ratio of 0.60%. Its top holdings include NVIDIA, Apple, and Microsoft.",https://www.marketbeat.com/stocks/NYSEARCA/BTHM/,MarketBeat,MarketBeat,20211214T073845,,0.248174,Somewhat-Bullish,0.723222,0.313115,Somewhat-Bullish
AAPL,Scotiabank and Cineplex Transform Loyalty Landscape in Canada with the Launch of Scene+,"Scotiabank and Cineplex have launched Scene+, an enhanced loyalty program designed to be one of Canada's largest and most flexible, offering more ways to earn and redeem points. This new program integrates SCENE and Scotia Rewards, introducing new partners like Rakuten and Scene+ Travel powered by Expedia Group, allowing members to earn and redeem points for travel, shopping, and banking, in addition to existing entertainment and dining options. Existing SCENE members and eligible Scotiabank cardholders are automatically enrolled, with their accumulated points transferred at a 1:1 value.",https://scotiabank.investorroom.com/2021-12-14-Scotiabank-and-Cineplex-Transform-Loyalty-Landscape-in-Canada-with-the-Launch-of-Scene,scotiabank.investorroom.com,scotiabank.investorroom.com,20211214T161418,https://mma.prnewswire.com/media/1708886/Scotiabank_1.jpg,0.270431,Somewhat-Bullish,0.609019,0.208890,Somewhat-Bullish
AAPL,What Zoom’s $85m class action lawsuit means for data privacy,Zoom has agreed to pay an $85 million settlement in a class action lawsuit alleging it shared user data without consent and falsely claimed end-to-end encryption. This case highlights a broader data privacy movement forcing companies to increase transparency and adjust to stricter regulations. Experts believe the lawsuit serves as a cautionary tale for the digital ecosystem and will prompt other companies to re-evaluate their data protection policies.,http://www.thedrum.com/news/what-zoom-s-85m-class-action-lawsuit-means-data-privacy,The Drum,The Drum,20211214T213710,,-0.026351,Neutral,0.631275,0.090719,Neutral
AAPL,Live Nation sued by Goldenvoice over alleged infringement of Coachella trademark,"Coachella promoter Goldenvoice is suing Live Nation for alleged ""contributory trademark infringement"" of the Coachella name. The lawsuit targets an event called Coachella Day One 22, organized by the Twenty-Nine Palms Band of Mission Indians, whose ticketing is handled by Live Nation-owned Ticketmaster. Goldenvoice claims the event is intentionally trading on the Coachella festival's goodwill and has copied its advertising and design elements, and is seeking damages and profits from the alleged infringement.",https://www.musicbusinessworldwide.com/live-nation-sued-by-goldenvoice-over-alleged-infringement-of-coachella-trademark/,Music Business Worldwide,Music Business Worldwide,20211215T162734,,-0.109502,Neutral,0.629230,0.125118,Neutral
AAPL,The Invesco QQQ Stock Price Is Up 23.7% Since January. Could There Be More Gains?,"The Invesco QQQ Trust (NASDAQ: QQQ) has seen its stock price rise 23.7% since January, driven by major tech companies like Apple and Google, despite recent pullbacks. Investors are closely watching the Federal Reserve's monetary policy meeting for potential hawkish policies that could further impact the Nasdaq index and the QQQ ETF. While the ETF is currently in a downtrend, its present stock price may be attractive for a future rally, though a clear upward trend based on EMA crossings is yet to materialize.",https://www.asktraders.com/analysis/the-invesco-qqq-stock-price-is-up-23-7-since-january-could-there-be-more-gains/,AskTraders.com,AskTraders.com,20211215T210616,,0.256263,Somewhat-Bullish,0.749721,0.349482,Somewhat-Bullish
AAPL,"Intel to invest $7 billion in new plant in Malaysia, creating 9,000 jobs","Intel Chief Executive Pat Gelsinger announced a $7 billion investment to build a new chip-packaging and testing factory in Malaysia, creating over 4,000 Intel jobs and more than 5,000 construction jobs. This expansion aims to address the global semiconductor shortage, which Gelsinger expects to persist into 2023. The new advanced packaging facility is projected to begin production in 2024.",https://www.cnbc.com/2021/12/16/intel-to-invest-7-billion-in-new-malaysia-plant-creating-9000-jobs.html,CNBC,CNBC,20211215T215700,,0.164708,Somewhat-Bullish,0.623759,-0.106803,Neutral
AAPL,Apple Builds New Team in Southern California to Bring More Wireless Chips In-House,"Apple is expanding its in-house chip development by hiring engineers for a new office in Irvine, Southern California. This team will focus on creating wireless chips, potentially replacing components currently supplied by companies like Broadcom and Skyworks Solutions. The move is part of Apple's broader strategy to reduce reliance on third-party suppliers and produce more of its own components, following similar efforts with modems and other chip technologies.",https://finance.yahoo.com/news/apple-builds-team-southern-california-173720494.html,Yahoo Finance,Yahoo Finance,20211216T155757,https://s.yimg.com/ny/api/res/1.2/P5VEqpze5sH8EwH1AE1NOQ--/YXBwaWQ9aGlnaGxhbmRlcjt3PTk2MDtoPTY0MA--/https://media.zenfs.com/en/bloomberg_technology_68/d4fe29c63540c21d11308fd0106ae5ed,-0.215335,Somewhat-Bearish,1.000000,0.342673,Somewhat-Bullish
AAPL,"Southern Company Foundation Issues $10M in Grants to Foster HBCU Talent Through Collaboration Between INROADS, UNCF and Thurgood Marshall College Fund","The Southern Company Foundation has announced $10 million in grants to support a new collaboration between INROADS, UNCF, and the Thurgood Marshall College Fund. This initiative aims to foster HBCU talent by providing scholarships, endowments, and paid internships, focusing on STEM, urban planning, and architecture programs. The grants are part of Southern Company's larger $50 million multi-year commitment to enhance career readiness for students at select HBCUs.",https://uncf.org/news/southern-company-foundation-issues-10m-in-grants-to-foster-hbcu-talent-through-collaboration-between-inroads-uncf-and-thurgood-marshall-college-fund,UNCF,UNCF,20211216T164121,https://cdn.uncf.org/wp-content/uploads/southern-company-logo-400.png,0.398279,Bullish,0.618111,0.302082,Somewhat-Bullish
AAPL,"Sonos One review: still one of the best smart speakers, and an ideal multi-room starter","The Sonos One remains a top-tier smart speaker, offering excellent sound quality and versatile smart assistant integration with both Alexa and Google Assistant years after its debut. Despite minor drawbacks like less powerful microphones and no Bluetooth, its multi-room capabilities and wide streaming support make it an ideal choice for a platform-neutral audio experience. It stands out in its price range as a stellar starting point for a multi-room speaker system.",https://www.t3.com/reviews/sonos-one-review,T3,T3,20211216T164141,https://cdn.mos.cms.futurecdn.net/UTC959xZZLnQKgJX6e5ZAQ.jpg,0.310503,Somewhat-Bullish,0.747209,0.349347,Somewhat-Bullish
AAPL,|Product Liability & Mass Torts Digest,"|A Texas District Court has allowed a class-action lawsuit against Apple to proceed after a plaintiff, Robert Franklin, claimed his iPhone 6 exploded and injured him. The court ruled that Franklin had standing to represent a class of iPhone 6 owners who experienced similar issues, despite Apple's arguments against ""substantially similar"" products and lack of a safer alternative design. While the design defect claim was dismissed with leave to amend, claims for manufacturing defect, market defect, negligence, and certain Texas Deceptive Trade Practices Act claims were allowed to go forward.",https://www.winston.com/en/blogs-and-podcasts/product-liability-and-mass-torts-digest/texas-district-court-allows-class-action-against-apple-to-proceed,Winston & Strawn,Winston & Strawn,20211216T192603,|NULL,-0.31225,Somewhat-Bearish,1.000000,-0.343714,Somewhat-Bearish
AAPL,"Cerner could be acquired by Oracle, says WSJ","Oracle is reportedly in talks to acquire health IT giant Cerner Corp. for an estimated $30 billion, which would be Oracle's largest acquisition to date. This move would significantly bolster Oracle's presence in healthcare technology, particularly in cloud computing and AI, following a trend of major tech companies investing heavily in healthcare-focused firms. The potential acquisition comes amidst a challenging year for Cerner, despite its CEO expressing optimism about long-term growth.",https://www.healthcareitnews.com/news/cerner-could-be-acquired-oracle-says-wsj,Healthcare IT News,Healthcare IT News,20211217T161000,,0.257161,Somewhat-Bullish,0.703414,0.126560,Neutral
AAPL,Find Out Where Every ‘Spider-Man’ Movie is Streaming – Either for Free or Rental,"This article lists where to stream every 'Spider-Man' movie, including those starring Tobey Maguire, Andrew Garfield, and Tom Holland. It details which subscription services offer the films for free and where they can be rented, noting that ""Spider-Man: No Way Home"" was only in theaters at the time of publication. The piece also explains why Spider-Man movies are not all on Disney+ with the rest of the Marvel Cinematic Universe.",https://www.justjared.com/2021/12/17/find-out-where-every-spider-man-movie-is-streaming-either-for-free-or-rental/,Just Jared,Just Jared,20211217T185100,https://cdn01.justjared.com/wp-content/uploads/headlines/2021/12/spider-man-end-credits-post.jpg,0.119557,Neutral,0.615998,0.128627,Neutral
AAPL,About IBS Bulgaria,"IBS Bulgaria is helping regional banks modernize their critical systems to comply with the PSD2 directive. They developed a new open banking platform powered by IBM API Connect and IBM Cloud Pak for Integration technology, resulting in reduced integration times and significant cost reductions for their clients. This solution allows banks to quickly adapt to new regulations and services, with approximately 90% of open banking in Bulgaria now relying on IBM integration technology.",https://www.ibm.com/case-studies/ibs-bulgaria,IBM,IBM,20211218T202825,,0.304916,Somewhat-Bullish,0.625674,0.206135,Somewhat-Bullish
AAPL,Apple Should Make a Giant iPad as Its Smart Home Portal,"After testing Amazon's new Echo Show 15, the author suggests Apple Inc. (AAPL) should develop a larger iPad to serve as a smart home hub. This move would enhance Apple's presence in the smart home market and diversify the utility of its iPad line. The article also touches on other Apple-related news, including COVID-19 disruptions and internal company changes.",https://www.bloomberg.com/news/newsletters/2021-12-19/apple-aapl-should-sell-bigger-ipad-for-smart-home-amazon-echo-show-15-review-kxdm6h21,Bloomberg.com,Bloomberg.com,20211219T190000,https://assets.bwbx.io/images/users/iqjWHBFdfxIU/iqjWHBFdfxIU/-1x-1.jpg,0.193151,Somewhat-Bullish,0.913807,0.250177,Somewhat-Bullish
AAPL,Amazon silenced criticism of Xi to do business in China: Report,"A Reuters report alleges that Amazon.com Inc. quieted criticism of President Xi Jinping's book on its Chinese platform to maintain business in China. This involved scrubbing negative ratings and reviews for ""The Governance of China"" following requests from Beijing. This situation mirrors cases of other US companies like Apple and contrasts with others like Yahoo! and LinkedIn that have exited the Chinese market due to a challenging business environment.",https://www.aljazeera.com/economy/2021/12/20/amazon-silenced-criticism-of-xi-to-do-business-in-china-report,Al Jazeera,Al Jazeera,20211220T000000,https://www.aljazeera.com/wp-content/uploads/2021/12/323381665.jpeg?resize=770%2C513,-0.162954,Somewhat-Bearish,0.721805,-0.101983,Neutral
AAPL,5 things to know about Oracle after $28.3 billion acquisition of Kansas City’s Cerner,"Oracle has announced a $28.3 billion acquisition of Cerner Corp., Kansas City's largest private employer, marking one of the year's biggest deals. This move signifies Oracle's growing push into the healthcare industry, following similar expansions by other tech giants. The acquisition brings together Oracle, an $280 billion company with 133,000 employees globally, and Cerner, valued at $23 billion with 28,000 employees worldwide, notably 13,000 in Kansas City.",https://www.kansascity.com/news/business/article256681142.html,Kansas City Star,Kansas City Star,20211220T130000,,0.192429,Somewhat-Bullish,0.635645,0.129775,Neutral
AAPL,Avis Employee Used Apple Pay to Scam Customers,"An Avis Budget employee was arrested for scamming the company out of over $5,000 by accepting customer payments via Apple Pay for car rentals and keeping the money. Alicia Leon would then modify rental agreements to show extensions, causing Avis Budget to lose $7,479 in rental fees. She faces charges of larceny and fraud.",https://www.autorentalnews.com/10158323/avis-employee-used-apple-pay-to-scam-customers,Auto Rental News,Auto Rental News,20211221T160553,https://fleetimages.bobitstudios.com/upload/auto-rental-news/content/news/2021-12/apple-payment-square-__-720x516-s.jpg,-0.148073,Neutral,0.740111,0.126916,Neutral
AAPL,15 Best Windows 10 Themes,"This article lists the 15 best Windows 10 themes, offering various options to personalize a PC's desktop. It provides detailed instructions on how to install themes through Microsoft Store or third-party sources and highlights diverse themes ranging from 3D designs and anime to classic operating system looks and pop culture references like Star Wars and NBA. The article emphasizes that changing themes is a simple yet effective way to customize one's device and reflect personal interests.",https://www.hp.com/au-en/shop/tech-takes/post/best-windows-10-themes,HP,HP,20211221T162044,https://au-media.apjonlinecdn.com/magefan_blog/1000x500_px._best_windows_10_themes_1.jpg,0.153782,Somewhat-Bullish,0.738007,0.121371,Neutral
AAPL,AT&T sells Xandr ad business to Microsoft for $1 billion,"AT&T has sold its Xandr digital advertising business to Microsoft for an estimated $1 billion. This divestiture is part of AT&T's broader strategy to scale back its media operations, following moves with DirecTV and WarnerMedia. The sale allows Microsoft to integrate Xandr's platform into its properties, enhancing its online advertising capabilities.",https://www.latimes.com/entertainment-arts/business/story/2021-12-21/att-sells-xandr-ad-business-to-microsoft-for-1-billion,Los Angeles Times,Los Angeles Times,20211221T164308,https://ca-times.brightspotcdn.com/dims4/default/f9bd9b5/2147483647/strip/true/crop/2400x1600+0+0/resize/1200x800!/quality/75/?url=https%3A%2F%2Fcalifornia-times-brightspot.s3.amazonaws.com%2F00%2Ffb%2Fc36e0cd6476fa2b0445636e8e08b%2Fla-photos-1staff-481402-fi-0122-at-t-directv-003.IK.jpg,0.159968,Somewhat-Bullish,0.620715,-0.231590,Somewhat-Bearish
AAPL,Apple’s long-term credit rating upgraded to AAA by Moody’s,"Moody’s Investors Service upgraded Apple Inc.’s long-term credit rating to Aaa, placing it in an exclusive group with Microsoft and Johnson & Johnson as the only U.S. S&P 500 corporations with the highest possible credit score. This upgrade reflects Apple's exceptional liquidity, robust earnings, and strong business profile, as the company continues to focus on a net cash-neutral position and expand into new markets like augmented reality and cars. Despite potential chip-related supply shortages impacting revenue, investors remain optimistic about Apple's long-term prospects.",https://www.aljazeera.com/economy/2021/12/21/apples-long-term-credit-rating-upgraded-to-aaa-by-moodys,Al Jazeera,Al Jazeera,20211221T192603,NULL,0.659537,Bullish,1.000000,0.862285,Bullish
AAPL,Moody's gives Apple top 'AAA' credit rating on growth promise,"Ratings agency Moody's upgraded Apple Inc.'s long-term credit rating to 'AAA' with a stable outlook, citing its exceptional liquidity and robust earnings. This places Apple in an elite group of companies with the highest rating. While Apple's financial performance was strong in fiscal 2021, the company faces execution risks from short product cycles, shifting consumer preferences, and supply chain management.",https://www.reuters.com/technology/moodys-gives-apple-top-aaa-credit-rating-growth-promise-2021-12-21/,Reuters,Reuters,20211222T102800,,0.462305,Bullish,0.965347,0.748236,Bullish
AAPL,Market Breadth Showcases Equal-Weight Benefits,"The article discusses the benefits of equal-weight strategies in investing, particularly highlighted by current market breadth where a few large-cap tech stocks are dominating the S&P 500. It suggests that while cap-weighted indices show strong performance due to these few stocks, equal-weight ETFs like RSP offer better diversification and can outperform when market leadership narrows, as demonstrated by its recent performance against the S&P 500.",https://etfdb.com/portfolio-strategies-content-hub/market-breadth-showcases-equal-weight-benefits/,ETF Database,ETF Database,20211222T163833,https://etfdb.com/media/W1siZiIsIjIwMjUvMDkvMDUvZmRmd2QwM2prX1BvcnRmb2xpb19TdHJhdGVnaWVzX21hc3RoZWFkX292ZXJsYXlfMTYwMHgxMjFfMngucG5nIl1d/Portfolio_Strategies_masthead_overlay_1600x121%402x.png,-0.061423,Neutral,0.725785,-0.205912,Somewhat-Bearish
AAPL,"Apple Must Answer Shareholder Questions on Forced Labor, SEC Says",The U.S. Securities and Exchange Commission denied Apple Inc.'s request to block a shareholder proposal seeking greater transparency on its efforts to prevent forced labor in its supply chain. This means Apple will face a vote on the proposal at its next annual shareholder meeting. The request asks for details on identified risk suppliers and actions taken against them.,https://www.voanews.com/a/apple-must-answer-shareholder-questions-on-forced-labor-sec-says/6366305.html,VOA - Voice of America English News,VOA - Voice of America English News,20211222T205000,,-0.254072,Somewhat-Bearish,1.000000,-0.298932,Somewhat-Bearish
AAPL,Ansys and AGI continue collaboration with NORAD to track Santa's annual trip,"Analytical Graphics Inc. (AGI), a sister company to Ansys Inc., has renewed its collaboration with NORAD's Operations Center for the annual Santa Tracker experience. This ongoing partnership leverages technological expertise to support the military unit's popular holiday program. The announcement was made as part of NORAD's yearly tradition of tracking Santa's journey.",https://www.bizjournals.com/pittsburgh/inno/stories/news/2021/12/24/ansys-agi-continue-collaboration-with-norad.html,The Business Journals,The Business Journals,20211224T160018,https://media.bizj.us/view/img/11173533/santa-reindeerball1280*900xx3600-2029-0-274.jpg,0.335833,Somewhat-Bullish,0.607780,0.309918,Somewhat-Bullish
AAPL,Visa’s CFO started as an engineer but ended up in finance—and he has great advice for anyone looking to make a change,"Vasant Prabhu, Visa's CFO and Vice Chair, transitioned from an engineering background to a successful career in finance, holding CFO roles at major public companies for over two decades. He advises job seekers to build skills, relationships, and reputation while remaining flexible and considering four key factors: passion for the industry, company talent reputation, trustworthy colleagues, and potential for impact. Prabhu's career trajectory, including significant roles at PepsiCo, McGraw-Hill, Safeway, and Starwood Hotels, highlights his adaptability and willingness to take on new challenges, ultimately leading him to Visa.",https://fortune.com/2021/12/26/visas-cfo-started-as-an-engineer-but-ended-up-in-finance-and-he-has-great-advice-for-anyone-looking-to-make-a-change/,Fortune,Fortune,20211226T162831,https://content.fortune.com/wp-content/uploads/2021/12/Career-Rewind-Visa-CFO-Vasant-Prabhu.jpg?format=webp&w=1440&q=100,0.179352,Somewhat-Bullish,0.648507,0.221866,Somewhat-Bullish
AAPL,"Apple iPad mini, Fitbit Sense to Sonos Beam: Best gadgets of 2021","This article compiles a list of the best gadgets released in 2021, categorized by smartphones, PCs, audio devices, tablets, fitness bands and watches, and other notable innovations. The selections are based on hands-on experiences, highlighting products that stood out for their performance, innovation, and value during the second year of the pandemic. Key mentions include the iPhone 13 Pro Max, Samsung Galaxy Z Fold 3 and Flip 3, Apple iMac M1, Sonos Beam, Apple iPad mini, and Fitbit Sense, showcasing technology's role in adapting to new needs and pushing boundaries.",https://indianexpress.com/article/technology/gadgets/the-best-gadgets-of-2021-7690788/,The Indian Express,The Indian Express,20211226T164141,https://images.indianexpress.com/2021/12/BG.jpg?w=1600,0.361375,Bullish,1.000000,0.432891,Bullish
AAPL,"Apple’s Next Step in Services Could Be New Bundles, Deeper Integration","Apple's future services strategy is expected to focus on deeper integration among its existing offerings and the introduction of new bundles, building on the success of its services division. This push includes the hiring of Facebook's AR/VR communications chief, signaling potential new product categories like headsets. The article also notes the impact of rising Covid cases on Apple's retail operations and its plans for CES.",https://www.bloomberg.com/news/newsletters/2021-12-26/apple-s-new-services-plan-apple-one-bundles-tv-apple-music-integration-kxnm9fhu,Bloomberg.com,Bloomberg.com,20211226T190000,,0.33251,Somewhat-Bullish,1.000000,0.309057,Somewhat-Bullish
AAPL,"Apple's App Store broke competition laws, Dutch watchdog says","The Netherlands' competition regulator, ACM, has found that Apple Inc. broke competition laws with its App Store payment policies, specifically concerning dating apps. Apple is ordered to allow alternative payment systems for dating apps and faces a fine of up to 50 million euros if it fails to comply by January 15. Apple has stated it disagrees with the order and has filed an appeal.",https://www.reuters.com/technology/apples-app-store-broke-competition-laws-dutch-watchdog-says-2021-12-24/,Reuters,Reuters,20211227T103900,,-0.042094,Neutral,1.000000,-0.318479,Somewhat-Bearish
AAPL,Israeli companies face Trojan horse dilemma,"Israeli cyberattack companies like Cognyte and Quadream are grappling with strategic decisions following the controversy surrounding NSO Group and its Pegasus spyware. These companies are weighing whether to fill the potential void left by NSO, scale back or sell off their own ""Trojan horse"" activities due to increasing scrutiny and diplomatic pressure, particularly from the US. The article highlights Cognyte's deliberations regarding its Trojan horse product and its declining share price, while also noting Quadream's similar considerations amidst opportunities to capture NSO's former clientele.",https://en.globes.co.il/en/article-israeli-companies-face-trojan-horse-dilemma-1001396123,Globes - Israel Business News,Globes - Israel Business News,20211227T160713,https://images.globes.co.il/images/NewGlobes/big_image_800/2017/f8.2017521T154356.jpg,-0.193321,Somewhat-Bearish,0.725689,0.130812,Neutral
AAPL,Could Movano's Smart Ring Help People With Chronic Illnesses?,"Movano is introducing a smart ring at CES 2022 designed to monitor health data in a less intrusive way than other wearables. The ring focuses on analyzing how different health metrics relate to each other, aiming to help prevent or manage chronic illnesses. Movano plans to seek Class II designation for its device and eventually incorporate cuffless blood pressure measurement.",https://www.insidehook.com/wellness/movano-smart-ring-chronic-illness,InsideHook,InsideHook,20211227T162909,https://www.insidehook.com/wp-content/uploads/2021/12/movano-ring.jpg?fit=1200%2C800,0.229193,Somewhat-Bullish,0.719160,0.119151,Neutral
AAPL,The definitive ranking of streaming services as we head into 2022,"This article ranks the top streaming services as of late 2021, evaluating their performance and strategies during the ""streaming wars."" HBO Max emerged as a strong contender due to its day-and-date movie releases and popular original series, while Amazon Prime Video expanded its focus with major event films and Netflix saw a resurgence with global hits like ""Squid Game."" Apple TV+ demonstrated growth with acclaimed originals, though Disney Plus and Hulu faced challenges related to content strategy and corporate interests, respectively.",https://www.fastcompany.com/90706006/definitive-ranking-streaming-services-2022-hbomax-amazon-prime-netflix-disney-plus,Fast Company,Fast Company,20211227T163103,"https://images.fastcompany.com/image/upload/f_webp,c_fit,w_1920,q_auto/wp-cms/uploads/2021/12/p-1-definitive-ranking-streaming-services-2022-hbomax-amazon-prime-netflix-disney-plus.jpg",0.217621,Somewhat-Bullish,0.732725,0.235493,Somewhat-Bullish
AAPL,Allstate’s Arity auto insurance predictions for 2022,"Allstate's Arity has released three major predictions for auto insurance in 2022 based on extensive driving data. These predictions include rising car insurance rates due to riskier driving behaviors post-pandemic, the increased use of driving scores for new policy pricing, and more equitable and transparent pricing for consumers through greater reliance on individual driving data. The article highlights that these trends will lead to competitive advantages for insurers who leverage telematics data at the point of quote.",https://www.dig-in.com/opinion/allstates-arity-auto-insurance-predictions-for-2022,Digital Insurance,Digital Insurance,20211228T120000,,0.17581,Somewhat-Bullish,0.612379,0.111038,Neutral
AAPL,Dolby Survey: GenZ Could Save Music Sound Quality!,"A Dolby-sponsored OnePoll survey suggests that GenZ could be the generation that prioritizes and drives demand for high-quality audio, contradicting previous trends where convenience often overshadowed sound fidelity. The survey indicates GenZ's strong preference for lossless sound quality, high-end audio devices, and even older music, potentially signaling a significant shift in the consumer audio market.",https://www.audioholics.com/editorials/dolby-survey-genz-could-save-music-sound-quality,Audioholics,Audioholics,20211228T200628,,0.384513,Bullish,0.721422,0.322358,Somewhat-Bullish
AAPL,Shed Concentration Risk With Equal-Weight ETFs,"This article discusses the increasing concentration risk in cap-weighted indexes like the S&P 500, primarily due to the large market capitalization of a few tech giants like Apple and Microsoft. It advocates for equal-weight exchange-traded funds (ETFs), such as the Invesco S&P 500 Equal Weight ETF (RSP), as a solution to provide comparable returns with superior diversification. The article highlights how equal-weight ETFs mitigate the risks associated with an over-reliance on a few mega-cap stocks.",https://etfdb.com/portfolio-strategies-channel/shed-concentration-risk-with-equal-weight-etfs/,ETF Database,ETF Database,20211228T201145,,-0.051965,Neutral,0.930091,-0.225479,Somewhat-Bearish
AAPL,Shun Concentration Risk With Equal-Weight ETFs,"This article discusses the increasing concentration risk in cap-weighted S&P 500 indexes due to the massive market capitalization of a few tech giants like Apple and Microsoft. It promotes equal-weight ETFs, such as the Invesco S&P 500 Equal Weight ETF (RSP), as a solution to this problem, highlighting their comparable performance with superior diversification. The piece draws historical parallels to the tech bubble, emphasizing the benefits of a less concentrated portfolio.",https://www.etftrends.com/portfolio-strategies-content-hub/shun-concentration-risk-with-equal-weight-etfs/,ETF Trends,ETF Trends,20211228T211112,,0.14546,Neutral,0.997681,-0.210588,Somewhat-Bearish
AAPL,"Apple, Meta, Nvidia Take Top Weightings in ProShares’ Metaverse ETF Filing","ProShares, a major ETF issuer, is seeking to launch a metaverse-themed ETF which will track an index comprising public companies involved in metaverse technologies. Notably, Apple, Nvidia, and Meta (formerly Facebook) will hold the top three weighted positions in this new fund. This move follows the increasing investor interest in the metaverse sector, with the global metaverse ETF market reaching $2.2 billion.",https://decrypt.co/89463/apple-meta-nvidia-take-top-weightings-proshares-metaverse-etf-filing,Decrypt,Decrypt,20211229T134014,https://img.decrypt.co/insecure/rs:fit:2048:0:0:0/plain/https://cdn.decrypt.co/wp-content/uploads/2021/12/metaverse-gID_6.jpg@webp,0.225085,Somewhat-Bullish,0.925364,0.341073,Somewhat-Bullish
AAPL,How John Madden Became the ‘Larger-Than-Life’ Face of a Gaming Empire (Published 2021),"John Madden, who passed away recently, transcended his careers as a legendary football coach and broadcaster to become the face of a hugely successful video game franchise. The Madden NFL series, which debuted in 1988, has generated over $7 billion in revenue and solidified Madden's legacy among younger sports fans. Madden's insistence on realism, specifically having 22 players on screen, was pivotal in the game's development and eventual success, shaping it into the iconic simulation it is today.",https://www.nytimes.com/2021/12/29/sports/football/john-madden-nfl-video-game.html,The New York Times,The New York Times,20211229T161216,https://static01.nyt.com/images/2021/12/29/sports/29madden-gaming-90/29madden-gaming-90-articleLarge.jpg?quality=75&auto=webp&disable=upscale,0.326142,Somewhat-Bullish,0.614795,0.234237,Somewhat-Bullish
AAPL,ProShares Plans To Launch ETF Focused On Metaverse,"ProShares, known for launching the first Bitcoin ETF in the U.S., has filed with the SEC to create a new metaverse-focused ETF called the ProShares Metaverse Theme ETF. This ETF aims to track the Solactive Metaverse Theme Index, which includes companies involved in metaverse technologies like Apple, Nvidia, and Meta. This development follows similar moves by Canadian companies and reflects the growing trend of global companies entering the metaverse and NFT space.",https://voi.id/hi/amp/119014,VOI.id,VOI.id,20211230T001045,,0.204051,Somewhat-Bullish,0.746018,0.278343,Somewhat-Bullish
AAPL,Sony Music: AWAL would have ‘struggled to maintain its position’ if we hadn’t bought it,"Sony Music is defending its $430 million acquisition of AWAL from Kobalt Music Group to the UK's Competition and Markets Authority (CMA). Sony argues that AWAL was never profitable and lacked the global footprint to expand significantly without its investment, stating that AWAL's technology and ""gated"" model are not unique. The company also asserts that AWAL's market share is too small to materially impact market dynamics or bargaining power with tech giants, and that AWAL and Sony's labels serve very different types of artists.",https://www.musicbusinessworldwide.com/sony-music-awal-would-have-struggled-to-maintain-its-position-if-we-hadnt-bought-it2/,Music Business Worldwide,Music Business Worldwide,20211231T164141,https://www.musicbusinessworldwide.com/files/2021/12/Screenshot-2021-12-31-at-16.54.02-80x19.jpg,0.108125,Neutral,0.600867,0.118134,Neutral
