ticker,title,summary,url,source,source_domain,time_published,banner_image,overall_sentiment_score,overall_sentiment_label,relevance_score,ticker_sentiment_score,ticker_sentiment_label
MSFT,GSY Stock Price | Invesco Ultra Short Duration ETF,"This page provides comprehensive information on the Invesco Ultra Short Duration ETF (GSY), including its current stock price, trading exchange (NYSE), and key statistics like dividend yield, expense ratio, and asset class. It also includes performance data, top holdings, a company profile, and a list of related news and analysis articles. The ETF invests in U.S. dollar-denominated investment-grade debt securities with durations of less than one year.",https://www.investing.com/etfs/gugg.-enhanced-ultra-short-bond,Investing.com,Investing.com,20170103T233926,,0.244485,Somewhat-Bullish,0.521578,0.174586,Somewhat-Bullish
MSFT,AGGY Stock Price | WisdomTree Barclays Yield Enhanced US Aggregate Bo ETF,"This page provides comprehensive information on the WisdomTree Barclays Yield Enhanced US Aggregate Bond ETF (AGGY), including current stock price, trading exchange (NYSE), key statistics like expense ratio, total assets, and dividend yield, and historical performance data. It also features a company profile for WisdomTree Trust and a collection of news and analysis relevant to bond markets and the ETF.",https://www.investing.com/etfs/wisdomtree-barclays-us-agg-bond,Investing.com,Investing.com,20170104T135127,,-0.016785,Neutral,0.541111,0.004051,Neutral
MSFT,A Touchscreen MacBook Air? It's Possible with This,"Neonode has introduced a new version of its AirBar specifically designed for the MacBook Air, which will allow the laptop's screen to become a touchscreen. Priced at $99 and launching in March, this accessory uses infrared light to detect finger movements, fitting the 13.3-inch display model. While the prototype at CES had some limitations like single-finger input, Neonode promises multi-touch gestures at launch.",https://www.laptopmag.com/articles/neonode-airbar-macbook-air-price-specs,Laptop Mag,Laptop Mag,20170105T050144,,0.14337,Neutral,0.594891,0.096740,Neutral
MSFT,FinancialForce taps Salesforce.com veteran Tod Nielsen as CEO,"FinancialForce Inc., following a year of over 40 percent revenue growth, has appointed Tod Nielsen as its new chief executive to lead its next growth phase. Nielsen, a veteran from Salesforce.com, brings extensive technology executive experience to the ERP provider, which largely bases its offerings on the Salesforce platform. His goal is to position FinancialForce as a leading cloud ERP company independent of its Salesforce roots, building on the strong foundation laid by founder Jeremy Roche.",https://siliconangle.com/2017/01/06/financialforce-taps-salesforce-com-veteran-tod-nielsen-new-ceo/,SiliconANGLE,SiliconANGLE,20170106T140500,,0.18571,Somewhat-Bullish,0.608271,0.128347,Neutral
MSFT,TECL Stock Price | Direxion Daily Technology Bull 3X Shares ETF,"This article provides detailed information about the Direxion Daily Technology Bull 3X Shares ETF (TECL), including its current stock price, key statistics, dividend information, and company profile. It also features a news and analysis section with historical articles related to the technology sector and TECL. The ETF aims to track 3x the daily performance of the Technology Select Sector Index.",https://www.investing.com/etfs/direxion-daily-technology-bull-3x,Investing.com,Investing.com,20170106T141308,https://i-invdn-com.akamaized.net/trkd-images/LYNXMPEFBN0K7_L.jpg,0.376731,Bullish,0.640327,0.357379,Bullish
MSFT,HDFC Bank unveils its first Humanoid Banking Assistant,"HDFC Bank has introduced its first humanoid banking assistant, named 'Ira,' an Intelligent Robotic Assistant designed to help customers with transactions in branches. This initiative is part of the bank's broader digitization efforts, alongside exploring technologies like blockchain and AI. Depending on customer feedback, HDFC Bank plans to deploy more such robots across its branches.",https://m.economictimes.com/industry/banking/finance/banking/hdfc-bank-unveils-its-first-humanoid-banking-assitant/articleshow/56420320.cms,The Economic Times,The Economic Times,20170109T165400,,0.229968,Somewhat-Bullish,0.625057,0.124809,Neutral
MSFT,Universal and Sony neck-and-neck in US video streaming market share - as Tunecore leads the indies,"A 2016 market share analysis of the US recorded music business reveals Universal Music Group's dominance across most categories, but Sony's subsidiaries (The Orchard, RED) put it nearly even with Universal in online video streams. Tunecore, owned by Believe Digital, had a strong year, securing almost 5% of the total audio streaming market. The report also details market shares for audio streaming, video streaming, and total ""project"" consumption, highlighting how the inclusion of video significantly tightens the competition at the top.",https://www.musicbusinessworldwide.com/universal-and-sony-neck-and-neck-in-us-video-streaming-market-share-as-tunecore-leads-the-indies/,Music Business Worldwide,Music Business Worldwide,20170110T052632,,0.147779,Neutral,0.567985,0.079754,Neutral
MSFT,EMHY Stock Price | iShares J.P. Morgan EM High Yield Bond ETF,"This article provides detailed information on the iShares J.P. Morgan EM High Yield Bond ETF (EMHY), including its current stock price, trading exchange (NYSE), and key statistics like dividend yield, expense ratio, and assets under management. It also offers insights into its company profile, historical data, and recent news and analysis for investors considering this bond ETF.",https://www.investing.com/etfs/ishares-em-high-yield-bond,Investing.com,Investing.com,20170110T103933,,0.211467,Somewhat-Bullish,0.516634,0.130078,Neutral
MSFT,Teradata Expands Customer Choice in Hybrid Cloud Solutions with Teradata Database on Microsoft Azure,"Teradata announced the availability of Teradata Database on Azure for Q1 2017, offering customers more hybrid cloud options for its leading data warehouse software. This expansion provides flexibility, scalability, and performance across on-premises and cloud environments, meeting the increasing demand for ""as a service"" analytics among businesses. The solution aims to reduce financial and time commitments while enabling faster proofs of concept and efficient workload management.",https://www.prnewswire.com/news-releases/teradata-expands-customer-choice-in-hybrid-cloud-solutions-with-teradata-database-on-microsoft-azure-300389195.html,PR Newswire,PR Newswire,20170111T080000,,0.376671,Bullish,0.900745,0.328566,Somewhat-Bullish
MSFT,How Investors React When Companies Announce They’re Moving to a SaaS Business Model,"The article examines how investors react when companies transition to a Software-as-a-Service (SaaS) business model, using Adobe Inc. as a primary example. Adobe's move to SaaS initially caused a significant drop in net income but led to a substantial increase in stock price within four years. This case study prompts other software vendors to consider radical approaches to adopting the SaaS model.",https://hbr.org/2017/01/how-investors-react-when-companies-announce-theyre-moving-to-a-saas-business-model,Harvard Business Review,Harvard Business Review,20170112T034644,,0.204405,Somewhat-Bullish,0.641143,0.140348,Neutral
MSFT,QYLD Stock Price | Global X NASDAQ 100 Covered Call ETF,"This article provides comprehensive information about the Global X NASDAQ 100 Covered Call ETF (QYLD), including its current stock price, trading exchange (NASDAQ), and key statistics like dividend yield, expense ratio, and market cap. It also features news and analysis related to covered call ETFs and lists the ETF's top holdings, such as NVIDIA, Apple, and Microsoft. The article serves as a resource for investors seeking details and performance data on QYLD.",https://www.investing.com/etfs/recon-capital-nasdaq-100-covered,Investing.com,Investing.com,20170112T072922,,0.034076,Neutral,0.610671,0.014641,Neutral
MSFT,USPX Stock Price | Franklin U.S. Equity Index ETF,"This article provides detailed financial information for the Franklin U.S. Equity Index ETF (USPX), including its current stock price, trading exchange (NYSE), and various key statistics such as expense ratio, dividend yield, and asset class. It also offers insights into its top holdings like NVIDIA, Apple, and Microsoft, and presents technical analysis ratings. The ETF aims to track the performance of the Morningstar US Target Market Exposure Index.",https://www.investing.com/etfs/franklin-libertyq-global-equity,Investing.com,Investing.com,20170112T095120,,0.026475,Neutral,0.628751,0.031028,Neutral
MSFT,XLG Stock Price | Invesco S&P 500 Top 50 ETF,"This page provides comprehensive information on the Invesco S&P 500 Top 50 ETF (XLG), including its current stock price, key statistics, holdings, profile, and performance data. It also features news and analysis related to the ETF, technical analysis ratings, and answers to frequently asked questions about XLG. Investors can find details on its expense ratio, dividend yield, and suitability as an investment.",https://www.investing.com/etfs/rydex-russell-top-50,Investing.com,Investing.com,20170112T191007,,0.422613,Bullish,0.565311,0.448331,Bullish
MSFT,The New HP Windows Phone Means Business,"HP has released the Elite x3, a new Windows Phone device specifically targeting enterprise users, aiming to fill the void left by BlackBerry. The device offers robust security features, Continuum capabilities with desktop and lapdock accessories, and a cloud-based application virtualization service called HP Workspace to address the limited app ecosystem. While it excels in business-specific use cases, some consumer-oriented apps on the Windows Phone platform still lag behind their Android and iOS counterparts.",https://redmondmag.com/articles/2017/01/01/hp-windows-phone.aspx,Redmondmag.com,Redmondmag.com,20170113T043708,,0.066854,Neutral,0.915457,0.116722,Neutral
MSFT,Worldwide IT spending forecast to grow 2.7% in 2017: Gartner,"Worldwide IT spending is projected to reach US$3.5 trillion in 2017, a 2.7% increase from 2016, according to Gartner. This growth rate is lower than earlier projections due to political uncertainty causing enterprises to delay investments. Despite this, some sectors like cloud computing platforms are seeing aggressive build-outs, leading to higher projected growth.",https://www.canadianunderwriter.ca/insurance/worldwide-spending-forecast-grow-2-7-2017-gartner-1004106607/,Canadian Underwriter,Canadian Underwriter,20170113T044608,,0.239826,Somewhat-Bullish,0.724063,0.326128,Somewhat-Bullish
MSFT,VOOG Share Price & Vanguard S&P 500 Growth ETF Live Chart,"This article provides a live chart and comprehensive data for the Vanguard S&P 500 Growth ETF (VOOG), allowing investors to evaluate its performance, holdings, and key metrics. It includes current share price, historical data, dividend information, expense ratio, and technical analysis indicators. The content also features recent news and analysis related to VOOG and growth ETFs.",https://uk.investing.com/etfs/vanguard-s-p-500-growth,Investing.com UK,Investing.com UK,20170113T180955,,0.362678,Bullish,0.635308,0.535501,Bullish
MSFT,XLG Share Price & Invesco S&P 500 Top 50 ETF Live Chart,"This article provides a live chart and comprehensive information about the Invesco S&P 500 Top 50 ETF (XLG), including its current share price, historical performance, and technical analysis. It details key metrics like dividend yield, expense ratio, holdings composition, and long-term performance trends, while also offering news and analysis related to the ETF, such as its top holdings and company profile. Investors can use this resource to evaluate XLG against their investment criteria and compare it with other ETFs.",https://uk.investing.com/etfs/rydex-russell-top-50,Investing.com UK,Investing.com UK,20170116T094025,,-0.124223,Neutral,0.519091,-0.189969,Somewhat-Bearish
MSFT,Salesforce opens engineering office in Microsoft’s and Amazon’s backyards,"Salesforce announced the opening of a new engineering and innovation hub in Bellevue, Washington, significantly expanding its presence in the Seattle area, home to rivals Microsoft and Amazon. The office will primarily focus on its artificial intelligence initiative, Einstein, and plans to double its current 250 employees. This move addresses the challenge of finding engineering talent in the Bay Area and allows Salesforce to establish a foothold near its competitors.",https://techcrunch.com/2017/01/18/salesforce-opens-engineering-office-in-microsofts-and-amazons-backyards/,TechCrunch,TechCrunch,20170118T130000,,0.183527,Somewhat-Bullish,0.706315,0.140727,Neutral
MSFT,Salesforce shows off new office tower in Bellevue,"Salesforce.com has opened a new office tower in Bellevue, moving most of its Seattle-area employees into the top three floors of the 929 Office Tower. The company expects to reach 500 employees in the area soon, making this office one of its largest engineering hubs. This move signifies the continued expansion of Silicon Valley tech giants into the Seattle area, joining other major players like Amazon, Microsoft, Facebook, and Google.",https://www.seattletimes.com/business/technology/salesforce-shows-off-new-office-tower-in-bellevue/,The Seattle Times,The Seattle Times,20170118T184500,,0.130694,Neutral,0.648782,0.000031,Neutral
MSFT,Microsoft Helps People Learn Computer Coding,"Microsoft has partnered with Code.org to offer free in-store classes and online training in computer coding, expanding access to this ""universal language"" both in the United States and internationally. The program aims to democratize coding skills, teaching students of all ages and helping entrepreneurs develop solutions for local problems, such as combating child kidnapping in Nigeria. This initiative also helps Microsoft understand and improve its products for diverse global environments.",https://learningenglish.voanews.com/a/microsoft-is-helping-people-around-the-world-learn-computer-coding/3670993.html,VOA - Voice of America English News,VOA - Voice of America English News,20170122T045743,,0.415041,Bullish,1.000000,0.415218,Bullish
MSFT,Microsoft appoints Kevin Scott as Chief Technology Officer,"Microsoft has appointed Kevin Scott as its new Chief Technology Officer (CTO), a newly created role within the company. Scott, who will also continue in his role as Senior Vice President of Infrastructure at LinkedIn, will drive strategic, cross-company initiatives and report directly to CEO Satya Nadella. His primary focus will be integrating LinkedIn's professional network with Microsoft's professional cloud offerings.",https://news.microsoft.com/source/2017/01/24/microsoft-appoints-kevin-scott-as-chief-technology-officer/,Microsoft Source,Microsoft Source,20170124T045743,,0.401389,Bullish,1.000000,0.428424,Bullish
MSFT,"Microsoft partners with Trimble, University of Cambridge to make HoloLens a better tool for the construction industry","Microsoft is collaborating with Trimble and the University of Cambridge to enhance its HoloLens augmented reality headset for the construction industry. This partnership has led to new trials, including an automated progress monitoring tool for visual inspections and a system for bridge damage detection. The initiative aims to broaden HoloLens's application beyond high-tech sectors to traditional industries embracing digital transformation.",https://techcrunch.com/2017/01/25/microsoft-partners-with-trimble-university-of-cambridge-to-make-its-hololens-a-better-tool-for-the-construction-industry/,TechCrunch,TechCrunch,20170125T090000,,0.373265,Bullish,0.928540,0.301629,Somewhat-Bullish
MSFT,Microsoft’s CEO Satya Nadella is joining Starbucks Corporation’s Board of Directors,"Starbucks Corporation announced the nominations of Rosalind Brewer, Jørgen Vig Knudstorp, and Satya Nadella to its Board of Directors, with their election set for the Annual Meeting of Shareholders on March 22, 2017. These additions aim to strengthen the company's leadership with expertise in technology, strategy, and retail. Long-serving director James Shennan Jr. will retire from the Board prior to the meeting.",https://www.comunicaffe.com/microsofts-ceo-satya-nadella-is-joining-starbucks-corporations-board-of-directors/,Comunicaffe International,Comunicaffe International,20170126T045744,,0.313386,Somewhat-Bullish,0.916504,0.302843,Somewhat-Bullish
MSFT,Get Smarter in 2017. Here Are 5 Places to Educate Yourself Online (for Free),"This article highlights five platforms offering free online education to help individuals acquire new knowledge and skills in 2017. It emphasizes the importance of adult education for brain plasticity, innovation, protection against diseases like Alzheimer's, and resilience in challenging times. The recommended platforms include Coursera, Alison, Academic Earth, 99U, and Udacity, each offering diverse courses from various fields and institutions.",https://www.inc.com/melanie-curtin/get-smarter-in-2017-here-are-10-places-to-educate-yourself-online-for-free.html,Inc.com,Inc.com,20170128T041120,,0.354594,Bullish,0.632908,0.335131,Somewhat-Bullish
MSFT,VV Stock Price | Vanguard Large-Cap ETF,"This article provides comprehensive information on the Vanguard Large-Cap ETF (VV), including its current stock price, historical data, and technical analysis. It lists key statistics like expense ratio, market cap, dividend yield, and top holdings such as NVIDIA, Apple, and Microsoft. The article also includes performance metrics and an overview of the ETF's investment strategy.",https://ca.investing.com/etfs/vanguard-large-cap,Investing.com Canada,Investing.com Canada,20170128T073855,,0.377888,Bullish,0.622147,0.315858,Somewhat-Bullish
MSFT,iShares Dow Jones U.S. Share Price | NYSE:IYY ETF,"This page provides detailed information on the iShares Dow Jones U.S. ETF (IYY), including its live share price, historical data, holdings, and performance metrics. It also features recent news and analysis related to U.S. stock movements and earnings reports affecting the ETF. Investors can find key statistics, technical analysis, and a company profile for IYY.",https://in.investing.com/etfs/ishares-djsu-total-market-index,Investing.com India,Investing.com India,20170129T154444,https://i-invdn-com.investing.com/news/LYNXNPEB8R0JA_L.jpg,0.108651,Neutral,0.604787,0.109150,Neutral
MSFT,Former Microsoft VP Qi Lu named Baidu president,"Baidu Inc., China's leading internet search engine operator, has appointed Qi Lu as its group president and chief operating officer. Lu, who holds a Ph.D. from Carnegie Mellon University, previously served as Microsoft's global executive vice president. Baidu chairman Robin Li expressed confidence that Lu's appointment will help the company become a world-class technology leader, especially in artificial intelligence.",https://nwasianweekly.com/2017/01/former-microsoft-vp-qi-lu-named-baidu-president/,Northwest Asian Weekly,Northwest Asian Weekly,20170130T040059,,0.268404,Somewhat-Bullish,0.700743,0.114179,Neutral
MSFT,"Microsoft sells $17 billion of bonds, marking largest debt issuance so far in 2017","Microsoft Corp. sold $17 billion worth of bonds, marking the largest corporate debt issuance of 2017 to date. This move surprised investors given a previous large bond sale in August, but the offering was well-received, leading Microsoft to increase the size from an initial estimate of $14 billion.",https://www.marketwatch.com/story/microsoft-sells-17-million-of-bonds-marking-largest-debt-issuance-so-far-in-2017-2017-01-31?gaa_at=eafs&gaa_n=AWEtsqdxCHMT0NBe-WPUwJLt6-L0JkGsXEqTO4QgX-7beD6lRl8dIN6QWXR4&gaa_ts=69083967&gaa_sig=u0tlA4MVfFhf7HEaLVRnMOtofnz8pF0Eayl2BGDmjCbGXpsFKvWbUDzrmKTrK2F17NbotlDds6GpPTY2KYE23w%3D%3D,MarketWatch,MarketWatch,20170131T061000,,0.295801,Somewhat-Bullish,1.000000,0.290495,Somewhat-Bullish
MSFT,Human-Machine Relationship Key Theme Of Gartner Hype Cycle 2013,"Gartner's 2013 Hype Cycle for Emerging Technologies highlights the evolving relationship between humans and machines as its central theme, driven by increased hype around smart machines, cognitive computing, and the Internet of Things. The report identifies three main trends: augmenting humans with technology, machines replacing humans, and humans and machines working alongside each other. These trends are supported by technologies that enhance mutual understanding and intelligence between humans and machines.",https://www.firstpost.com/business/biztech/human-machine-relationship-key-theme-of-gartner-hype-cycle-2013-1894731.html,Firstpost,Firstpost,20170203T001041,https://images.firstpost.com/wp-content/uploads/media/images/2013/Aug/img_124482_gartnerhype2013_450x360.jpg,0.250742,Somewhat-Bullish,0.611726,0.226514,Somewhat-Bullish
MSFT,Gartner’s 2017 Magic Quadrant for Endpoint Protection Platforms (EPP): What’s Changed?,"Gartner's 2017 Magic Quadrant for Endpoint Protection Platforms (EPP) evaluates 22 vendors, highlighting major shifts in the EPP market, including product consolidation and the blurring lines between EPP and EDR capabilities. The report identifies four leading vendors—Trend Micro, Sophos, Kaspersky Lab, and Symantec—while noting the rise of new challengers that offer innovative solutions and are transforming the traditional landscape of endpoint security. The EPP market saw over $3.29 billion in revenue in 2016, with continued growth expected.",https://solutionsreview.com/endpoint-security/gartner-2017-epp-magic-quadrant/,Solutions Review,Solutions Review,20170203T044607,,0.146858,Neutral,0.603096,0.058752,Neutral
MSFT,The Best Stock Market Crash Investments to Protect Your Money,"This article discusses the warning signs of a potential stock market crash in 2017, drawing parallels to previous crashes in 1929 and 2008, attributing the risk to speculative investing fueled by historically low interest rates and corporate stock buybacks. It then outlines a protection plan for investors, recommending investments in gold, ""Unstoppable Trends"" industries (like defense and technology), and even using reverse ETFs for those with higher risk tolerance to profit from a downturn.",https://moneymorning.com/2017/02/03/the-best-stock-market-crash-investments-to-protect-your-money/,Money Morning,Money Morning,20170203T052602,,0.309713,Somewhat-Bullish,0.619820,0.262344,Somewhat-Bullish
MSFT,Microsoft moving Michigan offices to Detroit,"Microsoft Corporation announced plans to move its Michigan offices from Southfield to downtown Detroit's One Campus Martius building by early 2018. This move, bringing over 200 employees, is seen as a significant boost for Detroit's revitalization and growing tech sector, according to local leaders like Dan Gilbert and Mayor Mike Duggan. Microsoft will occupy 40,000 square feet in the building, which is also home to Quicken Loans.",https://www.mlive.com/news/detroit/2017/02/microsoft_moving_downtown.html,MLive.com,MLive.com,20170203T150000,,0.437548,Bullish,1.000000,0.416157,Bullish
MSFT,NVIDIA Powers New Class of Supercomputing Workstations with Breakthrough Capabilities for Design and Engineering,"NVIDIA introduced a new lineup of Quadro Pascal-based GPUs, including the high-end GP100, designed to transform desktop workstations into supercomputers for demanding professional workflows. These new products offer significant performance improvements and capabilities for visualization, simulation, virtual reality, and deep learning across various industries. Leading OEMs and partners such as Dassault Systèmes, Dell, Hensel Phelps, HP, Lenovo, and Orange County Choppers expressed strong support for the new Quadro Pascal GPUs.",https://nvidianews.nvidia.com/news/nvidia-powers-new-class-of-supercomputing-workstations-with-breakthrough-capabilities-for-design-and-engineering,NVIDIA Newsroom,NVIDIA Newsroom,20170205T050635,,0.36948,Bullish,0.605135,0.301018,Somewhat-Bullish
MSFT,What's New in PAN-OS 8.0 - Security Platform,"Palo Alto Networks introduced PAN-OS 8.0 with numerous enhancements to combat cyberattacks, focusing on securing multi-cloud environments and SaaS applications. Key features include improved prevention of credential theft, multi-method threat prevention with advanced WildFire service, and high-performance hardware. The update also streamlines security operations with centralized management and simplifies User-ID deployments for better access control.",https://www.paloaltonetworks.com/products/new/new-panos8-0,Palo Alto Networks,Palo Alto Networks,20170207T051111,,0.294716,Somewhat-Bullish,0.620688,0.207207,Somewhat-Bullish
MSFT,Rackspace Lays Off 200 Locals in Companywide Cuts,"Rackspace Hosting Inc. announced the largest downsizing in its 19-year history, cutting 6% of its total U.S. workforce, which included 200 jobs at its Windcrest headquarters in San Antonio. This move is part of an effort to reduce spending by 7% companywide in 2017 following its acquisition by Apollo Global Management LLC, with a focus on preserving customer-facing roles and cutting positions primarily at the VP and director levels. Local leaders and organizations, including the City of San Antonio and Bexar County, are collaborating with Rackspace to provide outplacement services and connect displaced tech talent with other local companies.",https://sanantonioreport.org/rackspace-lays-off-200-locals-in-companywide-cuts/,San Antonio Report,San Antonio Report,20170207T052149,https://sanantonioreport.org/wp-content/uploads/2017/02/rackspace-hq-scott-ball-sa-report-1-1024x683.jpg,-0.044747,Neutral,0.595897,0.115962,Neutral
MSFT,Tech Company Fireminds Expands Partnerships,"Technology company Fireminds Ltd. has expanded its vendor relationships to better serve its growing customer base, establishing multiple partnerships with leading vendors like Igility, NetApp, ARCOS, and Microgen. These collaborations allow Fireminds to offer enhanced solutions in Bermuda and the Caribbean, including IT management services, data backup, Microsoft Dynamics 365 expertise, medical practice support, and trust/corporate services. CEO Michael Branco highlighted how these new partnerships complement their existing long-term vendor relationships.",https://bernews.com/2017/02/fireminds-expands-vendor-partnerships/,Bernews,Bernews,20170209T050628,,0.347035,Somewhat-Bullish,0.645435,0.311070,Somewhat-Bullish
MSFT,Microsoft breaks through in the Gartner Magic Quadrant for Business Intelligence and Analytics Platforms,"Microsoft has been recognized as a leader in Gartner's 2017 Magic Quadrant for Business Intelligence and Analytics Platforms for the 10th consecutive year, positioned furthest to the right for completeness of vision. This achievement highlights the significant innovations delivered with Microsoft Power BI since its general availability in July 2015, driven by a focus on providing accessible BI and customer feedback. Microsoft continues to prioritize rapid innovation and expand the reach of data insights to more users.",https://blogs.microsoft.com/blog/2017/02/16/microsoft-breaks-gartner-magic-quadrant-business-intelligence-analytics-platforms/,The Official Microsoft Blog,The Official Microsoft Blog,20170216T044606,,0.366981,Bullish,0.812161,0.436389,Bullish
MSFT,"Blackstone Acquires AWS, Microsoft, Salesforce Cloud Partner Cloudreach","Blackstone has acquired majority control of Cloudreach, an MSP and IT consulting firm specializing in migrations to AWS, Microsoft Azure, and Salesforce. Cloudreach, based in London, had £47.7 million in revenue for the 12 months ended July 2016 and plans to expand its geographic reach, software development, and managed services with Blackstone's backing. This acquisition is part of a growing trend of M&A deals involving AWS, Microsoft, and Salesforce partners.",https://www.channele2e.com/post/blackstone-acquires-aws-microsoft-salesforce-cloud-partner-cloudreach,ChannelE2E,ChannelE2E,20170217T040155,,0.178315,Somewhat-Bullish,0.605175,0.109107,Neutral
MSFT,Here’s Why Apple Isn’t Building an Amazon Echo Rival,"The article explains why Apple is not directly competing with Amazon's Echo device despite the success of voice-activated AI. Apple's strategy focuses on making Siri an omnipresent AI assistant across all its devices, rather than creating a dedicated smart speaker. The author argues this approach, exemplified by Siri's integration with AirPods and HomeKit, will prove more effective in the long run for winning the AI wars.",https://time.com/4674522/apple-echo-amazon-siri-iphone-airpods/,Time Magazine,Time Magazine,20170217T105100,,-0.053067,Neutral,0.611104,0.037143,Neutral
MSFT,Why did Emerson Network Power rebrand itself as Vertiv?,"Emerson Network Power rebranded as Vertiv in January 2017, following its sale by Emerson Electric Co. to Platinum Equity. This transition to a privately-held company allows Vertiv greater flexibility in business strategy, investment decisions, and the ability to focus on long-term growth as a standalone entity. Vertiv aims to capitalize on growth opportunities in Southeast Asia, particularly in cloud computing, data centers, and advanced network infrastructure.",https://www.digitalnewsasia.com/business/why-did-emerson-network-power-rebrand-itself-vertiv,Digital News Asia,Digital News Asia,20170221T042208,,0.168135,Somewhat-Bullish,0.631899,0.123122,Neutral
MSFT,ROM ETF Stock Price History,"This page provides comprehensive historical stock price data for the ProShares Ultra Technology (ROM) ETF, including closing, opening, high, low, volume, and percentage change. Users can analyze this data daily, weekly, or monthly, with a statistics summary for the selected date range. The article also includes FAQs regarding ROM's performance, daily trading range, and opening price.",https://www.investing.com/etfs/proshares-ultra-technology-historical-data,Investing.com,Investing.com,20170222T020927,,0.544763,Bullish,0.565414,0.128127,Neutral
MSFT,Array Technologies to supply trackers for Facebook solar plants in New Mexico,"Affordable Solar will utilize Array Technologies' DuraTrack HZ v3 trackers for three 10 MW-AC solar projects in New Mexico, which will supply power to Facebook's new data center. The $37 million contract was awarded by Public Service Company of New Mexico (PNM), and the solar plants are expected to help the data center achieve 100% renewable energy use. This deal highlights the growing trend of corporate renewable energy procurement through ""Green Tariff"" arrangements in regulated utility areas.",https://pv-magazine-usa.com/2017/02/23/array-technologies-to-supply-trackers-for-facebook-solar-plants-in-new-mexico/,pv magazine USA,pv magazine USA,20170223T035159,,0.654582,Bullish,0.639796,0.610014,Bullish
MSFT,Softbank looks to pick up stake in the proposed Vodafone-Idea combine,"Softbank is reportedly in talks to acquire a 15-20% stake in the proposed merger between Idea Cellular and Vodafone's Indian unit. This investment would help Vodafone reduce its stake below 50% and potentially pave the way for a gradual exit from India, while also injecting capital into the merged entity to compete with rivals like Reliance Jio. The deal could also help bridge the valuation gap between Vodafone India and Idea Cellular for a ""merger of equals"" desired by the Aditya Birla group.",https://m.economictimes.com/news/company/corporate-trends/softbank-looks-to-pick-up-stake-in-the-proposed-vodafone-idea-combine/articleshow/57300514.cms,The Economic Times,The Economic Times,20170223T063100,,0.008216,Neutral,0.648030,0.112328,Neutral
MSFT,"Exclusive: Apple expanding its Seattle engineering center, making a big bet on artificial intelligence","Apple is significantly expanding its engineering operations in Seattle, with a focus on artificial intelligence and machine learning technologies for its products. The expansion is marked by a commitment to take additional floors at Two Union Square and is supported by Apple's acquisition of Seattle startup Turi, which also led to a new $1 million endowed professorship at the University of Washington. This move highlights Seattle's growing importance as a hub for AI development, attracting talent and investment from tech giants and startups alike.",https://www.geekwire.com/2017/exclusive-apple-expanding-its-seattle-engineering-center-making-a-big-bet-on-artificial-intelligence/,GeekWire,GeekWire,20170223T080000,,0.199206,Somewhat-Bullish,0.627672,0.145633,Neutral
MSFT,Apple Shareholder Proposal Seeks More Diverse Company Leadership,"A group of Apple investors is pushing for a shareholder proposal to increase diversity in the company's senior management and board of directors. Lead investor Tony Maldonado argues that a lack of diversity poses a business risk for Apple, especially as it seeks new growth avenues beyond the iPhone. Despite Apple's recommendation to reject the proposal, supporting investors like Zevin Asset Management believe current diversity initiatives haven't adequately changed the composition of the company's leadership.",https://www.kqed.org/news/11330108/apple-shareholder-proposal-seeks-more-diverse-company-leadership,KQED,KQED,20170224T034627,https://ww2.kqed.org/app/uploads/sites/10/2017/02/apple-execs-800.jpg,0.079669,Neutral,0.636097,0.137412,Neutral
MSFT,Mobile World Congress 2017: HP debuts 2-in-1 device with Windows 10,"At Mobile World Congress 2017, HP Inc. unveiled the new Pro x2 612 G2, a 2-in-1 device running Windows 10, designed for mobile professionals. The device offers versatility, security, and a range of features including Windows Ink compatibility, long battery life, and enhanced serviceability. HP also introduced new accessories for its x2 and Elite x3 portfolio, such as rugged cases, docks, and a mobile scanning solution.",https://blogs.windows.com/windowsexperience/2017/02/27/mobile-world-congress-2017-hp-debuts-2-1-device-windows-10/,Windows Blog,Windows Blog,20170227T043707,,0.356193,Bullish,0.648549,0.312557,Somewhat-Bullish
MSFT,Nimble Storage debuts new cross-cloud data management service,"Nimble Storage Inc. has launched a new service called Nimble Cloud Volumes, designed to simplify migrating enterprise applications to the cloud by allowing workloads to access on-premises data without needing to relocate it. This service addresses the financial and control challenges associated with moving large datasets, particularly for sensitive information. Initially supporting Amazon Web Services and Microsoft Azure, the service costs 10 cents per gigabyte per month.",https://siliconangle.com/2017/02/27/nimble-storage-debuts-new-cross-cloud-data-management-service/,SiliconANGLE,SiliconANGLE,20170227T091007,https://d15shllkswkct0.cloudfront.net/wp-content/blogs.dir/1/files/2016/09/clouds-295695_1920.jpg,0.232875,Somewhat-Bullish,0.626943,0.110729,Neutral
MSFT,How Much Did Amazon Web Services Outage Cost Businesses?,"An Amazon Web Services (AWS) outage on the East Coast in February 2017 caused widespread disruption for thousands of businesses, including major services like Adobe, Twitch, and Slack. While AWS usually boasts high reliability, this incident highlighted the significant costs of downtime. IDC research indicates that AWS users generally experience far less downtime than those not using the service, resulting in substantial savings in lost productivity and revenue.",https://www.inc.com/cynthia-than/how-much-did-the-amazon-web-services-outage-cost-your-business.html,Inc.com,Inc.com,20170228T041121,,0.05002,Neutral,0.628894,0.118550,Neutral
MSFT,Nimble Storage wants to help companies avoid cloud vendor lock-in,"Nimble Storage has launched a new cloud storage service called Nimble Cloud Volumes to help enterprises navigate multi-cloud environments and prevent vendor lock-in. This service aims to enable seamless data migration between major cloud providers like AWS and Microsoft Azure, targeting core business applications with specific storage needs. The offering addresses the growing trend of multi-cloud strategies, which are now adopted by 85% of enterprises according to a recent survey.",https://www.ciodive.com/news/nimble-storage-wants-to-help-companies-avoid-cloud-vendor-lock-in/437024/,CIO Dive,CIO Dive,20170228T060953,,0.272088,Somewhat-Bullish,0.739945,0.235494,Somewhat-Bullish
MSFT,"JPMorgan software does in seconds what took lawyers 360,000 hours","JPMorgan has developed ""COIN"" (Contract Intelligence) software to automate the parsing of financial deals, a task that previously required 360,000 hours of lawyer time annually. This initiative is part of a broader push by JPMorgan into automation and new technologies, driven by a $9.6 billion technology budget and fears of competition from startups. The bank aims to reduce expenses, create new revenue streams, and improve efficiency by leveraging machine learning, big data, and cloud infrastructure, while also making some of its technology available to institutional clients.",https://www.independent.co.uk/news/business/news/jp-morgan-software-lawyers-coin-contract-intelligence-parsing-financial-deals-seconds-legal-working-hours-360000-a7603256.html,The Independent,The Independent,20170228T110300,,0.174277,Somewhat-Bullish,0.625698,0.146511,Neutral
MSFT,Apple Ranked Behind Google on This Corporate Reputation Study,"Apple's corporate reputation has fallen, landing at 20th place in the Reputation Institute’s Global RepTrak 100 study in early 2017, a drop from 10th place the previous year. While still strong in products and corporate performance, Apple's score was notably hurt by its perceived ""citizenship."" Competitors like Google and Microsoft ranked higher, with Samsung experiencing an even more significant decline in its reputation, likely due to the Galaxy Note 7 issues.",https://fortune.com/2017/03/01/apple-corporate-reputation/,Fortune,Fortune,20170301T045744,,0.156811,Somewhat-Bullish,0.630138,0.112987,Neutral
MSFT,"JPMorgan Chase uses tech to save 360,000 hours of annual work by lawyers and loan officers","JPMorgan Chase is utilizing new software called ""COIN"" (Contract Intelligence) to review commercial loan agreements, saving an estimated 360,000 hours of annual work previously performed by lawyers and loan officers. The technology helps reduce loan-servicing mistakes and the bank plans to expand its use to other complex legal filings. This adoption by JPMorgan Chase highlights a broader trend of law firms like DLA Piper and Reed Smith exploring and implementing AI for legal tasks like due-diligence document review.",https://www.abajournal.com/news/article/jpmorgan_chase_uses_tech_to_save_360000_hours_of_annual_work_by_lawyers_and,ABA Journal,ABA Journal,20170302T074500,,0.264989,Somewhat-Bullish,0.629177,0.132050,Neutral
MSFT,WBI Investments Inc - WBI Power Factor High Dividend Shares,"This article provides key financial data for WBI Investments Inc - WBI Power Factor High Dividend Shares (WBIY), including its latest stock price, trading volume, 52-week high and low, 50-day moving average, and previous close. It also features trending news and a poll related to dominant tech company earnings. The content primarily serves as a financial data snapshot for the WBIY stock.",https://stocktwits.com/symbol/WBIY,Stocktwits,Stocktwits,20170303T044026,,0.040844,Neutral,0.627504,0.049587,Neutral
MSFT,"Okta acquihires Stormpath, doubles down on identity in apps and APIs","Okta, the identity management startup for enterprises, has acqui-hired Stormpath to expand its business in managing IDs across APIs and apps. This strategic move brings 35 of Stormpath's employees and a license to use its technology, allowing Okta to quickly enhance its developer-focused identity management offerings and compete more effectively with rivals. The acquisition signals Okta's intent to diversify revenue and grow its customer base by targeting developers and expanding its API services.",https://techcrunch.com/2017/03/06/okta-stormpath/,TechCrunch,TechCrunch,20170306T055900,https://techcrunch.com/wp-content/uploads/2017/03/okta-stormpath.jpg?w=1200,0.250209,Somewhat-Bullish,0.626822,0.109561,Neutral
MSFT,Smells Like Seattle Spirit: Adaptive Reuse in the Emerald City,"This article highlights several notable adaptive reuse projects in Seattle, showcasing how historic buildings are preserved and repurposed to meet modern demands and foster economic development. Key examples include Starbucks Center, Pier 70, and the Grand Central Building, illustrating the city's commitment to historic preservation and urban revitalization. The projects demonstrate the conversion of obsolete structures into vibrant office spaces, retail establishments, and other community assets.",https://www.commercialcafe.com/blog/smells-like-seattle-spirit-adaptive-reuse-emerald-city/,CommercialCafe,CommercialCafe,20170307T053731,,0.150076,Somewhat-Bullish,0.600140,0.100782,Neutral
MSFT,Here’s Why HPE Just Paid $1 Billion for Nimble Storage,"Hewlett-Packard Enterprise (HPE) has acquired Nimble Storage, a flash storage specialist, for over $1 billion. This move follows a dramatic drop in HPE's storage sales and an earlier acquisition of Simplivity, indicating HPE's strategy to ""double down"" on flash storage and hybrid IT solutions. The acquisition aims to boost HPE's competitive edge in the storage market and better facilitate customers' data management across various cloud environments.",https://fortune.com/2017/03/07/hpe-nimble-storage/,Fortune,Fortune,20170307T094300,https://fortune.com/img-assets/wp-content/uploads/2016/03/darrow-barb.png?format=webp&w=1440&q=100,0.035909,Neutral,0.614027,-0.231956,Somewhat-Bearish
MSFT,Hewlett Packard Enterprise to Buy Nimble Storage for $1B,"Hewlett Packard Enterprise (HPE) is acquiring Nimble Storage for $1 billion to strengthen its flash storage portfolio and leverage Nimble's customer base and predictive flash technology, InfoSight. Despite Nimble Storage reporting significant revenue growth and new customer acquisition, it has consistently incurred losses. This acquisition is expected to help Nimble achieve profitability faster by integrating it into HPE's larger sales and marketing network and expanding HPE's offerings in the flash storage market.",https://www.sdxcentral.com/news/hewlett-packard-enterprise-to-buy-nimble-storage-for-1b/,SDxCentral,SDxCentral,20170307T233831,,0.115022,Neutral,0.633373,0.113091,Neutral
MSFT,Microsoft Is Shutting Down Its Social Network Socl,"Microsoft is shutting down its social network Socl on March 15, 2017, after failing to gain traction against competitors like Facebook and Twitter. Despite various experimental features and apps, Socl, a product of Microsoft's FUSE research arm, never achieved a clear vision or significant user engagement. This move highlights the struggles of major tech companies like Microsoft and Google in the social media space compared to Facebook's continued success.",https://dazeinfo.com/2017/03/08/microsoft-shutting-down-socl-social-network/,Dazeinfo,Dazeinfo,20170308T045744,,0.015221,Neutral,0.324811,0.027568,Neutral
MSFT,How a triple bottom line approach benefits your company,"This article explains the concept of a triple bottom line (TBL) approach, which integrates social and environmental results with traditional financial metrics. It highlights how companies adopting TBL, like Patagonia and Ben & Jerry's, not only contribute to a better world but also experience increased revenues, decreased costs, and enhanced customer loyalty, ultimately leading to outperformance over time. The piece also discusses the role of technology and investment organizations in supporting and measuring TBL initiatives.",https://www.techtarget.com/searcherp/feature/How-a-triple-bottom-line-approach-benefits-your-company,TechTarget,TechTarget,20170308T053703,,0.174657,Somewhat-Bullish,0.590132,0.111974,Neutral
MSFT,Better Buy: Vanguard High Dividend Yield ETF vs. WisdomTree High Dividend Fund,"This article compares two high dividend ETFs, the Vanguard High Dividend Yield ETF (VYM) and the WisdomTree High Dividend Fund (DHS), to help investors decide which is a better buy. It details their underlying indexes, top holdings, assets under management, expense ratios, and dividend yields, highlighting key differences like Vanguard's lower expense ratio and WisdomTree's inclusion of REITs. The author ultimately favors the Vanguard fund due to its cost advantage, with a caveat for investors seeking REIT exposure.",https://www.fool.com/investing/2017/03/09/better-buy-vanguard-high-dividend-yield-etf-vs-wis.aspx,The Motley Fool,The Motley Fool,20170309T074700,,0.280021,Somewhat-Bullish,0.600714,0.300574,Somewhat-Bullish
MSFT,Banking Giant Capital One Deliberately Made Its Chatbot Gender-Neutral,"Capital One has launched a gender-neutral chatbot and virtual assistant named Eno, which uses artificial intelligence to help customers with banking tasks like checking balances and making payments. The bank deliberately chose a gender-neutral name for Eno, addressing recent criticisms about the predominance of female names among digital assistants. Eno, which is still learning, also recognizes emojis to make interactions more human.",https://fortune.com/2017/03/10/capital-one-eno-chatbot/,Fortune,Fortune,20170310T041112,NULL,-0.043415,Neutral,0.647317,-0.309744,Somewhat-Bearish
MSFT,Juniper Networks Layoffs 2017: Some Staff Cuts Confirmed,"Juniper Networks confirmed it has cut a small number of employees as part of a reorganization, attributing the reductions to an ""innovation transformation strategy."" This figure is significantly lower than initial Business Insider estimates. The company is actively diversifying from traditional hardware sales into software-defined networking and security amidst competitive pressures and shifts to public cloud providers.",https://www.channele2e.com/post/juniper-networks-layoffs-2017-some-staff-cuts-confirmed,ChannelE2E,ChannelE2E,20170313T044627,NULL,0.003612,Neutral,0.633293,0.014094,Neutral
MSFT,Starbucks Remains One of the Most Ethical Companies,"Starbucks has been recognized as one of the world's most ethical companies by Ethisphere every year since 2007, showcasing its commitment to positive change. CEO Howard Schultz has driven social impact initiatives, including plans to hire 10,000 refugees and 10,000 veterans and spouses, and supporting employee health benefits. The company also boasts high customer and employee satisfaction.",https://247wallst.com/services/2017/03/13/starbucks-remains-one-of-the-most-ethical-companies/,24/7 Wall St.,24/7 Wall St.,20170313T080500,,0.190903,Somewhat-Bullish,0.580715,0.143607,Neutral
MSFT,Microsoft Teams rolls out to Office 365 customers worldwide,"Microsoft Teams, the chat-based workspace in Office 365, is now generally available in 181 markets and 19 languages. Since its preview in November, over 50,000 organizations have started using it, and more than 100 new features have been introduced. Microsoft Teams is built on four core promises: chat for today’s teams, a hub for teamwork, customization options, and security teams trust, integrating essential Office 365 applications and supporting global security standards.",https://www.microsoft.com/en-us/microsoft-365/blog/2017/03/14/microsoft-teams-rolls-out-to-office-365-customers-worldwide/,Microsoft,Microsoft,20170314T045743,,0.267753,Somewhat-Bullish,1.000000,0.433117,Bullish
MSFT,Microsoft Teams now available in Australia,"Microsoft Teams, a new chat-based workspace in Office 365, is now generally available in 181 countries and 19 languages, following a successful preview with over 50,000 organizations worldwide using it. In Australia, companies like Amicus, Blackmores, Objective Corporation, Readify, and RSL Queensland have pioneered its use, leveraging its deep integration with Office 365 for enhanced collaboration and productivity. The platform offers a hub for teamwork, threaded chat, rich customization, and enterprise-grade security and compliance features, with further enhancements planned including improved meeting experiences and mobile audio/video calling.",https://news.microsoft.com/en-au/features/microsoft-teams-now-available-in-australia/,Microsoft Source,Microsoft Source,20170314T045744,,0.425216,Bullish,1.000000,0.404373,Bullish
MSFT,Microsoft Teams rolls out to Office 365 customers worldwide,"Microsoft announced the general availability of Microsoft Teams, a new chat-based workspace in Office 365, to business customers worldwide. The tool, now available in 181 markets and 19 languages, has seen over 50,000 organizations adopt it since its preview, with more than 100 new features added. Microsoft Teams promises to enhance team collaboration through integrated Office applications, customization, and enterprise-grade security.",https://news.microsoft.com/apac/2017/03/15/microsoft-teams-rolls-out-to-office-365-customers-worldwide/,Microsoft Source,Microsoft Source,20170315T045743,,0.444517,Bullish,1.000000,0.442294,Bullish
MSFT,Microsoft reveals Surface expansion plans along with AppsForSurface program,"Microsoft unveiled an expansion of its Surface family of PCs business channel through the Microsoft Devices Program, allowing customers to purchase devices via authorized resellers. Additionally, they launched AppsForSurface, an application development program for independent software vendors focused on creating Surface-centric business applications. The initiative aims to broaden the reach of Microsoft's devices-and-services strategy and enhance the Surface ecosystem.",https://news.thewindowsclub.com/microsoft-reveals-surface-expansion-plans-along-with-appsforsurface-program-64356/,The Windows Club,The Windows Club,20170320T040638,,0.265049,Somewhat-Bullish,0.917659,0.321651,Somewhat-Bullish
MSFT,Adobe Overhauls Digital Marketing Services With an Eye on Non-Marketers,"Adobe is recasting its cloud-based marketing software into the ""Adobe Experience Cloud"" to appeal to a broader range of corporate users beyond traditional marketers. This move reflects the growing integration of digital marketing principles across various departments within a company. Furthermore, Adobe is collaborating with Microsoft to integrate their software applications, enhancing capabilities through Adobe Sensei AI and Microsoft Dynamics business applications.",https://fortune.com/2017/03/21/adobe-marketing-software-redo/,Fortune,Fortune,20170321T034644,,0.241002,Somewhat-Bullish,0.885845,0.348878,Somewhat-Bullish
MSFT,Microsoft India bets big on its security unit to drive cloud growth,"Microsoft India is heavily investing in its cybersecurity solutions to drive cloud adoption, as Indian businesses increasingly shift to cloud-based platforms for efficiency and cost reduction. The company emphasizes that cybersecurity will be a core focus, leveraging big data analytics and novel legal strategies to secure client data. This strategy aligns with the growing trend of businesses moving from traditional on-premise IT infrastructure to a pay-as-you-rent cloud model.",https://www.business-standard.com/article/technology/microsoft-india-bets-big-on-its-security-unit-to-drive-cloud-growth-117032800507_1.html,Business Standard,Business Standard,20170328T153500,,0.491406,Bullish,1.000000,0.469734,Bullish
MSFT,10 Things You Need To Know About The New DXC Technology,"DXC Technology, formed by the merger of CSC and HPE's Enterprise Services, debuted with a focus on digital transformation, talent development, and stable revenue growth. Executives projected first-year revenues between $24 billion and $24.5 billion, outlining strategies for cultural shifts, targeted acquisitions, and organizational streamlining to achieve financial targets. The company aims for significant cost savings and reinvestment to drive a 30-percent return to shareholders by 2020.",https://www.crn.com/slide-shows/channel-programs/300084365/10-things-you-need-to-know-about-the-new-dxc-technology,CRN Magazine,CRN Magazine,20170329T043705,,0.336754,Somewhat-Bullish,0.642370,0.325047,Somewhat-Bullish
MSFT,QQQ ETF Pegs New High: Best Large-Cap Growth Fund Or Tech Sector Star?,"The PowerShares QQQ ETF has been the best-performing large-cap growth fund over the past 10 years, with an average annual gain of 12.8%. While it has strong performance, some experts view it more as a technology sector fund due to its heavy tech weighting (over 50%), suggesting it's better suited for a satellite role in a diversified portfolio rather than a core holding. The article also highlights QQQ's broader exposure to ""tech innovators"" that blur traditional sector lines and its potential benefits from cash repatriation under President Trump.",https://www.investors.com/etfs-and-funds/etfs/the-best-large-cap-growth-fund-for-10-years-but-is-it-best-for-you/,Investor's Business Daily,Investor's Business Daily,20170330T151900,,0.249688,Somewhat-Bullish,0.632231,0.332901,Somewhat-Bullish
MSFT,"Microsoft, Toyota announce new licensing agreement for connected car IP","Microsoft and Toyota have announced a new patent licensing agreement covering connected car technologies, building on their existing partnership. This agreement is part of Microsoft's broader initiative to encourage IP licensing for its connected car innovations, with a focus on cloud-based solutions and advanced in-car capabilities. The article also touches upon a legal issue concerning vehicle ownership and software modifications, as exemplified by Deere & Company.",https://ipwatchdog.com/2017/04/01/microsoft-toyota-announce-new-licensing-agreement-connected-car-ip/,IPWatchdog.com,IPWatchdog.com,20170401T071500,,0.062988,Neutral,1.000000,0.219881,Somewhat-Bullish
MSFT,Iron Mountain Secures Wind Power for Its Trio of Data Centers,"Iron Mountain has committed to powering its data centers entirely with renewable energy, signing a 15-year agreement for wind power in Pennsylvania. This move aligns the company with other mega-data center providers in prioritizing renewable sources, especially to serve major clients like Amazon and Microsoft, despite potential shifts in federal climate policy. The company projects that by 2018, solar and wind power will cover two-thirds of its North American electricity needs.",https://www.datacenterknowledge.com/sustainability/iron-mountain-secures-wind-power-for-its-trio-of-data-centers,Data Center Knowledge,Data Center Knowledge,20170403T044201,,0.300331,Somewhat-Bullish,0.574974,0.225968,Somewhat-Bullish
MSFT,"Here's What a $1,000 Investment in Amazon's 1997 Debut Is Worth Today","This article examines the impressive growth of an early investment in Amazon.com Inc. since its 1997 IPO. It details how a $1,000 investment, despite early operating losses and multiple stock splits, would have grown to over half a million dollars by 2017 due to Amazon's aggressive expansion and market dominance. The piece highlights Amazon's journey from an online bookseller to a major e-commerce and tech giant, contrasting its performance with the broader retail sector.",https://moneymorning.com/2017/04/04/heres-what-a-1000-investment-in-amazons-1997-debut-is-worth-today/,Money Morning,Money Morning,20170404T035139,,0.364253,Bullish,0.604675,0.227939,Somewhat-Bullish
MSFT,"DXC Technology Launches to Lead Digital Transformations, Helping Global Enterprises and Public Sector Clients to Thrive on Change","DXC Technology officially launched as a leading independent IT services company, formed from the merger of CSC and HPE Enterprise Services. It aims to help global enterprises and public sector clients with digital transformations, offering extensive services, a large partner network, and a global footprint. The company debuted on the NYSE under the ticker symbol ""DXC,"" with annual revenues of $25 billion and approximately 170,000 employees.",https://www.asiapacificsecuritymagazine.com/dxc-technology-launches-to-lead-digital-transformations-helping-global-enterprises-and-public-sector-clients-to-thrive-on-change/,Asia Pacific Security Magazine,Asia Pacific Security Magazine,20170404T041730,,0.313819,Somewhat-Bullish,0.565593,0.258302,Somewhat-Bullish
MSFT,"Amazon Alexa has become one of my BFFs, says Omnicom Media chief","Omnicom Media Group's Philippa Brown highlights how Amazon's Alexa has transformed her work by enabling multitasking and streamlining daily tasks. She notes Alexa's continuous learning and expanding functionalities, impacting sectors like automotive, energy, and travel. Brown emphasizes the growing importance of voice-activated search for brands and anticipates significant developments, particularly in the automotive industry.",https://www.campaignlive.co.uk/article/amazon-alexa-become-one-bffs-says-omnicom-media-chief/1428760,Campaign,Campaign,20170405T050658,,0.184043,Somewhat-Bullish,0.640567,0.146572,Neutral
MSFT,"The five-minute CIO: Dharmesh Shah, CTO, HubSpot","Dharmesh Shah, co-founder and CTO of HubSpot, discusses the company's origins, its product development ethos, and the expansion of its European headquarters in Dublin. He highlights HubSpot's focus on creating intuitive software and its optimistic view on the future of AI and conversational user interfaces, particularly with the GrowthBot product. Shah also touches upon the challenges and successes of building a strong employer brand in Dublin and the technical hurdles of scaling their platform.",https://www.siliconrepublic.com/enterprise/dharmesh-shah-hubspot,Silicon Republic,Silicon Republic,20170407T043727,,0.437579,Bullish,0.613926,0.441882,Bullish
MSFT,Google Espresso to boost delivery of cloud-based application services,"Google has introduced Espresso, a new peering architecture unveiled at the Open Networking Summit, designed to enhance the delivery of cloud-based application services from Google Cloud. Espresso improves application performance by expanding Google's software-defined networking infrastructure to the network edge and prioritizing traffic based on latency requirements. This system routes 20% of Google's immense internet traffic and replaces traditional routers with software-controlled switches for greater efficiency and reliability.",https://www.techtarget.com/searchnetworking/news/450416460/Google-Espresso-to-boost-delivery-of-cloud-based-application-services,TechTarget,TechTarget,20170407T053703,,0.275159,Somewhat-Bullish,0.621921,0.249927,Somewhat-Bullish
MSFT,"Fortinet upgrades for better cloud, SD-WAN protection","Fortinet has released FortiOS 5.6, an upgraded operating system enabling unified security management across cloud assets and SD-WAN environments, including AWS and Azure. The company also announced FortiCASB, a platform for securing SaaS applications, which integrates with the Fortinet Security Fabric for consistent policy enforcement. These enhancements aim to provide comprehensive protection and simplified management for complex network infrastructures.",https://www.networkworld.com/article/962420/fortinet-upgrades-for-better-cloud-sd-wan-protection.html,Network World,Network World,20170411T043126,,0.227858,Somewhat-Bullish,0.642579,0.139194,Neutral
MSFT,"Riverbed enables WNS to up application speed 3X, better staff productivity & customer liking","WNS (Holdings) Limited has significantly improved application speed by 3x and email/file downloads by 10x using Riverbed SteelHead solution, leading to enhanced staff productivity and customer satisfaction. The deployment eliminated the need for expensive bandwidth upgrades, offering substantial cost savings and drastically reducing IT help tickets related to slow performance. WNS plans to leverage this foundation for future IT innovations, including a migration to Office 365, confident in SteelHead's ability to maintain performance.",https://cio.economictimes.indiatimes.com/news/enterprise-services-and-applications/riverbed-enables-wns-to-up-application-speed-3x-better-staff-productivity-customer-liking/58219025,Indiatimes,Indiatimes,20170417T140000,,0.278614,Somewhat-Bullish,0.646843,0.116701,Neutral
MSFT,Pegasystems Introduces Pega Intelligent Virtual Assistant,"Pegasystems Inc. launched Pega Intelligent Virtual Assistant, an AI-powered bot designed to transform applications into smart assistants across various channels like SMS, email, Facebook, and Alexa. This new solution aims to overcome the limitations of current chatbots by providing sophisticated, human-like interactions for personalized customer service and task completion. The Pega Intelligent Virtual Assistant is built into the Pega Platform, leveraging AI, natural language processing, and a unified architecture to offer a comprehensive bot solution for enterprises.",https://financialit.net/news/infrastructure/pegasystems-introduces-pega-intelligent-virtual-assistant,Financial IT,Financial IT,20170419T134500,,0.360643,Bullish,0.625740,0.324955,Somewhat-Bullish
MSFT,Microsoft announces artificial intelligence-based products and services,"Microsoft announced several new AI-based products and services, including SQL Server 2017 with built-in AI, Microsoft R Server 9.1, Azure cognitive services, and Cortana intelligence solution templates. These offerings aim to help organizations leverage data-driven intelligence for digital transformation and enable developers to create next-generation enterprise-grade AI applications. The new SQL Server will be compatible with Windows, Linux, and Docker containers, broadening its applicability.",https://www.business-standard.com/article/companies/microsoft-announces-artificial-intelligence-based-products-and-services-117042000992_1.html,Business Standard,Business Standard,20170420T192000,,0.445567,Bullish,1.000000,0.444911,Bullish
MSFT,Amazon blazes a trail to the next frontier in AI: the cloud,"Amazon is making a significant push into artificial intelligence, particularly by leveraging its AWS cloud to democratize machine learning for developers. CEO Jeff Bezos views machine learning as crucial for the company's future, powering internal operations and customer-facing services like Alexa and Amazon Go, and setting Amazon up as a platform company in AI. The company is focusing on making deep learning accessible, supporting various frameworks, and addressing scalability challenges for petabytes of data.",https://siliconangle.com/2017/04/22/amazon-blazes-trail-next-frontier-ai-cloud/,SiliconANGLE,SiliconANGLE,20170422T014600,,0.274365,Somewhat-Bullish,0.610438,0.131054,Neutral
MSFT,Feature: Local business consultant licensed to operate Franklin Covey-Guyana,"Dr. Rosh Khan, an internationally certified business consultant, has acquired the license to operate Franklin Covey in Guyana. This global leader in management and organizational behavior aims to revolutionize how companies operate by focusing on lasting changes in human behavior. Khan believes Franklin Covey's result-based approach, focusing on organizational behavior change and capacity building, is crucial for Guyana's development.",https://newsroom.gy/2017/04/25/feature-local-business-consultant-licensed-to-operate-franklin-covey-guyana/,News Room Guyana,News Room Guyana,20170425T042610,,0.302448,Somewhat-Bullish,0.617714,0.208942,Somewhat-Bullish
MSFT,"Nokia, Onetime Cell-Phone Champ, Turns to Bathroom Scales","Nokia, once a dominant force in cellphones, is attempting a consumer-electronics comeback by selling products like $100 bathroom scales. This strategy leverages brand recognition from Withings, a digital-health-device company it acquired. Nokia previously exited the personal device market in 2014, shifting its focus to cellular tower equipment.",https://www.wsj.com/articles/nokia-pegs-its-comeback-to-new-devices-1493285405?gaa_at=eafs&gaa_n=AWEtsqdlLi30gQAWPNgey_dAB4JKPDqLBgzcknISeS36piQikv-_RY6q0Mgc&gaa_ts=69083a71&gaa_sig=v-dpLcsInvidfsyiPFLODJiQymWI8dUy5sUMMv-7RTYVUn8FjkyvNAaFQHBFhOsfosihTVyq85IY5EeXucGx0A%3D%3D,The Wall Street Journal,The Wall Street Journal,20170427T050159,,0.091437,Neutral,0.648643,0.020943,Neutral
MSFT,Microsoft appoints globally respected regulator to privacy leadership role,"Microsoft has appointed Julie Brill, former Commissioner of the U.S. Federal Trade Commission (FTC), to lead its Privacy and Regulatory Affairs Group as corporate vice president and deputy general counsel. Brill, recognized for her expertise in privacy and data protection, will be responsible for shaping the company’s global legal, regulatory, and public policy response on critical issues facing the technology sector. Her role will also involve working with external stakeholders and Microsoft's engineering groups to build strong privacy protection into products and services, particularly in light of new standards like the European Union General Data Protection Regulation.",https://blogs.microsoft.com/on-the-issues/2017/04/28/microsoft-appoints-globally-respected-regulator-privacy-leadership-role/,The Official Microsoft Blog,The Official Microsoft Blog,20170428T045743,,0.400332,Bullish,1.000000,0.417822,Bullish
MSFT,These Are The Best-Paying Internships In America,"A new survey by Glassdoor reveals that tech companies, particularly Facebook Inc., offer the highest-paying internships in America, with some interns earning $8,000 a month. While tech firms dominate the top spots, Exxon Mobil Corp. is noted as the highest-paying non-tech company. Beyond generous salaries, many of these internships also cover lodging, meals, and transportation, especially in high-cost areas like San Francisco.",https://www.fa-mag.com/news/these-are-the-best-paying-internships-in-america-32575.html?print,FA Mag,FA Mag,20170502T035618,,0.089722,Neutral,0.611680,0.047869,Neutral
MSFT,Microsoft unveils new effort to teach kids to code through Minecraft,"Microsoft is launching a new initiative to teach children how to code through its popular game, Minecraft Education Edition. This will be achieved via a ""Codebuilder"" add-on that allows students to program within the game using tools like the Tynker plugin and visualize code execution with the ""Agent."" Microsoft CEO Satya Nadella emphasized the company's commitment to fostering creativity and empowering users through technology.",https://news.erau.edu/outtakes/microsoft-unveils-new-effort-to-teach-kids-to-code-through-minecraft,Embry-Riddle Aeronautical University,Embry-Riddle Aeronautical University,20170502T142300,,0.423527,Bullish,1.000000,0.431828,Bullish
MSFT,"Adobe bets big on cloud computing for marketing, creative professionals","Adobe Systems is significantly focusing on its cloud computing offerings, namely Experience Cloud and Creative Cloud, for marketing and creative professionals, with a strong emphasis on its partnership with Microsoft Azure. The company sees immense growth potential, particularly in India, driven by the increasing demand for digital transformation and customer experience solutions. Despite market challenges such as integration issues and high costs, Adobe, alongside Salesforce.com and Oracle, dominates the digital marketing hub market.",https://www.livemint.com/Companies/imUv8A0It7nozuF2Gv6ThP/Adobe-bets-big-on-cloud-computing-for-marketing-creative-pr.html,mint,mint,20170504T033000,,0.288672,Somewhat-Bullish,0.708919,0.313488,Somewhat-Bullish
MSFT,Apple becomes first $800 billion company with stock price increase,"Apple Inc. briefly surpassed an $800 billion market capitalization, becoming the first company to do so, following a stock price increase to $153.70 per share on Monday. The surge was attributed to a positive research note from Drexel Hamilton's Brian White, who set an ambitious price target of $185 to $202 per share, suggesting Apple could reach a trillion-dollar valuation. Despite concerns about the consumer electronics sector, Apple's ability to seamlessly integrate hardware, software, and services has demonstrated its market resilience.",https://www.upi.com/Top_News/US/2017/05/09/Apple-becomes-first-800-billion-company/5521494329081/,UPI.com,UPI.com,20170509T074700,,0.337761,Somewhat-Bullish,0.608514,0.146030,Neutral
MSFT,FedEx hit as NSA-linked ransomware spreads around the world,"FedEx announced it was a victim of the ""WannaCry"" ransomware attack, which is rapidly spreading globally and is linked to leaked NSA data. The malware, exploiting an NSA exploit called 'EternalBlue,' targets Microsoft Windows systems, encrypting files and demanding a $300 Bitcoin ransom. The attack has affected organizations in at least 70 countries, including the U.K.'s National Health Service, and highlights the urgent need for robust cybersecurity measures and skilled professionals.",https://www.mercurynews.com/2017/05/12/fedex-hit-as-nsa-linked-ransomware-spreads-around-the-world/,The Mercury News,The Mercury News,20170512T131200,,-0.510572,Bearish,0.738895,-0.412433,Bearish
MSFT,"If You Invested in Amazon at Its IPO, You Would Be a Millionaire Today","This article highlights the hypothetical massive returns an early investment in Amazon's IPO would have yielded, illustrating that a $5,000 investment 20 years ago would now be worth $2.4 million. It explores how this reflects on investors like Warren Buffett, who regretted not buying Amazon early, and details the company's tumultuous stock performance, including its dot-com bubble rise and subsequent dip, before its massive growth to a $457.9 billion market cap.",https://fortune.com/2017/05/15/amazon-stock-20-years-ipo/,Fortune,Fortune,20170515T035137,,0.36994,Bullish,0.643927,0.330392,Somewhat-Bullish
MSFT,'WannaCry' attack sends cybersecurity stocks higher,"The widespread 'WannaCry' ransomware attack led to a significant surge in cybersecurity stock prices on Monday as investors sought safety in the sector. Despite the attack slowing, major companies like Hitachi reported related computer problems, prompting investors to boost shares of cybersecurity firms such as PureFunds ISE Cyber Security, Palo Alto Networks, Symantec, Cisco Systems, Fortinet, and Proofpoint, all closing notably higher. Microsoft also saw a fractional increase in its shares as it worked to contain the attack.",https://www.usatoday.com/story/money/2017/05/15/wannacry-attack-sends-cybersecurity-stocks-higher/101706082/,USA Today,USA Today,20170515T051112,,0.252448,Somewhat-Bullish,0.711596,0.104823,Neutral
MSFT,Threat Brief: WanaCrypt0r– What We Know,"This Unit 42 threat brief details the WanaCrypt0r ransomware attack, which emerged on May 12, 2017, and spread through the exploitation of the ETERNALBLUE vulnerability (CVE-2017-0144) in Microsoft Windows. The article clarifies propagation methods, provides Palo Alto Networks' protection recommendations, and analyzes the financial impact and ""killswitch"" mechanism of the malware. It also discusses various theories for initial delivery and lateral movement, emphasizing the importance of applying the Microsoft patch MS17-010.",https://unit42.paloaltonetworks.com/unit42-threat-brief-wanacrypt0r-know/,Unit 42,Unit 42,20170516T051111,,0.240011,Somewhat-Bullish,0.929876,0.307121,Somewhat-Bullish
MSFT,Top 20 companies in Houston for job-seeking graduates,"This article lists top companies in Houston for recent graduates looking for jobs, highlighting the city's strong economy in oil/energy, healthcare, and IT. It names companies identified by LinkedIn and Glassdoor as top hirers of new graduates and best places to work. The article also mentions the Memorial Hermann Hospital System as the area's largest employer.",https://abc13.com/post/top-20-houston-companies-for-job-seeking-graduates/2003308/,ABC13 Houston,ABC13 Houston,20170517T000000,,0.250458,Somewhat-Bullish,0.737055,0.300341,Somewhat-Bullish
MSFT,Salesforce CEO Marc Benioff says his company is 'crushing Oracle',"Salesforce CEO Marc Benioff stated that his company is ""crushing Oracle"" and other competitors like SAP and Microsoft, following a strong first-quarter earnings beat and raised guidance for fiscal year 2018. Benioff attributed Salesforce's growth to its recent strategic acquisitions and expanded partnerships, highlighting significant customer wins and market share gains. The company's stock saw a 3 percent rise in after-hours trading due to the positive earnings report.",https://sg.finance.yahoo.com/news/salesforce-ceo-marc-benioff-says-222500700.html,Yahoo! Finance Singapore,Yahoo! Finance Singapore,20170518T041134,,0.037203,Neutral,0.608254,-0.112519,Neutral
MSFT,HP reveals new Windows 10 devices built for creativity at Cannes Film Festival,"HP Inc. announced a new premium portfolio of Windows 10 devices—the Spectre x2, ENVY x360, and ENVY laptops—at the Cannes Film Festival, targeting digital creators. These devices ship with the Windows 10 Creators Update and offer features like Windows Hello, Microsoft Edge, and Cortana. The announcement details specifications and pricing for each model, emphasizing performance, design, and creative functionality.",https://blogs.windows.com/windowsexperience/2017/05/22/hp-reveals-new-windows-10-devices-built-creativity-cannes-film-festival/,Windows Blog,Windows Blog,20170522T043708,,0.271608,Somewhat-Bullish,0.706189,0.301633,Somewhat-Bullish
MSFT,"Biomerica, Inc. (BMRA) stock price, news, quote and history","This Yahoo Finance page provides comprehensive financial data for Biomerica, Inc. (BMRA), including real-time stock price, historical performance, key statistics, company overview, recent news, and earnings trends. Biomerica is a biomedical technology company specializing in diagnostic and therapeutic products for medical conditions, particularly gastrointestinal diseases and food intolerances. The company was founded in 1971 and is headquartered in Irvine, California.",https://uk.finance.yahoo.com/quote/BMRA/,Yahoo Finance UK,Yahoo Finance UK,20170522T061322,,0.128502,Neutral,0.617806,0.358781,Bullish
MSFT,The OFCCP Paradox: Government Actions Create a New Diversity Hiring Fallacy,"This article examines the paradox created by OFCCP's diversity hiring enforcement, particularly focusing on the Palantir settlement and Oracle lawsuit. It highlights how government actions and statistical analysis methods clash with existing hiring complexities, such as H1-B visas and the definition of a ""qualified"" applicant. The author suggests methods for companies to better comply with OFCCP regulations while navigating these challenges.",https://www.ere.net/articles/the-ofccp-paradox-government-actions-create-a-new-diversity-hiring-fallacy,www.ere.net,www.ere.net,20170524T051152,,-0.032888,Neutral,0.585103,0.014236,Neutral
MSFT,DOG - ProShares Short Dow30 -1x Shares Stock Price and Quote,"This page provides detailed stock price and quote information for DOG, the ProShares Short Dow30 -1x Shares ETF. It includes financial data, performance metrics, and a list of related news articles and analyses over several years, focusing on market trends, inverse ETFs, and economic forecasts.",https://finviz.com/quote.ashx?t=DOG,Finviz - Stock Screener,Finviz - Stock Screener,20170525T155130,,-0.188973,Somewhat-Bearish,0.612766,-0.186755,Somewhat-Bearish
MSFT,Vanguard S&P 500 ETF (VOO) holdings,"This article provides a comprehensive overview of the Vanguard S&P 500 ETF (VOO) holdings. It details the top 10 holdings, sector weightings, overall portfolio composition, and key ETF summary metrics. The VOO ETF aims to track the performance of the S&P 500 Index.",https://sg.finance.yahoo.com/quote/VOO/holdings/,Yahoo! Finance Singapore,Yahoo! Finance Singapore,20170528T053638,,0.174236,Somewhat-Bullish,0.801212,0.204243,Somewhat-Bullish
MSFT,Speeds of storage networking technologies rise as flash use spikes,"This article traces the evolution of Ethernet speeds, starting from 10 Mbps in the 1980s to the development of 400 Gbps standards. It highlights the role of hyperscale data centers in driving demand for higher-speed, more cost-effective networking and the efforts by consortiums and IEEE to develop new Ethernet standards like 25 Gbps, 50 Gbps, 100 Gbps, 200 Gbps, and 400 Gbps. The article also touches upon the development of 2.5 Gbps and 5 Gbps Ethernet for LANs to support faster Wi-Fi without requiring extensive cabling upgrades.",https://www.techtarget.com/searchstorage/photostory/450419695/Speeds-of-storage-networking-technologies-rise-as-flash-use-spikes/2/High-speed-Ethernet-standards-offer-implementation-choices,TechTarget,TechTarget,20170530T035142,,0.238545,Somewhat-Bullish,0.619669,0.234055,Somewhat-Bullish
MSFT,"Mary Barra shapes a new GM: Fast, focused and decisive","Mary Barra has transformed General Motors in 3½ years into a more decisive, focused, and profit-driven company. Under her leadership, GM has prioritized customer satisfaction and profitability over sales volume, leading to divestments from unprofitable markets and aggressive investments in new technologies like autonomous and electric vehicles. This shift aims to make GM the ""most valued automotive company"" by all stakeholders.",https://www.freep.com/story/money/cars/mark-phelan/2017/06/04/mary-barra-general-motors/352853001/,Detroit Free Press,Detroit Free Press,20170604T043202,,0.263363,Somewhat-Bullish,0.621411,0.105307,Neutral
MSFT,How former Apple CEO Sculley helped usher in the personal computing era,"Former Apple CEO John Sculley discusses his tenure at Apple, highlighting how he and Steve Jobs focused on making computers personal and accessible to non-technical users. He also reflects on Apple's challenges against industry standards and shares his current work in fintech and healthcare, applying technology to disrupt traditional industries.",https://www.ciodive.com/news/how-former-apple-ceo-sculley-helped-usher-in-the-personal-computing-era/443915/,CIO Dive,CIO Dive,20170605T034627,NULL,0.241786,Somewhat-Bullish,0.612187,0.114877,Neutral
MSFT,"HPE Looks Ahead To Composable Infrastructure, Persistent Memory","Facing challenges in the server market, Hewlett Packard Enterprise (HPE) is focusing on composable infrastructure, next-generation ProLiant servers, and persistent memory. Among new offerings, HPE will be rolling out Intel Skylake Xeon-powered servers, OneView 3.1 for resource pooling, and Scalable Persistent Memory leveraging NVDIMM technology. The company is also emphasizing silicon-level security and expanding its flash storage portfolio.",https://www.nextplatform.com/2017/06/06/hpe-looks-ahead-composable-infrastructure-persistent-memory/,The Next Platform,The Next Platform,20170606T043705,,0.109597,Neutral,0.622720,0.345185,Somewhat-Bullish
MSFT,"Hewlett Packard Enterprise (HPE), an eight step quick history","This article provides an eight-step history of Hewlett Packard Enterprise (HPE) since its split in November 2015, detailing its strategic divestitures and acquisitions. It highlights how HPE refocused on core corporate and enterprise clientele, strengthening its server, storage, and networking offerings through key moves in high-performance computing, cloud analytics, security, hyper-converged infrastructure, and flash storage. The strategic changes aimed to make HPE a more ""laser focused"" organization to meet enterprise IT demands.",https://itbrief.co.nz/story/hewlett-packard-enterprise-hpe-an-eight-step-quick-history,IT Brief New Zealand,IT Brief New Zealand,20170607T043705,,0.285029,Somewhat-Bullish,0.573792,0.231453,Somewhat-Bullish
MSFT,Quadrant Homes Launches New Standard Home Automation Package,"Quadrant Homes is introducing a new standard Home Technology Package in all its new residences, including smart lighting, virtual assistant connectors, and built-in access points. This decision is driven by increasing consumer demand for connected homes, particularly in the tech-savvy Seattle area. The package integrates products from multiple companies like Ring, Schlage, Liftmaster, and Nest to offer comprehensive security, comfort, and connectivity features.",https://builderonline.com/design/technology/quadrant-homes-launches-new-standard-home-automation-package_o,Builder Magazine,Builder Magazine,20170608T053641,,0.22878,Somewhat-Bullish,0.610682,0.318087,Somewhat-Bullish
MSFT,Plantronics and Dolby Team Up to Usher in a New Dimension of Sound,"Plantronics and Dolby Laboratories Inc. have partnered to release a new line of high-end RIG headsets for Xbox One, Project Scorpio, and Windows 10 platforms. These headsets will feature Dolby Atmos® audio technology, providing spatial audio for a more immersive gaming experience. The new models, including the RIG 400LX, RIG 600LX, and RIG 800LX, will be available in fall 2017 with prices ranging from $99.99 to $149.99.",https://hardcoregamer.com/news/plantronics-and-dolby-team-up-to-usher-in-a-new-dimension-of-sound/260300/,Hardcore Gamer,Hardcore Gamer,20170609T041705,,0.306714,Somewhat-Bullish,0.625650,0.213052,Somewhat-Bullish
MSFT,DuPont Fabros Deal Gives Digital Realty More Firepower in the War for Cloud Deals,"Digital Realty Trust's acquisition of DuPont Fabros Technology for $7.6 billion significantly expands its footprint in key North American data center markets, strengthening its ability to secure large deals with hyper-scale cloud platforms like Microsoft, Apple, and Salesforce. This merger also preempts competitors and makes Digital Realty the largest multi-tenant data center provider in North America. Despite this consolidation, intense competition within the hyper-scale data center market is expected to continue.",https://www.datacenterknowledge.com/deals/dupont-fabros-deal-gives-digital-realty-more-firepower-in-the-war-for-cloud-deals,Data Center Knowledge,Data Center Knowledge,20170609T041706,,0.25758,Somewhat-Bullish,0.708486,0.345797,Somewhat-Bullish
MSFT,The Gartner It Security Approach For The Digital Age,"Gartner advocates for a continuous adaptive risk and trust assessment (CARTA) approach to IT security in the digital age, moving beyond traditional binary security models. This approach emphasizes adaptive security across ""Run,"" ""Build,"" and ""Plan"" phases, integrating analytics and automation to manage risks associated with digital business opportunities like cloud services, big data, mobile, and DevOps. The CARTA mindset aims to enable organizations to embrace new opportunities more readily by continuously monitoring and assessing risks.",https://www.gartner.com/smarterwithgartner/the-gartner-it-security-approach-for-the-digital-age,Gartner,Gartner,20170612T044606,,0.241929,Somewhat-Bullish,0.642057,0.109694,Neutral
MSFT,SCOTUS Delivers Win for Microsoft Defendants,"The Supreme Court ruled that class action plaintiffs cannot immediately appeal the denial of class certification by voluntarily dismissing their individual claims, thereby upholding the final-judgment rule and the discretionary appellate review process under Rule 23(f). This decision is seen as a victory for class action defendants, reaffirming that class certification decisions are interlocutory and emphasizing the need for evenhanded treatment of all parties in such cases. The Court recognized the ""reverse death knell"" effect, where class certification can pressure defendants into settling, providing them with a stronger basis for seeking interlocutory appeal.",https://www.jonesday.com/en/insights/2017/06/game-over-supreme-court-delivers-win-for-class-action-defendants-in-imicrosofti,Jones Day,Jones Day,20170612T045744,,0.256184,Somewhat-Bullish,0.919905,0.280488,Somewhat-Bullish
MSFT,Accelerating Security Innovation: Introducing the Palo Alto Networks Application Framework,"Palo Alto Networks has introduced its new Application Framework, designed to accelerate security innovation by allowing customers to rapidly adopt new security technologies delivered as cloud-based apps. This framework, built on their Next-Generation Security Platform, enables any provider, partner, MSSP, or customer to build apps. To support this initiative, Palo Alto Networks also announced a $20 million security venture fund to fuel the development of innovative security applications.",https://www.paloaltonetworks.com/blog/2017/06/palo-alto-networks-application-framework/,Palo Alto Networks,Palo Alto Networks,20170613T051111,,0.332025,Somewhat-Bullish,0.559495,0.277703,Somewhat-Bullish
MSFT,FLQL Stock Price | Franklin U.S. Large Cap Multifactor Index ETF,"This article provides comprehensive information on the Franklin U.S. Large Cap Multifactor Index ETF (FLQL), including its current stock price, trading exchange (NYSE), and key statistics like dividend yield and expense ratio. It also details the fund's profile, top holdings (such as NVIDIA, Apple, and Microsoft), and technical analysis indicators (suggesting a ""Strong Buy""). The article serves as a resource for investors looking to assess FLQL's performance and potential.",https://www.investing.com/etfs/franklin-libertyq-us,Investing.com,Investing.com,20170613T210838,,0.129797,Neutral,0.623980,0.102798,Neutral
MSFT,How Salesforce Gained Its Moat,"Salesforce.com has established a ""wide moat"" in the customer relationship management (CRM) industry through its strong network effect, brand, and high customer switching costs. Despite increasing competition from companies like Microsoft, Salesforce maintains its leadership position with a significant market share. The company's exponential revenue growth and long-term contracts suggest continued strength, although the competitive nature of the CRM market poses an ongoing threat.",https://marketrealist.com/2017/06/salesforce-gained-moat/,Market Realist,Market Realist,20170615T135400,,0.466429,Bullish,0.721025,0.122431,Neutral
MSFT,How to Short Technology Stocks with ETFs,"The technology sector has shown signs of losing steam due to overvaluation concerns and profit-taking, leading investors to consider short positions. This article explores several ETFs that offer inverse exposure to the tech sector for investors looking to capitalize on a bearish outlook. It highlights ETFs with varying inverse exposures, including those focusing on the broader tech sector and the semiconductor industry, noting their suitability for short-term traders.",https://finance.yahoo.com/news/short-technology-stocks-etfs-142002947.html,Yahoo Finance,Yahoo Finance,20170616T034624,,-0.359749,Bearish,0.738331,-0.449731,Bearish
MSFT,|How Insurance Giant Allstate Is Using Cloud Tech to Build New Businesses,"|Allstate, an 86-year-old insurance giant, is leveraging cloud technology to innovate and compete with startups. Through its CompoZed Labs unit, Allstate has dramatically sped up software development, allowing for quick testing and deployment of new services like an improved roadside assistance app. This strategic use of cloud-agnostic tools enables flexibility and fosters creativity within the company.",https://fortune.com/2017/06/19/allstate-insurance-cloud/,Fortune,Fortune,20170619T035119,|NULL,0.14318,Neutral,0.643656,0.137682,Neutral
MSFT,Invesco NASDAQ Internet ETF (PNQI) Holdings,"This article provides detailed holdings and performance data for the Invesco NASDAQ Internet ETF (PNQI). It lists the top 10 holdings, sector weightings, and overall portfolio composition, showing a strong focus on technology and consumer cyclical companies. The ETF aims to track internet-related businesses listed on major U.S. exchanges.",https://ca.finance.yahoo.com/quote/PNQI/holdings/,Yahoo! Finance Canada,Yahoo! Finance Canada,20170624T201104,,0.017934,Neutral,0.747268,0.010657,Neutral
MSFT,"Booking.com Is Expanding Beyond Hotels and Into Flights, Cars and Restaurants","Booking.com is expanding its offerings beyond hotels to include flights, car rentals, and restaurant reservations, integrating services from sister companies within the Priceline Group. This move signifies a strategic shift for Booking.com to become a more comprehensive online travel agency, aiming to capture a larger share of the traveler journey amidst competition from full-service rivals like Expedia and Ctrip. The new tabs are currently part of a test to gauge their performance and user adoption.",https://skift.com/2017/06/27/booking-com-is-expanding-beyond-hotels-and-into-flights-cars-and-restaurants/,Skift,Skift,20170627T020000,,0.194606,Somewhat-Bullish,0.583043,0.102271,Neutral
MSFT,Box and Microsoft partner for cloud content management with Azure,"Box and Microsoft have announced an expanded partnership to offer Box cloud content management with Azure to enterprise customers. Box will leverage Azure as a strategic public cloud platform, with shared go-to-market investments and future integration of Azure's AI and machine learning capabilities with Box's platform. This collaboration aims to provide businesses with enhanced cloud content management, advanced machine learning features, and expanded global data storage options through Box Zones.",https://news.microsoft.com/source/2017/06/27/box-microsoft-partner-cloud-content-management-azure/,Microsoft Source,Microsoft Source,20170627T040133,,0.443285,Bullish,0.941416,0.411551,Bullish
MSFT,"The 50 Smartest Companies in 2017, According to MIT Experts","MIT Technology Review released its annual list of the world's 50 smartest companies for 2017, based on business savvy and creative use of emerging technology. Nvidia topped the list for its AI software and growing AI businesses, with a valuation of $90.9 billion. The list also includes major companies like Apple and Facebook, alongside newcomers such as Face++, Carbon, and Desktop Metal.",https://www.insidehook.com/culture/the-50-smartest-companies-according-to-mit-experts,InsideHook,InsideHook,20170628T123300,,0.264825,Somewhat-Bullish,0.578806,0.129529,Neutral
MSFT,"Evidence, Inc.","TASER International rebranded as Axon Enterprise Inc. to emphasize its growing body camera business and launched an initiative offering free body cameras and cloud storage to U.S. police departments for a year. This move has sparked controversy regarding competitive practices and concerns about a single corporation controlling sensitive police evidence. The article also touches on Axon's future plans for AI integration and the debate around body camera transparency and usage, noting that Tasers still generate the majority of Axon's revenue despite the push for body cameras.",https://www.phoenixmag.com/2017/07/01/evidence-inc/,PHOENIX magazine,PHOENIX magazine,20170701T035607,,0.202955,Somewhat-Bullish,0.603958,0.125245,Neutral
MSFT,SAS ranked a Leader in real-time interaction management by independent research firm,"SAS has been recognized as a Leader in The Forrester Wave™: Real-Time Interaction Management, Q1 2024, highlighting its use of responsible AI in enterprise RTIM decisioning. The report notes SAS's roadmap to make predictive and generative AI more accessible to knowledge workers. SAS leverages its advanced analytics to enhance RTIM use cases with real-time alerts and decisions across areas like credit, fraud, and risk.",https://www.sas.com/nl_nl/news/analyst-viewpoints/forrester-names-sas-leader-in-real-time-interaction-management.html,SAS: Data and AI Solutions,SAS: Data and AI Solutions,20170707T042645,,0.34534,Somewhat-Bullish,0.640876,0.344649,Somewhat-Bullish
MSFT,Five9 Takes on the World,"Five9 announced significant architectural changes to its Virtual Contact Center (VCC) application as part of its Summer Release 2017. These changes aim to enhance the platform for enterprise and global scalability, moving towards a microservices-based architecture and introducing new voice points of presence. The update also includes tighter integrations with WFO solutions from partners and with Salesforce and Microsoft Skype for Business, signaling Five9's intent to target the large enterprise contact center market.",https://www.nojitter.com/cloud-infrastructure/five9-takes-on-the-world,No Jitter,No Jitter,20170712T042634,,0.411922,Bullish,0.608389,0.285311,Somewhat-Bullish
MSFT,Intel rolls out new chips in battle for data center business,"Intel Corp. announced a new line of Xeon Scalable Processor chips designed for data centers, aiming to compete with Advanced Micro Devices and other chip providers in the lucrative cloud computing market. These new chips offer enhanced support for next-generation computing applications like artificial intelligence and driverless cars, with Google Cloud Platform being the first data center to adopt them. The article highlights the competitive landscape, noting AMD's new data center processor and the growing trend of large internet companies designing their own hardware to push Intel on pricing.",https://indianexpress.com/article/technology/tech-news-technology/intel-rolls-out-new-chips-in-battle-for-data-center-business-4746999/,The Indian Express,The Indian Express,20170712T132900,,0.113004,Neutral,0.640881,0.138024,Neutral
MSFT,Microsoft’s board adopts board tenure policy,"Microsoft's Board of Directors has adopted a new board tenure policy, targeting an average tenure of 10 years or less for independent directors. This formalizes an existing practice and aims to balance the need for experienced directors with a desire for fresh perspectives and board refreshment. The decision was influenced by investor feedback and emphasizes the importance of diversity on the board.",https://blogs.microsoft.com/on-the-issues/2017/07/13/microsofts-board-adopts-board-tenure-policy/,The Official Microsoft Blog,The Official Microsoft Blog,20170713T045743,,0.278319,Somewhat-Bullish,1.000000,0.278220,Somewhat-Bullish
MSFT,Tech Moves: Microsoft bringing in GE tech executive to be corporate VP of U.S. division,"Microsoft announced that Kate Johnson, a current executive with GE Digital, will join the company as president and corporate vice president of its U.S. division, starting September 8th. Johnson brings over 20 years of business and technology experience, having previously held senior vice president roles at Oracle and executive positions at GE, where she also championed diversity initiatives. Her new responsibilities at Microsoft were not immediately detailed.",https://www.geekwire.com/2017/tech-moves-microsoft-bringing-ge-tech-executive-corporate-vp-u-s-division/,GeekWire,GeekWire,20170717T163300,,0.300139,Somewhat-Bullish,1.000000,0.404272,Bullish
MSFT,Baidu and Microsoft join forces in the intelligent cloud to advance autonomous driving,"Baidu and Microsoft have announced a partnership to advance autonomous driving globally. Microsoft will provide its Azure cloud platform to support Baidu's Apollo open platform outside of China, offering a secure and trustworthy public cloud for Apollo partners. This collaboration aims to leverage Microsoft's AI, machine learning, and deep neural network capabilities to accelerate the development of safer autonomous vehicles.",https://news.microsoft.com/source/2017/07/18/baidu-and-microsoft-join-forces-in-the-intelligent-cloud-to-advance-autonomous-driving/,Microsoft Source,Microsoft Source,20170718T040059,,0.349361,Somewhat-Bullish,0.911392,0.427884,Bullish
MSFT,New App Helps Blind People Know the World Around Them,"Microsoft has released a new, free app called ""Seeing AI"" for Apple's iPhone and iPad, designed to assist blind and visually impaired individuals. The app utilizes a camera and artificial intelligence to identify objects, people, documents, and even emotions, announcing them aloud to the user. Seeing AI also features capabilities like reading product bar codes, menu items, and soon, banknote values, significantly enhancing independence for its users.",https://learningenglish.voanews.com/a/personal-tech-seeing-ai/3949984.html,VOA - Voice of America English News,VOA - Voice of America English News,20170719T045744,,0.360173,Bullish,1.000000,0.438114,Bullish
MSFT,Amazon acquires Santa Barbara start-up Graphiq to try to bolster Alexa,"Amazon acquired Santa Barbara start-up Graphiq in May 2017 for an estimated $50 million to enhance its Alexa virtual assistant and other services. Graphiq, founded as FindTheBest, specialized in organizing and connecting data to simplify online research, having previously developed tools for news publishers and an Alexa app. The acquisition brings Graphiq's data analysis technology and its employees into Amazon, strengthening Amazon's competitive position against other major tech companies in delivering quick answers to consumer queries.",https://www.latimes.com/business/technology/la-fi-tn-graphiq-amazon-20170719-story.html,Los Angeles Times,Los Angeles Times,20170720T030000,,0.187864,Somewhat-Bullish,0.554311,0.100546,Neutral
MSFT,QID Stock Fund Price and Chart — AMEX:QID,"This article provides a detailed overview of the ProShares UltraShort QQQ (QID) ETF, including its current price, performance metrics, and key statistics like AUM and expense ratio. It explains that QID offers -2x exposure to the Nasdaq 100 Index, making it a more aggressive inverse fund primarily designed for daily trading. The article also includes analysis, news, ideas from traders, technical indicators, and frequently asked questions about the ETF.",https://www.tradingview.com/symbols/AMEX-QID/,TradingView — Track All Markets,TradingView — Track All Markets,20170720T092833,https://s3-symbol-logo.tradingview.com/proshares--big.svg,-0.136511,Neutral,0.600252,-0.122090,Neutral
MSFT,MILN Stock Fund Price and Chart — NASDAQ:MILN,"This article provides an overview of the Global X Millennial Consumer ETF (MILN), detailing its price performance, key statistics like AUM and expense ratio, and its investment strategy. MILN invests in companies linked to millennial spending habits, tracking the Indxx Millennials Thematic Index. The fund's profile includes its issuer, inception date, and asset allocation, alongside technical analysis and frequently asked questions for potential investors.",https://www.tradingview.com/symbols/NASDAQ-MILN/,TradingView,TradingView,20170721T200915,https://s3.tradingview.com/9/9mvDTPAB_mid.png,0.217077,Somewhat-Bullish,0.649023,0.335431,Somewhat-Bullish
MSFT,Microsoft and AIS engage in Thailand’s first partnership to provide Thai customers with world-class reliability and security on the Microsoft Cloud,"Microsoft and AIS have formed a partnership in Thailand to provide secure and reliable access to Microsoft cloud services for Thai customers. This collaboration will enhance cloud-based productivity for both consumers and businesses by integrating the AIS network with Microsoft's cloud platform, offering improved performance, cost reduction, and robust security. The agreement positions AIS as Thailand's first Microsoft cloud service partner with optimized integration for Microsoft's cloud facilities in Singapore and Hong Kong.",https://news.microsoft.com/th-th/2017/07/25/ais_partnership_en/,Microsoft Source,Microsoft Source,20170725T045744,,0.464246,Bullish,1.000000,0.492806,Bullish
MSFT,Smart Vacuum Cleaners Making Map Of Your Home — And Wants to Sell It,"iRobot, the company behind the Roomba vacuum cleaner, is reportedly planning to sell the home mapping data collected by its devices to third-party companies like Apple, Amazon, Microsoft, and Google. While this raises significant privacy concerns, proponents suggest the data could enhance the functionality of other smart home devices. iRobot CEO Colin Angle states that this would only happen with users' consent and could lead to a more integrated smart home ecosystem.",https://thehackernews.com/2017/07/irobot-roomba-vacuums.html,The Hacker News,The Hacker News,20170726T044159,,-0.157429,Somewhat-Bearish,0.614993,-0.122051,Neutral
MSFT,Amazon’s Jeff Bezos is now the world’s richest man,"Jeff Bezos, founder of Amazon.com Inc., surpassed Bill Gates to become the world's richest person due to a surge in Amazon's share price ahead of its earnings report. His net worth reached $90.9 billion, primarily driven by Amazon's 40% stock increase this year and the success of its Prime service and cloud-computing division, Amazon Web Services. This marks a significant shift in global wealth rankings, with Bezos leapfrogging Gates who had held the top spot since May 2013.",https://businesstech.co.za/news/trending/188533/amazons-jeff-bezos-is-now-the-worlds-richest-man/,Business Tech,Business Tech,20170727T035140,,0.257696,Somewhat-Bullish,0.624100,0.128569,Neutral
MSFT,Microsoft OneDrive recognized as a Leader in Gartner Magic Quadrant for Content Collaboration Platforms,"Microsoft OneDrive has been recognized as a Leader in Gartner's 2017 Magic Quadrant Report for Content Collaboration Platforms, placing highest for Ability to Execute. This recognition highlights OneDrive's commitment to providing robust file sharing and collaboration capabilities, integrating seamlessly with Office 365 and supporting a wide range of file types, while offering strong security and deployment flexibility. The article emphasizes OneDrive's cloud leadership, compliance, and significant adoption among Fortune 500 companies.",https://www.microsoft.com/en-us/microsoft-365/blog/2017/07/27/microsoft-onedrive-recognized-as-a-leader-in-gartner-magic-quadrant-for-content-collaboration-platforms/,Microsoft,Microsoft,20170727T044606,,0.406774,Bullish,0.963672,0.737051,Bullish
MSFT,"Amazon’s Jeff Bezos becomes world’s richest, unseating Bill Gates","Jeff Bezos, CEO of Amazon, has surpassed Bill Gates to become the world's richest person, with an estimated fortune of $90.6 billion. This rise is attributed to Amazon's significant stock jump and its aggressive expansion into various new markets beyond e-commerce. Meanwhile, Bill Gates, a prolific philanthropist, holds a net worth of $90.1 billion, having donated $31.1 billion to charity through 2016.",https://english.alarabiya.net/business/economy/2017/07/27/Amazon-s-Jeff-Bezos-becomes-world-s-richest-unseating-Bill-Gates,Al Arabiya English,Al Arabiya English,20170727T120000,,0.478164,Bullish,0.657376,0.136195,Neutral
MSFT,Jeff Bezos overtakes Bill Gates as world’s richest person,"Jeff Bezos, founder of Amazon.com Inc., surpassed Bill Gates as the world's richest person on July 27, 2017, due to a surge in Amazon's stock ahead of its earnings report. Bezos's net worth reached $90.9 billion, slightly above Gates's $90.7 billion. Investors were scrutinizing Amazon Prime subscriptions and the performance of its cloud-computing division, Amazon Web Services.",https://guardian.ng/news/jeff-bezos-overtakes-bill-gates-as-worlds-richest-person/,The Guardian Nigeria News,The Guardian Nigeria News,20170727T161300,,0.213833,Somewhat-Bullish,0.725783,0.117971,Neutral
MSFT,"World's Richest Person? Not Bill Gates, But Jeff Bezos","Jeff Bezos, the founder and CEO of Amazon.com, has surpassed Bill Gates of Microsoft to become the world's richest person. His net worth reached over $90.5 billion due to Amazon's stock prices, making him the first multi-billionaire to overtake Gates in seven years. Bezos owns about 17 percent of Amazon and also has holdings in The Washington Post and Blue Origin.",https://www.voanews.com/a/world-richest-person-jeff-bezos/3961875.html,VOA - Voice of America English News,VOA - Voice of America English News,20170727T170000,,0.264425,Somewhat-Bullish,0.706900,0.100055,Neutral
MSFT,Microsoft’s new corporate vision: artificial intelligence is in and mobile is out,"Microsoft's annual report reveals a significant shift in its corporate vision, highlighting artificial intelligence as a core focus while diminishing the emphasis on ""mobile-first."" This change aligns with the company's recent investments in AI, including a 5,000-person engineering team and AI-focused product announcements, and its retreat from the smartphone market. The new vision emphasizes an ""intelligent cloud and an intelligent edge"" where AI drives insights and user experiences span across devices.",https://www.geekwire.com/2017/microsofts-new-corporate-vision-artificial-intelligence-mobile/,GeekWire,GeekWire,20170802T161700,,0.200198,Somewhat-Bullish,1.000000,0.422671,Bullish
MSFT,Carnival Corporation,"Carnival Corporation & PLC is the world's largest passenger shipping operator, dual-listed on NYSE and LSE, with a combined fleet of over 100 liners across 9 brands. The article details its business operations, financial performance, major acquisitions, and strategic initiatives including environmental efforts, technological advancements like ""Ocean Medallions,"" and responses to market challenges such as the 2013 ""Triumph"" ship fire. It also provides historical context, shareholder benefits, and stock information.",https://www.cruisemapper.com/wiki/2872-carnival-corporation,CruiseMapper,CruiseMapper,20170803T041148,,0.068219,Neutral,0.593380,-0.123901,Neutral
MSFT,How to Think About the Problem of Corporate Offshore Cash: Lessons from Microsoft,"This article examines Microsoft's offshore cash holdings, highlighting its claim that virtually all earnings are foreign despite its American roots. It reveals Microsoft has $142 billion in ""permanently reinvested"" foreign earnings, avoiding $45 billion in U.S. taxes, and questions the legitimacy of these offshore profits. The piece argues that a significant portion of these funds are likely U.S.-sourced profits shifted offshore to evade taxes, making a strong case against tax holidays for repatriation.",https://itep.org/how-to-think-about-the-problem-of-corporate-offshore-cash-lessons-from-microsoft/,itep.org,itep.org,20170804T045743,,-0.446302,Bearish,1.000000,-0.421671,Bearish
MSFT,AI Superstar Andrew Ng Is Democratizing Deep Learning With A New Online Course,"Andrew Ng, a co-founder of Google Brain and former head of AI at Baidu, is launching a new set of five interconnected online courses called ""Deep Learning Specialization"" through Coursera. Ng aims to train a massive new workforce in AI, believing it will transform the economy as electricity did a century ago. His new company, deeplearning.ai, seeks to make AI-powered solutions widely accessible, focusing on applications in healthcare, education, and transportation.",https://www.fastcompany.com/40449797/ai-superstar-andrew-ng-is-democratizing-deep-learning-with-a-new-online-course/,Fast Company,Fast Company,20170808T041121,,0.349268,Somewhat-Bullish,0.616982,0.247659,Somewhat-Bullish
MSFT,What’s Changed: 2017 Gartner Magic Quadrant for Data Integration Tools,"Gartner has released its 2017 Magic Quadrant for Data Integration Tools, evaluating 15 providers based on their ability to execute and completeness of vision. The report highlights Informatica and IBM as top leaders, with SAP, Talend, Oracle, and SAS also in the leaders bracket. Microsoft leads challengers, while Denodo shows strong momentum among visionaries, and Pentaho makes a return to the niche players quadrant.",https://solutionsreview.com/data-integration/whats-changed-2017-gartner-magic-quadrant-for-data-integration-tools/,Solutions Review,Solutions Review,20170808T044608,,0.260519,Somewhat-Bullish,0.600189,0.310327,Somewhat-Bullish
MSFT,"RETO: ReTo Eco-Solutions Inc Latest Stock Price, Analysis, News and Trading Ideas","This page provides the latest stock price, fundamental analysis, news, and trading ideas for ReTo Eco-Solutions Inc (RETO). As of the update, RETO's stock was trading at $1.14, down 5.00% overnight, with a market cap of $88.09M. The article also highlights recent company news, including a share combination, an acquisition, and equipment showcases.",https://stocktwits.com/symbol/RETO,Stocktwits,Stocktwits,20170809T054606,,0.315933,Somewhat-Bullish,0.616090,0.312983,Somewhat-Bullish
MSFT,"Electronic Arts Inc. - NBA LIVE 18 Launches Groundbreaking Free Demo, Starting August 11","Electronic Arts Inc. announced that a free demo for NBA LIVE 18 will launch on August 11th for Xbox One and PlayStation 4, allowing players to carry over their progress to the full game. Players who pre-order NBA LIVE 18 will receive a 33% discount. Houston Rockets star James Harden is featured as the cover athlete for NBA LIVE 18, which is set to launch on September 15th.",https://ir.ea.com/press-releases/press-release-details/2017/NBA-LIVE-18-Launches-Groundbreaking-Free-Demo-Starting-August-11/default.aspx,Electronic Arts Home Page,Electronic Arts Home Page,20170810T041733,http://www.businesswire.com/news/home/20170810005900/en/,0.321713,Somewhat-Bullish,0.617190,0.150099,Somewhat-Bullish
MSFT,"Two years in, Sundar Pichai facing his toughest moment as CEO","Sundar Pichai, two years into his tenure as Google CEO, has overseen significant growth in AI and hardware, including the Pixel smartphone launch, and rapid Android expansion. Despite these successes, he is currently navigating significant internal controversies surrounding a sexism debate and a record fine from the European Commission. The article explores his achievements and challenges, particularly the recent internal cultural issues.",https://www.androidauthority.com/two-years-in-sundar-pichai-facing-his-toughest-moment-as-ceo-793187/,Android Authority,Android Authority,20170811T043210,,0.099212,Neutral,0.606980,0.148964,Neutral
MSFT,"Introduction of Xbox One X & PS4 Pro Enables Lower Pricing of Base XO and PS4, Turtle Beach Believes",Headset manufacturer Turtle Beach believes that the introduction of the Xbox One X and PS4 Pro will allow Microsoft and Sony to lower the prices of their standard Xbox One and PS4 models. This strategy is expected to make console gaming more accessible and boost headset sales for companies like Turtle Beach. The company sees a strong holiday season for their headset business due to these hardware refreshments and good sales of marquee game titles.,https://wccftech.com/xbox-one-x-ps4-pro-lower-price-xo-ps4/,Wccftech,Wccftech,20170811T074000,,0.263053,Somewhat-Bullish,0.733346,0.231825,Somewhat-Bullish
MSFT,Microsoft CFO named to 3M's board,"Amy Hood, the chief financial officer at Microsoft Corp., has been elected to 3M Co.'s board of directors. This appointment brings a prominent tech executive to the board of the manufacturing conglomerate. The article includes related stories about other executives joining various company boards.",https://www.bizjournals.com/seattle/news/2017/08/15/microsoft-cfo-named-to-3m-board-amy-hood.html,The Business Journals,The Business Journals,20170815T045724,,0.15967,Somewhat-Bullish,0.916135,0.170840,Somewhat-Bullish
MSFT,"NetApp CEO on Amazon, Donald Trump, and Silicon Valley Hubris","NetApp CEO George Kurian discusses the company's transformation from a hardware-focused business to one centered on software subscriptions, adapting to the rise of cloud computing led by Amazon. He also shares his views on President Trump's immigration policies, the misconceptions about Indian workers, and the culture of hubris in Silicon Valley. Kurian emphasizes the importance of data management as a strategic asset for businesses utilizing multiple cloud providers.",https://fortune.com/2017/08/15/netapp-ceo-amazon-trump-silicon-valley/,Fortune,Fortune,20170815T050627,,0.279328,Somewhat-Bullish,0.602591,0.327576,Somewhat-Bullish
MSFT,Microsoft CFO named to 3M's board,"3M Co. has elected Amy E. Hood, the chief financial officer at Microsoft Corp., to its board of directors. Hood will serve on the 3M board’s finance committee, with her tenure effective immediately. She is recognized for her skills in strategic business development, finance, and digitization.",https://www.bizjournals.com/cleveland/bizwomen/news/latest-news/2017/08/microsoft-cfo-named-to-3ms-board.html,The Business Journals,The Business Journals,20170815T073500,,0.276503,Somewhat-Bullish,0.713846,0.275673,Somewhat-Bullish
MSFT,Equinix Invests $32 Million to Expand Footprint in Hong Kong with New Data Center Opening,"Equinix is investing $32 million to open its fifth International Business Exchange™ (IBX®) data center, HK5, in Hong Kong by Q4 2017. This new facility is designed to meet the high demand for interconnection, especially from financial services firms. HK5 will provide scalability, reliability, and access to diverse digital ecosystems, while also featuring green energy-efficient technologies.",https://www.prnewswire.com/news-releases/equinix-invests-32-million-to-expand-footprint-in-hong-kong-with-new-data-center-opening-300504893.html,PR Newswire,PR Newswire,20170815T210000,,0.410394,Bullish,0.638197,0.248347,Somewhat-Bullish
MSFT,Key Takeaways from Gartner’s New 2017 Access Management Magic Quadrant,"Gartner has released its first-ever Access Management (AM) Magic Quadrant (MQ), replacing the Identity and Access Management as a Service (IDaaS) MQ. The report evaluates 15 vendors based on their ability to execute and completeness of vision, with Microsoft, Oracle, IBM, CA Technologies, Okta, and Ping Identity leading the pack. The article highlights contextual access controls as a key differentiator and a future trend in AM.",https://solutionsreview.com/identity-management/key-takeaways-from-gartners-new-2017-access-management-magic-quadrant/,solutionsreview.com,solutionsreview.com,20170818T044607,,0.083986,Neutral,0.801598,0.267779,Somewhat-Bullish
MSFT,"Future Trends In The Gartner Hype Cycle For Emerging Technologies, 2017","The 2017 Gartner Hype Cycle for Emerging Technologies highlights three megatrends: AI everywhere, transparently immersive experiences, and digital platforms, which are crucial for competitive advantage in the next 5-10 years. While artificial general intelligence (AGI) is still nascent, technologies like machine learning, blockchain, and augmented reality are progressing significantly. The article discusses the potential disruptive impact of these technologies across various industries and advises enterprises to strategically explore their applications and develop relevant strategies.",https://www.forbes.com/sites/gartnergroup/2017/08/18/future-trends-in-the-gartner-hype-cycle-for-emerging-technologies-2017/,Forbes,Forbes,20170818T095100,,0.345272,Somewhat-Bullish,0.601045,0.308372,Somewhat-Bullish
MSFT,"Lifted by its Mass. labs, chip maker AMD rebounds","Chipmaker Advanced Micro Devices Inc. (AMD) is experiencing a significant rebound, driven largely by innovation from its Boxborough, Massachusetts labs. After years of struggling against Intel and seeing its market share decline, AMD has launched powerful new CPU and GPU chips that are competitive with industry leaders and have led to increased revenue and a tenfold increase in market valuation. The Boxborough facility, which has grown to 400 employees, is credited with developing key technologies like the Zen and Vega processors, as well as custom chips for gaming consoles and servers.",https://www.bostonglobe.com/business/2017/08/20/lifted-its-mass-labs-chip-maker-amd-rebounds/jeZiSnXWJ3de1j4cy5W8yO/story.html,The Boston Globe,The Boston Globe,20170820T035127,,0.337521,Somewhat-Bullish,0.632617,0.346573,Somewhat-Bullish
MSFT,SAP Leases Space at New Atlanta Office Building,"SAP has signed a 10-year lease for 43,800 square feet at 800 Avalon, a new mixed-use building in Alpharetta, Ga., marking its second location in metro Atlanta. This move will consolidate employees from two other offices and brings 800 Avalon's occupancy to 93 percent, joining other notable tenants like Microsoft and Spaces. The $73 million project, developed by Hines and Cousins Property, was completed in June 2017.",https://www.commercialsearch.com/news/sap-leases-space-at-new-atlanta-office-building/,Commercial Search,Commercial Search,20170821T041149,,0.232576,Somewhat-Bullish,0.644500,0.141421,Neutral
MSFT,Adobe Systems CEO Touts 'Textbook Transition' To Cloud,"Adobe Systems CEO Shantanu Narayen discusses the company's successful transition to a cloud computing business model, emphasizing its role in digital transformation for companies. He highlights Adobe's focus on data, the integration of TubeMogul for video monetization, and the importance of R&D and corporate competitiveness for the tech industry.",https://www.investors.com/news/technology/adobe-systems-ceo-touts-textbook-transition-to-cloud/,Investor's Business Daily,Investor's Business Daily,20170821T175600,,0.668167,Bullish,0.562176,0.521749,Bullish
MSFT,7 things to know about the Apple data center in Waukee,"Apple Inc. unveiled plans for a $1.375 billion data center in Waukee, Iowa, with CEO Tim Cook attending the announcement. The facility, slated to open in 2020, will be built on a 2,000-acre site, create 50 permanent jobs, and be powered by 100 percent renewable energy. Apple will receive over $213 million in state and local incentives, including tax credits and property tax abatements similar to those offered to other tech giants like Google, Microsoft, and Facebook for their Iowa data centers.",https://www.desmoinesregister.com/story/news/2017/08/25/7-things-know-apple-data-center-waukee/599347001/,The Des Moines Register,The Des Moines Register,20170824T034625,,0.32314,Somewhat-Bullish,0.628959,0.227896,Somewhat-Bullish
MSFT,"ProShares Ultra QQQ 2x Shares (QLD) Stock Price, Holdings, Dividend Yield","This article provides a detailed profile of ProShares Ultra QQQ 2x Shares (QLD), including its current stock price, key statistics, dividend yield, and top holdings as of November 2025. It highlights the ETF's performance, fundamental data, and lists its major equity positions, such as NVIDIA, Apple, and Microsoft. The report also offers insight into the ETF's portfolio value, turnover rate, and historical data like PE and PB ratios.",https://www.gurufocus.com/etf/QLD,GuruFocus,GuruFocus,20170827T233917,,0.249246,Somewhat-Bullish,0.740174,0.268651,Somewhat-Bullish
MSFT,"Artificial Intelligence in Content Marketing: Should you Fight or Embrace it?, Part I","This article explores the growing influence of Artificial Intelligence (AI) in content marketing, examining whether humans should resist or embrace it. It details how AI is being used for content generation, personalized news feeds, machine learning algorithms like Google's RankBrain, and smart advertising, while also addressing concerns about AI replacing human marketers. The author concludes that AI will likely assist human marketers by automating tasks rather than fully replacing them.",https://www.outbrain.com/blog/artificial-intelligence-content-marketing-part-1/,Outbrain,Outbrain,20170828T053151,,0.19338,Somewhat-Bullish,0.676787,-0.127346,Neutral
MSFT,"GE shifts strategy, financial targets for digital business after missteps","General Electric Co is overhauling its digital business strategy, aiming to cut costs and boost profits under new CEO John Flannery, after its Predix software platform faced technical issues and slow revenue growth. The company is redefining digital revenue, focusing sales on existing customers, and considering partnerships or equity sales for the unit to improve financial performance and investor confidence. This strategic shift follows a 25 percent decline in GE's share price and represents a course correction for its ambitious digital industrial transformation.",https://www.reuters.com/article/technology/ge-shifts-strategy-financial-targets-for-digital-business-after-missteps-idUSKCN1B80C5/,Reuters,Reuters,20170829T005900,https://www.reuters.com/resizer/v2/https%3A%2F%2Fexternal-preview.redd.it%2FTlE3o9lQj8H4Jd_S4K3w-Q0s-K5J3z3Q9O6g3WwZ3Bw.jpg%3Fwidth%3D1200%26height%3D628%26auto%3Dwebp%26s%3Db6e4e4e4e4e4e4e4e4e4e4e4e4e4e4e4e4e4e4e4,0.068797,Neutral,0.642972,0.137113,Neutral
MSFT,State of Global Content Marketing: Highlights from Our Report,"This report highlights key content marketing trends from 2016, emphasizing the global dominance of mobile content consumption and the significant growth in video viewing across various regions. It also discusses the increasing importance of content marketing, the impact of ad blockers, and the most-read news stories which often revolved around tragedies and major political events.",https://www.outbrain.com/blog/state-of-global-content-marketing-highlights-from-our-report/,Outbrain,Outbrain,20170829T053151,,0.062544,Neutral,0.633086,0.117250,Neutral
MSFT,Veeva: The Biggest Vertical SaaS Success Story of All Time So Far (Video + Pod),"This article features a discussion with Peter Gassner, CEO and co-founder of Veeva, about the company's journey from a startup to a $35 billion cloud juggernaut specializing in pharma and life science applications. Gassner shares insights on Veeva's growth, its multi-product strategy, capital efficiency, and his philosophy on execution and pricing. He emphasizes the importance of not following the herd, working with engaged teams, and continuous learning through exploring ""adjacent possible"" ideas.",https://www.saastr.com/veeva-biggest-vertical-saas-success-story-time-video-transcript/,SaaStr,SaaStr,20170830T054147,,0.339898,Somewhat-Bullish,0.582260,0.208617,Somewhat-Bullish
MSFT,First Quantum Annealing Computer in the U.S. to have more than 2000 qubits installed and operational,"The Universities Space Research Association (USRA), in collaboration with NASA and Google Inc., has upgraded its quantum annealing computer to a D-Wave 2000Q system, now featuring over 2000 qubits. Located at NASA's Ames Research Center, this makes it the first such installation in the United States, promising to solve more complex optimization problems in various applications like machine learning and diagnostics. USRA is also offering 20% of computing time free of cost to university and industrial research organizations through a new Request for Proposals.",https://newsroom.usra.edu/first-quantum-annealing-computer-in-the-us-to-have-more-than-2000-qubits-installed-and-operational/,USRA,USRA,20170831T124600,,0.256348,Somewhat-Bullish,0.557640,0.286733,Somewhat-Bullish
MSFT,"The curious case of HP, Autonomy and the scandal that won’t quit","Hewlett Packard Enterprise (HPE) has finally shed the legacy of its disastrous Autonomy acquisition with the spin-off of its software business, narrowing its focus to data center software and hardware. The article details the six-year scandal following HP's 2011 acquisition of Autonomy for $10.3 billion, which led to an $8.8 billion write-down, legal battles, and a PR war between HP and former Autonomy CEO Mike Lynch. While HPE has closed the book on its involvement with Autonomy, the legal case between HPE and Lynch over a $5.1 billion battle is set to continue.",https://pcr-online.biz/2017/09/01/the-curious-case-of-hp-autonomy-and-the-scandal-that-wont-quit/,pcr-online.biz,pcr-online.biz,20170901T043710,,-0.161598,Somewhat-Bearish,0.649477,0.144775,Neutral
MSFT,HP Enterprise Acquires Cloud Technology Partners (CTP); Beware Channel Conflict -,"HP Enterprise (HPE) is acquiring Cloud Technology Partners (CTP), a consulting firm specializing in helping Fortune 500 companies migrate workloads to major cloud platforms like AWS, Azure, and Google Cloud. While CTP's CEO described the acquisition as a logical step after exploring funding options, the deal raises concerns about potential channel conflict for HPE, which recently spun off part of its consulting services. The acquisition brings HPE deeper into consulting, potentially competing with its existing channel and global alliance partners.",https://www.channele2e.com/news/hp-enterprise-acquires-cloud-technology-partners-ctp-beware-channel-conflict,ChannelE2E,ChannelE2E,20170905T043704,,0.159482,Somewhat-Bullish,0.631324,0.114354,Neutral
MSFT,Disassembling Kodak,"This article analyzes Kodak's employment history, comparing its growth trajectory to modern tech giants like Apple, Amazon, and Google. It highlights how long it took Kodak to reach certain employment milestones versus the much faster growth experienced by today's leading tech companies, challenging the narrative that Kodak was a superior ""innovation company"" compared to Apple.",https://www.progressivepolicy.org/disassembling-kodak/,Progressive Policy Institute,Progressive Policy Institute,20170906T045103,,-0.014344,Neutral,0.646566,0.141787,Neutral
MSFT,ServiceNow passes security test - now certified to hold AU Govt. info,"ServiceNow has achieved Australian Signals Directorate (ASD) certification for cloud services, allowing it to securely hold Australian Government Unclassified DLM information. This certification followed an independent audit of ServiceNow's staff, processes, technology, and Australian data centers, ensuring compliance with stringent government standards. The move is expected to boost confidence for local, state, and federal government agencies considering cloud adoption.",https://itbrief.com.au/story/servicenow-passes-security-test-now-certified-hold-au-govt-info,IT Brief Australia,IT Brief Australia,20170912T050201,,0.323139,Somewhat-Bullish,0.625099,0.345560,Somewhat-Bullish
MSFT,Obama Is Going on a Wall-Street Speaking Spree. Here's How Much Cash He's Raking In...,"Former President Barack Obama is earning significant speaking fees from financial institutions, with two confirmed events for $400,000 each. This practice is drawing some criticism, especially given his past rhetoric against Wall Street, and is similar to controversies faced by Hillary Clinton. Despite potential backlash, Obama's associates believe he isn't concerned as he is not running for office again.",https://freebeacon.com/politics/obama-raking-in-six-figure-wall-street-speaking-fees/,freebeacon.com,freebeacon.com,20170918T050632,,0.094829,Neutral,0.618813,0.120485,Neutral
MSFT,HP Inc. Launches HP School Cloud to Improve Education Access in Developing World,"HP Inc. has launched the HP School Cloud as part of a $20 million learning investment, aiming to provide educational materials and apps to students, teachers, and adult learners in rural and underserved communities worldwide. This initiative leverages the HP Open Learning Platform and free, open-source educational materials to improve learning outcomes for 100 million people by 2025. HP is also partnering with Intel and Education Cannot Wait to distribute over 1,700 HP School Clouds and has launched other educational programs like AppFactory and HP Learning Studios in collaboration with Microsoft, UNHCR, and other organizations.",https://sustainablebrands.com/read/hp-inc-launches-hp-school-cloud-to-improve-education-access-in-developing-world,Sustainable Brands,Sustainable Brands,20170919T180000,,0.356626,Bullish,0.635788,0.332820,Somewhat-Bullish
MSFT,"Arista Networks Makes its Hybrid Cloud Play, Extends EOS","Arista Networks has introduced its Any Cloud software platform, extending its EOS to major public clouds like AWS, Azure, Google Cloud, and Oracle Cloud, along with Microsoft Azure Stack. The platform integrates the new Arista vEOS Router and CloudVision functionality, including the new Cloud Tracer feature, to provide consistent architecture and operations across hybrid cloud environments. The platform is currently in beta and expected to be generally available on initial public clouds by the end of the year.",https://www.sdxcentral.com/news/arista-networks-makes-its-hybrid-cloud-play-extends-eos/,SDxCentral,SDxCentral,20170920T035141,,0.261275,Somewhat-Bullish,0.604723,0.204975,Somewhat-Bullish
MSFT,China is fast becoming a leading market for music,"Tencent's strategies have transformed China into a leading music market, with its streaming platforms boasting over 400 million users and an extensive music library. Headlining Music Matters 2017, CEO Cussion Pang highlighted how Tencent's initiatives have curtailed piracy, fostered subscriber growth, and leveraged social media integration for enhanced music experiences. While China's music revenue per capita is lower than the US and Japan, streaming is booming, and new genres like punk are gaining popularity.",https://www.bandwagon.asia/articles/tencent-china-music-matters-singapore,Bandwagon,Bandwagon,20170922T053629,,0.327454,Somewhat-Bullish,0.622916,0.237384,Somewhat-Bullish
MSFT,Axioma names Nico Kicillof of Two Sigma and Microsoft as Managing Director,"Axioma has appointed Nico Kicillof, formerly of Two Sigma and Microsoft, to the newly created position of Managing Director, Head of Platform Engineering. His primary responsibility will be to streamline content flows into Axioma’s expanding suite of cloud-based products, leveraging his extensive engineering background to advance their cloud-based solutions. This strategic hire aims to enhance Axioma's offerings to financial institutions with robust, scalable, and modern data infrastructures.",https://www.leaprate.com/forex/executives/axioma-names-nico-kicillof-two-sigma-microsoft-managing-director/,LeapRate,LeapRate,20170922T155100,,0.335593,Somewhat-Bullish,0.901149,0.312798,Somewhat-Bullish
MSFT,HP uses artificial intelligence to transform its customer support experience,"HP Inc. has transformed its customer support experience by implementing a virtual agent built with the Microsoft Dynamics 365 AI solution for customer service. This AI solution helps customers solve common problems through conversational interaction and provides support staff with instant access to troubleshooting information, streamlining the support process for both customers and agents. The system also offers deeper insights into common customer issues, improving future products and services and driving increased customer loyalty.",https://www.microsoft.com/en/customers/story/718907-hp-manufacturing-microsoft-ai,Microsoft,Microsoft,20170925T043707,,0.770152,Bullish,0.936077,0.743831,Bullish
MSFT,"Interbrand Releases 2017 Best Global Brands Report: Apple and Google Hold the Top Two Spots, while Ferrari, Netflix and Salesforce.com Enter the List","Interbrand's 2017 Best Global Brands report names Apple and Google as the top two most valuable brands for the fifth consecutive year, with Microsoft coming in third. The report, themed ""Growth in a Changing World,"" highlights technology as the dominant sector and includes new entrants Ferrari, Netflix, and Salesforce.com. The combined value of the Top 100 brands increased by 4.2% from 2016, reaching USD $1,871,730m.",https://www.omnicomgroup.com/newsroom/interbrand-releases-2017-best-global-brands-report-apple-and-google-hold-the-top-two-spots-while-ferrari-netflix-and-salesforce-com-enter-the-list/,Omnicom Group,Omnicom Group,20170925T050657,,0.276499,Somewhat-Bullish,0.810447,0.284066,Somewhat-Bullish
MSFT,How Mike Lazaridis wants to change your world with quantum computing,"Mike Lazaridis, former co-CEO of BlackBerry, is spearheading the development of a quantum technology hub in Waterloo, Ontario, aiming to lead the next technological revolution. Despite significant investments and the creation of research institutes, Canada's quantum sector faces an East-West rivalry with D-Wave Systems Inc. in British Columbia, which has already commercialized a quantum computer based on a different approach. The article explores the competing visions and challenges in establishing Canada as a leader in the nascent, multi-billion-dollar quantum computing industry.",https://www.theglobeandmail.com/report-on-business/rob-magazine/quantum-computers-valley-mike-lazaridis/article36385613/,The Globe and Mail,The Globe and Mail,20170927T051618,,0.180262,Somewhat-Bullish,0.634721,0.184414,Somewhat-Bullish
MSFT,Creating an innovation culture,"Waguih Ishak, Corning’s Silicon Valley technology chief, shares insights from his 40-year career on fostering an innovative culture. He emphasizes unconventional strategies like ""innovation parenting,"" encouraging impractical ideas, and cultivating external relationships, rather than just focusing on obvious methods like investment or talent acquisition. The article also highlights the importance of managing project overload, hiring versatile individuals, and breaking hierarchical barriers to promote creativity and successful innovation.",https://www.mckinsey.com/capabilities/strategy-and-corporate-finance/our-insights/creating-an-innovation-culture,McKinsey & Company,McKinsey & Company,20170928T034622,,0.368883,Bullish,0.647243,0.423130,Bullish
MSFT,Amazon says Google has pulled YouTube from Echo Show device,"Amazon announced that Google has inexplicably pulled YouTube from its Echo Show devices, causing a rare public dispute between the two tech giants. Google countered that Amazon's implementation of YouTube violated its terms of service, leading to a ""broken user experience."" This incident affects the Echo Show's video content and highlights ongoing competitive tensions in Silicon Valley.",https://indianexpress.com/article/technology/tech-news-technology/amazon-says-google-has-pulled-youtube-from-echo-show-device-4863848/,The Indian Express,The Indian Express,20170928T114900,,-0.110846,Neutral,0.617498,0.020103,Neutral
MSFT,Apple’s ‘Face ID’ Made in Taiwan｜Industry｜2017-10-02｜web only,"This article reveals that two Taiwanese companies, Himax and TSMC, are key suppliers for Apple's iPhone X Face ID technology. Himax provides tiny optical lenses for 3D facial recognition, while TSMC manufactures the near-infrared imaging sensor. The article also discusses Qualcomm's strategic efforts with Himax and TSMC to develop a competing 3D depth-sensing camera system for Android phones, indicating significant market opportunity for these Taiwanese firms.",https://english.cw.com.tw/article/article.action?id=1678,天下雜誌,天下雜誌,20171002T043648,,0.26438,Somewhat-Bullish,0.591592,0.112748,Neutral
MSFT,Is Your Company Adapting Fast Enough to Thrive in an Increasingly Digital World?,"A new global survey by Harvard Business Review Analytic Services found that companies worldwide anticipate massive change due to digital technologies, yet many struggle to adapt quickly enough. Only a small percentage of organizations are considered ""very digital,"" highlighting a significant challenge in transitioning to a rapidly evolving digital economy. The article outlines key steps, such as communicating strategy, building new structures, thinking in teams, experimenting, and rethinking IT, for companies to successfully capitalize on digital disruption.",https://hbr.org/sponsored/2017/10/is-your-company-adapting-fast-enough-to-thrive-in-an-increasingly-digital-world,Harvard Business Review,Harvard Business Review,20171003T041730,,0.282407,Somewhat-Bullish,0.641274,0.213754,Somewhat-Bullish
MSFT,Intel Offers Innovative Approach to IoT Scaling and Security,"Intel announced its Secure Device Onboard (Intel SDO) technology to address the challenges of scaling and securing IoT deployments. Intel SDO automates device onboarding, reducing setup time from hours to seconds and utilizing Intel Enhanced Privacy ID (Intel EPID) for anonymous authentication and secure communication. The technology is being adopted by other silicon providers and integrated into cloud platforms, with early successful implementation by Weatherford in the oil and gas sector.",https://www.intc.com/news-events/press-releases/detail/200/intel-offers-innovative-approach-to-iot-scaling-and-security,www.intc.com,www.intc.com,20171003T043000,,0.348195,Somewhat-Bullish,0.603407,0.343123,Somewhat-Bullish
MSFT,PTC Announces a Major New Release to Vuforia Augmented Reality Platform,"PTC has announced Vuforia 7, a major new release to its Vuforia Augmented Reality Platform, introducing significant advancements like ground plane detection, next-generation object recognition with Model Targets, and broad support for Apple’s ARKit and Google’s ARCore via Vuforia Fusion. The update also launches Vuforia Chalk, an innovative app for collaborative visual communication directly on real-world objects. These enhancements aim to expand AR capabilities across more device types and environments, making AR development more accessible and powerful for developers.",https://vizworld.com/2017/10/ptc-announces-a-major-new-release-to-vuforia-augmented-reality-platform/,VizWorld.com,VizWorld.com,20171003T051610,,0.337359,Somewhat-Bullish,0.582352,0.237326,Somewhat-Bullish
MSFT,"Microsoft, GE sign agreement on new wind project in Ireland","Microsoft announced a 15-year power purchase agreement with GE for a new 37-megawatt wind farm in County Kerry, Ireland. This project, which includes battery integration into wind turbines for energy storage, will help power Microsoft Cloud services and support the Irish grid. Microsoft is also acquiring an Irish energy supply license from GE, with ElectroRoute providing trading services.",https://news.microsoft.com/source/2017/10/09/microsoft-ge-sign-agreement-on-new-wind-project-in-ireland/,Microsoft Source,Microsoft Source,20171009T043141,,0.480124,Bullish,0.982683,0.475423,Bullish
MSFT,Microsoft SharePoint recognized as a Leader in Gartner Magic Quadrant for Content Services Platforms,"Microsoft SharePoint has been recognized as a Leader in Gartner's 2017 Magic Quadrant for Content Services Platforms, specifically noted for its ""Ability to Execute."" The article highlights SharePoint's evolution from traditional ECM to dynamic content services, emphasizing its role as the foundational content platform for Office 365 and its ease of use, scalability, security, and broad file type support. This recognition underscores Microsoft's commitment to providing leading content services capabilities, driven by significant growth in SharePoint and OneDrive usage within Office 365.",https://www.microsoft.com/en-us/microsoft-365/blog/2017/10/10/microsoft-sharepoint-recognized-as-a-leader-in-gartner-magic-quadrant-for-content-services-platforms/,Microsoft,Microsoft,20171010T044607,,0.212525,Somewhat-Bullish,1.000000,0.422045,Bullish
MSFT,Western Digital Aims Largest Hard Drive Ever at World’s Largest Data Centers,"Western Digital has developed the world's first 14TB hard drive, the HGST Ultrastar Hs14, specifically targeting hyper-scale cloud operators like Facebook, Amazon, Microsoft, Google, Tencent, and Alibaba. This new drive utilizes shingled magnetic recording (SMR) and fourth-generation HelioSeal technology to offer increased storage capacity and reduced power consumption, making it ideal for backup and archiving in large data centers. While Western Digital leads in introducing such high-capacity drives, competitors like Seagate Technology LLC and Toshiba Corp. are expected to follow suit.",https://www.datacenterknowledge.com/data-storage/western-digital-aims-largest-hard-drive-ever-at-world-s-largest-data-centers,Data Center Knowledge,Data Center Knowledge,20171012T054229,,0.160858,Somewhat-Bullish,0.602839,0.211558,Somewhat-Bullish
MSFT,How Microsoft CEO Satya Nadella disrupted the corporate retreat,"Microsoft CEO Satya Nadella transformed the traditional corporate retreat by inviting new hires from recently acquired companies and scheduling customer visits to foster fresh perspectives. He recounts these changes in his book, ""Hit Refresh,"" highlighting how these moves, initially met with resistance, ultimately led to more engaging and productive discussions focused on the company's future. Nadella's approach aimed to break through the conventional ""talking at each other"" dynamic of executive gatherings.",https://qz.com/1086808/how-microsoft-ceo-satya-nadella-disrupted-the-corporate-retreat,Quartz,Quartz,20171015T045744,,0.436334,Bullish,1.000000,0.405167,Bullish
MSFT,Augmented Reality Startup Magic Leap Raises $502M from Temasek & Co.,"Augmented reality startup Magic Leap Inc. has successfully raised $502 million in Series D equity funding, led by Singapore’s national wealth fund Temasek. This funding round included participation from new investors like EDBI and Grupo Globo, along with existing investors such as Alibaba Group and Google LLC, bringing their total raised capital to $1.4 billion. The company, which is developing a head-mounted virtual retinal display for 3D computer-generated imagery, is yet to release a product but may launch its first device priced between $1,500 and $2,000.",https://www.bwdisrupt.com/article/augmented-reality-startup-magic-leap-raises-502m-from-temasek-co-129050,BW Disrupt,BW Disrupt,20171020T053649,,0.253257,Somewhat-Bullish,0.596023,0.294473,Somewhat-Bullish
MSFT,Barings Corporate Investors Declares Quarterly Dividend of $0.30 per Share,"Barings Corporate Investors announced a quarterly dividend of $0.30 per share, payable on November 10, 2017, to shareholders of record on October 30, 2017. The Trust also reported its Net Asset Value as of September 30, 2017, at $15.57 per share, and detailed its net investment income and realized capital gains for the recent quarter and year-to-date. Additionally, the company disclosed a refinancing agreement for its $30 million Senior Fixed Rate Convertible Note and a reduction in the minimum expected internal rate of return threshold for co-investment opportunities.",https://www.globenewswire.com/news-release/2017/10/20/1151073/0/en/barings-corporate-investors-declares-quarterly-dividend-of-0-30-per-share.html,GlobeNewswire,GlobeNewswire,20171020T145000,https://www.globenewswire.com/akam/13/pixel_64ca7e86?a=dD0zNGUyOTQ1MmYzNGE3OTA2YjUxNzIxMGNkY2Q3YjY3ZjBhYzE3OTBiJmpzPW9mZg==,0.294452,Somewhat-Bullish,0.621973,0.329051,Somewhat-Bullish
MSFT,"Intel, Samsung, Back Cybersecurity Startup Intezer","Cybersecurity startup Intezer Labs Ltd. has raised $8 million in Series A funding led by Intel Capital, with participation from Magma Partners and existing investors Samsung NEXT and Alon Cohen. The company, founded in 2015, provides cybersecurity services by analyzing software for code similarities to detect and analyze malware, a technique successfully used in detecting WannaCry and NotPetya. Intezer plans to use this new funding to expand its global operations.","https://www.calcalistech.com/ctech/articles/0,7340,L-3723296,00.html",CTech,CTech,20171022T150500,,0.213427,Somewhat-Bullish,0.633948,0.112360,Neutral
MSFT,"Meet Bill Boeing, the granddaddy of Seattle’s tech scene","This article traces the surprising influence of William E. Boeing, founder of The Boeing Company, on Seattle's modern tech landscape. It highlights how Boeing, an entrepreneur from the early 20th century, shared characteristics with today's tech innovators like Jeff Bezos and Elon Musk, transforming Seattle into an economic powerhouse. The piece argues that Boeing's entrepreneurial spirit and vision laid the groundwork for the city's current tech success despite the company's eventual departure.",https://www.kuow.org/stories/meet-bill-boeing-granddaddy-seattle-s-tech-scene,KUOW,KUOW,20171022T230600,,0.251618,Somewhat-Bullish,0.630571,0.203727,Somewhat-Bullish
MSFT,HPE to Stop Selling Commodity Servers to Hyper-Scale Cloud Companies,"Hewlett Packard Enterprise (HPE) is exiting the business of selling commodity servers to hyper-scale cloud providers like Amazon, Microsoft, and Alibaba. The company will instead focus on selling higher-margin hardware, such as high-end servers and hyper-converged infrastructure, to traditional enterprises and some tier-1 cloud players. This strategic shift is a response to the tough competition and low margins in the commodity server market, especially as cloud giants increasingly design their own hardware.",https://www.datacenterknowledge.com/servers/hpe-to-stop-selling-commodity-servers-to-hyper-scale-cloud-companies,Data Center Knowledge,Data Center Knowledge,20171023T043704,,-0.038873,Neutral,0.705998,0.124334,Neutral
MSFT,JAL Ventures Raises $60 Million for New Venture Capital Fund,"Israel-based JAL Ventures has announced a new $60 million venture capital fund. The fund will specifically target early-stage Israeli tech startups, with a primary focus on non-fatal defense technologies, SaaS, online services, communications, ecommerce, and security sectors. Notable investments will range from $3-5 million in companies with at least $1 million in annual sales, and the fund has already added three startups to its portfolio.","https://www.calcalistech.com/ctech/articles/0,7340,L-3723399,00.html",CTech,CTech,20171023T164500,,0.174053,Somewhat-Bullish,0.638265,0.122600,Neutral
MSFT,"TCS, Palo Alto Networks team up to offer public cloud security services","Tata Consultancy Services (TCS) and Palo Alto Networks have partnered to offer public cloud security services, enabling enterprises to securely migrate applications and data to the public cloud. These new services leverage Palo Alto Networks' Next-Generation Security Platform and TCS' global Security Operations Centres to protect against cyberthreats. The collaboration aims to provide comprehensive security, including consulting, audit, design, 24/7 operations, and threat analysis for public cloud environments.",https://www.business-standard.com/article/companies/tcs-palo-alto-networks-team-up-to-offer-public-cloud-security-services-117102401005_1.html,Business Standard,Business Standard,20171024T204900,,0.412928,Bullish,0.639628,0.302936,Somewhat-Bullish
MSFT,Cisco and Google Find Mutual Interest in Cloud Computing (Published 2017),"Google and Cisco Systems are partnering to help companies manage software and technology services across their own data centers and external cloud platforms. This collaboration allows Google to leverage Cisco's corporate ties to compete with Amazon in cloud services, while Cisco seeks to counter the threat cloud services pose to its traditional hardware business. Both companies, once dominant in different internet eras, are adapting to the evolving landscape of cloud computing.",https://www.nytimes.com/2017/10/25/technology/google-cisco-cloud-computing.html,The New York Times,The New York Times,20171025T041137,,0.128534,Neutral,0.624776,-0.146725,Neutral
MSFT,Pat Stryker and President Trump Tie on List of Richest Billionaires,"Fort Collins resident Pat Stryker and President Donald Trump are tied for No. 248 on Forbes' list of America’s richest billionaires, each with an estimated net worth of $3.1 billion. They share this spot with 14 other individuals. The article also lists the top five wealthiest billionaires, with Bill Gates at number one.",https://newcountry991.com/pat-stryker-and-president-trump-tie-on-list-of-richest-billionaires/,Fort Collins Country Radio,Fort Collins Country Radio,20171027T053141,"Win McNamee, Getty Images",0.104184,Neutral,0.713801,0.132826,Neutral
MSFT,"Amazon, Google, Microsoft and Intel find billions more in profit","Amazon, Google, Microsoft, and Intel significantly exceeded profit and revenue expectations in their third-quarter earnings reports. Collectively, these four tech giants increased their profits by approximately $2.2 billion and revenue by $19 billion compared to the previous year. Their stock prices rose in after-hours trading, further boosting their combined market capitalization.",https://www.marketwatch.com/story/amazon-google-microsoft-and-intel-find-billions-more-in-profit-2017-10-26?gaa_at=eafs&gaa_n=AWEtsqe1_hHkEqU4_OWM5aR6YmQkxE_8ox7U2Xltxv-p1s8rLDV_0AqQ69e2&gaa_ts=690835c5&gaa_sig=cdejsfG_i3jFww1yyGS7uZGjiqW2to3sNNVJ9kQ2WHTtvvH5BY28tZB9VdS3BWlixNO3rd39vxtmVaLEe9QPqQ%3D%3D,MarketWatch,MarketWatch,20171027T070800,,0.746709,Bullish,0.641745,0.727707,Bullish
MSFT,"Sonus, Microsoft Certified SBC provider, merges with Genband and renamed Ribbon Communications","Sonus, a leading provider of certified gateways/session border controllers for Skype for Business, has completed its merger with Genband. The combined entity will be known as Ribbon Communications Inc., trading under the new ticker symbol RBBN by the end of 2017 while retaining the ticker SONS until then. This merger aims to create a significant global real-time communications organization, with Sonus customers expecting no immediate operational changes.",https://tomtalks.blog/sonus-microsoft-certified-sbc-provider-merges-genband-renamed-ribbon-communications/,tomtalks.blog,tomtalks.blog,20171030T051629,,0.317087,Somewhat-Bullish,0.649710,0.232942,Somewhat-Bullish
MSFT,Microsoft announces one of the largest wind deals in the Netherlands with Vattenfall,"Microsoft has announced a significant wind energy deal with Vattenfall in the Netherlands, where it will purchase 100 percent of the wind energy generated from an expanded 180-megawatt wind farm adjacent to its local datacenter operations. This project, which will be constructed by Nuon (part of Vattenfall), aims to power Microsoft's cloud services with local, clean wind energy, contributing to Microsoft's global commitment to increase renewable energy use and creating economic opportunities. The agreement also leverages Microsoft Azure for Vattenfall's operations, strengthening the partnership in greening the cloud.",https://news.microsoft.com/source/2017/11/02/microsoft-announces-one-of-the-largest-wind-deals-in-the-netherlands-with-vattenfall/,Microsoft Source,Microsoft Source,20171102T045743,,0.493628,Bullish,1.000000,0.493079,Bullish
MSFT,EA Sports UFC 3 Revealed With UFC® Lightweight Champion Conor McGregor as the Official Global Cover Athlete,"Electronic Arts (EA) officially announced EA SPORTS UFC 3, featuring UFC lightweight champion Conor McGregor as its global cover athlete. The game introduces ""Real Player Motion (RPM) Tech"" for fluid and responsive fighter motion and a new ""G.O.A.T. Career Mode"" where player choices outside the Octagon influence their path to becoming the Greatest of All Time. EA SPORTS UFC 3 is set for worldwide release on February 2, 2018, for Xbox One and PlayStation 4, with pre-order bonuses available for the Champions Edition.",https://news.ea.com/press-releases/press-releases-details/2017/EA-Sports-UFC-3-Revealed-With-UFC-Lightweight-Champion-Conor-McGregor-as-the-Official-Global-Cover-Athlete/default.aspx,Electronic Arts Home Page,Electronic Arts Home Page,20171103T041733,,0.315985,Somewhat-Bullish,0.607143,0.227824,Somewhat-Bullish
MSFT,Three years in a row – Microsoft is a leader in the ODBMS Magic Quadrant,"Microsoft has been positioned in the Leaders Quadrant of Gartner's 2017 Magic Quadrant for Operational Database Management Systems for the third consecutive year. This recognition highlights SQL Server's capabilities, including its cross-platform support (Windows, Linux, Docker containers), in-memory performance, mission-critical high availability, security features, and cost-competitiveness. The article encourages readers to review the full Gartner report and learn about free licenses for migrating to SQL Server 2017.",https://www.microsoft.com/en-us/sql-server/blog/2017/11/03/three-years-in-a-row-microsoft-is-a-leader-in-the-odbms-magic-quadrant/,Microsoft,Microsoft,20171103T044607,,0.275484,Somewhat-Bullish,0.922667,0.418886,Bullish
MSFT,Ten trends redefining enterprise IT infrastructure,"The IT infrastructure landscape is experiencing rapid disruption, driven by ten key trends reshaping both provider and customer strategies. These trends include the shift to as-a-service models, mainstream adoption of public cloud, increased open-source usage, and evolving hardware and software architectures, presenting both opportunities and risks for industry players. The article highlights how familiar trends are accelerating and new developments are emerging, impacting cybersecurity, hardware sourcing, and the integration of AI and machine learning.",https://www.mckinsey.com/capabilities/strategy-and-corporate-finance/our-insights/ten-trends-redefining-enterprise-it-infrastructure,McKinsey & Company,McKinsey & Company,20171107T050626,,0.179258,Somewhat-Bullish,0.600848,0.247611,Somewhat-Bullish
MSFT,Commvault Executives Outline How 'Powerful Simplicity' Enables Enterprises to Use Data to Achieve Remarkable Things in Commvault GO 2017 Keynotes,"Commvault executives Bob Hammer and Al Bunte outlined how ""powerful simplicity"" and a shift from Information Technology to Data Technology enable enterprises to achieve remarkable things with data at Commvault GO 2017. Their keynotes highlighted the Commvault Data Platform and its innovations, such as Commvault HyperScale Technology, as solutions for accelerating digital transformation, reducing risk, and improving business outcomes amidst complex data environments. The conference featured customer success stories from organizations like Johns Hopkins University and Iowa Judicial, showcasing practical applications of Commvault's data management approach.",https://www.prnewswire.com/news-releases/commvault-executives-outline-how-powerful-simplicity-enables-enterprises-to-use-data-to-achieve-remarkable-things-in-commvault-go-2017-keynotes-300550857.html,PR Newswire,PR Newswire,20171107T080000,,0.253273,Somewhat-Bullish,0.595655,0.205942,Somewhat-Bullish
MSFT,Microsoft Corporation is Deep in Artificial Intelligence Waters,"Microsoft Corporation is increasingly recognized as a major player in artificial intelligence, with its advanced AI chips making their way into devices like the HoloLens and plans for broader integration. The company is also leveraging its BrainWave platform for cloud-based AI acceleration and aims to make its AI technologies available to partners and Azure customers. The author contends that Microsoft's AI strategy is clearly defined and poised for significant revenue generation, making MSFT stock a strong investment in the AI industry.",https://investorplace.com/2017/11/microsoft-corporation-is-deep-artificial-intelligence-waters/,InvestorPlace,InvestorPlace,20171107T112400,,0.207771,Somewhat-Bullish,1.000000,0.406028,Bullish
MSFT,Shift from Security to Civilian Market behind NICE Systems’ Growth,"NICE Systems, an Israeli company, has successfully transitioned from selling surveillance software to governments to providing call center systems for enterprises. This strategic shift, spearheaded by CEO Barak Eilam, has led to increased revenue and profit margins, driven by key acquisitions like inContact. The company’s recent Q3 results indicate the new strategy is paying off.","https://www.calcalistech.com/ctech/articles/0,7340,L-3724503,00.html",CTech,CTech,20171107T152000,,0.201125,Somewhat-Bullish,0.609302,0.149433,Neutral
MSFT,Kroger is using Google and Microsoft clouds to avoid paying Amazon,"Kroger, the largest grocery store chain, is strategically splitting its cloud computing investments between Microsoft Azure and Google Cloud, deliberately avoiding Amazon Web Services (AWS) due to competitive concerns following Amazon's acquisition of Whole Foods. Chris Hjelm, Kroger's CIO, stated that it doesn't make competitive sense to help grow Amazon's business. This move mirrors actions by other large retailers like Walmart and Target, who are also seeking alternative cloud providers.",https://www.cnbc.com/2017/11/08/kroger-using-google-and-microsoft-clouds-to-avoid-paying-amazon.html,CNBC,CNBC,20171108T122000,,0.117982,Neutral,0.827244,0.236322,Somewhat-Bullish
MSFT,Microsoft buys Chevron's data center in San Antonio to fuel its cloud,"Microsoft Corp. has acquired Chevron Corp.'s data center in San Antonio, a deal that closed last month. This acquisition is part of Chevron's strategy to move away from operating its own corporate data center and instead leverage Microsoft's cloud services. The move highlights Microsoft's expansion in the cloud computing market, with other related articles discussing Microsoft's Azure Stack and Rackspace's support for Microsoft's cloud initiatives.",https://www.bizjournals.com/sanantonio/news/2017/11/09/microsoft-buys-chevrons-data-center-in-san-antonio.html,The Business Journals,The Business Journals,20171109T041153,,0.281563,Somewhat-Bullish,0.921487,0.349405,Somewhat-Bullish
MSFT,"Kroger avoids the Amazon machine, prefers Google and Microsoft clouds","Kroger announced the expansion of its cloud computing portfolio on the Google Cloud Platform, adding to existing contracts with Microsoft Azure and Pivotal. The grocery giant is actively avoiding AWS due to competitive reasons, especially after Amazon's acquisition of Whole Foods. Kroger is also forming a ""cloud enablement team"" to manage these new cloud operations.",https://www.ciodive.com/news/kroger-avoids-the-amazon-machine-prefers-google-and-microsoft-clouds/510440/,CIO Dive,CIO Dive,20171109T045105,,0.071987,Neutral,0.722643,0.214774,Somewhat-Bullish
MSFT,IBM raises pressure on rivals with quantum computer prototype,"IBM has announced the creation of a prototype 50-qubit quantum computer, raising the stakes in the race with Google to commercialize quantum computing technology. This development is nearing the ""quantum supremacy"" threshold, where quantum computers could perform tasks beyond the reach of conventional supercomputers. The article highlights the ongoing challenges, such as reducing error rates, but also the rapid advancement of the technology with several companies, including Microsoft and D-Wave Systems, also active in the field.",https://www.houstonchronicle.com/business/technology/article/IBM-raises-pressure-on-rivals-with-quantum-12349178.php,Houston Chronicle,Houston Chronicle,20171110T214100,,0.269584,Somewhat-Bullish,0.632749,0.110133,Neutral
MSFT,First bank in Singapore to launch new cloud-based data centre test,"DBS Bank announced a partnership with Equinix to transform one of its Singapore data centers into a cloud-optimized center test, significantly reducing its size and operating costs by 75%. This initiative supports DBS's commitment to sustainability by improving energy efficiency and aligns with its strategy to adopt cloud technologies for enhanced agility, scalability, and digital transformation. DBS has been actively migrating to cloud-optimized technology, resulting in substantial efficiency gains and increased capacity, and aims to shift 50% of its compute workload to the public cloud by 2018.",https://www.dbs.com/newsroom/First_bank_in_Singapore_to_launch_new_cloud_based_data_centre,DBS Bank,DBS Bank,20171113T042219,,0.360229,Bullish,0.620524,0.324514,Somewhat-Bullish
MSFT,"Business Alumni, Partners to be Honored at 2018 Hall of Fame Gala","The UCF College of Business Administration will host its 19th annual Business Hall of Fame gala on February 20 to honor three distinguished alumni and recognize corporate partners and entrepreneurial alumni. The event will celebrate the professional successes of its graduates and the contributions of organizations advancing business education. Over 600 alumni, faculty, students, and partners are expected to attend the ""Knights on Ice"" themed event at Rosen Shingle Creek.",https://www.ucf.edu/news/business-alumni-partners-to-be-honored-at-2018-hall-of-fame-gala/,University of Central Florida,University of Central Florida,20171113T042616,,0.306119,Somewhat-Bullish,0.601488,0.228647,Somewhat-Bullish
MSFT,What’s Changed: 2017 Gartner Magic Quadrant for Data Quality Tools,"This article reviews the 2017 Gartner Magic Quadrant for Data Quality Tools, highlighting changes in methodology due to evolving adoption patterns towards business-driven tools. It details the positions of key vendors like Informatica, IBM, SAS, and SAP, and notes the market's increasing saturation and consolidation, while pointing out that the widespread availability of out-of-box functionality makes it an opportune time for companies to explore new data quality solutions.",https://solutionsreview.com/data-management/whats-changed-2017-gartner-magic-quadrant-data-quality-tools/,Solutions Review,Solutions Review,20171113T044606,,0.146556,Neutral,0.561911,0.175404,Somewhat-Bullish
MSFT,Invesco Dividend Achievers ETF (PFM) Holdings,"This article provides a detailed overview of the Invesco Dividend Achievers ETF (PFM), including its top 10 holdings, sector weightings, and overall portfolio composition. Key holdings include Microsoft, Eli Lilly, and Apple, with technology and financial services being the largest sector allocations. The ETF aims to invest in companies identified as ""Dividend Achievers"" based on Nasdaq's proprietary methodology.",https://ca.finance.yahoo.com/quote/PFM/holdings/,Yahoo! Finance Canada,Yahoo! Finance Canada,20171113T194005,,0.114128,Neutral,0.730734,0.134470,Neutral
MSFT,Marriott creates smart guestroom lab,"Marriott International has developed an IoT Guestroom Lab, partnering with Samsung and Legrand, to create smart hotel rooms that allow guests to control various room features through voice commands and apps. This initiative aims to personalize guest experiences by leveraging mobile and voice-enabled technology, with elements of the new technology expected to be rolled out within the next five years. Other hotel chains like Best Western and Wynn Las Vegas are also implementing voice-activated technology, indicating a growing trend in the hospitality industry.",https://www.hotelmanagement.net/tech/marriott-creates-smart-guest-room-lab,Hotel Management,Hotel Management,20171116T101400,,0.200876,Somewhat-Bullish,0.570444,-0.066454,Neutral
MSFT,Microsoft Windows: Facts on the evolution of the popular OS,"This article details the evolution of Microsoft Windows from its announcement in 1983 and first release in 1985 to Windows 10. It highlights key features and changes introduced in different versions, including the shift from MS-DOS, the introduction of GUI, built-in internet support, and the integration of digital assistants. The article also mentions Microsoft's announcement that Windows 10 would be the last version, receiving regular updates rather than large-scale revisions.",https://www.indiatoday.in/education-today/gk-current-affairs/story/microsoft-windows-birthday-facts-1090248-2017-11-20,India Today,India Today,20171120T045744,,0.291407,Somewhat-Bullish,1.000000,0.418127,Bullish
MSFT,Office 365 Advanced Threat Protection defense for corporate networks against recent Office exploit attacks,"The Office 365 Threat Research team observes an increase in Office exploit attacks across various industries, detailing several exploits like CVE-2017-0199, CVE-2017-8570, CVE-2017-8759, and CVE-2017-11826. The article highlights the sophisticated Wingbird (FinFisher) malware used in some attacks and demonstrates how Office 365 Advanced Threat Protection, Windows Defender Advanced Threat Protection, and Windows Defender Exploit Guard protect customers from these threats. Microsoft emphasizes its continuous efforts to monitor the threat landscape and provide holistic protection.",https://www.microsoft.com/en-us/security/blog/2017/11/21/office-365-advanced-threat-protection-defense-for-corporate-networks-against-recent-office-exploit-attacks/,Microsoft,Microsoft,20171121T045743,,0.261619,Somewhat-Bullish,1.000000,0.279458,Somewhat-Bullish
MSFT,The Strategic Decisions That Caused Nokia’s Failure,"This article examines the strategic decisions that led to Nokia's downfall in the mobile phone market, attributing its failure to internal issues rather than external competition. It highlights how initial success fostered conservatism, a loss of agility due to poorly implemented reorganizations, and a failure to adapt to the shift from product-based to platform- and application-centric competition. The author, Yves L. Doz, uses Nokia's story as a cautionary tale for successful companies regarding the dangers of complacency and the importance of continuous innovation.",https://knowledge.insead.edu/strategy/strategic-decisions-caused-nokias-failure,INSEAD Knowledge,INSEAD Knowledge,20171123T050159,,-0.379699,Bearish,0.712075,-0.202557,Somewhat-Bearish
MSFT,Vanguard Russell 3000 Index Fund ETF Shares (VTHR) Holdings,"The article details the holdings and profile of the Vanguard Russell 3000 Index Fund ETF Shares (VTHR). It lists the top 10 holdings, primarily large technology companies like NVIDIA, Apple, and Microsoft, and breaks down the sector weightings with technology being the largest. The ETF aims to track the performance of the Russell 3000 Index, representing about 98% of the U.S. equity market.",https://ca.finance.yahoo.com/quote/VTHR/holdings/,Yahoo! Finance Canada,Yahoo! Finance Canada,20171124T164028,https://s.yimg.com/dv/static/siteApp/img/privacy-choice-control.png,0.26102,Somewhat-Bullish,0.638831,0.280585,Somewhat-Bullish
MSFT,Donnelley Financial Solutions raises bar for financial disclosure management,"Donnelley Financial Solutions has released ActiveDisclosure 3, the latest generation of its cloud-based financial disclosure management solution. This new version integrates with Microsoft Office Online, allowing numerous users to collaborate on Word, Excel, and PowerPoint documents across various devices simultaneously.",https://www.complianceweek.com/donnelley-financial-solutions-raises-bar-for-financial-disclosure-management/9022.article,Compliance Week,Compliance Week,20171128T090000,,0.285226,Somewhat-Bullish,0.639044,0.101465,Neutral
MSFT,Nokia denies that it's preparing offer to buy Juniper Networks,"Nokia denied reports that it was preparing an offer to acquire Juniper Networks, stating it was not in talks or preparing an offer for the company. This denial followed a CNBC report suggesting a deal was in the making, which had caused Juniper's shares to rise in after-hours trading. Nokia, known for its telecom equipment business, acquired Alcatel-Lucent the previous year as part of its transformation.",https://www.cnbc.com/2017/11/29/nokia-prepares-offer-to-buy-juniper.html,CNBC,CNBC,20171129T164100,,0.080393,Neutral,0.623752,0.132445,Neutral
MSFT,How HP Has Fared in Six-Plus Years Under CEO Meg Whitman,"This article reviews Meg Whitman's six-plus year tenure as CEO of HP, highlighting her successes in increasing stock value through cost-cutting measures and major strategic moves like the company split. It details the challenges she faced, including an inherited problematic acquisition (Autonomy) and mass layoffs, while noting the company's sustained profitability in key IT sectors under her leadership. Whitman is stepping down from the CEO role at HPE, but will remain on the board, with Antonio Fabio Neri taking over.",https://www.eweek.com/it-management/how-hp-has-fared-in-six-plus-years-under-ceo-meg-whitman/,eWeek,eWeek,20171130T043704,,0.364384,Bullish,0.557646,0.267572,Somewhat-Bullish
MSFT,TECH FOUNDER AVID LARIZADEH DUGGAN TO JOIN NEW BOARD OF BARCLAYS BANK UK PLC,"Avid Larizadeh Duggan, a general partner at Google Ventures (GV) and a prominent tech founder, is set to join the new Board of Barclays Bank UK PLC, subject to regulatory approval. She will be one of eight Independent Non-Executive Directors, contributing diverse experience and perspectives to the bank's future ring-fenced entity. This appointment is part of the preparations for ring-fencing legislation, which will separate Barclays UK business into a distinct legal entity.",https://financialit.net/news/banking/tech-founder-avid-larizadeh-duggan-join-new-board-barclays-bank-uk-plc,Financial IT,Financial IT,20171130T093600,,0.287708,Somewhat-Bullish,0.578084,0.217522,Somewhat-Bullish
MSFT,"iShares ESG Aware 1-5 Year USD Corporate Bond ETF ETF Price, Holdings, & News (NASDAQ:SUSB)","This article provides detailed information on the iShares ESG Aware 1-5 Year USD Corporate Bond ETF (SUSB), including its current price, key statistics, holdings, and recent news. SUSB is an investment-grade fixed income ETF launched in 2017, focusing on short-term corporate debt with positive ESG characteristics. The fund has assets under management of $1.07 billion and a dividend yield of 4.40%, managed by BlackRock.",https://www.marketbeat.com/stocks/NASDAQ/SUSB/,MarketBeat,MarketBeat,20171204T215737,https://www.marketbeat.com/logos/thumbnail/ishares-esg-1-5-year-usd-corporate-bond-etf-logo.png?v=20210709132854,0.324066,Somewhat-Bullish,0.603206,0.321116,Somewhat-Bullish
MSFT,"iShares Russell 3000 ETF ETF Price, Holdings, & News (NYSEARCA:IWV) $IWV","The iShares Russell 3000 ETF (IWV) seeks to mirror the performance of the United States equity market as represented by the Russell 3000 Index. As of March 13, 2026, the ETF was trading at $376.11, down 0.56%, and has seen a 2.8% decrease year-to-date. Its top holdings include major tech companies like NVIDIA, Apple, and Microsoft.",https://www.marketbeat.com/stocks/NYSEARCA/IWV/,MarketBeat,MarketBeat,20171205T045120,https://www.marketbeat.com/images/news-sites/msn.jpg,0.28638,Somewhat-Bullish,0.632887,0.309395,Somewhat-Bullish
MSFT,Sydney Motorway Corp steers the cloud route to strategic success,"Sydney Motorway Corporation (SMC) is leveraging cloud and utility computing from its inception for the WestConnex project, Australia's largest transport infrastructure undertaking. By adopting an ""as-a-service"" model and partnering with Cubesys, SMC's lean IT department focuses on business outcomes, ensuring secure and flexible access to information for its operations and contractors using Microsoft Enterprise Mobility + Security and Office 365, further supported by Azure Active Directory. This approach allows SMC to stay at the forefront of technology while maintaining robust security and user flexibility.",https://news.microsoft.com/en-au/features/sydney-motorway-corp-steers-cloud-route-strategic-success/,Microsoft Source,Microsoft Source,20171205T045744,,0.430133,Bullish,0.951423,0.610090,Bullish
MSFT,"ALPS Active Equity Opportunity ETF (RFFC) Price, Holdings, & News","The ALPS Active Equity Opportunity ETF (RFFC) is an actively managed fund investing in US stocks, launched in June 2016. As of May 8, 2026, its stock was trading at $72.74, representing an 8.5% increase year-to-date. The ETF focuses on factors like value, quality, and momentum, with major holdings including Microsoft, Alphabet, and NVIDIA.",https://www.marketbeat.com/stocks/NYSEARCA/RFFC/,MarketBeat,MarketBeat,20171205T064006,,0.252065,Somewhat-Bullish,0.633947,0.244407,Somewhat-Bullish
MSFT,"FlexShares Quality Dividend Dynamic Index Fund ETF Price, Holdings, & News (NYSEARCA:QDYN)","The FlexShares Quality Dividend Dynamic Index Fund (QDYN) is an ETF that focuses on companies with secure dividends and high beta to the Northern Trust 1250 Index, managed by FlexShares since its launch in December 2012. As of June 30, 2023, it had $16.94 million in assets under management and a dividend yield of 2.16%. The fund's top holdings include major tech and pharmaceutical companies like Apple, Microsoft, and Pfizer.",https://www.marketbeat.com/stocks/NYSEARCA/QDYN/,MarketBeat,MarketBeat,20171205T073925,,0.115184,Neutral,0.740225,0.101000,Neutral
MSFT,"iShares U.S. Equity Factor ETF ETF Price, Holdings, & News (NYSEARCA:LRGF) $LRGF","The iShares U.S. Equity Factor ETF (LRGF) tracks a STOXX U.S. Equity Factor index, focusing on US large- and mid-cap equities with exposure to momentum, quality, value, low volatility, and size factors. The ETF, managed by BlackRock and launched in 2015, currently holds $3.51 billion in assets under management and has a net expense ratio of 0.08%. Key holdings include NVIDIA, Apple, and Microsoft.",https://www.marketbeat.com/stocks/NYSEARCA/LRGF/,MarketBeat,MarketBeat,20171205T143943,,0.371311,Bullish,0.607943,0.387721,Bullish
MSFT,"iShares ESG MSCI KLD 400 ETF ETF Price, Holdings, & News (NYSEARCA:DSI) $DSI","This article provides detailed information about the iShares ESG MSCI KLD 400 ETF (DSI), including its current price ($147.32), key statistics, and an overview of its investment objective to track the MSCI KLD 400 Social Index. It also lists the ETF's expenses, recent news headlines, and its top ten holdings, which include major tech companies like NVIDIA, Microsoft, and Alphabet. The article highlights DSI's performance, shareholder information, and fundamental fund details.",https://www.marketbeat.com/stocks/NYSEARCA/DSI/,MarketBeat,MarketBeat,20171205T151002,https://www.marketbeat.com/images/master/MarketBeat-logo-r-white.svg?v=2019,0.353633,Bullish,0.643190,0.312300,Somewhat-Bullish
MSFT,"iShares S&P 500 Growth ETF ETF Price, Holdings, & News (NYSEARCA:IVW) $IVW","This article provides detailed information about the iShares S&P 500 Growth ETF (IVW), including its current price, key statistics, overview, expenses, and top holdings. It also covers recent news headlines related to the ETF and answers frequently asked questions about its performance, stock splits, and major shareholders. The ETF aims to track the performance of the S&P 500/Citigroup Growth Index, focusing on large-capitalization growth stocks in the U.S. equity market.",https://www.marketbeat.com/stocks/NYSEARCA/IVW/,MarketBeat,MarketBeat,20171205T183853,https://www.marketbeat.com/images/master/MarketBeat-logo-r-white.svg?v=2019,0.022268,Neutral,0.805380,0.014709,Neutral
MSFT,"Fidelity Momentum Factor ETF ETF Price, Holdings, & News (NYSEARCA:FDMO)","The Fidelity Momentum Factor ETF (FDMO) is an exchange-traded fund that tracks the Fidelity U.S. Momentum Factor index, focusing on large-cap US stocks with positive momentum signals. Launched on September 12, 2016, and managed by Fidelity, FDMO currently has a market capitalization of $622.58 million and an expense ratio of 0.16%. Its top holdings include major tech companies like NVIDIA, Microsoft, Alphabet, and Amazon.com.",https://www.marketbeat.com/stocks/NYSEARCA/FDMO/,MarketBeat,MarketBeat,20171205T185259,,0.200715,Somewhat-Bullish,0.718347,0.220232,Somewhat-Bullish
MSFT,Motorola Solutions unveils Israeli-made battlefield products,"Motorola Solutions unveiled new Israeli-made battlefield products at its annual innovation exhibition in Israel. These technologies include an immediately deployable mobile LTE network for critical missions, AI-powered digital personal assistants for security forces, and systems combining smart body cameras with AI for suspect tracing. The innovations are designed to address public security challenges globally, drawing on lessons from severe events such as terrorist attacks and natural disasters.",https://en.globes.co.il/en/article-motorola-solutions-unveils-israeli-made-battlefield-products-1001214513,Globes - Israel Business News,Globes - Israel Business News,20171205T185500,,0.275604,Somewhat-Bullish,0.699418,0.225705,Somewhat-Bullish
MSFT,"Franklin U.S. Core Dividend Tilt Index ETF ETF Price, Holdings, & News (NYSEARCA:FLQD)","This article provides detailed information on the Franklin U.S. Core Dividend Tilt Index ETF (FLQD), including its current price ($59.72), key financial stats like market capitalization and dividend yield, and its top holdings which include major tech companies such as NVIDIA and Apple. It also outlines the ETF's investment strategy, aiming for a higher dividend yield than its parent index while limiting tracking error. The article includes frequently asked questions regarding FLQD's performance and how to purchase its shares.",https://www.marketbeat.com/stocks/NYSEARCA/FLQD/,MarketBeat,MarketBeat,20171205T201047,,0.221411,Somewhat-Bullish,0.647196,0.327052,Somewhat-Bullish
MSFT,"iShares Global Tech ETF ETF Price, Holdings, & News (NYSEARCA:IXN) $IXN","The iShares Global Tech ETF (IXN) is an exchange-traded fund that tracks the S&P Global 1200 Information Technology Sector Index, investing primarily in information technology companies. As of March 4, 2026, the ETF was trading at $106.25, reflecting a 1.2% increase since January 1st, 2026. Key holdings include NVIDIA, Apple, and Microsoft, and the fund has assets under management of $6.41 billion with a net expense ratio of 0.41%.",https://www.marketbeat.com/stocks/NYSEARCA/IXN/,MarketBeat,MarketBeat,20171205T235211,,0.361417,Bullish,0.723390,0.347085,Somewhat-Bullish
MSFT,"Schwab US Broad Market ETF ETF Price, Holdings, & News (NYSEARCA:SCHB)","This article provides detailed information on the Schwab US Broad Market ETF (SCHB), including its current price, key statistics, overview, and expense ratios. It also lists recent news headlines, frequently asked questions about its performance and ownership, and its top holdings like NVIDIA, Apple, and Microsoft. The ETF aims to track the Dow Jones U.S. Small-Cap Total Stock Market Index.",https://www.marketbeat.com/stocks/NYSEARCA/SCHB/,MarketBeat,MarketBeat,20171206T091013,https://www.marketbeat.com/logos/thumbnail/schwab-us-broad-market-etf-logo.jpg?v=20210824092510,0.294177,Somewhat-Bullish,0.739672,0.320267,Somewhat-Bullish
MSFT,"iShares Global 100 ETF ETF Price, Holdings, & News (NYSEARCA:IOO) $IOO","This article provides detailed information on the iShares Global 100 ETF (IOO), including its current price, key statistics, overview, and expenses. It highlights that the ETF tracks the S&P Global 100 Index, focusing on 100 large-capitalization global companies. The article also lists major shareholders and top holdings, emphasizing its asset class as equity with a global development region focus.",https://www.marketbeat.com/stocks/NYSEARCA/IOO/,MarketBeat,MarketBeat,20171206T225158,https://www.marketbeat.com/images/master/MarketBeat-logo-r-white.svg?v=2019,0.023847,Neutral,0.613023,0.007297,Neutral
MSFT,"iShares MSCI ACWI ETF ETF Price, Holdings, & News (NASDAQ:ACWI)","The iShares MSCI ACWI ETF tracks a market cap-weighted index of large- and mid-cap global stocks, covering a significant portion of developed and emerging markets. As of December 26, 2025, ACWI trades at $142.90, representing a 21.6% increase since January 1, 2025. Key holdings include NVIDIA, Apple, Microsoft, and Amazon.",https://www.marketbeat.com/stocks/NASDAQ/ACWI/,MarketBeat,MarketBeat,20171207T120940,https://www.marketbeat.com/logos/thumbnail/ishares-msci-acwi-etf-logo.png?v=20240209151132,0.291153,Somewhat-Bullish,0.604171,0.331425,Somewhat-Bullish
MSFT,"WisdomTree U.S. Quality Dividend Growth Fund ETF Price, Holdings, & News (NASDAQ:DGRW)","This article provides an overview of the WisdomTree U.S. Quality Dividend Growth Fund (DGRW), an ETF that invests in large and mid-cap dividend-paying US common stocks with growth characteristics. It details the fund's current price, key statistics, expenses, recent news headlines, and top holdings, including major tech companies like NVIDIA, Apple, and Microsoft. The article also covers frequently asked questions about DGRW's performance and ownership.",https://www.marketbeat.com/stocks/NASDAQ/DGRW/,MarketBeat,MarketBeat,20171207T210934,https://www.marketbeat.com/images/master/MarketBeat-logo-r-white.svg?v=2019,0.186106,Somewhat-Bullish,0.636890,0.135466,Neutral
MSFT,"Vanguard Russell 1000 Growth ETF ETF Price, Holdings, & News (NASDAQ:VONG)","This article provides comprehensive information on the Vanguard Russell 1000 Growth ETF (VONG), including its current price, key statistics, holdings, and recent news. It details the ETF's overview, expense ratios, and frequently asked questions about its performance and how to invest. The article highlights VONG's top holdings, such as NVIDIA, Apple, and Microsoft, and its sector exposure in technology.",https://www.marketbeat.com/stocks/NASDAQ/VONG/,MarketBeat,MarketBeat,20171207T220924,,0.308441,Somewhat-Bullish,0.652241,0.346482,Somewhat-Bullish
MSFT,Hilton’s IoT-filled ‘Connected Room’ will be a treasure trove of guest data,"Hilton Worldwide Holdings Inc. is introducing ""Connected Room"" in 2018, outfitting new hotel rooms with smart home devices controllable by guests' mobile phones for temperature, lighting, and TV. While offering convenience, this initiative will also provide Hilton with valuable guest data, such as streaming habits and preferred room temperatures, enabling better insights into guest preferences across locations. This data will inform individual hotel decisions and broader Hilton brand strategies.",https://siliconangle.com/2017/12/08/hiltons-iot-filled-connected-room-will-treasure-trove-guest-data/,SiliconANGLE,SiliconANGLE,20171208T122600,,0.130439,Neutral,0.582788,0.092446,Neutral
MSFT,Refugee camp AppFactory grooming software developers,"An AppFactory established at Dzaleka Refugee Camp by Microsoft and UNHCR is developing ICT skills among refugees, enabling them to become software developers. This initiative, part of Microsoft's 4Afrika Initiative, is the first of its kind in a refugee camp globally, aiming to equip young developers with hands-on experience and business skills for employment or entrepreneurship.",https://www.unhcr.org/blogs/refugee-camp-appfactory-grooming-software-developers/,UNHCR - The UN Refugee Agency,UNHCR - The UN Refugee Agency,20171211T045744,,0.025773,Neutral,0.340102,0.038383,Neutral
MSFT,"Amazon's cloud unit expands in China, with new partner in Ningxia","Amazon's cloud computing unit is expanding its operations in China through a new partnership with Ningxia Western Cloud Data Technology Co Ltd (NWCD). This move aims to navigate China's strict new regulations, which require foreign firms to store data locally and outsource hardware to local partners, amidst a crowded and highly regulated market. The expansion follows Amazon Web Services' recent sale of hardware assets to Beijing Sinnet Technology Co Ltd to comply with these regulations.","https://ww.fashionnetwork.com/news/Amazon-s-cloud-unit-expands-in-china-with-new-partner-in-ningxia,901153.html",FashionNetwork - The World's Fashion Business News,FashionNetwork - The World's Fashion Business News,20171212T035139,,0.179277,Somewhat-Bullish,0.609316,0.144355,Neutral
MSFT,Microsoft Unified Support Bringing Increased Costs for Organizations,"Microsoft's Unified Support plan is replacing other support plans, including Premier Support, and is expected to lead to substantial price increases for organizations. Gartner Inc. estimates these increased costs and notes that Unified Support ties costs to an organization's overall consumption of Microsoft online services and Software Assurance payments. While Microsoft claims most customers will see little to no increases and gain new services, experts suggest it may introduce a ""new Microsoft tax"" for many organizations.",https://redmondmag.com/articles/2017/12/12/microsoft-unified-support-costs.aspx,Redmondmag.com,Redmondmag.com,20171212T044606,,-0.094984,Neutral,1.000000,-0.204310,Somewhat-Bearish
MSFT,What’s Changed: 2017 Gartner Magic Quadrant for Operational Database Management Systems,"The 2017 Gartner Magic Quadrant for Operational Database Management Systems (OPDBMS) shows significant changes from previous years due to updated research methodology and new inclusion criteria influenced by cloud and fully managed options. Microsoft and Oracle remain leaders, but Amazon Web Services has gained ground, while several previous providers were axed. The report highlights machine learning, serverless scenarios, and streaming integration as defining features of current tools and anticipates machine learning capabilities will drive future innovation in this mature market.",https://solutionsreview.com/data-management/whats-changed-2017-gartner-magic-quadrant-for-operational-database-management-systems/,Solutions Review,Solutions Review,20171213T044607,,0.197778,Somewhat-Bullish,0.866017,0.232476,Somewhat-Bullish
MSFT,"IBM experiments with quantum computing; signs Samsung, JPMorgan in tie-ups","IBM has partnered with Samsung, JPMorgan Chase & Co., and other companies to experiment with quantum computing and expand its applications. These partnerships aim to explore how quantum computers can solve complex problems in finance, manufacturing, and materials science, despite current limitations in size and error rates. IBM is also giving early access to its quantum computers to help companies become familiar with the technology for future, more powerful machines.",https://indianexpress.com/article/technology/tech-news-technology/ibm-experiments-with-quantum-computing-signs-samsung-jpmorgan-in-tie-ups-4982602/,The Indian Express,The Indian Express,20171214T165200,,0.182752,Somewhat-Bullish,0.602625,0.116196,Neutral
MSFT,WisdomTree US Quality Dividend Growth Fund,"This page provides a detailed profile of the WisdomTree US Quality Dividend Growth Fund (DGRW), an ETF focusing on large-cap growth equities. It includes extensive data on its holdings, performance metrics, expenses, ESG scores, and comparisons to peer ETFs, serving as a comprehensive resource for investors and financial professionals.",https://etfdb.com/etf/DGRW/,ETF Database,ETF Database,20171215T134028,,0.116831,Neutral,0.648534,0.138897,Neutral
MSFT,John Chambers leaves behind a legacy of growth and disappointment at Cisco,"John Chambers, former CEO and chairman of Cisco Systems, retired leaving a mixed legacy of immense growth during the internet boom and later struggles as the company adapted to new technologies. He was instrumental in building the internet's infrastructure and established strong customer relationships, but Cisco faced challenges transitioning from hardware to software and saw revenue decline after his CEO tenure. Chambers is now focusing on venture capital and strengthening US-India economic ties.",https://www.sfchronicle.com/business/article/John-Chambers-leaves-behind-a-legacy-of-growth-12434982.php,San Francisco Chronicle,San Francisco Chronicle,20171216T060000,,-0.104898,Neutral,0.643820,0.143015,Neutral
MSFT,McKesson CFO Jumps to Software Provider,"James Beer, the CFO of pharmaceuticals distributor McKesson, is moving to software provider Atlassian, replacing current CFO Murray Demo. Beer, who has prior experience at Symantec and American Airlines, will start his new role in February 2018. Britt Vitalone will succeed Beer at McKesson.",https://www.cfo.com/news/mckesson-cfo-jumps-to-software-provider/659555/,CFO.com,CFO.com,20171218T045700,,-0.082583,Neutral,0.624916,-0.144990,Neutral
MSFT,Abry Partners Invests Private Equity In Multiple MSPs -,"Abry Partners has made multiple private equity investments in the Managed Services Provider (MSP) sector, including recapitalizing NexusTek to expand its presence in the Western U.S. The firm also acquired Breakthrough Technology Group (BTG) and holds a stake in Rackspace, diversifying its portfolio across different MSP and cloud service models. These investments align with Abry's strategy to address the increasing technology demands of the SMB market, particularly concerning cloud adoption, cybersecurity, and competitiveness.",https://www.channele2e.com/news/abry-partners-invests-private-equity-multiple-msps,ChannelE2E,ChannelE2E,20171218T052149,,0.241785,Somewhat-Bullish,0.656432,0.272645,Somewhat-Bullish
MSFT,"HoloTouch Claims Microsoft Willfully Infringing Holographic, Human-Machine Interface Patents","HoloTouch, Inc. has filed a lawsuit against Microsoft Corporation, alleging willful patent infringement related to holographic and human-machine interface technologies. HoloTouch asserts that Microsoft's HoloLens product infringes on two of its patents, U.S. Patent No. 6377238 and U.S. Patent No. 7054045, despite Microsoft's prior knowledge of these patents and refusal to engage in licensing discussions. HoloTouch's technology, developed in the mid-1990s, addresses issues in HMI by enabling touchless control and reducing power consumption and size.",https://ipwatchdog.com/2017/12/27/holotouch-claims-microsoft-willfully-infringing-holographic-patents/,IPWatchdog.com,IPWatchdog.com,20171227T064500,,-0.212543,Somewhat-Bearish,1.000000,-0.237787,Somewhat-Bearish
