ticker,title,summary,url,source,source_domain,time_published,banner_image,overall_sentiment_score,overall_sentiment_label,relevance_score,ticker_sentiment_score,ticker_sentiment_label
NVDA,"Air Traffic Is Stabilizing, According to GE Aerospace. As the Company Raises Its Forecast, Is It Time to Buy the Stock?","GE Aerospace, a $320 billion industrial giant, makes and services jet engines. The company believes air traffic growth has stabilized and materially increased its 2025 guidance, leading to questions about whether now is the time to buy the stock. Despite strong performance and a bright future, the stock's lofty valuation suggests little room for error and potential turbulence for investors.",https://www.theglobeandmail.com/investing/markets/stocks/GE-N/pressreleases/36148343/air-traffic-is-stabilizing-according-to-ge-aerospace-as-the-company-raises-its-forecast-is-it-time-to-buy-the-stock/,The Globe and Mail,The Globe and Mail,20251116T043200,,0.254859,Somewhat-Bullish,0.574554,0.307384,Somewhat-Bullish
NVDA,"Aviva PLC Sells 2,138 Shares of United States Lime & Minerals, Inc. $USLM","Aviva PLC reduced its stake in United States Lime & Minerals, Inc. (NASDAQ:USLM) by 32.0% in the second quarter, selling 2,138 shares and retaining 4,553 shares worth $454,000. Despite this, institutional investors collectively own 27.12% of the company's stock. United States Lime & Minerals reported strong financials, beating quarterly EPS estimates, and announced a quarterly dividend of $0.06 per share.",https://www.marketbeat.com/instant-alerts/filing-aviva-plc-sells-2138-shares-of-united-states-lime-minerals-inc-uslm-2025-11-15/,MarketBeat,MarketBeat,20251116T053043,https://www.marketbeat.com/logos/united-states-lime--minerals-inc-logo-1200x675.png?v=20240521115814,0.090619,Neutral,0.550895,0.021301,Neutral
NVDA,"GUSE ETF Profile: Dividends, Returns (NASDAQ:GUSE)","This article provides a detailed profile of the Goldman Sachs Enhanced U.S. Equity ETF (GUSE), covering its dividends, returns, and key financial statistics. It highlights GUSE's active management approach, asset allocation across sectors and regions, and its top holdings. The profile also addresses frequently asked questions about the ETF's holdings, AUM, fund flows, dividend payments, issuer, expense ratio, and performance.",https://www.tradingview.com/symbols/NASDAQ-GUSE/profile/,TradingView,TradingView,20251116T054623,https://s3-symbol-logo.tradingview.com/golden-sachs-etf-trust-goldman--big.svg,0.296969,Somewhat-Bullish,0.604757,0.346006,Somewhat-Bullish
NVDA,Harvard University boosts its BlackRock Bitcoin ETF investment to $442.8M,"Harvard University has significantly increased its investment in BlackRock's iShares Bitcoin Trust (IBIT) to $442.8 million, marking a nearly 260% boost in its holdings. This substantial investment, managed by the Harvard Management Company, now makes IBIT Harvard's largest single investment by dollar value, surpassing its combined holdings in major tech stocks. The move highlights a growing trend among Ivy League institutions and pension funds to invest in Bitcoin ETFs, despite recent sell-offs observed in the crypto market.",https://finance.yahoo.com/news/harvard-university-boosts-blackrock-bitcoin-124506197.html,Yahoo Finance,Yahoo Finance,20251116T074500,,0.17318,Somewhat-Bullish,0.640146,0.139744,Neutral
NVDA,Dupont Capital Management Corp Has $68.14 Million Stake in NVIDIA Corporation $NVDA,"Dupont Capital Management Corp reduced its stake in NVIDIA Corporation by 3.4% in Q2 2025, now holding 431,316 shares valued at $68.14 million, making NVIDIA its largest portfolio position. Other institutional investors have also modified their holdings, while analysts maintain a ""Buy"" consensus rating for NVDA with a target price of $239.15. Recent insider transactions show CEO Jen Hsun Huang and CFO Colette Kress selling significant amounts of stock.",https://www.marketbeat.com/instant-alerts/filing-dupont-capital-management-corp-has-6814-million-stake-in-nvidia-corporation-nvda-2025-11-16/,MarketBeat,MarketBeat,20251116T094111,,0.405211,Bullish,1.000000,0.397966,Bullish
NVDA,Dell Technologies Inc. $DELL Holdings Raised by PNC Financial Services Group Inc.,"PNC Financial Services Group Inc. increased its stake in Dell Technologies Inc. by 4.0% in the second quarter, bringing its total holdings to 72,002 shares valued at $8,827,000. Several other institutional investors also adjusted their positions in DELL, with notable increases from Boston Partners and Robeco Schweiz AG. The article also details recent insider selling activities, updated analyst price targets, and Dell's financial performance data, including its dividend announcement and future EPS guidance.",https://www.marketbeat.com/instant-alerts/filing-dell-technologies-inc-dell-holdings-raised-by-pnc-financial-services-group-inc-2025-11-16/,MarketBeat,MarketBeat,20251116T113509,,0.145626,Neutral,0.640013,-0.213180,Somewhat-Bearish
NVDA,"Geode Capital Management LLC Purchases 186,030 Shares of Western Digital Corporation $WDC","Geode Capital Management LLC increased its stake in Western Digital Corporation by 2.0% in Q2, now owning 9,305,289 shares valued at approximately $593 million. Several analysts have recently raised their price targets for WDC, contributing to a ""Moderate Buy"" consensus rating. Western Digital also boosted its quarterly dividend to $0.125 per share.",https://www.marketbeat.com/instant-alerts/filing-geode-capital-management-llc-purchases-186030-shares-of-western-digital-corporation-wdc-2025-11-15/,MarketBeat,MarketBeat,20251116T120456,,0.263373,Somewhat-Bullish,0.606597,0.144363,Neutral
NVDA,"Jim Cramer on American Express: ""I Think That Company's Great""","Jim Cramer expressed a positive sentiment towards American Express (AXP), despite a perceived slowdown in the ""experiential economy."" He highlighted the continuous strength of American Express as a contraindicator to negative trends and noted its recent all-time high, suggesting a necessity for price target boosts. The article also touches on alternative investment opportunities in AI stocks.",https://finviz.com/news/230873/jim-cramer-on-american-express-i-think-that-companys-great,Finviz,Finviz,20251116T121200,,0.226682,Somewhat-Bullish,0.641004,0.107813,Neutral
NVDA,Forsta AP Fonden Grows Stake in Western Digital Corporation $WDC,"Forsta AP Fonden increased its stake in Western Digital Corporation by 5.8% in Q2 2025, reaching 69,700 shares valued at $4.46 million. Other institutional investors also raised their positions, with institutional ownership now at 92.51%. Analysts have set a ""Moderate Buy"" consensus rating with an average price target of $160.74, despite recent insider selling and a boosted quarterly dividend.",https://www.marketbeat.com/instant-alerts/filing-forsta-ap-fonden-grows-stake-in-western-digital-corporation-wdc-2025-11-15/,MarketBeat,MarketBeat,20251116T124154,,0.377779,Bullish,0.671824,0.305624,Somewhat-Bullish
NVDA,Mitsubishi UFJ Trust & Banking Corp Decreases Position in Devon Energy Corporation $DVN,"Mitsubishi UFJ Trust & Banking Corp significantly reduced its stake in Devon Energy Corporation by 30.2% in Q2, selling nearly 300,000 shares. Despite this, other institutional investors increased their holdings, and Devon Energy reported strong quarterly earnings, beating analyst estimates, and declared a $0.24 per share quarterly dividend. Analysts maintain a ""Moderate Buy"" consensus rating for DVN, with several firms adjusting price targets.",https://www.marketbeat.com/instant-alerts/filing-mitsubishi-ufj-trust-banking-corp-decreases-position-in-devon-energy-corporation-dvn-2025-11-15/,MarketBeat,MarketBeat,20251116T130918,,0.105203,Neutral,0.563679,0.185342,Somewhat-Bullish
NVDA,Chilton Investment Co LLC Boosts Stake in Apple Inc,"Chilton Investment Co LLC, managed by Richard Chilton, has increased its stake in Apple Inc (AAPL) by 26,195 shares. TipRanks' AI Analyst, Spark, rates AAPL as an ""Outperform"" due to its strong financial performance, revenue growth, and profitability, despite a high valuation and overbought technical indicators. The company's strategic focus on expanding services and overcoming supply chain challenges supports its long-term growth prospects.",https://www.tipranks.com/news/company-announcements/chilton-investment-co-llc-boosts-stake-in-apple-inc-2,TipRanks,TipRanks,20251116T143923,,0.031515,Neutral,0.630339,0.128432,Neutral
NVDA,AMZN - Amazon.com Inc Stock Price and Quote,"This article provides comprehensive stock information for Amazon.com Inc (AMZN), including its current stock price, financial data, performance metrics, and recent insider transactions. It also lists recent analyst ratings with price target changes and related news headlines concerning the company and the broader tech market.",https://finviz.com/quote.ashx?t=AMZN,Finviz,Finviz,20251116T143932,,0.057505,Neutral,0.848923,0.027236,Neutral
NVDA,Ecolab Strengthens Integrated Cooling Program for Data Centers,"Ecolab Inc. has launched an integrated Cooling as a Service (CaaS) program for data centers, featuring its 3D TRASAR™ Technology for Direct-to-Chip Liquid Cooling and smart Coolant Distribution Units. This initiative addresses the complex cooling needs and accelerated growth of data centers, particularly with the rise of AI, by optimizing performance and conserving natural resources. The program provides seamless cooling management from site to chip, leveraging Ecolab's century of innovation and expertise.",https://www.businesswire.com/news/home/20251114742846/en/Ecolab-Strengthens-Integrated-Cooling-Program-for-Data-Centers,Business Wire,Business Wire,20251116T144010,,0.442785,Bullish,0.567773,0.536879,Bullish
NVDA,"Top Morgan Stanley Analyst Expects Nvidia’s ‘Strongest Results’ in Q3, Boosts NVDA Stock Target","Morgan Stanley analyst Joseph Moore has raised his price target for Nvidia (NVDA) stock from $210 to $220, maintaining a Buy rating, ahead of the company's Q3 earnings report. Moore anticipates Nvidia will deliver its ""strongest results"" in Q3, driven by accelerating demand for its Blackwell platform and strong early signals for the upcoming Vera Rubin platform. Despite a recent tech sell-off, Wall Street maintains a Strong Buy consensus rating for NVDA, with an average price target implying a 28.44% upside potential.",https://www.tipranks.com/news/top-morgan-stanley-analyst-expects-nvidias-strongest-results-in-q3-boosts-nvda-stock-target,TipRanks,TipRanks,20251116T144104,,0.40314,Bullish,1.000000,0.499476,Bullish
NVDA,"Microsoft, Oracle Shares Finish Higher After Early Declines","Dip-buyers helped big tech stocks, including Microsoft and Oracle, recover from early declines on Friday, pushing the Nasdaq composite into positive territory. Microsoft and Nvidia both closed up over 1%, while Oracle saw a 2.4% increase. This late-day rally helped major indexes finish the week mixed after an earlier volatile period.",https://www.wsj.com/livecoverage/stock-market-today-dow-sp-500-nasdaq-11-14-2025/card/microsoft-oracle-shares-pare-early-declines-E2VOdryOnSeYCAipUJVZ?gaa_at=eafs&gaa_n=AWEtsqenGpqApPbVpHAUfWkFsx1nEAa7PoViG6HTTG0gYle5dktYZqyc8Sw2&gaa_ts=691a072d&gaa_sig=h-0Ws_6bPUJnqQW5lj212WcI7v2FTYreeHVssBBt38SLDK9I7up9SfxU55dcF3BiQNYEbcGdPY5s77n7KS5-MQ%3D%3D,The Wall Street Journal,The Wall Street Journal,20251116T170435,,0.347775,Somewhat-Bullish,0.720324,0.306194,Somewhat-Bullish
NVDA,Applied Materials Forecasts Higher Sales in Second Half of 2026 on Surge in AI Demand,"Applied Materials anticipates a significant surge in sales for its semiconductor equipment in the second half of 2026, driven by the escalating demand from the artificial intelligence sector. CEO Gary Dickerson reported that customers expect their AI businesses to grow at an average rate of 40% in upcoming years, prompting a substantial increase in chip factory production. This growth underpins the increased need for Applied Materials' equipment and services.",https://www.wsj.com/business/earnings/applied-materials-forecasts-higher-sales-in-second-half-of-2026-on-surge-in-ai-demand-2c972435?gaa_at=eafs&gaa_n=AWEtsqdD8xPer-6QnuqAZZg_qs5e-q5BNRWzo3IYFuKhM_k_QVngs4eVhLh5&gaa_ts=691a120d&gaa_sig=_-UXIwfYe8dzKPqdu8qKYwtgCGh8elAj2VFIj2EimiJlZ135fYxgCuHStnufeq-UqqJAed7oeVg_pgB_aIC6rw%3D%3D,The Wall Street Journal,The Wall Street Journal,20251116T175117,,0.338842,Somewhat-Bullish,0.647474,0.328672,Somewhat-Bullish
NVDA,U.S. stock futures little changed as investors anxiously await Nvidia earnings,"U.S. stock futures showed modest gains on Sunday as investors anticipated Nvidia's upcoming earnings report following a volatile week on Wall Street. The Dow Jones Industrial Average futures saw a fractional increase, while S&P 500 futures rose 0.3% and Nasdaq-100 futures gained 0.6%. Meanwhile, Bitcoin briefly neared $93,000 but continued its slump, and crude oil futures declined.",https://www.marketwatch.com/story/u-s-stock-futures-little-changed-as-investors-anxiously-await-nvidia-earnings-69f72426?gaa_at=eafs&gaa_n=AWEtsqeOv5z9yuycVlu7pU3p2Nst7g2v2vAsZ4jPS8Dph5snW1vmHpbw87RU&gaa_ts=691a782a&gaa_sig=BOCev4WalTfHYMgYIdqc-c2Wf1ftn_s_0GNs1DfPN-CQScXvWcPs9nvXM9qF-0eYpZA1_ov_m2w0wZ-Q048vFQ%3D%3D,MarketWatch,MarketWatch,20251116T182000,https://images.mktw.net/im-771120?width=700&size=1.5005877675765943,0.028403,Neutral,0.317011,0.035418,Neutral
NVDA,U.S. stock futures inch higher as investors anxiously await Nvidia earnings,"U.S. stock futures showed modest gains on Sunday, with investors closely watching for Nvidia's upcoming earnings report. The Dow Jones Industrial Average futures were slightly down, while the S&P 500 futures and Nasdaq-100 futures saw increases. Meanwhile, Bitcoin continued its recent decline, approaching $93,000, and crude oil futures fell, while gold futures gave up initial gains.",https://www.marketwatch.com/story/u-s-stock-futures-little-changed-as-investors-anxiously-await-nvidia-earnings-69f72426?gaa_at=eafs&gaa_n=AWEtsqfEmNIX3AmIoB2B1W5E_-FBleXKsmUjR1IBCZeZRVEfgYW-gXXdSzpP&gaa_ts=691a8d43&gaa_sig=JHvRoLAFikTKmfhBLmNpkg8SC4EAam17QUEDu7E6DwyX2cksDe3dakj1qrH3EW147IgWWmfSuhelQ5z8nUY2zQ%3D%3D,MarketWatch,MarketWatch,20251116T182000,,0.133731,Neutral,1.000000,0.126996,Neutral
NVDA,"Intel Stock (INTC) on November 17, 2025: 10 Things to Know Before the Market Opens","This article details 10 key things Intel (INTC) investors should know before the market opens on November 17, 2025. It covers Intel's recent stock performance, Q3 2025 earnings, significant capital infusions from Nvidia and the U.S. government, its process roadmap (18A and 14A), and competitive pressures from AMD and Nvidia. The article also discusses legal challenges, analyst sentiment, valuation, and what to watch for pre-market.",https://ts2.tech/en/intel-stock-intc-on-november-17-2025-10-things-to-know-before-the-market-opens/,ts2.tech,ts2.tech,20251116T182117,,0.050075,Neutral,0.829006,0.324889,Somewhat-Bullish
NVDA,"Atreides Management, LP Reduces Stake in Tesla, Inc.","Atreides Management, LP, managed by Gavin Baker, has reduced its stake in Tesla, Inc. by selling 115,335 shares. TipRanks' AI Analyst, Spark, rates TSLA as Outperform due to strong financial performance and technical indicators, despite concerns about a high P/E ratio and lack of dividend yield. Tesla's stock has seen a YTD price performance of 6.61% with an average trading volume of over 87 million shares.",https://www.tipranks.com/news/company-announcements/atreides-management-lp-reduces-stake-in-tesla-inc?utm_source=marketbeat.com&utm_medium=referral,TipRanks,TipRanks,20251116T190641,,0.036576,Neutral,0.603201,0.210257,Somewhat-Bullish
NVDA,"Peter Thiel dumps entire Nvidia stake, slashes Tesla holdings amid bubble fears","Billionaire Peter Thiel has sold his entire stake in Nvidia and significantly reduced his holdings in Tesla, signaling concerns about an AI-fueled bubble in tech valuations. Thiel's move follows similar divestments by SoftBank and investment predictions by Michael Burry, who also foresaw the 2008 financial crisis. He also acquired shares in Apple and Microsoft while divesting from Vistra Energy Corp.",https://www.investing.com/news/stock-market-news/peter-thiel-dumps-entire-nvidia-stake-slashes-tesla-holdings-amid-bubble-fears-4361095,Investing.com,Investing.com,20251116T201400,,-0.147881,Neutral,0.958571,-0.444162,Bearish
NVDA,"Peter Thiel dumps entire Nvidia stake, slashes Tesla holdings amid bubble fears","Billionaire investor Peter Thiel has sold his entire stake in Nvidia and significantly reduced his holdings in Tesla, citing growing concerns over an AI-fueled bubble in technology valuations. This divestment follows similar moves by SoftBank Group Corp. and Michael Burry, and comes after Thiel's previous warnings about stretched valuations in the tech sector, likening the current environment to the 1999-2000 Dotcom bubble. He also acquired shares in Apple Inc. and Microsoft Corporation, while exiting Vistra Energy Corp.",https://ca.investing.com/news/stock-market-news/peter-thiel-dumps-entire-nvidia-stake-slashes-tesla-holdings-amid-bubble-fears-4320129,Investing.com Canada,Investing.com Canada,20251116T201600,,-0.145533,Neutral,1.000000,-0.417523,Bearish
NVDA,Blackstone Inc. Reduces Stake in Alphabet Inc.,"Blackstone Inc., managed by Stephen A. Schwarzman, recently reduced its stake in Alphabet Inc. Class A (GOOGL) by selling 166,806 shares. TipRanks' AI Analyst, Spark, rates GOOGL as ""Outperform"" due to strong financial performance, positive earnings sentiment, and strategic investments in AI and cloud services, despite risks from high valuation and increased costs. Alphabet Inc. Class A has a YTD Price Performance of 46.50% and a current market cap of $3338.5 billion.",https://www.tipranks.com/news/company-announcements/blackstone-inc-reduces-stake-in-alphabet-inc,TipRanks,TipRanks,20251116T225056,,0.202976,Somewhat-Bullish,0.613490,0.316929,Somewhat-Bullish
NVDA,Morgan Stanley Bumps Up Nvidia Stock (NVDA) Price Target Ahead of Q3 Earnings,"Morgan Stanley raised its price target for Nvidia (NVDA) stock to $220 from $210, maintaining a Buy rating ahead of the company's Q3 earnings report. Analyst Joseph Moore anticipates strong Q3 results driven by accelerating demand for Nvidia's AI platforms, Blackwell and Vera Rubin. Despite recent underperformance, Wall Street analysts maintain a ""Strong Buy"" consensus for NVDA with significant upside potential.",https://www.tipranks.com/news/morgan-stanley-hikes-nvidia-stock-nvda-price-target-ahead-of-q3-earnings,TipRanks,TipRanks,20251116T225131,,0.399179,Bullish,1.000000,0.461518,Bullish
NVDA,3 Cash-Producing Stocks Walking a Fine Line,"This article identifies three cash-producing companies—Workiva (WK), Target Hospitality (TH), and Huntington Ingalls (HII)—that are highlighted as potentially problematic investments despite their cash flow. It advises caution due to issues like shrinking free cash flow margins, declining sales projections, and weak returns on capital. The article then suggests exploring alternative ""Strong Momentum Stocks"" for better investment opportunities.",https://markets.financialcontent.com/lightport.lightport1/article/stockstory-2025-11-17-3-cash-producing-stocks-walking-a-fine-line,FinancialContent,FinancialContent,20251116T234500,https://news-assets.stockstory.org/cover-images/workiva-cover-image-eDjRHruG.jpeg,-0.153926,Somewhat-Bearish,0.648908,0.338409,Somewhat-Bullish
NVDA,3 Cash-Producing Stocks Walking a Fine Line,"This article identifies three cash-producing companies—Workiva (WK), Target Hospitality (TH), and Huntington Ingalls (HII)—that the author suggests investors should approach with caution. Despite generating cash, these companies exhibit concerning trends such as shrinking free cash flow margins, declining sales, or weakening returns on capital. The article advises readers to explore alternative, higher-quality investment opportunities provided by StockStory.",https://markets.financialcontent.com/buffnews.buffalonewscom/article/stockstory-2025-11-17-3-cash-producing-stocks-walking-a-fine-line,FinancialContent,FinancialContent,20251116T234500,https://news-assets.stockstory.org/cover-images/workiva-cover-image-eDjRHruG.jpeg,-0.251346,Somewhat-Bearish,0.609797,0.440257,Bullish
NVDA,Cross Country Healthcare’s Financial Stability at Risk: Unforeseen Challenges Ahead,"Cross Country Healthcare (CCRN) has disclosed new risks that could impact its financial stability and operations, beyond those detailed in its 2024 Form 10-K. The company acknowledges potential unforeseen challenges, urging stakeholders to remain vigilant. Wall Street currently holds a ""Hold"" consensus rating on CCRN stock.",https://www.theglobeandmail.com/investing/markets/stocks/CCRN-Q/pressreleases/36153233/cross-country-healthcares-financial-stability-at-risk-unforeseen-challenges-ahead/,The Globe and Mail,The Globe and Mail,20251117T001600,,-0.486797,Bearish,0.614836,-0.408352,Bearish
NVDA,Amcor Announces €1.5 Billion Senior Notes Issuance,"Amcor UK Finance plc has announced the issuance of €1.5 billion in senior notes, split equally between 3.200% notes due in 2029 and 3.750% notes due in 2033. These notes, guaranteed by Amcor and several subsidiaries, aim to strengthen Amcor’s financial position and are intended to be listed on the New York Stock Exchange. The move is expected to positively impact Amcor’s market presence and offers a potentially lucrative investment opportunity.",https://www.tipranks.com/news/company-announcements/amcor-announces-e1-5-billion-senior-notes-issuance,TipRanks,TipRanks,20251117T012122,,0.285381,Somewhat-Bullish,0.565926,0.219211,Somewhat-Bullish
NVDA,Top Performing AI ETFs in 2025,"This article examines the top-performing AI-themed ETFs, highlighting those focused on AI infrastructure and application innovation. It details the investment strategies, holdings, and expense ratios of the VanEck Semiconductor ETF and the Roundhill Generative AI & Technology ETF, offering investors distinct ways to participate in the AI sector's growth.",https://nai500.com/blog/2025/11/top-performing-ai-etfs-in-2025/,NAI500,NAI500,20251117T023710,,0.392588,Bullish,0.750761,0.457161,Bullish
NVDA,"Peter Thiel Fully Exits Nvidia, Cuts Tesla, Moves Into Fresh Tech Plays With These Stocks - Meta Platforms (NASDAQ:META), Apple (NASDAQ:AAPL)","Billionaire Peter Thiel has completely sold off his Nvidia stake and significantly reduced his Tesla holdings, citing concerns about a potential AI bubble. His fund, Thiel Macro, subsequently invested billions into Apple and Microsoft, increasing holdings in these ""Mag 7"" stocks. This strategic shift follows Thiel's previous endorsement of Nvidia and comes amid broader discussions in the tech industry regarding AI valuation.",https://www.benzinga.com/markets/tech/25/11/48891922/peter-thiel-dumps-entire-nvidia-stake-slashes-tesla-holdings-as-fears-of-an-ai-bubble-grow-shifts-billions-toward-these-2-mag-7-stocks,Benzinga,Benzinga,20251117T025100,,-0.184619,Somewhat-Bearish,0.917328,-0.625771,Bearish
NVDA,Supermicro Showcases the Future of HPC Clusters and AI Infrastructure at SC25,"Supermicro announced its participation in Supercomputing 2025 (SC25), where it will showcase its latest innovations in AI Factory, HPC, and liquid-cooled data center solutions. The company plans to present a range of products, from desktop workstations to rack-scale systems, highlighting its commitment to advancing high-performance computing, scientific research, and enterprise AI deployments. Key demonstrations will include new platforms designed to enhance performance for CPU- and GPU-bound workloads and advancements in direct liquid cooling technology.",https://www.hpcwire.com/off-the-wire/supermicro-showcases-the-future-of-hpc-clusters-and-ai-infrastructure-at-supercomputing-2025/,HPCwire,HPCwire,20251117T030242,,0.318611,Somewhat-Bullish,0.861111,0.318103,Somewhat-Bullish
NVDA,Sea Limited authorizes $1 billion share repurchase program,"Sea Limited (NYSE:SE) has announced a $1 billion share repurchase program for its American depositary shares, signaling confidence in its long-term prospects. This move comes as InvestingPro data indicates the stock is in oversold territory and the company holds more cash than debt. The repurchase program provides flexibility for opportunistic share buybacks, with the timing and amount determined by market conditions.",https://www.investing.com/news/company-news/sea-limited-authorizes-1-billion-share-repurchase-program-93CH-4361248,Investing.com,Investing.com,20251117T030500,https://i-invdn-com.investing.com/news/news_six_pile_69x52._800x533_L_1419494215.jpg,0.080543,Neutral,0.621041,0.114243,Neutral
NVDA,"Nasdaq Futures Fly On Buffett’s Alphabet Bet, Nvidia Q3 Hopes— Strategist Cites Fatigue Yet Expects Bull Run To Hold","Nasdaq futures are set to open higher, buoyed by positive catalysts like Warren Buffett's investment in Alphabet and anticipation for Nvidia's upcoming earnings report. Despite a recent tech sell-off and signs of investor fatigue, strategists believe the bull run is likely to continue, although a breakdown below November lows could signal a deeper pullback. Key economic data, including the September jobs report and various Fed speeches, are expected to influence market sentiment throughout the week.",https://stocktwits.com/news-articles/markets/equity/nasdaq-futures-fly-on-buffett-s-alphabet-bet-nvidia-q3-hopes/cLPkowOREIh,Stocktwits,Stocktwits,20251117T033600,,0.409436,Bullish,0.729985,0.420753,Bullish
NVDA,CoreWeave Can’t Stop Falling. Is It Getting Too Cheap to Ignore?,"CoreWeave's stock has plummeted by 60% from its 52-week high after the company cut its full-year 2025 revenue guidance due to construction delays at a major data center partner. While CoreWeave (CRWV) reported strong Q3 earnings, beating analyst expectations, the revised outlook and margin pressures suggest caution for investors. The article indicates that despite the significant drop, the stock may still be overvalued given ongoing losses and sector-wide vulnerabilities in AI infrastructure.",https://247wallst.com/investing/2025/11/14/coreweave-cant-stop-falling-is-it-getting-too-cheap-to-ignore/,24/7 Wall St.,24/7 Wall St.,20251117T034512,https://247wallst.com/wp-content/themes/247wallst-theme-2025/assets/images/logo.svg,0.112483,Neutral,0.633594,0.102942,Neutral
NVDA,"Stan Wong's Past Picks: Caterpillar, Netflix & iShares Core S&P Mid-Cap ETF","Stan Wong, Portfolio Manager at Scotia Wealth Management, reviewed his previous stock selections including Caterpillar, Netflix, and the iShares Core S&P Mid-Cap ETF. The article highlights his assessment of how these past picks are currently performing in the market. Specific details on the performance of these picks are not provided in this excerpt.",https://www.bnnbloomberg.ca/video/shows/market-call/2025/11/13/stan-wongs-past-picks-caterpillar-netflix-ishares-core-sp-mid-cap-etf/,BNN Bloomberg,BNN Bloomberg,20251117T035134,https://www.bnnbloomberg.ca/resizer/v2/https%3A%2F%2Fd3g70guqh4mw9g.cloudfront.net%2F12-05-2025%2Ft_4822b6eeb4cf45bfa059bb42ce73fa68_name_c50577d57a73dbfc1d91b6557521aae1b68fb201e0d1a02458bf9b4e8c0f9753.jpg?smart=true&auth=8e01214c53a4ee72a9ea16ed707f614619897784d8688e4db800770fef0ab534&width=274,0.199147,Somewhat-Bullish,0.624904,0.202310,Somewhat-Bullish
NVDA,Altimeter Capital Reduces Stake in Nvidia Corporation,"Altimeter Capital Management, led by Brad Gerstner, significantly reduced its position in Nvidia Corporation (NVDA) by 607,262 shares. TipRanks' AI Analyst, Spark, rates NVDA as ""Outperform"" due to strong financial performance, robust growth in AI and data center segments, and bullish technical indicators. However, high valuation metrics suggest caution.",https://www.theglobeandmail.com/investing/markets/stocks/NVDA-Q/pressreleases/34417966/altimeter-capital-reduces-stake-in-nvidia-corporation/,The Globe and Mail,The Globe and Mail,20251117T035136,,0.017717,Neutral,0.340698,0.045121,Neutral
NVDA,What next for the Dow Jones Index and DIA ETF after recent crash?,"The Dow Jones Index has recently pulled back from its year-to-date high, with the DIA ETF also impacted. This decline is attributed to lingering concerns about the Federal Reserve's interest rate policy, the end of the government shutdown, and fears of an AI industry bubble. Investors are closely watching upcoming earnings reports from Nvidia, Walmart, and Home Depot for further market direction.",https://invezz.com/news/2025/11/14/what-next-for-the-dow-jones-index-and-dia-etf-after-recent-crash/,Invezz,Invezz,20251117T035313,https://invezz.com/wp-content/uploads/2025/11/Dow-Jones-1024x575.png,0.066587,Neutral,0.836946,0.278639,Somewhat-Bullish
NVDA,QQQ vs. SPY vs. DIA: Which ETF Is the Ultimate Winner?,"This article compares three major ETFs: Invesco QQQ Trust (QQQ), SPDR S&P 500 ETF (SPY), and SPDR Dow Jones Industrial Average ETF (DIA), analyzing their holdings, expense ratios, and suitability for different investor profiles. It highlights QQQ's tech concentration, SPY's broader market exposure, and DIA's defensive blue-chip focus, advising investors on which ETF might be best depending on their age and risk tolerance given current market conditions and the AI rally.",https://247wallst.com/investing/2025/11/14/qqq-vs-spy-vs-dia-which-etf-is-the-ultimate-winner/,24/7 Wall St.,24/7 Wall St.,20251117T035313,https://247wallst.com/wp-content/uploads/2025/08/shutterstock-2565387011-huge-licensed-scaled.jpg,0.260867,Somewhat-Bullish,0.615602,0.309689,Somewhat-Bullish
NVDA,Earnings call transcript: Digihost Technology Q3 2025 sees strategic growth,"Digihost Technology reported strong Q3 2025 results, achieving positive net income and significant working capital growth, driven by a strategic shift into AI infrastructure and increased energy revenue. Despite a post-announcement stock price dip, the company is optimistic about future growth with plans to launch new AI platforms and expand its AI infrastructure in 2026. The company boasts a strong financial position with over $90 million in cash and equivalents, no long-term debt, and anticipates substantial AI revenues.",https://www.investing.com/news/transcripts/earnings-call-transcript-digihost-technology-q3-2025-sees-strategic-growth-93CH-4359256,Investing.com,Investing.com,20251117T035330,https://i-invdn-com.investing.com/news/World_News_9_800x533_L_1420026261.jpg,0.255247,Somewhat-Bullish,0.605074,0.243623,Somewhat-Bullish
NVDA,Why Brewing Fears Of An AI Bubble Might Raise The Profile Of ProShares Nasdaq-100 High Income ETF,"Fears of an AI bubble are growing, leading investors like Peter Thiel to sell stakes in AI-related companies such as Nvidia and Tesla. Despite concerns, the ProShares Nasdaq-100 High Income ETF (IQQQ) offers an intriguing investment opportunity for income-focused investors. IQQQ differentiates itself through a daily covered-call strategy using total return swaps, aiming for competitive long-term returns while providing a steady income stream, even during market uncertainties.",https://www.sahmcapital.com/news/content/why-brewing-fears-of-an-ai-bubble-might-raise-the-profile-of-proshares-nasdaq-100-high-income-etf-2025-11-18,Sahm,Sahm,20251117T040332,https://editorial-assets.benzinga.com/wp-content/uploads/2025/11/18081505/image-411.png,-0.151841,Somewhat-Bearish,0.865074,-0.307090,Somewhat-Bearish
NVDA,"Why iShares U.S. Tech Independence Focused ETF (IETC) Is in the Spotlight as a “Tariff‑Resistant” Play in the Trump Economy – November 18, 2025","The iShares U.S. Tech Independence Focused ETF (IETC) is gaining attention as a ""tariff-resistant"" investment option amid President Trump's aggressive trade policies. The ETF focuses on U.S. technology companies with significant domestic production and revenue, positioning it as a potential hedge against rising import costs and supply chain disruptions. While offering strong long-term returns, IETC carries concentration and sector risks, making it more suitable as a satellite position in a diversified portfolio for investors seeking exposure to domestically anchored tech businesses.",https://ts2.tech/en/why-ishares-u-s-tech-independence-focused-etf-ietc-is-in-the-spotlight-as-a-tariff%E2%80%91resistant-play-in-the-trump-economy-november-18-2025/,ts2.tech,ts2.tech,20251117T040336,https://ts2.tech/wp-content/plugins/wp-youtube-lyte/lyteCache.php?origThumbUrl=https%3A%2F%2Fi.ytimg.com%2Fvi%2F59eqpE6w4xo%2F0.jpg,0.305768,Somewhat-Bullish,0.632451,0.279224,Somewhat-Bullish
NVDA,"First Bancorp Inc ME Sells 1,684 Shares of NVIDIA Corporation $NVDA","First Bancorp Inc ME reduced its stake in NVIDIA Corporation by 14.6% in the second quarter, selling 1,684 shares and holding 9,871 shares valued at $1.56 million. Other institutional investors like Vista Finance LLC and Arcus Capital Partners LLC either purchased new positions or increased their existing holdings in NVIDIA. The article also details NVIDIA's financial performance, recent dividend announcement, insider transactions, and analyst ratings, with the stock currently trading at $193.80.",https://www.marketbeat.com/instant-alerts/filing-first-bancorp-inc-me-sells-1684-shares-of-nvidia-corporation-nvda-2025-11-13/,MarketBeat,MarketBeat,20251117T041012,https://www.marketbeat.com/logos/nvidia-co-logo-1200x675.jpg?v=20221020142916,0.158695,Somewhat-Bullish,0.987740,0.281517,Somewhat-Bullish
NVDA,"FanDuel Parent Flutter Entertainment Reports Mixed Q3: EPS Beat, Revenues Miss","Flutter Entertainment (NYSE: FLUT), parent company of FanDuel, reported mixed third-quarter earnings with an EPS beat of $1.64 against an 86-cent estimate, while revenue missed expectations at $3.79 billion compared to a $3.9 billion estimate. Despite a -5% year-over-year sportsbook revenue due to sports results and high competitor generosity, increased FanDuel investment in Q4 has proven effective. The company lowered its fiscal 2025 revenue outlook to $16.69 billion from an initial $17.05 billion estimate.",https://www.sahmcapital.com/news/content/fanduel-parent-flutter-entertainment-reports-mixed-q3-eps-beat-revenues-miss-2025-11-13,Sahm,Sahm,20251117T041304,NULL,-0.114703,Neutral,0.623865,-0.136157,Neutral
NVDA,Rep. Cleo Fields Buys Alphabet Inc. (NASDAQ:GOOGL) Stock,"Rep. Cleo Fields (D-Louisiana) recently purchased between $100,001 and $250,000 worth of Alphabet Inc. (GOOGL) stock on October 23rd, as disclosed in a November 12th filing. This transaction is part of several significant tech stock trades by Fields in late October, including purchases of Apple, NVIDIA, and Netflix shares, indicating a concentrated investment in the technology sector. Alphabet recently reported strong Q3 earnings, announced a quarterly dividend, and holds a ""Moderate Buy"" consensus analyst rating.",https://www.marketbeat.com/instant-alerts/rep-cleo-fields-buys-alphabet-inc-nasdaqgoogl-stock-2025-11-16/,MarketBeat,MarketBeat,20251117T041735,,0.320032,Somewhat-Bullish,0.665288,0.390334,Bullish
NVDA,SMC Corp stock upgraded to Buy at Deutsche Bank on growth signals,"Deutsche Bank has upgraded SMC Corp (TYO:6273) stock from Hold to Buy, increasing its price target to JPY66,500 from JPY55,000, signaling a potential 29% upside. This upgrade is driven by positive growth indicators including healthy order growth and strong correlation with machine tool orders and wafer fab equipment spending. The company's robust financial health, with virtually no debt and significant net cash, further supports the upgrade, alongside an ""undemanding valuation"" after a recent stock price correction.",https://www.investing.com/news/analyst-ratings/smc-corp-stock-upgraded-to-buy-at-deutsche-bank-on-growth-signals-93CH-4357712,Investing.com,Investing.com,20251117T042135,https://i-invdn-com.investing.com/news/news_headline_rolled_69x52._800x533_L_1419494221.jpg,0.071063,Neutral,0.627392,0.101747,Neutral
NVDA,Mairs & Power Inc Boosts Stake in Amazon,"Mairs & Power Inc, managed by Bill Frels, significantly increased its stake in Amazon.Com, Inc. by 63,041 shares. TipRanks' AI Analyst, Spark, rates AMZN as ""Outperform"" due to strong financial performance and positive earnings call sentiment, despite high valuation and potential overbought conditions. The article highlights Amazon's year-to-date price performance and current market capitalization.",https://www.theglobeandmail.com/investing/markets/stocks/AMZN-Q/pressreleases/36152404/mairs-power-inc-boosts-stake-in-amazon/,The Globe and Mail,The Globe and Mail,20251117T042149,,0.409018,Bullish,0.618932,0.375143,Bullish
NVDA,Ken Fisher's Strategic Moves: iShares 7-10 Year Treasury Bond ETF Takes Center Stage,"Ken Fisher's Fisher Investments recently filed their Q3 2025 13F, revealing significant portfolio adjustments. The most notable move was a substantial increase in his stake in the iShares 7-10 Year Treasury Bond ETF (NASDAQ:IEF), adding over 30 million shares. Additionally, Fisher bought new positions in companies like Rambus Inc (NASDAQ:RMBS) and Sanmina Corp (NASDAQ:SANM) while also increasing holdings in NVIDIA Corp (NASDAQ:NVDA).",https://finance.yahoo.com/news/ken-fishers-strategic-moves-ishares-180330811.html,Yahoo Finance,Yahoo Finance,20251117T042213,https://s.yimg.com/ny/api/res/1.2/gu5y9XhG1CYXJ6NBiNp.DA--/YXBwaWQ9aGlnaGxhbmRlcjt3PTEzMjtoPTQ4O2NmPXdlYnA-/https://s.yimg.com/os/creatr-uploaded-images/2020-11/656a72d0-2a99-11eb-abff-c3a42df53bdf,0.341201,Somewhat-Bullish,0.854741,0.392673,Bullish
NVDA,Richtech Robotics increases authorized Class B shares and amends stock option plan,"Richtech Robotics Inc. has increased its authorized Class B Common Stock to 1 billion shares and amended its 2023 Stock Option Plan. This change, approved by the board and a majority of shareholders, allows for an annual increase in shares reserved for grants. Separately, the company recently unveiled a new humanoid robot, Dex, and signed a Master Services Agreement with a major retailer, although one analyst downgraded the stock due to valuation concerns.",https://www.investing.com/news/sec-filings/richtech-robotics-increases-authorized-class-b-shares-and-amends-stock-option-plan-93CH-4361692,Investing.com,Investing.com,20251117T042219,https://i-invdn-com.investing.com/news/news_pile_69x52._800x533_L_1419494209.jpg,0.170162,Somewhat-Bullish,0.604418,0.222676,Somewhat-Bullish
NVDA,"S&P 500 rises, Dow Jones breaches records but NASDAQ falls as Wall Street ends day on a high: Leifras jumps nearly 600%, Seven Hills Realty Trust Right falls 58%; check top losers and gainers - The Economic Times","Wall Street ended Tuesday on a high note with the S&P 500 and Dow Jones recording gains, pushing the market back to pre-decline levels, while the Nasdaq dipped due to concerns over AI stock valuations. The Dow Jones Industrial Average hit a new record high, rallying 559 points. Leifras Co., Ltd., saw a significant jump of nearly 600%, whereas Seven Hills Realty Trust Right experienced a sharp decline of 58%.",https://m.economictimes.com/news/international/us/sp-500-rises-dow-jones-breaches-records-but-nasdaq-falls-as-wall-street-ends-day-on-a-high-leifras-jumps-nearly-600-seven-hills-realty-trust-right-falls-58-check-top-losers-and-gainers/articleshow/125262894.cms,The Economic Times,The Economic Times,20251117T042250,"https://img.etimg.com/thumb/msid-125262893,width-300,height-225,imgsize-178332,resizemode-75/us-stocks-wall-street.jpg",0.339172,Somewhat-Bullish,0.733592,-0.441323,Bearish
NVDA,AI-Powered RADCOM Solutions Drive Record Revenue and Market Expansion,"RADCOM announced record revenue of $18.4 million for Q3 2025, a 16.2% year-over-year increase, driven by its AI-driven assurance solutions. The company also achieved its highest operating margin since 2018 and over $5 million in positive cash flow, securing 1Global as a new customer and launching a High-Capacity User Analytics solution. RADCOM anticipates achieving its full-year guidance of 15%-18% revenue growth.",https://www.thefastmode.com/solution-vendors-g-p/45822-ai-powered-radcom-solutions-drive-record-revenue-and-market-expansion,The Fast Mode,The Fast Mode,20251117T044147,https://www.thefastmode.com/media/k2/items/src/aa32100965552aa65bf1e59328d1315d.jpg?t=20251113_014023,0.389788,Bullish,0.622617,0.311473,Somewhat-Bullish
NVDA,Why PubMatic (PUBM) Is Up 18.7% After AI-Driven CTV Revenue Surge Outpaces Expectations,"PubMatic (PUBM) reported Q3 2025 results with revenue of US$67.96 million and a net loss of US$6.45 million, surpassing analyst expectations for adjusted earnings and revenue. The company highlighted over 50% year-over-year Connected TV ad revenue growth, largely attributed to AI-driven innovations developed with NVIDIA. Despite challenges in the advertising market and customer concentration risks, PubMatic's long-term investment narrative is strengthened by its growth in AI and Connected TV, predicting $302.3 million revenue and $30.6 million earnings by 2028.",https://www.sahmcapital.com/news/content/why-pubmatic-pubm-is-up-187-after-ai-driven-ctv-revenue-surge-outpaces-expectations-2025-11-13,Sahm,Sahm,20251117T044211,NULL,0.31229,Somewhat-Bullish,0.614690,0.326823,Somewhat-Bullish
NVDA,Kartoon Studios Reports Strong Double-Digit Revenue Growth and Continued Operational Improvement,"Kartoon Studios announced strong double-digit revenue growth and improved operational efficiency, with a 13% increase in Q3 revenue year-over-year and 28% year-to-date. The company highlights the growth of Mainframe Studios, the expansion of Toon Media Networks, and the development of its ""STAN A.I."" animation unit and new intellectual properties like ""Hundred Acre Wood’s Winnie & Friends"" and ""Stan Lee Universe"" to drive future value. Kartoon Studios also secured a $7.3 million financing and emphasized its commitment to enhancing shareholder value through disciplined capital management and strategic growth initiatives.",https://www.sahmcapital.com/news/content/kartoon-studios-reports-strong-double-digit-revenue-growth-and-continued-operational-improvement-2025-11-14,Sahm,Sahm,20251117T050059,https://ml.globenewswire.com/Resource/Download/383cc1c9-bc8e-4994-89a7-a5715455454e/image-1.jpg,0.314344,Somewhat-Bullish,0.641381,0.240035,Somewhat-Bullish
NVDA,What’s Moving VTI ETF? Daily Snapshot — 11/18/2025,"The Vanguard Total Stock Market ETF (VTI) provides broad exposure to the U.S. equity market, experiencing a 2.11% decline over the past five days but a 15% year-to-date gain. On Monday, VTI was down by 1.04%, with investors adding $170 million in net flows over the last five trading days. Based on analyst consensus of its holdings, VTI is rated a Moderate Buy, with an average price target implying a 30% upside.",https://www.tipranks.com/news/whats-moving-vti-etf-daily-snapshot-11-18-2025,TipRanks,TipRanks,20251117T051224,https://blog.tipranks.com/wp-content/uploads/2025/10/shutterstock_1968811426-1-750x406.jpg,0.055969,Neutral,0.842948,-0.144568,Neutral
NVDA,VTI ETF (NYSEARCA:VTI) Holds $324.22 As Mid-Cap Rotation Drive 2026 Outlook,"The Vanguard Total Stock Market ETF (VTI) held at $324.22, navigating mixed macro data, profit-taking in mega-cap tech, and shifting Fed rate expectations. Despite short-term weaknesses, its massive $2.05 trillion AUM and exposure to 3,600 U.S. companies position it as a broad proxy for American equities, with mid- and small-cap components poised for potential outperformance in 2026 amid forecasted Fed rate cuts. Investors should consider VTI as a ""Buy on Dips"" with a target of $340-$345 short term and $370+ in 2026, contingent on Fed easing and earnings resilience.",https://www.tradingnews.com/news/vti-etf-steadies-at-324-usd-as-fed-policy-market-rotation,TradingNEWS,TradingNEWS,20251117T051224,https://www.tradingnews.com/Warehouse/content/pics/pic_39259_a_41e3c48c-9bd2-411e-b8d7-9cd60ebb484d.jpg?1=1,0.377878,Bullish,0.726862,0.414162,Bullish
NVDA,Liberty All-Star® Equity Fund October 2025 Monthly Update,"The Liberty All-Star® Equity Fund (NYSE: USA) has released its October 2025 monthly update, detailing its investment approach which combines value and growth-style managers, and its top 20 holdings that represent 39.3% of the equity portfolio. The fund reported a month-end value of $6.99 NAV and $6.31 market price, along with a sector breakdown of its equity portfolio and changes in holdings. The update also provides important disclaimers regarding fund performance and tax implications of distributions.",https://www.businesswire.com/news/home/20251114195891/en/Liberty-All-Star-Equity-Fund-October-2025-Monthly-Update,Business Wire,Business Wire,20251117T051238,https://mms.businesswire.com/media/20251114195891/en/2644936/4/Business_Wire_Logo-_FINAL.jpg,0.241985,Somewhat-Bullish,0.825545,0.323851,Somewhat-Bullish
NVDA,UL Solutions Announces Restructuring to Cut Costs,"UL Solutions Inc. announced a restructuring initiative aimed at reducing expenses and exiting non-strategic business lines, with expected pre-tax expenses of $42-$47 million. The plan is anticipated to be completed by Q1 2027 and could improve annual operating income by $25-$30 million. This follows strong Q3 2025 results with a 7.1% revenue increase and a 12.8% rise in net income.",https://www.tipranks.com/news/company-announcements/ul-solutions-announces-restructuring-to-cut-costs,TipRanks,TipRanks,20251117T052301,,-0.183991,Somewhat-Bearish,0.627687,-0.400416,Bearish
NVDA,What Are the 10 Best-Performing Artificial Intelligence (AI) ETFs of 2025?,"This article identifies the top-performing Artificial Intelligence (AI) ETFs of 2025 by analyzing year-to-date returns and long-term performance. It highlights the Roundhill Generative AI & Technology ETF and the VanEck Semiconductor ETF as particularly attractive options, detailing their holdings and expense ratios. The piece also explains the crucial role of semiconductors in the AI revolution and distinguishes between actively managed and index-based AI ETFs.",https://www.theglobeandmail.com/investing/markets/markets-news/Motley%20Fool/36172832/what-are-the-10-best-performing-artificial-intelligence-ai-etfs-of-2025/,The Globe and Mail,The Globe and Mail,20251117T052308,https://barchart-news-media-prod.aws.barchart.com/FC/a1b0948e3bbf9c47ceb8c2ab8eb1708a/%3Furl%3Dhttps%253a%252f%252fg.foolcdn.com%252feditorial%252fimages%252f842855%252fbest-ai-etf-etfs-best-ai-stocks.png%26amp%3Bw%3D700,0.348748,Somewhat-Bullish,0.644979,0.389954,Bullish
NVDA,"Stock market today: Dow, S&P 500, Nasdaq futures rise as investors count down to Nvidia earnings, jobs report","US stock futures, particularly in tech, are rising as investors anticipate Nvidia's earnings report and the forthcoming monthly jobs report. The market is weighing doubts about Federal Reserve interest-rate cuts against key economic data and corporate earnings. Major tech names saw volatility, and a significant Berkshire Hathaway stake in Alphabet has also influenced premarket trading.",https://finance.yahoo.com/news/live/stock-market-today-dow-sp-500-nasdaq-futures-rise-as-investors-count-down-to-nvidia-earnings-jobs-report-011944273.html,Yahoo Finance,Yahoo Finance,20251117T060600,,0.110246,Neutral,0.923125,0.331630,Somewhat-Bullish
NVDA,5 Stock Picks Last Week From Wall Street's Most Accurate Analysts,"This article highlights five stock picks from Wall Street's most accurate analysts, according to Benzinga's Analyst Stock Ratings. It details recent ratings, price targets, and expected upside for companies like HP Inc., SoundThinking Inc., Circle Internet Group, Advanced Micro Devices, and NVIDIA Corporation. The piece also briefly mentions recent market performance and emphasizes the utility of Benzinga's Analyst Ratings API for investors.",https://www.benzinga.com/analyst-stock-ratings/price-target/25/11/48894277/5-stock-picks-last-week-from-wall-streets-most-accurate-analysts-13,Benzinga,Benzinga,20251117T063600,,0.341683,Somewhat-Bullish,0.808405,0.479355,Bullish
NVDA,Sands Capital Management Reduces Stake in Alphabet Inc.,"Sands Capital Management LLC reduced its stake in Alphabet Inc. Class C (GOOG) by 603,385 shares. TipRanks' AI Analyst, Spark, rates GOOG as ""Outperform"" due to its strong financial performance, growth in AI and cloud services, and efficient operations, despite high valuation and low dividend yield. Alphabet Inc. Class C has shown a YTD price performance of 47.04%.",https://www.theglobeandmail.com/investing/markets/stocks/GOOG/pressreleases/36146758/sands-capital-management-reduces-stake-in-alphabet-inc/,The Globe and Mail,The Globe and Mail,20251117T065209,,0.351956,Bullish,0.616851,0.373305,Bullish
NVDA,Nvidia CEO Jensen Huang surprised investors with a 'half a trillion' forecast. It'll come up at earnings,"Nvidia CEO Jensen Huang revealed in October that the company has $500 billion in orders for its AI chips for 2025 and 2026, a figure that suggests significantly higher 2026 sales than previously anticipated. This forecast will be a key discussion point during Nvidia's upcoming third-quarter earnings call. Analysts are scrutinizing this projection, along with Nvidia's aggressive deal-making and potential competition, as they assess the company's future growth and the broader AI market.",https://www.cnbc.com/2025/11/17/huangs-half-a-trillion-nvidia-forecast-will-come-up-at-q3-earnings.html,CNBC,CNBC,20251117T070000,,0.315663,Somewhat-Bullish,1.000000,0.438401,Bullish
NVDA,PowerLattice attracts investment from ex-Intel CEO Pat Gelsinger for its power-saving chiplet,"PowerLattice, a startup founded by veteran electrical engineers, has secured $25 million in Series A funding, bringing its total to $31 million. The company has developed a power delivery chiplet claimed to reduce computer chip power needs by over 50%, attracting investment and validation from ex-Intel CEO Pat Gelsinger. This technology is seen as critical for addressing the energy efficiency demands of AI and data centers, with initial chiplets already in production by TSMC.",https://techcrunch.com/2025/11/17/powerlattice-attracts-investment-from-ex-intel-ceo-pat-gelsinger-for-its-power-saving-chiplet/,TechCrunch,TechCrunch,20251117T070800,,0.165465,Somewhat-Bullish,0.655324,0.127684,Neutral
NVDA,GXAI Stock Institutional Owners,"This page provides an overview of institutional ownership data for Gaxos.ai Inc. (GXAI), including details on institutional holdings, shareholder information, and associated financial data. It highlights the lack of recent insider trading, congressional trading, or corporate lobbying data for the company, while also offering metrics like analyst ratings and forecasted price targets when available. The article also provides a company overview, outlining GXAI's focus on AI applications for well-being, coaching, and gaming, and its commitment to human-centered AI solutions.",https://www.quiverquant.com/stock/GXAI/institutions/,Quiver Quantitative,Quiver Quantitative,20251117T070953,NULL,0.08097,Neutral,0.615211,0.145375,Neutral
NVDA,"DA Davidson Adjusts Price Target on Palo Alto Networks to $240 From $215, Maintains Buy Rating","DA Davidson has adjusted its price target on Palo Alto Networks (PANW) to $240, up from the previous $215, while maintaining a Buy rating on the stock. This adjustment reflects analyst confidence in the cybersecurity company. Other firms like Cantor Fitzgerald, BMO Capital, Mizuho, Baird, UBS, Morgan Stanley, Evercore ISI, TD Cowen, Jefferies, and RBC have also recently updated their price targets and ratings on Palo Alto Networks.",https://www.marketscreener.com/news/da-davidson-adjusts-price-target-on-palo-alto-networks-to-240-from-215-maintains-buy-rating-ce7d5edad88ff320,MarketScreener,MarketScreener,20251117T071900,,0.309303,Somewhat-Bullish,0.574431,0.126604,Neutral
NVDA,Applied Materials to Participate at UBS Global Technology and AI Conference,"Applied Materials, Inc. announced that its Senior Vice President and CFO, Brice Hill, will participate in a fireside chat at the UBS Global Technology and AI Conference on December 2, 2025. A live audio webcast will be available on the company's investor relations website, with a replay accessible the same day. Applied Materials is a leader in materials engineering solutions crucial for semiconductor and advanced display technologies, advancing AI and next-generation chips.",https://www.globenewswire.com/news-release/2025/11/17/3189016/0/en/applied-materials-to-participate-at-ubs-global-technology-and-ai-conference.html,GlobeNewswire,GlobeNewswire,20251117T073000,,0.139369,Neutral,0.638813,0.147750,Neutral
NVDA,Stock Market Today: Alphabet Rallies After Berkshire Hathaway Takes Stake; S&P 500 Futures Gain,"Stock futures mostly rose early Monday, driven by Alphabet's more than 4% premarket gain after Berkshire Hathaway disclosed a stake in Google's parent. Investors are anticipating earnings from Nvidia and delayed economic reports, including the September jobs report due Thursday. Bitcoin also saw a slight recovery above $95,000, while Treasury yields fell.",https://www.wsj.com/livecoverage/stock-market-today-dow-sp-500-nasdaq-11-17-2025?gaa_at=eafs&gaa_n=AWEtsqeBE7shnKRyc54RD086xGFHFWJWiozysUzgtP6C4pbCv9pvJsrxUtQv&gaa_ts=691b1d4e&gaa_sig=FIOJg4xF6BRClLb-Fy3veOLYsa4aqxcngFtv9Vuu6ZHEwyY6SmXF7cHmtD7zG4hj88zqcpx-n-TBvlULgrwg6Q%3D%3D,The Wall Street Journal,The Wall Street Journal,20251117T073700,,0.191073,Somewhat-Bullish,0.740166,-0.139053,Neutral
NVDA,Qualcomm announces Dragonwing IQ-X series,"Qualcomm has launched the Dragonwing IQ-X Series, a new line of industrial-grade processors designed for harsh operating conditions in PLCs, HMIs, edge controllers, and industrial PCs. These processors feature the Qualcomm Oryon CPU, offering high performance, advanced security, superior connectivity, and long life-cycle support, aiming to facilitate smarter factories and more capable edge devices. The IQ-X series supports a wide range of industrial software and AI applications, with leading OEMs already adopting the platform.",https://www.varindia.com/news/qualcomm-announces-dragonwing-iq-x-series,https://www.varindia.com/,https://www.varindia.com/,20251117T073808,,0.332872,Somewhat-Bullish,0.550506,0.296766,Somewhat-Bullish
NVDA,The Best Tariff-Resistant ETF to Invest $100 in Right Now Is the iShares U.S. Tech Independence Focused ETF (IETC). It Might Help You Profit in a Trump Economy.,"The iShares U.S. Tech Independence Focused ETF (IETC) is presented as a tariff-resistant investment option, particularly relevant in a political climate prioritizing tariffs. This ETF focuses on American technology companies with significant domestic production, aiming to mitigate tariff impacts. While the fund has shown strong performance and offers diversification, it is highly concentrated in its top holdings, meaning investor confidence in these companies is crucial.",https://www.fool.com/investing/2025/11/17/the-best-tariff-resistant-etf-to-invest-100-ietc/,The Motley Fool,The Motley Fool,20251117T080000,https://g.foolcdn.com/image/?url=https%3A%2F%2Fg.foolcdn.com%2Feditorial%2Fimages%2F842669%2Fgettyimages-2199969455.jpg&w=3840&op=resize,0.350281,Bullish,0.719042,0.312543,Somewhat-Bullish
NVDA,Is Goldman Sachs GPIQ ETF a buy as YTD inflows near $2 billion?,"The Goldman Sachs Nasdaq-100 Premium Income ETF (GPIQ) has seen significant inflows, reaching over $2.12 billion this year, driven by its high dividend yield of 9.8% and lower expense ratio compared to competitors like JEPQ. While the GPIQ ETF aims to provide regular dividends by investing in the Nasdaq 100 Index and writing call options, its total return often underperforms benchmarks like QQQ during strong bull markets due to its covered call strategy. Investors are closely watching upcoming Nvidia earnings, as the company represents a significant portion of the fund, to assess potential catalysts for the Nasdaq 100 and GPIQ ETF.",https://invezz.com/news/2025/11/17/is-goldman-sachs-gpiq-etf-a-buy-as-ytd-inflows-near-2-billion/,Invezz,Invezz,20251117T080959,https://invezz.com/wp-content/uploads/2025/11/GPIQ-vs--1024x354.png,0.230743,Somewhat-Bullish,0.625866,0.332402,Somewhat-Bullish
NVDA,XRP Option Income ETF Launch: Full Guide and XRP Price Outlook,"The article explores the recent launch of the XRP option income ETF, specifically the Amplify 36% XRP Option Income ETF (XRPM), which offers investors both XRP price exposure and recurring income through a covered call strategy. It compares XRPM with other XRP ETFs like the Canary Capital Spot XRP ETF (XRPC) and REX Shares XRPR, highlighting the expanding landscape of XRP-related financial products. The piece also provides a price outlook for XRP, discussing technical indicators, support/resistance levels, and potential future price targets driven by ETF inflows, while advising caution due to market volatility.",https://www.bitget.com/academy/xrp-option-income-etf-xrp-etf-amplify-price-outlook,Bitget,Bitget,20251117T081009,https://img.bgstatic.com/multiLang/web/ca90ce192eddedcd27bc266a5dd91185.png,0.198852,Somewhat-Bullish,0.643855,0.387271,Bullish
NVDA,Mynd’s Promethean to launch AI integration in Explain Everything,"Mynd.ai, Inc. subsidiary Promethean is launching an AI integration with Augment Me Inc. for its Explain Everything platform in December 2025, despite Mynd.ai's stock trading near its 52-week low. This integration aims to provide educators with AI-powered insights into student engagement and cognitive readiness, enhancing Mynd’s educational technology offerings. The company, facing financial challenges including negative EBITDA and significant debt, expects the new features to be initially available to Explain Everything Advanced users to improve classroom mobility and personalized instruction.",https://www.investing.com/news/company-news/mynds-promethean-to-launch-ai-integration-in-explain-everything-93CH-4362470,Investing.com,Investing.com,20251117T084900,https://i-invdn-com.investing.com/news/international_newspapers_69x52._800x533_L_1419494241.jpg,0.032706,Neutral,0.533217,0.037564,Neutral
NVDA,NVDA: Wells Fargo Lifts Nvidia Price Target to $265 On Explosive AI Boom,"Wells Fargo has increased its price target for Nvidia (NASDAQ:NVDA) to $265, maintaining an Overweight view due to a stronger outlook for Nvidia's data-center business driven by the explosive AI boom. The brokerage expects significant revenue growth for Nvidia through fiscal years 2026 to 2028, with data-center sales leading this expansion. Other brokerages like KeyBanc, Oppenheimer, and Susquehanna have also issued positive outlooks and price target increases ahead of Nvidia's upcoming Q3 results, citing steady AI demand.",https://finance.yahoo.com/news/nvidia-stock-rises-wells-fargo-132336478.html,Yahoo Finance,Yahoo Finance,20251117T091700,,0.418851,Bullish,1.000000,0.492331,Bullish
NVDA,"Benin Management CORP Purchases 2,752 Shares of NVIDIA Corporation $NVDA","Benin Management CORP increased its holdings in NVIDIA Corporation by 8.8% in the second quarter, purchasing an additional 2,752 shares. This made NVIDIA its 13th biggest position, accounting for 1.4% of its investment portfolio, valued at $5.402 million. The article also details other institutional investor activity, insider trades, analyst ratings, and NVIDIA's recent financial performance and dividend announcement.",https://www.marketbeat.com/instant-alerts/filing-benin-management-corp-purchases-2752-shares-of-nvidia-corporation-nvda-2025-11-17/,MarketBeat,MarketBeat,20251117T093319,,0.236127,Somewhat-Bullish,1.000000,0.299735,Somewhat-Bullish
NVDA,"Claro Advisors LLC Sells 6,765 Shares of Alphabet Inc. $GOOGL","Claro Advisors LLC reduced its stake in Alphabet Inc. ($GOOGL) by 19.2% in Q2, selling 6,765 shares and retaining 28,381 shares valued at $5.002 million. This sale made Alphabet the 21st largest position in Claro Advisors LLC's portfolio. Other institutional investors like Vanguard Group Inc. and UBS AM also adjusted their holdings in Alphabet during the same period.",https://www.marketbeat.com/instant-alerts/filing-claro-advisors-llc-sells-6765-shares-of-alphabet-inc-googl-2025-11-17/,MarketBeat,MarketBeat,20251117T095118,,0.223046,Somewhat-Bullish,0.573387,0.239103,Somewhat-Bullish
NVDA,E-Commerce Leader Sea Ltd. Readies $1 Billion Buyback. Stock Jumps Following Earnings Selloff.,"Sea Ltd. (SE), a Southeast Asia e-commerce company, announced a new $1 billion share buyback plan, causing its stock to jump in early trading. This move aims to regain losses after a recent slide and signals the company's confidence. The buyback was authorized by Sea's board of directors.",https://www.investors.com/news/technology/sea-stock-se-news-buyback-q3-2025-selloff-ecommerce/,Investor's Business Daily,Investor's Business Daily,20251117T102300,https://www.investors.com/wp-content/uploads/2025/04/Stock-Trumpeyesclosedsmile-01-shutt-640x360.jpg,0.212868,Somewhat-Bullish,0.609880,0.108426,Neutral
NVDA,Earnings call transcript: HIVE Digital Tech sees 7.58% stock surge post-Q2 2026,"HIVE Digital Technologies reported a significant revenue increase to $87.3 million in Q2 FY2026, primarily from Bitcoin mining, leading to a 7.58% stock surge despite a net loss. The company is advancing its dual-engine strategy, targeting $750 million in annual recurring revenue by the end of 2026 through Bitcoin mining expansion in Paraguay and growth in AI/high-performance computing cloud services. HIVE emphasizes its strong return on invested capital, low overhead, and strategic partnerships, including with Bell Canada and NVIDIA, for its HPC initiatives.",https://www.investing.com/news/transcripts/earnings-call-transcript-hive-digital-tech-sees-758-stock-surge-postq2-2026-93CH-4362929,Investing.com,Investing.com,20251117T102900,https://i-invdn-com.investing.com/news/news_pile_69x52._800x533_L_1419494209.jpg,0.302272,Somewhat-Bullish,0.704651,0.334643,Somewhat-Bullish
NVDA,Stock Market Today: Dow Slips; Google Parent Alphabet Rallies; Bitcoin Price Ticks Up — Live Updates,"Stocks showed mixed directions Monday, with Alphabet shares surging after Berkshire Hathaway revealed a stake in the company. A Federal Reserve official indicated a cautious approach to future rate cuts. Investors are now looking ahead to earnings reports from Nvidia and major retailers, alongside delayed economic data including the September jobs report.",https://www.wsj.com/livecoverage/stock-market-today-dow-sp-500-nasdaq-11-17-2025?gaa_at=eafs&gaa_n=AWEtsqe4xviqIGWu0CsiXNAnzufo5hf9vBc5unuGpnHSaEwH06TaYRPW780L&gaa_ts=691b4b06&gaa_sig=ium84qXNYJB5OAil5OUj9SGOdFoHYmCAYeLIvc6vDftGTgFTVM_JXBuIxvXW-W5ibOj5CALVCuABDEtSf5x7qw%3D%3D,The Wall Street Journal,The Wall Street Journal,20251117T105200,,0.201982,Somewhat-Bullish,0.600080,0.120336,Neutral
NVDA,"Stocks rise at start of week as Nvidia, data await: Markets Wrap","US stock futures, particularly in technology, advanced at the start of the week as investors anticipated Nvidia Corp.'s earnings and the release of delayed economic data. Markets are experiencing a reprieve after recent volatility, with attention also turning to comments from Federal Reserve officials regarding potential interest rate cuts amidst economic uncertainty caused by delayed reports. Corporate news also saw Boeing, Societe Generale, TotalEnergies, and Prosus making significant announcements.",https://www.investmentnews.com/equities/stocks-rise-at-start-of-week-as-nvidia-data-await-markets-wrap/263084,InvestmentNews,InvestmentNews,20251117T110644,,0.22304,Somewhat-Bullish,0.947472,0.314300,Somewhat-Bullish
NVDA,HCW Biologics enters amended licensing agreement with Beijing Trimmune Biotech,"HCW Biologics Inc. (NASDAQ:HCWB) has announced an amended licensing agreement with Beijing Trimmune Biotech Co., Ltd., involving the molecule HCW11-006. Under the new terms, HCW Biologics will receive $3.5 million in cash and transferable equity, with Trimmune responsible for all development costs in its territory. HCW Biologics also retains an option to license another molecule, HCW9302, for in vivo applications in China or Asia.",https://www.investing.com/news/sec-filings/hcw-biologics-enters-amended-licensing-agreement-with-beijing-trimmune-biotech-93CH-4367229,Investing.com,Investing.com,20251117T110933,https://i-invdn-com.investing.com/news/news_pile_69x52._800x533_L_1419494209.jpg,0.123214,Neutral,0.582773,0.046354,Neutral
NVDA,Nvidia Just Showed Why It's the Best AI Company,"This article highlights Nvidia's strong position in the AI market, referencing a video discussion on Nvidia and other AI stocks. It also promotes The Motley Fool's Stock Advisor service, noting past successful recommendations for Nvidia and Netflix, and outlines analyst team's current top stock picks (which do not include Nvidia).",https://www.theglobeandmail.com/investing/markets/stocks/CRWV/pressreleases/36166206/nvidia-just-showed-why-its-the-best-ai-company/,The Globe and Mail,The Globe and Mail,20251117T112200,,0.424775,Bullish,1.000000,0.637081,Bullish
NVDA,Jim Cramer is Willing to Buy Microsoft (MSFT)'s Shares,"Jim Cramer has expressed his willingness to buy shares of Microsoft (MSFT), particularly focusing on its business-to-business (B2B) AI solutions. He differentiates between consumer and business AI use cases, finding the B2B market, where Microsoft operates, more robust than the consumer-focused market. Cramer suggests buying a small portion of desired shares initially if one is looking to invest.",https://finviz.com/news/231819/jim-cramer-is-willing-to-buy-microsoft-msfts-shares,Finviz,Finviz,20251117T112300,,0.314395,Somewhat-Bullish,0.619786,0.116947,Neutral
NVDA,"Micron (MU) Stock Is Up, What You Need To Know","Micron's stock jumped 1.2% after Rosenblatt raised its price target to $300, citing limited DRAM supply growth and increased demand due to AI. The stock reached an all-time high of $257.45 and is up 188% since the beginning of the year. The article also discusses market volatility, profit-taking in AI stocks, and the impact of delayed economic reports.",https://finviz.com/news/231867/micron-mu-stock-is-up-what-you-need-to-know,Finviz,Finviz,20251117T114100,,0.168926,Somewhat-Bullish,0.610394,0.104302,Neutral
NVDA,"Peter Thiel dumps entire Nvidia stake, slashes Tesla holdings amid bubble fears","Billionaire Peter Thiel has sold his entire stake in Nvidia and significantly reduced his holdings in Tesla, citing concerns about an ""AI-fueled bubble"" in tech valuations. This move follows similar actions from SoftBank Group and investor Michael Burry, highlighting growing apprehension regarding inflated tech stock prices. Thiel, a co-founder of Paypal and Palantir, had previously voiced worries about stretched valuations in the tech sector.",https://au.investing.com/news/stock-market-news/peter-thiel-dumps-entire-nvidia-stake-slashes-tesla-holdings-amid-bubble-fears-4128704,Investing.com Australia,Investing.com Australia,20251117T121600,,-0.157895,Somewhat-Bearish,0.950612,-0.428740,Bearish
NVDA,What Are the 10 Best-Performing Artificial Intelligence (AI) ETFs of 2025?,"This article identifies the top-performing Artificial Intelligence (AI) Exchange-Traded Funds (ETFs) of 2025, highlighting the Roundhill Generative AI & Technology ETF, VanEck Semiconductor ETF, and WisdomTree Artificial Intelligence and Innovation Fund as leaders. It provides detailed performance figures, key holdings, and expense ratios for the most promising AI-focused ETFs, emphasizing the critical role of semiconductors in AI. The analysis also compares their long-term returns against the S&P 500.",https://www.webull.com/news/13875628244575232,Webull,Webull,20251117T125309,https://g.foolcdn.com/image/?url=https%3A%2F%2Fg.foolcdn.com%2Feditorial%2Fimages%2F842855%2Fbest-ai-etf-etfs-best-ai-stocks.png&w=700,0.373264,Bullish,0.735462,0.414040,Bullish
NVDA,Could Costco Help You Become a Millionaire?,"This article examines whether investing in Costco could help someone become a millionaire. While Costco has been a strong performer historically due to its cost advantage, massive sales, and growing membership, its current valuation with a P/E ratio of 50.6 suggests it may not be an attractive buying opportunity for significant future returns. Investors are advised against relying on a single stock for wealth accumulation and encouraged to build a diversified portfolio.",https://finviz.com/news/231984/could-costco-help-you-become-a-millionaire,Finviz,Finviz,20251117T131500,,0.246669,Somewhat-Bullish,0.576004,0.306553,Somewhat-Bullish
NVDA,"Reynolds, Volitionrx CEO, buys $7,000 in VNRX stock","VolitionRX LTD President and CEO Cameron John Reynolds purchased 20,000 shares of VNRX stock for $7,000 on November 17, 2025, increasing his direct and indirect holdings. This insider transaction follows the company's Q3 2025 earnings report, which showed 32% revenue growth but a net loss that missed analyst expectations. VolitionRx also successfully reduced its operating expenses by 10%.",https://www.investing.com/news/insider-trading-news/reynolds-volitionrx-ceo-buys-7000-in-vnrx-stock-93CH-4363225,Investing.com,Investing.com,20251117T131700,https://i-invdn-com.investing.com/news/international_newspapers_69x52._800x533_L_1419494241.jpg,0.0745,Neutral,0.638088,-0.076802,Neutral
NVDA,"Rothschild Investment LLC Acquires 14,386 Shares of AT&T Inc. $T","Rothschild Investment LLC increased its stake in AT&T Inc. by 15.9% in the second quarter, adding 14,386 shares to own a total of 105,026 shares valued at approximately $3.04 million. AT&T holds a ""Moderate Buy"" consensus rating from Wall Street analysts with an average price target of $30.64, supported by a 4.3% dividend yield. The company recently reported Q3 EPS of $0.54 and revenue of $30.71 billion.",https://www.marketbeat.com/instant-alerts/filing-rothschild-investment-llc-acquires-14386-shares-of-att-inc-t-2025-11-17/,MarketBeat,MarketBeat,20251117T132118,,0.174086,Somewhat-Bullish,0.644002,0.143404,Neutral
NVDA,"Slagle Financial LLC Sells 18,802 Shares of Honeywell International Inc. $HON","Slagle Financial LLC significantly reduced its stake in Honeywell International Inc. by selling 18,802 shares, representing a 95.6% cut in its position. Despite this sale, Honeywell reported strong financial results, raising its quarterly dividend and receiving a ""Moderate Buy"" analyst consensus with an average price target of $242.19. Other institutional investors have both increased and decreased their positions in Honeywell, while a CEO insider sold over 42,000 shares.",https://www.marketbeat.com/instant-alerts/filing-slagle-financial-llc-sells-18802-shares-of-honeywell-international-inc-hon-2025-11-17/,MarketBeat,MarketBeat,20251117T133114,,0.157189,Somewhat-Bullish,0.623555,0.112369,Neutral
NVDA,"Slagle Financial LLC Sells 13,283 Shares of QUALCOMM Incorporated $QCOM","Slagle Financial LLC significantly reduced its stake in QUALCOMM Incorporated, selling 13,283 shares in Q2 and retaining 1,337 shares valued at $213,000. This comes as QUALCOMM exceeded quarterly expectations with strong EPS and revenue, announced a $0.89 quarterly dividend, and saw insider selling totaling approximately $27.9 million over the past three months. Institutional investors now hold 74.35% of the stock.",https://www.marketbeat.com/instant-alerts/filing-slagle-financial-llc-sells-13283-shares-of-qualcomm-incorporated-qcom-2025-11-17/,MarketBeat,MarketBeat,20251117T133137,,0.179237,Somewhat-Bullish,0.606013,0.205645,Somewhat-Bullish
NVDA,CMGG/Leverage Shares 2X Long CMG Daily ETF|美股|K線圖與(MA、KD、MACD、RSI),"This article provides a technical analysis overview of the Leverage Shares 2X Long CMG Daily ETF (CMGG), including its candlestick chart, moving averages (MA), KDJ (KD), MACD, and RSI indicators. It details the daily performance with open, high, low, close prices, and percentage changes, along with various technical indicator readings. The page also mentions related popular US stocks like NVDA, TSLA, and BRK.B.",https://www.forecastock.tw/stock/CMGG/technical-analysis,美股放大鏡,美股放大鏡,20251117T140929,,0.015819,Neutral,0.646188,0.039290,Neutral
NVDA,Earnings call transcript: Predictive Oncology Q3 2025 sees strategic shifts,"Predictive Oncology (POAI) reported a significant net loss in Q3 2025 but announced a strategic shift towards the AI infrastructure market through a digital asset treasury focused on Aethir’s ATH token. The company aims to leverage ATH tokens to generate revenue by providing GPU compute, with a target of high single-digit yield by 2026. This new strategy has led to a positive market response despite the substantial losses.",https://www.investing.com/news/transcripts/earnings-call-transcript-predictive-oncology-q3-2025-sees-strategic-shifts-93CH-4363299,Investing.com,Investing.com,20251117T141000,https://i-invdn-com.investing.com/news/World_News_8_800x533_L_1420026210.jpg,0.250675,Somewhat-Bullish,0.644388,0.207524,Somewhat-Bullish
NVDA,VOOG vs. MGK: Is S&P 500 Diversification or Mega-Cap Growth Better for Investors?,"This article compares two Vanguard ETFs, MGK and VOOG, which both focus on U.S. large-cap growth stocks but differ in their diversification strategies. MGK targets mega-cap growth companies, while VOOG offers broader exposure to S&P 500 growth stocks. The article analyzes their costs, returns, dividend yields, and risk profiles to help investors decide which fund aligns better with their growth-focused investment goals.",https://www.fool.com/coverage/etfs/2025/11/17/voog-vs-mgk-is-s-and-p-500-diversification-or-mega-cap-growth-better-for-investors/,The Motley Fool,The Motley Fool,20251117T144400,,0.276556,Somewhat-Bullish,0.609733,0.338651,Somewhat-Bullish
NVDA,"S&P 500 Fluctuates Ahead of Nvidia Results, Economic Data Deluge","US stocks, including the S&P 500 and Nasdaq 100, saw slight fluctuations on Monday ahead of anticipated earnings from Nvidia Corp. and a deluge of economic data. Nvidia experienced a dip, while Alphabet Inc. rose after a regulatory filing revealed Warren Buffett's Berkshire Hathaway Inc. took a stake in Google's parent company.",https://www.bloomberg.com/news/articles/2025-11-17/s-p-500-fluctuates-ahead-of-nvidia-results-economic-data-deluge,Bloomberg.com,Bloomberg.com,20251117T144600,,0.198434,Somewhat-Bullish,1.000000,-0.193464,Somewhat-Bearish
NVDA,Dow opens 125 points lower to start a crucial week for delayed economic data; Nvidia earnings on tap,"U.S. stocks, including the Dow, opened lower on Monday as investors awaited a backlog of economic data and earnings reports. Key events include a September jobs report due Thursday and earnings from Nvidia Corp. and several large retailers. A senior investment strategist at Russell Investments highlighted the non-farm payrolls as a critical test for the market.",https://www.marketwatch.com/livecoverage/dow-s-p-500-and-nasdaq-poised-for-gains-led-by-tech-with-nvidia-earnings-data-reboot-in-focus/card/dow-opens-125-points-lower-to-start-a-crucial-week-for-delayed-economic-data-nvidia-earnings-on-tap-3Is1THljyMiNMO59HUn6?gaa_at=eafs&gaa_n=AWEtsqdNXnd3ughzCmr4qoqi2uKw3zlVnBetA-eN7n3iDU7BfH_J0OGQzW03&gaa_ts=691b3987&gaa_sig=-3ojRNmXvJbR2-D8iMyPCPnUouPR2Kc4IKMkPtXrPZUXZ1yVSmoVtu-rjzxoWBMhlG_SBLjhIRj53-IgPBm6Kw%3D%3D,MarketWatch,MarketWatch,20251117T145158,,0.144016,Neutral,0.914178,0.141613,Neutral
NVDA,"Woodline Partners LP Increases Stake in Tesla, Inc.","Woodline Partners LP, managed by Michael Rockefeller, increased its stake in Tesla, Inc. (TSLA) by 75,214 shares. TipRanks' AI Analyst, Spark, rates TSLA as an Outperform due to strong financial performance and technical indicators, despite valuation concerns from a high P/E ratio and lack of a dividend.",https://www.tipranks.com/news/company-announcements/woodline-partners-lp-increases-stake-in-tesla-inc?utm_source=marketbeat.com&utm_medium=referral,TipRanks,TipRanks,20251117T145216,,0.185091,Somewhat-Bullish,0.607432,0.113804,Neutral
NVDA,"Universal Beteiligungs und Servicegesellschaft mbH Sells 161,949 Shares of Texas Instruments Incorporated $TXN","Universal Beteiligungs und Servicegesellschaft mbH reduced its stake in Texas Instruments (TXN) by 17.1%, selling 161,949 shares and retaining 786,316 shares valued at $163.3 million. This comes as Texas Instruments reported Q3 EPS of $1.48, revenue of $4.74 billion, and raised its quarterly dividend to $1.42, despite analysts trimming price targets and a consensus ""Hold"" rating. Other institutional investors have also adjusted their positions in the semiconductor company.",https://www.marketbeat.com/instant-alerts/filing-universal-beteiligungs-und-servicegesellschaft-mbh-sells-161949-shares-of-texas-instruments-incorporated-txn-2025-11-16/,MarketBeat,MarketBeat,20251117T145859,,0.130151,Neutral,0.614676,0.146437,Neutral
NVDA,How subsidiary of a blacklisted Chinese company 'fooled' America to get banned Nvidia chips,"Despite US export bans, a subsidiary linked to a blacklisted Chinese company successfully acquired thousands of Nvidia's advanced Blackwell chips through a complex international workaround involving a US firm and an Indonesian telecom provider. This highlights significant loopholes in US technology control strategies, raising concerns among national security officials about potential military applications. Nvidia's CEO Jensen Huang expressed concerns over the economic impact of these restrictions, citing a dramatic loss in market share in China.",https://timesofindia.indiatimes.com/technology/tech-news/how-subsidiary-of-a-blacklisted-chinese-company-fooled-america-to-get-banned-nvidia-chips/articleshow/125381317.cms,Times of India,Times of India,20251117T152100,,-0.251416,Somewhat-Bearish,1.000000,-0.292728,Somewhat-Bearish
NVDA,Alphabet shares jump after Berkshire makes rare tech bet with $4.9 billion stake,"Alphabet shares surged to a record high after Berkshire Hathaway disclosed a new $4.9 billion stake in the tech giant, signaling an endorsement of its AI efforts. This rare move by tech-averse Berkshire comes amid broader concerns about AI spending and valuations, positioning Alphabet as an outlier among the ""Magnificent Seven"" with strong year-to-date performance. The investment also addresses Warren Buffett's past regret over missing out on Google's early growth and is seen as validation of Alphabet's strong fundamentals and AI leadership.",https://www.reuters.com/business/google-parent-alphabets-shares-rally-after-berkshire-reveals-49-billion-stake-2025-11-17/,Reuters,Reuters,20251117T155800,,0.236808,Somewhat-Bullish,0.604872,0.229442,Somewhat-Bullish
NVDA,"Radcom's Q3 Earnings & Revenues Beat on AI-Driven Growth, Stock Gains","Radcom (RDCM) reported strong third-quarter 2025 results, with earnings and revenues surpassing Zacks Consensus Estimates, driven by increased demand for its AI-driven assurance solutions. The company's stock rose 5% following the announcement, reflecting investor confidence in its strategic advancements and efficient expense management. Radcom also reaffirmed its full-year 2025 revenue guidance, expecting growth between 15%-18%.",https://www.tradingview.com/news/zacks:1882fd4ca094b:0-radcom-s-q3-earnings-revenues-beat-on-ai-driven-growth-stock-gains/,TradingView,TradingView,20251117T160849,NULL,0.573856,Bullish,0.599784,0.227143,Somewhat-Bullish
NVDA,S&P500: Alphabet Pops but US Indices Stall as Traders Await Nvidia Forecast,"US stock indices traded mostly flat as investors awaited Nvidia's earnings and September jobs report. Alphabet's shares jumped over 5% after Berkshire Hathaway disclosed a stake, while Nvidia dipped ahead of its earnings release due to valuation concerns in the AI sector. Traders are keenly watching these events for clues on market direction and potential interest rate adjustments.",https://www.fxempire.com/forecasts/article/sp500-alphabet-pops-but-us-indices-stall-as-traders-await-nvidia-forecast-1561647,FXEmpire,FXEmpire,20251117T165100,,0.106457,Neutral,0.931592,-0.260402,Somewhat-Bearish
NVDA,Supermicro Showcases the Future of HPC Clusters and AI Infrastructure at Supercomputing 2025,"Supermicro will present its latest innovations in AI Factory, HPC, and liquid-cooled data centers at Supercomputing 2025 (SC25), featuring new Data Center Building Block Solutions (DCBBS) with NVIDIA GB300 NVL72 and NVIDIA HGX B300 Systems. The company emphasizes energy efficiency, scalability, and performance through advanced cooling products and a broad portfolio of systems designed for next-generation computing. Supermicro's showcase will include liquid-cooled server solutions, high-density systems for HPC workloads, and various optimized product families tailored for AI infrastructure across diverse industries.",https://www.prnewswire.com/news-releases/supermicro-showcases-the-future-of-hpc-clusters-and-ai-infrastructure-at-supercomputing-2025-302616668.html,PR Newswire,PR Newswire,20251117T173000,,0.353494,Bullish,0.721697,0.345851,Somewhat-Bullish
NVDA,4 Surprising AI Stocks to Buy,"This article from Morningstar discusses potential AI stock investments, including an analysis of Nvidia before its earnings report and a review of Advanced Micro Devices. It also covers the dominance of mega-cap AI stocks and highlights four unconventional AI stocks to consider. The content is based on ""The Morning Filter"" podcast.",https://www.morningstar.com/stocks/4-surprising-ai-stocks-buy-2,Morningstar,Morningstar,20251117T174616,,0.157727,Somewhat-Bullish,0.846342,0.133614,Neutral
NVDA,"S&P 500: Tesla Gains, Nvidia Drops and Alphabet Hits Records in Mixed US Stock Trade","US stocks showed a mixed performance with the S&P 500, Nasdaq, and Dow Jones hovering near flatlines. Alphabet surged to record highs following Berkshire Hathaway's investment, while Tesla gained and Nvidia slipped ahead of its earnings report. Traders are keenly awaiting Nvidia's results and the September jobs report for further market direction.",https://www.fxempire.com/forecasts/article/sp-500-tesla-gains-nvidia-drops-and-alphabet-hits-records-in-mixed-us-stock-trade-1561704,FXEmpire,FXEmpire,20251117T175800,,0.321943,Somewhat-Bullish,0.900400,0.039390,Neutral
NVDA,"GlobalFoundries Acquires Advanced Micro Foundry, Accelerating Silicon Photonics Global Leadership and Expanding AI Infrastructure Portfolio","GlobalFoundries (GF) announced its acquisition of Advanced Micro Foundry (AMF), a Singapore-based silicon photonics foundry, making GF the largest pure-play silicon photonics foundry by revenue. This acquisition expands GF's capabilities and manufacturing capacity, particularly for AI datacenters and communication technologies, and includes plans for a silicon photonics R&D center of excellence in Singapore in partnership with A*STAR. The move addresses the increasing demand for ultra-fast, energy-efficient data transfer in AI infrastructure as traditional copper connections reach their limits.",https://gf.com/gf-press-release/globalfoundries-acquires-advanced-micro-foundry-accelerating-silicon-photonics-global-leadership-and-expanding-ai-infrastructure-portfolio/,GlobalFoundries,GlobalFoundries,20251117T181019,,0.324156,Somewhat-Bullish,0.608653,0.316126,Somewhat-Bullish
NVDA,Nvidia may be ‘the key’ to turning around lost momentum in stocks amid Fed worries,Nvidia Corp.'s upcoming earnings report on Wednesday is seen as crucial for reversing the U.S. equities market's lost momentum. This slump is attributed to concerns over highly valued megacap tech stocks and uncertainty regarding the Federal Reserve's future monetary policy. A dovish stance from the Fed on rate cuts would likely improve market sentiment.,https://www.marketwatch.com/livecoverage/dow-s-p-500-and-nasdaq-poised-for-gains-led-by-tech-with-nvidia-earnings-data-reboot-in-focus/card/nvidia-may-be-the-key-to-turning-around-lost-momentum-in-stocks-amid-fed-worries-U0L4R9Z68VC1RFulN4jc?mod=mw_FV&gaa_at=eafs&gaa_n=AWEtsqd7iM4ZDXcue8wqnSCWjjSycfJR6fRnOyBvnkuWOu-iXPw1JWQSgEOA&gaa_ts=691bad7d&gaa_sig=eFyKCCICB5aXd9m2qkk7mtrjBHXdYtfO6g99VsftSz4FY2R0C0Zim8S0GTuiwFJ2YA2dozy6PXvX3T8gzf-NnQ%3D%3D,MarketWatch,MarketWatch,20251117T190619,,-0.146685,Neutral,0.965002,-0.143393,Neutral
NVDA,"Why stocks are down ahead of high-stakes Nvidia earnings, strategist says","Stocks were falling Monday due to jitters surrounding Nvidia Corp.'s upcoming midweek earnings report and concerns that potential good news might already be priced in. A strategist at Focus Partners Wealth described it as a ""very orderly, slight readjustment of risk"" and a healthy rotation as ""hot money"" exits speculative assets ahead of the earnings announcement.",https://www.marketwatch.com/livecoverage/dow-s-p-500-and-nasdaq-poised-for-gains-led-by-tech-with-nvidia-earnings-data-reboot-in-focus/card/why-stocks-are-down-ahead-of-high-stakes-nvidia-earnings-strategist-says-G09CF9rwD3L3ttTCskaP?gaa_at=eafs&gaa_n=AWEtsqcUXnWFXJ4AvmsMnQzey7K1sMPkqLGO0wBuCeAaKEDARl8GlXbiACZk&gaa_ts=691b78c2&gaa_sig=PEsmuqVlh1fCqZOVK-cwQgblEIhXDH8vhDgz3JDaZivCSj2DG-H9rSgtO8xnaJ1G0bbMlXfBqFGZpuXBD24-Kg%3D%3D,MarketWatch,MarketWatch,20251117T192107,,-0.201773,Somewhat-Bearish,1.000000,-0.222783,Somewhat-Bearish
NVDA,What Are the 10 Best-Performing Artificial Intelligence (AI) ETFs of 2025?,"This article identifies the top-performing AI ETFs of 2025, highlighting the Roundhill Generative AI & Technology ETF and the VanEck Semiconductor ETF for their strong year-to-date and long-term returns. It provides detailed overviews of these two ETFs, including their top holdings, expense ratios, and performance metrics, comparing them against the S&P 500. The analysis emphasizes the crucial role of semiconductors in AI and reviews the key companies driving the growth of these ETFs.",https://www.theglobeandmail.com/investing/markets/stocks/AMD-Q/pressreleases/36172832/what-are-the-10-best-performing-artificial-intelligence-ai-etfs-of-2025/,The Globe and Mail,The Globe and Mail,20251117T200000,,0.397141,Bullish,0.885225,0.468657,Bullish
NVDA,What Are the 10 Best-Performing Artificial Intelligence (AI) ETFs of 2025?,"This article identifies the best-performing AI ETFs of 2025 by analyzing year-to-date returns and longer-term performance. It highlights the Roundhill Generative AI & Technology ETF and the VanEck Semiconductor ETF as key performers, providing detailed overviews of their holdings and expense ratios. The piece also explains why semiconductor ETFs are relevant to AI investments.",https://www.theglobeandmail.com/investing/markets/stocks/MU/pressreleases/36172832/what-are-the-10-best-performing-artificial-intelligence-ai-etfs-of-2025/,The Globe and Mail,The Globe and Mail,20251117T200000,,0.44358,Bullish,0.756171,0.534417,Bullish
NVDA,What Are the 10 Best-Performing Artificial Intelligence (AI) ETFs of 2025?,"This article identifies the top-performing Artificial Intelligence (AI) ETFs of 2025, highlighting the rapid growth in this sector. It details the year-to-date returns of several AI-focused ETFs and then provides a more in-depth look at the performance and top holdings of the VanEck Semiconductor ETF and the Roundhill Generative AI & Technology ETF. The analysis helps long-term investors understand key differences such as management style and expense ratios between these funds.",https://finviz.com/news/232191/what-are-the-10-best-performing-artificial-intelligence-ai-etfs-of-2025,Finviz,Finviz,20251117T210000,https://g.foolcdn.com/image/?url=https%3A%2F%2Fg.foolcdn.com%2Feditorial%2Fimages%2F842855%2Fbest-ai-etf-etfs-best-ai-stocks.png&w=700,0.36515,Bullish,0.724128,0.418812,Bullish
NVDA,What Are the 10 Best-Performing Artificial Intelligence (AI) ETFs of 2025?,"This article identifies the top 10 best-performing Artificial Intelligence (AI) ETFs of 2025, highlighting their year-to-date returns and long-term performance. It delves into the specifics of the VanEck Semiconductor ETF and the Roundhill Generative AI & Technology ETF, detailing their holdings, expense ratios, and reasons for their success within the booming AI sector.",https://www.fool.com/investing/2025/11/17/best-ai-etfs-best-artificial-intelligence-etfs/,The Motley Fool,The Motley Fool,20251117T210000,https://g.foolcdn.com/editorial/images/753303/ai-etf.jpg,0.33058,Somewhat-Bullish,0.646279,0.340954,Somewhat-Bullish
NVDA,AI bubble burst coming? Concerns jump after billionaire Peter Thiel's fund sells entire $100 million worth Nvidia stock,"Billionaire Peter Thiel's hedge fund, Thiel Macro, sold its entire $100 million stake in Nvidia, contributing to concerns about a potential AI bubble burst. This sell-off, along with SoftBank's earlier divestment of its Nvidia shares, has led investors to closely scrutinize Nvidia's upcoming quarterly results for insights into the demand for AI chips. The moves by these major investors highlight growing anxiety about soaring tech stock valuations.",https://www.livemint.com/companies/news/ai-bubble-burst-concern-jump-billionaire-peter-thiel-macro-fund-sells-entire-100-million-nvidia-stock-q3-result-softbank-11763389474323.html,mint,mint,20251117T210300,,-0.045829,Neutral,1.000000,-0.315778,Somewhat-Bearish
NVDA,"Broadcom Struggles Amid Steep AI Correction, Raising Awareness Of Direxion's AVL, AVS ETFs","Broadcom (NASDAQ: AVGO) has experienced a significant downturn exacerbated by a broader AI correction, leading to a substantial market value loss despite an earlier strong performance. This volatility highlights awareness of Direxion's leveraged ETFs, AVL (bullish) and AVS (bearish), which allow investors to speculate on AVGO's movements without direct options trading. While AVL saw initial gains, both ETFs now show fluctuating interest, reflecting the divided opinions on Broadcom's future amidst market uncertainty.",https://www.inkl.com/news/broadcom-struggles-amid-steep-ai-correction-raising-awareness-of-direxion-s-avl-avs-etfs,inkl,inkl,20251117T210935,https://cdn.benzinga.com/files/images/story/2025/11/19/Minsk--Belarus--2019--Broadcom-Chip-Clos.jpeg?auto=jpg&dpr=1&fit=crop&height=480&optimize=medium&width=720,-0.0697,Neutral,0.644324,-0.335782,Somewhat-Bearish
NVDA,Adams Diversified Equity Fund’s (ADX) Sixty-One Years of Payouts: Enduring Strength or Missed Innovation?,"Adams Diversified Equity Fund (ADX) has declared a distribution, extending its impressive 61-year streak of capital gains payouts and 90 years of dividends, appealing to income-focused investors despite mixed financial performance. While the fund trades below fair value and shares have risen, concerns about volatile profits and earning quality persist. Investors' opinions diverge on its valuation versus its financial challenges, highlighting the importance of a comprehensive perspective.",https://simplywall.st/stocks/us/diversified-financials/nyse-adx/adams-diversified-equity-fund/news/adams-diversified-equity-funds-adx-sixty-one-years-of-payout,Simply Wall Street,Simply Wall Street,20251117T210953,NULL,0.182359,Somewhat-Bullish,0.579250,0.236119,Somewhat-Bullish
NVDA,Peter Thiel's fund sells entire Nvidia stake amid fears of an AI bubble | Business News,"Peter Thiel's fund, Thiel Macro LLC, has sold its entire stake in Nvidia Corp., totaling 537,742 shares, amidst growing concerns of an AI investment bubble. This move follows similar actions by SoftBank and comes as ""Big Short"" investor Michael Burry has placed bearish bets against Nvidia and Palantir. Opinions remain divided on the sustainability of the AI boom, with critics pointing to extended depreciation schedules by hyperscalers for their AI investments.",https://www.hindustantimes.com/business/peter-thiels-fund-sells-entire-nvidia-stake-amid-fears-of-an-ai-bubble-101763391792433.html,Hindustan Times,Hindustan Times,20251117T220000,,-0.231034,Somewhat-Bearish,1.000000,-0.380286,Bearish
NVDA,Earnings To Watch: Palo Alto Networks (PANW) Reports Q3 Results Tomorrow,"Palo Alto Networks (PANW) is set to report its Q3 earnings this Wednesday, with analysts expecting a 15.1% revenue growth to $2.46 billion and adjusted earnings of $0.89 per share. The company has a history of consistently beating revenue estimates and has seen its stock decline 4.4% over the last month, yet it holds an average analyst price target of $222.30. The cybersecurity segment has generally underperformed in 2025 due to market volatility.",https://finviz.com/news/232209/earnings-to-watch-palo-alto-networks-panw-reports-q3-results-tomorrow,Finviz,Finviz,20251117T220100,,0.216152,Somewhat-Bullish,0.608040,0.101537,Neutral
NVDA,SPGM Brings Broader Diversification and Lower Cost Than NZAC,"The article compares two ETFs, SPDR Portfolio MSCI Global Stock Market ETF (SPGM) and SPDR MSCI ACWI Climate Paris Aligned ETF (NZAC), highlighting SPGM's broader diversification, lower cost, and higher one-year return. While NZAC offers an ESG-focused approach, SPGM provides comprehensive global equity coverage without specific screens. The comparison details their expense ratios, dividend yields, performance, and holdings, suggesting SPGM is generally more affordable and diversified, though NZAC appeals to investors prioritizing sustainability.",https://www.theglobeandmail.com/investing/markets/markets-news/Motley%20Fool/36170545/spgm-brings-broader-diversification-and-lower-cost-than-nzac/,The Globe and Mail,The Globe and Mail,20251117T221200,https://barchart-news-media-prod.aws.barchart.com/FC/50b1675649ab5f5771d1ac3c3fe59d70/pixel%3Fslug%3Dmotleyfoolgm-2025-11-17-spgm-brings-broader-diversification-and-lower-cost-than-nzac,0.096402,Neutral,0.640634,0.106177,Neutral
NVDA,"Melius Maintains Buy on AMD, Citing Multi-Year Growth Visibility","Melius Research reiterated its Buy rating on AMD and raised its price target to $380 from $300, citing the company's realistic path to capture 10% of the AI market share. The firm highlighted AMD's positive margin guide and projected 35%+ revenue growth CAGR, suggesting a significant share in AI semiconductors and networking with potential revenues of around $150 billion by 2030. Melius believes a 10% market share in the AI space is achievable for AMD, despite the need for substantial execution and OpenAI funding to reach a $1 trillion market cap.",https://finviz.com/news/232221/melius-maintains-buy-on-amd-citing-multi-year-growth-visibility,Finviz,Finviz,20251117T221600,,0.187278,Somewhat-Bullish,0.626695,0.136388,Neutral
NVDA,World’s Leading Scientific Supercomputing Centers Adopt NVIDIA NVQLink to Integrate Grace Blackwell Platform With Quantum Processors,"NVIDIA announced that major scientific supercomputing centers globally are adopting NVIDIA NVQLink to integrate quantum processors with accelerated computing. This interconnect, combined with the NVIDIA CUDA-Q platform, enables large-scale quantum-classical workflows and addresses control and error-correction challenges for hybrid applications. The collaboration with quantum processor builders and supercomputing centers aims to advance quantum computing research and real-world applications like quantum error correction, as demonstrated by Quantinuum's Helios QPU.",https://nvidianews.nvidia.com/news/scientific-supercomputing-centers-nvqlink-grace-blackwell-quantum-processors,NVIDIA Newsroom,NVIDIA Newsroom,20251117T222123,,0.434716,Bullish,1.000000,0.433234,Bullish
NVDA,Supermicro Showcases the Future of HPC Clusters and AI Infrastructure at Supercomputing 2025,"Supermicro is showcasing its latest AI Factory, HPC, and liquid-cooled data center innovations at Supercomputing 2025 (SC25) in St. Louis, Missouri. The company will feature new Data Center Building Block Solutions (DCBBS) incorporating NVIDIA GB300 NVL72 and NVIDIA HGX B300 Systems, alongside advanced cooling products. These solutions aim to drive energy efficiency, scalability, and performance for next-generation computing and AI deployments.",https://www.morningstar.com/news/pr-newswire/20251117sf25522/supermicro-showcases-the-future-of-hpc-clusters-and-ai-infrastructure-at-supercomputing-2025,Morningstar,Morningstar,20251117T223000,,0.329983,Somewhat-Bullish,0.812490,0.338569,Somewhat-Bullish
NVDA,One Giant Leap for AI Physics: NVIDIA Apollo Unveiled as Open Model Family for Scientific Simulation,"NVIDIA has introduced Apollo, a new family of open AI physics models designed to accelerate industrial and computational engineering. Unveiled at the SC25 conference, these models will allow developers to integrate real-time capabilities into simulation software across various industries, including semiconductors, automotive, aerospace, and climate forecasting. Industry leaders such as Applied Materials, Cadence, LAM Research, and Siemens are already adopting these models to enhance their design processes and achieve significant speedups in simulations.",https://blogs.nvidia.com/blog/apollo-open-models/,NVIDIA Blog,NVIDIA Blog,20251117T223538,,0.358403,Bullish,1.000000,0.407342,Bullish
NVDA,Supermicro Shows the Future of HPC Clusters and AI Infrastructure at Supercomputing 2025,"Supermicro will showcase its latest AI Factory, HPC, and liquid-cooled data center innovations at Supercomputing 2025 (SC25) in St. Louis, Missouri. The company will feature new Data Center Building Block Solutions (DCBBS) incorporating NVIDIA GB300 NVL72 and NVIDIA HGX B300 Systems, alongside advanced cooling products. Supermicro aims to deliver complete, next-generation infrastructure solutions that enable faster, more efficient, and sustainable deployment of AI and HPC workloads.",https://ir.supermicro.com/news/news-details/2025/Supermicro-Showcases-the-Future-of-HPC-Clusters-and-AI-Infrastructure-at-Supercomputing-2025/default.aspx,Supermicro,Supermicro,20251117T223632,,0.321363,Somewhat-Bullish,0.848028,0.319688,Somewhat-Bullish
NVDA,World’s Leading Scientific Supercomputing Centers Adopt NVIDIA NVQLink to Integrate Grace Blackwell Platform With Quantum Processors,"NVIDIA announced that over a dozen leading scientific supercomputing centers globally are adopting NVIDIA NVQLink to integrate quantum processors with NVIDIA accelerated computing. This interconnect, combined with the NVIDIA CUDA-Q platform, enables large-scale quantum-classical workflows and hybrid quantum-classical applications. Quantum computing company Quantinuum is already using NVQLink to integrate NVIDIA GPUs with its Helios quantum processor, demonstrating real-time decoding for quantum error correction.",https://investor.nvidia.com/news/press-release-details/2025/Worlds-Leading-Scientific-Supercomputing-Centers-Adopt-NVIDIA-NVQLink-to-Integrate-Grace-Blackwell-Platform-With-Quantum-Processors/default.aspx,NVIDIA,NVIDIA,20251117T223925,https://www.globenewswire.com/NewsRoom/AttachmentNg/3b4883cd-5826-445a-b891-5b42a7b4d22c,0.415099,Bullish,1.000000,0.431977,Bullish
NVDA,NVIDIA and RIKEN Advance Japan’s Scientific Frontiers With New Supercomputers for AI and Quantum Computing,"NVIDIA announced that RIKEN, Japan’s leading national research institute, is integrating NVIDIA GB200 NVL4 systems into two new supercomputers focused on AI for science and quantum computing. These systems, featuring a total of 2,140 NVIDIA Blackwell GPUs, will bolster Japan's sovereign AI strategy and research in various scientific fields. This collaboration also extends to the development of FugakuNEXT, the successor to the Fugaku supercomputer, aiming to significantly advance Japan's computational infrastructure.",https://investor.nvidia.com/news/press-release-details/2025/NVIDIA-and-RIKEN-Advance-Japans-Scientific-Frontiers-With-New-Supercomputers-for-AI-and-Quantum-Computing/default.aspx,NVIDIA,NVIDIA,20251117T223925,https://www.globenewswire.com/NewsRoom/AttachmentNg/1df3c10c-4737-4080-ab3e-bce670c770e7,0.847342,Bullish,1.000000,0.828002,Bullish
NVDA,NVIDIA and RIKEN Advance Japan’s Scientific Frontiers With New Supercomputers for AI and Quantum Computing,"NVIDIA and RIKEN are collaborating to establish two new supercomputers in Japan, powered by NVIDIA GB200 systems and NVIDIA Quantum-X800 InfiniBand networking, to advance AI for science and quantum computing research. These systems will utilize 2,140 NVIDIA Blackwell GPUs to support Japan's sovereign AI strategy and reinforce its leadership in science, industry, and technology. This initiative also involves the future development of FugakuNEXT, a successor to the Fugaku supercomputer, integrating Fujitsu's CPUs with NVIDIA technologies.",https://nvidianews.nvidia.com/news/nvidia-and-riken-advance-japans-scientific-frontiers-with-new-supercomputers-for-ai-and-quantum-computing,NVIDIA Newsroom,NVIDIA Newsroom,20251117T225134,,0.499182,Bullish,1.000000,0.476987,Bullish
NVDA,"SMCI Stock Today, November 17, 2025: Why Supermicro Is Sliding Again Despite the AI Boom","Super Micro Computer (NASDAQ: SMCI) stock dropped over 6% on November 17, 2025, closing at $34.10, continuing a slide driven by an earnings miss, guidance reset, and mixed analyst signals, despite the ongoing AI boom. The stock experienced significant bearish options activity, insider selling, and a downgrade to ""Hold"" by TipRanks, although some analysts maintain a ""Buy"" rating and forecast substantial long-term growth driven by AI infrastructure demand. This reinforces SMCI's high-beta status, characterized by acute sensitivity to market sentiment and near-term execution challenges, despite a robust long-term AI server demand story.",https://ts2.tech/en/smci-stock-today-november-17-2025-why-supermicro-is-sliding-again-despite-the-ai-boom/,ts2.tech,ts2.tech,20251117T225142,,-0.158065,Somewhat-Bearish,0.694115,0.032038,Neutral
NVDA,What Are the 10 Best-Performing Artificial Intelligence (AI) ETFs of 2025?,"This article identifies the top-performing Artificial Intelligence (AI) ETFs of 2025 by analyzing their year-to-date and longer-term returns. It highlights the Roundhill Generative AI & Technology ETF and the VanEck Semiconductor ETF as particularly attractive, providing a detailed overview of their holdings, expense ratios, and performance metrics. The piece also explains why semiconductor ETFs are crucial for AI exposure due to their essential role in AI technology.",https://www.theglobeandmail.com/investing/markets/stocks/AMD/pressreleases/36172832/what-are-the-10-best-performing-artificial-intelligence-ai-etfs-of-2025/,The Globe and Mail,The Globe and Mail,20251117T225847,https://barchart-news-media-prod.aws.barchart.com/FC/a1b0948e3bbf9c47ceb8c2ab8eb1708a/%3Furl%3Dhttps%253a%252f%252fg.foolcdn.com%252feditorial%252fimages%252f842855%252fbest-ai-etf-etfs-best-ai-stocks.png%26amp%3Bw%3D700,0.409021,Bullish,0.878480,0.487250,Bullish
NVDA,3 Reasons to Avoid DG and 1 Stock to Buy Instead,"This article advises investors to avoid Dollar General (DG) due to its lagging stock performance, low same-store sales growth, weak structural profitability indicated by a low gross margin, and high debt levels. StockStory prefers high-quality software stocks and other market-beating stocks instead. The article highlights concerns about DG's competitive market position and potential risks from its debt.",https://markets.financialcontent.com/wral/article/stockstory-2025-11-18-3-reasons-to-avoid-dg-and-1-stock-to-buy-instead,FinancialContent,FinancialContent,20251117T230300,,-0.065141,Neutral,0.600858,0.304004,Somewhat-Bullish
NVDA,"Nvidia Earnings Are The 'Super Bowl' For The Entire Market, Could Trigger A Massive Shift: 'You're Going To Be Able To Hear A Pin Drop' - NVIDIA (NASDAQ:NVDA), SoftBank Group (OTC:SFTBF)","Nvidia's upcoming earnings report is being called the ""Super Bowl"" for the entire market by analysts due to its potential to trigger a massive shift. Analysts like Dan Ives and Gene Munster believe Nvidia's dominance in AI chips is unmatched, with demand significantly outstripping supply. The company is expected to report strong Q3 revenue, and Wall Street may still be underestimating its future growth despite lofty expectations.",https://www.benzinga.com/markets/tech/25/11/48915845/nvidia-earnings-are-the-super-bowl-for-the-entire-market-could-trigger-a-massive-shift-youre-going-to-be-able-to-hear-a-pin-drop,Benzinga,Benzinga,20251117T232900,,0.45716,Bullish,1.000000,0.492695,Bullish
NVDA,John Hennessy Sells 600 Shares of Alphabet (NASDAQ:GOOG) Stock,"John Hennessy, a Director at Alphabet, sold 600 shares of Alphabet (NASDAQ:GOOG) stock on November 13th for a total of $168,036, reducing his position by 11.73%. This transaction occurred as Alphabet reported strong quarterly earnings, and the company's stock trades near $285.60 with an average analyst target of $324.81. Alphabet also announced a quarterly dividend of $0.21 per share.",https://www.marketbeat.com/instant-alerts/john-hennessy-sells-600-shares-of-alphabet-nasdaqgoog-stock-2025-11-17/,MarketBeat,MarketBeat,20251118T005054,,0.183111,Somewhat-Bullish,0.627854,0.126814,Neutral
NVDA,Supermicro Announces New AI Factory Cluster Solutions at SC25,"Supermicro has announced new turnkey AI Factory cluster solutions at SC25, designed to simplify deployment and accelerate time-to-online for AI factories. These solutions are based on NVIDIA Enterprise Reference Architectures and Blackwell GPUs, offering pre-integrated and validated full-stack solutions. Supermicro emphasizes their ability to provide optimized, scalable AI infrastructure, including networking and software, to transform companies into AI-driven enterprises.",https://www.hpcwire.com/aiwire/2025/11/18/supermicro-announces-new-ai-factory-cluster-solutions-at-sc25/,HPCwire,HPCwire,20251118T032148,,0.289324,Somewhat-Bullish,0.879813,0.309808,Somewhat-Bullish
NVDA,"If You'd Invested $1,000 in Micron Technology Stock 1 Year Ago, Here's How Much You'd Have Today","Micron Technology's stock has seen significant growth over the past year, driven by strong demand for its memory and storage solutions from data centers optimizing for AI workloads. An investment of $1,000 a year ago would now be valued at approximately $2,512. The company's momentum is expected to continue into 2026, with analysts projecting substantial earnings per share growth and a potential stock price of around $280.",https://finviz.com/news/232310/if-youd-invested-1000-in-micron-technology-stock-1-year-ago-heres-how-much-youd-have-today,Finviz,Finviz,20251118T035500,,0.304166,Somewhat-Bullish,0.720127,0.343900,Somewhat-Bullish
NVDA,Supermicro Showcases the Future of HPC Clusters and AI Infrastructure at SC25,"Supermicro will showcase its latest AI Factory, HPC, and liquid-cooled data center innovations at Supercomputing 2025 (SC25) in St. Louis, Missouri. The company will demonstrate its high-performance DCBBS architecture, direct liquid cooling, and rack-scale innovations designed to empower customers to deploy AI and HPC workloads faster, more efficiently, and more sustainably. Key highlights include NVIDIA GB300 NVL72 with Liquid Cooling, Super AI Station Based on NVIDIA GB300, and various liquid-cooled SuperBlade and FlexTwin systems.",https://www.techpowerup.com/343010/supermicro-showcases-the-future-of-hpc-clusters-and-ai-infrastructure-at-sc25,TechPowerUp,TechPowerUp,20251118T042000,,0.331632,Somewhat-Bullish,0.828760,0.323980,Somewhat-Bullish
NVDA,"The Zacks Analyst Blog Highlights Nvidia, Las Vegas Sands, Take Two Interactive and Gold Fields","This Zacks Analyst Blog highlights Nvidia, Las Vegas Sands, Take Two Interactive, and Gold Fields, discussing key market themes for the upcoming week including Nvidia's quarterly earnings report, the clearing of U.S. macro data backlog, European inflation numbers, Japan's new fiscal policy, and Chile's upcoming elections. It also details the investment profiles of Las Vegas Sands (LVS), Take Two Interactive (TTWO), and Gold Fields Ltd. (GFI) as Zacks #1 Rank (STRONG BUY) stocks.",https://www.nasdaq.com/articles/zacks-analyst-blog-highlights-nvidia-las-vegas-sands-take-two-interactive-and-gold-fields,Nasdaq,Nasdaq,20251118T043400,,0.294388,Somewhat-Bullish,0.803467,0.231779,Somewhat-Bullish
NVDA,Could Rambus (RMBS) Leverage Its Cash Surge to Reinforce Long-Term Financial Stability?,"Rambus (RMBS) presented at Wells Fargo's 9th Annual TMT Summit, reporting Q3 2025 revenue growth but an EPS miss. Despite the mixed earnings, the company experienced a significant increase in its cash position, enhancing short-term financial flexibility. The article explores how this improved liquidity and operational performance could impact Rambus's investment narrative, which is largely driven by demand for its DDR5 and AI/data center offerings, while noting the risk of product revenue concentration.",https://simplywall.st/stocks/us/semiconductors/nasdaq-rmbs/rambus/news/could-rambus-rmbs-leverage-its-cash-surge-to-reinforce-long,Simply Wall Street,Simply Wall Street,20251118T044239,NULL,0.327045,Somewhat-Bullish,0.607361,0.322658,Somewhat-Bullish
NVDA,Piper Sandler Reiterates a Buy on PROCEPT BioRobotics Corporation (PRCT),"Piper Sandler reiterated a Buy rating on PROCEPT BioRobotics Corporation (PRCT) with a $50 price target, despite an earlier reduction from $55. The company exceeded Q3 2025 revenue and EPS estimates due to strong demand for its HYDROS Robotic System and Aquablation therapy. Analyst Matthew O'Brien acknowledges potential concerns about soft utilization performance but believes these issues are temporary and expects positive future results.",https://www.insidermonkey.com/blog/piper-sandler-reiterates-a-buy-on-procept-biorobotics-corporation-prct-1647239/,Insider Monkey,Insider Monkey,20251118T050700,https://imonkey-blog.imgix.net/blog/wp-content/uploads/2023/10/31101431/PRCT-insidermonkey-1698761668784.jpg?auto=format&fit=clip&expires=1796601600&width=480&height=269,0.278593,Somewhat-Bullish,0.611282,0.276363,Somewhat-Bullish
NVDA,"Boughton, Hims & Hers health CLO, sells $112k in shares","Soleil Boughton, Chief Legal Officer of Hims & Hers Health, Inc. (NASDAQ:HIMS), sold 2,637 shares valued at $112,151 on November 10, 2025. This transaction was executed under a Rule 10b5-1 trading plan. The sale followed a quarter where Hims & Hers exceeded analyst expectations in revenue, EBITDA, and EPS, despite narrowing its 2025 revenue guidance.",https://www.investing.com/news/insider-trading-news/boughton-hims--hers-health-clo-sells-112k-in-shares-93CH-4353738,Investing.com,Investing.com,20251118T050914,https://i-invdn-com.investing.com/news/international_newspapers_69x52._800x533_L_1419494241.jpg,0.257981,Somewhat-Bullish,0.636192,0.326120,Somewhat-Bullish
NVDA,"Stock Market Today: Dow Jones, S&P 500 Futures Tumble—Home Depot, Axalta Coating Systems, Molina Healthcare In Focus","U.S. stock futures, including the Dow Jones and S&P 500, declined on Tuesday amidst cautious market sentiment ahead of post-shutdown economic data and Nvidia's earnings report. Several individual stocks were in focus: Axalta Coating Systems jumped after an all-stock merger deal, Molina Healthcare gained on a senior notes offering, and Home Depot fell as analysts anticipated its earnings report. The article also touches on insider transactions, analyst insights for 2026, upcoming economic data, and performance of commodities and global markets.",https://www.benzinga.com/markets/equities/25/11/48918136/stock-market-today-dow-jones-sp-500-futures-tumble-home-depot-axalta-coating-systems-molina-healthcare-in-focus,Benzinga,Benzinga,20251118T052800,,0.072756,Neutral,0.613037,0.033922,Neutral
NVDA,How Do Recent AR VR Partnerships Impact Himax Technologies Valuation in 2025?,"Himax Technologies has seen a 44.3% return over the past year despite recent short-term drops, amidst new AR/VR product launches and strategic partnerships. While a Discounted Cash Flow (DCF) analysis suggests the stock might be significantly overvalued at $1.85 per share, its Price-to-Earnings (PE) ratio of 20.33x appears undervalued compared to industry averages and Simply Wall St's Fair Ratio of 34.08x. The article highlights these conflicting valuation perspectives and suggests using ""Narratives"" for investors to incorporate their personal views into financial forecasts.",https://simplywall.st/stocks/us/semiconductors/nasdaq-himx/himax-technologies/news/how-do-recent-ar-vr-partnerships-impact-himax-technologies-v,Simply Wall Street,Simply Wall Street,20251118T060929,,0.216864,Somewhat-Bullish,0.604070,0.324072,Somewhat-Bullish
NVDA,EXCLUSIVE: Micropolis Launches IP67 Edge AI Unit With NVIDIA Orin SOC,"Micropolis Holding Company has launched a new industrial-grade, IP67-rated Edge Computing Unit (ECU) powered by the NVIDIA Orin SOC. This unit will enhance Micropolis's proprietary platform, Microspot, for real-time AI processing in surveillance, behavior analysis, and mission management, enabling advanced computer vision and object detection locally without cloud dependency. The ECU will be deployed across its M01 and M02 platforms and stationary AI nodes for applications like perimeter security and off-road autonomy.",https://finance.yahoo.com/news/exclusive-micropolis-launches-ip67-edge-133113936.html,Yahoo Finance,Yahoo Finance,20251118T061047,,0.376811,Bullish,0.865876,0.312811,Somewhat-Bullish
NVDA,"Nvidia And Tesla Valuation Look 'Most Irrational', Says Valuation Guru Aswath Damodaran: 'Does Not Hold Up To Scrutiny'","Valuation expert Aswath Damodaran has labeled Nvidia and Tesla as the most irrationally valued companies in the current market, citing unsustainable expectations for Nvidia and a lack of clear business narrative for Tesla. He warns that the ""Magnificent 10"" tech stocks, which constitute a significant portion of the S&P 500, offer no safe haven during a market correction. Damodaran identifies Alphabet and Amazon as the ""least overvalued"" among the tech giants due to their clearer paths to monetizing efficiency.",https://www.benzinga.com/markets/equities/25/11/48919152/nvidia-and-tesla-valuation-look-most-irrational-says-valuation-guru-aswath-damodaran-does-not-hold-up-to-scrutiny,Benzinga,Benzinga,20251118T063800,,-0.146285,Neutral,0.960985,-0.408682,Bearish
NVDA,The business case behind Nvidia’s 22-week maternity leave,"This article details Nvidia's generous parental leave policies, including 22 weeks of paid maternity leave and 12 weeks for non-birthing parents, and how these policies stem from CEO Jensen Huang's ethos of prioritizing employee well-being. The company's comprehensive support for parents, extending beyond leave to include flexibility and coverage for adoption/surrogacy, fosters high trust, productivity, and innovation, contributing to its success and strong financial performance. Nvidia's approach emphasizes individualizing support and empowering managers to ensure consistent positive employee experiences.",https://fortune.com/2025/11/18/nvidia-parental-leave-best-workplaces-parents/,Fortune,Fortune,20251118T070000,,0.440275,Bullish,1.000000,0.436610,Bullish
NVDA,Indie semi CFO Wu Naixi sells $21990 in IND stock,"Naixi Wu, CFO of indie Semiconductor, sold 5261 shares of Class A Common Stock worth $21990 to cover withholding taxes related to restricted stock units. This transaction occurred after the company's shares fell nearly 16% and despite the company reporting a wider-than-expected loss per share and missed revenue targets for Q3 2025. Despite profitability challenges and recent stock volatility, analysts maintain a ""Strong Buy"" recommendation for INDI, citing strong liquidity and significant upside potential.",https://www.investing.com/news/insider-trading-news/indie-semi-cfo-wu-naixi-sells-21990-in-ind-stock-93CH-4357585,Investing.com,Investing.com,20251118T070955,https://i-invdn-com.investing.com/news/World_News_10_800x533_L_1420026292.jpg,-0.126416,Neutral,0.643169,0.214387,Somewhat-Bullish
NVDA,Gartner Says Electricity Demand for Data Centers to Grow 16% in 2025 and Double by 2030,"Gartner projects that global electricity demand for data centers will increase by 16% in 2025 and double by 2030, rising from 448 TWh to 980 TWh. This surge is primarily driven by AI-optimized servers, whose electricity usage is expected to nearly quintuple, accounting for 44% of data center power consumption by 2030. The report also highlights the unsustainability of fossil fuels for on-site power and the emerging role of clean energy alternatives and advanced battery storage systems.",https://www.gartner.com/en/newsroom/press-releases/2025-11-17-gartner-says-electricity-demand-for-data-centers-to-grow-16-percent-in-2025-and-double-by-2030,Gartner,Gartner,20251118T072142,,0.298521,Somewhat-Bullish,0.642123,0.236200,Somewhat-Bullish
NVDA,Clough Capital Partners Boosts Stake in Broadcom Inc.,"Clough Capital Partners, managed by Charles Clough, increased its stake in Broadcom Inc. by 1,030 shares. TipRanks' AI Analyst, Spark, rates AVGO as Outperform, citing strong financial performance and positive earnings, especially in AI semiconductors, despite potential overvaluation and overbought conditions. The company's strategic focus on AI and infrastructure software positions it for future growth.",https://www.tipranks.com/news/company-announcements/clough-capital-partners-boosts-stake-in-broadcom-inc-2,TipRanks,TipRanks,20251118T073608,,0.079663,Neutral,0.628710,0.115835,Neutral
NVDA,"Citigroup Inc (TRVC.BE) Stock Price, News, Quote & History","This Yahoo Finance page provides detailed stock information for Citigroup Inc (TRVC.BE), including its current stock price, recent news, and historical data. It presents performance overview metrics such as YTD, 1-Year, and 3-Year returns compared to the S&P 500. Additionally, the page displays market movements for various indices, currencies, and top gainers and losers in Canadian markets.",https://ca.finance.yahoo.com/quote/TRVC.BE/sec-filing/,Yahoo! Finance Canada,Yahoo! Finance Canada,20251118T080423,,-0.245156,Somewhat-Bearish,0.636289,-0.119951,Neutral
NVDA,Cleaned_Content: Cyngn (CYN) highlights DriveMod autonomous vehicles with OEM and warehouse testimonials,"Cyngn (NASDAQ: CYN) released testimonials from customers, partners, and OEMs highlighting the successful integration and impact of its DriveMod autonomous platform in industrial workflows. Users reported benefits such as faster process stabilization, smoother workforce integration, predictable operating rhythms, and compatibility across indoor and outdoor environments. The testimonials feature deployments on vehicles like the Motrec MT-160 tugger and BYD forklift, illustrating DriveMod's role in increasing efficiency, reducing labor demands, and enabling warehouse expansions.",https://www.stocktitan.net/news/CYN/the-perfect-solution-customers-and-partners-share-firsthand-impact-7ef1c918r69f.html,Stock Titan,Stock Titan,20251118T081032,https://mma.prnewswire.com/media/2828070/Customers_and_Partners.jpg,0.355321,Bullish,0.646913,0.322668,Somewhat-Bullish
NVDA,"Allworth Financial LP Buys 2,815 Shares of Western Digital Corporation $WDC","Allworth Financial LP significantly increased its stake in Western Digital Corporation by 294.8% in Q2, acquiring 2,815 additional shares to hold a total of 3,770 shares valued at $241,000. This comes amidst substantial insider selling, with CEO Irving Tan and Vidyadhara K. Gubbi selling shares worth millions, though institutional investors now own 92.51% of the company. Analysts have largely maintained a ""Moderate Buy"" consensus, with several firms raising their price targets for WDC, which recently increased its quarterly dividend.",https://www.marketbeat.com/instant-alerts/filing-allworth-financial-lp-buys-2815-shares-of-western-digital-corporation-wdc-2025-11-18/,MarketBeat,MarketBeat,20251118T081620,NULL,0.278753,Somewhat-Bullish,0.641307,0.116182,Neutral
NVDA,"Arm Becomes 'Power-Efficiency Engine' For AI, Wins Big With Amazon, Google And Meta","Arm Holdings plc is emerging as a critical power-efficiency engine for the artificial intelligence boom, with its Neoverse platform gaining significant traction among major hyperscalers like Amazon, Google, Microsoft, Oracle, and Meta. The company expects to achieve 50% market share among hyperscalers by 2025, driven by demand for energy-efficient AI scaling and its collaboration with Nvidia for NVLink Fusion integration. Arm recently reported stronger-than-expected Q2 earnings, with significant growth in royalty and licensing revenue, reflecting sustained demand for its technology across cloud, AI, and edge markets.",https://www.benzinga.com/markets/tech/25/11/48921405/arm-becomes-power-efficiency-engine-ai-amazon-google-and-meta,Benzinga,Benzinga,20251118T083000,,0.260767,Somewhat-Bullish,0.842487,0.311759,Somewhat-Bullish
NVDA,"Micropolis Robotics Unveils New Industrial-Grade, IP67-Rated Computing Module Powered by NVIDIA for Advanced AI Processing of its Robots","Micropolis Robotics (NYSE: MCRP) has launched an industrial-grade, IP67-rated Edge Computing Unit powered by NVIDIA Orin SOC. This unit enables secure, low-latency AI processing directly on its Microspot platform, designed for real-time surveillance and mission management without cloud dependence. The ECU will be deployed on Micropolis' M01/M02 robot platforms and stationary nodes for applications in law enforcement, border control, and national security.",https://www.stocktitan.net/news/MCRP/micropolis-robotics-unveils-new-industrial-grade-ip67-rated-bdp1akuy6xod.html,Stock Titan,Stock Titan,20251118T084500,https://ml.globenewswire.com/media/NDEwZjE1ZTYtZWYzNy00ZjFlLTg1ODEtNDU4NmE2NDczMDJlLTEzMTI4MjItMjAyNS0xMS0xOC1lbg==/tiny/MICROPOLIS-HOLDING-COMPANY.png,0.380313,Bullish,0.830326,0.336278,Somewhat-Bullish
NVDA,Csenge Advisory Group Reduces Position in Alphabet Inc. $GOOGL,"Csenge Advisory Group reduced its stake in Alphabet Inc. (NASDAQ:GOOGL) by 2.6% in the second quarter, selling 1,456 shares and holding 54,861 shares valued at $9.42 million. The article also details other institutional investor activity in GOOGL, significant insider stock sales by Alphabet executives, and recent analyst ratings with a consensus ""Moderate Buy"" rating and a price target of $304.10. Alphabet reported strong Q3 earnings, beating analyst estimates, and announced a quarterly dividend.",https://www.marketbeat.com/instant-alerts/filing-csenge-advisory-group-reduces-position-in-alphabet-inc-googl-2025-11-18/,MarketBeat,MarketBeat,20251118T090436,,0.237504,Somewhat-Bullish,0.644500,0.148618,Neutral
NVDA,Supermicro (NASDAQ: SMCI) debuts AI factory clusters with 32 nodes and 256 GPUs,"Supermicro announced new turnkey AI Factory cluster solutions leveraging NVIDIA Enterprise Reference Architectures and Blackwell GPUs. These full-stack solutions, available in configurations from 4 nodes/32 GPUs to 32 nodes/256 GPUs, simplify large-scale AI deployment and accelerate time-to-online for AI development and production. The offerings include NVIDIA software and Spectrum-X Ethernet networking, validated and tested by Supermicro.",https://www.stocktitan.net/news/SMCI/supermicro-announces-new-ai-factory-cluster-solutions-based-on-5wgj0mkcih7q.html,Stock Titan,Stock Titan,20251118T090500,,0.434741,Bullish,0.850550,0.418763,Bullish
NVDA,Supermicro Announces New AI Factory Cluster Solutions Based on NVIDIA Enterprise Reference Architectures and NVIDIA Blackwell AI Infrastructure to Simplify the Deployment of AI at Scale,"Supermicro has announced new AI Factory cluster solutions leveraging NVIDIA Enterprise Reference Architectures and Blackwell AI Infrastructure to streamline AI deployment at scale. These turnkey solutions include NVIDIA-Certified Systems and Supermicro Data Center Building Block Solutions, designed to accelerate the time-to-online for AI factories, offering full-stack integration and validation for various AI and HPC workloads. The offerings aim to simplify the process of establishing and operating AI infrastructure, especially in enterprises transforming into AI companies.",https://finance.yahoo.com/news/supermicro-announces-ai-factory-cluster-140500197.html,Yahoo Finance,Yahoo Finance,20251118T090500,,0.468972,Bullish,0.886339,0.437342,Bullish
NVDA,Supermicro Announces New AI Factory Cluster Solutions Based on NVIDIA Enterprise Reference Architectures and NVIDIA Blackwell AI Infrastructure to Simplify the Deployment of AI at Scale,"Supermicro has announced new AI Factory Cluster Solutions based on NVIDIA Enterprise Reference Architectures and NVIDIA Blackwell AI Infrastructure. These turnkey solutions are designed to simplify and accelerate the deployment of AI at scale, leveraging Supermicro's Data Center Building Block Solutions and NVIDIA's software stack and networking. The offerings include pre-validated rack-scale clusters available in various configurations, from 4 nodes and 32 GPUs to 32 nodes and 256 GPUs, supporting diverse AI and HPC workloads.",https://www.prnewswire.com/news-releases/supermicro-announces-new-ai-factory-cluster-solutions-based-on-nvidia-enterprise-reference-architectures-and-nvidia-blackwell-ai-infrastructure-to-simplify-the-deployment-of-ai-at-scale-302617946.html,PR Newswire,PR Newswire,20251118T090500,,0.408295,Bullish,0.894607,0.426860,Bullish
NVDA,Supermicro Announces New AI Factory Cluster Solutions Based on NVIDIA Enterprise Reference Architectures and NVIDIA Blackwell AI Infrastructure to Simplify the Deployment of AI at Scale,"Supermicro has announced new AI Factory Cluster Solutions designed to simplify and accelerate the deployment of AI at scale. These turnkey solutions are based on NVIDIA Enterprise Reference Architectures and NVIDIA Blackwell GPUs, offering full-stack integration with NVIDIA software and networking. Supermicro aims to help enterprises transform into AI companies by providing fully integrated, validated, and plug-and-play AI infrastructure.",https://www.wsav.com/business/press-releases/cision/20251118SF26735/supermicro-announces-new-ai-factory-cluster-solutions-based-on-nvidia-enterprise-reference-architectures-and-nvidia-blackwell-ai-infrastructure-to-simplify-the-deployment-of-ai-at-scale,WSAV-TV,WSAV-TV,20251118T090500,,0.433943,Bullish,0.943402,0.442333,Bullish
NVDA,NYSE Content Advisory: Pre-Market Update + Berkshire Hathaway Makes $4.3 Billion Tech Investment,"The NYSE provides a daily pre-market update, highlighting a market drop with the S&P 500 down nearly 1% and Nvidia down 2%. Berkshire Hathaway disclosed a $4.3 billion stake in Alphabet, boosting its shares. Other news includes upcoming Fed minutes and September non-farm payrolls, along with 5-year listing anniversaries for MP Materials and South Bow.",https://finviz.com/news/232826/nyse-content-advisory-pre-market-update-berkshire-hathaway-makes-43-billion-tech-investment,Finviz,Finviz,20251118T092500,,0.087141,Neutral,0.620134,-0.227641,Somewhat-Bearish
NVDA,What Are Wall Street Analysts’ Target Price for Nucor Corporation Stock?,"Nucor Corporation (NUE) is a leading steel producer with a market cap of around $34 billion. Despite trailing the broader market over the past year, NUE stock has surpassed the S&P 500's YTD rise, and analysts are bullish, issuing a ""Strong Buy"" consensus with a mean price target of $167.92. This optimism stems from Nucor's growth trajectory, production ramp-ups, benefits from U.S. steel import tariffs, and strong operational momentum.",http://markets.chroniclejournal.com/chroniclejournal/article/barchart-2025-11-18-what-are-wall-street-analysts-target-price-for-nucor-corporation-stock,The Chronicle-Journal,The Chronicle-Journal,20251118T095200,https://barchart-news-media-prod.aws.barchart.com/SANDP/071d389f209aa4ca403c91cfe5e86091/9rtmus8vodkmcdis.png,0.348662,Somewhat-Bullish,0.614004,0.315737,Somewhat-Bullish
NVDA,"Alphabet (GOOGL) Stock Price Today, Nov. 18, 2025: Buffett’s Big Bet, AI Bubble Fears, and What to Watch Before the Bell","Alphabet (GOOGL) stock is near record highs, boosted by Warren Buffett's new stake and strong AI-driven growth. However, the market faces broader AI bubble fears, echoed by CEO Sundar Pichai, creating a tension between bullish fundamentals and macroeconomic caution. Investors are watching key technical levels, analyst upgrades, and the ongoing debate about AI monetization versus cannibalization as the stock heads into today's session.",https://ts2.tech/en/alphabet-googl-stock-price-today-nov-18-2025-buffetts-big-bet-ai-bubble-fears-and-what-to-watch-before-the-bell/,ts2.tech,ts2.tech,20251118T100615,,0.164355,Somewhat-Bullish,0.620984,-0.146205,Neutral
NVDA,ProShares UltraPro QQQ Faces Critical Test Amid AI Sector Volatility,"The ProShares UltraPro QQQ (TQQQ) ETF is facing a crucial test due to volatility in the technology sector, despite strong AI investment momentum. The fund experienced a weekly decline of 8.70% but still holds a significant year-to-date gain of 33.25%, reflecting its leveraged nature. Upcoming events like NVIDIA's earnings report and a stock split will significantly impact TQQQ, highlighting the risks of its concentrated technology holdings and the broader AI market's uncertainty.",https://www.ad-hoc-news.de/boerse/ueberblick/proshares-ultrapro-qqq-faces-critical-test-amid-ai-sector-volatility/68367729,AD HOC NEWS,AD HOC NEWS,20251118T102502,https://www.ad-hoc-news.de/img/logos/logo_264x69.jpg,0.05754,Neutral,0.886591,0.119470,Neutral
NVDA,"VOO vs SPYM: Same S&P 500 Returns, Different Share Prices","This article compares two S&P 500 ETFs, VOO and SPYM, highlighting their nearly identical returns and exposure to the S&P 500 index despite differences in size and share price. SPYM offers a slightly lower expense ratio and a more accessible share price for smaller accounts, while VOO boasts significantly larger assets under management and trading volume. Both funds are presented as effective tools for investors seeking broad, low-cost U.S. equity exposure.",https://www.fool.com/coverage/etfs/2025/11/18/voo-vs-spym-same-sp500-returns-different-share-prices/,The Motley Fool,The Motley Fool,20251118T103500,https://g.foolcdn.com/image/?url=https%3A%2F%2Fg.foolcdn.com%2Fmisc-assets%2Ftmf_holdingco_logo_stacked_magenta_royalpurple_rev.png&w=96&op=resize,0.337348,Somewhat-Bullish,0.642134,0.331529,Somewhat-Bullish
NVDA,The market has left GARP behind. What can change that?,"The article discusses how Growth at a Reasonable Price (GARP) investment has been out of favor due to a market concentrated on risk and momentum, particularly driven by AI and the ""Magnificent Seven."" It highlights historical parallels to previous market concentrations and suggests that while the current trend may continue, market broadening and fundamental analysis could bring GARP stocks back into favor as long-term winners. The authors argue that GARP investing, focused on quality at a fair price, offers durable growth, especially as earnings growth expands beyond big tech.",https://www.troweprice.com/en/it/insights/the-market-has-left-garp-behind-what-can-change-that.html,T. Rowe Price,T. Rowe Price,20251118T103655,,0.052867,Neutral,0.838887,-0.169771,Somewhat-Bearish
NVDA,"Hedeker Wealth LLC Sells 1,574 Shares of Broadcom Inc. $AVGO","Hedeker Wealth LLC reduced its stake in Broadcom Inc. by 1.6%, selling 1,574 shares, though Broadcom remains its second-largest holding at $27.18 million. Broadcom recently reported slightly better-than-expected earnings and has a significant market cap and P/E ratio, while institutional ownership stands at 76.4%. Various other institutional investors have also adjusted their positions in Broadcom, and several analysts have issued ""Buy"" or ""Strong Buy"" ratings for the semiconductor manufacturer.",https://www.marketbeat.com/instant-alerts/filing-hedeker-wealth-llc-sells-1574-shares-of-broadcom-inc-avgo-2025-11-18/,MarketBeat,MarketBeat,20251118T105038,,0.219168,Somewhat-Bullish,0.648378,0.108863,Neutral
NVDA,Hoth Therapeutics (NASDAQ: HOTH) to Expand AI Drug R&D via NVIDIA Connect Program,"Hoth Therapeutics (NASDAQ: HOTH) has been accepted into the NVIDIA Connect Program, enabling them to enhance their AI-driven drug research and development. This partnership provides access to NVIDIA's GPU-accelerated tools, technical guidance, and co-marketing support to accelerate computational-biology workflows for various therapeutic programs. The company expects this to reduce bottlenecks, speed up modeling, and strengthen AI-driven decision-making in its R&D efforts.",https://www.stocktitan.net/news/HOTH/hoth-therapeutics-accepted-into-nvidia-connect-program-expanding-its-zbdw8b9hdgov.html,Stock Titan,Stock Titan,20251118T110920,https://mma.prnewswire.com/media/644804/Hoth_Therapeutics_Logo.jpg,0.048862,Neutral,0.883110,0.464233,Bullish
NVDA,Goldman Sachs Enhanced U.S. Equity ETF,"This article provides a comprehensive profile of the Goldman Sachs Enhanced U.S. Equity ETF (GUSE), covering its stock price, dividend and valuation, expense ratio, holdings analysis, and performance metrics. It details the ETF's top holdings, concentration analysis, geographic and sector exposure, ESG scores, and technical indicators, offering a complete overview for potential investors.",https://etfdb.com/etf/GUSE/,ETF Database,ETF Database,20251118T111025,,0.252481,Somewhat-Bullish,0.834649,0.275709,Somewhat-Bullish
NVDA,Bubble or breakout? Nvidia earnings put AI boom under the microscope,"Ahead of its earnings report, Nvidia is at the center of investor concerns regarding the AI boom's sustainability. Key points of focus include continued strong demand for its chips, potential margin pressures due to complex production and new product rollouts, and the impact of U.S. export curbs to China. The report will provide critical insights into the future trajectory of AI-linked spending and address whether the current AI market indicates a bubble or a true breakout.",https://www.reuters.com/business/media-telecom/bubble-or-breakout-nvidia-earnings-put-ai-boom-under-microscope-2025-11-18/,Reuters,Reuters,20251118T112100,https://www.reuters.com/resizer/v2/L4H3X2OQGJJ6ZICBTVLNAX24A4.JPG?auth=12c5cc6f3458c9b20e0c03632cf4b91f9b3ef726a4c28f3a8b4e72750a996f08&width=960&quality=80,0.048629,Neutral,1.000000,-0.100456,Neutral
NVDA,"Mitsubishi UFJ Trust & Banking Corp Acquires 15,919 Shares of Western Digital Corporation $WDC","Mitsubishi UFJ Trust & Banking Corp increased its stake in Western Digital Corporation by 10.7% in Q2, acquiring an additional 15,919 shares to hold a total of 164,807 shares valued at $10.55 million. This comes amidst multiple analyst target price increases and significant insider selling, with CEO Irving Tan selling 20,000 shares for $3.01 million and total insider sales reaching $6.21 million in the last 90 days. Western Digital also recently declared a quarterly dividend increase.",https://www.marketbeat.com/instant-alerts/filing-mitsubishi-ufj-trust-banking-corp-acquires-15919-shares-of-western-digital-corporation-wdc-2025-11-17/,MarketBeat,MarketBeat,20251118T114052,,0.230215,Somewhat-Bullish,0.632094,0.138986,Neutral
NVDA,"Australian shares down at market open as Nvidia, bitcoin and other falling stars drag US stock market lower","The Australian share market opened down almost 1.2 percent, hitting a four-month low, after a sharp plunge on Wall Street driven by declines in Nvidia, Bitcoin, and other ""superstar"" stocks. The US market's downturn is attributed to concerns about high valuations, AI stock performance, and uncertainty surrounding the Federal Reserve's interest rate policy, with a key jobs report imminent.",https://www.9news.com.au/finance/australian-share-market-down-after-wall-street-plunge-amid-nvidia-bitcoin-stock-falls/253a958e-15b4-4022-87cc-5bacf79864d6,9News.com.au,9News.com.au,20251118T120100,,-0.217585,Somewhat-Bearish,0.969579,-0.343581,Somewhat-Bearish
NVDA,Danaos Corp stock hits 52-week high at $96.50,"Danaos Corp stock reached a 52-week high of $96.50, reflecting a 1-year change of 11.55% and increased investor confidence in the shipping company. This milestone comes despite the company missing analysts' forecasts in its third-quarter 2025 earnings, with EPS and revenue both falling short of expectations. The stock, however, showed only minimal movement after the earnings report.",https://www.investing.com/news/company-news/danaos-corp-stock-hits-52week-high-at-9650-93CH-4365784,Investing.com,Investing.com,20251118T120500,https://i-invdn-com.investing.com/news/news_six_pile_69x52._800x533_L_1419494215.jpg,0.071415,Neutral,0.607699,-0.067354,Neutral
NVDA,AMD And Arm Are Quietly Pulling Ahead In US Chip Shipments — While Intel Battles Shortages,"U.S. chip demand is reportedly shifting towards AMD and Arm, as new market data indicates both companies are outpacing Intel in personal computer (PC) and server shipments. Bank of America Securities analyst Vivek Arya notes that Intel's supply constraints are hindering its unit growth, while AMD and Arm are benefiting from strong demand in enterprise PC upgrades, AI-capable server chips, and increasing CPU core counts. Arya maintains Buy ratings on AMD and Arm, citing their structural share-gain opportunities, and an Underperform rating on Intel due to competitive challenges.",https://www.benzinga.com/analyst-stock-ratings/reiteration/25/11/48931063/amd-and-arm-are-quietly-pulling-ahead-in-us-chip-shipments-while-intel-battles-shortages,Benzinga,Benzinga,20251118T123100,,0.184586,Somewhat-Bullish,0.626724,0.264908,Somewhat-Bullish
NVDA,NVIDIA (NASDAQ: NVDA) Price Prediction and Forecast 2025-2030 for November 18,"This article provides a detailed price prediction and forecast for NVIDIA (NVDA) stock from 2025 to 2030, highlighting the company's strong market position in the GPU industry, demand from major tech customers, and the burgeoning AI trend. It includes financial data, analyst ratings, and projected revenue, net income, and EPS figures to support its price targets.",https://247wallst.com/forecasts/2025/11/18/nvidia-nvda-price-prediction-and-forecast/,24/7 Wall St.,24/7 Wall St.,20251118T130755,,0.373642,Bullish,1.000000,0.421838,Bullish
NVDA,Weibo Reports Q3 2025 Financial Results with Focus on AI and User Engagement,"Weibo (HK:9898) reported a 5% year-over-year decline in Q3 2025 net revenues to $442.3 million despite growth in user engagement and search queries, attributed to AI advancements. The company's strategic focus on content marketing and AI-enhanced advertising helped monetization efforts, though advertising revenues also fell by 6%. Weibo maintained a strong user base with 578 million monthly active users and 257 million daily active users, but currently holds a ""Hold"" rating from analysts with a price target of HK$93.00.",https://www.tipranks.com/news/company-announcements/weibo-reports-q3-2025-financial-results-with-focus-on-ai-and-user-engagement,TipRanks,TipRanks,20251118T135723,https://blog.tipranks.com/wp-content/uploads/2023/06/Communication-Services-6-750x406.jpg,0.102665,Neutral,0.613240,0.207022,Somewhat-Bullish
NVDA,Supermicro Announces New AI Factory Cluster Solutions Based on NVIDIA Enterprise Reference Architectures and NVIDIA Blackwell AI Infrastructure to Simplify the Deployment of AI at Scale,"Supermicro is introducing new complete, turnkey AI factory cluster solutions based on NVIDIA Enterprise Reference Architectures and NVIDIA Blackwell AI Infrastructure. These solutions aim to simplify and accelerate the deployment of AI at scale for enterprises, leveraging Supermicro's Data Center Building Block Solutions and NVIDIA software stack. The offerings include preconfigured scalable units with NVIDIA Blackwell GPUs, NVIDIA Spectrum-X networking, and full integration and validation by Supermicro, available in various configurations to meet diverse AI and HPC workloads.",https://ir.supermicro.com/news/news-details/2025/Supermicro-Announces-New-AI-Factory-Cluster-Solutions-Based-on-NVIDIA-Enterprise-Reference-Architectures-and-NVIDIA-Blackwell-AI-Infrastructure-to-Simplify-the-Deployment-of-AI-at-Scale/default.aspx,Supermicro,Supermicro,20251118T141156,,0.452821,Bullish,0.840515,0.408180,Bullish
NVDA,Supermicro Announces New AI Factory Cluster Solutions at SC25,"Supermicro has announced new turnkey AI factory cluster solutions at SC25, designed to simplify deployment and accelerate time-to-online for AI factories. These solutions are based on NVIDIA Enterprise Reference Architectures and Blackwell GPUs, offering fully integrated and validated rack-scale clusters complete with NVIDIA software and networking. Supermicro's Data Center Building Block Solutions (DCBBS) further facilitate the creation of AI factories, supporting configurations from 4 nodes and 32 GPUs up to 32 nodes and 256 GPUs, optimized for various AI and HPC workloads.",https://www.hpcwire.com/off-the-wire/supermicro-announces-new-ai-factory-cluster-solutions-at-sc25/,HPCwire,HPCwire,20251118T145144,,0.379115,Bullish,0.822531,0.337620,Somewhat-Bullish
NVDA,Vise Technologies Inc. Takes Position in Western Digital Corporation $WDC,"Vise Technologies Inc. purchased a new position in Western Digital Corporation valued at roughly $308,000, contributing to the 92.51% institutional ownership of the company's stock. Despite significant insider selling totaling over $6 million in the last 90 days, Western Digital increased its quarterly dividend, and analysts have issued a ""Moderate Buy"" rating with a consensus price target of $160.74.",https://www.marketbeat.com/instant-alerts/filing-vise-technologies-inc-takes-position-in-western-digital-corporation-wdc-2025-11-17/,MarketBeat,MarketBeat,20251118T145155,,0.181114,Somewhat-Bullish,0.607927,0.134118,Neutral
NVDA,"Thoroughbred Financial Services LLC Has $666,000 Holdings in Texas Instruments Incorporated $TXN","Thoroughbred Financial Services LLC reduced its stake in Texas Instruments (TXN) by 42.7% to $666,000 in Q2. Texas Instruments reported Q3 EPS of $1.48, revenue of $4.74 billion, raised its quarterly dividend to $1.42, and has a consensus ""Hold"" rating with a $191.67 price target. Other institutional investors adjusted their holdings in TXN as well, and company insiders also conducted stock sales.",https://www.marketbeat.com/instant-alerts/filing-thoroughbred-financial-services-llc-has-666000-holdings-in-texas-instruments-incorporated-txn-2025-11-17/,MarketBeat,MarketBeat,20251118T145213,,0.114288,Neutral,0.642453,0.128573,Neutral
NVDA,Synopsys (NASDAQ: SNPS) Framework Cuts Bottle-Line Sims from 3-4 Hours to 5 Minutes,"Synopsys (NASDAQ: SNPS) has unveiled an open, GPU-native framework leveraging accelerated physics, NVIDIA Omniverse, Ansys Fluent, and Microsoft Azure to create simulation-driven digital twins for manufacturing. This framework, first deployed by Krones, dramatically reduced CFD simulation runtimes from 3-4 hours to under 5 minutes, enabling near real-time scenario comparison and optimization for factory-floor decision-making. The solution aims to transform manufacturing processes by accelerating insights, reducing waste, and improving collaboration through its OpenUSD interoperability and cloud deployment capabilities.",https://www.stocktitan.net/news/SNPS/synopsys-demonstrates-framework-for-optimizing-manufacturing-1ribql28c3zj.html,Stock Titan,Stock Titan,20251118T150000,,0.386231,Bullish,0.874644,0.424721,Bullish
NVDA,Synopsys unveils real-time manufacturing optimization framework,"Synopsys has introduced a new simulation-driven framework for real-time manufacturing optimization, developed in collaboration with Microsoft and NVIDIA. This framework aims to significantly reduce simulation workloads, improving efficiency for dynamic manufacturing processes. Despite this innovation, Synopsys shares have seen a decline and the company is undergoing restructuring with workforce reductions.",https://www.investing.com/news/company-news/synopsys-unveils-realtime-manufacturing-optimization-framework-93CH-4366032,Investing.com,Investing.com,20251118T150500,,0.218492,Somewhat-Bullish,0.675473,0.343476,Somewhat-Bullish
NVDA,Arista Networks at Wells Fargo’s TMT Summit: AI Drives Growth,"Arista Networks (NYSE:ANET) presented at Wells Fargo's 9th Annual TMT Summit, outlining opportunities and challenges with a strong focus on AI and campus networking driving future growth. The company projects 20% growth for the next fiscal year, aiming for $2.75 billion in AI-related revenue by 2026, while also addressing Q4 guidance concerns due to industry-wide component constraints. Arista highlighted the increasing importance of its ""blue box"" solutions and continued expansion in the AI market with new customer acquisitions.",https://www.investing.com/news/transcripts/arista-networks-at-wells-fargos-tmt-summit-ai-drives-growth-93CH-4366058,Investing.com,Investing.com,20251118T152000,,0.272406,Somewhat-Bullish,0.632599,0.127623,Neutral
NVDA,WealthShield Partners LLC Has $5.37 Million Stock Holdings in Broadcom Inc. $AVGO,"WealthShield Partners LLC increased its stake in Broadcom Inc. by 4.1% in Q2, acquiring an additional 761 shares and bringing its total holdings to 19,481 shares valued at approximately $5.37 million. Broadcom recently beat earnings estimates with an EPS of $1.69 and revenue of $15.95 billion, while analysts maintain a ""Buy"" rating with an average target price of $372.52. Insider transactions show significant selling activity recently, with insiders offloading 664,471 shares valued at around $225.2 million over the past three months.",https://www.marketbeat.com/instant-alerts/filing-wealthshield-partners-llc-has-537-million-stock-holdings-in-broadcom-inc-avgo-2025-11-18/,MarketBeat,MarketBeat,20251118T160609,,0.420803,Bullish,0.603803,0.300586,Somewhat-Bullish
NVDA,"Earnings live: Home Depot, Klarna stocks fall as impending Nvidia earnings rise to the forefront","As the Q3 earnings season winds down, investors are shifting their focus to upcoming major reports, particularly from Nvidia and Walmart. Despite a positive Q3 earnings season overall with a significant jump in EPS for S&P 500 companies, concerns about AI overbuilding and market sentiment may influence Nvidia's stock movement. Other companies like Home Depot and Klarna have already seen stock movements based on their recent earnings reports and forecasts.",https://finance.yahoo.com/news/live/earnings-live-home-depot-klarna-stocks-fall-as-impending-nvidia-earnings-rise-to-the-forefront-214615985.html,Yahoo Finance,Yahoo Finance,20251118T164600,,0.037313,Neutral,0.341157,0.014856,Neutral
NVDA,"Broadcom (AVGO) Stock on November 18, 2025: Price Action, NEC Cloud Deal, Fidelity Lawsuit and What It All Means for Investors","Broadcom (AVGO) stock experienced pressure on November 18, 2025, amidst a broader tech sell-off, trading around $337 per share, down 1.5%. This occurred despite a new cloud partnership with NEC expanding VMware Cloud Foundation adoption, highlighting Broadcom's ecosystem strategy and AI-ready infrastructure. However, a significant legal challenge emerged as Fidelity Technology Group sued Broadcom over access to critical VMware virtualization software, adding to investor caution regarding Broadcom's VMware monetization strategy.",https://ts2.tech/en/broadcom-avgo-stock-on-november-18-2025-price-action-nec-cloud-deal-fidelity-lawsuit-and-what-it-all-means-for-investors/,ts2.tech,ts2.tech,20251118T165113,,-0.135575,Neutral,0.633358,-0.207452,Somewhat-Bearish
NVDA,"Micron Stock Today (Nov 18, 2025): MU Slides ~5.8% as Risk-Off Mood Hits Tech; HBM4 Supply Chatter, Zacks Highlight and Vanguard Stake in Focus","Micron Technology (MU) stock fell by 5.8% on November 18, 2025, due to a broad market selloff impacting tech shares ahead of Nvidia's earnings. Factors contributing to the decline included a ""risk-off"" mood, chatter about Samsung potentially becoming Nvidia's primary HBM4 supplier, and general valuation worries in the tech sector. Despite the short-term dip, analysts maintain a bullish outlook on Micron's long-term prospects due to the AI memory upcycle and firm memory pricing.",https://ts2.tech/en/micron-stock-today-nov-18-2025-mu-slides-5-8-as-risk-off-mood-hits-tech-hbm4-supply-chatter-zacks-highlight-and-vanguard-stake-in-focus/,ts2.tech,ts2.tech,20251118T165832,NULL,-0.0597,Neutral,0.740610,0.113228,Neutral
NVDA,"Oracle Stock Today (ORCL): OpenAI Deal Backlash, AI EHR Breakthrough and Annual Meeting Drive Volatility — November 18, 2025","Oracle (ORCL) stock experienced volatility on November 18, 2025, driven by investor concerns over a repriced $300 billion OpenAI cloud deal and increased AI-related debt. Despite a daily drop, the company announced a significant AI-powered EHR certification and held its annual stockholders' meeting, while analysts recalibrated price targets amid institutional rebalancing. The article highlights that Oracle is still priced for hyper-growth, with a focus on its AI thesis and potential catalysts like its massive AI and cloud backlog.",https://ts2.tech/en/oracle-stock-today-orcl-openai-deal-backlash-ai-ehr-breakthrough-and-annual-meeting-drive-volatility-november-18-2025/,ts2.tech,ts2.tech,20251118T170634,,0.201275,Somewhat-Bullish,0.632597,0.300486,Somewhat-Bullish
NVDA,"Intel Stock Today (INTC) – November 18, 2025: Why Shares Are Sliding After a Huge 2025 Rally","Intel stock (INTC) is down today, November 18, 2025, pulling back after a significant rally earlier in the year. This slide is attributed to broader tech market weakness, skeptical analyst ratings, and investor re-evaluation of Intel's high valuation amidst its AI and foundry turnaround efforts. Despite the dip, institutional investors maintain large stakes, and strategic developments in packaging technology and AI chips suggest long-term potential, though execution risks and persistent foundry losses remain concerns.",https://ts2.tech/en/intel-stock-today-intc-november-18-2025-why-shares-are-sliding-after-a-huge-2025-rally/,ts2.tech,ts2.tech,20251118T172127,,0.129111,Neutral,0.604660,0.064765,Neutral
NVDA,"AMD, ARM, INTC, NVDA: Chip stock prices are falling across the board today. Here's the reason why","Chip stocks, including Nvidia, Intel, AMD, and ARM, are experiencing widespread declines today due to growing fears of an AI bubble ahead of Nvidia's crucial third-quarter earnings report. Investors are taking profits and showing jitters as expectations for Nvidia's revenue are very high, and a miss could signal a broader AI market correction. This investor anxiety is impacting the entire chip sector and other AI-exposed tech companies.",https://www.fastcompany.com/91444183/nvda-intc-arm-amd-chip-stock-price-falling-across-the-board-today-heres-the-reason-why-nvidia-earnings,Fast Company,Fast Company,20251118T172741,,-0.321361,Somewhat-Bearish,1.000000,-0.337981,Somewhat-Bearish
NVDA,"Nvidia, Microsoft invest in Anthropic as maker of Claude chatbot buys $30-billion in Azure capacity","Microsoft and Nvidia are deepening their involvement with AI company Anthropic, with Microsoft partnering for cloud infrastructure and Nvidia investing up to $10 billion. Anthropic, maker of the Claude chatbot, is committing to buy $30 billion in computing capacity from Microsoft's Azure cloud. This move signifies a shift for Microsoft's AI strategy, previously centered on OpenAI.",https://www.theglobeandmail.com/business/technology/article-nvidia-microsoft-invest-in-anthropic-as-maker-of-claude-chatbot-buys/,The Globe and Mail,The Globe and Mail,20251118T175131,,0.238014,Somewhat-Bullish,0.942320,0.341784,Somewhat-Bullish
NVDA,"SPY ETF Daily Update, 11/17/2025","The SPDR S&P 500 ETF Trust (SPY) declined by 0.93% on Monday, influenced by weakness in technology stocks, investor caution ahead of Nvidia's (NVDA) earnings, and uncertainty regarding future Federal Reserve interest rate cuts. Key catalysts for SPY this week include major U.S. economic data, FOMC minutes, and crucial earnings reports from Nvidia and major retailers like Walmart. Despite the recent dip, retail sentiment for SPY is positive, and hedge funds have increased their holdings, with an average price target of $783.85 implying 17.75% upside potential.",https://www.tipranks.com/news/spy-etf-daily-update-11-17-2025,TipRanks,TipRanks,20251118T180639,https://blog.tipranks.com/wp-content/uploads/2025/10/shutterstock_2232603225-750x406.jpg,-0.036309,Neutral,0.866704,-0.131276,Neutral
NVDA,"Final Trades: Netflix, Nvidia, Lockheed Martin and Freeport-McMoRan","The Investment Committee shares their top stock picks to watch for the second half of the year, featuring Netflix, Nvidia, Lockheed Martin, and Freeport-McMoRan. Jenny Harrington also discusses her decision to sell WPP. The article includes various related video clips discussing market rebalancing, AI correction, earnings, and market pullbacks.",https://www.cnbc.com/video/2025/11/18/final-trades-netflix-nvidia-lockheed-martin-and-freeport-mcmoran.html,CNBC,CNBC,20251118T183627,,0.108517,Neutral,0.901848,0.120033,Neutral
NVDA,Announcing Azure Copilot agents and AI infrastructure innovations,"Microsoft Azure announces significant AI infrastructure innovations and the introduction of Azure Copilot agents at Microsoft Ignite 2025. These advancements aim to modernize cloud operations through AI-powered tools, enhanced global infrastructure, and improvements in compute, network, and data services. The focus is on streamlining cloud management, improving resiliency, and enabling customers to innovate faster in the AI era.",https://azure.microsoft.com/en-us/blog/announcing-azure-copilot-agents-and-ai-infrastructure-innovations/,Microsoft Azure,Microsoft Azure,20251118T185147,,0.417639,Bullish,0.604079,0.302630,Somewhat-Bullish
NVDA,Amdocs at Wells Fargo’s TMT Summit: AI and Cloud Drive Growth,"Amdocs presented at Wells Fargo's 9th Annual TMT Summit, emphasizing its strategy to leverage AI and cloud technologies for growth in the telecommunications sector. The company highlighted significant improvements in customer service KPIs through its Amaze platform and strategic partnerships with tech giants. Amdocs is focused on disrupting traditional BPO models with AI-powered solutions, outcome-based pricing, and expanding its global footprint.",https://www.investing.com/news/transcripts/amdocs-at-wells-fargos-tmt-summit-ai-and-cloud-drive-growth-93CH-4366596,Investing.com,Investing.com,20251118T190100,,0.108942,Neutral,0.623289,0.138333,Neutral
NVDA,"Nvidia, Microsoft to invest up to $15B in Anthropic as part of new cloud partnership","Nvidia and Microsoft are set to invest up to $15 billion in AI startup Anthropic as part of a new cloud partnership. Anthropic will lease $30 billion worth of Azure infrastructure, including systems based on Nvidia’s Grace Blackwell and Vera Rubin architectures, to support its large language model development and sales efforts. This collaboration will also make Anthropic's models available across all three major public clouds via Microsoft's Azure Foundry platform.",https://siliconangle.com/2025/11/18/nvidia-microsoft-invest-15b-anthropic-part-new-cloud-partnership/,SiliconANGLE,SiliconANGLE,20251118T192700,,0.350221,Bullish,0.942138,0.486305,Bullish
NVDA,Synopsys Demonstrates Framework for Optimizing Manufacturing Processes with Digital Twins at Microsoft Ignite,"Synopsys, in collaboration with Microsoft Ignite, unveiled a simulation-driven framework for real-time optimization of manufacturing processes using digital twins. This framework, featuring NVIDIA Omniverse libraries, NVIDIA CUDA-X libraries, Microsoft Azure, and accelerated Synopsys physics, significantly shortens simulation workloads and was first adopted by Krones AG for assembly line optimization. It aims to broaden the accessibility of simulation-driven insights and foster intelligent, scalable applications across various industries.",https://investor.synopsys.com/news/news-details/2025/Synopsys-Demonstrates-Framework-for-Optimizing-Manufacturing-Processes-with-Digital-Twins-at-Microsoft-Ignite/default.aspx,Synopsys,Synopsys,20251118T200405,,0.367201,Bullish,0.724129,0.368939,Bullish
NVDA,Nomura Asset Management Co. Ltd. Increases Position in Texas Instruments Incorporated $TXN,"Nomura Asset Management Co. Ltd. significantly increased its stake in Texas Instruments (NASDAQ:TXN) by 53.4% in Q2 2025, now holding 722,448 shares valued at approximately $150 million. The semiconductor company recently reported Q3 EPS of $1.48, revenue of $4.74 billion, and increased its quarterly dividend to $1.42 per share, despite a high payout ratio of 103.84%. Institutional investors own a substantial portion of TXN, while some insiders have recently sold shares.",https://www.marketbeat.com/instant-alerts/filing-nomura-asset-management-co-ltd-increases-position-in-texas-instruments-incorporated-txn-2025-11-17/,MarketBeat,MarketBeat,20251118T202141,,0.169263,Somewhat-Bullish,0.600101,0.140597,Neutral
NVDA,AMD and ARM gaining market share amid Intel supply constraints: analysts,"Advanced Micro Devices Inc (AMD) and Arm Holdings PLC (ARM) continued to gain market share in the third quarter of 2025, outperforming Intel Corp (Intel) in unit growth across desktop, notebook, and server segments, according to Bank of America analysts. Intel's unit growth was constrained by supply limitations, though higher average selling prices helped offset some competitive pressure. Bank of America maintains 'Buy' ratings on AMD and ARM due to their continued growth opportunities, while maintaining an ""Underperform/Perform"" view on Intel.",https://www.proactiveinvestors.co.uk/companies/news/1082748/amd-and-arm-gaining-market-share-amid-intel-supply-constraints-analysts-1082748.html,Proactive Investors,Proactive Investors,20251118T202200,,0.132369,Neutral,0.575433,0.144338,Neutral
NVDA,O’neil buys Venu holding (VENU) shares worth $461k,"Kevin Wayne O’Neil, a ten percent owner of Venu Holding Corp (NASDAQ:VENU), purchased 56,300 shares of common stock for approximately $461,720 on November 18, 2025. This raises his direct ownership to 2,131,505 shares. The purchase follows Venu Holding's Q3 2025 earnings report showing a narrower-than-expected loss and a significant revenue increase, alongside a new $10 million share repurchase program.",https://www.investing.com/news/insider-trading-news/oneil-buys-venu-holding-venu-shares-worth-461k-93CH-4368627,Investing.com,Investing.com,20251118T210854,https://i-invdn-com.investing.com/news/news_six_pile_69x52._800x533_L_1419494215.jpg,0.208991,Somewhat-Bullish,0.605293,0.025802,Neutral
NVDA,Microsoft Stock Price Forecast - MSFT Shares Powers Through $493 As $77.7B Q1 Revenue,"Microsoft's stock (MSFT) is holding strong near $493 after reporting a Q1 revenue surge of $77.7 billion, driven by robust Azure growth of 40% and strong EPS at $4.13. The company is strengthening its dominance in AI and cloud through strategic partnerships and record infrastructure investments, maintaining strong profitability despite significant capital expenditure. Analysts remain overwhelmingly bullish, citing Microsoft's profound AI capabilities and durable software margins.",https://www.tradingnews.com/news/microsoft-stock-price-forecast-msft-shares-powers-through-493-usd,TradingNEWS,TradingNEWS,20251118T210936,,0.514131,Bullish,0.624304,0.413052,Bullish
NVDA,Microsoft and Nvidia to invest up to $15 billion in AI company Anthropic,"Microsoft and Nvidia are set to invest up to $15 billion in AI company Anthropic, a developer of the Claude chatbot and a competitor to OpenAI. Microsoft will invest up to $5 billion, and Nvidia up to $10 billion, with Anthropic committing to purchase $30 billion in cloud computing services from Microsoft. This deal strengthens Anthropic's ties with two major industry players and establishes a deep technological partnership with Nvidia for optimizing AI models and architectures.",https://www.ynetnews.com/tech-and-digital/article/s1ajouql11e,Ynetnews,Ynetnews,20251118T215204,,0.392481,Bullish,1.000000,0.416022,Bullish
NVDA,Western Digital Corp. stock underperforms Tuesday when compared to competitors,"Western Digital Corp. (WDC) stock fell on Tuesday, underperforming both its industry peers and the broader market. Despite this daily dip, the stock has shown positive performance over the past year, though it still trails the S&P 500. Investors will be watching key financial metrics like volume, average day range, and 52-week data to assess future movements.",https://www.msn.com/en-us/money/topstocks/western-digital-corp-stock-underperforms-tuesday-when-compared-to-competitors/ar-AA1QGOhK?ocid=finance-verthp-feeds,MSN,MSN,20251118T215223,,0.065676,Neutral,0.731053,0.226660,Somewhat-Bullish
NVDA,Fortive Corp (FTV) Stock Price Quote Today & Current Price Chart,"This article provides current stock price information and a chart for Fortive Corp (FTV), an American diversified industrial company. It includes detailed trading conditions, key statistics, and a company description, highlighting its segments, listed companies, and stock exchange presence.",https://capital.com/en-eu/markets/shares/fortive-corp-share-price,Capital.com,Capital.com,20251118T220617,,0.164732,Somewhat-Bullish,0.584969,0.143805,Neutral
NVDA,3 Reasons We Love Insulet (PODD),"This article highlights three key reasons to be optimistic about Insulet (PODD): strong constant currency revenue growth, increasing free cash flow margin, and a rising return on invested capital (ROIC). Despite underperforming the S&P 500 recently, these financial indicators suggest a strong underlying business with expanding competitive advantages in the diabetes care market. The company’s innovative Omnipod product line is at the forefront of revolutionizing insulin delivery.",https://finviz.com/news/233491/3-reasons-we-love-insulet-podd,Finviz,Finviz,20251118T230300,,0.252943,Somewhat-Bullish,0.626665,0.348831,Somewhat-Bullish
NVDA,"Tidal Trust I SoFi Agentic AI ETF Price, Quotes and Forecasts | ARCA:AGIQ","This article provides detailed information about the Tidal Trust I SoFi Agentic AI ETF (AGIQ), including its stock price, key statistics, recent news, and holdings. It highlights SoFi's re-entry into the ETF market with this fund, focusing on next-generation AI leaders. The article also includes FAQs regarding purchasing the stock, competitors, forecasts, and dividend information.",https://www.benzinga.com/quote/AGIQ,Benzinga,Benzinga,20251118T233646,,0.271917,Somewhat-Bullish,0.706246,0.333311,Somewhat-Bullish
NVDA,Goldman’s Waldron Says Market Bias Suggests More Downside Coming,"Goldman Sachs Group President John Waldron believes the market is biased towards further declines, cautioning investors to anticipate potential pullbacks. He highlighted that market technicals suggest more downside and expressed that investors should closely monitor the upcoming earnings report from Nvidia Corp. His comments were made during the Bloomberg New Economy Forum in Singapore.",https://www.bloomberg.com/news/articles/2025-11-19/bob-diamond-sees-healthy-correction-not-bear-market-precursor,Bloomberg.com,Bloomberg.com,20251119T002100,,-0.251003,Somewhat-Bearish,0.730564,-0.204875,Somewhat-Bearish
NVDA,"Powering AI Superfactories, NVIDIA and Microsoft Integrate Latest Technologies for Inference, Cybersecurity, Physical AI","NVIDIA and Microsoft are expanding their collaboration to power AI Superfactories, integrating NVIDIA Spectrum-X Ethernet switches and Blackwell platform into Microsoft's Fairwater AI superfactory. This partnership includes new integrations across Microsoft 365 Copilot, Azure VMs with NVIDIA RTX PRO 6000 Blackwell Server Edition GPUs, and NVIDIA Nemotron integrations for Microsoft SQL Server 2025, alongside optimizations for inference, cybersecurity, and physical AI. The collaboration aims to maximize AI data center performance and efficiency, accelerating various AI workloads and leading to significant cost savings for customers.",https://blogs.nvidia.com/blog/nvidia-microsoft-ai-superfactories/,NVIDIA Blog,NVIDIA Blog,20251119T003621,,0.408163,Bullish,1.000000,0.425788,Bullish
NVDA,T. ROWE PRICE EXPERTS SHARE 2026 OUTLOOK FOR GLOBAL FINANCIAL MARKETS,"T. Rowe Price experts presented their 2026 global financial market outlook, highlighting the AI boom, monetary and fiscal stimuli, and Europe's expansionary phase as drivers for favorable market conditions despite concerns about inflation and high valuations. They discussed economic bifurcation in the U.S. due to AI versus interest-rate sensitive sectors, evolving AI market leadership, and selective opportunities in fixed income and international equities. The outlook suggests a positive, yet nuanced, investment landscape for the coming year.",https://news.futunn.com/en/post/65158092/t-rowe-price-experts-share-2026-outlook-for-global-financial,富途牛牛,富途牛牛,20251119T010000,,0.336898,Somewhat-Bullish,0.888516,0.444379,Bullish
NVDA,It's Down 47% But Canaan Inc. (NASDAQ:CAN) Could Be Riskier Than It Looks,"Canaan Inc. shares have fallen 47% in the last month and are down 44% over the past year. Despite its current price-to-sales ratio being similar to the industry average, the company's strong forecasted revenue growth of 70% suggests it might be undervalued, though investor skepticism could be keeping the P/S flat. The article highlights that while the risk of a price drop seems subdued given its growth prospects, some uncertainty in revenue forecasts might be contributing to its consistent P/S ratio within the industry.",https://simplywall.st/stocks/us/tech/nasdaq-can/canaan/news/its-down-47-but-canaan-inc-nasdaqcan-could-be-riskier-than-i,Simply Wall Street,Simply Wall Street,20251119T010656,,0.023064,Neutral,0.633103,0.117026,Neutral
NVDA,Insider Selling: Broadcom (NASDAQ:AVGO) Director Sells 800 Shares of Stock,"Broadcom (NASDAQ:AVGO) Director Justine Page sold 800 shares of the company's stock on November 14th for $264,912, reducing her stake by 3.61%. This transaction follows similar sales in October and September, indicating a recent pattern of insider selling. The article also provides details on Broadcom's recent trading performance, financial metrics, dividend announcements, analyst ratings, and institutional ownership.",https://www.marketbeat.com/instant-alerts/insider-selling-broadcom-nasdaqavgo-director-sells-800-shares-of-stock-2025-11-18/,MarketBeat,MarketBeat,20251119T012121,,-0.066863,Neutral,0.613634,0.149269,Neutral
NVDA,"Intel CEO reportedly delivers speech in Chinese, underscoring importance of China’s massive market","Intel CEO Lip-Bu Tan delivered a speech in Chinese at an industry conference, signaling Intel's strong commitment to the Chinese market, which aligns with similar efforts by other US tech giants like Nvidia's Jensen Huang and Apple's Tim Cook. This move highlights the strategic importance of China's massive market for global semiconductor companies looking to capitalize on significant investments in smart manufacturing and AI. Intel's financial performance also showed a strong third quarter in 2025, with increased revenue and net income.",https://www.globaltimes.cn/page/202511/1348579.shtml,Global Times,Global Times,20251119T024600,,0.199558,Somewhat-Bullish,0.705067,0.217361,Somewhat-Bullish
NVDA,"Zacks.com featured highlights include NVIDIA, Alphabet and JPMorgan Chase","Zacks.com highlights NVIDIA, Alphabet, and JPMorgan Chase as top stock picks due to their strong earnings growth. The article emphasizes the importance of earnings growth and analyst estimates in investment decisions, identifying these three companies as poised for significant moves. It also promotes Zacks' Research Wizard tool for investors.",https://sg.finance.yahoo.com/news/zacks-com-featured-highlights-nvidia-075700168.html,Yahoo Finance Singapore,Yahoo Finance Singapore,20251119T025700,,0.462493,Bullish,0.911602,0.528897,Bullish
NVDA,Morningstar Investment Management LLC Reduces Broadcom Inc. Stake,"Morningstar Investment Management LLC, managed by Sara Kasun-Fretz, has significantly reduced its stake in Broadcom Inc. by selling 30,890 shares. TipRanks' AI Analyst, Spark, rates AVGO as ""Outperform"" due to strong financial performance and its focus on AI, despite potential overbought conditions and a high P/E ratio. Broadcom has shown a YTD price performance of 48.85% and has a current market cap of $1617.2 billion.",https://www.tipranks.com/news/company-announcements/morningstar-investment-management-llc-reduces-broadcom-inc-stake,TipRanks,TipRanks,20251119T032045,,-0.077236,Neutral,0.639055,0.146075,Neutral
NVDA,Advanced Biomed Inc. Delays Quarterly Report Filing,"Advanced Biomed Inc. (ADVB) has announced a delay in filing its Form 10-Q for the financial period ending September 30, 2025, due to an incomplete review of financial statements. The company expects to file within the five-day extension period and anticipates no significant changes in financial results compared to the previous year. CEO Yi Lu signed the notification, confirming the company's commitment to compliance.",https://www.tipranks.com/news/company-announcements/advanced-biomed-inc-delays-quarterly-report-filing,TipRanks,TipRanks,20251119T035231,,0.131235,Neutral,0.627853,0.222150,Somewhat-Bullish
NVDA,"CTS Corp earnings missed by $0.01, revenue topped estimates","CTS Corp (NYSE: CTS) reported third-quarter EPS of $0.60, missing analyst estimates by $0.01, but its revenue of $142.97M topped the consensus estimate of $136.4M. The company's stock price closed at $42.44, showing a 10.41% increase in the last three months but an 18.40% decrease over the past 12 months. InvestingPro notes CTS Corp's financial health as ""good performance.""",https://www.investing.com/news/earnings/cts-corp-earnings-missed-by-001-revenue-topped-estimates-4313777,Investing.com,Investing.com,20251119T050930,https://i-invdn-com.investing.com/news/international_newspapers_69x52._800x533_L_1419494241.jpg,0.272873,Somewhat-Bullish,0.566968,0.313236,Somewhat-Bullish
NVDA,Morningstar Investment Boosts Stake in Nvidia Corporation,"Morningstar Investment Management LLC, managed by Sara Kasun-Fretz, significantly increased its stake in Nvidia Corporation by 233,989 shares. TipRanks' AI Analyst, Spark, rates NVDA as ""Outperform"" due to its strong financial performance, positive earnings, and robust growth in AI and data center segments. The article also notes Nvidia's YTD price performance and market capitalization.",https://www.tipranks.com/news/company-announcements/morningstar-investment-boosts-stake-in-nvidia-corporation,TipRanks,TipRanks,20251119T055128,,0.031454,Neutral,0.306245,0.008300,Neutral
NVDA,"NVIDIA Corporation (NASDAQ:NVDA) Given Consensus Rating of ""Buy"" by Brokerages","NVIDIA Corporation (NASDAQ:NVDA) has received a consensus ""Buy"" rating from 49 brokerages, with an average 12-month target price of $240.49. Despite significant insider selling over the past three months, the company reported strong quarterly revenue of $46.74 billion, up 55.6% year-over-year, and an EPS of $1.05, beating consensus estimates. The stock currently trades with a market cap of $4.41 trillion and a P/E ratio of 51.67.",https://www.marketbeat.com/instant-alerts/nvidia-corporation-nasdaqnvda-given-consensus-rating-of-buy-by-brokerages-2025-11-19/,MarketBeat,MarketBeat,20251119T055146,,0.476772,Bullish,1.000000,0.487257,Bullish
NVDA,Lowe's (NYSE:LOW) Posts Q3 CY2025 Sales In Line With Estimates,"Lowe's (NYSE:LOW) reported Q3 CY2025 sales of $20.81 billion, meeting Wall Street estimates with 3.2% year-on-year growth, and an adjusted EPS of $3.06, beating analysts' consensus. The company raised its full-year revenue guidance to $86 billion but lowered its full-year Adjusted EPS guidance to $12.25. While same-store sales were flat, and the operating margin was in line with the previous year, the company's free cash flow margin decreased significantly.",https://finviz.com/news/233687/lowes-nyse-low-posts-q3-cy2025-sales-in-line-with-estimates,Finviz,Finviz,20251119T063100,,0.245727,Somewhat-Bullish,0.629676,0.338846,Somewhat-Bullish
NVDA,"If You'd Invested $1,000 in the Invesco QQQ Trust ETF 5 Years Ago, Here's How Much You'd Have Today","The Invesco QQQ Trust ETF has significantly outperformed the S&P 500 over the past five years, driven by its concentration in leading technology companies like Nvidia, Apple, and Microsoft. An initial investment of $1,000 five years ago would more than double today, making QQQ an appealing option for investors seeking exposure to AI and tech growth.",https://www.fool.com/investing/2025/11/19/you-invest-1000-invesco-qqq-trust-etf-5-years/,The Motley Fool,The Motley Fool,20251119T071000,https://g.foolcdn.com/image/?url=https%3A%2F%2Fg.foolcdn.com%2Feditorial%2Fimages%2F842908%2Frising-green-arrow-above-bar-chart-rising.jpg&w=3840&op=resize,0.503964,Bullish,0.866518,0.516147,Bullish
NVDA,"Rothschild & Co Redburn Downgrades Microsoft Corporation (MSFT) to Hold, Lowers PT","Rothschild & Co Redburn downgraded Microsoft Corporation (MSFT) from Buy to Hold and reduced its price target from $560 to $500, citing weaker-than-anticipated hyperscaler economies and high valuations. Mizuho Securities also downgraded MSFT to Hold. Despite these downgrades, Microsoft reported strong fiscal Q1 2026 results, exceeding revenue and EPS estimates driven by growth in Microsoft Cloud revenue.",https://finviz.com/news/233624/rothschild-co-redburn-downgrades-microsoft-corporation-msft-to-hold-lowers-pt,Finviz,Finviz,20251119T071100,,-0.223035,Somewhat-Bearish,0.661901,-0.102808,Neutral
NVDA,NVIDIA Corporation (NVDA) Announces Strategic Partnership With Microsoft and Anthropic,"NVIDIA Corporation announced a strategic partnership with Microsoft and Anthropic, aiming to enhance Anthropic's AI model, Claude, by scaling it on Azure cloud and leveraging NVIDIA's technology. This collaboration also involves a deep technology partnership for model and hardware design, and significant investments from NVIDIA and Microsoft into Anthropic. Analysts reiterate Buy ratings on NVIDIA, anticipating strong Q3 2025 results and optimistic Q4 guidance driven by the Blackwell platform.",https://www.insidermonkey.com/blog/nvidia-corporation-nvda-announces-strategic-partnership-with-microsoft-and-anthropic-1647910/,Insider Monkey,Insider Monkey,20251119T071100,,0.447093,Bullish,1.000000,0.499828,Bullish
NVDA,NVIDIA Announces Financial Results for Third Quarter Fiscal 2026,"NVIDIA reported record revenue of $57.0 billion for the third quarter of fiscal 2026, driven by strong growth in Data Center revenue, which reached $51.2 billion. The company's CEO, Jensen Huang, highlighted the ""virtuous cycle of AI"" as a key factor in accelerated compute demand. NVIDIA also provided an optimistic outlook for the fourth quarter and detailed significant partnerships and technological advancements across its various segments.",https://nvidianews.nvidia.com/news/nvidia-announces-financial-results-for-third-quarter-fiscal-2026,NVIDIA Newsroom,NVIDIA Newsroom,20251119T073618,,0.510273,Bullish,1.000000,0.943718,Bullish
NVDA,"Nvidia, Netflix, Lockheed Martin And A Basic Materials Stock On CNBC's 'Final Trades'","Experts on CNBC's 'Final Trades' highlighted stock picks including Netflix due to its planned stock split, Nvidia ahead of its earnings report, Lockheed Martin for its F-35 strength and strong earnings, and Freeport-McMoRan following its production restoration announcement. The article details the reasoning behind each stock selection and their recent price performance.",https://www.benzinga.com/trading-ideas/long-ideas/25/11/48946357/nvidia-netflix-lockheed-martin-and-a-basic-materials-stock-on-cnbcs-final-trades,Benzinga,Benzinga,20251119T075200,,0.277316,Somewhat-Bullish,0.833435,-0.120992,Neutral
NVDA,Broadcom Inc. $AVGO Stake Trimmed by Alberta Investment Management Corp,"Alberta Investment Management Corp significantly reduced its stake in Broadcom Inc. by 49.6% in the second quarter, selling 52,249 shares. Despite this, Broadcom reported strong quarterly earnings, beating analyst estimates, and maintains a ""Buy"" consensus rating from analysts with an average target price of $372.52. Institutional ownership remains high at approximately 76.43%, even as some insiders have been net sellers.",https://www.marketbeat.com/instant-alerts/filing-broadcom-inc-avgo-stake-trimmed-by-alberta-investment-management-corp-2025-11-19/,MarketBeat,MarketBeat,20251119T080902,,0.214218,Somewhat-Bullish,0.623432,0.121985,Neutral
NVDA,"Alteri Wealth LLC Acquires 3,594 Shares of Western Digital Corporation $WDC","Alteri Wealth LLC significantly increased its stake in Western Digital Corporation by 48.1%, acquiring 3,594 additional shares. This comes amidst other institutional buying, while company insiders, including CEO Irving Tan, sold a substantial number of shares. Western Digital also increased its quarterly dividend and has received predominantly ""buy"" ratings from analysts with an average price target of $160.74.",https://www.marketbeat.com/instant-alerts/filing-alteri-wealth-llc-acquires-3594-shares-of-western-digital-corporation-wdc-2025-11-19/,MarketBeat,MarketBeat,20251119T080912,,0.276234,Somewhat-Bullish,0.633193,0.146562,Neutral
NVDA,Avion Wealth Increases Holdings in NVIDIA Corporation $NVDA,"Avion Wealth significantly increased its stake in NVIDIA Corporation by 39.4% in the second quarter, bringing its total holdings to 9,863 shares valued at $1,558,000. Several other institutional investors also adjusted their positions in NVIDIA. The article also details NVIDIA's stock performance, recent earnings, dividend announcement, and analyst ratings, indicating a generally positive outlook with an average ""Buy"" rating.",https://www.marketbeat.com/instant-alerts/filing-avion-wealth-increases-holdings-in-nvidia-corporation-nvda-2025-11-19/,MarketBeat,MarketBeat,20251119T083225,,0.442185,Bullish,1.000000,0.438726,Bullish
NVDA,Advanced Micro Devices (NASDAQ: AMD) Price Prediction and Forecast 2025-2030 (November 2025),"This article provides a detailed price prediction and forecast for Advanced Micro Devices (NASDAQ: AMD) from 2025 to 2030, highlighting key drivers such as the ZT Systems acquisition, MI300 GPU, and data center growth. It discusses AMD's competitive strategy against Nvidia and Intel, as well as potential headwinds like geopolitical tensions and export restrictions. The analysis includes financial performance, analyst ratings, and projected EPS and stock prices.",https://247wallst.com/forecasts/2025/11/19/advanced-micro-devices-inc-amd-price-prediction-and-forecast/,24/7 Wall St.,24/7 Wall St.,20251119T085038,,0.175036,Somewhat-Bullish,0.854272,0.067631,Neutral
NVDA,Fostering Connection Across Latin America With Cisco Networking Academy,"Cisco Networking Academy is expanding digital opportunities across Latin America through partnerships and innovative education programs. A hybrid Latin American Partner Conference connected over 150 partners, showcasing the academy's impact, including launching AI education in Costa Rica and training thousands in cybersecurity in Peru and Mexico. The initiative emphasizes preparing the workforce for an AI-driven world and fostering collaboration between academia and industry.",https://www.streetinsider.com/ACCESS+Newswire/Fostering+Connection+Across+Latin+America+With+Cisco+Networking+Academy/25635627.html,StreetInsider,StreetInsider,20251119T085500,,0.14029,Neutral,0.604703,0.235046,Somewhat-Bullish
NVDA,Stock Of The Day: Is Mastercard About To Rally?,"Mastercard (MA) is identified as the ""Stock of the Day"" due to its current technical market conditions. The stock is oversold according to the Relative Strength Index (RSI) and is trading at a support level, indicating a potential rally based on the principle of reversion to the mean. This combination of factors suggests that buyers may enter the market, pushing Mastercard's price higher.",https://www.sahmcapital.com/news/content/stock-of-the-day-is-mastercard-about-to-rally-2025-11-19,Sahm,Sahm,20251119T090841,https://editorial-assets.benzinga.com/wp-content/uploads/2025/11/19092826/ma-1024x599.png,0.104868,Neutral,0.678428,0.135434,Neutral
NVDA,Why Brewing Fears Of An AI Bubble Might Raise The Profile Of ProShares Nasdaq-100 High Income ETF,"As fears of an AI bubble grow, exemplified by Peter Thiel divesting from Nvidia and Tesla, some experts suggest that the demand for AI is robust but straining physical infrastructure. This environment of expected crashes and institutional hedging benefits income-generating funds, particularly those writing derivative contracts. The ProShares Nasdaq-100 High Income ETF (IQQQ) offers an intriguing solution by utilizing daily call-writing activity via total return swaps, aiming to provide high income and potential long-term returns while adapting to market volatility more flexibly than traditional monthly strategies.",https://www.inkl.com/news/why-brewing-fears-of-an-ai-bubble-might-raise-the-profile-of-proshares-nasdaq-100-high-income-etf,inkl,inkl,20251119T090912,https://cdn.benzinga.com/files/images/story/2025/11/18/Ai-The-Concept-Of-Controlling-Technology.jpeg?auto=jpg&dpr=1&fit=crop&height=480&optimize=medium&width=720,0.134852,Neutral,0.744949,0.147731,Neutral
NVDA,Super Micro (SMCI) Stock Rises 3% on Nvidia AI Factory Partnership,"Super Micro Computer (SMCI) stock rose 3% following the announcement of new AI factory systems built with Nvidia’s Blackwell GPUs, designed to simplify AI deployment for businesses. These turnkey solutions offer scalable configurations from 32 to 256 GPUs, pre-integrated and tested for immediate use, targeting enterprises beyond large tech firms. Wall Street analysts maintain a ""Hold"" rating on SMCI, with an average price target indicating a 34% upside potential.",https://coincentral.com/super-micro-smci-stock-rises-3-on-nvidia-ai-factory-partnership/,CoinCentral,CoinCentral,20251119T093731,,0.413113,Bullish,0.812081,0.416633,Bullish
NVDA,BlackRock’s $185 billion models lift stock bets as tech unravels,"BlackRock Inc. is increasing its exposure to US equities across its $185 billion model-portfolio platform, raising its overweight positioning to 3%. This move comes as the stock market shows signs of buckling under the weight of AI valuations and shifting interest rate expectations. The asset manager is also adjusting its factor-level tilts, favoring value and momentum equities over growth-oriented shares, and has added the iShares Systematic Bond ETF to its fixed income models.",https://www.detroitnews.com/story/business/2025/11/19/blackrocks-185-billion-models-lift-stock-bets-as-tech-unravels/87351520007/,The Detroit News,The Detroit News,20251119T095300,https://www.detroitnews.com/gcdn/authoring/authoring-images/2025/11/19/PDTN/87351481007-blackrockbg-66-igplemozeefp-2-rwcvtmemwn-4.jpg?width=660&height=441&fit=crop&format=pjpg&auto=webp,0.229978,Somewhat-Bullish,0.629920,0.112919,Neutral
NVDA,NVIDIA Corporation $NVDA is Moser Wealth Advisors LLC's 3rd Largest Position,"Moser Wealth Advisors LLC has reported that NVIDIA Corporation ($NVDA) is its 3rd largest position, despite trimming its stake by 4.4%. The company continues to see significant insider selling, yet reported strong quarterly results and holds a consensus ""Buy"" rating from analysts.",https://www.marketbeat.com/instant-alerts/filing-nvidia-corporation-nvda-is-moser-wealth-advisors-llcs-3rd-largest-position-2025-11-19/,MarketBeat,MarketBeat,20251119T101713,,0.463618,Bullish,1.000000,0.455483,Bullish
NVDA,Alphabet (GOOGL) Stock Climbs 5% to All-Time High as Tech Rally Accelerates,"Alphabet (GOOGL) stock surged 5% to an all-time high of $300, driven by strong momentum in its ad tech and cloud services. The rally reflects renewed investor confidence in Google's AI initiatives and ad products, despite ongoing regulatory scrutiny and competition. Alphabet's Class A shares have gained approximately 68% over the past year.",https://finance.yahoo.com/news/alphabet-googl-stock-climbs-5-152441983.html,Yahoo Finance,Yahoo Finance,20251119T102400,,0.31853,Somewhat-Bullish,0.630293,0.115572,Neutral
NVDA,We Wouldn't Be Too Quick To Buy Microchip Technology Incorporated (NASDAQ:MCHP) Before It Goes Ex-Dividend,"This article cautions investors about buying Microchip Technology (NASDAQ:MCHP) solely for its upcoming dividend, as the company reported a loss last year and its dividend is not well covered by earnings or cash flow. The company's cash payout ratio was 137% last year, indicating it paid out more cash than it generated. While the dividend has grown by 9.8% annually over the last decade, the current financial health suggests risks to its sustainability.",https://simplywall.st/stocks/us/semiconductors/nasdaq-mchp/microchip-technology/news/we-wouldnt-be-too-quick-to-buy-microchip-technology-incorpor,Simply Wall Street,Simply Wall Street,20251119T103624,,-0.083652,Neutral,0.610994,0.124247,Neutral
NVDA,"Galecto, Inc. Reports Strategic Shift and Financial Results","Galecto, Inc. has announced its Q3 earnings, revealing a strategic pivot towards developing oncology and severe liver disease product candidates, GB3226 and GB1211. The company reported a net loss of $3.1 million for the quarter and $9.1 million for the nine months ending September 30, 2025, with cash and cash equivalents significantly reduced. Despite financial challenges and the need for additional funding, Galecto plans to submit an investigational new drug application for GB3226 to the FDA, focusing on securing capital for its R&D efforts.",https://www.tipranks.com/news/company-announcements/galecto-inc-reports-strategic-shift-and-financial-results,TipRanks,TipRanks,20251119T103700,,-0.125632,Neutral,0.591705,-0.128388,Neutral
NVDA,Nvidia reports earnings and one question towers: Is the AI boom real?,"Nvidia's upcoming earnings report is seen as a key indicator of the artificial intelligence boom's sustainability, particularly given recent wobbles in the stock market driven by tech companies. While Nvidia has fueled record stock market gains and massive data center builds, investors are increasingly scrutinizing its sales growth pace and the potential for a ""circular dealing"" bubble among AI's biggest players, leading to caution about future market performance. Despite some skepticism, experts remain cautiously optimistic about the ongoing investment boom and the resilience of the U.S. economy.",https://www.nbcnews.com/business/business-news/nvidia-reports-earnings-one-question-towers-ai-boom-real-rcna244787,NBC News,NBC News,20251119T104400,,0.069554,Neutral,1.000000,0.105944,Neutral
NVDA,Western Digital Corporation $WDC Shares Bought by PNC Financial Services Group Inc.,"PNC Financial Services Group Inc. significantly increased its stake in Western Digital Corporation in Q2. Several other institutional investors also added or initiated large positions, bringing institutional ownership to approximately 92.51%. Western Digital also raised its quarterly dividend and received positive analyst ratings with a consensus ""Moderate Buy.""",https://www.marketbeat.com/instant-alerts/filing-western-digital-corporation-wdc-shares-bought-by-pnc-financial-services-group-inc-2025-11-18/,MarketBeat,MarketBeat,20251119T105237,,0.229406,Somewhat-Bullish,0.577509,-0.110821,Neutral
NVDA,SG Americas Securities LLC Increases Stock Position in Deere & Company $DE,"SG Americas Securities LLC significantly increased its stake in Deere & Company (NYSE:DE) by 34.9% in Q2, boosting its holdings to 7,870 shares valued at approximately $4.00 million. The article also details other institutional investor activity, analyst ratings, and the company's recent dividend announcement and stock performance. Deere & Company currently holds a ""Moderate Buy"" consensus rating with an average price target of $520.05.",https://www.marketbeat.com/instant-alerts/filing-sg-americas-securities-llc-increases-stock-position-in-deere-company-de-2025-11-18/,MarketBeat,MarketBeat,20251119T110320,,0.103192,Neutral,0.630293,-0.121595,Neutral
NVDA,"SoundHound AI, Inc Class A (SOUN) Gets a Buy from D.A. Davidson","Gil Luria from D.A. Davidson has reiterated a Buy rating for SoundHound AI, Inc Class A (SOUN) with a $17.00 price target. This comes despite a GAAP net loss of $109.27 million in the latest quarter, compared to a revenue of $42.05 million. Corporate insider sentiment for SOUN is currently negative, with increased selling of shares over the past quarter.",https://www.theglobeandmail.com/investing/markets/stocks/SOUN/pressreleases/35159771/soundhound-ai-inc-class-a-soun-gets-a-buy-from-da-davidson/,The Globe and Mail,The Globe and Mail,20251119T110845,NULL,0.282788,Somewhat-Bullish,0.624474,0.384679,Bullish
NVDA,Nvidia Earnings Will Make or Break the Stock Market,"Nvidia's upcoming earnings report is highly anticipated, with the AI trade heavily dependent on its spending outlook, despite CEO Jensen Huang's bullish comments on $500 billion in chip orders for 2026. Analysts expect EPS of $1.25 on $54.9 billion in sales, but skepticism remains about AI demand and broader tech sector health, especially as some investors have sold their stakes. The report's outcome could significantly impact the entire stock market, given Nvidia's substantial weight in the S&P 500.",https://www.inc.com/phil-rosen/nvidia-earnings-nvda-stock-market-outlook-ai-jensen-huang-preview/91267621,Inc.com,Inc.com,20251119T112135,,-0.148109,Neutral,1.000000,-0.139777,Neutral
NVDA,"New Buy Rating for Advanced Micro Devices (AMD), the Technology Giant","Bank of America Securities maintained a Buy rating on Advanced Micro Devices (AMD) with a $300 price target. This follows AMD's latest earnings release, which reported strong quarterly revenue and net profit growth. Other analysts, including Wells Fargo, also issued Buy ratings, though Seaport Global maintained a Hold.",https://www.theglobeandmail.com/investing/markets/stocks/AMD/pressreleases/35096410/new-buy-rating-for-advanced-micro-devices-amd-the-technology-giant/,The Globe and Mail,The Globe and Mail,20251119T113642,,0.343274,Somewhat-Bullish,0.643957,0.229046,Somewhat-Bullish
NVDA,Sierra Capital LLC Takes $1.80 Million Position in Broadcom Inc. $AVGO,"Sierra Capital LLC has taken a new $1.80 million position in Broadcom Inc. (NASDAQ:AVGO) by purchasing 6,526 shares. This move is part of broader institutional interest in Broadcom, with several other hedge funds significantly increasing their stakes. The article details Broadcom's recent financial performance, dividend announcements, insider transactions, and analyst ratings, indicating a strong positive outlook for the semiconductor manufacturer.",https://www.marketbeat.com/instant-alerts/filing-sierra-capital-llc-takes-180-million-position-in-broadcom-inc-avgo-2025-11-19/,MarketBeat,MarketBeat,20251119T113719,,0.287309,Somewhat-Bullish,0.616463,0.115151,Neutral
NVDA,Cisco Up 35% in a Year: Is There More Room for the Stock to Rise?,"Cisco shares have appreciated 34.6% over the last year, outperforming the sector and peers, driven by an aggressive AI push and growing security dominance. The company's AI infrastructure orders and networking portfolio are expanding, with positive guidance for fiscal 2026. However, despite strong growth prospects, the stock is considered overvalued according to its Value Score and price/sales ratio, leading to a Zacks Rank #3 (Hold) rating.",https://finviz.com/news/234173/cisco-up-35-in-a-year-is-there-more-room-for-the-stock-to-rise,Finviz,Finviz,20251119T115300,,0.223108,Somewhat-Bullish,0.562538,0.336465,Somewhat-Bullish
NVDA,LSV Asset Management Boosts Position in Western Digital Corporation $WDC,"LSV Asset Management increased its stake in Western Digital Corporation by 16.7% in Q2 2025, bringing its holdings to 1,374,100 shares valued at approximately $87.9 million. This move is part of a broader trend of high institutional ownership in WDC, with other major investors also increasing their positions. Analysts maintain a ""Moderate Buy"" consensus rating with an average target price of $160.74, while insider selling activity has also been noted.",https://www.marketbeat.com/instant-alerts/filing-lsv-asset-management-boosts-position-in-western-digital-corporation-wdc-2025-11-18/,MarketBeat,MarketBeat,20251119T115710,,0.31335,Somewhat-Bullish,0.677171,0.347718,Somewhat-Bullish
NVDA,T. Rowe Price experts share 2026 global market outlook,"T. Rowe Price investment experts provided a positive 2026 global market outlook, anticipating favorable conditions driven by AI spending, policy tailwinds, and potential Fed rate cuts, despite concerns about inflation and high valuations. The firm, which is considered undervalued and boasts a strong dividend history, highlighted a bifurcation in the U.S. economy with booming AI sectors contrasting weaker interest rate-sensitive areas. Leaders also discussed the evolving nature of the AI boom, solid issuer balance sheets, and recent strategic corporate adjustments including a new Technology, Data, and Operations unit.",https://www.investing.com/news/company-news/t-rowe-price-experts-share-2026-global-market-outlook-93CH-4368350,Investing.com,Investing.com,20251119T120900,,0.37984,Bullish,0.603195,0.302551,Somewhat-Bullish
NVDA,Should You Buy Into the Vanguard S&P 500 ETF Now? Here's What History Says About Buying at Market Highs,"This article discusses whether investors should buy into the Vanguard S&P 500 ETF despite the market being near record highs. It explores how market highs often precede declines, yet historically, long-term investors in the S&P 500 have always seen gains. The author suggests that timing the market is difficult, and holding the ETF for several years is a sound strategy regardless of current market levels.",https://finance.yahoo.com/news/buy-vanguard-p-500-etf-181500864.html,Yahoo Finance,Yahoo Finance,20251119T121500,https://s.yimg.com/ny/api/res/1.2/PJ0bieE00kaRNNlQCqqc6w--/YXBwaWQ9aGlnaGxhbmRlcjt3PTE4MjtoPTQ4O2NmPXdlYnA-/https://s.yimg.com/os/creatr-uploaded-images/2020-10/515f50a0-0f30-11eb-9ebf-0273aacc9ef0,0.233383,Somewhat-Bullish,0.626123,0.328222,Somewhat-Bullish
NVDA,"Super Micro Computer, Inc. (SMCI) Stock: Boosting AI Adoption with NVIDIA-Integrated AI Factory Clusters","Super Micro Computer, Inc. (SMCI) is expanding its AI solutions with NVIDIA-integrated AI factory clusters, simplifying the deployment of AI infrastructure at scale. These turnkey systems, based on NVIDIA Enterprise Reference Architectures and Blackwell GPUs, aim to accelerate AI adoption across industries. The clusters are preconfigured, tested, and delivered as fully integrated solutions, shortening deployment time, though challenges remain with traditional infrastructure limitations regarding power, cooling, and space.",https://parameter.io/super-micro-computer-inc-smci-stock-boosting-ai-adoption-with-nvidia-integrated-ai-factory-clusters/,Parameter,Parameter,20251119T122248,,0.352346,Bullish,0.870152,0.341918,Somewhat-Bullish
NVDA,Cisco's Q3 Earnings Call: Our Top 5 Analyst Questions,"Cisco's Q3 performance exceeded Wall Street expectations, driven by strong demand for AI infrastructure and networking solutions, with revenue of $14.88 billion and adjusted EPS of $1. The company raised its full-year revenue and EPS guidance. Key analyst questions focused on the diversity and growth of AI orders, growth outside of AI, penetration of Silicon One chips, Splunk's cloud transition, and the multi-year product refresh cycle.",https://finviz.com/news/233459/ciscos-q3-earnings-call-our-top-5-analyst-questions,Finviz,Finviz,20251119T123100,,0.437871,Bullish,0.616252,0.544332,Bullish
NVDA,"Nvidia And Tesla Valuation Look 'Most Irrational', Says Valuation Guru Aswath Damodaran: 'Does Not Hold Up To Scrutiny'","Valuation guru Aswath Damodaran has labeled Nvidia and Tesla as the most irrationally valued companies in the current market, citing implausible expectations for Nvidia and fundamental incoherence for Tesla. He warns that a correction in these ""Magnificent 10"" tech stocks, which account for a significant portion of the S&P 500, would broadly impact the market, but he considers Alphabet and Amazon ""least overvalued.""",https://finance.yahoo.com/news/nvidia-tesla-valuation-look-most-053106578.html,Yahoo Finance,Yahoo Finance,20251119T123100,,-0.250618,Somewhat-Bearish,0.941952,-0.406368,Bearish
NVDA,Larry Ellison and Oracle Won 2025 — But at What Cost?,"Larry Ellison and Oracle had a remarkable 2025, with Oracle's pivot to AI infrastructure making it one of the hottest AI stocks, significantly increasing Ellison's net worth. This strategic shift, including major deals like the TikTok U.S. operations and massive AI infrastructure contracts, comes with substantial financial risk due to high debt and lower-margin businesses. Despite concerns from analysts about the sustainability and profitability of these new ventures, Ellison's competitive drive and a soaring stock price have given him continued autonomy and influence.",https://www.inc.com/bethany-mclean/larry-ellison-and-oracle-won-2025-but-at-what-cost/91263583,Inc.com,Inc.com,20251119T123335,,0.193225,Somewhat-Bullish,0.616138,0.316916,Somewhat-Bullish
NVDA,10 Information Technology Stocks With Whale Alerts In Today's Session,"This article identifies ten Information Technology stocks that showed ""whale alerts"" (unusual options activity) during a recent trading session. It details specific options trades for companies like NVIDIA, Marvell Technology, Apple, and AMD, including whether the sentiment was bullish, bearish, or neutral, along with expiration dates, strike prices, and trade volumes. The piece explains how these whale alerts can signal potential trading opportunities for investors by highlighting discrepancies between market estimation and normal option worth.",https://www.benzinga.com/insights/options/25/11/48956447/10-information-technology-stocks-with-whale-alerts-in-todays-session,Benzinga,Benzinga,20251119T123500,,-0.40896,Bearish,0.924034,-0.398149,Bearish
NVDA,"TTM Technologies (TTMI) Stock Is Up, What You Need To Know","Shares of TTM Technologies (NASDAQ:TTMI) jumped 2% after the company announced accelerating financial performance and strong growth metrics, including a 63.4% increase in quarterly EPS. Despite a subsequent cool-down to $64.48, the stock is up 162% since the beginning of the year, trading near its 52-week high. The article also notes recent market volatility and a ""market rotation"" away from high-flying tech stocks, alongside cautious sentiment due to the end of a government shutdown potentially releasing impactful economic reports.",https://finviz.com/news/234185/ttm-technologies-ttmi-stock-is-up-what-you-need-to-know,Finviz,Finviz,20251119T124600,https://news-assets.stockstory.org/cover-images/_1400x700_crop_center-center_none/ttm-technologies-cover-image-b9c2fdf3727c_2025-03-11-220840_iiff.jpeg,0.080839,Neutral,0.623913,-0.134215,Neutral
NVDA,"Seagate Technology (STX) Stock Trades Up, Here Is Why","Seagate Technology (STX) shares rose due to strong fundamental momentum and its crucial role in the artificial intelligence industry, particularly its ability to meet the massive storage needs of the AI sector with large-scale, AI-capable hard drives for data centers. The company reported a significant 196% year-over-year rise in earnings per share and a 32% increase in revenue. This positive movement occurred despite broader market concerns about AI valuations and impending Federal Reserve decisions.",https://finviz.com/news/234188/seagate-technology-stx-stock-trades-up-here-is-why,Finviz,Finviz,20251119T124600,,0.249464,Somewhat-Bullish,0.638995,0.117841,Neutral
NVDA,2 Semiconductor Stocks Worth Your Attention and 1 We Find Risky,"This article evaluates three semiconductor stocks, recommending two for their growth potential and identifying one as risky. Advanced Micro Devices (AMD) and Qualcomm (QCOM) are highlighted for strong revenue growth and market share gains, while NXP Semiconductors (NXPI) is deemed less exciting due to declining revenue and free cash flow margin. The analysis emphasizes the industry's outperformance, driven by AI workloads, and advises careful investor consideration.",https://finviz.com/news/234645/2-semiconductor-stocks-worth-your-attention-and-1-we-find-risky,Finviz,Finviz,20251119T130900,,0.231679,Somewhat-Bullish,0.608380,0.330253,Somewhat-Bullish
NVDA,Should You Buy Into the Vanguard S&P 500 ETF Now? Here's What History Says About Buying at Market Highs,"The article discusses whether it's a good time to invest in the Vanguard S&P 500 ETF (VOO) given the current market highs. It highlights that while historical trends show declines after market peaks, long-term investors in the S&P 500 have consistently seen returns. The author concludes that for those willing to hold for several years, investing in the VOO at any time, even at market highs, is likely to be a winning strategy.",https://www.fool.com/investing/2025/11/19/should-you-buy-vanguard-sp-500-etf-history-says/,The Motley Fool,The Motley Fool,20251119T131500,https://g.foolcdn.com/image/?url=https%3A%2F%2Fg.foolcdn.com%2Feditorial%2Fimages%2F842325%2Fgettyimages-1316445673.jpg&w=3840&op=resize,0.317325,Somewhat-Bullish,0.717356,0.306892,Somewhat-Bullish
NVDA,Healthcare Rotation Underway: 3 Stocks Leading the Charge,"As tech stocks become more volatile, investors are shifting focus to the healthcare sector, which is experiencing its largest quarterly inflows since Q1 2021. Eli Lilly, Merck, and AbbVie are highlighted as key players benefiting from this rotation due to strong fundamentals, attractive valuations, and diverse product pipelines, including impactful GLP-1 drugs and oncology treatments. This rotation suggests a potentially prolonged rally for healthcare as investors seek stability and value.",https://www.marketbeat.com/originals/healthcare-rotation-underway-3-stocks-leading-the-charge/,MarketBeat,MarketBeat,20251119T132125,,-0.147355,Neutral,0.625925,-0.108353,Neutral
NVDA,Overseas ETF Investments by Korean Retail Investors Reach All-Time High of US$15.85 Billion in October,"Korean retail investors' overseas ETF investments hit an all-time high of US$15.85 billion in October 2025, surpassing the previous record from November 2024. A significant portion of these investments, 19 out of the top 50, were in U.S.-listed ETFs, with the Invesco QQQ Trust Series 1 ETF being the largest single purchase. Upcoming regulatory changes in Korea will require mandatory pre-investment education for individual investors trading overseas-listed derivatives, leveraged ETFs, or ETNs.",https://etfgi.com/news/press-releases/2025/11/overseas-etf-investments-korean-retail-investors-reach-all-time-high,ETFGI,ETFGI,20251119T145745,https://etfgi.com/sites/default/files/styles/logo_large/public/2025-11/korea_pr_oct_2025_image.png?itok=A8QQw9gr,0.367649,Bullish,0.820284,0.373104,Bullish
NVDA,"Watch Skepticism Is Good News for Tech Stocks, Morgan Stanley's Slimmon Argues","Andrew Slimmon, senior portfolio manager at Morgan Stanley, argues that the current skepticism surrounding the tech revolution is beneficial for tech stocks as it keeps valuations in check and prevents an excessive bubble. He suggests that while it's a late-cycle period for the market, the strong demand for tech products indicates an early cycle for the industry. Slimmon also discusses other investment opportunities like banks, which he believes offer good prospects due to increased capital and deregulation.",https://www.bloomberg.com/news/videos/2025-11-19/morgan-stanley-s-slimmon-skepticism-good-news-for-tech-video,Bloomberg.com,Bloomberg.com,20251119T150100,,0.278896,Somewhat-Bullish,0.846156,0.319064,Somewhat-Bullish
NVDA,Super Micro Computer (SMCI) Stock Jumps on Nvidia AI Factory Systems,"Super Micro Computer (SMCI) stock jumped 3% after launching new AI factory systems built with Nvidia Blackwell technology, offering complete, pre-configured packages with 32-256 GPUs for enterprises. These systems are designed for immediate AI model training and inference, strengthening Nvidia's AI infrastructure ecosystem and suggesting a 34% upside potential for SMCI shares.",https://parameter.io/super-micro-computer-smci-stock-jumps-on-nvidia-ai-factory-systems/,Parameter,Parameter,20251119T151853,,0.337368,Somewhat-Bullish,0.892968,0.318777,Somewhat-Bullish
NVDA,World's biggest company Nvidia stuns Wall Street as it gives biggest clue yet to state of US economy,"Nvidia, the world's largest company, reported blockbuster quarterly sales of $57 billion, exceeding analyst expectations and causing its share price to jump. This strong performance by the chipmaker, which is a key driver of the AI boom, is seen as a significant positive indicator for the broader US economy and investor confidence. While Nvidia's success boosts market sentiment, concerns remain about the market's heavy reliance on a few AI-focused tech giants and potential volatility.",https://www.dailymail.co.uk/yourmoney/article-15307479/nvidia-sales-boost-economy.html,Daily Mail,Daily Mail,20251119T162100,,0.18739,Somewhat-Bullish,1.000000,0.427345,Bullish
NVDA,Alphabet stock surges on Gemini 3 AI model optimism,"Alphabet's stock surged 3% following the debut of Google's new Gemini 3 AI model, which investors and analysts consider a significant improvement and a strong competitor in the AI space. Analysts at D.A. Davidson and Bank of America Securities praised Gemini 3's capabilities, with some calling it ""the current state-of-the-art"" and a positive step for Google in closing any perceived performance gap with rivals like OpenAI and Anthropic. The market optimism is also partly attributed to Warren Buffett's Berkshire Hathaway recently disclosing a new stake in the company.",https://www.cnbc.com/2025/11/19/alphabet-stock-gemini-3-ai.html,CNBC,CNBC,20251119T162700,,0.551256,Bullish,0.584135,0.319481,Somewhat-Bullish
NVDA,Nvidia’s Profit Jumps 65% to $31.9 Billion. Is It Enough for Wall Street?,"Nvidia reported a significant profit jump of 65% to $31.9 billion and revenue of $57 billion, exceeding Wall Street expectations, driven by strong demand for its AI chips. The company, which dominates the AI chip market, saw its stock fall 10% after reaching a $5 trillion valuation, though it remains up 34% for the year, raising questions about whether its performance can calm broader market concerns about tech spending.",https://www.nytimes.com/2025/11/19/technology/nvidia-earnings.html,The New York Times,The New York Times,20251119T164100,,0.353716,Bullish,1.000000,0.634481,Bullish
NVDA,"Intel (INTC) Today: Nvidia Deal, New CIO and AI Edge Push Define Stock Story – November 19, 2205","Intel (INTC) is trading around $35–36 per share, up 3% from Tuesday, significantly above its 52-week low but below recent highs. Big institutional investors like Vanguard and Primecap are increasing their stakes, fueled by a $5 billion investment from Nvidia and continued support from the U.S. government and SoftBank. Despite strong year-to-date performance, analysts remain cautious with a consensus ""Reduce"" rating due to competitive pressures from AMD and Arm, and thin profit margins.",https://ts2.tech/en/intel-intc-today-nvidia-deal-new-cio-and-ai-edge-push-define-stock-story-november-19-2025/,ts2.tech,ts2.tech,20251119T164216,,0.116526,Neutral,0.848110,0.349793,Somewhat-Bullish
NVDA,"Dan Loeb Raises Microsoft Stake 175% In Big-Tech Push, Dumps Workday And More (CORRECTED)","Activist investor Dan Loeb's Third Point LLC significantly increased its stake in several ""Magnificent Seven"" tech stocks, including Microsoft, Meta Platforms, Amazon, and NVIDIA, during the third quarter of 2025. Simultaneously, the firm fully exited its positions in Workday, Fortive Corporation, Corpay, Inc., and Flowserve Corporation, and trimmed stakes in several other companies. These moves indicate a strategic shift towards tech and a reshuffling of its portfolio.",https://www.benzinga.com/markets/hedge-funds/25/11/48961598/dan-loeb-raises-microsoft-stake-175-in-big-tech-push-dumps-workday-and-more,Benzinga,Benzinga,20251119T164500,,0.349346,Somewhat-Bullish,0.613572,0.346951,Somewhat-Bullish
NVDA,Why Nokia Stock Sank 9.2% Today,"Nokia's stock fell 9.2% today following the announcement of a major restructuring into two units: network infrastructure and mobile infrastructure. This move is part of the company's strategy to capitalize on the AI ""supercycle,"" coming weeks after Nvidia invested $1 billion in Nokia to integrate AI into mobile networking and data centers. Despite the strategic focus on AI, investors show wariness about a potential AI infrastructure overbuild.",https://finviz.com/news/234377/why-nokia-stock-sank-92-today,Finviz,Finviz,20251119T165200,https://g.foolcdn.com/image/?url=https%3A%2F%2Fg.foolcdn.com%2Feditorial%2Fimages%2F843664%2Fnok.jpg&w=700,-0.069417,Neutral,0.724223,0.328127,Somewhat-Bullish
NVDA,"Palo Alto tops earnings expectations, announces Chronosphere acquisition","Palo Alto Networks (PANW) exceeded Wall Street's fiscal first-quarter estimates and announced the acquisition of cloud observability platform Chronosphere for $3.35 billion, even as its stock dropped post-market. The company also provided guidance for its second quarter and full fiscal year revenues. CEO Nikesh Arora highlighted the acquisition strategy to address the rapid AI cycle.",https://www.cnbc.com/2025/11/19/palo-alto-networks-panw-q1-2026-earnings-report.html,CNBC,CNBC,20251119T165200,,0.212799,Somewhat-Bullish,0.647089,0.144997,Neutral
NVDA,Consolidated Edison Sells $900M Debentures for Growth,"Consolidated Edison Company of New York, Inc. has sold $900 million in debentures due in 2055, an action aimed at strengthening its capital structure and supporting long-term operational goals. The company's stock has a ""Hold"" rating from analysts with a $108.00 price target, and TipRanks' AI Analyst, Spark, rates ED as ""Neutral"" due to solid financial performance, stable revenue growth, profitability, and a reasonably priced valuation with an attractive dividend yield.",https://www.tipranks.com/news/company-announcements/consolidated-edison-sells-900m-debentures-for-growth,TipRanks,TipRanks,20251119T170554,,0.123006,Neutral,0.624938,0.106378,Neutral
NVDA,Palo Alto Networks’ earnings fail to wow Wall Street — even with a new AI deal,"Palo Alto Networks' latest earnings report and a new AI deal failed to impress Wall Street, leading to a 4% stock drop in extended trading. The cybersecurity company's stock has been underperforming the S&P 500 throughout the year, reflecting broader struggles within the software sector. This continued underperformance is expected to persist despite the company's ""platformization"" strategy.",https://www.marketwatch.com/story/palo-alto-networks-earnings-fail-to-wow-wall-street-even-with-a-new-ai-deal-ded5d1fb?gaa_at=eafs&gaa_n=AWEtsqfhYlOmwcz43DjpiVNKucRJxYy2WxsStN0QI0tOXTcLt1XqC5zRplVr&gaa_ts=691e772d&gaa_sig=vwlvGMvYjp6Jd0dWqasDOpOzgruE40u6DtcEFyS0nqT9oGX8hM8ol6obshV_8INEVL91cnw6wAs0TPXTWFDmaw%3D%3D,MarketWatch,MarketWatch,20251119T171000,,-0.114069,Neutral,0.642195,0.035944,Neutral
NVDA,"CoreWeave, Core Scientific 'Pick-and-Shovel' Rally After Nvidia Earnings","Shares of CoreWeave (NASDAQ: CRWV) and Core Scientific (NASDAQ: CORZ) rallied after Nvidia's blockbuster Q3 earnings report, signaling a strong ""pick-and-shovel"" rally in the AI sector. CoreWeave, as Nvidia's premier cloud partner, benefits directly from the accelerating ""AI factory"" build-out, while Core Scientific, with its existing contracts to host compute for CoreWeave, is also a prime beneficiary of Nvidia's success. This highlights the interconnectedness of these companies in the burgeoning AI industry.",https://www.benzinga.com/markets/tech/25/11/48965556/coreweave-core-scientific-pick-and-shovel-rally-after-nvidia-earnings,Benzinga,Benzinga,20251119T180300,,0.025018,Neutral,0.340900,0.028119,Neutral
NVDA,Super Micro Stock Surges After The Bell: Here's Why,"Super Micro Computer (NASDAQ: SMCI) shares surged after hours following Nvidia's strong third-quarter earnings and guidance, benefiting as a key AI ecosystem partner. Super Micro also announced new AMD-based GPU-optimized solutions for high-performance AI, expanding its portfolio. The stock's rise reflects its integral role in the AI sector and its collaborations with major chip manufacturers.",https://www.benzinga.com/trading-ideas/movers/25/11/48965574/super-micro-stock-surges-after-the-bell-heres-why,Benzinga,Benzinga,20251119T180500,,0.412947,Bullish,0.860799,0.540285,Bullish
NVDA,"LendingClub (LC) chief risk officer Armstrong sells $91,194 in stock","LendingClub's Chief Risk Officer, Annie Armstrong, sold 5,333 shares of common stock for $91,194, even though the price was above the current market value. This sale, executed under a Rule 10b5-1 trading plan, leaves Armstrong with 368,918 shares. Despite a recent stock decline, LendingClub has seen strong returns over six months and is expanding into the home improvement financing market, with analysts rating it positively.",https://www.investing.com/news/insider-trading-news/lendingclub-lc-chief-risk-officer-armstrong-sells-91194-in-stock-93CH-4369113,Investing.com,Investing.com,20251119T182600,https://i-invdn-com.investing.com/news/World_News_8_800x533_L_1420026210.jpg,-0.08267,Neutral,0.522587,0.063317,Neutral
NVDA,Brookfield partners with Nvidia and KIA on $10-billion AI infrastructure fund,"Brookfield Asset Management Ltd. is launching a new US$10-billion artificial intelligence infrastructure fund with anchor investments from Nvidia Corp. and Kuwait Investment Authority (KIA). The fund aims to acquire up to US$100-billion in AI infrastructure assets, including land, energy, and data centres, using Nvidia's design blueprint for its AI cloud service called Radiant. This initiative positions Brookfield at the forefront of what it believes will be one of the largest infrastructure buildouts in history.",https://www.theglobeandmail.com/business/article-brookfield-partners-with-nvidia-and-kia-on-10-billion-ai/,The Globe and Mail,The Globe and Mail,20251119T183701,NULL,0.035247,Neutral,0.346619,0.039080,Neutral
NVDA,ENTO Subsidiary Grid AI Announces Letter of Intent with First Hyperscaler AI Data-Center Customer,"Entero Therapeutics' subsidiary, Grid AI, has signed a Letter of Intent (LOI) with a hyperscaler AI data-center developer to deploy its power-cluster optimization platform in Texas. This agreement marks Grid AI's first hyperscaler partnership and is expected to generate significant annual revenue, starting with $8 million in 2027 and scaling to over $50 million by 2029 across multiple campuses. The partnership aims to provide AI-ready intelligent infrastructure to manage the growing power demands of large-scale AI development.",https://www.heraldmailmedia.com/press-release/story/35880/ento-subsidiary-grid-ai-announces-letter-of-intent-with-first-hyperscaler-ai-data-center-customer/,Herald-Mail Media,Herald-Mail Media,20251119T183854,https://app.accessnewswire.com/img.ashx?id=1104069,0.160297,Somewhat-Bullish,0.639605,0.345990,Somewhat-Bullish
NVDA,Stock Indexes Gain on Strength in Alphabet and Chip Stocks,"US stock indexes rose, recovering some losses, driven by strong performance in Alphabet due to its new AI model Gemini and gains in chip manufacturers. Energy producers, however, saw declines as WTI crude oil prices fell. The market also anticipates Nvidia's earnings results and a heavy week of US economic reports.",https://www.nasdaq.com/articles/stock-indexes-gain-strength-alphabet-and-chip-stocks,Nasdaq,Nasdaq,20251119T184600,,0.473229,Bullish,0.856085,0.307281,Somewhat-Bullish
NVDA,AWS and HUMAIN Expand Partnership with NVIDIA AI Infrastructure and AWS AI Chip Deal to Drive Global AI Innovation,"AWS and HUMAIN are expanding their partnership to deploy up to 150,000 AI accelerators in an ""AI Zone"" in Riyadh, making AWS HUMAIN’s preferred AI partner globally. This initiative involves NVIDIA GB300 AI infrastructure and AWS’s Trainium AI chips, alongside a commitment to invest over $5 billion in AI infrastructure, services, and talent development in Saudi Arabia. The collaboration aims to accelerate AI adoption, develop advanced Arabic Large Language Models, and train 100,000 Saudi citizens in cloud computing and generative AI.",https://www.theglobeandmail.com/investing/markets/markets-news/Business%20Wire/36212915/aws-and-humain-expand-partnership-with-nvidia-ai-infrastructure-and-aws-ai-chip-deal-to-drive-global-ai-innovation/,The Globe and Mail,The Globe and Mail,20251119T190541,,0.412239,Bullish,0.875827,0.444393,Bullish
NVDA,"Jensen Huang pours cold water on an AI bubble, and says ‘Nvidia is unlike any other accelerator’ in the boom","Nvidia CEO Jensen Huang dismisses fears of an AI bubble, asserting that Nvidia's role in the transformative shift to generative and agentic AI positions it uniquely. The company announced soaring Q3 revenue of $57 billion, exceeding analyst expectations, driven primarily by its dominant position in data center sales. Huang highlighted three ""massive platform shifts"" shaping the future of computing, with Nvidia's architecture playing a key role, and reinforced the company's strategic investments in its ecosystem.",https://fortune.com/2025/11/19/nvidia-jensen-huang-openai-stock-earnings-q3/,Fortune,Fortune,20251119T190700,,0.308837,Somewhat-Bullish,1.000000,0.404581,Bullish
NVDA,Nvidia says there's 'no assurance' of final agreement with OpenAI despite $100 billion pact,"Nvidia stated in its quarterly financial filing that there is ""no assurance"" of a final agreement with OpenAI, despite a previously announced $100 billion partnership. This comment highlights the distinction between public announcements and finalized contracts, even as Nvidia continues to sound bullish on its collaboration with OpenAI and its GPU sales to the company. Meanwhile, OpenAI has also signed a more definitive, signed agreement with Nvidia's rival AMD for GPU deployment.",https://www.cnbc.com/2025/11/19/nvidia-says-no-assurance-of-deal-with-openai-after-100-billion-pact.html,CNBC,CNBC,20251119T191900,,-0.065237,Neutral,0.999341,-0.235741,Somewhat-Bearish
NVDA,G. Willi-Food Reports Strong Q3 2025 Growth Amid Market Expansion,"G. Willi-Food International Ltd. announced strong Q3 2025 results, with sales increasing by 5.2% and operational profit surging by 51.6%. The company attributes this growth to its strategic focus on innovation and market expansion within the Israeli food market, despite supply chain challenges. Analysts maintain a ""Buy"" rating on the stock with a $26.00 price target, and TipRanks' AI Analyst rated WILC as ""Outperform"" due to its financial performance and attractive valuation.",https://www.theglobeandmail.com/investing/markets/stocks/WILC/pressreleases/36205493/g-willi-food-reports-strong-q3-2025-growth-amid-market-expansion/,The Globe and Mail,The Globe and Mail,20251119T194009,,0.355825,Bullish,0.623827,0.143594,Neutral
NVDA,Nvidia CEO Dismisses Concerns of an AI Bubble. Investors Remain Skeptical,"Nvidia CEO Jensen Huang addressed concerns of an ""AI bubble"" during the company's Q3 earnings call, arguing that AI's pervasive growth across industries necessitates Nvidia's chips, and strong demand will be sustained. Despite record sales and a positive forecast, investors remain skeptical, as Nvidia's stock has not fully recovered recent declines, and some are wary of its strategy of investing in AI customers like OpenAI and xAI. Huang defended these investments as crucial for deeper technical partnerships and anticipated extraordinary returns, while the company projected continued significant, though slowing, sales growth.",https://www.wired.com/story/nvidia-third-quarter-2026-earnings/,WIRED,WIRED,20251119T194500,"https://media.wired.com/photos/655c65430c5e7b2ff6ea947e/16:9/w_2400,h_1350,c_fill/GettyImages-1785501869.jpg",0.090288,Neutral,1.000000,-0.059550,Neutral
NVDA,Nvidia CEO Jensen Huang rejects talk of AI bubble: 'We see something very different',"Nvidia CEO Jensen Huang has rejected the notion of an AI bubble, arguing that the current dynamics indicate a fundamental shift in computing infrastructure driven by the necessity of AI for various applications, its role in creating entirely new applications, and the emergence of ""agentic AI."" Huang emphasized that Nvidia is uniquely positioned to address these demands, citing strong earnings, growing revenue forecasts, and significant deals, despite investor concerns about buildout financing and hyperscaler dependence.",https://www.cnbc.com/2025/11/19/nvidias-huang-rejects-ai-bubble-we-see-something-very-different.html,CNBC,CNBC,20251119T195800,,0.208,Somewhat-Bullish,1.000000,0.441977,Bullish
NVDA,"NVDA, PANW, CRWV, AVGO, AMD: 5 Trending Stocks Today. - NVIDIA (NASDAQ:NVDA)","This article highlights five trending stocks—Nvidia, Palo Alto Networks, CoreWeave, Broadcom, and AMD—after U.S. stocks advanced due to Nvidia's strong earnings and renewed enthusiasm for AI. It details each company's recent performance, key financial figures, and recent developments impacting investor interest.",https://www.benzinga.com/markets/equities/25/11/48966516/nvidia-palo-alto-coreweave-broadcom-and-amd-why-these-5-stocks-are-on-investors-radars-today,Benzinga,Benzinga,20251119T202300,,0.323045,Somewhat-Bullish,0.995870,0.469526,Bullish
NVDA,White House Asks Congress to Reject Bill Curbing Nvidia Exports,"The White House is urging Congress to reject the GAIN AI Act, a bill that would limit Nvidia's ability to sell AI chips to China and other adversarial nations. This move is a win for Nvidia, which lobbied against the legislation, and comes as Congress also considers alternative simpler legislation to codify existing limits on AI chip sales to China. The situation highlights the ongoing debate in Washington regarding semiconductor export controls and the tech trade war with Beijing.",https://finance.yahoo.com/news/white-house-asks-congress-reject-033431289.html,Yahoo Finance,Yahoo Finance,20251119T203400,,0.350965,Bullish,1.000000,0.464141,Bullish
NVDA,3 Promising Penny Stocks With At Least $40M Market Cap,"This article identifies three promising penny stocks with market caps over $40M: Oriental Culture Holding (OCG), Tiziana Life Sciences (TLSA), and Vasta Platform (VSTA). It highlights their financial health, operational summaries, and key figures, noting that while they are pre-revenue or unprofitable, they possess balance sheet strength or unique market positions. The piece aims to guide investors to discover potential value in smaller companies.",https://simplywall.st/stocks/us/pharmaceuticals-biotech/nasdaq-tlsa/tiziana-life-sciences/news/3-promising-penny-stocks-with-at-least-40m-market-cap-1,Simply Wall Street,Simply Wall Street,20251119T203919,https://images.ctfassets.net/n07nr2koi959/1txW1Rnk3fUjh2FW939y6e/a1bb305c92d46eae2c7f925893392fdd/avatar-v2.png?w=64&h=64&q=90&fit=fill&f=top,0.146552,Neutral,0.619669,0.211949,Somewhat-Bullish
NVDA,"If Nvidia Stumbles, Pay Attention to Apple","This article argues that while Nvidia has been central to the AI data center narrative, Apple is uniquely positioned to dominate the future of personal AI. Apple's on-device AI capabilities, integrated hardware and software stack, and vast installed base of devices could make it the leader in distributed personal AI, with even Sam Altman recognizing the importance of AI living directly with the user.",https://www.inc.com/dave-sokolin/if-nvidia-stumbles-pay-attention-to-apple/91261447,Inc.com,Inc.com,20251119T205540,,-0.009689,Neutral,0.851005,-0.244207,Somewhat-Bearish
NVDA,"Nvidia Earnings Will Put The AI Bubble To Test — Check Revenue, Net Income Estimates","Nvidia's upcoming earnings report is highly anticipated as it will test the validity of the ""AI bubble"" amidst concerns of inflated stock valuations. Analysts project a 56% revenue increase and a 53% net income spike for Nvidia, though gross margins are expected to narrow. The company's performance will provide insight into the sustainability of current AI-linked tech valuations, despite strong demand for its chips.",https://www.ndtvprofit.com/quarterly-earnings/nvidia-earnings-will-put-the-ai-bubble-to-test-check-revenue-net-income-estimates,NDTV Profit,NDTV Profit,20251119T205600,,0.168214,Somewhat-Bullish,1.000000,0.135793,Neutral
NVDA,Intel taps Adobe exec as CIO amid turnaround efforts,"Intel has appointed Cynthia Stoddard, formerly Adobe's CIO, as its new SVP and CIO, effective December 1st. She will report directly to CEO Lip-Bu Tan and focus on modernizing the chipmaker's systems as part of an aggressive turnaround plan. This move comes as Intel shows early signs of recovery, returning to profitability in Q3 with revenues up 3% year over year.",https://www.ciodive.com/news/intel-adobe-cio-cynthia-stoddard-/805974/,CIO Dive,CIO Dive,20251119T212049,,0.337938,Somewhat-Bullish,0.629787,0.324286,Somewhat-Bullish
NVDA,NVIDIA CORP SEC 10-Q Report,"NVIDIA CORP has released its Form 10-Q report for Q3 FY2026, showcasing impressive financial performance with $57,006 million in revenue, up 62% year-over-year, and a net income of $31,910 million. The growth is primarily driven by strong demand for its data center compute and networking platforms for accelerated computing and AI solutions. The company is also focused on expanding U.S.-based manufacturing and addresses operational challenges related to product transitions and complex system configurations.",https://www.tradingview.com/news/tradingview:622e4eee27b2b:0-nvidia-corp-sec-10-q-report/,TradingView,TradingView,20251119T220620,,0.484845,Bullish,1.000000,0.460406,Bullish
NVDA,"AI deal: AMD, Cisco, Saudi Arabia's Humain launch AI JV, land first major customer | Business News","Advanced Micro Devices Inc. (AMD), Cisco Systems Inc., and Saudi Arabia's AI startup Humain have formed a joint venture to build AI data centers in the Middle East. The initial project is a 100-MW data center in Saudi Arabia, fully contracted by Gen AI video startup Luma AI. This collaboration is a result of previous deals and aims to serve a broad market across Asia, Europe, India, the Middle East, and Africa, with plans for up to 1 GW of data center buildout by 2030.",https://www.hindustantimes.com/business/ai-deal-amd-cisco-saudi-arabias-humain-launch-ai-jv-land-first-major-customer-101763569457281.html,Hindustan Times,Hindustan Times,20251119T220800,,0.264131,Somewhat-Bullish,0.610191,0.136033,Neutral
NVDA,Amazon (AMZN) Gets Vote of Confidence After Rolling Out New AI Advertising Agent,"Amazon (AMZN) launched Ads Agent, a new AI-powered advertising tool designed to streamline campaign management for businesses, especially smaller ones lacking personnel resources. Following this launch, Citizens maintained its ""Market Outperform"" rating on Amazon with a $300 price target. The tool automates tasks like audience targeting and spend allocation, enhancing campaign precision and scalability.",https://finviz.com/news/234457/amazon-amzn-gets-vote-of-confidence-after-rolling-out-new-ai-advertising-agent,Finviz,Finviz,20251119T221500,,0.344187,Somewhat-Bullish,0.614240,0.230277,Somewhat-Bullish
NVDA,Microsoft (MSFT) Faces AI Growing Pains: Redburn Cuts PT and Downgrades to Neutral,"Redburn downgraded Microsoft (MSFT) to ""Neutral"" and reduced its price target to $500 from $560 due to concerns over the increasing capital intensity of AI-related revenues and potential ""value leakage"" in Office 365. The firm notes that generating AI revenue now requires significantly more capital expenditure compared to traditional cloud services, impacting long-term cash flow, and integration of third-party models is shifting value away from Microsoft. Despite acknowledging Microsoft's position as a key AI beneficiary, these structural challenges led to the downgrade.",https://finviz.com/news/234460/microsoft-msft-faces-ai-growing-pains-redburn-cuts-pt-and-downgrades-to-neutral,Finviz,Finviz,20251119T221800,https://cdn.finviz.com/news/234460_17.jpg,-0.044514,Neutral,0.605989,0.273376,Somewhat-Bullish
NVDA,"AVGO Stock Today (Nov. 19, 2025): Broadcom Jumps on Quantum‑Safe Gen 8 Launch, Wi‑Fi 8 Deal and Cloud Partnership","Broadcom (NASDAQ: AVGO) shares rose sharply on November 19, 2025, driven by multiple positive catalysts including the launch of its ""quantum-safe"" Brocade Gen 8 SAN portfolio, an expanded cloud partnership with NEC on VMware Cloud Foundation, and a significant Wi-Fi 8 collaboration. The company also benefited from ongoing buzz around its multi-billion-dollar AI chip deals, particularly with OpenAI, and a strong earnings report from Nvidia, validating AI infrastructure spending. Despite strong fundamentals and analyst support, the article notes risks such as VMware licensing lawsuits, sluggish non-AI segments, and broader ""AI bubble"" concerns that could affect its high valuation.",https://ts2.tech/en/avgo-stock-today-nov-19-2025-broadcom-jumps-on-quantum%E2%80%91safe-gen-8-launch-wi%E2%80%91fi-8-deal-and-cloud-partnership/,ts2.tech,ts2.tech,20251119T223539,,0.478281,Bullish,0.748860,0.548602,Bullish
NVDA,Nvidia CEO Jensen Huang earnings call namechecked Saudi AI company Humain three times. Here’s why,"Nvidia CEO Jensen Huang name-checked Saudi AI company Humain three times during a recent earnings call, highlighting the six-month-old company's rapid emergence as a major player in AI infrastructure. Backed by Saudi Arabia's Public Investment Fund, Humain aims to supply 6% of the world's AI computing power by 2034 and has secured significant deals with Nvidia, Amazon, and xAI, as well as with competitors like AMD and Qualcomm, despite some U.S. national security concerns. The company is actively building data centers and developing its own AI models and hardware, positioning Saudi Arabia as a potential AI hub in the Middle East.",https://fortune.com/2025/11/19/nvidia-jensen-huang-earnings-humain-saudi-arabia/,Fortune,Fortune,20251119T224800,,0.305983,Somewhat-Bullish,1.000000,0.407329,Bullish
NVDA,"United Rentals (URI): Buy, Sell, or Hold Post Q3 Earnings?","This article analyzes United Rentals (URI) post-Q3 earnings, suggesting it's not currently an exciting buy despite its stock closely tracking the S&P 500. The analysis points to underwhelming organic growth, EPS growth below standards, and a dropping free cash flow margin as key reasons for caution. While the valuation is reasonable, the article recommends looking for better investment opportunities elsewhere, specifically in software and edge computing picks.",https://markets.financialcontent.com/wral/article/stockstory-2025-11-20-united-rentals-uri-buy-sell-or-hold-post-q3-earnings,FinancialContent,FinancialContent,20251119T230100,,0.211209,Somewhat-Bullish,0.602349,0.311558,Somewhat-Bullish
NVDA,Nvidia’s Jensen Huang isn’t feeling the “AI bubble”,"Nvidia CEO Jensen Huang dismisses concerns about an ""AI bubble"" following a strong earnings announcement, citing sustained demand for GPUs used in data centers. Huang explains that Nvidia's business is poised to benefit from several long-term technological transitions, including the shift of business software to accelerators, the rise of generative AI, and the emergence of autonomous and agentic AI. The company reported better-than-expected revenues and projected continued aggressive growth, with hyperscalers and top AI labs heavily investing in Nvidia chips.",https://www.fastcompany.com/91445256/nvidia-jensen-huang-ai-bubble,Fast Company,Fast Company,20251120T000633,,0.361647,Bullish,1.000000,0.463693,Bullish
NVDA,"Nvidia's Blackwell is all the rage, but the company is still selling some Hopper chips","Nvidia continues to sell its Hopper chips, generating $2 billion in revenue in the October quarter, despite the rise of its newer Blackwell and Blackwell Ultra products. CFO Colette Kress noted that larger purchase orders for the H20 Hopper chip, retrofitted for China sales, did not materialize due to geopolitical issues and increased competition in the Chinese market.",https://www.marketwatch.com/livecoverage/nvidia-earnings-stock-results-ai-guidance-market/card/nvidia-s-blackwell-is-all-the-rage-but-the-company-is-still-selling-some-hopper-chips-TQbaza2PuzGawLVysTGt?mod=mw_FV&gaa_at=eafs&gaa_n=AWEtsqcP2KUcm5wPXz0g8lCWcjny17Tycp34u5_M3h7tqUoZ-_k5LVDkkway&gaa_ts=691e6919&gaa_sig=r-3vsnGXjjAN77bw4oyHQGcvB43HP1TaeDoqmLGZiGk1Zl8Va9YZSyfxHc7zYgBsJdxfWL_4fOvHxduKqajwJQ%3D%3D,MarketWatch,MarketWatch,20251120T005124,,0.428282,Bullish,0.989860,0.414733,Bullish
NVDA,"Walmart, Nvidia And 3 Stocks To Watch Heading Into Thursday","This article highlights several stocks to watch, including Walmart, Nvidia, Palo Alto Networks, Maximus Inc., and Intuit, as U.S. stock futures trade higher. It details their recent earnings reports, future guidance, and after-hours trading performance, providing key financial figures and analyst expectations.",https://www.benzinga.com/markets/equities/25/11/48968495/walmart-nvidia-and-3-stocks-to-watch-heading-into-thursday,Benzinga,Benzinga,20251120T022700,,0.257236,Somewhat-Bullish,0.935431,0.506499,Bullish
NVDA,CNBC Daily Open: What does Nvidia CEO see from his 'vantage point'?,"Nvidia reported strong fiscal third-quarter results and positive guidance, leading to a bump in its stock price and a broader market rally in tech. CEO Jensen Huang addressed concerns about an ""AI bubble"" by stating Nvidia's unique insight into the AI industry suggests a different reality. Despite impressive earnings, some analysts question the long-term viability of the AI business.",https://www.cnbc.com/2025/11/20/cnbc-daily-open-what-does-nvidia-ceo-see-from-his-vantage-point.html,CNBC,CNBC,20251120T023000,https://image.cnbcfm.com/api/v1/image/107474421-1698299298539-gettyimages-1755106259-AFP_33W343N.jpeg?v=1700609395&w=1920&h=1080,0.300114,Somewhat-Bullish,1.000000,0.430619,Bullish
NVDA,White House Asks Congress to Reject Bill Curbing Nvidia Exports,"The White House is urging Congress to reject the GAIN AI Act, a measure designed to limit Nvidia Corp.'s ability to sell AI chips to China and other adversarial nations. This bill, framed as ""America first,"" would effectively bar Nvidia and Advanced Micro Devices Inc. from selling their top products to China, contrasting with previous administration stances on such shipments.",https://www.bloomberg.com/news/articles/2025-11-20/white-house-asks-congress-to-reject-bill-curbing-nvidia-exports,Bloomberg.com,Bloomberg.com,20251120T033400,,-0.186209,Somewhat-Bearish,1.000000,-0.253240,Somewhat-Bearish
NVDA,Buffett’s Alphabet Blessing Puts Valuation Paradox Back in Focus,"Alphabet Inc.'s stock has surged 55% this year, making it the top performer among the Magnificent Seven tech giants, primarily due to its advancements in AI, growth in cloud computing, and easing antitrust risks. Even historically tech-shy Warren Buffett's Berkshire Hathaway has invested $4.9 billion in Alphabet, highlighting increased investor confidence. Despite concerns about its valuation reaching historically pricey levels at 25 times forward earnings, the market believes Alphabet's AI leadership and business growth, including Waymo and YouTube, justify its trajectory.",https://finance.yahoo.com/news/buffett-alphabet-blessing-puts-valuation-100655371.html,Yahoo Finance,Yahoo Finance,20251120T040600,,0.160106,Somewhat-Bullish,0.728055,0.320967,Somewhat-Bullish
NVDA,"Nvidia's net profit in the first nine months of FY26 is higher than sales of Intel, AMD combined","Nvidia's net profit for the first nine months of fiscal year 2026 reached $77.1 billion, surpassing the combined net sales of Intel and AMD. This substantial profit highlights Nvidia's dominance in the AI chip market, driven by ""insatiable demand"" for its GPUs. The company also reported an 11-fold increase in net sales over 13 quarters and successfully beat Wall Street expectations for the 12th consecutive quarter.",https://www.cnbctv18.com/market/nvidia-q3-results-higher-net-profit-than-sales-of-intel-amd-in-fiscal-nine-months-guidance-19767086.htm,CNBC TV18,CNBC TV18,20251120T040736,,0.22709,Somewhat-Bullish,1.000000,0.913741,Bullish
NVDA,WATCH NOW | Stagflation to Goldilocks: 7 ETFs to Front-Run the Move & Profit,"This article announces a webcast by Hedgeye CEO Keith McCullough, detailing a high-conviction allocation strategy across major asset classes to prepare for a market shift from stagflation to a ""Goldilocks"" economy. The webcast promises to reveal the economic forces driving this change and how investors can position themselves before the market fully prices in the macro shift. It highlights a data-driven process used by Hedgeye for 17 years.",https://app.hedgeye.com/insights/173437-join-us-live-stagflation-to-goldilocks-7-etfs-to-front-run-the-move?type=macro,Hedgeye,Hedgeye,20251120T040942,https://d1yhils6iwh5l5.cloudfront.net/charts/resized/147517/normal/CNS25_Email_Banner.jpg,0.190858,Somewhat-Bullish,0.630501,0.405175,Bullish
NVDA,"Hoth Therapeutics Accepted Into NVIDIA Connect Program, Expanding Its AI and Accelerated Computing Capabilities","Hoth Therapeutics, a clinical-stage biopharmaceutical company, has been accepted into the NVIDIA Connect Program. This partnership will provide Hoth Therapeutics with access to NVIDIA's accelerated computing resources, technical guidance, and marketing support, significantly enhancing its AI-powered research and development initiatives for drug discovery and development. The integration of NVIDIA's technology is expected to streamline Hoth's R&D strategy, reduce computational bottlenecks, and improve the efficiency of preclinical and clinical decision-making across its therapeutic pipeline.",https://finance.yahoo.com/news/hoth-therapeutics-accepted-nvidia-connect-131300397.html,Yahoo Finance,Yahoo Finance,20251120T041300,https://s.yimg.com/ny/api/res/1.2/Y7yRYhExsI_UDfOpi5jbzA--/YXBwaWQ9aGlnaGxhbmRlcjt3PTExODtoPTQ4O2NmPXdlYnA-/https://s.yimg.com/os/creatr-uploaded-images/2021-02/fdc494d0-7160-11eb-bdff-bdf03c7194b2,0.460938,Bullish,0.807405,0.416814,Bullish
NVDA,"Stock Market Today: Nasdaq 100, Dow Jones Futures Rise Ahead Of Delayed September Jobs Report—Nvidia, Palo Alto, Super Micro Computer In Focus","U.S. stock futures, including the Nasdaq 100 and Dow Jones, rose as investors awaited September's delayed jobs report. Key companies like Nvidia, Palo Alto Networks, and Super Micro Computer were in focus due to earnings, guidance, or new product launches. The article also touches on Federal Reserve officials' division on interest rates and BlackRock's ""pro-risk stance"" on U.S. equities and AI.",https://www.benzinga.com/markets/equities/25/11/48969917/stock-market-today-nasdaq-100-dow-jones-futures-rise-ahead-of-delayed-september-jobs-report-nvidia-palo-alto-super-micro-computer-in-focus,Benzinga,Benzinga,20251120T052500,,0.204486,Somewhat-Bullish,0.820264,0.472711,Bullish
NVDA,A Look at IQVIA Holdings’s Valuation After Upbeat Earnings and Guidance Boost,"IQVIA Holdings (IQV) recently posted strong Q3 results, exceeding earnings and revenue forecasts, and subsequently raised its full-year outlook. Despite a 17.3% share price return over 90 days and a fair value estimate suggesting it is 11.9% undervalued at $246.84, persistent regulatory uncertainty and competition could challenge its growth trajectory. The company is leveraging AI-driven analytics, which is expected to support future revenue growth and margin expansion, attracting investor optimism.",https://www.sahmcapital.com/news/content/a-look-at-iqvia-holdingss-valuation-after-upbeat-earnings-and-guidance-boost-2025-11-20,Sahm,Sahm,20251120T052800,NULL,0.36646,Bullish,0.620810,0.305578,Somewhat-Bullish
NVDA,Walmart and Target are both getting new CEOs—one succession plan has gone smoother than the other,"This article analyzes the differing CEO succession plans at Walmart and Target, both of whose CEOs are stepping down in February after starting in 2014. Walmart's transition, with CEO Doug McMillon stepping down completely, is seen as smooth due to the company's strong performance, while Target's plan to retain outgoing CEO Brian Cornell in an executive chair role is viewed critically by Wall Street given the company's recent struggles. The piece highlights how Walmart's shares have significantly outperformed Target's during their respective CEOs' tenures, underscoring the success of Walmart's strategy and the challenges faced by Target.",https://fortune.com/2025/11/20/walmart-ceo-target-ceo-succession-planning/,Fortune,Fortune,20251120T054300,,0.076771,Neutral,0.826559,0.417308,Bullish
NVDA,"Should You Invest $1,000 in Netflix (NFLX) Right Now?","This article discusses whether investors should consider investing $1,000 in Netflix (NFLX) right now, highlighting its strong free cash flow and dominant industry position but also its elevated valuation. It further references Motley Fool Stock Advisor's past recommendations for Netflix and other companies, suggesting that while Netflix is a strong company, its current valuation might not present the best entry point.",https://www.theglobeandmail.com/investing/markets/stocks/NVDA-Q/pressreleases/36229885/should-you-invest-1-000-in-netflix-nflx-right-now/,The Globe and Mail,The Globe and Mail,20251120T064000,,0.206922,Somewhat-Bullish,0.642138,0.323703,Somewhat-Bullish
NVDA,authID Joins NVIDIA Connect to Advance Enterprise and AI Agent Security Innovation and Opportunities,"authID Inc. announced its entry into the NVIDIA Connect Program, a global ecosystem for AI innovators, to advance enterprise and AI agent security. This collaboration strengthens authID's mission to provide auditable, privacy-preserving, and compliance-supporting AI security globally, particularly with its authID Mandate™ framework for agentic AI governance. The partnership will accelerate authID's development of GPU-powered biometric and policy engines to authenticate and monitor human and AI agents in real time.",https://www.globenewswire.com/news-release/2025/11/20/3191849/0/en/authID-Joins-NVIDIA-Connect-to-Advance-Enterprise-and-AI-Agent-Security-Innovation-and-Opportunities.html,GlobeNewswire,GlobeNewswire,20251120T080000,https://ml.globenewswire.com/media/MGRkZGM4YjUtNzIwNS00ZjIyLTk1NjMtZDg0MGI0N2ZjODFmLTEyMjA3NDgtMjAyNS0xMS0yMC1lbg==/tiny/authID-Inc-.png,0.798264,Bullish,0.853151,0.748123,Bullish
NVDA,"Nvidia's earnings blowout, Walmart's outlook, Fed minutes and more in Morning Squawk","Nvidia's strong earnings and outlook revived investor confidence in AI, while Walmart exceeded expectations and raised its forecast. Federal Reserve minutes showed division on interest rate cuts, dampening hopes for another cut this year. Additionally, President Trump signed a bill to release files related to Jeffrey Epstein, and the housing market is seeing its strongest buyer's market in over a decade for those who can afford it.",https://www.cnbc.com/2025/11/20/5-things-to-know-before-the-stock-market-opens.html,CNBC,CNBC,20251120T080900,https://image.cnbcfm.com/api/v1/image/107482811-1700492473456-gettyimages-1815152865-dsc007887.jpeg?v=1700492505&w=1920&h=1080,0.605218,Bullish,1.000000,0.887463,Bullish
NVDA,H.C. Wainwright lowers Electra Battery Materials stock price target to $2.10,"H.C. Wainwright lowered its price target for Electra Battery Materials Corp. (NASDAQ:ELBM) to $2.10 from $2.20, while maintaining a Buy rating. The adjustment follows Electra's reported net loss in Q3 2025, although the firm highlighted a significant $34.5 million financing and $40.0 million debt equitization closed after the quarter, providing funding for its cobalt sulfate refinery. Additionally, recent developments include progress on the refinery project, securing significant financing, and a new appointment for Projects and Engineering.",https://www.investing.com/news/analyst-ratings/hc-wainwright-lowers-electra-battery-materials-stock-price-target-to-210-93CH-4364991,Investing.com,Investing.com,20251120T080914,https://i-invdn-com.investing.com/news/news_six_pile_69x52._800x533_L_1419494215.jpg,0.067549,Neutral,0.573883,0.142368,Neutral
NVDA,"Hoth Therapeutics Accepted Into NVIDIA Connect Program, Expanding Its AI and Accelerated Computing Capabilities","Hoth Therapeutics, a clinical-stage biopharmaceutical company, announced its acceptance into the NVIDIA Connect Program. This collaboration will provide Hoth Therapeutics access to NVIDIA's accelerated computing resources, technical guidance, and marketing support, significantly enhancing its AI-powered research and development capabilities across its therapeutic pipeline. The integration of NVIDIA's AI and accelerated computing is expected to streamline Hoth's R&D strategy, reduce computational bottlenecks, and accelerate its drug development timelines.",https://www.prnewswire.com/news-releases/hoth-therapeutics-accepted-into-nvidia-connect-program-expanding-its-ai-and-accelerated-computing-capabilities-302621313.html,PR Newswire,PR Newswire,20251120T081300,https://mma.prnewswire.com/media/644804/Hoth_Therapeutics_Logo.jpg?w=300,0.37285,Bullish,0.811739,0.340315,Somewhat-Bullish
NVDA,Alan B Lancz & Associates Inc. Sells 992 Shares of Apple Inc. $AAPL,"Alan B Lancz & Associates Inc. reduced its stake in Apple Inc. by 2.5% in the second quarter, selling 992 shares and holding 39,330 shares valued at $8,069,000, making Apple its largest position. Other institutional investors also adjusted their holdings in Apple, while analysts issued varied ratings and price targets for the stock. The article also provides details on Apple's recent financial performance, dividends, and insider transactions.",https://www.marketbeat.com/instant-alerts/filing-alan-b-lancz-associates-inc-sells-992-shares-of-apple-inc-aapl-2025-11-20/,MarketBeat,MarketBeat,20251120T082021,,-0.069819,Neutral,0.641134,-0.140454,Neutral
NVDA,"Atlatl Advisers LLC Has $3.51 Million Position in Amazon.com, Inc. $AMZN","Atlatl Advisers LLC increased its position in Amazon.com, Inc. by 21.2% in Q2, bringing its total holding to 15,978 shares valued at approximately $3.51 million. The article details other institutional investments, recent analyst ratings with a consensus ""Moderate Buy"" and target price of $294.70, and insider trading activities. Amazon also reported strong Q3 earnings, surpassing revenue and EPS expectations.",https://www.marketbeat.com/instant-alerts/filing-atlatl-advisers-llc-has-351-million-position-in-amazoncom-inc-amzn-2025-11-20/,MarketBeat,MarketBeat,20251120T082025,,0.05881,Neutral,0.601150,-0.343135,Somewhat-Bearish
NVDA,Stock Market Live November 20: S&P 500 (SPY) Exploding with Nvidia,"Nvidia's blowout earnings and optimistic guidance have propelled the S&P 500 and other major indices higher, signaling a robust AI boom. However, market gains are tempered by concerns about potential interest rate cuts from the Federal Reserve, with the odds of a December rate cut decreasing due to recent jobs data. The Volatility Index (VIX) has spiked, reflecting investor uncertainty about future market stability.",https://247wallst.com/investing/2025/11/20/stock-market-live-november-20-sp-500-spy-exploding-with-nvidia/,24/7 Wall St.,24/7 Wall St.,20251120T085600,https://247wallst.com/wp-content/uploads/2025/06/Bull-Market-Charge-scaled.jpg,0.428789,Bullish,1.000000,0.529576,Bullish
NVDA,Artisan Partners Limited Partnership Increases Stake in Texas Instruments Incorporated $TXN,"Artisan Partners Limited Partnership increased its stake in Texas Instruments by 11.8% to 745,787 shares, valued at approximately $154.84 million. This comes as Texas Instruments reported Q3 EPS in line with expectations and raised its quarterly dividend to $1.42 per share. Institutional investors hold a significant portion of the company's stock, despite recent insider share sales.",https://www.marketbeat.com/instant-alerts/filing-artisan-partners-limited-partnership-increases-stake-in-texas-instruments-incorporated-txn-2025-11-20/,MarketBeat,MarketBeat,20251120T090251,,0.138096,Neutral,0.648783,0.034652,Neutral
NVDA,Super Micro Computer (NASDAQ: SMCI) joins December 2025 tech investor conferences,"Super Micro Computer, Inc. (Supermicro) announced its participation in three upcoming investor conferences in December 2025: the UBS Global Technology and AI Conference, the Raymond James TMT & Consumer Conference, and the Barclays Global Technology Conference. The company will engage in 1x1 meetings and fireside chats at these events, highlighting its role as a Total IT Solution Provider for AI, Cloud, Storage, and 5G/Edge.",https://www.stocktitan.net/news/SMCI/supermicro-announces-participation-in-upcoming-investor-349p9eb20psb.html,Stock Titan,Stock Titan,20251120T090500,,0.265415,Somewhat-Bullish,0.615071,0.318309,Somewhat-Bullish
NVDA,"Nvidia earnings takeaways: Bubble talk, 'half a trillion' forecast and China orders","Nvidia reported strong fiscal third-quarter results, exceeding sales and earnings expectations, and provided a robust forecast for the current quarter. CEO Jensen Huang addressed concerns about an ""AI bubble"" as the company reaffirmed its ""half a trillion"" forecast for AI chip orders. Despite geopolitical issues, particularly in China, Nvidia remains confident in its long-term growth, though H20 chip sales in China were ""insignificant.""",https://www.cnbc.com/2025/11/20/nvda-stock-earnings-ai-bubble-china.html,CNBC,CNBC,20251120T090600,,0.425231,Bullish,1.000000,0.436713,Bullish
NVDA,What Are Wall Street Analysts’ Target Price for Lam Research Corporation Stock?,"Lam Research Corporation (LRCX), a semiconductor-equipment company, has seen its stock rally significantly due to surging demand for AI-centric and data center chips. Analysts have a ""Moderate Buy"" consensus rating for LRCX, with a mean price target suggesting an upside potential of 9% and a street-high target indicating up to 34.4% growth. The company's strong performance is supported by favorable macro tailwinds and a promising earnings surprise history.",https://www.barchart.com/story/news/36223129/what-are-wall-street-analysts-target-price-for-lam-research-corporation-stock,Barchart.com,Barchart.com,20251120T090631,,0.375015,Bullish,0.557032,0.302543,Somewhat-Bullish
NVDA,Nvidia Earnings: No Signs of a Near-Term AI Bubble; Raising Fair Value,"Nvidia reported strong fiscal third-quarter results, surpassing revenue guidance and forecasting continued significant growth due to high AI demand, leading Morningstar to raise its fair value estimate. The company's expanding supply chain and robust data center revenue suggest the absence of an immediate AI bubble, despite longer-term concerns about AI funding and energy. Morningstar views recent AI bubble chatter as a buying opportunity, emphasizing Nvidia's undervalued shares and strong pricing power for future healthy gross margins.",https://www.morningstar.com/stocks/nvidia-earnings-no-signs-near-term-ai-bubble,Morningstar,Morningstar,20251120T091644,,0.253117,Somewhat-Bullish,1.000000,0.473185,Bullish
NVDA,"Ingalls & Snyder LLC Has $44.36 Million Stock Holdings in Amazon.com, Inc. $AMZN","Ingalls & Snyder LLC increased its stake in Amazon.com, Inc. (NASDAQ:AMZN) by 5.5% in the second quarter, bringing its total holdings to $44.36 million. The article also details other institutional investors' activities in Amazon, the company's recent financial performance, insider transactions, and analyst ratings, with an average target price of $294.70.",https://www.marketbeat.com/instant-alerts/filing-ingalls-snyder-llc-has-4436-million-stock-holdings-in-amazoncom-inc-amzn-2025-11-20/,MarketBeat,MarketBeat,20251120T091832,,0.038833,Neutral,0.607478,-0.406567,Bearish
NVDA,Apple Inc. $AAPL Stake Decreased by Journey Advisory Group LLC,"Journey Advisory Group LLC decreased its stake in Apple Inc. by 2.5% in the second quarter, bringing its total holdings to 155,647 shares valued at $31,934,000. Several other institutional investors also adjusted their positions in Apple. The article also details recent insider stock sales, analyst ratings, and dividend information for Apple.",https://www.marketbeat.com/instant-alerts/filing-apple-inc-aapl-stake-decreased-by-journey-advisory-group-llc-2025-11-20/,MarketBeat,MarketBeat,20251120T091851,,0.169592,Somewhat-Bullish,0.648101,0.124499,Neutral
NVDA,Apple Inc. $AAPL is Klingman & Associates LLC's 10th Largest Position,"Klingman & Associates LLC increased its stake in Apple Inc. ($AAPL) by 2.6% in the second quarter, making it their 10th largest position and accounting for 2.9% of their portfolio. Other institutional investors also adjusted their holdings, while company insiders, including SVP Katherine L. Adams and CEO Timothy D. Cook, sold significant shares. The article also provides recent analyst ratings, stock performance data, and details on Apple's latest earnings and dividend announcement.",https://www.marketbeat.com/instant-alerts/filing-apple-inc-aapl-is-klingman-associates-llcs-10th-largest-position-2025-11-20/,MarketBeat,MarketBeat,20251120T091851,,-0.121295,Neutral,0.577622,-0.289099,Somewhat-Bearish
NVDA,Phoenix Financial Ltd. Has $140.23 Million Stake in Apple Inc. $AAPL,"Phoenix Financial Ltd. increased its holdings in Apple Inc. ($AAPL) by 8.2% during the second quarter, bringing its stake to $140.23 million and making Apple its 16th largest position. Other institutional investors also made significant changes to their Apple holdings. The article also provides an overview of recent analyst ratings, stock performance, earnings, dividend information, and insider trading activity for Apple Inc.",https://www.marketbeat.com/instant-alerts/filing-phoenix-financial-ltd-has-14023-million-stake-in-apple-inc-aapl-2025-11-20/,MarketBeat,MarketBeat,20251120T091855,,-0.05541,Neutral,0.633277,-0.433237,Bearish
NVDA,CNB Bank Has $14.76 Million Holdings in NVIDIA Corporation $NVDA,"CNB Bank reduced its stake in NVIDIA Corporation by 5.4% in the second quarter, bringing its total holdings to $14.76 million. Other hedge funds like Astoria Portfolio Advisors and Fielder Capital Group increased their positions in NVIDIA. The article also details recent insider selling activities by NVIDIA's CFO and CEO, analyst ratings, and the company's latest financial performance and dividend announcement.",https://www.marketbeat.com/instant-alerts/filing-cnb-bank-has-1476-million-holdings-in-nvidia-corporation-nvda-2025-11-20/,MarketBeat,MarketBeat,20251120T091934,,0.29563,Somewhat-Bullish,1.000000,0.289668,Somewhat-Bullish
NVDA,"Here Are Thursday’s Top Wall Street Analyst Research Calls: AON, Apollo Global, Bullish, Jack Henry, Marsh & McClennan, Nasdaq, NVIDIA, and More","This article details top Wall Street analyst upgrades, downgrades, and initiations for November 20, 2025, following NVIDIA's strong earnings report and ahead of key economic data releases. It also covers market movements, including NVIDIA's performance, broader index changes, and trends in treasury bonds, oil, gold, and cryptocurrency, while highlighting concerns about potential market bubbles.",https://finance.yahoo.com/news/thursday-top-wall-street-analyst-142110154.html,Yahoo Finance,Yahoo Finance,20251120T092100,,0.352651,Bullish,0.872698,0.731369,Bullish
NVDA,AMD’s stock looks like a winner after Nvidia earnings. These other AI plays do too.,"Nvidia's strong third-quarter earnings report has positively impacted the broader AI market, alleviating concerns about an AI bubble and boosting tech stocks. This performance, especially for Nvidia (NVDA), is lifting other AI-related companies, indicating continued health in the AI trade after a recent downturn. CoreWeave also saw a significant premarket rise following the news.",https://www.marketwatch.com/story/amds-stock-looks-like-a-winner-after-nvidia-earnings-these-other-ai-plays-do-too-8ec8799c?gaa_at=eafs&gaa_n=AWEtsqfKNS02QOJ6-yZFTVlW1iD_YGexlhm9K4NcEc1L8s23kbYGT6wNa-PY&gaa_ts=691f316b&gaa_sig=MSlE_nRUf1q_WHRc7mY0wM7AmEHXAnIPj2fsiIRoF8y_brPwwoKaNYBUmhk6cO6oJ_icGn5t6Z5w2SYQH2tbew%3D%3D,MarketWatch,MarketWatch,20251120T092100,,0.361748,Bullish,0.805595,0.322597,Somewhat-Bullish
NVDA,"The AI rally fizzles as CoreWeave, AMD and other stocks cede Nvidia-fueled gains","Despite Nvidia's upbeat third-quarter earnings initially easing AI-bubble concerns, the AI rally fizzled as tech stocks, including AMD and CoreWeave, gave back their early gains. Nvidia's strong performance, while positive for the AI ecosystem, was not enough to sustain a broad tech-stock turnaround, indicating investor caution regarding wider economic data.",https://www.marketwatch.com/story/amds-stock-looks-like-a-winner-after-nvidia-earnings-these-other-ai-plays-do-too-8ec8799c?gaa_at=eafs&gaa_n=AWEtsqcjD07WBQyHBpTtVJOFGSfije5JV5ounDFo4e3lOTHLK4T24lu_F62W&gaa_ts=691f6d28&gaa_sig=rkg7dRBN13oH-NTajg5qeqMaI7fR9ajQD6-vWgpcSs3gUIWI3wyGk6PgCYiH-3AmgmWLY5AWgR-ELjOPzU3B8A%3D%3D,MarketWatch,MarketWatch,20251120T092100,,-0.284708,Somewhat-Bearish,0.927113,-0.299207,Somewhat-Bearish
NVDA,"Princeton Global Asset Management LLC Sells 1,030 Shares of Apple Inc. $AAPL","Princeton Global Asset Management LLC reduced its stake in Apple Inc. by 1.9% in the second quarter, selling 1,030 shares to own a total of 52,034 shares valued at $10.68 million. The article also details other institutional investor activity, analyst ratings, insider transactions including sales by SVP Deirdre O'brien and SVP Katherine L. Adams, and Apple's recent financial performance and dividend announcement.",https://www.marketbeat.com/instant-alerts/filing-princeton-global-asset-management-llc-sells-1030-shares-of-apple-inc-aapl-2025-11-20/,MarketBeat,MarketBeat,20251120T092120,,0.090462,Neutral,0.649693,0.044951,Neutral
NVDA,Crewe Advisors LLC Makes New Investment in Apple Inc. $AAPL,"Crewe Advisors LLC has made a new investment in Apple Inc. (NASDAQ:AAPL), acquiring 106,363 shares valued at approximately $21.82 million, making Apple its 10th largest holding. Other institutional investors and insiders have also adjusted their positions in the company, with notable share sales by SVP Katherine L. Adams and SVP Deirdre O'brien. The article also details Apple's price performance, recent earnings, dividend announcement, and analyst price targets.",https://www.marketbeat.com/instant-alerts/filing-crewe-advisors-llc-makes-new-investment-in-apple-inc-aapl-2025-11-20/,MarketBeat,MarketBeat,20251120T093546,,-0.066605,Neutral,0.603970,-0.306169,Somewhat-Bearish
NVDA,"Resonant Capital Advisors LLC Increases Stake in Amazon.com, Inc. $AMZN","Resonant Capital Advisors LLC increased its stake in Amazon.com, Inc. (NASDAQ:AMZN) by 15.2% in the second quarter, bringing its total holdings to 54,346 shares valued at $11.92 million. Amazon reported strong Q2 earnings, exceeding analyst expectations for both EPS and revenue. Analyst sentiment remains a ""Moderate Buy"" with an average price target of $294.70, despite recent insider selling activity.",https://www.marketbeat.com/instant-alerts/filing-resonant-capital-advisors-llc-increases-stake-in-amazoncom-inc-amzn-2025-11-20/,MarketBeat,MarketBeat,20251120T094326,,-0.17997,Somewhat-Bearish,0.636641,-0.419028,Bearish
NVDA,UBS Reiterates Neutral Rating on Progressive Corp. (PGR) Amid Growing Competition,"UBS analyst Brian Meredith reiterated a Neutral rating and set a $245.00 price target on Progressive Corp. The rating comes amidst increasing competition, more modest market share gains, and higher underlying loss ratios anticipated for 2026. The analyst noted that an EPS beat for October was driven by lower catastrophe losses and better prior reserve development.",https://www.streetinsider.com/Analyst+Comments/UBS+Reiterates+Neutral+Rating+on+Progressive+Corp.+%28PGR%29+Amid+Growing+Competition/25642424.html,StreetInsider,StreetInsider,20251120T094600,NULL,-0.057201,Neutral,0.627984,0.302755,Somewhat-Bullish
NVDA,Louisiana Rep. Cleo Fields Bought Over $216K Worth of Netflix Stock: Here's What You Should Know,"Louisiana Representative Cleo Fields purchased Netflix stock valued between $216,004 and $565,000, with the transaction recorded on November 3, 2025. This article details Fields' other recent notable trades, including purchases in Apple and NVIDIA, and explains the importance of congressional transactions for investors under the STOCK Act.",https://www.benzinga.com/insights/government/25/11/48976549/louisiana-rep-cleo-fields-bought-over-216k-worth-of-netflix-stock-heres-what-you-should-know,Benzinga,Benzinga,20251120T100000,,0.116691,Neutral,0.626079,0.102985,Neutral
NVDA,"In AI, Software Is Coming to the Forefront","The article discusses the shift in AI investment focus from hardware (semiconductors) to software, emphasizing that software will be crucial for converting AI investments into productivity and profit. It highlights how ETFs like Invesco QQQ Trust (QQQ) and Invesco NASDAQ 100 ETF (QQQM) are well-positioned due to their significant holdings in AI software leaders like Microsoft and Amazon. The piece explains that these larger companies are better equipped to monetize AI offerings compared to smaller entities, providing a more stable investment in a volatile industry.",https://etfdb.com/etf-education-content-hub/software-coming-forefront-ai/,ETF Database,ETF Database,20251120T100657,https://etfdb.com/media/W1siZiIsIjIwMjUvMDkvMDRfNi9wcm9kdWN0aW9uL21lZGlhL2NsaWVudHNfL1ZldHRhRmktRVRGRGJfbWVkaWFfcHJvZHVjdGlvbi9EaWdpdGFsX3Byb2R1Y3Rpb25faW1hZ2VzLzIwMjUvMDkvMDUvNjc5dXlneXJmMV9FVEZfRWR1Y2F0aW9uX0ludmVzY29RUVFfbWFzdGhlYWRfb3ZlcmxheV8xNjAweDEyMV8yeC5wbmciXV0/ETF_Education_InvescoQQQ_masthead_overlay_1600x121%402x.png,0.376904,Bullish,0.850394,0.276815,Somewhat-Bullish
NVDA,"Cetera Investment Advisers Sells 34,831 Shares of PayPal Holdings, Inc. $PYPL","Cetera Investment Advisers reduced its stake in PayPal Holdings, Inc. by 16.5%, selling 34,831 shares. This move leaves the firm with 176,294 shares valued at approximately $13.10 million. The article also details recent insider selling of PayPal stock and quarterly financial results, including EPS and revenue beats, as well as dividend information.",https://www.marketbeat.com/instant-alerts/filing-cetera-investment-advisers-sells-34831-shares-of-paypal-holdings-inc-pypl-2025-11-20/,MarketBeat,MarketBeat,20251120T104422,,-0.206223,Somewhat-Bearish,0.649381,-0.339716,Somewhat-Bearish
NVDA,Earnings call transcript: Evogene reports Q3 2025 earnings beat amid restructuring,"Evogene Ltd (EVGN) reported a narrower-than-expected Q3 2025 loss with an EPS of -$0.31, surpassing the forecasted -$0.43, yet revenue of $310,000 fell short of expectations. The company's stock rose 2.56% in pre-market trading, reflecting investor confidence in its strategic shift towards AI-driven innovation in pharmaceutical and agricultural chemicals, despite significant year-over-year revenue decline. Evogene outlined its focus on its Campus AI platform, aiming for new pharmaceutical collaborations and expanding existing agricultural partnerships.",https://www.investing.com/news/transcripts/earnings-call-transcript-evogene-reports-q3-2025-earnings-beat-amid-restructuring-93CH-4370954,Investing.com,Investing.com,20251120T104600,https://i-invdn-com.investing.com/news/World_News_9_800x533_L_1420026261.jpg,0.387253,Bullish,0.606422,0.322513,Somewhat-Bullish
NVDA,IBM and University of Dayton Forge Semiconductor Frontier for AI Era,"IBM and the University of Dayton have announced a groundbreaking $20 million collaboration to pioneer next-generation semiconductor research for the AI era. This partnership focuses on AI hardware, advanced packaging, and photonics, establishing a nanofabrication facility to accelerate development and cultivate a skilled workforce. The initiative aims to strengthen U.S. leadership in semiconductors and address critical computational and energy bottlenecks facing modern AI.",https://markets.financialcontent.com/stocks/article/tokenring-2025-11-20-ibm-and-university-of-dayton-forge-semiconductor-frontier-for-ai-era,Markets Financial Content,Markets Financial Content,20251120T104900,https://news.tokenring.ai/wp-content/uploads/2025/11/8e4f43b1-1577-402a-8f52-a84a6dbc642a-1024x683.png,0.334411,Somewhat-Bullish,0.729929,0.309584,Somewhat-Bullish
NVDA,IBM and University of Dayton Forge Semiconductor Frontier for AI Era,"IBM and the University of Dayton have announced a groundbreaking $20 million collaboration to pioneer next-generation semiconductor research for the AI era. This partnership will establish a nanofabrication facility, focusing on AI hardware, advanced packaging, and photonics, while also cultivating a skilled workforce. The initiative aims to accelerate AI innovation, strengthen the U.S. semiconductor industry, and drive regional economic growth, with the goal of creating more efficient and powerful AI systems.",https://markets.financialcontent.com/wral/article/tokenring-2025-11-20-ibm-and-university-of-dayton-forge-semiconductor-frontier-for-ai-era,FinancialContent,FinancialContent,20251120T104900,,0.414519,Bullish,0.710472,0.344251,Somewhat-Bullish
NVDA,"Intel Stock Today: INTC Rises on Nvidia AI Rally as New CIO, Chip Yield Progress and Taiwan Probe Shape Outlook (Nov 20, 2025)","Intel stock rose today driven by the Nvidia AI rally, new leadership appointments, progress in advanced chip manufacturing nodes, and a probe into a former TSMC executive now at Intel in Taiwan. Investors are weighing renewed confidence in Intel's turnaround and AI roadmap against its elevated valuation and new geopolitical uncertainties. Key catalysts include improving 18A yields, a new CIO, and direct CEO oversight of AI initiatives, alongside an important Nvidia partnership.",https://ts2.tech/en/intel-stock-today-intc-rises-on-nvidia-ai-rally-as-new-cio-chip-yield-progress-and-taiwan-probe-shape-outlook-nov-20-2025/,ts2.tech,ts2.tech,20251120T105112,,0.287369,Somewhat-Bullish,0.825899,0.443978,Bullish
NVDA,"Citizens Financial Group Inc. RI Invests $251,000 in Western Digital Corporation $WDC","Citizens Financial Group Inc. RI recently acquired a new stake of 3,921 shares, valued at approximately $251,000, in Western Digital Corporation (NASDAQ:WDC) during the second quarter. This investment is part of broader institutional interest in Western Digital, with several other large investors also adjusting their holdings. The article also details significant insider transactions, the company's financial performance, recent dividend increases, and updated analyst price targets.",https://www.marketbeat.com/instant-alerts/filing-citizens-financial-group-inc-ri-invests-251000-in-western-digital-corporation-wdc-2025-11-20/,MarketBeat,MarketBeat,20251120T110109,,0.260914,Somewhat-Bullish,0.642610,0.119996,Neutral
NVDA,Alphabet's record-high stock rally continues amid AI enthusiasm; unveils $2B data center. (GOOG:NASDAQ),"Alphabet's stock reached a new record high, continuing its rally for the second day, driven by enthusiasm for artificial intelligence. Class A shares of the company rose significantly during early open market trading. This surge coincides with Alphabet unveiling a new $2 billion data center.",https://seekingalpha.com/news/4524551-alphabets-record-high-stock-rally-continues-amid-ai-enthusiasm-unveils-2b-data-center,Seeking Alpha,Seeking Alpha,20251120T112100,,0.39268,Bullish,0.620062,0.304274,Somewhat-Bullish
NVDA,Nomura Asset Management Co. Ltd. Has $23.67 Million Position in Western Digital Corporation $WDC,"Nomura Asset Management Co. Ltd. significantly increased its stake in Western Digital Corporation by 238% in Q2, holding 369,844 shares valued at $23.67 million. This move aligns with other institutional investors boosting their positions, bringing institutional ownership to 92.51%. Despite insider selling, analysts maintain a ""Moderate Buy"" rating for WDC with an average price target of $160.74, and the company has also increased its quarterly dividend.",https://www.marketbeat.com/instant-alerts/filing-nomura-asset-management-co-ltd-has-2367-million-position-in-western-digital-corporation-wdc-2025-11-19/,MarketBeat,MarketBeat,20251120T114303,https://www.marketbeat.com/logos/marketbeat-media-llc.jpg,0.207541,Somewhat-Bullish,0.635288,0.146379,Neutral
NVDA,Here’s why Morgan Stanley raised its price target for Nvidia to $235,"Morgan Stanley raised its price target for Nvidia to $235. Joseph Moore, a semiconductors analyst at Morgan Stanley, discusses Nvidia's recent earnings report and concerns about an A.I. bubble. The article is a video discussing these topics.",https://www.cnbc.com/video/2025/11/20/heres-why-morgan-stanley-raised-its-price-target-for-nvidia-to-235.html,CNBC,CNBC,20251120T120700,,0.442155,Bullish,1.000000,0.470641,Bullish
NVDA,Vanguard Information Technology ETF and iShares US Technology ETF: Two Visions of Tech Investing,"This article compares two major technology-focused ETFs, the Vanguard Information Technology ETF (VGT) and the iShares US Technology ETF (IYW), highlighting their differing approaches to tech investing. VGT offers lower costs, higher yield, and broader diversification with more holdings, appealing to long-term investors seeking stability. IYW, while having delivered slightly higher short-term returns, focuses on a more concentrated portfolio of mega-cap tech stocks, leading to shaper market swings but potentially higher upside.",https://www.theglobeandmail.com/investing/markets/markets-news/Motley%20Fool/36239538/vanguard-information-technology-etf-and-ishares-us-technology-etf-two-visions-of-tech-investing/,The Globe and Mail,The Globe and Mail,20251120T121110,https://barchart-news-media-prod.aws.barchart.com/FC/384a438c15e55a21693ec021164404ad/pixel%3Fslug%3Dmotleyfoolgm-2025-11-20-vanguard-information-technology-etf-and-ishares-us-technology-etf-two-visions-of-tech-investing,0.275486,Somewhat-Bullish,0.697430,0.291660,Somewhat-Bullish
NVDA,Nvidia refutes 'Big Short' investor Michael Burry's bearish case. Here's what the company says,"Nvidia has pushed back against Michael Burry's bearish thesis on the company, asserting that its older chips retain significant economic value due to the longevity provided by its CUDA software. CFO Colette Kress stated that CUDA extends the useful life of Nvidia's GPUs far beyond initial estimates, ensuring customers receive long-term value despite rapid advancements in new chip generations, which counters Burry's argument that older hardware becomes uncompetitive and unprofitable quickly.",https://www.cnbc.com/2025/11/20/nvidia-refutes-big-short-investor-burrys-bear-case-what-the-company-says.html,CNBC,CNBC,20251120T121600,,0.02933,Neutral,0.333423,0.035883,Neutral
NVDA,"FineMark National Bank & Trust Sells 1,805 Shares of Advanced Micro Devices, Inc. $AMD","FineMark National Bank & Trust reduced its stake in Advanced Micro Devices (AMD) by 1,805 shares in the second quarter, valuing its remaining holdings at $1,194,000. Other institutional investors also adjusted their positions in AMD, while several analysts issued ratings with price targets ranging from $210.00 to $380.00. The article also details recent insider sales and provides financial metrics for AMD, including market cap, P/E ratio, and recent earnings data.",https://www.marketbeat.com/instant-alerts/filing-finemark-national-bank-trust-sells-1805-shares-of-advanced-micro-devices-inc-amd-2025-11-20/,MarketBeat,MarketBeat,20251120T121605,,0.111318,Neutral,0.602340,0.141856,Neutral
NVDA,How Bulls Can Take Advantage Of Prospering Goldman Sachs Stock,"Goldman Sachs (GS) stock has been on a significant uptrend since April, making it a potential candidate for bullish option investors. Traders could utilize a bull put spread, a defined risk strategy, to capitalize on the stock's performance. The article suggests this option strategy given the stock's recent strong performance.",https://www.investors.com/research/options/goldman-sachs-stock-gs-bull-put-spread-options/,Investor's Business Daily,Investor's Business Daily,20251120T122500,,0.201534,Somewhat-Bullish,0.715947,0.127467,Neutral
NVDA,Insulet projects 20% revenue growth through 2028 at investor day,"Insulet Corporation outlined its strategic plan for 2025-2028, projecting a 20% compound annual revenue growth through 2028, driven by the Omnipod brand's adoption and geographic expansion. The company expects adjusted operating margin to expand by 100 basis points annually and adjusted diluted EPS to grow by 25% or more. Insulet also announced plans for new product developments including Omnipod 5 enhancements in 2026, Omnipod 6 in 2027, and Omnipod Fully Closed Loop for Type 2 in 2028.",https://www.streetinsider.com/Corporate+News/Insulet+projects+20%25+revenue+growth+through+2028+at+investor+day/25643357.html,StreetInsider,StreetInsider,20251120T123100,,0.48986,Bullish,0.620127,0.533812,Bullish
NVDA,Advanced Micro Devices (AMD) Receives a Hold from Bernstein,"Bernstein analyst Stacy Rasgon maintained a Hold rating on Advanced Micro Devices (AMD) with a $200.00 price target. This comes after AMD's latest earnings report showing significant revenue and profit growth. Other analysts have varied ratings, with Seaport Global also issuing a Hold, while Bank of America Securities maintained a Buy rating.",https://www.theglobeandmail.com/investing/markets/stocks/AMD/pressreleases/36226699/advanced-micro-devices-amd-receives-a-hold-from-bernstein/,The Globe and Mail,The Globe and Mail,20251120T123537,,0.119825,Neutral,0.605751,0.311018,Somewhat-Bullish
NVDA,Supermicro Expands Its Portfolio of Performance and Efficiency Driven Air-Cooled AI Solutions Featuring AMD Instinct MI355X GPUs,"Supermicro has announced an expansion of its air-cooled AI solutions portfolio, introducing new systems featuring AMD Instinct MI355X GPUs. These new 10U servers are designed to deliver enhanced performance and power efficiency for organizations needing high-end AI capabilities within air-cooled environments. The collaboration with AMD aims to provide customers with more choices for building next-generation data centers, showcasing these innovations at SC25.",https://www.hpcwire.com/aiwire/2025/11/19/supermicro-expands-its-portfolio-of-performance-and-efficiency-driven-air-cooled-ai-solutions-featuring-amd-instinct-mi355x-gpus/,HPCwire,HPCwire,20251120T125133,,0.315373,Somewhat-Bullish,0.649762,0.112948,Neutral
NVDA,IBM and Cisco announce partnership to build networked quantum computers,"IBM and Cisco have announced a partnership to develop networked quantum computers, aiming to combine IBM's quantum computing expertise with Cisco's quantum networking innovations. The collaboration seeks to build large-scale, fault-tolerant quantum computers capable of scaling to tens to hundreds of thousands of qubits, laying the groundwork for a future quantum computing internet. The companies plan to demonstrate a proof-of-concept within five years and anticipate a connected quantum network by the early 2030s, ultimately leading to a quantum computing internet by the late 2030s.",https://www.proactiveinvestors.com/companies/news/1082912/ibm-and-cisco-announce-partnership-to-build-networked-quantum-computers-1082912.html,Proactive financial news,Proactive financial news,20251120T130300,,0.379783,Bullish,0.607355,0.325379,Somewhat-Bullish
NVDA,Nvidia CEO Jensen Huang talks about AI as company reports strong earnings,"Nvidia's CEO Jensen Huang discusses AI as the company announces strong earnings. The company's sales of computing chips, crucial for artificial intelligence, surpassed analyst expectations. This performance may alleviate concerns about a potential bust in the Big Tech AI boom.",https://apnews.com/video/nvidia-earnings-shed-a-light-on-whether-big-tech-is-fueling-an-ai-boom-or-bubble-458f9a2357714ccbb034e062405e5a5c,AP News,AP News,20251120T130638,NULL,0.805658,Bullish,0.987990,0.827302,Bullish
NVDA,Nvidia Becomes First $5 Trillion Company,"Nvidia has become the first company to achieve a $5 trillion market value, marking a significant milestone driven by the artificial intelligence boom. The chip maker's stock rose approximately 3% on Wednesday, bringing its market capitalization to $5.03 trillion. This unprecedented surge reflects AI's growing influence on both markets and the broader economy.",https://www.wsj.com/tech/ai/nvidia-first-5-trillion-company-market-cap-ae513ff0?gaa_at=eafs&gaa_n=AWEtsqeV3cmGIs3nNRUEbY4hONzyTawkoNQlTdRb1RO0oke2EKDM-4WfhDx1&gaa_ts=691f1561&gaa_sig=NTEiDFxrye7vDO93c7urIYXs1_2tIM_rXTRcu2RyYCf6CXdLfZmX95pPfzGYUuJ3KzE6rzwplbib3Dd3Niij4Q%3D%3D,The Wall Street Journal,The Wall Street Journal,20251120T130638,,0.800787,Bullish,1.000000,0.829564,Bullish
NVDA,"Earnings live: Walmart raises outlook again, Nvidia stock gives back gains after blockbuster report","Walmart has once again raised its outlook after a strong third quarter, with its CFO noting consistent consumer spending but also a widening disparity between income cohorts. Meanwhile, Nvidia reported blockbuster earnings and reaffirmed ""off the charts"" AI chip demand and massive revenue pipelines, prompting some other chip stocks to rise, despite Nvidia stock giving back some gains. Several other companies, including Bath & Body Works, Palo Alto Networks, TJX, Lowe's, Target, La-Z-Boy, Medtronic, Klarna, Home Depot, PDD Holdings, and Xiaomi, also released their earnings reports with mixed results.",https://uk.finance.yahoo.com/news/earnings-live-walmart-raises-outlook-again-nvidia-stock-jumps-after-blockbuster-report-130706461.html,Yahoo Finance UK,Yahoo Finance UK,20251120T130706,,0.239629,Somewhat-Bullish,1.000000,0.402380,Bullish
NVDA,authID (AUID) Soars After Joining NVIDIA Connect: How Today’s AI Security Deal Could Reshape Its Future,"authID Inc. (AUID) saw its stock surge after announcing it joined the NVIDIA Connect Program, a strategic move aimed at enhancing its AI agent security and governance offerings. This collaboration will allow authID to leverage NVIDIA's infrastructure to accelerate its Mandate Framework, a governance model for AI agents, by building GPU-accelerated biometric and policy engines. While the news provides significant visibility and validation, authID remains an early-stage, loss-making company with challenging financials, making execution and future revenue generation critical.",https://ts2.tech/en/authid-auid-soars-after-joining-nvidia-connect-how-todays-ai-security-deal-could-reshape-its-future/,ts2.tech,ts2.tech,20251120T130926,NULL,0.384808,Bullish,0.701076,0.327211,Somewhat-Bullish
NVDA,Nvidia's rising stock price takes fellow chip giants along for ride as renewed AI enthusiasm fuels fresh rally,"Nvidia's Q3 2026 earnings beat expectations, leading to a significant jump in its stock price and alleviating fears of an AI bubble. This positive performance also spurred a rally among other major chipmakers like AMD, Arm, and Broadcom, as well as several Big Tech companies, indicating a ""rising tide lifts all boats"" effect across the AI-focused tech sector. Despite the current optimism, some industry watchers still harbor concerns about a potential AI bubble.",https://www.fastcompany.com/91445897/nvidia-stock-price-up-today-amd-arm-broadcom-chipmakers-rally,Fast Company,Fast Company,20251120T131750,,0.366855,Bullish,1.000000,0.456209,Bullish
NVDA,"Here Are Thursday's Top Wall Street Analyst Research Calls: AON, Apollo Global, Bullish, Jack Henry, Marsh & McClennan, Nasdaq, NVIDIA, and More","This article compiles the top Wall Street analyst upgrades, downgrades, and initiations announced on Thursday, November 20, 2025, following NVIDIA's strong earnings report. It highlights key analyst calls for companies such as AON, Apollo Global Management, Bullish, Jack Henry, Marsh & McLennan, Nasdaq, and NVIDIA. The report also provides a market overview, including futures, Treasury bonds, oil and gas, gold, and cryptocurrency performance after NVIDIA's fiscal third-quarter results.",https://247wallst.com/investing/2025/11/20/here-are-thursdays-top-wall-street-analyst-research-calls-aon-apollo-global-managment-bullish-jack-henry-marsh-mcclennan-nasdaq-nvidia/,24/7 Wall St.,24/7 Wall St.,20251120T133612,https://247wallst.com/wp-content/uploads/2022/10/Nvidia-logo-e1666611397441.jpg?w=780,0.421436,Bullish,0.918922,0.534489,Bullish
NVDA,"Micron Technology, Inc. $MU Shares Acquired by GDS Wealth Management","GDS Wealth Management significantly increased its stake in Micron Technology by 131.7% during the second quarter, making it their 29th largest holding. Other institutional investors like Achmea Investment Management B.V. and KLP Kapitalforvaltning AS also adjusted their positions. The article also details recent insider stock sales by EVP April S. Arnzen and CFO Mark J. Murphy, along with the company's financial performance, dividend announcement, and recent analyst ratings.",https://www.marketbeat.com/instant-alerts/filing-micron-technology-inc-mu-shares-acquired-by-gds-wealth-management-2025-11-20/,MarketBeat,MarketBeat,20251120T133807,,0.152696,Somewhat-Bullish,0.550538,0.117849,Neutral
NVDA,Wall Street Gives Up on High-Yield Stocks,"This article discusses how Wall Street has shifted focus from high-yield stocks like Altria to high-growth stocks like Nvidia, especially within the AI sector. It highlights Altria's robust dividend history and balance sheet as a potentially attractive investment once the AI bubble bursts, contrasting its steady performance with Nvidia's explosive growth. The piece also mentions economic risks as a factor that could make stable, dividend-paying stocks more appealing in the future.",https://247wallst.com/investing/2025/11/20/wall-street-gives-up-on-high-yield-stocks/,24/7 Wall St.,24/7 Wall St.,20251120T135122,https://247wallst.com/wp-content/uploads/2025/11/Bet_NoireGettyImages-e1700445778263.jpg,-0.090499,Neutral,0.802041,0.265807,Somewhat-Bullish
NVDA,SPGM Brings Broader Diversification and Lower Cost Than NZAC,"This article compares two ETFs, SPDR Portfolio MSCI Global Stock Market ETF (SPGM) and SPDR MSCI ACWI Climate Paris Aligned ETF (NZAC), highlighting SPGM's broader diversification, lower expense ratio, and larger asset base. While both invest in global equities, NZAC focuses on ESG and climate-aligned mandates, leading to different sector allocations and a slightly lower return compared to SPGM's comprehensive global equity coverage. The choice between them depends on an investor's priority for broad market exposure versus sustainability.",https://www.theglobeandmail.com/investing/markets/stocks/AAPL/pressreleases/36170545/spgm-brings-broader-diversification-and-lower-cost-than-nzac/,The Globe and Mail,The Globe and Mail,20251120T140853,https://barchart-news-media-prod.aws.barchart.com/FC/50b1675649ab5f5771d1ac3c3fe59d70/pixel%3Fslug%3Dmotleyfoolgm-2025-11-17-spgm-brings-broader-diversification-and-lower-cost-than-nzac,0.037131,Neutral,0.643046,0.133406,Neutral
NVDA,The Fear Gauge is Just Starting to Spike Again,"The Volatility Index (VIX) has spiked to 27.34, challenging previous highs and indicating increased market fear, especially if the Federal Reserve does not cut interest rates in December. This spike occurred amid a market drop as Nvidia's rally fizzled and speculation grew against another Fed rate cut, despite strong Nvidia earnings. Investors seeking to trade on potential higher volatility can consider VIX-related ETFs like ProShares Ultra VIX Short-Term Futures ETF (UVXY), iPath S&P 500 VIX Short-Term Futures (VXX), and ProShares VIX Short-Term Futures ETF (VIXY).",https://247wallst.com/investing/2025/11/20/stock-market-live-november-20-sp-500-spy-exploding-with-nvidia/liveupdates/2/?tpid=liveblog-1540175-1&tv=link&tc=in_content,24/7 Wall St.,24/7 Wall St.,20251120T141000,NULL,0.116904,Neutral,0.624546,0.348154,Somewhat-Bullish
NVDA,Xunlei Ltd Reports Record Revenue and Strategic Gains,"Xunlei Ltd reported record-breaking Q3 revenues of $126.4 million, a 57.7% year-over-year increase, driven by strong growth in subscription, live streaming, and cloud computing segments. The company's net income surged to $550.1 million, largely due to a significant $545.8 million gain from its equity stake in Arashi Vision Inc., despite facing increased costs and a decreased gross profit margin. Xunlei provided optimistic Q4 2025 guidance, forecasting revenues between $131 million and $139 million, aiming to leverage strategic flexibility for R&D, collaboration, and shareholder returns.",https://www.tipranks.com/news/company-announcements/xunlei-ltd-reports-record-revenue-and-strategic-gains,TipRanks,TipRanks,20251120T142135,,0.039049,Neutral,0.629718,0.143818,Neutral
NVDA,Stocks see biggest intraday selloff since April as Nvidia-inspired rebound falters. Here’s what investors need to know.,"Stocks experienced a significant intraday selloff, the largest since April, despite an early rally. The downturn was triggered by re-emerging doubts about the artificial intelligence sector, even after strong earnings reported by Nvidia Corp. Investors initially reacted positively to Nvidia's revenue beat and CEO Jensen Huang's comments on Blackwell Ultra GPU demand, but the enthusiasm faded, leading to broad-based selling.",https://www.marketwatch.com/story/stocks-on-track-for-biggest-blown-gain-since-april-as-nvidia-inspired-rebound-falters-heres-what-investors-need-to-know-65890e35?gaa_at=eafs&gaa_n=AWEtsqc9zl9SRoYY9i5-iVJl8QWggRpI8xJ5awUrnulwxZZLS0j6jGqlLwcB&gaa_ts=6920ccdc&gaa_sig=2tcK4NBC7mNmMjRSleKKidXRFAuopDlZlSFFEr-wST5wuzMaoZu4asdXkZBcJGY0hM7ydhsp96QGpH1KTNbqnA%3D%3D,MarketWatch,MarketWatch,20251120T151100,,-0.247479,Somewhat-Bearish,1.000000,-0.246081,Somewhat-Bearish
NVDA,"IPG Photonics, Magnachip, KLA Corporation, and Himax Stocks Trade Down, What You Need To Know","A number of stocks, including IPG Photonics, Magnachip, KLA Corporation, and Himax, traded down in the afternoon session after markets faded an Nvidia rally. This market reversal was primarily driven by a stronger-than-expected jobs report, which diminished the likelihood of a December interest rate cut. Despite strong corporate performance from Nvidia and Walmart, macroeconomic anxiety over ""higher-for-longer"" rates led investors to rotate out of volatile growth sectors.",https://www.theglobeandmail.com/investing/markets/stocks/KLAC/pressreleases/36241082/ipg-photonics-magnachip-kla-corporation-and-himax-stocks-trade-down-what-you-need-to-know/,The Globe and Mail,The Globe and Mail,20251120T155500,,-0.202272,Somewhat-Bearish,0.637304,-0.243729,Somewhat-Bearish
NVDA,"IPG Photonics, Magnachip, KLA Corporation, and Himax Stocks Trade Down, What You Need To Know","Several semiconductor stocks, including IPG Photonics, Magnachip, KLA Corporation, and Himax, traded down in the afternoon session after an initial market rally faded. The decline was attributed to stronger-than-expected jobs report reducing the odds of a December interest rate cut, overshadowing strong corporate performances like Nvidia's earnings. Investors rotated capital from volatile growth sectors to defensive staples amidst ""higher-for-longer"" rate environment concerns.",https://www.theglobeandmail.com/investing/markets/stocks/IPGP/pressreleases/36241082/ipg-photonics-magnachip-kla-corporation-and-himax-stocks-trade-down-what-you-need-to-know/,The Globe and Mail,The Globe and Mail,20251120T155500,,0.046951,Neutral,0.718656,-0.100992,Neutral
NVDA,Equity markets to broaden despite continued AI resilience,"The article predicts a broadening of equity market leadership in 2026 beyond the current AI-dominated landscape. This shift is driven by continued AI innovation, significant fiscal stimulus in the U.S., deregulation, and increasing M&A activity in various sectors and regions. The authors highlight opportunities in physical AI infrastructure, industrials, materials, energy, banks, aerospace and defense, and international markets including Japan, Europe, and emerging economies.",https://www.troweprice.com/en/ie/insights/equity-markets-broaden-despite-continued-ai-resilience,T. Rowe Price,T. Rowe Price,20251120T160636,,0.398598,Bullish,0.727047,0.424787,Bullish
NVDA,Supermicro shares climb after debuting new AMD-powered AI server,"Supermicro (SMCI) shares climbed over 5% after the company introduced a new AI server powered by AMD's Instinct MI300X GPUs. This move positions Supermicro as a key player in the AI hardware market, offering high-performance solutions for complex AI tasks. The announcement highlights the growing competition and innovation in the AI server space, with Supermicro leveraging AMD's advanced technology to meet increasing demand.",https://www.msn.com/en-us/money/markets/supermicro-shares-climb-after-debuting-new-amd-powered-ai-server/ar-AA1QP9LA?ocid=finance-verthp-feeds,MSN,MSN,20251120T160650,,0.567276,Bullish,0.620746,0.117045,Neutral
NVDA,"Stock market today: Dow, S&P 500, Nasdaq soar after Nvidia's earnings beat, jobs report blows past expectations","US stocks experienced a sharp midday reversal on Thursday, losing earlier gains despite strong Nvidia earnings and a better-than-expected jobs report. The Nasdaq Composite led losses, falling over 2.1%, while cryptocurrency markets also saw significant declines. Retailer insights painted a mixed picture of consumer health, highlighting pressures on lower-income households and caution regarding large discretionary purchases.",https://sg.finance.yahoo.com/news/stock-market-today-dow-sp-500-nasdaq-pop-after-nvidias-earnings-beat-jobs-report-233508000.html,Yahoo Finance Singapore,Yahoo Finance Singapore,20251120T160700,,0.071405,Neutral,1.000000,-0.228406,Somewhat-Bearish
NVDA,"Alphabet (GOOGL) Stock Today: New Record High on AI Hype and Berkshire Bet – November 20, 2025","Alphabet (GOOGL) stock reached a new record high on November 20, 2025, driven by the strong reception of its Gemini 3 AI model and a significant investment from Berkshire Hathaway. The article details GOOGL's price action, analyst upgrades, and key company-specific news highlighting its position as a ""full-stack AI winner,"" despite some institutional profit-taking and valuation concerns.",https://ts2.tech/en/alphabet-googl-stock-today-new-record-high-on-ai-hype-and-berkshire-bet-november-20-2025/,ts2.tech,ts2.tech,20251120T162000,,0.571974,Bullish,0.637230,0.300253,Somewhat-Bullish
NVDA,Utility PPL shares down again following $1 bln exchangeable notes sale,PPL Corp shares fell 0.5% after the utility announced a private offering of $1 billion in 3% 5-year exchangeable notes to repay short-term debt and for general corporate purposes. This decline occurred despite a broader market rally and a rise in the S&P 500 Utilities index. The firm's shares had already dropped 2.6% on Wednesday when the offering was first unveiled.,"https://www.tradingview.com/news/reuters.com,2025:newsml_L6N3WW0ZG:0-utility-ppl-shares-down-again-following-1-bln-exchangeable-notes-sale/",TradingView,TradingView,20251120T162155,,0.16172,Somewhat-Bullish,0.613334,0.504068,Bullish
NVDA,"Feds charge 4 in plot to export restricted Nvidia chips to China, Hong Kong","Four men have been indicted on federal criminal charges for allegedly plotting to export restricted Nvidia chips worth millions of dollars to China and Hong Kong. The chips are highly restricted due to their use in AI and supercomputing applications, with some intended for military modernization efforts. One of the defendants, Brian Curtis Raymond, had a job offer as CTO for an AI cloud company rescinded after his identity was revealed.",https://www.cnbc.com/2025/11/20/nvidia-ai-chips-china-gpu.html,CNBC,CNBC,20251120T162200,,-0.292894,Somewhat-Bearish,1.000000,-0.448169,Bearish
NVDA,Ross Stores's (NASDAQ:ROST) Q3 CY2025: Beats On Revenue,"Ross Stores (NASDAQ:ROST) reported strong Q3 CY2025 results, exceeding Wall Street expectations for both revenue and profit. The company's sales rose 10.4% year-on-year to $5.6 billion, with GAAP EPS reaching $1.58, significantly above analyst estimates. The report also highlighted robust store performance, including a 7% rise in same-store sales and continued store expansion.",https://finviz.com/news/235504/ross-storess-nasdaq-rost-q3-cy2025-beats-on-revenue,Finviz,Finviz,20251120T162400,,0.212525,Somewhat-Bullish,0.619384,0.142912,Neutral
NVDA,"Orion, Astronics, Corning, Commercial Vehicle Group, and Verra Mobility Shares Plummet, What You Need To Know","Shares of Orion, Astronics, Corning, Commercial Vehicle Group, and Verra Mobility all plummeted after an initial market rally faded due to a stronger-than-expected jobs report, which reduced the likelihood of a December interest rate cut. This macroeconomic concern overshadowed positive corporate earnings, including Nvidia's blockbuster results, as investors rotated away from volatile growth sectors towards defensive stocks. The market's reaction highlights a cautious sentiment regarding high-flying tech valuations in a ""higher-for-longer"" rate environment.",https://finance.yahoo.com/news/orion-astronics-corning-commercial-vehicle-214545169.html,Yahoo Finance,Yahoo Finance,20251120T164500,,-0.228926,Somewhat-Bearish,0.801327,-0.231951,Somewhat-Bearish
NVDA,"Terex, Watsco, Carlisle, and Emerson Electric Shares Plummet, What You Need To Know","Shares of Terex, Watsco, Carlisle, and Emerson Electric plummeted after a stronger-than-expected jobs report reduced the implied odds of a December interest rate cut. This macroeconomic anxiety overshadowed Nvidia's blockbuster earnings, causing a broader market sell-off as investors rotated from volatile growth sectors towards defensive staples. The market's inability to sustain morning gains reflects a focus on rate realities over AI potential.",https://markets.financialcontent.com/stocks/article/stockstory-2025-11-20-terex-watsco-carlisle-and-emerson-electric-shares-plummet-what-you-need-to-know,FinancialContent,FinancialContent,20251120T164600,,-0.105564,Neutral,0.612175,0.131474,Neutral
NVDA,S&P 500 Gains and Losses Today: Nvidia-Led Rally Reverses Course; Walmart Stock Soars,"Nvidia's stock reversed early gains despite strong earnings, pulling down other tech stocks and major indexes. Walmart, however, saw its shares soar after reporting better-than-expected quarterly results driven by e-commerce and advertising revenue. Other notable movers included a significant drop for Jacobs Solutions and gains for Regeneron Pharmaceuticals and Solventum due to positive news.",https://www.investopedia.com/s-and-p-500-gains-and-losses-today-nvidia-led-rally-reverses-course-walmart-stock-soars-nvda-wmt-11853963,Investopedia,Investopedia,20251120T165000,,-0.167459,Somewhat-Bearish,1.000000,-0.291248,Somewhat-Bearish
NVDA,"Teradyne, Microchip Technology, and Qualcomm Shares Are Falling, What You Need To Know","Shares of Teradyne, Microchip Technology, and Qualcomm fell in the afternoon session after a stronger-than-expected jobs report reduced the implied odds of a December interest rate cut. This macroeconomic anxiety overshadowed earlier market enthusiasm driven by Nvidia's strong earnings, leading to a rotation out of volatile growth sectors like tech and into defensive staples. The market's inability to sustain morning gains reflects investors prioritizing ""rate realities"" over AI potential, causing a sell-off in high-flying tech valuations.",https://markets.financialcontent.com/stocks/article/stockstory-2025-11-20-teradyne-microchip-technology-and-qualcomm-shares-are-falling-what-you-need-to-know,FinancialContent,FinancialContent,20251120T165000,,-0.235199,Somewhat-Bearish,0.636715,-0.125879,Neutral
NVDA,"Teradyne, Microchip Technology, and Qualcomm Shares Are Falling, What You Need To Know","Shares of Teradyne, Microchip Technology, and Qualcomm fell significantly due to market anxieties about future interest rate cuts following a stronger-than-expected jobs report. This macroeconomic concern overshadowed positive corporate earnings, including Nvidia's initial surge, and led to a rotation of capital from volatile tech stocks to defensive sectors. The market's reaction highlights a short-term focus on rate realities over AI potential and high valuations.",https://finviz.com/news/235534/teradyne-microchip-technology-and-qualcomm-shares-are-falling-what-you-need-to-know,Finviz,Finviz,20251120T165000,,-0.231246,Somewhat-Bearish,0.628590,-0.241792,Somewhat-Bearish
NVDA,"Marvell Technology, Lam Research, and Applied Materials Stocks Trade Down, What You Need To Know","Semiconductor stocks Marvell Technology, Lam Research, and Applied Materials traded down as the market faded an initial Nvidia rally. This market reversal was primarily driven by a stronger-than-expected jobs report reducing the implied odds of a December interest rate cut. Investors are reportedly rotating capital from high-flying tech sectors to more defensive stocks amidst ""higher-for-longer"" rate environment concerns.",https://markets.financialcontent.com/stocks/article/stockstory-2025-11-20-marvell-technology-lam-research-and-applied-materials-stocks-trade-down-what-you-need-to-know,FinancialContent,FinancialContent,20251120T165500,,-0.178901,Somewhat-Bearish,0.735132,-0.118301,Neutral
NVDA,"IPG Photonics, Magnachip, KLA Corporation, and Himax Stocks Trade Down, What You Need To Know","A number of stocks, including IPG Photonics, Magnachip, KLA Corporation, and Himax, traded down in the afternoon session of November 20, 2025, after an early market rally faded. This reversal was attributed to a stronger-than-expected jobs report that reduced the odds of a December interest rate cut, overshadowing strong corporate performances from companies like Nvidia and Walmart. The market's caution reflected concerns over high-flying tech valuations in a ""higher-for-longer"" rate environment.",https://markets.financialcontent.com/stocks/article/stockstory-2025-11-20-ipg-photonics-magnachip-kla-corporation-and-himax-stocks-trade-down-what-you-need-to-know,FinancialContent,FinancialContent,20251120T165500,,-0.15095,Somewhat-Bearish,0.628536,-0.122575,Neutral
NVDA,"IPG Photonics, Magnachip, KLA Corporation, and Himax Stocks Trade Down, What You Need To Know","Several semiconductor stocks, including IPG Photonics, Magnachip, KLA Corporation, and Himax, traded down following a market reversal driven by a stronger-than-expected jobs report that reduced the odds of a December interest rate cut. Despite strong corporate performances like Nvidia's initial surge and KLA Corporation's positive analyst sentiment, macroeconomic anxieties about a ""higher-for-longer"" rate environment led investors to shift from growth sectors to defensive stocks. The article highlights individual stock movements and KLA Corporation's recent performance.",https://finviz.com/news/235547/ipg-photonics-magnachip-kla-corporation-and-himax-stocks-trade-down-what-you-need-to-know,Finviz,Finviz,20251120T165500,,-0.123257,Neutral,0.654758,-0.148460,Neutral
NVDA,Raymond James assumes coverage on AMD stock with Outperform rating,"Raymond James initiated coverage on Advanced Micro Devices (NASDAQ:AMD) with an Outperform rating and a $337.00 price target, citing its strong position in the CPU, APU, and GPU markets, particularly in data centers. The firm anticipates continued server and PC share gains, driven by significant AI-related wins with OpenAI and HUMAIN, positioning AMD favorably in the expanding AI market despite a high P/E ratio. Other recent developments include new AI-accelerated server introductions and involvement in exascale supercomputing projects, corroborating analyst confidence from TD Cowen and Truist Securities.",https://www.investing.com/news/analyst-ratings/raymond-james-assumes-coverage-on-amd-stock-with-outperform-rating-93CH-4371740,Investing.com,Investing.com,20251120T171100,,0.300022,Somewhat-Bullish,0.610791,0.336480,Somewhat-Bullish
NVDA,Four Indicted In Alleged Conspiracy To Smuggle Supercomputers and Nvidia Chips to China,"Four individuals in Florida, Alabama, and California have been indicted for allegedly conspiring to illegally ship supercomputers and hundreds of Nvidia GPUs to China. The defendants are accused of using a sham real estate company to acquire Nvidia chips and then re-selling them to Chinese companies, using doctored customs paperwork and shipping through Thailand and Malaysia. This action is part of a broader US government effort to curb the smuggling of advanced AI chips to China, which authorities fear could be used for military, surveillance, disinformation, and cybersecurity applications.",https://www.wired.com/story/smuggling-supercomputers-china-nvidia-indictment/,WIRED,WIRED,20251120T172600,,-0.23026,Somewhat-Bearish,1.000000,-0.325587,Somewhat-Bearish
NVDA,"Intrinsic, an Alphabet company, and Nvidia supplier Foxconn will join forces to deploy AI robots in the latter’s U.S. factories","Intrinsic, an Alphabet company, and Foxconn, a major manufacturing partner for Apple and Nvidia, are forming a joint venture to deploy AI-driven robots in Foxconn's U.S. factories. This collaboration aims to leverage Intrinsic's expertise in flexible AI robotics and Foxconn's manufacturing knowledge to revolutionize industrial processes. The initiative is part of a broader shift towards ""physical AI"" and is expected to address challenges like the shrinking manufacturing workforce and supply chain vulnerabilities, with Asia currently leading in industrial robotics development.",https://finance.yahoo.com/news/intrinsic-alphabet-company-nvidia-supplier-230000944.html,Yahoo Finance,Yahoo Finance,20251120T180000,,0.018821,Neutral,0.824713,-0.136786,Neutral
NVDA,NVIT ETF Price and Chart — CBOE:NVIT,"The NVIT ETF, YieldMax NVDA Performance & Distribution Target 25 ETF, aims to provide current income by combining synthetic long exposure to Nvidia Corp. (NVDA) with other options strategies. It targets monthly premiums of approximately 2.2% and an annual cash distribution of about 25% of its NAV. The fund, which began trading on November 17, 2025, uses strategies like covered call spreads to generate income, but this limits participation in potential gains from NVDA's stock price increase.",https://www.tradingview.com/symbols/CBOE-NVIT/,TradingView,TradingView,20251120T184009,https://s3-symbol-logo.tradingview.com/yieldmax-tsla-option-income-strategy-etf--big.svg,0.007751,Neutral,0.873348,0.046004,Neutral
NVDA,"Amid stretched valuations, look to non-U.S. equities and local bonds","Given stretched valuations in many asset classes, T. Rowe Price's Asset Allocation Committee recommends tactical opportunities in non-U.S. equities and local bonds. Expansionary fiscal policy and AI-related growth are boosting the U.S. economy, but inflation risks favor stocks over bonds. The U.S. dollar's weakness is expected to continue, making non-U.S. currency exposure attractive.",https://www.troweprice.com/institutional/ca/en/insights/articles/2025/q4/amid-stretched-valuations-look-to-non-us-equities-and-local-bonds.html,T. Rowe Price,T. Rowe Price,20251120T185130,,0.305247,Somewhat-Bullish,0.628687,0.334203,Somewhat-Bullish
NVDA,"Earnings live: Walmart raises outlook again, Nvidia stock gives back gains after blockbuster report","Walmart has again raised its outlook after a strong quarter, with its CFO noting consistent consumer spending despite signs of a K-shaped economy. Nvidia's stock saw initial gains then gave some back despite a blockbuster earnings report that beat estimates and reaffirmed ""off the charts"" AI chip demand, with the CEO addressing ""AI bubble"" concerns. Other companies like Bath & Body Works, Palo Alto Networks, TJX Companies, Lowe's, Target, Medtronic, Home Depot, Klarna, La-Z-Boy, PDD Holdings, and Xiaomi also reported earnings, showing mixed results across different sectors.",https://finance.yahoo.com/news/live/earnings-live-xpeng-stock-sinks-as-guidance-comes-up-short-125924785.html,Yahoo Finance,Yahoo Finance,20251120T190100,,0.011352,Neutral,0.333242,0.035200,Neutral
NVDA,"2 Americans, 2 Chinese nationals accused of illegally exporting Nvidia GPUs to China","Two Americans and two Chinese nationals have been charged with illegally exporting advanced Nvidia AI chips to China, using a Florida real estate company as a front. Prosecutors allege this plot threatened U.S. national security and aimed to circumvent export controls through third countries. The Department of Justice thwarted some shipments and highlighted China's goal of using AI for military modernization.",https://www.foxbusiness.com/technology/two-americans-2-chinese-nationals-accused-illegally-exporting-nvidia-gpus-china,Fox Business,Fox Business,20251120T190100,,-0.603826,Bearish,1.000000,-0.604915,Bearish
NVDA,ZipRecruiter CEO Siegel sells $120k in shares,"Ian H. Siegel, CEO of ZipRecruiter, Inc. (NASDAQ:ZIP), sold 29,166 shares of Class A Common Stock between November 3 and November 5, 2025, totaling approximately $120,000. These transactions were executed under a pre-arranged Rule 10b5-1 trading plan. Despite the sales, Siegel retains significant direct and indirect ownership in the company.",https://www.investing.com/news/insider-trading-news/ziprecruiter-ceo-siegel-sells-120k-in-shares-93CH-4335875,Investing.com,Investing.com,20251120T190913,https://i-invdn-com.investing.com/news/World_News_9_800x533_L_1420026261.jpg,-0.097525,Neutral,0.594112,0.127358,Neutral
NVDA,"AI Bubble Fears Put To Rest? Micron, Intel, AMD Stocks In Spotlight Post Strong Nvidia Results","Following robust third-quarter earnings from Nvidia, fears of an ""AI bubble"" appear to be subsiding, leading to an anticipated rally in tech stocks like Intel, AMD, and Micron Technology. Nvidia's significant revenue and net income surge reassured investors about the fundamentals of AI-linked companies, despite ongoing discussions about inflated valuations. Nvidia CEO Jensen Huang explicitly addressed the ""AI bubble"" concerns, emphasizing the company's unique position and performance in AI.",https://www.ndtvprofit.com/markets/ai-bubble-fears-put-to-rest-micron-intel-amd-stocks-in-spotlight-post-strong-nvidia-results,NDTV Profit,NDTV Profit,20251120T192700,https://akm-img-a-src.a-nflx.com/tiles/04/04886638ac8546b38c2017604ed4e051/04886638ac8546b38c2017604ed4e051_std_0.jpg or NULL,0.257674,Somewhat-Bullish,0.981944,0.400132,Bullish
NVDA,Four accused in black-market scheme to smuggle hundreds of Nvidia GPUs to China—while raking in millions,"Federal authorities have arrested four individuals for allegedly orchestrating an elaborate black-market scheme to smuggle hundreds of Nvidia GPUs to China, bypassing U.S. export controls. The chips were sought by the Chinese military for weapons design and AI surveillance tools, with the accused facing lengthy prison sentences for exports evasion, smuggling, and money laundering charges. This incident highlights the ongoing geopolitical tensions impacting Nvidia's business in China due to tightened export regulations.",https://fortune.com/2025/11/20/nvidia-chips-china-smuggle-ai/,Fortune,Fortune,20251120T193400,,0.022012,Neutral,0.314346,0.008161,Neutral
NVDA,"Nvidia, Exact Sciences, Walmart, AMD, Alphabet, and More Stock Movers","The article reports on stock movers including Nvidia, Exact Sciences, Walmart, AMD, and Alphabet. It notes that stocks were falling on Thursday, following Nvidia's decline, which put the market on track for its biggest blown gain since April. The piece highlights several prominent companies experiencing significant market movement.",https://www.barrons.com/articles/stock-movers-cfacb79f?gaa_at=eafs&gaa_n=AWEtsqd_vgyjcVh8lLHGO2-wsMor1PeO7IMNkgMDip9A6Sjharomct1vBk_m&gaa_ts=691f7452&gaa_sig=sesfHbX-mNo-l62pmLlK8pjDTyxhLk30YvNXzwtsHoQGiP3rAYD6XLDmCeeDXIpV-LnZgzMTtmn6j-MQlvUs3g%3D%3D,Barron's,Barron's,20251120T195130,,-0.18629,Somewhat-Bearish,0.970561,-0.411862,Bearish
NVDA,The Fear Gauge is Just Starting to Spike Again,"The Volatility Index (VIX) has spiked to 27.34, challenging previous highs and indicating a potential for further increases, especially if the Federal Reserve does not cut interest rates in December. This surge in market fear follows Nvidia's strong earnings report which initially rallied markets, but concerns about rate cuts and Bitcoin's decline have introduced renewed volatility. Investors are looking at VIX-related ETFs to trade on this potential for higher volatility.",https://247wallst.com/investing/2025/11/20/stock-market-live-november-20-sp-500-spy-exploding-with-nvidia/liveupdates/2/,24/7 Wall St.,24/7 Wall St.,20251120T201005,NULL,0.323567,Somewhat-Bullish,0.808084,0.306627,Somewhat-Bullish
NVDA,Safe and Green Development Corporation Stock Chart | NASDAQ: SGD Stock Price,"This article provides an overview of Safe and Green Development Corporation (SGD) stock, including its latest price, market data, and analyst forecasts. It also delves into Bitget's stock perps and tokenization strategy, explaining how these products allow users to trade traditional stock-linked assets within the crypto ecosystem. The piece highlights the advantages of Bitget's approach, such as high leverage, 24/7 trading, and capital efficiency, comparing stock perps to traditional crypto futures.",https://www.bitget.com/stock/nasdaq-sgd,Bitget,Bitget,20251120T201107,https://img.bgstatic.com/multiLang/stocks/safe-and-green-development.png,-0.033635,Neutral,0.828374,0.043687,Neutral
NVDA,SuperX AI Achieves NVIDIA Solution Provider Preferred Level,"SuperX AI Technology Limited announced that its subsidiary, MicroInference Pte. Ltd., has achieved ""Preferred level"" status in the NVIDIA Partner Network (NPN) Solution Provider Partner Program for both Compute and Networking competencies. This elevation makes MicroInference eligible for enhanced program benefits. SuperX AI is an AI infrastructure solutions provider offering a comprehensive portfolio including proprietary hardware, advanced software, and end-to-end services for AI data centers.",https://www.prnewswire.com/apac/news-releases/superx-ai-achieves-nvidia-solution-provider-preferred-level-302621673.html,PR Newswire,PR Newswire,20251120T202800,,0.366302,Bullish,0.826519,0.329846,Somewhat-Bullish
NVDA,"Intel Stock Today, November 20, 2025: INTC Slides as Citi Questions Foundry Strategy Despite AI Tailwinds","Intel stock (NASDAQ: INTC) experienced a notable slide on November 20, 2025, sparked by a skeptical Citi research note questioning the company's foundry strategy, despite strong AI tailwinds from Nvidia's earnings. The article discusses Intel's volatile trading session, the specifics of Citi's concerns regarding Intel's 18A process and packaging services, and other company news like AI PCs at Arizona State and new Canadian Depositary Receipts. Ultimately, it highlights the ongoing debate between bullish turnaround hopes and bearish concerns over execution risk and competitive landscape.",https://ts2.tech/en/intel-stock-today-november-20-2025-intc-slides-as-citi-questions-foundry-strategy-despite-ai-tailwinds/,ts2.tech,ts2.tech,20251120T203604,,-0.106225,Neutral,0.843432,0.240355,Somewhat-Bullish
NVDA,Synopsys Demonstrates Framework for Optimizing Manufacturing Processes with Digital Twins,"Synopsys has unveiled a simulation-driven framework, incorporating NVIDIA Omniverse and Microsoft Azure, to optimize manufacturing processes in real-time using digital twins. This framework, first deployed by Krones for bottle filling assembly lines, significantly reduces simulation times from hours to minutes, enabling rapid scenario analysis and continuous improvements. It allows manufacturers to simulate entire factory floors, test various scenarios, and optimize operations without disrupting physical systems, promising smarter resource allocation and enhanced collaboration.",https://www.hpcwire.com/off-the-wire/synopsys-demonstrates-framework-for-optimizing-manufacturing-processes-with-digital-twins/,HPCwire,HPCwire,20251120T203657,,0.774584,Bullish,0.896871,0.794041,Bullish
NVDA,How Does Recent Semiconductor Optimism Impact Analog Devices’ Share Price in 2025?,"This article analyzes Analog Devices' (ADI) share price, noting its 10.4% gain over the past 12 months amid semiconductor optimism. Valuation checks suggest ADI is currently overvalued, with a Discounted Cash Flow (DCF) analysis indicating a 59.0% premium over its fair value and its P/E ratio of 58.4x exceeding the industry average and its calculated Fair Ratio. The article introduces ""Narratives"" as a tool for investors to create personalized valuation models.",https://simplywall.st/stocks/us/semiconductors/nasdaq-adi/analog-devices/news/how-does-recent-semiconductor-optimism-impact-analog-devices,Simply Wall Street,Simply Wall Street,20251120T203716,,0.267435,Somewhat-Bullish,0.614983,0.339834,Somewhat-Bullish
NVDA,"Marvell Technology, Lam Research, and Applied Materials Stocks Trade Down, What You Need To Know","Stocks for Marvell Technology, Lam Research, and Applied Materials fell in the afternoon session as a strong jobs report reduced the likelihood of a December interest rate cut, overshadowing Nvidia's initial surge. Investors rotated capital from high-flying tech to defensive staples due to ""higher-for-longer"" rate environment concerns. Lam Research, despite a significant year-to-date gain, experienced volatility reflecting market re-evaluation of AI stock valuations and anticipation of upcoming economic data.",https://www.theglobeandmail.com/investing/markets/stocks/AMAT/pressreleases/36241091/marvell-technology-lam-research-and-applied-materials-stocks-trade-down-what-you-need-to-know/,The Globe and Mail,The Globe and Mail,20251120T215500,,-0.116814,Neutral,0.694609,-0.120281,Neutral
NVDA,"IPG Photonics, Magnachip, KLA Corporation, and Himax Stocks Trade Down, What You Need To Know","A number of stocks, including IPG Photonics, Magnachip, KLA Corporation, and Himax, fell in the afternoon trading session as an initial rally driven by Nvidia's strong earnings and CEO Jensen Huang's bullish outlook evaporated. The market reversal was primarily attributed to a stronger-than-expected jobs report, which reduced the implied odds of a December interest rate cut and shifted investor focus from AI potential to rate realities. This macroeconomic anxiety overshadowed positive corporate performance reports, leading to a broader market sell-off and a rotation into defensive stocks.",https://www.theglobeandmail.com/investing/markets/stocks/HIMX/pressreleases/36241082/ipg-photonics-magnachip-kla-corporation-and-himax-stocks-trade-down-what-you-need-to-know/,The Globe and Mail,The Globe and Mail,20251120T215500,,0.142525,Neutral,0.607540,0.109910,Neutral
NVDA,"Teradyne, Microchip Technology, and Qualcomm Shares Are Falling, What You Need To Know","Shares of Teradyne, Microchip Technology, and Qualcomm fell in the afternoon session as the market reversed its morning gains. This decline was primarily due to a stronger-than-expected jobs report, which reduced the likelihood of a December interest rate cut and overshadowed positive corporate earnings from Nvidia and Walmart. The market shows increasing caution about high tech valuations and a ""higher-for-longer"" rate environment, leading to a rotation of capital into more defensive sectors.",https://www.tradingview.com/news/stockstory:1a279727a094b:0-teradyne-microchip-technology-and-qualcomm-shares-are-falling-what-you-need-to-know/,TradingView,TradingView,20251120T223624,NULL,-0.190917,Somewhat-Bearish,0.609430,-0.132763,Neutral
NVDA,"Terex, Watsco, Carlisle, and Emerson Electric Shares Plummet, What You Need To Know","Shares of Terex, Watsco, Carlisle, and Emerson Electric plummeted in the afternoon session after an initially strong market rally faded due to a stronger-than-expected jobs report. This report reduced the likelihood of a December interest rate cut, causing investors to rotate out of volatile growth sectors, including tech, and into defensive stocks despite Nvidia's blockbuster earnings. The article also provides specific details on Watsco's recent performance and investor returns.",https://www.tradingview.com/news/stockstory:ba7aaa5bc094b:0-terex-watsco-carlisle-and-emerson-electric-shares-plummet-what-you-need-to-know/,TradingView,TradingView,20251120T225116,,-0.091813,Neutral,0.637648,-0.149802,Neutral
NVDA,"MarketAxess (MKTX): Buy, Sell, or Hold Post Q3 Earnings?","MarketAxess (MKTX) stock has declined 26.6% in the past six months, prompting questions about its investment potential. Analysts recommend avoiding MKTX due to disappointing long-term revenue growth of 5.3% and flat EPS over the last five years, indicating decreasing profitability. Despite a more favorable entry price and a 21.2x forward P/E, analysts suggest other companies offer superior fundamentals.",https://finviz.com/news/235751/marketaxess-mktx-buy-sell-or-hold-post-q3-earnings,Finviz,Finviz,20251120T230100,,0.013895,Neutral,0.649315,0.324687,Somewhat-Bullish
NVDA,USA Rare Earth completes acquisition of Less Common Metals,"USA Rare Earth, Inc. has completed the acquisition of Less Common Metals Ltd. (LCM), a key move to establish a ""magnet-to-mine"" rare earth supply chain outside China. This acquisition secures critical materials for USA Rare Earth's Stillwater, Oklahoma magnet manufacturing facility and enhances its recycling capabilities. LCM's expertise in producing essential rare earth metals and alloys will support USA Rare Earth's mission to strengthen the U.S. rare earth supply chain for defense, automotive, and aerospace applications.",https://www.investing.com/news/company-news/usa-rare-earth-completes-acquisition-of-less-common-metals-93CH-4364566,Investing.com,Investing.com,20251120T231015,https://i-invdn-com.investing.com/news/World_News_8_800x533_L_1420026210.jpg,-0.086398,Neutral,0.643718,-0.240619,Somewhat-Bearish
NVDA,Stocks stay on rollercoaster despite strong Nvidia earnings,"Despite strong earnings from Nvidia Corp., global stocks experienced a rollercoaster ride, with initial relief turning sour due to lingering worries about the returns on AI investment and lofty tech valuations. Investors also grappled with delayed September payrolls data, solidifying expectations that the Federal Reserve would not cut interest rates. The market volatility highlights persistent concerns about potential bubble risks in highly-valued tech stocks and the concentrated nature of recent market gains.",https://www.livemint.com/companies/company-results/stocks-stay-on-rollercoaster-despite-strong-nvidia-earnings-11763668055806.html,mint,mint,20251121T011700,,-0.203341,Somewhat-Bearish,1.000000,-0.232344,Somewhat-Bearish
NVDA,From hype to hard returns: AI enters a new phase,"The article discusses the shift in AI from potential to profitability, highlighting the significant investment in AI infrastructure and the increasing reliance on debt funding. It explores the risks associated with this debt-fueled growth, particularly for hardware suppliers and hyperscalers, while maintaining a positive long-term outlook for the sector. The authors emphasize the need for clear monetization strategies as AI enters a new phase.",https://www.troweprice.com/financial-intermediary/us/en/insights/articles/2025/q4/from-hype-to-hard-returns-ai-enters-new-phase.html,T. Rowe Price,T. Rowe Price,20251121T012154,,0.169473,Somewhat-Bullish,0.606696,0.340129,Somewhat-Bullish
NVDA,The Best ETF for AI Infrastructure Investors Right Now,"While many AI ETFs focus on tech giants, the Global X Data Center & Digital Infrastructure ETF (NASDAQ: DTCR) offers a different approach by investing significantly in data center REITs alongside tech stocks. This strategy capitalizes on the massive spending increases in data center infrastructure, which is crucial for AI development. With declining vacancy rates and strong pricing power for data center landlords, this ETF provides a unique growth opportunity in the AI sector.",https://www.theglobeandmail.com/investing/markets/stocks/DTCR-Q/pressreleases/36203145/the-best-etf-for-ai-infrastructure-investors-right-now/,The Globe and Mail,The Globe and Mail,20251121T031012,https://barchart-news-media-prod.aws.barchart.com/FC/fd466e07e84134c524b1e0571c2f279c/%3Furl%3Dhttps%253a%252f%252fg.foolcdn.com%252feditorial%252fimages%252f842818%252fgettyimages-1809660148-1200x675-128554e.jpg%26amp%3Bw%3D700,0.240317,Somewhat-Bullish,0.631586,0.128770,Neutral
NVDA,Wood’s ARK Buys Nvidia Shares for First Time Since August,"Cathie Wood's ARK Innovation ETF purchased 93,374 shares of Nvidia following the company's strong earnings report. This marks the first time any ARK fund has bought Nvidia stock since August 4, 2025, reinforcing ARK Investment Management's bullish outlook on the chip bellwether.",https://www.bloomberg.com/news/articles/2025-11-21/cathie-wood-s-ark-buys-nvidia-shares-for-first-time-since-august,Bloomberg.com,Bloomberg.com,20251121T033300,,0.402217,Bullish,1.000000,0.403632,Bullish
NVDA,|The Ultimate Choice: Safe Dividends or AI Mania?,"|The article discusses a shift in equity markets from traditional high-dividend stocks like Altria Group Inc. to AI-focused companies such as Nvidia Corp. Despite Altria's strong dividend yield and defensive attributes, its market performance is currently overshadowed by the AI boom. The piece suggests that Altria could be a ""safe haven"" for investors if the AI bubble bursts, highlighting its consistent dividend growth and resilience in uncertain economic times.",https://nai500.com/blog/2025/11/the-ultimate-choice-safe-dividends-or-ai-mania/,NAI500,NAI500,20251121T033625,|NULL,-0.049781,Neutral,0.904033,0.317221,Somewhat-Bullish
NVDA,TSLA - Tesla Inc Stock Price and Quote,"This page provides a detailed stock price and quote for Tesla Inc. (TSLA), including real-time last close, key financial metrics, stock performance, and recent analyst ratings. It also features a comprehensive list of insider trading activities and recent news headlines related to Tesla.",https://finviz.com/quote.ashx?t=TSLA,Finviz,Finviz,20251121T040000,,-0.074367,Neutral,0.802252,-0.100285,Neutral
NVDA,PANW - Palo Alto Networks Inc Stock Price and Quote,"This page provides a comprehensive overview of Palo Alto Networks Inc (PANW) stock, including its current price, key financial metrics, stock performance, and recent news articles. It also features a detailed list of insider transactions and analyst rating changes, offering a snapshot of the company's financial health and market perception.",https://finviz.com/quote.ashx?t=PANW,Finviz,Finviz,20251121T040000,https://finviz.com/gfx/black_friday/banner.jpg?rev=33,0.143024,Neutral,0.868583,0.288130,Somewhat-Bullish
NVDA,"Rep. Gilbert Ray Cisneros, Jr. Buys Apple Inc. (NASDAQ:AAPL) Stock","Rep. Gilbert Ray Cisneros, Jr. disclosed purchasing between $1,001 and $15,000 of Apple Inc. (NASDAQ:AAPL) stock on October 17th. The article details Apple's recent financial performance, including beating EPS estimates and its dividend, along with analyst ratings and insider trading activity. It also provides an overview of other recent trades made by Rep. Cisneros and institutional investor activity in Apple.",https://www.marketbeat.com/instant-alerts/rep-gilbert-ray-cisneros-jr-buys-apple-inc-nasdaqaapl-stock-2025-11-20/,MarketBeat,MarketBeat,20251121T040639,,0.055038,Neutral,0.630753,-0.105710,Neutral
NVDA,Direxion Daily NVDA Bull 2X Shares (NASDAQ:NVDU) Shares Gap Up - Should You Buy?,"Direxion Daily NVDA Bull 2X Shares (NVDU) experienced a pre-market gap up, opening significantly higher than its previous close. This 2x leveraged ETF, which seeks to amplify NVIDIA's daily price movements, shows high volatility and has seen increased institutional investment, alongside a recent quarterly dividend payout. Despite the gap up and institutional interest, analysts currently rate NVDU as a ""Hold.""",https://www.marketbeat.com/instant-alerts/direxion-daily-nvda-bull-2x-shares-nasdaqnvdu-shares-gap-up-should-you-buy-2025-11-20/,MarketBeat,MarketBeat,20251121T043129,https://www.marketbeat.com/logos/direxion-daily-nvda-bull-2x-shares-logo-1200x675.png?v=20240412134229,0.306208,Somewhat-Bullish,0.846007,0.307086,Somewhat-Bullish
NVDA,Jim Cramer Highlights Apple's Pullback as an Attractive Entry Level,"Jim Cramer highlighted Apple Inc.'s recent price pullback as an attractive entry point for investors, especially given its strong post-earnings performance and potential in the AI business. He views Apple as a ""nation-state with good balance sheets"" and not merely a momentum play, despite a recent sell-off. The article also touches upon the company's diverse business segments and future prospects.",https://finviz.com/news/235720/jim-cramer-highlights-apples-pullback-as-an-attractive-entry-level,Finviz,Finviz,20251121T050300,,0.217178,Somewhat-Bullish,0.632492,0.137113,Neutral
NVDA,Progressive Corp. (PGR) PT Raised to $260 at BMO Capital,"BMO Capital analyst Michael Zaremski raised the price target on Progressive Corp. (NYSE: PGR) to $260.00 from $247.00 while maintaining a Market Perform rating. The analyst noted that Progressive repurchased a small amount in October but is expected to repurchase billions through 2026 if its P/E multiple stays below 15x due to persistent competitive levels. Progressive currently holds approximately $7 billion in excess capital, with potential for an additional $2-3 billion through debt issuance.",https://www.streetinsider.com/Analyst+Comments/Progressive+Corp.+%28PGR%29+PT+Raised+to+%24260+at+BMO+Capital/25646377.html,StreetInsider,StreetInsider,20251121T050700,,0.100999,Neutral,0.628281,0.269738,Somewhat-Bullish
NVDA,Should Investors Be Concerned That Netflix Stock Fell After Its 10-For-1 Stock Split?,"Netflix's stock declined slightly after its 10-for-1 stock split, but this is likely due to broader market trends rather than the split itself. Stock splits typically generate a favorable reaction when announced, not when they take effect. Investors should focus on Netflix's strong fundamentals and long-term growth prospects, making it a compelling buy despite the immediate post-split dip.",https://www.fool.com/investing/2025/11/21/buy-netflix-stock-split-growth-stock/,The Motley Fool,The Motley Fool,20251121T051500,,0.230241,Somewhat-Bullish,0.645136,0.235886,Somewhat-Bullish
NVDA,OpenAI Teams Up With Foxconn To Design And Manufacture AI Hardware In The US,"OpenAI has partnered with Foxconn Technology Group to design and manufacture AI data center equipment in the U.S., aiming to strengthen America's AI infrastructure. This collaboration comes as Foxconn significantly increases its investment in AI, and OpenAI continues to forge major partnerships in the AI space. The agreement underscores a move to keep foundational AI technologies rooted in the U.S.",https://www.benzinga.com/markets/tech/25/11/48997597/openai-teams-up-with-foxconn-to-design-and-manufacture-ai-hardware-in-the-us,Benzinga,Benzinga,20251121T051800,,0.246238,Somewhat-Bullish,0.627926,0.167850,Somewhat-Bullish
NVDA,BofA’s Hartnett warns Fed risks a 2018-style capitulation,"Bank of America's Michael Hartnett warns that the Federal Reserve is facing a policy trap similar to late 2018, driven by stretched valuations, ""peak liquidity,"" and expectations of further rate cuts. Hartnett suggests that a selloff in banks and brokers could be the quickest way to force a Fed capitulation, with his team already positioned through zero-coupon bonds. He also points to the digital asset space as an early indicator, noting significant pullbacks in Bitcoin and Ether.",https://www.investing.com/news/stock-market-news/bofas-hartnett-warns-fed-risks-a-2018style-capitulation-4372346,Investing.com,Investing.com,20251121T051800,,-0.346225,Somewhat-Bearish,0.701155,-0.449424,Bearish
NVDA,NXP Semiconductors N.V. stock underperforms Friday when compared to competitors,"NXP Semiconductors N.V. (NXPI) stock experienced a decline on Friday, underperforming both its industry competitors and the broader market. The stock fell by 0.99%, closing at $226.79, while its competitors generally saw gains. Despite this daily dip, NXP Semiconductors has demonstrated a strong year-to-date performance, significantly outpacing the S&P 500.",https://www.msn.com/en-us/money/top-stocks/nxp-semiconductors-n-v-stock-underperforms-friday-when-compared-to-competitors/ar-AA1OeZwd?ocid=BingNewsVerp,MSN,MSN,20251121T053617,,0.071254,Neutral,0.718013,0.308181,Somewhat-Bullish
NVDA,Nvidia Corp: 24 Analysts Update Coverage After Earnings,"Following Nvidia's latest earnings report, 24 Wall Street analysts updated their coverage, with most raising price targets or reaffirming bullish ratings. Analysts highlighted Nvidia's dominance in GPU markets, demand from cloud providers, and multi-year growth visibility in the AI ecosystem. The consensus indicates substantial upside potential, reinforcing Nvidia's central role in the AI revolution.",https://www.theglobeandmail.com/investing/markets/stocks/NVDA/pressreleases/36245325/nvidia-corp-24-analysts-update-coverage-after-earnings/,The Globe and Mail,The Globe and Mail,20251121T070622,,0.456111,Bullish,1.000000,0.475878,Bullish
NVDA,"SMCI Stock Today, November 21, 2025: Super Micro Computer Extends AI Server Lineup as Volatility Stays High","Super Micro Computer (SMCI) stock experienced high volatility on November 21, 2025, trading around $31.48 after a recent slide, despite the company expanding its AI server lineup with new AMD GPU-based systems and showcasing Nvidia ""AI factory"" clusters. The stock remains a focal point for options traders with high implied volatility and short interest, while analysts maintain a consensus ""Hold"" rating with significant potential upside from current prices. Institutional investors like Vanguard Group increased their stake, though other firms trimmed positions, reflecting mixed sentiment amidst the company's recent earnings disappointments and guidance revisions.",https://ts2.tech/en/smci-stock-today-november-21-2025-super-micro-computer-extends-ai-server-lineup-as-volatility-stays-high/,ts2.tech,ts2.tech,20251121T070640,https://ts2.tech/wp-content/uploads/2025/10/supermicro-smci.jpg,0.257317,Somewhat-Bullish,0.677794,0.324132,Somewhat-Bullish
NVDA,"Buy this digital health stock that's 'too compelling to ignore', says Raymond James","Raymond James has upgraded digital health platform Doximity to a ""strong buy,"" despite lowering its price target to $65 from $75, still implying about 40% upside. Analyst Brian Peterson considers the stock ""too compelling to ignore"" after a significant post-earnings pullback, citing its ""3 Ms"" (Moat, Margin, Management Team) and a discount compared to other vertical software names. Peterson also believes long-term growth is improving with workflow adoption and multi-product expansion, identifying AI monetization as a future catalyst.",https://www.cnbc.com/2025/11/21/buy-this-digital-health-stock-thats-too-compelling-to-ignore-says-raymond-james.html,CNBC,CNBC,20251121T071000,,0.285469,Somewhat-Bullish,0.640927,0.115279,Neutral
NVDA,Rep. Cleo Fields Purchases Shares of Apple Inc. (NASDAQ:AAPL),"Rep. Cleo Fields recently purchased shares of Apple Inc. (NASDAQ:AAPL), alongside other significant tech stock transactions in October and November 2025. Apple reported strong quarterly earnings, beating expectations with $1.85 EPS and $102.47 billion in revenue. The company maintains a ""Moderate Buy"" consensus from analysts with a target price of $278.22.",https://www.marketbeat.com/instant-alerts/rep-cleo-fields-purchases-shares-of-apple-inc-nasdaqaapl-2025-11-21/,MarketBeat,MarketBeat,20251121T072311,,0.377316,Bullish,0.625236,0.335475,Somewhat-Bullish
NVDA,Raymond James: AI has turned a cyclical sector into a ‘secular boom’,"Raymond James has initiated coverage on seven semiconductor companies, asserting that generative AI has transformed the sector from cyclical to a ""secular boom."" The brokerage highlights rapid advancements in data infrastructure, identifies NVIDIA as a core holding and leader in AI, and points out Marvell and Broadcom as ""share gainers"" in the AI complex.",https://www.investing.com/news/stock-market-news/raymond-james-ai-has-turned-a-cyclical-sector-into-a-secular-boom-4372662,Investing.com,Investing.com,20251121T072900,,0.22682,Somewhat-Bullish,0.971504,0.498264,Bullish
NVDA,3 Key Contrasts Shaping Market Momentum,"This article identifies three key contrasts influencing market momentum: strong AI fundamentals despite skepticism, a resilient labor market alongside selective consumer spending, and the impact of tariffs on trade balances. It highlights Nvidia and Google's strong AI performance, mixed signals from retailers like Walmart, Home Depot, and Target, and how tariffs are reshaping U.S. trade. Investors are advised to prepare for a market shaped by AI, global fragmentation, and persistent inflation in 2026.",https://www.jpmorgan.com/insights/markets-and-economy/top-market-takeaways/tmt-3-key-contrasts-shaping-market-momentum,J.P. Morgan,J.P. Morgan,20251121T075125,https://www.jpmorgan.com/content/dam/jpmorgan/images/jpma/tmt-3-key-contrasts-shaping-market-momentum/tmt-3-key-contrasts-shaping-market-momentum-1440x810.jpg,0.195228,Somewhat-Bullish,0.915623,0.401724,Bullish
NVDA,"Here are Friday's biggest analyst calls: Nvidia, Apple, IBM, Wynn, Elanco, Carvana, T-Mobile, & more","This article compiles a list of major analyst calls made on Friday, November 21, 2025, featuring upgrades, downgrades, and new initiations for prominent companies like Nvidia, Apple, IBM, Wynn, Elanco, Carvana, and T-Mobile. Key investment banks such as Citi, KeyBanc, Raymond James, Goldman Sachs, UBS, and Oppenheimer provide their latest ratings and price targets, outlining their rationale based on company performance, market potential, and industry trends.",https://www.cnbc.com/2025/11/21/friday-stocks-by-analyst-calls-like-nvidia.html,CNBC,CNBC,20251121T082000,,0.214164,Somewhat-Bullish,1.000000,0.501043,Bullish
NVDA,"Aspen Investment Management Inc Invests $555,000 in Broadcom Inc. $AVGO","Aspen Investment Management Inc. recently purchased 2,012 shares of Broadcom Inc. worth $555,000, becoming a new institutional investor in the semiconductor company. This investment is part of broader institutional interest, even as significant insider selling by executives like Mark David Brazeal and Henry Samueli has occurred. Analysts largely maintain a ""Buy"" rating for Broadcom, setting an average price target of $374.21, with some firms raising their targets.",https://www.marketbeat.com/instant-alerts/filing-aspen-investment-management-inc-invests-555000-in-broadcom-inc-avgo-2025-11-21/,MarketBeat,MarketBeat,20251121T082900,,0.212581,Somewhat-Bullish,0.608929,0.045576,Neutral
NVDA,Why Coca-Cola's Business Model Still Wins After 100 Years,"Coca-Cola's enduring success over more than 100 years is attributed to its asset-light concentrate model, extensive global distribution network, and significant brand-fueled pricing power. These three strengths have enabled the company to maintain high margins, consistent cash flow, and resilience through economic volatility and changing consumer habits. The article suggests that while the business model may not be ""exciting,"" its durability makes it attractive to long-term investors.",https://finviz.com/news/235928/why-coca-colas-business-model-still-wins-after-100-years,Finviz,Finviz,20251121T083000,https://g.foolcdn.com/image/?url=https%3A%2F%2Fg.foolcdn.com%2Feditorial%2Fimages%2F843525%2Fsoftdrink-4.jpg&w=700,0.248827,Somewhat-Bullish,0.588838,0.139918,Neutral
NVDA,2 Growth Stocks Set to Flourish and 1 Facing Headwinds,"This article identifies two growth stocks, Monolithic Power Systems (MPWR) and Amphenol (APH), as strong buys due to impressive revenue and earnings growth and strong market positioning. Conversely, Glacier Bancorp (GBCI) is highlighted as a stock to sell, facing headwinds from unexciting net interest income trends and rising expenses. The analysis is based on financial metrics and market performance, offering insights from StockStory.",https://finviz.com/news/235953/2-growth-stocks-set-to-flourish-and-1-facing-headwinds,Finviz,Finviz,20251121T083600,,0.384783,Bullish,0.633043,0.309093,Somewhat-Bullish
NVDA,Curio Wealth LLC Grows Stock Position in NVIDIA Corporation $NVDA,"Curio Wealth LLC significantly increased its stake in NVIDIA Corporation by over 25,000% in Q2, acquiring 1,760 additional shares. Other institutional investors also adjusted their positions in NVIDIA, which experienced insider selling from its CEO and CFO. Analysts maintain a ""Buy"" rating for NVIDIA with a consensus target price of $256.21.",https://www.marketbeat.com/instant-alerts/filing-curio-wealth-llc-grows-stock-position-in-nvidia-corporation-nvda-2025-11-21/,MarketBeat,MarketBeat,20251121T085118,,0.030328,Neutral,0.337021,0.015516,Neutral
NVDA,Stocks & Markets Podcast: Consumer Spending Stocks With Eric Clark,"Chris Versace is joined by Eric Clark, CIO at Accuvest Global Advisors and Portfolio Manager of the Alpha Brands Consumption Leaders ETF (LOGO). They discuss the current market, upcoming earnings, and the AI trade before shifting to consumer spending and the LOGO ETF's strategy of investing in quality companies and relevant brands. The discussion includes specific company mentions like Amazon, American Airlines, American Express, and Nvidia, emphasizing the importance of following money flows and adapting to economic environments.",https://pro.thestreet.com/portfolio/stocks-markets-podcast-consumer-spending-stocks-with-eric-clark,TheStreet Pro,TheStreet Pro,20251121T090910,,0.29523,Somewhat-Bullish,0.849955,0.298312,Somewhat-Bullish
NVDA,"Vanguard Group Inc. Has $6.09 Billion Stock Holdings in Kinder Morgan, Inc. $KMI","Vanguard Group Inc. significantly increased its stake in Kinder Morgan, Inc. (KMI) by 1.5% in Q2, now owning 9.33% of the company valued at approximately $6.09 billion. This comes as Chairman Richard D. Kinder also bought 1,000,000 shares, increasing his personal holding to over 246 million shares. The article also highlights KMI's recent earnings report, dividend announcement, and various analyst ratings changes, with the company maintaining a ""Moderate Buy"" rating.",https://www.marketbeat.com/instant-alerts/filing-vanguard-group-inc-has-609-billion-stock-holdings-in-kinder-morgan-inc-kmi-2025-11-19/,MarketBeat,MarketBeat,20251121T090950,https://www.marketbeat.com/logos/kinder-morgan-logo-1200x675.jpg,0.219538,Somewhat-Bullish,0.625792,0.100809,Neutral
NVDA,Should Investors Own Vanguard's VOO ETF Over Invesco's QQQ for Broader Diversification?,"This article compares Vanguard's VOO ETF and Invesco's QQQ ETF, highlighting their differences in cost, yield, and diversification for long-term investors. VOO offers broader market exposure and a lower expense ratio, while QQQ provides higher growth potential with a heavier concentration in technology stocks. The author suggests VOO for broader diversification, especially for new investors, and QQQ as a potential supplement for those seeking more tech exposure.",https://www.fool.com/coverage/etfs/2025/11/21/should-investors-own-vanguard-s-voo-etf-over-invesco-s-qqq-for-broader-diversification/,The Motley Fool,The Motley Fool,20251121T093200,https://g.foolcdn.com/image/?url=https%3A%2F%2Fg.foolcdn.com%2Fmisc-assets%2Ftmf_holdingco_logo_stacked_magenta_royalpurple_rev.png&w=96&op=resize,0.20334,Somewhat-Bullish,0.627988,0.330020,Somewhat-Bullish
NVDA,"Bank Julius Baer & Co. Ltd Zurich Sells 7,303 Shares of Marsh & McLennan Companies, Inc. $MMC","Bank Julius Baer & Co. Ltd Zurich reduced its stake in Marsh & McLennan Companies by 8.5% in the second quarter, selling 7,303 shares and now holding 78,544 shares valued at $17.17 million. This move comes as CEO John Q. Doyle also sold 21,079 shares, reducing his ownership by 19.38%. Despite these sales, the company posted strong quarterly results, beating EPS estimates and showing an 11.5% increase in revenue, while maintaining an average analyst rating of ""Hold.""",https://www.marketbeat.com/instant-alerts/filing-bank-julius-baer-co-ltd-zurich-sells-7303-shares-of-marsh-mclennan-companies-inc-mmc-2025-11-21/,MarketBeat,MarketBeat,20251121T095116,,-0.076201,Neutral,0.560488,-0.103398,Neutral
NVDA,Discover the possibilities of an active technology ETF,"This article explores the opportunities within active technology ETFs, highlighting how they offer diversified growth in an evolving market driven by AI, e-commerce, and digital payments. It contrasts active management with the limitations of passive ETFs, particularly their concentration issues, and introduces the T. Rowe Price Technology ETF (TTEQ) as a strategic option for investors seeking exposure to technology-enabled companies with improving fundamentals. The authors emphasize the benefits of a disciplined, active approach to navigate sector volatility and identify critical growth opportunities.",https://www.troweprice.com/en/us/insights/discover-the-possibilities-of-an-active-technology-etf,T. Rowe Price,T. Rowe Price,20251121T095136,,0.602631,Bullish,0.862865,0.634601,Bullish
NVDA,Big Tech Stocks: Earnings Season Winners and Losers,"The Big Tech earnings season has concluded with mixed results, characterized by both surprising winners like Alphabet, which saw an 8% surge due to strong AI momentum, and losers such as Meta Platforms, which fell by almost 22% amid concerns about high AI spending. The article analyzes the performance of nine key technology stocks, including Microsoft, Palantir, and Nvidia, highlighting their post-earnings movements and Morningstar analysts' perspectives on their valuations and strategic decisions.",https://www.morningstar.com/stocks/big-tech-stocks-earnings-season-winners-losers,Morningstar,Morningstar,20251121T095709,,0.063663,Neutral,0.818650,0.212759,Somewhat-Bullish
NVDA,Intel CEO denies new hire taking trade secrets from TSMC: report,"Intel CEO Lip-Bu Tan has denied allegations that a recent new hire, Wei-Jen Lo, took trade secrets from Taiwan Semiconductor Manufacturing (TSMC). Lo, a longtime TSMC executive, retired in July before joining Intel. This report comes amid heightened competition and intellectual property concerns in the semiconductor industry.",https://seekingalpha.com/news/4524863-intel-ceo-denies-new-hire-taking-trade-secrets-from-tsmc-report,Seeking Alpha,Seeking Alpha,20251121T095800,https://static.seekingalpha.com/cdn/s3/uploads/getty_images/2225440827/image_2225440827.jpg?io=getty-c-w630,-0.135121,Neutral,0.748127,-0.130628,Neutral
NVDA,IBM: Oppenheimer initiates coverage with Outperform rating on software-led growth,"Oppenheimer has initiated coverage of IBM with an Outperform rating, citing the company's strategic shift towards software and artificial intelligence as a key driver for future revenue and margin expansion. The brokerage set a 12- to 18-month price target of $360, anticipating sustained double-digit revenue growth from IBM's software operations, particularly in Automation and RedHat, and recognizing significant upside from its position in AI. Analysts believe the stock should re-rate higher as investors increasingly appreciate IBM's transformation into a higher-margin software-centric company.",https://www.investing.com/news/stock-market-news/ibm-oppenheimer-initiates-coverage-with-outperform-rating-on-softwareled-growth-4373164,Investing.com,Investing.com,20251121T100400,,0.310086,Somewhat-Bullish,0.610582,0.109943,Neutral
NVDA,Stock Market Live November 21: S&P 500 (VOO) Bounces Higher on Positive Fed Commentary,"The S&P 500 (VOO) bounced higher on November 21, 2025, driven by positive commentary from New York Federal Reserve President John Williams, suggesting a potential interest rate cut in December. Several companies, including Amazon, The Gap, Webull, and Intuit, reported earnings or made significant announcements that impacted their stock performance and contributed to overall market movements. BJ's Wholesale Club, however, saw its stock decline despite beating earnings estimates.",https://247wallst.com/investing/2025/11/21/stock-market-live-november-21-sp-500-voo-bounces-higher-on-positive-fed-commentary/,24/7 Wall St.,24/7 Wall St.,20251121T100656,https://247wallst.com/wp-content/uploads/2024/03/shutterstock-2079795184-huge-licensed-scaled.jpg,0.316184,Somewhat-Bullish,0.635211,0.217146,Somewhat-Bullish
NVDA,"Pasadena Private Wealth LLC Grows Stock Position in Amazon.com, Inc. $AMZN","Pasadena Private Wealth LLC significantly increased its stake in Amazon.com, Inc. ($AMZN) by 38% in Q2, acquiring an additional 5,512 shares, bringing its total to 20,033 shares valued at approximately $4.395 million. This move contrasts with recent insider selling activity, where company executives offloaded shares worth over $10 million. Despite insider sales, analysts maintain a ""Moderate Buy"" rating for Amazon, with an average price target of $294.70.",https://www.marketbeat.com/instant-alerts/filing-pasadena-private-wealth-llc-grows-stock-position-in-amazoncom-inc-amzn-2025-11-21/,MarketBeat,MarketBeat,20251121T101057,,-0.163174,Somewhat-Bearish,0.616160,-0.339965,Somewhat-Bearish
NVDA,"DNB Asset Management AS Purchases 44,405 Shares of Alphabet Inc. $GOOG","DNB Asset Management AS increased its stake in Alphabet Inc. (NASDAQ:GOOG) by 4.9% during the second quarter, purchasing 44,405 additional shares and bringing its total ownership to 950,341 shares valued at $168.58 million. This report also highlights similar investment moves by other institutional investors, recent analyst ratings, and Alphabet's financial performance and insider transactions. The company's stock activity and earnings beat expectations, alongside a declared quarterly dividend, are detailed.",https://www.marketbeat.com/instant-alerts/filing-dnb-asset-management-as-purchases-44405-shares-of-alphabet-inc-goog-2025-11-21/,MarketBeat,MarketBeat,20251121T101117,,0.250843,Somewhat-Bullish,0.631690,-0.186044,Somewhat-Bearish
NVDA,"Cosmos Health CEO Siokas buys $32,000 in COSM stock","Cosmos Health CEO Grigorios Siokas acquired 51,315 shares of COSM stock for $32,000 through a debt exchange agreement, increasing his total holdings to over 6.2 million shares. This transaction occurred just before the company's Q3 earnings report, which showed significant revenue and gross profit growth, alongside new R&D initiatives and further investment in Ethereum.",https://www.investing.com/news/insider-trading-news/cosmos-health-ceo-siokas-buys-32000-in-cosm-stock-93CH-4373186,Investing.com,Investing.com,20251121T101600,https://i-invdn-com.investing.com/news/World_News_9_800x533_L_1420026261.jpg,-0.114291,Neutral,0.578617,-0.314778,Somewhat-Bearish
NVDA,"DNB Asset Management AS Cuts Stake in Advanced Micro Devices, Inc. $AMD","DNB Asset Management AS reduced its stake in Advanced Micro Devices (NASDAQ:AMD) by 20.1% in the second quarter, now holding 949,573 shares valued at $134.74 million. Other institutional investors showed mixed activity in AMD stock, with several increasing their positions. The article also details AMD's recent price performance, earnings, and analyst ratings, alongside insider trading activity.",https://www.marketbeat.com/instant-alerts/filing-dnb-asset-management-as-cuts-stake-in-advanced-micro-devices-inc-amd-2025-11-21/,MarketBeat,MarketBeat,20251121T101756,,0.25102,Somewhat-Bullish,0.698693,0.339081,Somewhat-Bullish
NVDA,"31,005 Shares in Honeywell International Inc. $HON Purchased by Entropy Technologies LP","Entropy Technologies LP acquired a new stake of 31,005 shares in Honeywell International Inc. (NASDAQ:HON) during the second quarter, valued at approximately $7.22 million. Other institutional investors also adjusted their positions in HON. The article details HON's stock performance, financial ratios, recent earnings, dividend increase, and analyst ratings, alongside an insider stock sale by CEO Lucian Boldea.",https://www.marketbeat.com/instant-alerts/filing-31005-shares-in-honeywell-international-inc-hon-purchased-by-entropy-technologies-lp-2025-11-21/,MarketBeat,MarketBeat,20251121T102722,,0.057295,Neutral,0.646572,0.133050,Neutral
NVDA,"Ensign Peak Advisors Inc Grows Holdings in Advanced Micro Devices, Inc. $AMD","Ensign Peak Advisors Inc significantly increased its stake in Advanced Micro Devices (AMD) by 29.1% in the second quarter, now owning 498,676 shares valued at $70.76 million. The article details other institutional investments, AMD's stock performance, recent earnings, insider transactions, and analyst ratings, with a consensus target price of $278.54.",https://www.marketbeat.com/instant-alerts/filing-ensign-peak-advisors-inc-grows-holdings-in-advanced-micro-devices-inc-amd-2025-11-21/,MarketBeat,MarketBeat,20251121T103639,,0.110673,Neutral,0.630489,-0.119952,Neutral
NVDA,There Is Only One AI Company. Welcome to the Blob,"The article describes the consolidation of the AI industry into a ""Blob"" – an interconnected network of partnerships, mergers, and investments involving major players like Nvidia, OpenAI, Google, and Microsoft. This complex web, driven by immense computational and capital costs, blurs the lines between companies and raises concerns about control, safety, and potential market bubbles. The author argues that this unified entity is reshaping the future of AI.",https://www.wired.com/story/ai-industry-monopoly-nvidia-microsoft-google/,WIRED,WIRED,20251121T110000,,0.196365,Somewhat-Bullish,1.000000,0.418417,Bullish
NVDA,Nvidia vs. AMD: The Top AI Stock to Buy Now – ChatGPT Weighs In,"This article compares Nvidia and AMD as top AI stock investments, analyzing analyst ratings, price targets, and market positions. While Nvidia maintains its leadership in AI training and inference with a strong ""Buy"" consensus, AMD offers higher growth potential despite more varied analyst opinions, with Morgan Stanley expressing caution regarding AMD's ability to capture AI market share from Nvidia. Investors face a choice between Nvidia's lower execution risk and AMD's higher risk/reward profile.",https://coincentral.com/nvidia-vs-amd-the-top-ai-stock-to-buy-now-chatgpt-weighs-in/,CoinCentral,CoinCentral,20251121T111352,,0.228848,Somewhat-Bullish,1.000000,0.347176,Somewhat-Bullish
NVDA,Saturna Capital Corp Has $422.79 Million Stake in Broadcom Inc. $AVGO,"Saturna Capital Corp increased its stake in Broadcom Inc. by 0.2% during the second quarter, bringing its total holdings to 1,533,809 shares valued at $422.79 million. Several other hedge funds also adjusted their positions in Broadcom, which makes up a significant portion of Saturna Capital Corp's investment portfolio. The article also covers Broadcom's recent stock performance, earnings, dividend announcement, and analyst ratings.",https://www.marketbeat.com/instant-alerts/filing-saturna-capital-corp-has-42279-million-stake-in-broadcom-inc-avgo-2025-11-21/,MarketBeat,MarketBeat,20251121T112954,NULL,0.375888,Bullish,0.617558,0.301127,Somewhat-Bullish
NVDA,"Foley Ursuline buys Greenlight Capital re shares worth $64,591","Director Foley Ursuline purchased 5,000 ordinary shares of Greenlight Capital Re, Ltd. (GLRE) for $64,591 on November 20, 2025, increasing their direct ownership to 54,100 shares. This transaction occurred despite the company's recent disappointing third-quarter 2025 results, which saw earnings per share significantly below expectations. Investors are closely watching the company's performance.",https://www.investing.com/news/insider-trading-news/foley-ursuline-buys-greenlight-capital-re-shares-worth-64591-93CH-4373312,Investing.com,Investing.com,20251121T113800,https://i-invdn-com.investing.com/news/international_newspapers_69x52._800x533_L_1419494241.jpg,-0.155775,Somewhat-Bearish,0.583782,-0.240965,Somewhat-Bearish
NVDA,Did Applied Materials' (AMAT) AI-Focused Growth Strategy and Strong Results Just Redefine Its Investment Outlook?,"Applied Materials recently reported strong Q4 and full-year 2025 financial results, with quarterly sales of US$6.80 billion and positive outlook for Q1 2026. The company's investment narrative is heavily tied to accelerating demand for advanced AI chips, despite risks related to export controls, particularly with China. While analysts project significant revenue and earnings growth by 2028, investor opinions on fair value vary widely, reflecting the uncertainties surrounding the company's future performance.",https://simplywall.st/stocks/us/semiconductors/nasdaq-amat/applied-materials/news/did-applied-materials-amat-ai-focused-growth-strategy-and-st/amp,Simply Wall Street,Simply Wall Street,20251121T120550,,0.363608,Bullish,0.601990,0.328024,Somewhat-Bullish
NVDA,Why Trump’s AI diplomacy is doomed to fail,"The article argues that the U.S. strategy of ""AI diplomacy,"" which involves leveraging access to advanced tech like Nvidia chips to counter China's influence in the Gulf states, is destined to fail. Despite potential U.S. investments and chip sales, the deep economic ties between Gulf monarchies and China, particularly in critical infrastructure and semiconductor imports, will prevent a significant pivot away from Beijing. The author highlights the logistical challenges and the Gulf states' continued hedging strategies, suggesting that U.S. efforts to re-establish market share or geopolitical influence through chip diplomacy will be insufficient.",https://www.fastcompany.com/91446055/saudi-arabia-nvidia-trump-mbs-chips-uae-china,Fast Company,Fast Company,20251121T122131,https://www.fastcompany.com/91446055/saudi-arabia-nvidia-trump-mbs-chips-uae-china/photo-of-demetrius-freeman-the-washington-post-via-getty-images,0.160413,Somewhat-Bullish,1.000000,0.314683,Somewhat-Bullish
NVDA,"Intel CEO Lip-Bu Tan Says the Company “Deserves Better,” Admitting Team Blue Missed Major Opportunities Due to Complacency","Intel CEO Lip-Bu Tan acknowledges that the company ""deserves better"" and has missed significant opportunities due to past complacency and bureaucracy, particularly in emerging markets like AI. Since taking leadership in March 2025, Tan is focusing on aggressive commitments to AI and consumer computing, alongside a ""flattening"" of management hierarchy and strategic collaborations like the partnership with NVIDIA. He emphasizes that while Intel has made ""costly"" mistakes, the company is now actively working to rectify them and build a stronger future, though true progress will take time.",https://wccftech.com/intel-ceo-lip-bu-tan-says-the-company-deserves-something-better/,Wccftech,Wccftech,20251121T122200,https://cdn.wccftech.com/wp-content/uploads/2025/08/Intel-CEO-Lip-Bu-Tan-728x483.webp,0.160249,Somewhat-Bullish,0.651876,0.139312,Neutral
NVDA,MAI Capital Management Grows Position in Honeywell International Inc. $HON,"MAI Capital Management increased its stake in Honeywell International (HON) by 1.0% to 194,108 shares, valued at $45.2 million. This occurred despite Honeywell CEO Lucian Boldea selling a significant portion of his shares. The stock has a consensus ""Moderate Buy"" rating with an average price target of $239.38, while the company also recently increased its quarterly dividend.",https://www.marketbeat.com/instant-alerts/filing-mai-capital-management-grows-position-in-honeywell-international-inc-hon-2025-11-21/,MarketBeat,MarketBeat,20251121T122703,,-0.047748,Neutral,0.567411,0.003614,Neutral
NVDA,"The Zacks Analyst Blog Highlights NVIDIA, VanEck Semiconductor ETF, Strive U.S. Semiconductor ETF and VanEck Fabless Semiconductor ETF","NVIDIA reported blockbuster earnings and guidance for October, driven by massive demand for its AI chips, with revenues soaring 62% year-over-year to $57 billion. Despite AI valuation concerns, NVIDIA's fundamentals remain strong, with $500 billion in projected AI chip orders. The article suggests that investing in NVIDIA-heavy ETFs like VanEck Semiconductor ETF, Strive U.S. Semiconductor ETF, and VanEck Fabless Semiconductor ETF can mitigate company-specific concentration risks.",https://www.sharewise.com/us/news_articles/The_Zacks_Analyst_Blog_Highlights_NVIDIA_VanEck_Semiconductor_ETF_Strive_US_Semiconductor_ETF_and_Zacks_20251121_1059,www.sharewise.com,www.sharewise.com,20251121T123917,https://www.sharewise.com/assets/news/news1-1ad749fd43946ec3c457a5b9f27421f92a9366037383a462a4663fe2e06418fd.png,0.476621,Bullish,0.916573,0.521266,Bullish
NVDA,Honeywell International Inc. $HON Shares Acquired by Journey Strategic Wealth LLC,"Journey Strategic Wealth LLC significantly increased its stake in Honeywell International Inc. during the second quarter, now owning 6,047 shares valued at $1,408,000. Other institutional investors also adjusted their positions, and Wall Street analysts have provided varied ratings and target prices for HON shares. The article also details recent insider selling by CEO Lucian Boldea and the company's financial performance, including a dividend increase.",https://www.marketbeat.com/instant-alerts/filing-honeywell-international-inc-hon-shares-acquired-by-journey-strategic-wealth-llc-2025-11-21/,MarketBeat,MarketBeat,20251121T125725,,0.081104,Neutral,0.604909,0.127096,Neutral
NVDA,"Wealth Watch Advisors INC Purchases 3,539 Shares of Amazon.com, Inc. $AMZN","Wealth Watch Advisors INC increased its stake in Amazon.com, Inc. by 246.4% in the second quarter, purchasing 3,539 additional shares and bringing its total holdings to 4,975 shares valued at $1,091,000. Other hedge funds also adjusted their positions, while Amazon insiders such as CEO Douglas J. Herrington and Director Keith Brian Alexander sold significant shares. The stock has a ""Moderate Buy"" consensus rating from analysts with an average price target of $294.70.",https://www.marketbeat.com/instant-alerts/filing-wealth-watch-advisors-inc-purchases-3539-shares-of-amazoncom-inc-amzn-2025-11-21/,MarketBeat,MarketBeat,20251121T125742,,-0.073035,Neutral,0.634830,-0.107837,Neutral
NVDA,Whittier Trust Co. Has $362.43 Million Holdings in Apple Inc. $AAPL,"Whittier Trust Co. decreased its stake in Apple Inc. by 1.4% in the second quarter, now holding 1,766,469 shares valued at $362.43 million, making Apple its third-largest investment. The article also details other institutional investor activities, recent analyst ratings, insider transactions, and Apple's financial performance and dividend announcement.",https://www.marketbeat.com/instant-alerts/filing-whittier-trust-co-has-36243-million-holdings-in-apple-inc-aapl-2025-11-21/,MarketBeat,MarketBeat,20251121T125754,,-0.14241,Neutral,0.621108,-0.338682,Somewhat-Bearish
NVDA,Lam Research Deepens Investment in Silicon Forest to Accelerate Semiconductor Industry Leadership in the AI Era,"Lam Research has invested $65 million in a new office building in Tualatin, Oregon, expanding its Silicon Forest operations to support semiconductor industry growth, especially in AI. The expansion adds up to 700 workspaces for R&D, strengthening Lam's leadership in critical semiconductor fabrication equipment and process development. This development underscores Lam's long-standing presence in Oregon and its commitment to innovation in the rapidly expanding semiconductor market.",https://www.prnewswire.com/news-releases/lam-research-deepens-investment-in-silicon-forest-to-accelerate-semiconductor-industry-leadership-in-the-ai-era-302623054.html,PR Newswire,PR Newswire,20251121T130000,,0.3851,Bullish,0.636450,0.301716,Somewhat-Bullish
NVDA,"Amazon.com, Inc. $AMZN is Vienna Powszechne Towarzystwo Emerytalne S.A. Vienna Insurance Group's 7th Largest Position","Vienna Powszechne Towarzystwo Emerytalne S.A. Vienna Insurance Group significantly increased its stake in Amazon.com, Inc. by 94.1%, making it their 7th largest holding. This comes as Amazon beats quarterly earnings estimates, leading several brokerages to raise their price targets. Despite insider selling activity, the stock maintains a ""Moderate Buy"" consensus rating from analysts.",https://www.marketbeat.com/instant-alerts/filing-amazoncom-inc-amzn-is-vienna-powszechne-towarzystwo-emerytalne-sa-vienna-insurance-groups-7th-largest-position-2025-11-21/,MarketBeat,MarketBeat,20251121T130526,,0.094129,Neutral,0.602320,0.008086,Neutral
NVDA,CocaCola Company (The) $KO Shares Sold by Franklin Resources Inc.,"Franklin Resources Inc. has reduced its stake in The Coca-Cola Company ($KO) by 10.7% in Q2, selling over 4 million shares, though Coca-Cola remains a significant holding for them. This move is accompanied by recent insider selling activity and broadly positive sentiment from Wall Street analysts who maintain a ""Buy"" rating. Coca-Cola also announced a quarterly dividend of $0.51 per share.",https://www.marketbeat.com/instant-alerts/filing-cocacola-company-the-ko-shares-sold-by-franklin-resources-inc-2025-11-21/,MarketBeat,MarketBeat,20251121T130946,,0.160222,Somewhat-Bullish,0.599811,-0.141239,Neutral
NVDA,"Cumberland Partners Ltd Acquires Shares of 6,000 HCA Healthcare, Inc. $HCA","Cumberland Partners Ltd has acquired 6,000 shares of HCA Healthcare, Inc. worth approximately $2.299 million during Q2. This acquisition is part of broader institutional investment, with several large firms increasing their stakes, leading to institutional investors owning 62.73% of HCA stock. HCA Healthcare also reported strong quarterly earnings, beating estimates with an EPS of $6.96, and announced a quarterly dividend of $0.72.",https://www.marketbeat.com/instant-alerts/filing-cumberland-partners-ltd-acquires-shares-of-6000-hca-healthcare-inc-hca-2025-11-20/,MarketBeat,MarketBeat,20251121T132105,,0.186838,Somewhat-Bullish,0.558984,0.146317,Neutral
NVDA,Should Investors Own Vanguard's VOO ETF Over Invesco's QQQ for Broader Diversification?,"This article compares Vanguard's VOO ETF and Invesco's QQQ ETF, focusing on their costs, diversification, performance, and risk profiles. VOO offers broader diversification and lower expense ratios, making it potentially suitable for newer investors, while QQQ provides higher growth but with greater volatility and a tech-heavy concentration. The article suggests VOO for broader diversification and QQQ as a supplement for tech exposure.",https://www.theglobeandmail.com/investing/markets/stocks/IVZ/pressreleases/36254204/should-investors-own-vanguards-voo-etf-over-invescos-qqq-for-broader-diversification/,The Globe and Mail,The Globe and Mail,20251121T133200,https://barchart-news-media-prod.aws.barchart.com/FC/58c53027d1622f58031b797beedd41a2/pixel%3Fslug%3Dmotleyfoolgm-2025-11-21-should-investors-own-vanguards-voo-etf-over-invescos-qqq-for-broader-diversification,0.192413,Somewhat-Bullish,0.627164,0.200629,Somewhat-Bullish
NVDA,"Why Vistra, AppLovin and Oracle Are Spiraling Today","Vistra (VST), AppLovin (APP), and Oracle (ORCL) experienced declines today despite a generally rising stock market. Vistra saw hedge funds reduce or exit positions, AppLovin dropped after recent highs, and Oracle fell while its software peers rose. Analysts, however, generally maintain bullish ratings on all three stocks, suggesting the downturns may be short-term.",https://247wallst.com/investing/2025/11/21/why-vistra-applovin-and-oracle-are-spiraling-today/,24/7 Wall St.,24/7 Wall St.,20251121T133634,https://mandyfullerphotography.com/image.jpg,0.074667,Neutral,0.607708,0.129936,Neutral
NVDA,"On-Device AI Market for IoT Applications Analysis Report 2025 with Company Profiles and Strategies for 30+ Key Players AMD, NVIDIA, NXP, STM, Apple, Qualcomm and Texas Instruments - ResearchAndMarkets.com","This article announces the addition of ""The On-Device AI Market for IoT Applications - 1st Edition"" report to ResearchAndMarkets.com's offering. The report details the emerging on-device AI market for IoT, forecasting its growth from US$10.1 billion in 2024 to US$30.6 billion in 2029. It covers market analysis, key companies like AMD, NVIDIA, and Apple, and various applications across consumer, industrial, and automotive domains.",https://www.businesswire.com/news/home/20251121514427/en/On-Device-AI-Market-for-IoT-Applications-Analysis-Report-2025-with-Company-Profiles-and-Strategies-for-30-Key-Players-AMD-NVIDIA-NXP-STM-Apple-Qualcomm-and-Texas-Instruments---ResearchAndMarkets.com,Business Wire,Business Wire,20251121T135154,,0.41951,Bullish,0.938652,0.420516,Bullish
NVDA,Western Digital (NASDAQ:WDC) Given New $197.00 Price Target at Bank of America,"Bank of America has raised its price target for Western Digital (WDC) to $197.00 from $170.00, reiterating a ""buy"" rating and implying a 27.95% upside. This comes as the company reports strong financial results with $1.78 EPS on $4.10 billion in revenue, and amidst other bullish analyst ratings including Cantor Fitzgerald's $200 target. The article also details recent insider transactions and institutional investor activity for Western Digital.",https://www.marketbeat.com/instant-alerts/western-digital-nasdaqwdc-given-new-19700-price-target-at-bank-of-america-2025-11-20/,MarketBeat,MarketBeat,20251121T141239,,0.278108,Somewhat-Bullish,0.577369,-0.122583,Neutral
NVDA,"I Liked Alphabet (GOOGL) CEO's Skepticism, Says Jim Cramer","Jim Cramer expressed appreciation for Alphabet CEO Sundar Pichai's skepticism regarding an AI investment bubble, despite Loop Capital upgrading Alphabet's shares. Cramer highlighted Alphabet's successful transition to Gemini and the cost advantages of their in-house TPUs. The discussion touched upon the company's strong position in AI and search, despite market concerns about overinvestment.",https://finviz.com/news/236376/i-liked-alphabet-googl-ceos-skepticism-says-jim-cramer,Finviz,Finviz,20251121T142300,,0.196486,Somewhat-Bullish,0.636567,-0.111718,Neutral
NVDA,"Nvidia CEO says the company is in a no-win situation amid AI-bubble chatter, leaked meeting reveals","Nvidia CEO Jensen Huang revealed in a leaked internal meeting that the company faces a ""no-win situation"" due to intense AI-bubble speculation, despite consistent blockbuster results. Huang noted that investors now interpret both good and bad quarters as evidence supporting the AI bubble narrative. He emphasized that the company's underlying business remains strong even as market reactions cause significant volatility in its stock value.",https://finance.yahoo.com/news/nvidia-ceo-says-company-no-222637127.html,Yahoo Finance,Yahoo Finance,20251121T142600,https://s.yimg.com/ny/api/res/1.2/qB2KthaTpvNvpbDu6D4FIw--/YXBwaWQ9aGlnaGxhbmRlcjt3PTEyODtoPTQ4O2NmPXdlYnA-/https://s.yimg.com/os/creatr-uploaded-images/2020-12/2b82d430-3567-11eb-be1f-26e8c03de24e,-0.208452,Somewhat-Bearish,1.000000,-0.222286,Somewhat-Bearish
NVDA,"Palo Alto, DoorDash, AMD, ARM, CarMax: What brokers said this week","This article compiles broker analyses for several companies, including Palo Alto Networks, DoorDash, AMD, ARM, and CarMax, covering topics like financial results, market trends, and analyst ratings. It highlights various analyst opinions on these companies' performance and future outlook. The article also touches upon broader market concerns such as interest rates, AI risks, and gold prices.",https://www.proactiveinvestors.com/companies/news/1082998/palo-alto-doordash-amd-arm-carmax-what-brokers-said-this-week-1082998.html,Proactive financial news,Proactive financial news,20251121T144500,,0.206517,Somewhat-Bullish,0.611769,0.135725,Neutral
NVDA,"Palo Alto, DoorDash, AMD, ARM, CarMax: What brokers said this week","This article provides an overview of various broker and analyst comments on several major companies including Palo Alto Networks, DoorDash, AMD, ARM, and CarMax. It covers analyst ratings, price targets, earnings reports, and market observations related to these companies and broader market trends in late 2025. Key themes include AI infrastructure investment, semiconductor performance, and cybersecurity market analysis.",https://ca.proactiveinvestors.com/companies/news/1082998/palo-alto-doordash-amd-arm-carmax-what-brokers-said-this-week-1082998.html,Proactive financial news,Proactive financial news,20251121T144500,,0.191209,Somewhat-Bullish,0.756967,0.312499,Somewhat-Bullish
NVDA,Should Investors Own Vanguard's VOO ETF Over Invesco's QQQ for Broader Diversification?,"This article compares Vanguard's VOO ETF and Invesco's QQQ ETF, highlighting their differences in cost, yield, diversification, and risk profiles. While QQQ has shown stronger growth, VOO offers broader diversification across sectors at a lower expense ratio and higher dividend yield. The author suggests VOO is a better choice for early investors due to its broader diversification, with QQQ serving as a potential supplement for those seeking more tech exposure.",https://www.nasdaq.com/articles/should-investors-own-vanguards-voo-etf-over-invescos-qqq-broader-diversification,Nasdaq,Nasdaq,20251121T145720,,0.311242,Somewhat-Bullish,0.637179,0.334549,Somewhat-Bullish
NVDA,Teradyne Inc. stock underperforms Thursday when compared to competitors,"Teradyne Inc. (TER) stock recorded a decline on Thursday, underperforming both its industry competitors and the broader market. Despite this daily dip, Teradyne's stock still shows a positive year-to-date performance. The article details its daily and year-to-date performance against the SP 500 and its semiconductor industry rivals.",http://www.msn.com/en-us/money/topstocks/teradyne-inc-stock-underperforms-thursday-when-compared-to-competitors/ar-AA1QotAX?ocid=finance-verthp-feeds&apiversion=v2&domshim=1&noservercache=1&noservertelemetry=1&batchservertelemetry=1&renderwebcomponents=1&wcseo=1,MSN,MSN,20251121T152640,,0.075412,Neutral,0.642648,0.104222,Neutral
NVDA,Tech company CTO and others indicted for exporting Nvidia chips to China,"Four individuals, including a tech company CTO, have been indicted for illegally exporting Nvidia chips to China, facing charges of conspiracy, smuggling, and money laundering. The indicted individuals allegedly used falsified paperwork and fake contracts to send approximately $3.9 million worth of GPUs to China, including advanced A100 GPUs and attempted exports of H100 and H200 GPUs. This comes amid US efforts to prevent China from using advanced chips for military modernization and surveillance, and renewed debate over the Chip Security Act.",https://arstechnica.com/tech-policy/2025/11/tech-company-cto-and-others-indicted-for-exporting-nvidia-chips-to-china/,Ars Technica,Ars Technica,20251121T152900,,-0.080798,Neutral,1.000000,-0.226455,Somewhat-Bearish
NVDA,Lilly becomes first drugmaker to join trillion-dollar club on weight-loss demand boom,"Eli Lilly has become the first drugmaker to achieve a $1 trillion market capitalization, driven by the booming demand for its weight-loss and diabetes drugs, Mounjaro and Zepbound. The company's stock has rallied over 35% this year, and it now boasts one of the highest valuations in big pharma. Investors are keenly watching the upcoming approval of its oral obesity drug, orforglipron, as well as its expansion plans and potential impact of a deal with the Trump administration.",https://www.reuters.com/business/healthcare-pharmaceuticals/lilly-becomes-first-drugmaker-join-trillion-dollar-club-weight-loss-demand-boom-2025-11-21/,Reuters,Reuters,20251121T153900,https://www.reuters.com/resizer/v2/L6I4G2Z3PZOBBB452R2C5GUR7U.JPG?auth=76eab190184b29dcada1a25ee96590baf7495b6a7a0b87c71d6b0521e1143c7b&width=1920&height=1080&quality=80,0.321507,Somewhat-Bullish,0.577981,0.273229,Somewhat-Bullish
NVDA,REX Shares Launches New T-REX 2X Long CIFR Daily Target ETF (CBOE: CIFU),"REX Shares, in collaboration with Tuttle Capital Management, has launched the T-REX 2X Long CIFR Daily Target ETF (CBOE: CIFU). This new ETF aims to deliver 200% of the daily performance of Cipher Mining (NASDAQ: CIFR), a U.S. Bitcoin mining company. CIFU expands the T-REX suite of leveraged single-stock ETFs, offering targeted exposure to key players in the digital asset, AI, and next-generation infrastructure sectors.",https://www.theglobeandmail.com/investing/markets/markets-news/Business%20Wire/36251700/rex-shares-launches-new-t-rex-2x-long-cifr-daily-target-etf-cboe-cifu/,The Globe and Mail,The Globe and Mail,20251121T153927,https://barchart-news-media-prod.aws.barchart.com/BIZWIRE/5eafede28e285b2915741ffddb3e31d8/ct%3Fid%3Dbwnews%26amp%3Bsty%3D20251121470931r1%26amp%3Bsid%3Dchbar%26amp%3Bdistro%3Dftp,0.291375,Somewhat-Bullish,0.584187,0.272170,Somewhat-Bullish
NVDA,Palantir Technologies Inc. - Class A Common Stock (NQ: PLTR,"This article provides recent news headlines concerning Palantir Technologies Inc. (PLTR) and related market trends, particularly focusing on the impact of AI on various stocks and the broader economy in November 2025. It highlights Palantir's stock performance, analyst upgrades, and discussions around market dynamics influenced by AI optimism, government shutdown resolutions, and interventions by figures like Michael Burry and Stephen Miran. The news includes specific stock movements for Nvidia, C3.ai, and other S&P500 companies amidst significant market volatility and rally.",https://markets.financialcontent.com/stocks/quote/news?ChannelType=NEWS&Symbol=NQ%3APLTR&CSSURL=36.htm&CurrentPage=8,FinancialContent,FinancialContent,20251121T160000,,0.435976,Bullish,0.828690,0.441479,Bullish
NVDA,IBM - International Business Machines Corp Stock Price and Quote,"This article provides a comprehensive overview of International Business Machines (IBM) stock, including its current price, detailed financial statistics, performance metrics, and recent analyst ratings. It also features a substantial list of recent news articles related to IBM, focusing heavily on its advancements and partnerships in AI and quantum computing. Additionally, the article includes detailed insider trading activity for IBM executives.",https://finviz.com/quote.ashx?t=IBM,Finviz,Finviz,20251121T160000,,0.228166,Somewhat-Bullish,0.644733,-0.111498,Neutral
NVDA,AMD - Advanced Micro Devices Inc Stock Price and Quote,"This article provides a comprehensive overview of Advanced Micro Devices Inc (AMD) stock, including its current price, detailed financial performance metrics, recent analyst ratings, and insider trading activities. It highlights key financial figures, performance indicators across various timeframes, and a list of recent news articles related to AMD and its peers.",https://finviz.com/quote.ashx?t=AMD,Finviz,Finviz,20251121T160000,,0.23719,Somewhat-Bullish,0.926660,0.347336,Somewhat-Bullish
NVDA,AAPL - Apple Inc Stock Price and Quote,"This article provides a comprehensive overview of Apple Inc. (AAPL) stock, including its current price, key financial metrics, stock performance data, and recent news headlines. It also details an extensive list of insider transactions and analyst ratings, offering a deep dive into the company's financial and market standing.",https://finviz.com/quote.ashx?t=AAPL,Finviz,Finviz,20251121T160000,,0.111519,Neutral,0.640788,-0.231305,Somewhat-Bearish
NVDA,AVGO - Broadcom Inc Stock Price and Quote,"This article provides a comprehensive overview of Broadcom Inc. (AVGO) stock performance and related financial data as of November 21, 2025. It includes key financial metrics, stock performance data, recent news headlines mentioning Broadcom, and detailed insider trading activities.",https://finviz.com/quote.ashx?t=AVGO,Finviz,Finviz,20251121T160000,,-0.040723,Neutral,0.835608,-0.218839,Somewhat-Bearish
NVDA,"Cipher Mining (CIFR) Stock Today: Volatile Pullback After Google-Backed AI Deal – November 21, 2025","Cipher Mining (CIFR) experienced a volatile pullback on November 21, 2025, after a week marked by significant news, including an expanded AI hosting deal with Google-backed Fluidstack. While the stock was down for the day, it remains a strong performer year-to-date, fueled by its pivot from bitcoin mining to AI infrastructure. The company secured a $830 million contract with Fluidstack, backed by Alphabet's Google, and is funding this expansion with new senior secured notes, which has added leverage to its balance sheet.",https://ts2.tech/en/cipher-mining-cifr-stock-today-volatile-pullback-after-google-backed-ai-deal-november-21-2025/,TechStock²,TechStock²,20251121T160403,https://ts2.tech/wp-content/uploads/2025/11/CIFR-1.png.webp,0.276052,Somewhat-Bullish,0.614480,0.332558,Somewhat-Bullish
NVDA,Septerna (SEPN) Is Up 9.9% After Swinging to Q3 Profit and Revenue Surge – Has the Bull Case Changed?,"Septerna (SEPN) recently reported a swing to Q3 profit with US$8.17 million in net income and a substantial revenue surge to US$21.5 million. This strong performance, contrasting with previous losses and low sales, has ignited a 9.9% share price increase and warrants a reassessment of its investment narrative. While the improved financials suggest accelerated momentum, investors should remain cautious due to the company's historical volatility, ongoing R&D demands, and mixed clinical trial experiences.",https://simplywall.st/stocks/us/pharmaceuticals-biotech/nasdaq-sepn/septerna/news/septerna-sepn-is-up-99-after-swinging-to-q3-profit-and-reven,Simply Wall Street,Simply Wall Street,20251121T160925,NULL,0.208451,Somewhat-Bullish,0.600801,0.320051,Somewhat-Bullish
NVDA,"Google Stock Today, November 21, 2025: Gemini 3 ‘Hit’, Antitrust Finale and Bond Spree Keep Alphabet Near Record Highs","Alphabet (Google) stock is trading near record highs on November 21, 2025, driven by the strong performance of its new Gemini 3 AI model, despite ongoing antitrust challenges in the U.S. and a significant bond-fueled AI infrastructure expansion. Investors are balancing AI optimism against regulatory risks, with a recent Italian probe closing favorably and Wall Street maintaining a largely positive outlook. The company's financial strength supports its aggressive AI investments, positioning it as a core institutional holding.",https://ts2.tech/en/google-stock-today-november-21-2025-gemini-3-hit-antitrust-finale-and-bond-spree-keep-alphabet-near-record-highs/,ts2.tech,ts2.tech,20251121T162126,,0.253147,Somewhat-Bullish,0.622167,0.143332,Neutral
NVDA,"S&P 500 Gains and Losses Today: Ross Stores Climbs on Strong Earnings; Nvidia, Oracle, Broadcom Fall as AI Slump Persists","On Friday, November 21, 2025, the S&P 500 saw varied movements with Ross Stores surging on strong earnings and an improved outlook, while tech giants like Oracle, Nvidia, and Broadcom experienced declines amidst AI slump concerns. Ross Stores' success in the back-to-school season and optimistic holiday quarter forecast propelled its stock up, contrasting with Oracle's continued downtrend due to valuation and data center investment worries. Nvidia and its rivals, Broadcom and AMD, also fell, signaling ongoing market fears about an AI bubble despite Nvidia's stellar earnings report.",https://www.investopedia.com/s-and-p-500-gains-and-losses-today-ross-stores-climbs-on-strong-earnings-oracle-nvidia-broadcom-fall-ai-bubble-11854937,Investopedia,Investopedia,20251121T163500,,0.159207,Somewhat-Bullish,0.881868,-0.199748,Somewhat-Bearish
NVDA,"Nvidia reminds us it's not a gaming company anymore, but 'an AI data center infrastructure company'","During a recent financial call, Nvidia announced a staggering $57 billion in revenues for Q3 2025, largely driven by its significant role in the AI boom. The company explicitly stated its evolution ""from a gaming GPU company to now an AI data center infrastructure company,"" a shift highlighted by CEO Jensen Huang's comments on the scaling AI ecosystem. This redefinition reflects Nvidia's strategic pivot towards AI, a direction Huang has alluded to since as early as 2019.",https://www.pcgamer.com/software/ai/nvidia-reminds-us-its-not-a-gaming-company-anymore-but-an-ai-data-center-infrastructure-company/,PC Gamer,PC Gamer,20251121T163805,,0.035074,Neutral,0.323136,0.028701,Neutral
NVDA,"Eli Lilly Tops $1 Trillion, Joins Tech Titans In Exclusive Club","Eli Lilly became the first health care company to achieve a market capitalization of over $1 trillion on Friday, joining an exclusive group dominated by tech giants like Nvidia, Apple, and Amazon. Shares of Eli Lilly rose as high as 1,061.17, pushing its market cap past the $1 trillion mark for the first time. This milestone highlights the pharmaceutical company's significant growth and increasing influence in the market.",https://www.investors.com/news/technology/eli-lilly-trillion-dollar-club-tech-companies/,Investor's Business Daily,Investor's Business Daily,20251121T164200,https://www.investors.com/wp-content/uploads/2023/11/Stock-Illustraion-Medication-Pill-1-edit.jpg,0.330129,Somewhat-Bullish,0.854469,0.312424,Somewhat-Bullish
NVDA,US Stocks Climb as Alphabet Leads Gains and Fresh Fed Cut Hopes Emerge,"US stocks, led by Alphabet, climbed on Friday as renewed hopes for a Federal Reserve rate cut emerged following comments from New York Fed President John Williams. This rebound helped offset some of the previous day's losses, which were driven by concerns over overheated valuations and a potential slowdown in the AI boom. While some analysts caution about market excesses, positive earnings reports from companies like Intuit and Ross Stores provided support, though questions about near-term upside and crypto-linked equities' struggles persist.",https://www.tradealgo.com/news/us-stocks-climb-as-alphabet-leads-gains-and-fresh-fed-cut-hopes-emerge,TradeAlgo,TradeAlgo,20251121T165111,,0.187664,Somewhat-Bullish,0.741468,-0.201613,Somewhat-Bearish
NVDA,Why Oracle (ORCL) Stock Is Down Today,"Oracle's stock (NYSE:ORCL) fell 5.7% due to a mix of negative news including a potential cybersecurity breach claim by the Clop ransomware group, rising credit risk, and skepticism about its AI investments turning into revenue quickly. This decline also comes amidst a broader market rotation out of high-valuation AI-related stocks and anticipation of new economic data following a government shutdown. Despite the recent drop, Oracle is still up 19.4% year-to-date and has a significant 5-year return for investors.",https://finviz.com/news/236439/why-oracle-orcl-stock-is-down-today,Finviz,Finviz,20251121T171500,,-0.373249,Bearish,0.609396,-0.305870,Somewhat-Bearish
NVDA,Why Are Enviri (NVRI) Shares Soaring Today,Enviri (NVRI) shares jumped 27% after the company announced it agreed to sell its Clean Earth business to Veolia for $3.04 billion in cash and spin off its remaining businesses. Shareholders are expected to receive significant cash per share and retain ownership in the new publicly traded company. This strategic move aims to strengthen the balance sheet of the spun-off entity.,https://finviz.com/news/236443/why-are-enviri-nvri-shares-soaring-today,Finviz,Finviz,20251121T171600,NULL,0.102306,Neutral,0.641197,-0.331293,Somewhat-Bearish
NVDA,Alphabet (GOOGL) Stock: Google Reclaims Third Place as Market Value Tops $3.6 Trillion,"Alphabet (GOOGL) has reclaimed its position as the third most valuable U.S. company, with its market capitalization topping an impressive $3.6 trillion. This surge, fueled by strong Q3 earnings and advancements in AI, saw GOOGL shares climb 59% in 2025, outperforming its competitors. The company's robust performance attracted a significant investment from Warren Buffett's Berkshire Hathaway, which purchased 17.8 million shares.",https://parameter.io/alphabet-googl-stock-google-reclaims-third-place-as-market-value-tops-3-6-trillion/,Parameter,Parameter,20251121T171747,,0.261865,Somewhat-Bullish,0.635489,0.138821,Neutral
NVDA,"Nvidia CEO says the company is in a no-win situation amid AI-bubble chatter, leaked meeting reveals","Nvidia CEO Jensen Huang believes the company is in a no-win situation regarding AI bubble fears, regardless of its strong financial performance. Huang expressed frustration that impressive earnings are perceived as fueling the bubble, while any slight miss would be seen as evidence of its collapse, adding immense pressure to every quarter. Despite market volatility, Huang reiterated the company's strong fundamentals and its role in building essential AI infrastructure.",https://fortune.com/2025/11/21/nvidia-ceo-jensen-huang-q3-earnings-beat-no-win-situation-ai-bubble-fears-nvda-stock-selloff/,Fortune,Fortune,20251121T172600,,-0.243044,Somewhat-Bearish,1.000000,-0.200374,Somewhat-Bearish
NVDA,"Vertex Pharmaceuticals (VRTX) Stock Trades Up, Here Is Why","Shares of Vertex Pharmaceuticals (VRTX) rose 2.7% after comments from a Federal Reserve official boosted hopes for an interest rate cut, leading to a significant market rally. This move comes despite a previous setback where the company's experimental pain drug, VX-993, failed a mid-stage clinical trial, causing a 17.4% stock drop. Vertex Pharma is up 5.3% year-to-date and its shares are trading at $427.36, 16.8% below its 52-week high.",https://www.theglobeandmail.com/investing/markets/stocks/VRTX/pressreleases/36264785/vertex-pharmaceuticals-vrtx-stock-trades-up-here-is-why/,The Globe and Mail,The Globe and Mail,20251121T175600,,0.106602,Neutral,0.632863,0.326339,Somewhat-Bullish
NVDA,Nvidia's Stellar Quarter Fails to Quell Bears as AI Valuation Fears Deepen on Wall Street,"Despite Nvidia's stellar fiscal third-quarter earnings report, which surpassed expectations with $57 billion in revenue and strong Q4 guidance of $65 billion, its stock experienced a rapid reversal and closed down 3.15%. This market reaction, contributing to a 2.2% decline in the Nasdaq Composite, highlights growing investor anxiety about AI valuations and the sustainability of the AI boom. Pure-play AI software companies like C3.ai have been particularly affected, raising concerns about business models lacking established cash flows amidst stiff competition.",https://decrypt.co/349562/nvidias-quarter-fails-quell-bears-ai-valuation-fears-deepen,Decrypt,Decrypt,20251121T180609,https://decrypt.co/wp-content/uploads/2025/11/nivida-shutterstock-c.jpg,-0.186372,Somewhat-Bearish,1.000000,-0.231747,Somewhat-Bearish
NVDA,"Marcus & Millichap, Hasbro, and United Airlines Stocks Trade Up, What You Need To Know","Marcus & Millichap (MMI), Hasbro (HAS), and United Airlines (UAL) saw their stock prices jump, spurred by comments from New York Federal Reserve President John Williams indicating a potential interest rate cut. This news boosted market sentiment, increasing the probability of a rate cut at the December Fed meeting. The article details the individual stock movements and includes a performance snapshot for Marcus & Millichap.",https://markets.financialcontent.com/wral/article/stockstory-2025-11-21-marcus-and-millichap-hasbro-and-united-airlines-stocks-trade-up-what-you-need-to-know,FinancialContent,FinancialContent,20251121T181100,,0.190698,Somewhat-Bullish,0.637142,-0.110891,Neutral
NVDA,"Insight Digital Partners II (DYOR) Stock Price, News, Quote & History","This Yahoo Finance page provides a detailed overview of Insight Digital Partners II (DYOR) stock, including its current price, market performance, and company profile. It presents financial statistics, valuation measures, and comparison data with similar shell companies. The article also lists recent news and performance metrics against the S&P 500.",https://finance.yahoo.com/quote/DYOR/,Yahoo Finance,Yahoo Finance,20251121T181131,,0.013788,Neutral,0.639956,0.038899,Neutral
NVDA,Tesla Cybercab Crisis: Elon Musk Announces AI5 Chip Delays,"Elon Musk has announced significant delays for Tesla's AI5 chip, which is critical for powering Full Self Driving, Optimus robots, and data centers. This delay means major products like the Cybercab will initially use older hardware, potentially limiting their capabilities. The challenge highlights the difficulty in accelerating semiconductor production, which could impact Tesla's valuation given its reliance on perceived technological leadership.",https://www.inc.com/dave-sokolin/tesla-cybercab-crisis-elon-musk-announces-ai5-chip-delays/91269360,Inc.com,Inc.com,20251121T182931,,-0.171385,Somewhat-Bearish,0.627520,-0.110520,Neutral
NVDA,Trump Team Internally Floats Idea of Selling Nvidia H200 Chips to China,"US officials are reportedly engaged in preliminary discussions regarding the potential approval for Nvidia Corp. to sell its H200 artificial intelligence chips to China. These internal talks within President Donald Trump's team represent a contentious move that could significantly benefit Nvidia, the world's most valuable company. However, no final decision has been made, and such sales would require license approvals under existing export controls.",https://www.bloomberg.com/news/articles/2025-11-21/trump-team-internally-floats-idea-of-selling-nvidia-h200-chips-to-china,Bloomberg.com,Bloomberg.com,20251121T184900,,0.30177,Somewhat-Bullish,1.000000,0.301567,Somewhat-Bullish
NVDA,"Paychex and Asana Shares Are Soaring, What You Need To Know","Shares of HR software company Paychex (NASDAQ: PAYX) and project management software company Asana (NYSE: ASAN) jumped after comments from a Federal Reserve official boosted hopes for an interest rate cut. The probability of a December rate cut surged, which can particularly benefit growth-oriented sectors like software. Despite today's gains, Asana has experienced significant volatility and is down considerably since the beginning of the year.",https://finviz.com/news/236591/paychex-and-asana-shares-are-soaring-what-you-need-to-know,Finviz,Finviz,20251121T185100,,-0.108809,Neutral,0.610428,-0.332898,Somewhat-Bearish
NVDA,Dell Technologies Inc. Class C Common Stock (NYSE:DELL) Stock Quote,"This article provides a detailed stock quote for Dell Technologies Inc. (NYSE:DELL), including its current price, daily trading range, 52-week range, and dividend yield. It also presents a list of recent news articles related to Dell and the broader tech market, focusing on AI developments, earnings, and economic impacts. Key financial performance metrics for various periods are also included.",https://markets.financialcontent.com/wral/quote?Symbol=NY%3ADELL,FinancialContent,FinancialContent,20251121T190000,,0.088015,Neutral,0.835330,-0.154369,Somewhat-Bearish
NVDA,Johnson Controls International plc Ordinary Share (NY: JCI,"The Johnson Controls International plc (NYSE:JCI) page provides recent news and stock performance updates for the company. The articles cover analyst perspectives, stock volatility, dividend information, and market movements affecting JCI and related industrial stocks, with dates primarily from July to October 2025. It highlights JCI's financial performance, technical ratings, and market comparisons.",https://markets.financialcontent.com/stocks/quote/news?ChannelType=NEWS&CurrentPage=1&Symbol=NY%3AJCI,FinancialContent,FinancialContent,20251121T190000,,0.059453,Neutral,0.617864,0.226747,Somewhat-Bullish
NVDA,Dell Technologies Inc. Class C Common Stock (NY: DELL ),"This page provides a news compilation for Dell Technologies Inc. (NYSE: DELL), featuring recent articles about its stock performance, AI initiatives like ""Project Maverick,"" and mentions alongside other tech giants. Key stories include Dell's stock movements in response to economic news, delays in its AI overhaul, and expansions in its enterprise AI infrastructure. The content covers news items from mid to late November 2025, detailing market reactions to AI developments and broader economic trends affecting technology stocks.",https://markets.financialcontent.com/wss/quote/news?Symbol=321%3A2578133494,FinancialContent,FinancialContent,20251121T190000,,0.066068,Neutral,0.862293,-0.067907,Neutral
NVDA,Alpha and Omega Semiconductor supports 800 VDC power architecture for next-gen AI factories,"Alpha and Omega Semiconductor (AOS) has announced its support for NVIDIA's 800 VDC power architecture, designed for next-generation AI data centers featuring megawatt-scale racks. This architecture aims to improve efficiency, reduce copper usage, and enhance reliability by minimizing power conversion steps. AOS will leverage its Silicon Carbide (SiC) and Gallium Nitride (GaN) products to provide high-efficiency power semiconductors for the AC-to-DC and DC-to-DC conversion stages within these advanced AI factories.",https://www.dqindia.com/esdm/alpha-and-omega-semiconductor-supports-800-vdc-power-architecture-for-next-gen-ai-factories-10599913,DQ,DQ,20251121T190924,https://img-cdn.publive.online/fit-in/1280x960/filters:format(webp)/dq/media/media_files/2025/10/28/aos_ai-factories-2025-10-28-12-32-52.jpg,0.674013,Bullish,0.741792,0.404235,Bullish
NVDA,Equity markets to broaden despite continued AI resilience,"The article forecasts a broadening of equity market leadership in 2026 beyond traditional AI sectors, driven by ""existential investment"" in physical AI and substantial fiscal stimulus in the U.S. It highlights growing opportunities in non-tech industries and various global regions, including Europe, Japan, and emerging markets, due to factors like deregulation, infrastructure spending, and improved corporate governance. This shift suggests that investors should diversify beyond U.S. technology to capture growth in a wider range of sectors and geographies.",https://www.troweprice.com/financial-intermediary/ca/en/thinking/articles/2025/q4/equity-markets-broaden-despite-continued-ai-resilience.html,T. Rowe Price,T. Rowe Price,20251121T193649,,0.273287,Somewhat-Bullish,0.649880,0.434379,Bullish
NVDA,SuperX AI (NASDAQ: SUPX) Subsidiary Earns NVIDIA NPN Preferred Partner Level,"SuperX AI announced that its Singapore-based subsidiary, MicroInference Pte. Ltd., has been elevated to the NVIDIA Partner Network Solution Provider Partner Program's Preferred level. This status, effective November 19, 2025, applies to Compute and Networking competencies and may grant MicroInference enhanced program benefits. The announcement led to a 13.33% decline in SUPX stock, despite the potential advantages of the new partnership level.",https://www.stocktitan.net/news/SUPX/super-x-ai-achieves-nvidia-solution-provider-preferred-147d4xbvcc3s.html,Stock Titan,Stock Titan,20251121T200931,https://mma.prnewswire.com/media/2738991/SuperX_Blue_Logo.jpg,0.127888,Neutral,0.812576,0.227419,Somewhat-Bullish
NVDA,"Stock Movers: Ross Stores, Nvidia, Gap","This article discusses the positive stock movements of Ross Stores, Nvidia, and Gap. Ross Stores exceeded Q3 earnings expectations and raised full-year guidance, while Nvidia's shares spiked on news of potential US approval for H200 chip sales to China. Gap also reported stronger-than-expected sales, indicating success in navigating consumer caution.",https://www.bloomberg.com/news/audio/2025-11-21/stock-movers-ross-stores-nvidia-gap-podcast,Bloomberg.com,Bloomberg.com,20251121T201657,,0.453418,Bullish,0.806885,0.318984,Somewhat-Bullish
NVDA,Eli Lilly Reaches $1 Trillion Market Cap on Booming Weight-Loss Drugs,"Eli Lilly has achieved a $1 trillion market capitalization, becoming the first pharmaceutical company to reach this milestone, driven by the success of its weight-loss drugs Mounjaro and Zepbound. The company joins a select group of mostly tech companies to surpass this valuation, with its market value now more than double that of its closest industry rival, Johnson & Johnson. This accomplishment positions Eli Lilly as the tenth company globally to exceed the $1 trillion mark according to Dow Jones Market Data.",https://www.wsj.com/health/pharma/eli-lilly-reaches-1-trillion-market-cap-on-booming-weight-loss-drugs-f4664fa9?gaa_at=eafs&gaa_n=AWEtsqf7MKisJNJ0uGVzdTuuhBzI0jippHwu4J5gzKnPlFcGYwr72BIc36rK&gaa_ts=6920d3db&gaa_sig=5qF7zBSMJDRMCPbW9iXVMuBX3639V4szEy1fLNoJDlvjY3V6PZQ1Up2O8ijW1J56wmr-QKCfd8MmGl4oLljB8g%3D%3D,The Wall Street Journal,The Wall Street Journal,20251121T205156,,0.179366,Somewhat-Bullish,0.634216,0.137293,Neutral
NVDA,ETFs to Consider as AI Bubble Worries Increase,"As concerns about a potential AI bubble grow, investors are advised to diversify their portfolios rather than selling holdings based solely on bubble fears, as a specific market downturn catalyst is absent. Despite these concerns, NVIDIA's stock showed strong performance after earnings, though it later dipped. Suggested investment strategies include diversifying with assets like gold, which serves as a strong hedge, and considering specific ETFs such as the Cambria Tail Risk ETF and AdvisorShares Ranger Equity Bear ETF to mitigate tech-related risks.",https://intellectia.ai/news/etf/etfs-to-consider-as-ai-bubble-worries-increase,Intellectia AI,Intellectia AI,20251121T205257,https://d5bp8bijhhba2.cloudfront.net/image/cover_image/8c681fa2554b259090b59645026066746825197d4a5d0de0f562a339ad9ee1e8.jpg,0.082074,Neutral,0.843934,0.103819,Neutral
NVDA,"Why Oracle, Not Nvidia, Is the Company to Watch for Potential AI Trouble","Goldman Sachs partner John Flood suggests that Oracle (ORCL) is the company to monitor for potential AI-related financial risks, rather than Nvidia (NVDA), due to a significant increase in Oracle's credit default swap prices. Hyperscalers, including Oracle, are heavily investing in data centers, causing their capital spending to outpace cash flow and potentially leading to more debt. Despite market pullbacks driven by profit-taking in AI stocks, analysts maintain a bullish outlook for the broader market.",https://www.tipranks.com/news/why-oracle-not-nvidia-is-the-company-to-watch-for-potential-ai-trouble,TipRanks,TipRanks,20251121T210640,,0.049438,Neutral,0.304056,0.032829,Neutral
NVDA,Alphabet Hits Record High as AI Momentum Builds and $2B Data Center Announced,"Alphabet (GOOGL) reached a new record high due to optimism surrounding its Gemini 3 AI platform, extending a two-day rally. The company announced a $2 billion investment for a Google Cloud operation in Turkiye and a new Taipei office as its largest AI infrastructure hardware engineering hub outside the US. Alphabet also unveiled plans for the Dhivaru subsea cable project to improve data connectivity across the Indian Ocean.",https://www.tradingview.com/news/gurufocus:09299e82f094b:0-alphabet-hits-record-high-as-ai-momentum-builds-and-2b-data-center-announced/,TradingView,TradingView,20251121T220608,,0.380939,Bullish,0.621358,0.339736,Somewhat-Bullish
NVDA,Baxter International Stock Prediction: Where Analysts See the Stock Going by 2027,"Analysts predict Baxter International (NYSE: BAX) could see its stock price reach $21-$24/share by 2027, representing a meaningful upside from its current $17/share. This outlook is driven by the company's restructuring efforts, focus on operational discipline, and balance sheet strengthening, despite recent challenges and mixed investor sentiment. While growth is expected to be steady rather than rapid, improving profitability and a subdued valuation are seen as key contributors to future returns.",https://www.tikr.com/blog/baxter-international-stock-prediction-where-analysts-see-the-stock-going-by-2027,TIKR.com,TIKR.com,20251121T222053,,0.297169,Somewhat-Bullish,0.644138,0.337349,Somewhat-Bullish
NVDA,Tesla gets green light for autonomous ride-sharing in Phoenix. When will it launch?,"Tesla has received state-level permits to operate a robotaxi ride-sharing service in Phoenix, now holding the same type of permit as competitors like Waymo, Uber, and Lyft. Initially, its robotaxis in Phoenix will require human safety monitors, mirroring its current operations in Austin, Texas. The company aims to launch its robotaxi service in Phoenix and other metros by the end of the year amid increasing competition in the autonomous ride-sharing market from companies like Waymo and Amazon.",https://www.azcentral.com/story/money/business/tech/2025/11/19/tesla-approved-for-autonomous-ride-sharing-service-in-phoenix/87342088007/,azcentral.com and The Arizona Republic,azcentral.com and The Arizona Republic,20251121T222157,,0.135185,Neutral,0.610737,0.125086,Neutral
NVDA,Blockfusion SPAC Merger: $450M Deal to List AI Data Center Company - News and Statistics,"Blockfusion, an AI data center company, is set to go public through a $450 million SPAC merger with Blue Acquisition Corp, with the combined entity expecting to trade on Nasdaq. This deal highlights the resurgence of SPACs and signals Blockfusion's transition into a high-performance, next-generation AI data center platform. The merger is expected to close in the first half of 2026, targeting $128 million in gross revenue and $75 million EBITDA by 2028.",https://www.indexbox.io/blog/blockfusion-to-go-public-via-450-million-spac-merger-with-blue-acquisition-corp/,IndexBox,IndexBox,20251121T230926,NULL,0.337048,Somewhat-Bullish,0.646506,0.348710,Somewhat-Bullish
NVDA,REX Shares Launches New T-REX 2X Long CIFR Daily Target ETF (CBOE: CIFU),"REX Shares, in collaboration with Tuttle Capital Management, has launched the new T-REX 2X Long CIFR Daily Target ETF (CBOE: CIFU). This ETF provides 200% leveraged daily exposure to Cipher Mining (NASDAQ: CIFR), a leading U.S.-based Bitcoin mining and infrastructure company. The CIFU ETF aims to offer traders tactical, amplified exposure to a significant player in the digital asset infrastructure sector.",https://www.crypto-reporter.com/newsfeed/rex-shares-launches-new-t-rex-2x-long-cifr-daily-target-etf-cboe-cifu-117545/,Crypto Reporter,Crypto Reporter,20251121T230951,https://mms.businesswire.com/media/20251121470931/en/2651202/22/New_REX_Logo.jpg,0.400846,Bullish,0.601332,0.310936,Somewhat-Bullish
NVDA,The Best ETF for AI Infrastructure Investors,"Most AI ETFs are diluted with software and chip companies, while the real constraint on AI deployment is physical infrastructure. The Global X Data Center & Digital Infrastructure ETF (NASDAQ: DTCR) offers pure exposure to data center REITs and digital infrastructure operators that lease space and power to hyperscalers, ensuring direct participation in the AI infrastructure buildout. This fund avoids the dilution seen in other AI funds by focusing exclusively on companies that generate revenue from physical space and power leasing, providing a diversified way to invest in the essential backbone of AI.",https://www.theglobeandmail.com/investing/markets/stocks/EQIX/pressreleases/35906326/the-best-etf-for-ai-infrastructure-investors/,The Globe and Mail,The Globe and Mail,20251122T000854,https://barchart-news-media-prod.aws.barchart.com/FC/77a9e3f9aeae07202836aff832db3d92/%3Furl%3Dhttps%253a%252f%252fg.foolcdn.com%252feditorial%252fimages%252f841155%252fgettyimages-2183748780.jpg%26amp%3Bw%3D700,0.285558,Somewhat-Bullish,0.805175,0.255285,Somewhat-Bullish
NVDA,"New Buy Rating for Applied Materials (AMAT), the Technology Giant",Bernstein analyst Stacy Rasgon maintained a Buy rating on Applied Materials (AMAT) with a price target of $260.00. This rating comes despite Barclays maintaining a Hold rating on the stock a day prior. Applied Materials recently reported quarterly revenue of $6.8 billion and a net profit of $1.9 billion.,https://www.theglobeandmail.com/investing/markets/stocks/AMAT/pressreleases/36264168/new-buy-rating-for-applied-materials-amat-the-technology-giant/,The Globe and Mail,The Globe and Mail,20251122T013558,NULL,0.246925,Somewhat-Bullish,0.642853,0.324910,Somewhat-Bullish
NVDA,Advanced Micro Devices Inc Stock Price Today (NASDAQ: AMD) - AMD Share Price Live Quote,"This article provides extensive financial data and analysis for Advanced Micro Devices, Inc. (NASDAQ: AMD), including its current stock price, historical performance, fundamental indicators, valuation trends, and peer comparisons. It also details analyst recommendations, investor sentiment, and comprehensive quarterly and annual financial statements for profit & loss and cash flow.",https://www.indmoney.com/us-stocks/advanced-micro-devices-inc-share-price-amd,INDmoney,INDmoney,20251122T022900,,0.23804,Somewhat-Bullish,0.603413,0.229354,Somewhat-Bullish
NVDA,Nvidia defies AI bubble fears but some analysts remain worried,"Nvidia's blockbuster earnings initially eased fears of an AI bubble, but its stock and the broader market still dipped, highlighting ongoing concerns about the technology's profitability despite massive spending. While Nvidia and its proponents see a transformative tech shift, critics and some analysts warn of immense costs, potential financial strain, and an overexcited market, even if AI's long-term impact is undeniable.",https://abcnews.go.com/Business/nvidia-defies-ai-bubble-fears-analysts-remain-worried/story?id=127709332,ABC News,ABC News,20251122T050600,,0.145446,Neutral,1.000000,0.273834,Somewhat-Bullish
NVDA,1 Sector ETF to Avoid Like the Plague in November,"This article advises investors to avoid the Consumer Staples Select Sector SPDR Fund (XLP) due to its recent underperformance, despite consumer staples typically being a defensive sector. The ETF has shown weakness, retreating 3.6% in the month ending November 18 and a 2.7% year-to-date loss, contradicting historical November seasonality. Furthermore, some of its significant holdings, like Costco and Walmart, are considered overvalued compared to their growth prospects, making the ETF an unfavorable investment.",https://www.theglobeandmail.com/investing/markets/markets-news/Motley%20Fool/36268015/1-sector-etf-to-avoid-like-the-plague-in-november/,The Globe and Mail,The Globe and Mail,20251122T051500,https://barchart-news-media-prod.aws.barchart.com/FC/97bec60e82a2dabc8c17ad78178b1896/%3Furl%3Dhttps%253a%252f%252fg.foolcdn.com%252feditorial%252fimages%252f843661%252fwmt-2.jpg%26amp%3Bw%3D700,-0.339955,Somewhat-Bearish,0.645695,0.220028,Somewhat-Bullish
NVDA,"PayPal Holdings, Inc. (NASDAQ:PYPL) Receives Average Recommendation of ""Hold"" from Brokerages","PayPal Holdings, Inc. (NASDAQ:PYPL) has received a consensus ""Hold"" rating from thirty-seven analysts, with an average 1-year price target of $82.56. The company recently beat Q3 earnings estimates and provided Q4 and FY2025 guidance. Insider selling and institutional investment activity are also detailed, alongside stock performance metrics and new dividend information.",https://www.marketbeat.com/instant-alerts/paypal-holdings-inc-nasdaqpypl-receives-average-recommendation-of-hold-from-brokerages-2025-11-22/,MarketBeat,MarketBeat,20251122T070258,,0.074974,Neutral,0.606492,0.023761,Neutral
NVDA,"Telligent Fund LP Sells 22,000 Shares of Broadcom Inc. $AVGO","Telligent Fund LP reduced its stake in Broadcom Inc. by 52.4%, selling 22,000 shares but still holding it as its fourth-largest position. This sale occurred amid significant insider selling by Broadcom's Director Henry Samueli and CEO Hock E. Tan, while analysts largely maintain a ""Buy"" rating on the stock with an average target of $374.21. Broadcom's stock performance shows a market cap of $1.61 trillion and a P/E ratio of 86.79.",https://www.marketbeat.com/instant-alerts/filing-telligent-fund-lp-sells-22000-shares-of-broadcom-inc-avgo-2025-11-22/,MarketBeat,MarketBeat,20251122T073548,,0.028609,Neutral,0.613948,0.126798,Neutral
NVDA,These under-the-radar chip stocks could deliver rapid sales growth for the next 2 years,"This article highlights that while Nvidia continues its strong revenue growth, investors looking for rapid growth in the chip sector should also consider lesser-known companies. Credo and Astera Labs are identified as under-the-radar chip stocks with promising revenue-growth prospects for the next two years, despite recent pressures on the artificial-intelligence trade.",https://www.marketwatch.com/story/these-under-the-radar-chip-stocks-could-deliver-rapid-sales-growth-for-the-next-2-years-76f6bb52?gaa_at=eafs&gaa_n=AWEtsqctD19GNNWeLztr-TPSf2qPaXpxA5MdGfHfNNKKBcagXdWGQQP7xu4x&gaa_ts=69225311&gaa_sig=eU6KiEP0qGIcaKzKB2obGD94scVosKAiDu2dFXalwB0ZEp_8Iuyu1VdOWlSR5PhLXO68RdAQpXCSJ1QDFopQag%3D%3D,MarketWatch,MarketWatch,20251122T090000,,0.223549,Somewhat-Bullish,1.000000,0.222576,Somewhat-Bullish
NVDA,Texas Instruments Incorporated $TXN Stake Lessened by DNB Asset Management AS,"DNB Asset Management AS reduced its stake in Texas Instruments by 3.0%, selling 7,438 shares, but still holds 243,675 shares valued at $50.6 million. Despite this, Texas Instruments increased its quarterly dividend to $1.42 per share, yielding 3.7%, though its payout ratio is over 100%. Analysts have recently lowered price targets for TXN, resulting in a consensus ""Hold"" rating with a mean target of $191.67.",https://www.marketbeat.com/instant-alerts/filing-texas-instruments-incorporated-txn-stake-lessened-by-dnb-asset-management-as-2025-11-21/,MarketBeat,MarketBeat,20251122T100130,,0.039122,Neutral,0.615561,-0.140781,Neutral
NVDA,"Entropy Technologies LP Purchases 16,546 Shares of Western Digital Corporation $WDC","Entropy Technologies LP increased its stake in Western Digital Corporation by 48.6%, acquiring 16,546 shares to hold a total of 50,609 shares valued at $3.238 million. This comes amidst several analyst price target increases, a ""Moderate Buy"" consensus rating, and recent insider selling activity, including CEO Irving Tan's sale of 20,000 shares. Western Digital also announced a quarterly dividend increase to $0.125 per share.",https://www.marketbeat.com/instant-alerts/filing-entropy-technologies-lp-purchases-16546-shares-of-western-digital-corporation-wdc-2025-11-21/,MarketBeat,MarketBeat,20251122T100133,,0.280489,Somewhat-Bullish,0.640211,0.246123,Somewhat-Bullish
NVDA,Jacobsen Capital Management Raises Position in Apple Inc. $AAPL,"Jacobsen Capital Management increased its stake in Apple Inc. (NASDAQ:AAPL) by 10.4% in the second quarter, making it their 9th largest holding. The article details Apple's strong financial performance with beat expectations on EPS and revenue, current trading stats, and recent insider selling activities. It also includes analyst ratings and other institutional investment changes in Apple stock.",https://www.marketbeat.com/instant-alerts/filing-jacobsen-capital-management-raises-position-in-apple-inc-aapl-2025-11-22/,MarketBeat,MarketBeat,20251122T100545,,-0.153158,Somewhat-Bearish,0.624526,-0.326683,Somewhat-Bearish
NVDA,"Global Wealth Management Investment Advisory Inc. Sells 2,580 Shares of Alphabet Inc. $GOOGL","Global Wealth Management Investment Advisory Inc. reduced its stake in Alphabet Inc. ($GOOGL) by 7.7%, selling 2,580 shares, though Alphabet still represents 1.0% of its holdings. This divestiture occurred despite several major institutions increasing their Alphabet stakes and analysts maintaining a ""Moderate Buy"" consensus rating with a target price of $305.33. The company reported strong quarterly earnings, beating EPS estimates, and announced a $0.21 quarterly dividend, even as insiders were net sellers.",https://www.marketbeat.com/instant-alerts/filing-global-wealth-management-investment-advisory-inc-sells-2580-shares-of-alphabet-inc-googl-2025-11-22/,MarketBeat,MarketBeat,20251122T102116,,0.149301,Neutral,0.596763,0.103855,Neutral
NVDA,OMC Financial Services LTD Has $25.02 Million Stock Position in Apple Inc. $AAPL,"OMC Financial Services LTD has reduced its stake in Apple Inc. by 4.6%, but it still represents 10.2% of its portfolio and is its second-largest holding, valued at $25.02 million. Insider selling by Apple SVPs Katherine L. Adams and Deirdre O'Brien also occurred, while Apple reported earnings that beat expectations and received a ""Moderate Buy"" consensus rating from analysts with an average target price of $278.22. The company also recently announced a quarterly dividend.",https://www.marketbeat.com/instant-alerts/filing-omc-financial-services-ltd-has-2502-million-stock-position-in-apple-inc-aapl-2025-11-22/,MarketBeat,MarketBeat,20251122T105041,,0.040723,Neutral,0.613226,-0.194524,Somewhat-Bearish
NVDA,Patten Group Inc. Has $14.24 Million Stock Position in Apple Inc. $AAPL,"Patten Group Inc. reduced its stake in Apple Inc. by 5.6% in Q2, now holding 69,418 shares valued at $14.24 million, making Apple its fourth-largest holding. The article also details significant insider selling by Apple executives and provides an overview of analyst ratings and the company's recent financial performance.",https://www.marketbeat.com/instant-alerts/filing-patten-group-inc-has-1424-million-stock-position-in-apple-inc-aapl-2025-11-22/,MarketBeat,MarketBeat,20251122T105041,,0.094995,Neutral,0.625278,0.038947,Neutral
NVDA,"Swiss National Bank Purchases 181,700 Shares of Texas Instruments Incorporated $TXN","Swiss National Bank increased its stake in Texas Instruments (TXN) by 7.1% in Q2, acquiring 181,700 shares to own a total of 2,754,500 shares valued at $571.9 million. This comes amidst mixed analyst ratings, with an average ""Hold"" consensus, and recent strong earnings performance where Texas Instruments beat revenue expectations and raised its quarterly dividend. Insider transactions also show key executives selling shares in August and November.",https://www.marketbeat.com/instant-alerts/filing-swiss-national-bank-purchases-181700-shares-of-texas-instruments-incorporated-txn-2025-11-21/,MarketBeat,MarketBeat,20251122T120037,,0.030005,Neutral,0.623352,-0.130311,Neutral
NVDA,Innospec Inc stock hits 52-week low at $70.97,"Innospec Inc. stock has reached a new 52-week low at $70.97, reflecting a challenging year with a 37.51% decrease in value over 12 months. Despite this, InvestingPro data suggests the specialty chemicals company is undervalued with a potential upside of 48% based on analyst price targets, supported by a strong balance sheet, healthy current ratio, and 12 consecutive years of dividend increases. Recent news includes a slight revenue decline in Q3 2025 but exceeded EPS expectations, alongside a Buy rating and $93.00 price target from Freedom Capital Markets.",https://www.investing.com/news/company-news/innospec-inc-stock-hits-52week-low-at-7097-93CH-4365635,Investing.com,Investing.com,20251122T120909,https://i-invdn-com.investing.com/news/World_News_10_800x533_L_1420026292.jpg,-0.211309,Somewhat-Bearish,0.626838,-0.318948,Somewhat-Bearish
NVDA,Vanguard Group Inc. Increases Position in NXP Semiconductors N.V. $NXPI,"Vanguard Group Inc. increased its stake in NXP Semiconductors N.V. by 1.4% during the second quarter, bringing its total holdings to 13,350,245 shares valued at approximately $2.92 billion. NXP Semiconductors recently reported Q2 EPS of $3.11, missing consensus by $0.01, on revenue of $3.17 billion, and announced a quarterly dividend of $1.014 per share. Several other institutional investors also modified their positions in NXPI, and analysts currently rate the stock as a ""Moderate Buy"" with an average target price of $252.47.",https://www.marketbeat.com/instant-alerts/filing-vanguard-group-inc-increases-position-in-nxp-semiconductors-nv-nxpi-2025-11-21/,MarketBeat,MarketBeat,20251122T130532,,0.114112,Neutral,0.633891,0.144522,Neutral
NVDA,Vanguard Group Inc. Grows Stock Holdings in Western Digital Corporation $WDC,"Vanguard Group Inc. increased its stake in Western Digital Corporation ($WDC) by 0.2% in the second quarter, now owning 12.34% of the company, valued at approximately $2.75 billion. This increase aligns with a more bullish sentiment from analysts, with raised price targets, and comes as Western Digital increased its quarterly dividend and reported strong earnings. Institutional investors collectively own a significant share of the stock, and insider trading activity has also been noted.",https://www.marketbeat.com/instant-alerts/filing-vanguard-group-inc-grows-stock-holdings-in-western-digital-corporation-wdc-2025-11-21/,MarketBeat,MarketBeat,20251122T130550,,0.276929,Somewhat-Bullish,0.615376,0.119328,Neutral
NVDA,Texas Instruments Incorporated $TXN Shares Sold by Legal & General Group Plc,"Legal & General Group Plc reduced its stake in Texas Instruments by 1.4% in Q2, selling 94,975 shares and retaining 6,484,317 shares valued at approximately $1.346 billion. Following this, Texas Instruments reported Q3 EPS of $1.48 and revenue of $4.74 billion, while also raising its quarterly dividend to $1.42. The article also details other institutional investor activities, analyst ratings, and insider stock sales for Texas Instruments.",https://www.marketbeat.com/instant-alerts/filing-texas-instruments-incorporated-txn-shares-sold-by-legal-general-group-plc-2025-11-21/,MarketBeat,MarketBeat,20251122T130638,,-0.131728,Neutral,0.610762,-0.112862,Neutral
NVDA,Broadcom Inc. $AVGO is Wisconsin Wealth Advisors LLC's 5th Largest Position,"Wisconsin Wealth Advisors LLC has increased its stake in Broadcom Inc. by 9.2%, making it the firm's 5th largest position, valued at approximately $3.57 million. Broadcom continues to show strong financial performance, beating quarterly earnings and revenue estimates, with Wall Street analysts largely maintaining a bullish outlook and consensus ""Buy"" rating despite recent insider selling activities. The article details institutional ownership, stock performance metrics, dividend announcements, and analyst price targets for Broadcom Inc.",https://www.marketbeat.com/instant-alerts/filing-broadcom-inc-avgo-is-wisconsin-wealth-advisors-llcs-5th-largest-position-2025-11-22/,MarketBeat,MarketBeat,20251122T133548,,0.321804,Somewhat-Bullish,0.624514,0.229801,Somewhat-Bullish
NVDA,TFB Advisors LLC Increases Stake in Apple Inc. $AAPL,"TFB Advisors LLC increased its stake in Apple Inc. by 6.2% in the second quarter, bringing its total holdings to 31,357 shares valued at $6.43 million, making Apple its 9th largest position. Despite significant insider selling over the past 90 days, Apple maintains a ""Moderate Buy"" consensus rating with a target price of $278.22, following strong quarterly earnings that surpassed analyst estimates. The article also details other institutional investor movements and recent financial performance metrics for the tech giant.",https://www.marketbeat.com/instant-alerts/filing-tfb-advisors-llc-increases-stake-in-apple-inc-aapl-2025-11-22/,MarketBeat,MarketBeat,20251122T135041,,-0.157367,Somewhat-Bearish,0.601052,-0.302100,Somewhat-Bearish
NVDA,"Investors Are Acting Like the ""OpenAI Bubble"" Is Popping As SoftBank and Oracle Stock Continue Slide","Investors are showing increased skepticism about OpenAI's financial sustainability, leading to stock declines for its partners like SoftBank and Oracle. Doubts are growing over OpenAI's ambitious spending plans and profitability challenges, especially after CEO Sam Altman's responses to questions about the company's vast data center expenditures. While the broader AI industry remains strong, the focus is now squarely on OpenAI's ability to achieve financial viability amidst rising competitive pressures and slowing user engagement.",https://www.thestreet.com/technology/investors-are-acting-like-the-openai-bubble-is-popping-as-softbank-and-oracle-stock-tank,TheStreet,TheStreet,20251122T143400,,-0.046953,Neutral,0.713572,0.103042,Neutral
NVDA,"If You'd Invested $10,000 in Home Depot (HD) 3 Years Ago, Here's How Much You'd Have Today","This article examines the hypothetical return on a $10,000 investment in Home Depot ($HD) three years ago, revealing it would have grown to $11,690, significantly underperforming the S&P 500. The piece attributes Home Depot's struggle to macro headwinds like higher interest rates and consumer spending pressure on renovation projects. Despite challenges, the CEO notes a substantial underspend in home repair, suggesting potential for future demand.",https://finviz.com/news/236719/if-youd-invested-10000-in-home-depot-hd-3-years-ago-heres-how-much-youd-have-today,Finviz,Finviz,20251122T145500,,0.095719,Neutral,0.620258,0.342146,Somewhat-Bullish
NVDA,Zimmer Biomet Stock Prediction: Where Analysts See the Stock Going by 2027,"Analysts predict Zimmer Biomet Holdings Inc. (NYSE: ZBH) stock could reach approximately $104 per share by 2027, representing about 17% upside or roughly 8% annualized returns, driven by stable margins, predictable procedure volumes, and strategic initiatives like its ROSA robotics platform expansion. Despite a history of slow growth compared to medtech peers, the company's valuation below historical averages and focus on operational improvements suggest a story of consistent performance rather than rapid acceleration. Stronger catalysts like accelerating procedure volumes or broader robotics adoption would be needed for more significant gains.",https://www.tikr.com/blog/zimmer-biomet-stock-prediction-where-analysts-see-the-stock-going-by-2027,TIKR.com,TIKR.com,20251122T152145,,0.248786,Somewhat-Bullish,0.641153,0.247767,Somewhat-Bullish
NVDA,AMD vs. Intel: Which Chipmaker Is Poised for Explosive Data Center Growth?,"This article compares AMD and Intel's positions in the data center market, particularly concerning AI infrastructure growth. It highlights AMD's success with its MI300/MI400 series GPUs and its full-stack approach, contrasting it with Intel's inconsistent results and diversified strategy. The author concludes that AMD is better strategically positioned for future growth due to its comprehensive hardware and software offerings.",https://finviz.com/news/236726/amd-vs-intel-which-chipmaker-is-poised-for-explosive-data-center-growth,Finviz,Finviz,20251122T160000,,0.309799,Somewhat-Bullish,0.653518,0.305815,Somewhat-Bullish
NVDA,SMCI Stock Forecast to the End of 2025: Can Supermicro’s AI Server Boom Outrun Its Risk Warnings?,"This article provides an SMCI stock forecast for Super Micro Computer (NASDAQ:SMCI) through the end of 2025, analyzing its AI server boom against significant risk warnings including internal control weaknesses and security vulnerabilities. Despite strong AI demand and increased revenue guidance, the stock trades at a discount due to these concerns, summarized through various Wall Street forecasts and scenario analyses. The piece advises investors to consider SMCI’s high risk and high reward profile, emphasizing the importance of management's execution on Q2 numbers, remediation, and security.",https://ts2.tech/en/smci-stock-forecast-to-the-end-of-2025-can-supermicros-ai-server-boom-outrun-its-risk-warnings/,ts2.tech,ts2.tech,20251122T175143,,0.189432,Somewhat-Bullish,0.740109,0.340348,Somewhat-Bullish
NVDA,authID (Nasdaq: AUID) joins NVIDIA Connect to enhance Agentic AI agent security,"authID (Nasdaq: AUID) has joined the NVIDIA Connect Program, gaining access to NVIDIA GPU technologies, AI frameworks, and training. This move is a milestone for authID's strategy to secure human identity in agentic AI, accelerate the development of GPU-powered biometric and policy engines, and scale privacy-preserving AI security for enterprises and governments using its authID Mandate™ framework. The partnership aims to provide auditable and compliance-supporting AI security globally, addressing the need for accountability and transparency in agentic AI deployments.",https://www.stocktitan.net/news/AUID/auth-id-joins-nvidia-connect-to-advance-enterprise-and-ai-agent-zy62r1c4c0cd.html,Stock Titan,Stock Titan,20251122T180854,https://www.globenewswire.com/newsroom/ti?nf=OTU3OTQwOCM3Mjc0NjM5IzIyMDkxOTU=,0.372951,Bullish,0.836757,0.204144,Somewhat-Bullish
NVDA,Nvidia shares rise after strong results ease 'AI bubble' concerns,"Nvidia reported stronger-than-expected revenues, with sales for the three months to October jumping 62% to $57bn, driven by demand for its AI data centre chips. This performance has eased investor concerns about heavy artificial intelligence spending and the possibility of an ""AI bubble,"" despite ongoing questions about AI stock valuations. CEO Jensen Huang highlighted ""off the charts"" sales for AI Blackwell systems and sold-out cloud GPUs, reaffirming the company's strong position in the AI market.",https://www.bbc.com/news/articles/cly4y2enywro,BBC,BBC,20251122T225142,,0.433913,Bullish,1.000000,0.810021,Bullish
NVDA,"Finwise Bancorp director Reynolds buys $43,528 in stock","Finwise Bancorp Director Howard I. Reynolds purchased 2,297 shares of common stock for $43,528 on October 31, 2025, increasing his direct ownership to 38,105 shares. This transaction follows Finwise Bancorp's strong third-quarter 2025 performance, where it exceeded earnings and revenue expectations with an EPS of $0.34 and revenue of $36.66 million.",https://www.investing.com/news/insider-trading-news/finwise-bancorp-director-reynolds-buys-43528-in-stock-93CH-4329011,Investing.com,Investing.com,20251123T021320,https://i-invdn-com.investing.com/news/World_News_9_800x533_L_1420026261.jpg,0.15208,Somewhat-Bullish,0.627511,0.106342,Neutral
NVDA,"QQQ Stock Today, November 22, 2025: Invesco QQQ ETF Steadies Near $590 After Volatile Tech Week","The Invesco QQQ Trust (QQQ) settled near $590 on November 22, 2025, after a volatile week driven by AI optimism, valuation concerns, and shifting Federal Reserve rate cut expectations. Institutional investors like JPMorgan and Cozad Asset Management increased their stakes, while AGP Franklin LLC reduced its position, reflecting a nuanced institutional view. Invesco is also proposing a reclassification to lower QQQ's expense ratio from 0.20% to 0.18%, aiming to save shareholders approximately $70 million annually.",https://ts2.tech/en/qqq-stock-today-november-22-2025-invesco-qqq-etf-steadies-near-590-after-volatile-tech-week/,ts2.tech,ts2.tech,20251123T040705,https://ts2.tech/wp-content/uploads/2025/11/invesco-qqq.jpg,0.035707,Neutral,0.895478,-0.210532,Somewhat-Bearish
NVDA,Jack Henry & Associates : JKHY,"This article provides an overview of Jack Henry & Associates Inc. (JKHY), a financial technology firm specializing in technology and payment processing services for financial institutions. It includes real-time stock data and mentions a recent analyst research call involving the company. The article highlights Jack Henry's solutions for transaction processing, data management, risk management, and digital banking.",https://247wallst.com/companies/jkhy?utm_source=robinhood&tpid=1536898&tv=link&tc=in_content,24/7 Wall St.,24/7 Wall St.,20251123T052144,,0.275343,Somewhat-Bullish,0.611556,0.388337,Bullish
NVDA,"Yale Expert Raises Antitrust Concerns Over OpenAI, SoftBank, Oracle's $500 Billion Stargate Project: Report","A Yale Law School researcher, Madhavi Singh, has raised antitrust concerns over the Stargate Project, a joint AI infrastructure initiative by OpenAI, SoftBank, and Oracle, with support from Microsoft and Nvidia. Singh argues that this $500 billion project, which aims to establish five new AI data centers in the U.S., could stifle competition and lead to monopolistic practices by consolidating power among a few major players. Her analysis, highlighting potential violations of the Clayton and Sherman Acts, suggests the collaboration could reduce innovation and consumer choice in the AI sector.",https://www.benzinga.com/markets/tech/25/11/49022031/yale-expert-raises-antitrust-concerns-over-openai-softbank-oracles-500-billion-stargate-project-report,Benzinga,Benzinga,20251123T063600,https://www.benzinga.com/files/images/story/2025/11/23/Stargate-Project.jpeg?quality=85&auto=webp&width=850,-0.262595,Somewhat-Bearish,0.611706,-0.239861,Somewhat-Bearish
NVDA,"If You'd Invested $1,000 in the SPDR S&P 500 ETF Trust (SPY) 10 Years Ago, Here's How Much You'd Have Today","This article examines the performance of the SPDR S&P 500 ETF Trust (SPY) over the past decade, highlighting a 219% return. It illustrates that a $1,000 investment 10 years ago would now be worth $3,190, emphasizing the ETF's role as a diversified, low-cost investment in blue-chip stocks that generally tracks the U.S. economy's long-term growth. The piece also includes a recommendation from The Motley Fool Stock Advisor team for other potential investment opportunities.",https://finviz.com/news/236817/if-youd-invested-1000-in-the-spdr-sp-500-etf-trust-spy-10-years-ago-heres-how-much-youd-have-today,Finviz,Finviz,20251123T080000,https://g.foolcdn.com/image/?url=https%3A%2F%2Fg.foolcdn.com%2Feditorial%2Fimages%2F843053%2Fgetty-s_p-500-index-fund.jpg&w=700,0.610559,Bullish,0.552552,0.749143,Bullish
NVDA,"American Century Companies Inc. Purchases 35,299 Shares of Tesla, Inc. $TSLA","American Century Companies Inc. increased its stake in Tesla ($TSLA) by 0.5% in the second quarter, acquiring an additional 35,299 shares and bringing its total holdings to 7,099,686 shares worth over $2.25 billion. This investment now constitutes 1.2% of American Century Companies Inc.'s portfolio and represents approximately 0.22% of Tesla. The article also details other institutional investor activities, analyst ratings, and recent insider transactions for Tesla.",https://www.marketbeat.com/instant-alerts/filing-american-century-companies-inc-purchases-35299-shares-of-tesla-inc-tsla-2025-11-23/,MarketBeat,MarketBeat,20251123T082039,,0.083993,Neutral,0.629405,-0.105133,Neutral
NVDA,"Axiom Financial Strategies LLC Has $334,000 Holdings in Apple Inc. $AAPL","Axiom Financial Strategies LLC significantly decreased its stake in Apple Inc. by 49.3% in the second quarter, now holding shares valued at $334,000. Other institutional investors showed varied changes in their Apple holdings. The article also provides details on Apple's stock performance, recent earnings, dividend announcement, analyst ratings, and insider trading activities.",https://www.marketbeat.com/instant-alerts/filing-axiom-financial-strategies-llc-has-334000-holdings-in-apple-inc-aapl-2025-11-23/,MarketBeat,MarketBeat,20251123T083649,,0.058906,Neutral,0.606776,-0.119048,Neutral
NVDA,Broadcom Inc. $AVGO is Bahl & Gaynor Inc.'s Largest Position,"Bahl & Gaynor Inc. has made Broadcom Inc. (NASDAQ:AVGO) its largest holding after trimming its stake by 7.1% in Q2, with Broadcom now comprising 5.6% of its portfolio, valued at $1.11 billion. Despite recent net selling by corporate insiders, analyst sentiment remains positive with a ""Buy"" rating and a consensus target price of $374.21, supported by strong fundamentals including a $1.61 trillion market cap and 22% year-over-year revenue growth.",https://www.marketbeat.com/instant-alerts/filing-broadcom-inc-avgo-is-bahl-gaynor-incs-largest-position-2025-11-23/,MarketBeat,MarketBeat,20251123T083653,,0.28169,Somewhat-Bullish,0.647474,0.109623,Neutral
NVDA,Blueprint Investment Partners LLC Has $4.17 Million Stock Position in Broadcom Inc. $AVGO,"Blueprint Investment Partners LLC significantly reduced its stake in Broadcom Inc. by 23.4% in Q2, holding 15,115 shares valued at $4.17 million. Despite this reduction and notable insider selling, Wall Street analysts maintain a ""Buy"" consensus rating for Broadcom with an average price target of $374.21. The company reported strong Q3 earnings, beating analyst estimates, and announced a quarterly dividend.",https://www.marketbeat.com/instant-alerts/filing-blueprint-investment-partners-llc-has-417-million-stock-position-in-broadcom-inc-avgo-2025-11-23/,MarketBeat,MarketBeat,20251123T084454,,0.180993,Somewhat-Bullish,0.647832,0.140767,Neutral
NVDA,LBlack Diamond Financial LLC Reduces Stock Holdings in Apple Inc. $AAPL,"LBlack Diamond Financial LLC reduced its stake in Apple Inc. by 6.9% in the second quarter, selling 2,103 shares and holding 28,424 shares valued at $5.83 million. Despite this reduction, Apple remains a ""Moderate Buy"" among analysts with a consensus target price of $278.22, following recent strong quarterly earnings. The article also details other institutional investor activity and recent insider stock sales at Apple.",https://www.marketbeat.com/instant-alerts/filing-black-diamond-financial-llc-reduces-stock-holdings-in-apple-inc-aapl-2025-11-23/,MarketBeat,MarketBeat,20251123T085049,LNULL,0.114602,Neutral,0.615692,-0.183562,Somewhat-Bearish
NVDA,"Nvidia's Upcoming Q3 Earnings Report Draws Intense Interest In Direxion's NVDU, NVDD ETFs","Nvidia's upcoming Q3 earnings report is generating significant interest in Direxion's NVDU and NVDD ETFs, which offer leveraged and inverse exposure to NVDA stock, respectively. While analysts anticipate strong earnings and revenue, concerns exist about sustained excellence and Nvidia's high valuation. The ETFs provide flexibility for speculators but carry unique risks due to their leveraged nature and daily compounding effect.",https://www.inkl.com/news/nvidia-s-upcoming-q3-earnings-report-draws-intense-interest-in-direxion-s-nvdu-nvdd-etfs,inkl,inkl,20251123T090903,https://cdn.benzinga.com/files/images/story/2025/11/12/New-York--Usa---07-January-2025-Nvidia-H.jpeg?auto=jpg&dpr=1&fit=crop&height=480&optimize=medium&width=720,-0.029824,Neutral,0.822556,0.210107,Somewhat-Bullish
NVDA,"Castle Wealth Management LLC Sells 1,496 Shares of Apple Inc. $AAPL","Castle Wealth Management LLC reduced its stake in Apple Inc. by 6.0% in the second quarter, selling 1,496 shares and holding 23,580 shares valued at $4,838,000. Other hedge funds, including Vanguard Group Inc. and Kingstone Capital Partners Texas LLC, significantly modified their holdings. Insider transactions also show sales by Chris Kondo and CFO Kevan Parekh.",https://www.marketbeat.com/instant-alerts/filing-castle-wealth-management-llc-sells-1496-shares-of-apple-inc-aapl-2025-11-23/,MarketBeat,MarketBeat,20251123T091043,,0.09209,Neutral,0.624183,0.023399,Neutral
NVDA,Broadcom Inc. $AVGO Position Reduced by Dynamic Technology Lab Private Ltd,"Dynamic Technology Lab Private Ltd significantly reduced its stake in Broadcom Inc. by 83.2% in the second quarter, selling over 12,000 shares. This comes amidst other institutional investors making changes to their positions, a mix of new purchases and increased or decreased holdings. The article also details recent analyst ratings, insider trading activity showing significant selling, and Broadcom's latest financial performance and dividend announcement.",https://www.marketbeat.com/instant-alerts/filing-broadcom-inc-avgo-position-reduced-by-dynamic-technology-lab-private-ltd-2025-11-23/,MarketBeat,MarketBeat,20251123T093701,,0.243421,Somewhat-Bullish,0.602813,0.349512,Somewhat-Bullish
NVDA,Camden National Bank Reduces Position in Deere & Company $DE,"Camden National Bank trimmed its stake in Deere & Company ($DE) by 2.5% in Q2, now holding 24,230 shares valued at $12.32 million. The article details other institutional investments, stock performance data, dividend information, and analyst ratings, which show a ""Moderate Buy"" consensus.",https://www.marketbeat.com/instant-alerts/filing-camden-national-bank-reduces-position-in-deere-company-de-2025-11-22/,MarketBeat,MarketBeat,20251123T101514,,0.225808,Somewhat-Bullish,0.629476,0.285515,Somewhat-Bullish
NVDA,Microsoft’s $80B AI shift: What it does to your money,"Microsoft is investing $80 billion in AI infrastructure while cutting over 15,000 jobs, a trend seen across Big Tech. This shift aims for revenue growth without headcount growth, leveraging AI for increased productivity and efficiency. Investors holding index funds are already exposed to this AI gamble, which could either yield higher returns through automation and better margins or result in a costly ""weapons race"" with significant job losses.",https://www.thestreet.com/economy/microsofts-80b-ai-shift-what-it-does-to-your-money,TheStreet,TheStreet,20251123T101700,,0.148984,Neutral,0.803748,0.206002,Somewhat-Bullish
NVDA,Freedom Investment Management Inc. Has $10.92 Million Stake in Apple Inc. $AAPL,"Freedom Investment Management Inc. significantly increased its stake in Apple Inc. by 7.8% during the second quarter, bringing its total holding to $10.92 million. This move makes Apple its 21st biggest holding, representing 0.9% of its investment portfolio. Other institutional investors also adjusted their holdings, and the article details Apple's recent financial performance, dividend announcement, analyst ratings, and insider trading activity.",https://www.marketbeat.com/instant-alerts/filing-freedom-investment-management-inc-has-1092-million-stake-in-apple-inc-aapl-2025-11-23/,MarketBeat,MarketBeat,20251123T104608,,-0.21226,Somewhat-Bearish,0.606235,-0.434735,Bearish
NVDA,Apple Inc. $AAPL Holdings Raised by Principle Wealth Partners LLC,"Principle Wealth Partners LLC increased its stake in Apple Inc. by 2.3% in the second quarter, making it their fourth-largest holding. Other major institutional investors also raised their positions, leading to hedge funds and institutional investors owning approximately 67.73% of Apple stock. The article also details Apple's recent strong quarterly earnings, dividend announcement, insider transactions, and analyst rating changes.",https://www.marketbeat.com/instant-alerts/filing-apple-inc-aapl-holdings-raised-by-principle-wealth-partners-llc-2025-11-23/,MarketBeat,MarketBeat,20251123T104608,,-0.158708,Somewhat-Bearish,0.606386,-0.411369,Bearish
NVDA,Sloy Dahl & Holst LLC Lowers Stake in Apple Inc. $AAPL,"Sloy Dahl & Holst LLC reduced its stake in Apple Inc. by 12.9% in Q2, now holding 193,228 shares valued at $39.645 million. This reduction comes amid other institutional investors adjusting their positions and significant insider selling, including CEO Tim Cook. Apple recently reported strong quarterly earnings, beating EPS and revenue estimates.",https://www.marketbeat.com/instant-alerts/filing-sloy-dahl-holst-llc-lowers-stake-in-apple-inc-aapl-2025-11-23/,MarketBeat,MarketBeat,20251123T104608,,-0.062679,Neutral,0.603066,-0.111430,Neutral
NVDA,"Granite Harbor Advisors Inc. Buys 2,081 Shares of Apple Inc. $AAPL","Granite Harbor Advisors Inc. increased its stake in Apple Inc. by 6.1% in the second quarter, bringing its total holdings to 36,262 shares valued at $7.44 million. Other institutions also modified their Apple holdings, while company insiders recently sold a significant number of shares. Analyst ratings for Apple currently show a ""Moderate Buy"" consensus with an average target price of $278.22.",https://www.marketbeat.com/instant-alerts/filing-granite-harbor-advisors-inc-buys-2081-shares-of-apple-inc-aapl-2025-11-23/,MarketBeat,MarketBeat,20251123T104608,,0.091611,Neutral,0.627783,0.005297,Neutral
NVDA,MU - Micron Technology Inc Stock Price and Quote,"This article provides a comprehensive overview of Micron Technology Inc. (MU) stock, including its latest stock price, key financial metrics, performance indicators, and recent news. It also details an extensive list of recent analyst ratings and insider trading activities, offering a complete snapshot of the company's financial health and market sentiment.",https://finviz.com/quote.ashx?t=MU,Finviz,Finviz,20251123T105137,,0.056139,Neutral,0.804721,0.114646,Neutral
NVDA,"Solstein Capital LLC Buys 2,950 Shares of NVIDIA Corporation $NVDA","Solstein Capital LLC increased its stake in NVIDIA Corporation by 26.5%, adding 2,950 shares to hold a total of 14,090 shares valued at $2.23 million. This makes NVIDIA its 21st largest holding, representing about 1.1% of its portfolio. The article also details NVIDIA's strong quarterly earnings, upcoming dividend, and recent insider stock transactions.",https://www.marketbeat.com/instant-alerts/filing-solstein-capital-llc-buys-2950-shares-of-nvidia-corporation-nvda-2025-11-23/,MarketBeat,MarketBeat,20251123T110635,,0.260014,Somewhat-Bullish,1.000000,0.257438,Somewhat-Bullish
NVDA,"Prudential PLC Grows Position in PayPal Holdings, Inc. $PYPL","Prudential PLC significantly increased its stake in PayPal Holdings, Inc. during the second quarter, now owning 28,151 shares worth $2.09 million. Several other institutional investors also adjusted their positions in PayPal, with hedge funds and other institutional investors collectively owning 68.32% of the company's stock. The article also details recent insider stock sales, updated analyst price targets, and PayPal's financial performance and dividend announcement.",https://www.marketbeat.com/instant-alerts/filing-prudential-plc-grows-position-in-paypal-holdings-inc-pypl-2025-11-23/,MarketBeat,MarketBeat,20251123T113741,,0.057066,Neutral,0.624459,-0.136567,Neutral
NVDA,Why the once-invincible Nvidia can’t save the AI trade,"Nvidia's strong fiscal third-quarter earnings failed to boost AI stocks, highlighting growing market jitters. Factors beyond Nvidia's control are influencing the market, setting a bumpy path for the remainder of 2025. This indicates that even robust performance from a leading AI company isn't enough to counteract broader market sensitivities.",https://www.marketwatch.com/story/why-the-once-invincible-nvidia-cant-save-the-ai-trade-893d307a?gaa_at=eafs&gaa_n=AWEtsqfejpGt29FffDB5SEXBRXwMqgsvjvBtTlXCrCC4YUS9_bVqLTwhvfQN&gaa_ts=69235740&gaa_sig=rQBTKh_hJJeZ1vai4T6gkbVqT8oFRoa4ITAtaGkAdNEIiMNr9OeQsKcR4RzycX7kobfmfbcRmQLGmLip0FcEsw%3D%3D,MarketWatch,MarketWatch,20251123T120100,,-0.243905,Somewhat-Bearish,1.000000,-0.232227,Somewhat-Bearish
NVDA,Will Alphabet Be the World's Next $5 Trillion Stock?,"This article discusses whether Alphabet (GOOG, GOOGL) could be the next company to reach a $5 trillion market capitalization, currently trailing Apple and Microsoft but showing strong growth in cloud computing and AI. The author makes a compelling case for Alphabet's potential, highlighting its robust business, high margins, and strategic advantages, while also affirming it as a strong long-term investment regardless of its race to $5 trillion.",https://finance.yahoo.com/news/alphabet-worlds-next-5-trillion-170700631.html,Yahoo Finance,Yahoo Finance,20251123T120700,https://s.yimg.com/ny/api/res/1.2/kGv0jK.a4R6wG.Wp5n.n4A--/YXBwaWQ9aGlnaGxhbmRlcjtoPTg2NDtxPTgwO3c9MTU2Mi0/https://media.zenfs.com/en/motleyfool.com/831518b528b17b63f271f28b493eb016,0.210777,Somewhat-Bullish,0.881675,0.144080,Neutral
NVDA,Will Alphabet Be the World's Next $5 Trillion Stock?,"This article discusses the potential for Alphabet to become the next $5 trillion company, following Nvidia. It highlights Alphabet's robust business, high margins, and strong position in cloud computing and AI, comparing its prospects favorably against Apple, Amazon, and Microsoft. The author concludes that Alphabet is a strong buy for long-term investors, even if it doesn't reach the $5 trillion milestone first.",https://www.nasdaq.com/articles/will-alphabet-be-worlds-next-5-trillion-stock,Nasdaq,Nasdaq,20251123T120700,,0.235287,Somewhat-Bullish,0.727000,0.101682,Neutral
NVDA,"Mufg Securities Americas Inc. Acquires 21,236 Shares of Broadcom Inc. $AVGO","Mufg Securities Americas Inc. increased its holdings in Broadcom Inc. by 25.6% during the second quarter, acquiring an additional 21,236 shares and bringing its total to 104,209 shares valued at $28.73 million. Several other institutional investors also adjusted their positions in Broadcom. The article also details recent insider stock sales by Mark David Brazeal and CEO Hock E. Tan, as well as updated analyst ratings and the company's financial performance.",https://www.marketbeat.com/instant-alerts/filing-mufg-securities-americas-inc-acquires-21236-shares-of-broadcom-inc-avgo-2025-11-23/,MarketBeat,MarketBeat,20251123T124205,,0.355239,Bullish,0.621124,0.314765,Somewhat-Bullish
NVDA,Broadcom Inc. $AVGO Shares Purchased by Meridian Wealth Advisors LLC,"Meridian Wealth Advisors LLC increased its stake in Broadcom Inc. by 62.1% during the second quarter, making it their 28th largest holding. Other institutional investors also adjusted their positions in Broadcom, while company insiders showed both buying and selling activity. The article also provides details on Broadcom's price performance, financial metrics, recent earnings, dividend announcement, and analyst ratings.",https://www.marketbeat.com/instant-alerts/filing-broadcom-inc-avgo-shares-purchased-by-meridian-wealth-advisors-llc-2025-11-23/,MarketBeat,MarketBeat,20251123T130531,,0.352287,Bullish,0.648038,0.306090,Somewhat-Bullish
NVDA,"JPMorgan CEO Jamie Dimon calls Nvidia an 'unbelievable’ company, but warns some people will …","JPMorgan Chase CEO Jamie Dimon praised Nvidia as an ""unbelievable company"" while cautioning that some AI stocks may be overvalued, similar to the dot-com era. He emphasized that AI is a real, transformative productivity revolution that will ultimately benefit mankind, despite current inflated valuations. Dimon also noted AI's impact on jobs and JPMorgan's significant investment in AI, leading to cost savings.",https://timesofindia.indiatimes.com/technology/tech-news/jpmorgan-ceo-jamie-dimon-calls-nvidia-an-unbelievable-company-but-warns-some-people-will-/articleshow/125517280.cms,The Times of India,The Times of India,20251123T131700,,0.2463,Somewhat-Bullish,0.944959,0.305567,Somewhat-Bullish
NVDA,NXP Semiconductors (NASDAQ:NXPI) Will Pay A Dividend Of $1.01,"NXP Semiconductors (NASDAQ:NXPI) is set to pay a dividend of $1.01 per share on January 7th, resulting in an annual payment of 2.1% of its current stock price. The dividend is comfortably covered by both cash flow and earnings, with EPS projected to grow by 93.6% next year, making the payout ratio sustainable at an estimated 32%. Despite a relatively short dividend payment history since 2018, the company has shown impressive growth in distributions and EPS, positioning it as a potentially strong dividend payer.",https://simplywall.st/stocks/us/semiconductors/nasdaq-nxpi/nxp-semiconductors/news/nxp-semiconductors-nasdaqnxpi-will-pay-a-dividend-of-101,Simply Wall Street,Simply Wall Street,20251123T132219,,0.25697,Somewhat-Bullish,0.620513,0.131356,Neutral
NVDA,Advanced Micro Devices Inc (AMD) Price Today,"This article provides current and tokenized price data for Advanced Micro Devices Inc (AMD), including market capitalization, daily volume, and a brief company description. It details AMD's semiconductor business for various markets and its acquisition of Xilinx. The article also lists prices for other popular real-world assets.",https://coinmarketcap.com/real-world-assets/amd/,CoinMarketCap,CoinMarketCap,20251123T135052,,0.082424,Neutral,0.645608,0.074630,Neutral
NVDA,"Prudential Financial Inc. Buys 381,206 Shares of Palantir Technologies Inc. $PLTR","Prudential Financial Inc. increased its stake in Palantir Technologies Inc. by 27.5% in the second quarter, buying an additional 381,206 shares. This acquisition brings their total holdings to 1,767,797 shares, valued at approximately $240,986,000. Other institutional investors also adjusted their positions in PLTR, which is currently trading down 0.6% with a market capitalization of $369.08 billion.",https://www.marketbeat.com/instant-alerts/filing-prudential-financial-inc-buys-381206-shares-of-palantir-technologies-inc-pltr-2025-11-23/,MarketBeat,MarketBeat,20251123T140613,,-0.11818,Neutral,0.634239,-0.440126,Bearish
NVDA,SMCI - Super Micro Computer Inc Stock Price and Quote,"This article provides a detailed stock price and quote for Super Micro Computer Inc (SMCI), including its latest financial data, performance metrics, and a list of recent analyst ratings. It also features a comprehensive table of insider transactions, outlining sales and option exercises by key executives and directors. Recent news headlines related to SMCI and its role in AI infrastructure are also included.",https://finviz.com/quote.ashx?t=SMCI,Finviz,Finviz,20251123T142158,,0.001104,Neutral,0.621320,0.023967,Neutral
NVDA,"FACTSET RESEARCH SYSTEMS INC CMN - Ro Khanna Congressional Trade on Oct. 30, 2025","This article details a congressional stock trade made by Ro Khanna involving FACTSET RESEARCH SYSTEMS INC CMN (FDS) on October 30, 2025. The transaction was a purchase valued between $1,001 and $15,000. It also provides performance data related to the trade, showing a 2.97% price change for FDS since the trade compared to a -3.09% change for SPY.",https://www.quiverquant.com/congresstrading/trade/House-8221231-43,Quiver Quantitative,Quiver Quantitative,20251123T153608,,0.001101,Neutral,0.611290,0.026389,Neutral
NVDA,"Vanguard Group Inc. Sells 30,124 Shares of Comfort Systems USA, Inc. $FIX","Vanguard Group Inc. reduced its stake in Comfort Systems USA by 0.8% in Q2, selling 30,124 shares but still retaining over 10% ownership valued at $2.02 billion. The article also details other hedge fund activity, Comfort Systems' price performance, recent dividend increase, and analyst ratings, alongside recent insider selling activity.",https://www.marketbeat.com/instant-alerts/filing-vanguard-group-inc-sells-30124-shares-of-comfort-systems-usa-inc-fix-2025-11-22/,MarketBeat,MarketBeat,20251123T172159,https://www.marketbeat.com/logos/comfort-systems-usa-inc-logo-1200x675.png?v=20240424085012,0.122099,Neutral,0.666784,0.121696,Neutral
NVDA,"UBER Stock | Uber Technologies Price, Quote, News & Analysis","This article provides a comprehensive overview of Uber Technologies (UBER) stock, including real-time pricing, key financial statistics, analyst forecasts, and recent news. It details both bullish and bearish arguments for the stock, outlines its business segments, and presents ownership and technical analysis data.",https://www.tipranks.com/stocks/uber,TipRanks,TipRanks,20251123T193635,,0.169381,Somewhat-Bullish,0.630582,0.107713,Neutral
NVDA,America arrests tech company CTO and three others for selling Nvidia's banned chips to China,"Four individuals, including a tech company CTO, have been charged with illegally exporting advanced Nvidia GPUs to China. The conspiracy involved falsifying paperwork, using a shell company, and receiving over $3.89 million in wire transfers to circumvent U.S. export controls on high-end chips banned for sale to China. The U.S. government alleges these chips were intended for China's military modernization efforts and development of AI surveillance and weapons of mass destruction.",https://timesofindia.indiatimes.com/technology/tech-news/tech-company-cto-and-three-others-arrested-for-exporting-nvidia-chips-that-are-banned-to-china/articleshow/125511701.cms,Times of India,Times of India,20251123T213400,"https://static.toiimg.com/thumb/msid-125511699,imgsize-256718,width-400,resizemode-4/nvidia.jpg",-0.331755,Somewhat-Bearish,1.000000,-0.304233,Somewhat-Bearish
NVDA,Nvidia: I’m Not Sweating A Drop After This Q3 Meltdown (NASDAQ:NVDA),"The author is upgrading Nvidia to Strong Buy following Q3 FY26 results, which saw $57B revenue and a $65B Q4 guide, indicating robust AI demand despite a prior downgrade. Key drivers include B300 chips forming two-thirds of Blackwell revenue, the confirmation of Rubin for H2 2026, and $500B visibility into 2025 and 2026. China remains a significant risk due to regulatory issues affecting data center GPU revenue.",https://seekingalpha.com/article/4846971-nvidia-stock-not-sweating-drop-after-this-q3-meltdown,Seeking Alpha,Seeking Alpha,20251123T215800,https://static.seekingalpha.com/cdn/s3/uploads/getty_images/1412721464/image_1412721464.jpg?io=getty-c-w630,0.276174,Somewhat-Bullish,1.000000,0.436614,Bullish
NVDA,Snowflake Analysts Predict Strong H2: Is The Stock A Buy At Current Levels?,"Jefferies has reiterated its positive outlook on Snowflake, raising its price target to $300, citing strong demand driven by AI adoption and conservative guidance. Despite a recent tech-led sell-off, which saw the stock drop 16% from its early November high, Snowflake is still up over 51% this year. The company's high forward P/E of 174 is considered justified by sell-side analysts, with technical indicators also suggesting an upward trend.",https://stocktwits.com/news-articles/markets/equity/snowflake-analysts-predict-strong-h2-is-the-stock-a-buy/cL5GvJ1REfi,Stocktwits,Stocktwits,20251123T225000,https://st-everywhere-cms-prod.s3.us-east-1.amazonaws.com/large_snowflake_conf_resized_6f4193568b.jpg,0.254521,Somewhat-Bullish,0.633317,0.210874,Somewhat-Bullish
NVDA,2 Reasons to Like EPAM and 1 to Stay Skeptical,"This article analyzes EPAM Systems, highlighting two strengths: excellent free cash flow margin and stellar ROIC, which demonstrate strong financial health and efficient capital deployment. However, it also points out a concern regarding declining ROIC, suggesting that new investments have not yet yielded expected results. Despite this, the article concludes that EPAM's merits outweigh its flaws, especially given its current valuation.",https://markets.financialcontent.com/wral/article/stockstory-2025-11-24-2-reasons-to-like-epam-and-1-to-stay-skeptical,Markets Financial Content,Markets Financial Content,20251123T230100,https://news-assets.stockstory.org/cover-images/_1400x700_crop_center-center_none/epam-systems-cover-image-96b23020b8bf_2025-03-04-200735_btsk.jpeg,0.262088,Somewhat-Bullish,0.624397,0.503498,Bullish
NVDA,3 Reasons to Avoid WDC and 1 Stock to Buy Instead,"This article advises investors to avoid Western Digital (WDC) despite its recent stock surge, citing three main concerns: declining revenue, low gross margin indicating weak structural profitability, and mediocre returns on invested capital from past growth initiatives. The article suggests that despite a reasonable valuation, the company's shaky fundamentals present too much downside risk. Instead of WDC, investors are encouraged to explore other ""high-quality"" stocks with strong momentum, referencing past successes like Nvidia and Exlservice.",https://finviz.com/news/237048/3-reasons-to-avoid-wdc-and-1-stock-to-buy-instead,Finviz,Finviz,20251123T230200,https://news-assets.stockstory.org/cover-images/_1400x700_crop_center-center_none/western-digital-corporation-cover-image-46Xa7hwv_2021-10-18-094507_kelz.jpeg,-0.081661,Neutral,0.626590,0.332984,Somewhat-Bullish
NVDA,WisdomTree U.S. LargeCap Fund(EPS) - 研究報告與輝達概念股分析 - 股市爆料同學會,"This article provides an analysis of the WisdomTree U.S. LargeCap Fund (EPS), detailing its top five holdings. Nvidia (NVDA) is highlighted as the largest holding, alongside other tech giants like Alphabet, Amazon, Apple, and Microsoft. The report includes real-time trends, technical analysis, and performance metrics for the EPS ETF.",https://www.cmoney.tw/forum/usstock/etf/EPS?tab=report,CMoney,CMoney,20251123T230950,,0.189742,Somewhat-Bullish,0.825674,0.230740,Somewhat-Bullish
NVDA,Citi Wealth Head Sees Upside to Bull Market on Record Inflows,"Andy Sieg, Citigroup Inc.'s wealth chief, believes the equity bull market still has room to run due to record inflows from affluent clients, especially in Asia. Despite market volatility and a recent S&P 500 dip, Sieg notes that wealthy clients still have cash on the sidelines and strong earnings expectations persist. Citi's wealth unit, under Sieg's leadership, has significantly increased client investment assets and new inflows, contributing to the bank's broader strategy to boost returns amidst a comprehensive revamp and job cuts.",https://financialpost.com/pmn/business-pmn/citi-wealth-head-sees-upside-to-bull-market-on-record-inflows,Financial Post,Financial Post,20251123T232753,,0.307936,Somewhat-Bullish,0.624725,0.116561,Neutral
NVDA,1 High-Flying Stock for Long-Term Investors and 2 That Underwhelm,"This article analyzes one high-flying stock, HEICO (HEI), recommended for long-term investors due to strong fundamentals, and two stocks, AeroVironment (AVAV) and Boeing (BA), that underwhelm due to declining margins, negative returns, and challenging business models. It details the reasons for each recommendation, including financial metrics like P/E ratios and growth rates, to guide investment decisions.",https://finviz.com/news/237039/1-high-flying-stock-for-long-term-investors-and-2-that-underwhelm,Finviz,Finviz,20251123T233200,https://news-assets.stockstory.org/cover-images/_1400x700_crop_center-center_none/heico-cover-image-8579f4132433_2024-06-03-082554_iqhz.jpeg,0.149455,Neutral,0.621883,0.329673,Somewhat-Bullish
NVDA,Thinking of working at Tesla? Elon Musk drops a game-changing chips roadmap,"Elon Musk revealed Tesla's extensive work in AI hardware, with the company aiming to produce a new chip architecture annually and eventually surpass all other AI chip volumes combined. He emphasized the chips' potential to enhance autonomous driving and democratize healthcare via the Optimus robot, while also actively recruiting top AI chip talent for the company. Tesla's stock (TSLA) saw a 2.3% rise in pre-market trading following the announcement, highlighting the market's positive reception to its AI ambitions.",https://gulfnews.com/technology/jobs-at-tesla-is-it-for-you-elon-musk-reveals-ambitious-chips-roadmap-1.500357511,Gulf News,Gulf News,20251124T012400,https://media.assettype.com/gulfnews%2F2024-11-18%2Fq92ulfpg%2FTesla_17a28c8d713_original_ratio.jpg?w=480&auto=format%2Ccompress&fit=max,0.340519,Somewhat-Bullish,0.738068,0.317286,Somewhat-Bullish
NVDA,6 Stocks to Sell Before the End of the Year,"This article from Morningstar features a discussion between David Sekera and Susan Dziubinski about six overvalued stocks to consider selling before the year-end. They also cover their outlook on Fed rate cuts, earnings reports from major companies like Nvidia and Walmart, and address audience questions on AI, lithium, and investment strategies.",https://www.morningstar.com/stocks/6-stocks-sell-before-end-year-2,Morningstar,Morningstar,20251124T015823,https://morningstar-morningstar-prod.web.arc-cdn.net/resizer/mrI7osC4qZZJ6rnZINgZodZD39i0=/2000x2000/author-service-images-prod-us-east-1.publishing.aws.arc.pub/morningstar/54f9f69f-0232-435e-9557-5edc4b17c660.jpg,0.107602,Neutral,1.000000,0.485392,Bullish
NVDA,"Nvidia's, Alphabet, Tesla's and Meta are part of Zacks Earnings Preview","Zacks.com has released its list of companies likely to issue earnings surprises, including Nvidia, Alphabet, Tesla, and Meta. The ""Mag 7"" group, particularly Nvidia, is showing an improving earnings outlook driven by strong AI-centric demand. The article details Q3 earnings performance for these companies and the broader S&P 500, highlighting the growing contribution of the Mag 7 to overall market earnings.",https://sg.finance.yahoo.com/news/nvidias-alphabet-teslas-meta-part-100500581.html,Yahoo Finance Singapore,Yahoo Finance Singapore,20251124T020500,,-0.065881,Neutral,1.000000,0.477536,Bullish
NVDA,Bruker Scores Relative Strength Rating Upgrade; Hits Key Benchmark,"Bruker (BRKR) saw its Relative Strength (RS) Rating upgraded from 75 to 83, indicating strong technical performance compared to other stocks. This proprietary rating highlights the stock's price movement over the past 52 weeks against major indexes, a metric often seen in top-performing stocks. The article notes several related news items underscoring Bruker's recent positive stock performance and rating upgrades.",https://www.investors.com/ibd-data-stories/bruker-scores-relative-strength-rating-upgrade-hits-key-benchmark/,Investor's Business Daily,Investor's Business Daily,20251124T030000,,0.305082,Somewhat-Bullish,0.632191,0.189292,Somewhat-Bullish
NVDA,Chinese chip stocks retreat as U.S. weighs allowing Nvidia to sell H200 processors in China,Chinese semiconductor stocks experienced a pullback due to reports that the U.S. is considering allowing Nvidia to sell its H200 AI chip in China. This move could intensify competition for domestic chipmakers and complicate China's efforts to develop its own technology base. The H200 chip is significantly more powerful than the H20 chip currently allowed for sale in China.,https://sg.finance.yahoo.com/news/chinese-chip-stocks-retreat-u-112140456.html,Yahoo Finance Singapore,Yahoo Finance Singapore,20251124T032100,,-0.317688,Somewhat-Bearish,1.000000,-0.306601,Somewhat-Bearish
NVDA,"IPG Photonics, Magnachip, KLA Corporation, and Himax Stocks Trade Down, What You Need To Know","Several semiconductor stocks, including IPG Photonics, Magnachip, KLA Corporation, and Himax, traded down in the afternoon session after the initial Nvidia rally faded. This market downturn was attributed to investor uncertainty regarding future rate cuts following a stronger-than-expected jobs report. Despite strong corporate performances like Nvidia's earnings and KLA Corporation's revenue growth, macroeconomic anxieties led to a rotation of capital from volatile growth sectors to defensive stocks.",https://www.tradingview.com/news/stockstory:e7b50f806094b:0-ipg-photonics-magnachip-kla-corporation-and-himax-stocks-trade-down-what-you-need-to-know/,TradingView,TradingView,20251124T032102,https://s3.tradingview.com/news/image/stockstory:e7b50f806094b-f6c519c18689888b63992921a7fa033c-resized.jpeg,-0.207285,Somewhat-Bearish,0.641168,-0.226165,Somewhat-Bearish
NVDA,Caterpillar Is Quietly Beating Nvidia Stock This Year. Should You Buy It?,"Caterpillar, an industrials specialist, has outperformed Nvidia in stock performance this year, with shares gaining 52% and making it the Dow Jones' top-performing stock. The company's rally is driven by its energy and transportation business, particularly power generation, which is benefiting from increasing investment in AI infrastructure like data center construction. While Caterpillar's valuation is higher than usual, its long-term prospects, particularly its role in AI infrastructure, suggest it warrants a premium.",https://finance.yahoo.com/news/caterpillar-quietly-beating-nvidia-stock-082600136.html,Yahoo Finance,Yahoo Finance,20251124T032600,https://s.yimg.com/ny/api/res/1.2/PJ0bieE00kaRNNlQCqqc6w--/YXBwaWQ9aGlnaGxhbmRlcjt3PTE4MjtoPTQ4O2NmPWdlbnNsbHF6/https://s.yimg.com/os/creatr-uploaded-images/2020-10/515f50a0-0f30-11eb-9ebf-0273aacc9ef0,0.257948,Somewhat-Bullish,0.896987,0.095920,Neutral
NVDA,Caterpillar Is Quietly Beating Nvidia Stock This Year. Should You Buy It?,"Caterpillar, an industrials specialist, has surprisingly outperformed Nvidia in stock gains this year, driven by increasing investment in AI infrastructure, particularly within its energy and transportation segment. Despite its valuation becoming ""frothy"" and financial metrics being ""essentially flat,"" the company's crucial role in data center construction and record backlog suggest a promising long-term outlook, making it a compelling buy for investors with a long-term horizon.",https://finviz.com/news/236965/caterpillar-is-quietly-beating-nvidia-stock-this-year-should-you-buy-it,Finviz,Finviz,20251124T032600,https://g.foolcdn.com/image/?url=https%3A%2F%2Fg.foolcdn.com%2Feditorial%2Fimages%2F843774%2Fcat_machine_with_logo_cat.jpg&w=700,0.241237,Somewhat-Bullish,0.838548,0.143253,Neutral
NVDA,Evercore ISI initiates coverage on Forte Biosciences stock with Outperform rating,"Evercore ISI has initiated coverage on Forte Biosciences Inc. (NASDAQ:FBRX) with an ""Outperform"" rating and a $65.00 price target, suggesting a potential upside of 250%. The biotech company, with a $339.87 million market cap, is seen as having ""super attractive"" potential due to upcoming ""catalyst-rich 2026"" with important proof-of-concept data expected in 2025 and 2026. InvestingPro indicates FBRX trades above its Fair Value but has strong financial health with liquid assets exceeding short-term obligations.",https://www.investing.com/news/analyst-ratings/evercore-isi-initiates-coverage-on-forte-biosciences-stock-with-outperform-rating-93CH-4377158,Investing.com,Investing.com,20251124T034350,https://i-invdn-com.investing.com/news/news_headline_rolled_69x52._800x533_L_1419494221.jpg,0.075459,Neutral,0.628616,-0.192320,Somewhat-Bearish
NVDA,"General American Investors Co. Inc. Acquires 26,600 Shares of NVIDIA Corporation $NVDA","General American Investors Co. Inc. increased its stake in NVIDIA Corporation (NASDAQ:NVDA) by 19.8% in Q2, acquiring an additional 26,600 shares, bringing their total holdings to 160,979 shares valued at $25.43 million. This makes NVIDIA its 17th largest holding, representing approximately 1.6% of the firm's portfolio. Despite notable insider selling by CFO Colette Kress and CEO Jen-Hsun Huang, Wall Street analysts maintain a ""Buy"" rating with a consensus price target of $257.79, following strong Q4 2026 earnings projections and a 62.5% year-over-year revenue increase.",https://www.marketbeat.com/instant-alerts/filing-general-american-investors-co-inc-acquires-26600-shares-of-nvidia-corporation-nvda-2025-11-25/,MarketBeat,MarketBeat,20251124T034504,https://www.marketbeat.com/logos/nvidia-co-logo-1200x675.jpg?v=20221020142916,0.172873,Somewhat-Bullish,1.000000,0.274923,Somewhat-Bullish
NVDA,EZGO announces 1-for-25 reverse share split effective Nov 21,"EZGO Technologies Ltd. announced a 1-for-25 reverse share split, effective November 21, 2025, to increase its share price and maintain its Nasdaq listing. The split will reduce outstanding shares from over 21 million to approximately 868,029, with fractional shares rounded up. This move comes as the company's stock has faced significant declines, and they also recently enacted a warrant exchange agreement to manage their capital structure.",https://www.investing.com/news/company-news/ezgo-announces-1for25-reverse-share-split-effective-nov-21-93CH-4367440,Investing.com,Investing.com,20251124T034512,https://i-invdn-com.investing.com/news/World_News_8_800x533_L_1420026210.jpg,-0.096953,Neutral,0.581197,0.004574,Neutral
NVDA,Does First Beijing’s Stake Buildup in New Oriental (EDU) Hint at Shifting Institutional Conviction?,"First Beijing Investment Ltd recently increased its stake in New Oriental Education & Technology Group (EDU) by over 7 million shares, indicating growing institutional interest. This move suggests confidence in New Oriental's long-term potential, particularly in its non-academic and AI-driven offerings, despite ongoing competitive pressures. The company projects significant revenue growth and has a fair value estimated at a 26% upside from its current price.",https://simplywall.st/stocks/us/consumer-services/nyse-edu/new-oriental-education-technology-group/news/does-first-beijings-stake-buildup-in-new-oriental-edu-hint-a,Simply Wall Street,Simply Wall Street,20251124T035112,NULL,0.385529,Bullish,0.582491,0.414919,Bullish
NVDA,Capital Clean Energy Carriers stock initiated with Buy rating at Clarksons Platou,"Clarksons Platou initiated coverage on Capital Clean Energy Carriers Corp. (NASDAQ: CCEC) with a Buy rating and a price target of $23.00. The company specializes in clean energy transportation, reporting a strong gross profit margin of 80.48%, revenue growth of 32.74%, and a P/E ratio of 7.39. This positive outlook follows robust Q3 2025 earnings and strategic asset sales.",https://www.investing.com/news/analyst-ratings/capital-clean-energy-carriers-stock-initiated-with-buy-rating-at-clarksons-platou-93CH-4374502,Investing.com,Investing.com,20251124T035145,https://i-invdn-com.investing.com/news/World_News_9_800x533_L_1420026261.jpg,0.117525,Neutral,0.577534,0.105520,Neutral
NVDA,Evogene Ltd. (NASDAQ:EVGN) Q3 2025 Earnings Call Transcript,"Evogene Ltd. (NASDAQ:EVGN) reported its Q3 2025 earnings, beating expectations with an EPS of $-0.31 against an anticipated $-0.41. The company highlighted a strategic shift towards computational chemistry, focusing on generative AI for small molecule design in both pharmaceutical and agriculture industries, which led to significant cost reductions in operating expenses. Evogene anticipates further collaborations and internal pipeline growth, particularly with its ChemPass AI platform, aiming for increased financial rewards in the pharma sector after previous successes in agriculture.",https://www.insidermonkey.com/blog/evogene-ltd-nasdaqevgn-q3-2025-earnings-call-transcript-1648888/,Insider Monkey,Insider Monkey,20251124T040118,https://imonkey-blog.imgix.net/blog/wp-content/uploads/2023/11/30043223/EVGN-insidermonkey-1701336741339.jpg?auto=format&fit=clip&expires=1796601600&width=480&height=269,0.273391,Somewhat-Bullish,0.640940,0.322461,Somewhat-Bullish
NVDA,Vanguard Information Technology ETF and iShares US Technology ETF: Two Visions of Tech Investing,"This article compares two popular tech ETFs, Vanguard Information Technology ETF (VGT) and iShares US Technology ETF (IYW), highlighting their differing approaches to tech investing. VGT offers broader diversification, lower costs, and a higher yield, appealing to long-term investors seeking stability. IYW, on the other hand, is more concentrated on mega-cap tech stocks, exhibiting higher one-year returns but also deeper drawdowns, suited for investors comfortable with more volatility.",https://www.fool.com/coverage/etfs/2025/11/20/vanguard-information-technology-etf-and-ishares-us-technology-etf-two-visions-of-tech-investing/,The Motley Fool,The Motley Fool,20251124T040346,https://g.foolcdn.com/image/?url=https%3A%2F%2Fg.foolcdn.com%2Feditorial%2Fimages%2F843078%2Ftwo-computers.jpg&w=3840&op=resize,0.250428,Somewhat-Bullish,0.638286,0.330672,Somewhat-Bullish
NVDA,Two Paths to the Total US Market: Vanguard’s Total Stock Market ETF vs. iShares’ Core S&P Total US Stock Market ETF,"This article compares two popular ETFs designed to track the total U.S. stock market: Vanguard’s Total Stock Market ETF (VTI) and iShares’ Core S&P Total US Stock Market ETF (ITOT). While both offer similar market exposure, expense ratios, and yields, the article highlights VTI's significantly larger assets under management and deeper trading liquidity as key differentiating factors, especially for long-term investors. It concludes that VTI’s scale and efficiency make it a slightly more resilient foundation, although ITOT remains an excellent choice, particularly for those within the iShares Core lineup.",https://www.fool.com/coverage/etfs/2025/11/19/two-paths-to-the-total-us-market-vanguard-s-total-stock-market-etf-vs-ishares-core-s-and-p-total-us-stock-market-etf/,The Motley Fool,The Motley Fool,20251124T041209,,0.119487,Neutral,0.637261,0.120257,Neutral
NVDA,Mobile-health Network Solutions to Acquire AI-Optimized Data Centers in Malaysia,"Mobile-health Network Solutions (MNDR) plans to acquire two AI-optimized data centers in Malaysia from PPG PP GRID SDN. BHD. for up to $120 million, paid in Class A ordinary shares. This move aims to strengthen the company's AI-powered health and technology ecosystem. Despite this strategic expansion, Spark, TipRanks' AI Analyst, rates MNDR as ""Neutral"" due to profitability and cash flow challenges, bearish technical indicators, and unfavorable valuation metrics.",https://www.tipranks.com/news/company-announcements/mobile-health-network-solutions-to-acquire-ai-optimized-data-centers-in-malaysia,TipRanks,TipRanks,20251124T041247,https://blog.tipranks.com/wp-content/uploads/2022/09/shutterstock_1110645284-750x406.jpg,0.274792,Somewhat-Bullish,0.582092,0.305113,Somewhat-Bullish
NVDA,"Jean Thomas J., first Seacoast Bancorp director, sells $39,099 in stock","Jean Thomas J., a director at First Seacoast Bancorp, Inc. (NASDAQ:FSEA), sold 3,450 shares of common stock across several transactions, totaling $39,099. These sales occurred as FSEA's stock is trading near its 52-week high and has shown a 27.05% price return over the past year, despite the company's unprofitability and an InvestingPro analysis suggesting it is overvalued. Jean Thomas J. still directly owns 5,146 shares and holds options for an additional 19,593 shares.",https://www.investing.com/news/insider-trading-news/jean-thomas-j-first-seacoast-bancorp-director-sells-39099-in-stock-93CH-4368630,Investing.com,Investing.com,20251124T041255,https://i-invdn-com.investing.com/news/World_News_9_800x533_L_1420026261.jpg,-0.143612,Neutral,0.561526,0.009408,Neutral
NVDA,Qualcomm Inc (QCOM) Price Today,"This article provides current and historical price information for Qualcomm Inc (QCOM), including its market cap, daily volume, and a description of the company's core business in wireless technology and chip design. It also presents data on tokenized Qualcomm stock and lists other popular real-world assets.",https://coinmarketcap.com/real-world-assets/qualcomm/,CoinMarketCap,CoinMarketCap,20251124T042138,,0.143966,Neutral,0.622947,0.122236,Neutral
NVDA,Hexcel Corp stock hits 52-week high at 74.39 USD,"Hexcel Corp's stock has hit a 52-week high of $74.39, reflecting strong performance with a 19.25% increase over the past year and a 42.62% return in the last six months. This achievement comes as the company reported a strong third quarter in 2025, surpassing analyst expectations for earnings per share and revenue. Michael C. Lenz has also been appointed as Executive Vice President and Interim Chief Financial Officer.",https://www.investing.com/news/company-news/hexcel-corp-stock-hits-52week-high-at-7439-usd-93CH-4377803,Investing.com,Investing.com,20251124T042148,https://i-invdn-com.investing.com/news/World_News_8_800x533_L_1420026210.jpg,0.157592,Somewhat-Bullish,0.598697,0.110564,Neutral
NVDA,"What Is Lincoln Electric Holdings, Inc.'s (NASDAQ:LECO) Share Price Doing?","Lincoln Electric Holdings, Inc. (NASDAQ:LECO) experienced significant share price movement, rising to US$248 before falling to US$221. The stock is currently trading around US$222, appearing fairly valued based on Simply Wall St's model, with intrinsic value estimated at $220.24. The company has a positive outlook, with earnings expected to grow by 32% in the coming years.",https://simplywall.st/stocks/us/capital-goods/nasdaq-leco/lincoln-electric-holdings/news/what-is-lincoln-electric-holdings-incs-nasdaqleco-share-pric-2,Simply Wall Street,Simply Wall Street,20251124T042200,NULL,0.205609,Somewhat-Bullish,0.602190,0.311703,Somewhat-Bullish
NVDA,Acushnet Holdings Corp stock hits all-time high at 84.65 USD,"Acushnet Holdings Corp (GOLF) has reached an all-time high stock price of $84.65, signifying strong market performance and investor confidence. The company has seen a 13.63% increase over the past year and a 22.22% gain in the last six months, driven by consistent demand for its golf products and apparel. Despite a slight EPS miss in its latest quarterly earnings, impressive revenue figures led KeyBanc to raise its price target for Acushnet to $90 with an Overweight rating.",https://www.investing.com/news/company-news/acushnet-holdings-corp-stock-hits-alltime-high-at-8465-usd-93CH-4377603,Investing.com,Investing.com,20251124T042254,https://i-invdn-com.investing.com/news/World_News_9_800x533_L_1420026261.jpg,0.104285,Neutral,0.644250,-0.138802,Neutral
NVDA,Hive Digital Breaks Away From a Downturning Crypto Market with ‘Clean Compute’,"Hive Digital Technology (HIVE) has seen significant growth despite a downturning crypto market, largely due to its focus on ""clean compute"" and its aggressive pivot into AI/HPC data centers. The company is leveraging renewably-sourced energy for its operations in Paraguay, Sweden, and Canada, and has secured partnerships with Dell Technologies and Bell Canada for AI infrastructure. While questions remain about its current scale to attract hyperscalers and the stability of hydro-based power, Hive's dual-engine model of using Bitcoin mining revenues to fund AI build-outs positions it as an ambitious leader in sustainable AI capacity.",https://www.disruptionbanking.com/2025/11/21/hive-digital-breaks-away-from-a-downturning-crypto-market/,Disruption Banking,Disruption Banking,20251124T042256,NULL,0.271517,Somewhat-Bullish,0.629065,0.237731,Somewhat-Bullish
NVDA,It Could Be a Huge Week for These Nvidia ETFs,"This article discusses the potential impact of Nvidia's upcoming earnings report on short-term traders and specific Nvidia-linked ETFs like Direxion Daily NVDA Bear 1X Shares (NVDD) and Direxion Daily NVDA Bull 2X Shares (NVDU). The report is seen as a crucial test for AI investment and broader market sentiment, with analysts scrutinizing Nvidia's guidance for future sales. Given Nvidia's high valuation, any earnings disappointment could significantly boost the bearish ETF, while strong results could send the bullish ETF soaring.",https://www.etftrends.com/leveraged-inverse-content-hub/could-huge-week-nvidia-etfs/,ETF Trends,ETF Trends,20251124T042315,https://www.etftrends.com/wp-content/uploads/2025/09/Leveraged_Inverse_Direxion_masthead_overlay_1600x121@2x.png,0.148431,Neutral,0.924488,0.095564,Neutral
NVDA,"QQQI ETF Soars With $297.7M Inflows, 14.09% Yield, and $53.93 Price — Nasdaq Income Giant Strengthens","The NEOS NASDAQ-100 High Income ETF (NYSEARCA:QQQI) has reinforced its leadership among high-yield income ETFs, attracting $297.7 million in new capital over the last week of November. The fund, which trades near its 52-week high at $53.86 and boasts $6.27 billion in assets under management, offers a 14.09% annualized yield with monthly distributions. Its robust performance, tax efficiency, and downside protection make it a strong choice for income-focused investors.",https://www.tradingnews.com/news/qqqi-etf-draws-297m-usd-inflows-as-price-nears-53-usd,TradingNEWS,TradingNEWS,20251124T042414,https://www.tradingnews.com/Warehouse/content/pics/pic_39355_a_75bb7d75-7a7f-40c5-945d-ac3709525539.jpg?1=1,0.404091,Bullish,0.715105,0.321616,Somewhat-Bullish
NVDA,Top 5 Tech Titans: Momentum or Crowded Trade?,"This article discusses the concentrated influence of five major tech companies—Microsoft, Apple, NVIDIA, Broadcom, and Oracle—on the U.S. technology sector. It explores both the opportunities and risks this concentration presents for traders, especially with Direxion's new leveraged ETFs (TTXU and TTXD) designed to capitalize on these dynamics. The piece examines bullish arguments like AI and cloud leadership and strong cash flows, alongside bearish concerns such as valuation stretch, regulatory scrutiny, and rising AI infrastructure costs.",https://www.direxion.com/xchange/top-5-tech-titans-momentum-or-crowded-trade,Direxion,Direxion,20251124T043225,https://www.direxion.com/uploads/Xchange-Top-5-Titans-TTXU-TTXD-Website-843x474.webp,0.30049,Somewhat-Bullish,0.812289,0.323236,Somewhat-Bullish
NVDA,"Nokia targets €1B profit boost via mobile rejig and 5,000 more job cuts","Nokia is undertaking a major restructuring to improve profitability, collapsing four business groups into two and planning to cut 5,000 more jobs. CEO Justin Hotard aims to boost annual operating profits by €1 billion to between €2.7 billion and €3.2 billion by 2028, primarily by reducing costs and shifting the mobile networks business toward a software-centric model with Nvidia's help. This strategy involves a significant bet on AI-RAN products, expected to be commercially available from 2027, to revive the company's financial performance after past disappointments in its mobile networks division.",https://www.lightreading.com/ai-machine-learning/nokia-targets-1b-profit-boost-via-mobile-rejig-and-5-000-more-job-cuts,Light Reading,Light Reading,20251124T043239,https://eu-images.contentstack.com/v3/assets/blt23eb5bbc4124baa6/bltf796b8c696a21b4d/68c05e85595c73c4cd5084f5/Nokia_CEO_at_Oulu_campus_opening.jpg?width=1280&auto=webp&quality=80&format=jpg&disable=upscale,0.036477,Neutral,0.840800,0.219104,Somewhat-Bullish
NVDA,House of Doge and Brag House Holdings Mark Major Milestone as Partner 21Shares Launches 21Shares 2x Long Dogecoin ETF (TXXD),"House of Doge, the corporate arm of the Dogecoin Foundation, and Brag House Holdings celebrate the launch of the 21Shares 2x Long Dogecoin ETF (TXXD) by partner 21Shares. This new leveraged ETF, trading on NASDAQ as of November 20, 2025, offers investors 2x daily exposure to Dogecoin's performance before fees and expenses. The collaboration highlights Dogecoin's evolution beyond a meme, supported by growing utility and a strong community, and provides a regulated, transparent investment vehicle.",https://www.citybiz.co/article/775935/house-of-doge-and-brag-house-holdings-mark-major-milestone-as-partner-21shares-launches-21shares-2x-long-dogecoin-etf-txxd/,citybiz,citybiz,20251124T044311,https://www.citybiz.co/wp-content/uploads/2025/11/image-13.jpg,0.399739,Bullish,0.647477,0.343614,Somewhat-Bullish
NVDA,Investors Appear Satisfied With Sociedad Química y Minera de Chile S.A.'s (NYSE:SQM) Prospects As Shares Rocket 28%,"Sociedad Química y Minera de Chile S.A. (NYSE:SQM) has seen a 28% share price increase over the last month and a 51% rise in the last year, leading to a high price-to-sales (P/S) ratio of 3.9x compared to its industry. Despite recent revenue decline, the market appears optimistic due to analysts forecasting 16% annual revenue growth for the next three years, significantly outperforming the industry's 8.8% projection. This strong growth expectation explains the elevated P/S ratio and investor confidence.",https://simplywall.st/stocks/us/materials/nyse-sqm/sociedad-quimica-y-minera-de-chile/news/investors-appear-satisfied-with-sociedad-qumica-y-minera-de-1,Simply Wall Street,Simply Wall Street,20251124T044337,https://images.simplywall.st/asset/chart/393339-ps-multiple-vs-industry-1-dark-2/1764074772503,0.272823,Somewhat-Bullish,0.606153,0.392399,Bullish
NVDA,"D’Amico, Vicor Corp director, sells $175k in shares","Andrew D’Amico, a director at Vicor Corp (NASDAQ:VICR), sold 2,000 shares of common stock for $175,380 while simultaneously exercising options for 2,000 shares valued at $78,500. This transaction occurred under a pre-arranged Rule 10b5-1 trading plan. The company recently reported strong Q3 2025 financial results, with EPS and revenue exceeding expectations, leading to several analyst upgrades and positive outlooks.",https://www.investing.com/news/insider-trading-news/damico-vicor-corp-director-sells-175k-in-shares-93CH-4368105,Investing.com,Investing.com,20251124T044415,https://i-invdn-com.investing.com/news/World_News_10_800x533_L_1420026292.jpg,0.043984,Neutral,0.587886,0.046985,Neutral
NVDA,Nvidia's Strong Earnings Despite AI Bubble Fears Spark Intrigue Toward REX Shares' Synthetically Leveraged NVDX ETF,"Nvidia (NASDAQ: NVDA) reported strong Q3 earnings, surpassing revenue expectations with $57 billion and beating EPS targets with $1.30, demonstrating robust performance despite AI sector bubble fears. While NVDA stock faced a post-earnings decline due to broader market concerns, analyst Dan Ives views the results as a ""major validation moment for the AI Revolution."" For investors bullish on Nvidia's long-term prospects, the T-Rex 2X Long Nvidia Daily Target ETF (BATS: NVDX) offers a synthetically leveraged alternative to gain amplified exposure to NVDA's daily performance, albeit with significant risks.",https://www.inkl.com/news/nvidia-s-strong-earnings-despite-ai-bubble-fears-spark-intrigue-toward-rex-shares-synthetically-leveraged-nvdx-etf,inkl,inkl,20251124T045133,https://cdn.benzinga.com/files/images/story/2025/11/21/shutterstock-2660347433.jpeg?auto=jpg&dpr=1&fit=crop&height=480&optimize=medium&width=720,0.061938,Neutral,0.943582,0.247516,Somewhat-Bullish
NVDA,authID Inc: director Garchik buys $216k in shares,"authID Inc. director Stephen Jeffrey Garchik recently purchased 126,608 shares of common stock for $216,499, despite the stock having fallen significantly over the past year. This insider buying happened after authID reported a net loss in Q3 2025 but also noted growth in Annual Recurring Revenue, strategic partnerships, and a successful direct offering. The company maintains a strong liquidity position and analysts view its stock as undervalued.",https://www.investing.com/news/insider-trading-news/authid-inc-director-garchik-buys-216k-in-shares-93CH-4375942,Investing.com,Investing.com,20251124T045334,https://i-invdn-com.investing.com/news/World_News_8_800x533_L_1420026210.jpg,0.311447,Somewhat-Bullish,0.643165,0.247651,Somewhat-Bullish
NVDA,Bridgewater Associates Is Giving Up on Lyft Stock. Should You?,"Bridgewater Associates has fully divested its 2.48 million shares in Lyft (LYFT) during Q3 2025, despite Lyft's recent achievements in profitability, ridership, and autonomous mobility. Lyft reported record Q3 2025 revenues of $1.7 billion, gross bookings of $4.8 billion, a net income of $46.1 million, and accelerating active rider growth. The company anticipates continued improvement in Q4, forecasting ride volumes to grow in the mid-to-high teens and adjusted EBITDA of $135-$155 million, supported by strategic partnerships and acquisitions.",https://www.barchart.com/story/news/36291482/bridgewater-associates-is-giving-up-on-lyft-stock-should-you,Barchart.com,Barchart.com,20251124T045907,https://media.barchart.com/contributors-admin/common-images/images/Tech%20(Ecommerce%2C%20Social%20Media%2C%20etc.)/Uber%20and%20Lyft%20by%20Thought%20catalog%20via%20Unsplash.jpg,0.180068,Somewhat-Bullish,0.629178,0.342289,Somewhat-Bullish
NVDA,Tether invests $5.7 million in Rumble (RUM) By Investing.com,"Tether Investments recently purchased $5.7 million worth of Rumble Inc. (NASDAQ:RUM) Class A Common Stock, increasing its beneficial ownership to over 104 million shares. These transactions occurred between November 19 and November 21, 2025. This comes as Rumble Inc. reported a narrowed net loss in its third quarter and proceeds with the acquisition of Northern Data AG at a reduced price.",https://ng.investing.com/news/insider-trading-news/tether-invests-57-million-in-rumble-rum-93CH-2223967,Investing.com Nigeria,Investing.com Nigeria,20251124T050109,https://i-invdn-com.investing.com/news/World_News_8_800x533_L_1420026210.jpg,0.218571,Somewhat-Bullish,0.642435,0.141960,Neutral
NVDA,"ZJK Industrial and Chaince Digital Announce Strategic Partnership for U.S.-Based Precision Components R&D and Manufacturing Base Serving AI & Semiconductor and Other Industries, With Expected Investment Plan of Up to $200 Million, Advancing the ""Made...","ZJK Industrial and Chaince Digital have formed a strategic partnership to establish a U.S.-based precision components R&D and manufacturing Gigafactory for AI, semiconductor, and other advanced tech industries. The initiative, which includes an expected investment of up to $200 million, aims to support the ""Made in America"" strategy and strengthen the U.S. high-end manufacturing ecosystem. Chaince Securities will also advise ZJK on capital markets for five years.",https://news.futunn.com/en/post/65342510/zjk-industrial-and-chaince-digital-announce-strategic-partnership-for-us,富途牛牛,富途牛牛,20251124T050135,NULL,0.326354,Somewhat-Bullish,0.630256,0.307789,Somewhat-Bullish
NVDA,ProShares UltraPro QQQ (TQQQ) Surges As Rate Cut Hopes Return: Here's What's Going On,"ProShares UltraPro QQQ (TQQQ) is trading higher as traders bet on leveraged Nasdaq-100 exposure amidst renewed hopes for Federal Reserve rate cuts. Goldman Sachs' call for a December rate cut and historical Nasdaq-100 rebound patterns after significant drops are driving this bullish sentiment. TQQQ, a 3x-leveraged ETF, is benefiting from this shift, with its shares up 6.8% at $50.72.",https://www.sahmcapital.com/news/content/proshares-ultrapro-qqq-tqqq-surges-as-rate-cut-hopes-return-heres-whats-going-on-2025-11-24,Sahm,Sahm,20251124T050159,https://editorial-assets.benzinga.com/wp-content/uploads/2025/11/24110416/Screenshot-2025-11-24-at-11.04.00%E2%80%AFAM.png,0.617455,Bullish,0.614305,0.547511,Bullish
NVDA,"Bull of the Day: Advanced Energy Industries, Inc. (AEIS)","Advanced Energy Industries (AEIS) is highlighted as a strong ""picks-and-shovels"" AI stock due to its crucial role in providing power conversion solutions for AI data centers and semiconductor manufacturing. The company saw significant growth in its Data Center Computing segment and received a Zacks Rank #1 (Strong Buy) following positive earnings and raised guidance. Investors are encouraged to consider AEIS despite recent market pullbacks, as its valuation appears attractive relative to the tech sector.",https://finviz.com/news/235695/bull-of-the-day-advanced-energy-industries-inc-aeis,Finviz,Finviz,20251124T050251,https://staticx-tuner.zacks.com/images/articles/charts/ba/133040.jpg?v=943341426,0.423828,Bullish,0.844005,0.306522,Somewhat-Bullish
NVDA,VTI ETF Daily Snapshot—11/24/2025,"This article provides a daily snapshot of the Vanguard Total Stock Market ETF (VTI), detailing its recent performance, technical indicators, and top holdings as of November 24, 2025. VTI is currently down 1.74% over the past five days but up 13% year-to-date, with a Moderate Buy consensus from analysts based on its holdings. The fund's top holdings include major tech companies like Nvidia, Apple, and Microsoft.",https://www.tipranks.com/news/vti-etf-daily-snapshot-11-24-2025,TipRanks,TipRanks,20251124T051224,https://blog.tipranks.com/wp-content/uploads/2025/11/BITFF-750x406.jpg,0.295364,Somewhat-Bullish,0.832713,0.347863,Somewhat-Bullish
NVDA,VTI ETF Daily Update—11/25/2025,"The Vanguard Total Stock Market ETF (VTI) provides broad exposure to the U.S. equity market with an expense ratio of 0.03%. On November 25, 2025, VTI was up by 1.21%, contributing to a 13% year-to-date increase despite a 0.26% dip over the past five days. The ETF, categorized as a Moderate Buy by TipRanks analysts with an average price target of $387.05, holds 3,488 stocks including top positions in Nvidia, Apple, and Microsoft.",https://www.tipranks.com/news/vti-etf-daily-update-11-25-2025,TipRanks,TipRanks,20251124T051224,https://blog.tipranks.com/wp-content/uploads/2025/11/voo-3-750x406.jpg,0.360114,Bullish,0.704610,0.311609,Somewhat-Bullish
NVDA,Cemtrex to acquire aerospace systems firm Invocon for $7.06 million,"Cemtrex, Inc. (NASDAQ:CETX) has announced a definitive agreement to acquire Invocon, Inc., an aerospace and defense systems-engineering firm, for $7.06 million. This acquisition, notably higher than Cemtrex's current market cap, will establish a new Aerospace & Defense segment and aligns with Cemtrex's strategy to expand into high-reliability technologies. Invocon brings 40 years of experience with mission-critical instrumentation used in significant aerospace applications including space shuttles and the International Space Station.",https://www.investing.com/news/company-news/cemtrex-to-acquire-aerospace-systems-firm-invocon-for-706-million-93CH-4370693,Investing.com,Investing.com,20251124T052208,https://i-invdn-com.investing.com/news/World_News_10_800x533_L_1420026292.jpg,0.133222,Neutral,0.604744,-0.132397,Neutral
NVDA,Alger AI Enablers & Adopters ETF Q3 2025 Portfolio Update,"The Alger AI Enablers & Adopters ETF surpassed the S&P 500 Index in Q3 2025, with NVIDIA Corporation, Nebius Group N.V., and Talen Energy Corp significantly contributing to its performance. Conversely, Netflix, Inc., Twilio, Inc., and Spotify Technology were among the top detractors. This update was excerpted from the Alger AI Enablers & Adopters ETF Q3 2025 Commentary.",https://seekingalpha.com/article/4846957-alger-ai-enablers-and-adopters-etf-q3-2025-portfolio-update,Seeking Alpha,Seeking Alpha,20251124T052213,https://static.seekingalpha.com/cdn/s3/uploads/getty_images/2231926077/image_2231926077.jpg?io=getty-c-w630,0.137979,Neutral,0.845324,0.414201,Bullish
NVDA,"When Should You Buy Cracker Barrel Old Country Store, Inc. (NASDAQ:CBRL)?","Cracker Barrel Old Country Store (NASDAQ:CBRL) has seen significant price movement recently, increasing to $62.55 and dropping to $27.31. The stock appears undervalued based on its price-to-earnings ratio of 13.19x compared to the industry average of 20.74x, and analysts expect 29% profit growth in the next couple of years. This suggests potential for future appreciation, especially for investors considering its current trading price and positive outlook.",https://simplywall.st/stocks/us/consumer-services/nasdaq-cbrl/cracker-barrel-old-country-store/news/when-should-you-buy-cracker-barrel-old-country-store-inc-nas-1,Simply Wall Street,Simply Wall Street,20251124T052223,NULL,0.291967,Somewhat-Bullish,0.623728,0.415801,Bullish
NVDA,Brookfield Launches $100 Billion AI Infrastructure Program,"Brookfield has announced the launch of a $100 billion global AI Infrastructure program with NVIDIA and the Kuwait Investment Authority (KIA). The program will be anchored by the Brookfield Artificial Intelligence Infrastructure Fund (BAIIF), with a target of $10 billion in equity commitments to invest in AI infrastructure, and has already secured $5 billion in capital commitments. The initiative aims to deploy investments across the entire AI value chain, from energy and land to data centers and compute, addressing what Brookfield describes as one of the largest infrastructure buildouts in history.",https://news.futunn.com/en/post/65144372/brookfield-launches-100-billion-ai-infrastructure-program,富途牛牛,富途牛牛,20251124T052246,https://record.futunn.com/news-editor-imgs/20251208/public/17651717548521464247903.png,0.217688,Somewhat-Bullish,0.912438,0.386598,Bullish
NVDA,HP Inc. (HPQ) call put ratio 1.9 calls to 1 put into quarter results,"HP Inc. (HPQ) shows a call-put ratio of 1.9 calls to 1 put ahead of its upcoming quarter results. The November 28 weekly 24 straddle for HPQ is priced for an 8% move, with results expected after the bell on November 25. The stock currently has an overall analyst rating of SELL.",https://www.streetinsider.com/Option+EPS+Action/HP+Inc.+%28HPQ%29+call+put+ratio+1.9+calls+to+1+put+into+quarter+results/25651739.html,StreetInsider,StreetInsider,20251124T052500,https://www.streetinsider.com/images/summaries/62/resize_HP.jpg,0.13936,Neutral,0.649385,0.111990,Neutral
NVDA,Aris Mining Corp stock hits 52-week high at 12.1 USD,"Aris Mining Corp (ARMN) has achieved a new 52-week high of $12.10, showcasing a 183.45% appreciation over the last year and a 90.95% return in the past six months. With a market capitalization of $2.44 billion and a ""GREAT"" financial health rating, the company's strong performance reflects significant investor confidence. Despite a high P/E ratio of 45.57, analysts anticipate continued net income growth, suggesting potential for future gains.",https://www.investing.com/news/company-news/aris-mining-corp-stock-hits-52week-high-at-121-usd-93CH-4370754,Investing.com,Investing.com,20251124T053029,https://i-invdn-com.investing.com/news/World_News_10_800x533_L_1420026292.jpg,-0.127375,Neutral,0.613440,-0.069464,Neutral
NVDA,"Ming-Chi Kuo Slams 'Factual Errors' In Criticisms Around Nvidia's Financial 'Fraud:' 'Far From Being Evidence...' - Microsoft (NASDAQ:MSFT), NVIDIA (NASDAQ:NVDA)","Prominent tech analyst Ming-Chi Kuo has refuted claims of ""fraud"" regarding NVIDIA Corporation's financial results, specifically addressing criticisms about its Days Sales Outstanding (DSO) and inventory levels. Kuo argues that Nvidia's reported figures align with standard financial practices and industry structure, showing preparation for strong demand, not fraud. This comes as Nvidia faces scrutiny from independent researchers and investors like Michael Burry, while other analysts and venture capitalists remain bullish on the company's performance.",https://www.benzinga.com/analyst-stock-ratings/analyst-color/25/11/49027315/ming-chi-kuo-fires-back-at-nvidia-fraud-critics-says-claims-are-built-on-factual-errors-far-from-being-evidence,Benzinga,Benzinga,20251124T071200,https://cdn.benzinga.com/files/images/story/2025/07/24/article-header-background-image.png?quality=85&auto=webp&width=1300,0.160802,Somewhat-Bullish,1.000000,0.208758,Somewhat-Bullish
NVDA,Micron vs. Marvell: Which Chip Stock Is a Better Investment Bet?,"This article compares Micron Technology (MU) and Marvell Technology (MRVL) as investments in the semiconductor industry, highlighting their different approaches to the AI infrastructure wave. Micron focuses on memory technologies like DRAM and NAND, while Marvell excels in custom silicon and data center connectivity. The analysis covers fundamentals, valuations, growth outlooks, risks, and stock performance, concluding that Micron is currently the better investment due to its strong market position, long-term growth potential, and more favorable valuation.",https://sg.finance.yahoo.com/news/micron-vs-marvell-chip-stock-131600153.html,Yahoo Finance Singapore,Yahoo Finance Singapore,20251124T071600,,0.542147,Bullish,0.642478,0.346643,Somewhat-Bullish
NVDA,"Bank of America defends Nvidia, says market is ’misreading the numbers’","Bank of America has defended Nvidia against its recent stock pullback, asserting that the market is ""misreading the numbers."" Analyst Vivek Arya highlighted Nvidia's strong demand signals and exceptional free cash flow generation, reiterating a Buy rating and a $275 price target. BofA addressed concerns about working-capital trends and competitive pressure, stating that Nvidia's market position remains compelling.",https://www.investing.com/news/stock-market-news/bank-of-america-defends-nvidia-says-market-is-misreading-the-numbers-4374962,Investing.com,Investing.com,20251124T073800,https://i-invdn-com.investing.com/news/moved_LYNXMPEL401X2_L.jpg,0.261472,Somewhat-Bullish,1.000000,0.451039,Bullish
NVDA,Avion Wealth Has $3.83 Million Stock Position in Apple Inc. $AAPL,"Avion Wealth significantly increased its stake in Apple Inc., holding 18,645 shares valued at $3.83 million as of the second quarter. Other hedge funds also adjusted their positions in Apple, while company insiders, including SVP Deirdre O'brien and CEO Timothy D. Cook, sold significant amounts of stock. The article also provides details on Apple's recent financial performance, dividend announcement, and updated analyst target prices.",https://www.marketbeat.com/instant-alerts/filing-avion-wealth-has-383-million-stock-position-in-apple-inc-aapl-2025-11-24/,MarketBeat,MarketBeat,20251124T082552,https://www.marketbeat.com/logos/apple-inc-logo-1200x675.png,0.169853,Somewhat-Bullish,0.616634,0.108086,Neutral
NVDA,Oppenheimer Initiates International Business Machines Corporation (IBM) With a Buy,"Oppenheimer initiated coverage on International Business Machines Corporation (IBM) with a Buy rating and a $360 price target, citing potential double-digit revenue growth from its software portfolio and sustained low single-digit growth in its consulting segment. The company is also making advancements in quantum computing with plans to link quantum computers over long distances by 2030 and recently unveiled its experimental quantum computing chip, Loon. This positive outlook is supported by a prior Buy rating from Evercore ISI with a $315 price target.",https://finviz.com/news/237350/oppenheimer-initiates-international-business-machines-corporation-ibm-with-a-buy,Finviz,Finviz,20251124T085800,https://d2gr5kl7dt2z3t.cloudfront.net/blog/wp-content/uploads/2023/09/23142039/IBM-insidermonkey-1695493236268.jpg,0.224616,Somewhat-Bullish,0.618520,-0.111793,Neutral
NVDA,Arista Networks (ANET) Down 23.5% Since Fiscal Q3 2025,"Arista Networks (ANET) shares have fallen 23.5% since its fiscal Q3 2025 results, despite beating earnings expectations with significant revenue growth. The decline is attributed to cautious investor sentiment after management signaled modest growth for Q4 2025. Analysts have mixed opinions, with some raising price targets and others downgrading the stock due to a slowing pace of revenue growth and expected slight dip in operating margins.",https://finviz.com/news/237365/arista-networks-anet-down-235-since-fiscal-q3-2025,Finviz,Finviz,20251124T085800,https://d2gr5kl7dt2z3t.cloudfront.net/blog/wp-content/uploads/2023/09/21100324/ANET-insidermonkey-1695305000871.jpg,0.09967,Neutral,0.642759,0.200789,Somewhat-Bullish
NVDA,Here's Why Oracle Corporation (ORCL) Has Fallen More Than 39% in 2 Months,"Oracle Corporation (ORCL) has experienced a significant 39% decline in its stock price over the past two months, primarily due to concerns about an emerging AI bubble and its rising debt, which now exceeds $100 billion. Despite this, analysts like Robert Oliver from Robert W. Braid and Brent Thill from Jefferies have reiterated ""Buy"" ratings, though some have lowered price targets. The company's credit-default swaps have tripled, indicating increased market concern over its debt trajectory.",https://finviz.com/news/237351/heres-why-oracle-corporation-orcl-has-fallen-more-than-39-in-2-months,Finviz,Finviz,20251124T085800,https://d2gr5kl7dt2z3t.cloudfront.net/blog/wp-content/uploads/2023/09/20060404/ORCL-insidermonkey-1695204241327.jpg,-0.091303,Neutral,0.634930,0.105490,Neutral
NVDA,"ZJK Industrial and Chaince Digital Announce Strategic Partnership for U.S.-Based Precision Components R&D and Manufacturing Base Serving AI & Semiconductor and Other Industries, with Expected Investment Plan of Up to $200 Million, Advancing the “Ma","ZJK Industrial and Chaince Digital have formed a strategic partnership to establish a U.S.-based precision components R&D and manufacturing Gigafactory, requiring an investment plan of up to $200 million. This initiative aims to bolster the ""Made in America"" strategy by producing high-value precision and hardware components for AI, semiconductor, electronics, and automotive industries. Chaince Securities will also serve as ZJK's capital markets strategic advisor for the next five years.",https://fox59.com/business/press-releases/globenewswire/9591067/zjk-industrial-and-chaince-digital-announce-strategic-partnership-for-u-s-based-precision-components-rd-and-manufacturing-base-serving-ai-semiconductor-and-other-industries-with-expected-investme,Fox 59,Fox 59,20251124T090000,https://ml.globenewswire.com/media/NGQ3ZmE5MTMtZjY3Yy00YjFhLThhZTAtNGY1NDdmZjg4N2RiLTEzMTgzMjMtMjAyNS0xMS0yNC1lbg==/tiny/ZJK-Industrial-Co-Ltd-.png,0.397799,Bullish,0.600162,0.302762,Somewhat-Bullish
NVDA,Walt Disney Imagineering Brings ‘Frozen’ Olaf Robotic Character to Life,"Walt Disney Imagineering (WDI) has unveiled a new robotic character of Olaf from Disney's ""Frozen"" films, showcased in their ""We Call It Imagineering"" series. This innovation builds on advancements seen in BDX droids, utilizing deep reinforcement learning and a new simulation framework called Newton, developed with NVIDIA and Google DeepMind, to create highly authentic and interactive robotic characters. The Olaf robot features enhanced motion, a ""snow"" costume, and the ability to speak and engage in conversations, pushing the boundaries of robotic animation and character believability.",https://thewaltdisneycompany.com/olaf-robotic-character/,The Walt Disney Company,The Walt Disney Company,20251124T090638,https://thewaltdisneycompany.com/app/uploads/2025/11/102725CT2MB-untitled-1516-614x410.jpg,0.388957,Bullish,0.608718,0.320904,Somewhat-Bullish
NVDA,"Dow Opens First Cooling Science Studio in Shanghai, Reinforcing Commitment to Electronics Industry","Dow has officially opened its first Cooling Science Studio in Shanghai, a dedicated R&D environment for thermal management solutions. This studio aims to address critical power and heat management challenges in advanced electronics by developing future-ready materials. The initiative reinforces Dow's commitment to the electronics industry in China and globally, enhancing collaborative R&D and application capabilities for customers.",https://www.marketscreener.com/news/dow-opens-first-cooling-science-studio-in-shanghai-reinforcing-commitment-to-electronics-industry-ce7d5edcd189f727,MarketScreener,MarketScreener,20251124T090800,,0.347171,Somewhat-Bullish,0.622768,0.310916,Somewhat-Bullish
NVDA,Nvidia stock rating reiterated at Strong Buy by Raymond James,"Raymond James has reiterated its Strong Buy rating for Nvidia (NASDAQ:NVDA) with a price target of $272.00, following the chipmaker's memo addressing fraud allegations. Nvidia clarified its financial practices and strong cash flow, with analysts projecting significant revenue growth for the company. Despite stock volatility, Nvidia maintains a ""GREAT"" financial health score, with other firms also maintaining positive ratings and forecasts for its AI leadership.",https://www.investing.com/news/analyst-ratings/nvidia-stock-rating-reiterated-at-strong-buy-by-raymond-james-93CH-4375300,Investing.com,Investing.com,20251124T090900,https://i-invdn-com.investing.com/news/LYNXMPEB1A16P_L.jpg,0.38212,Bullish,1.000000,0.436482,Bullish
NVDA,"Trump Weighing Advanced Nvidia Chip Sales to China, Lutnick Says","President Donald Trump is considering whether to permit Nvidia Corp. to sell advanced artificial intelligence chips to China, a decision that will ultimately rest with him, according to US Commerce Secretary Howard Lutnick. Lutnick highlighted the tension between promoting economic expansion and safeguarding national security, with Trump weighing advice from various experts. This potential move to allow H200 sales could ease previous restrictions, though it faces opposition from national-security hawks.",https://ca.finance.yahoo.com/news/trump-weighing-advanced-nvidia-chip-141009841.html,Yahoo! Finance Canada,Yahoo! Finance Canada,20251124T091000,https://s.yimg.com/ny/api/res/1.2/8AeKk4BFS8WGGC9SDchIiw--/YXBwaWQ9aGlnaGxhbmRlcjt3PTIz0toPTQ4/https://s.yimg.com/os/creatr-uploaded-images/2024-12/f47ae180-c22f-11ef-bb6b-8c68a34cf959,-0.052069,Neutral,1.000000,0.104304,Neutral
NVDA,Cambridge Capital Management LLC Purchases New Shares in Apple Inc. $AAPL,"Cambridge Capital Management LLC acquired a new position in Apple Inc. (NASDAQ:AAPL) during the second quarter, purchasing 3,449 shares valued at approximately $708,000. This investment represents 0.4% of Cambridge Capital Management LLC's total holdings. The article also details other institutional investor activities in Apple, recent analyst ratings, financial performance metrics, dividend announcements, and insider trading activities.",https://www.marketbeat.com/instant-alerts/filing-cambridge-capital-management-llc-purchases-new-shares-in-apple-inc-aapl-2025-11-24/,MarketBeat,MarketBeat,20251124T091608,https://www.marketbeat.com/logos/apple-inc-logo-1200x675.png,0.2094,Somewhat-Bullish,0.645895,0.148972,Neutral
NVDA,First Citizens Bank & Trust Co. Increases Stake in Apple Inc. $AAPL,"First Citizens Bank & Trust Co. increased its stake in Apple Inc. by 1.1% during the second quarter, now owning 621,827 shares valued at $127.58 million. Other institutional investors also adjusted their positions, and several Wall Street analysts have updated their ratings and price targets for Apple, with a consensus of ""Moderate Buy."" The article also details recent insider stock sales and Apple's financial performance, including its latest earnings report and dividend announcement.",https://www.marketbeat.com/instant-alerts/filing-first-citizens-bank-trust-co-increases-stake-in-apple-inc-aapl-2025-11-24/,MarketBeat,MarketBeat,20251124T091608,https://www.marketbeat.com/logos/apple-inc-logo-1200x675.png,0.041649,Neutral,0.612383,-0.344197,Somewhat-Bearish
NVDA,Google is crushing it. Why that’s worrying investors in Nvidia and other AI stocks.,"Alphabet's strong performance in AI is causing concern among investors in Nvidia and other AI stocks, despite a stellar earnings report from Nvidia. An analyst from Melius suggests that Alphabet's ""AI comeback"" and its use of custom chips could lead it to win the AI race, posing a significant worry for other players in the AI industry. This development highlights a shift in investor focus from general hyperscaler spending sustainability to Alphabet's specific advancements.",https://www.marketwatch.com/story/google-is-crushing-it-why-thats-worrying-investors-in-nvidia-and-other-ai-stocks-d7c11037?gaa_at=eafs&gaa_n=AWEtsqd5i-xdV6wRtD6pKnTf-Fh1WhKC3LFNZPveIWRZpTMNVd0yPRjv6W1U&gaa_ts=6924901c&gaa_sig=yUcoiiewm4J7O6-ErGTVYXit-Gt8ETTLBKZmjmv8hY7zVSKnKhwoU2LFo1tlO_7_rUxcVA6E7MKb9A2DmM0Hcg%3D%3D,MarketWatch,MarketWatch,20251124T091900,https://images.mktw.net/im-90923246?width=1260&height=808,0.182501,Somewhat-Bullish,0.828058,-0.243170,Somewhat-Bearish
NVDA,WMT - Walmart Inc Stock Price and Quote,"This article provides a detailed financial overview of Walmart Inc. (WMT), including its stock price, key financial metrics, analyst ratings, and recent insider transactions. It also compiles recent news headlines related to Walmart's performance, e-commerce growth, and market position.",https://finviz.com/quote.ashx?t=WMT,Finviz,Finviz,20251124T092214,https://finviz.com/gfx/black_friday/banner.jpg?rev=33,0.172327,Somewhat-Bullish,0.629973,-0.332365,Somewhat-Bearish
NVDA,Will Microchip Technology's (MCHP) Launch of LAN866x Devices Shift Its Automotive Connectivity Narrative?,"Microchip Technology recently launched its LAN866x family of 10BASE-T1S endpoint devices to simplify in-vehicle Ethernet network integration for automotive manufacturers. While this innovation supports the shift towards software-defined vehicles and next-generation connectivity solutions, the company still faces challenges with high inventory and elevated debt levels. Investors are encouraged to consider Microchip's long-term growth prospects, including a projected 15.9% annual revenue growth and a fair value of $74.68.",https://simplywall.st/stocks/us/semiconductors/nasdaq-mchp/microchip-technology/news/will-microchip-technologys-mchp-launch-of-lan866x-devices-sh,Simply Wall Street,Simply Wall Street,20251124T092607,,0.144452,Neutral,0.628460,0.133897,Neutral
NVDA,FXAIX vs VOO: Is Fidelity or Vanguard Better for S&P 500 Exposure?,"This article compares Fidelity's FXAIX and Vanguard's VOO, both S&P 500 index funds, to help investors decide which is better for their needs. It analyzes their fees, structure (mutual fund vs. ETF), tax efficiency, performance, and suitability for different account types and trading styles. While FXAIX has a slightly lower expense ratio, VOO generally offers better tax efficiency and intraday tradability.",https://www.ebc.com/forex/fxaix-vs-voo-is-fidelity-or-vanguard-better-for-s-and-amp-p-500-exposure,EBC Financial Group,EBC Financial Group,20251124T093156,https://www.ebc.com/upload/default/20251124/3c1f65ba0ab38e6b0393d0436bd204d0.png,0.303655,Somewhat-Bullish,0.616920,0.318241,Somewhat-Bullish
NVDA,Bank Julius Baer & Co. Ltd Zurich Cuts Position in Honeywell International Inc. $HON,"Bank Julius Baer & Co. Ltd Zurich reduced its stake in Honeywell International Inc. by 14.3% in the second quarter, selling over 221,000 shares. Despite some trimmed price targets from brokerages, the consensus analyst rating for Honeywell remains a ""Moderate Buy"" with an average price target of $239.38. Honeywell reported strong earnings and guidance, and also increased its quarterly dividend.",https://www.marketbeat.com/instant-alerts/filing-bank-julius-baer-co-ltd-zurich-cuts-position-in-honeywell-international-inc-hon-2025-11-24/,MarketBeat,MarketBeat,20251124T093630,https://www.marketbeat.com/logos/6hon_logo-1200x675.png,0.179126,Somewhat-Bullish,0.603475,0.329780,Somewhat-Bullish
NVDA,"Nvidia's Fundamentals Remain Strong, Buy Into The Dip (NASDAQ:NVDA)","Nvidia Corporation is reiterated as a Strong Buy with a $404/share price target, driven by robust AI-driven revenue growth and strong hyperscaler demand for its data center chips. Despite recent stock dips, NVDA trades at a discount to its historical price/sales range, presenting an attractive entry point, with domestic demand poised to offset potential geopolitical risks.",https://seekingalpha.com/article/4847105-nvidia-fundamentals-remain-strong-buy-into-the-dip,Seeking Alpha,Seeking Alpha,20251124T095100,https://static.seekingalpha.com/cdn/s3/uploads/getty_images/1458841552/image_1458841552.jpg?io=getty-c-w630,0.22371,Somewhat-Bullish,1.000000,0.404700,Bullish
NVDA,What's Going On With Cisco Stock Monday? - Cisco Systems (NASDAQ:CSCO),"Cisco Systems is enhancing its 5G security and AI infrastructure with new firewall, encryption, and threat-detection technologies to counter sophisticated cyber threats. The company is leveraging AI-assisted detection and a partnership with IBM for quantum networking, contributing to Cisco's 29% year-to-date stock gain.",https://www.benzinga.com/markets/tech/25/11/49031416/cisco-brings-ai-muscle-to-5g-security-as-hackers-get-smarter,Benzinga,Benzinga,20251124T100400,https://cdn.benzinga.com/files/images/story/2025/07/24/article-header-background-image.png?quality=85&auto=webp&width=1300,0.299372,Somewhat-Bullish,0.623038,0.131146,Neutral
NVDA,"Rothschild Capital Partners LLC Sells 5,095 Shares of Apple Inc. $AAPL","Rothschild Capital Partners LLC reduced its stake in Apple Inc. by 3.2% in Q2, selling 5,095 shares and now holding 152,863 shares valued at $31.36 million. The article also details significant insider selling by Apple SVPs Deirdre O'Brien and Katherine L. Adams in October, totaling over $23 million, and notes Apple's strong quarterly earnings beat. Despite the recent insider sales, Apple maintains a ""Moderate Buy"" consensus rating among analysts and has a market capitalization of over $4 trillion.",https://www.marketbeat.com/instant-alerts/filing-rothschild-capital-partners-llc-sells-5095-shares-of-apple-inc-aapl-2025-11-24/,MarketBeat,MarketBeat,20251124T101155,https://www.marketbeat.com/logos/apple-inc-logo-1200x675.png,0.060848,Neutral,0.631530,-0.116750,Neutral
NVDA,Apple Inc. $AAPL Stake Boosted by Strata Wealth Advisors LLC,"Strata Wealth Advisors LLC significantly increased its stake in Apple Inc. ($AAPL) by 24.9% during the second quarter, bringing its total holdings to 22,535 shares valued at $4.623 million. This makes Apple the 14th largest holding in Strata Wealth Advisors LLC's portfolio. Despite insider selling activity from SVP Deirdre O’Brien and CFO Kevan Parekh, Wall Street analysts maintain a ""Moderate Buy"" consensus rating with an average target price of $278.22, following Apple's recent earnings beat.",https://www.marketbeat.com/instant-alerts/filing-apple-inc-aapl-stake-boosted-by-strata-wealth-advisors-llc-2025-11-24/,MarketBeat,MarketBeat,20251124T101155,https://www.marketbeat.com/logos/apple-inc-logo-1200x675.png,0.071701,Neutral,0.624656,0.139048,Neutral
NVDA,"DCF Advisers LLC Purchases 1,375 Shares of Broadcom Inc. $AVGO","DCF Advisers LLC increased its stake in Broadcom Inc. by 27.5%, acquiring an additional 1,375 shares, bringing its total holdings to 6,375 shares valued at $1.757 million. Other major institutional investors like Vanguard Group Inc., Geode Capital Management LLC, and Price T Rowe Associates Inc. MD also significantly increased their positions in the semiconductor manufacturer. The article also details Broadcom's solid financial performance, including a recent EPS beat, 22% year-over-year revenue growth, and a quarterly dividend of $0.59 per share, alongside recent analyst ratings and insider transaction data.",https://www.marketbeat.com/instant-alerts/filing-dcf-advisers-llc-purchases-1375-shares-of-broadcom-inc-avgo-2025-11-24/,MarketBeat,MarketBeat,20251124T101210,https://www.marketbeat.com/logos/broadcom-inc-logo-1200x675.png?v=20231122110526,0.15797,Somewhat-Bullish,0.625880,0.131827,Neutral
NVDA,"Micron, Sandisk targets lifted at Morgan Stanley as shortages intensify","Morgan Stanley raised price targets for Micron and Sandisk, reiterating Overweight ratings and naming Micron as its top pick, due to intensifying shortages in memory markets and strong AI-driven demand. The firm believes the recent selloff in semiconductor stocks is unwarranted, forecasting multiple upward revisions for earnings in the coming quarters.",https://www.investing.com/news/stock-market-news/micron-sandisk-targets-lifted-at-morgan-stanley-as-shortages-intensify-4375495,Investing.com,Investing.com,20251124T103400,https://i-invdn-com.investing.com/news/LYNXMPEB3E10O_L.jpg,0.341437,Somewhat-Bullish,0.635091,0.292441,Somewhat-Bullish
NVDA,Markets Brief: Nvidia Stock Weakens as Investors Doubt AI Spending Boom,"Nvidia's stock weakened despite better-than-expected profits, reflecting growing skepticism about the scale of AI investment. While some tech companies like Alphabet saw gains, others like Meta and Netflix fell, indicating investors are becoming more selective in AI-related investments. Broader market trends included a rebound in healthcare stocks, increased bets on a December interest rate cut, and challenges in the private credit market.",https://www.morningstar.com/markets/markets-brief-nvidia-stock-weakens-investors-doubt-ai-spending-boom,Morningstar,Morningstar,20251124T103642,https://morningstar-morningstar-prod.web.arc-cdn.net/resizer/Z4M3dr2w3KnQ0zZmAAkrFWoDKUw=/2000x2000/author-service-images-prod-us-east-1.publishing.aws.arc.pub/morningstar/687c42c2-15b8-4c8d-a9f6-6fadac96dd73.jpg,-0.194482,Somewhat-Bearish,1.000000,-0.427714,Bearish
NVDA,"Franklin Resources Inc. Has $102.28 Million Stock Position in Comfort Systems USA, Inc. $FIX","Franklin Resources Inc. significantly increased its stake in Comfort Systems USA (NYSE: FIX) by 19.5% in Q2, now holding 190,737 shares valued at $102.28 million. Despite recent insider selling, analysts maintain a ""Buy"" rating with an average target price of $892.75, and UBS raising its target to $1,140. The company also announced an increase in its quarterly dividend to $0.60 per share, payable on November 24th.",https://www.marketbeat.com/instant-alerts/filing-franklin-resources-inc-has-10228-million-stock-position-in-comfort-systems-usa-inc-fix-2025-11-24/,MarketBeat,MarketBeat,20251124T112104,https://www.marketbeat.com/logos/comfort-systems-usa-inc-logo-1200x675.png?v=20240424085012,0.363254,Bullish,0.645679,0.327977,Somewhat-Bullish
NVDA,'The Big Short' investor Michael Burry on AI bubble: 'There is a Cisco at the center of it all...Its name is Nvidia',"Michael Burry, known from ""The Big Short,"" warns of an imminent AI bubble, comparing Nvidia to Cisco during the dot-com bust. He argues that just as Cisco was at the center of the dot-com bubble, Nvidia is playing a similar role in today's AI boom, pointing to its ballooning valuation and questioning the longevity of its products. Burry's hedge fund recently bought put options on Nvidia and Palantir, signaling his bearish outlook.",https://fortune.com/2025/11/24/big-short-investor-michael-burry-nvidia-cisco-ai-bubble/,Fortune,Fortune,20251124T112300,https://fortune.com/img-assets/wp-content/uploads/2025/11/GettyImages-498541178_d6c907-e1764000646436.jpg?format=webp&w=1440&q=75,0.042831,Neutral,0.325978,0.024374,Neutral
NVDA,"Rockefeller Capital Management L.P. Purchases Shares of 51,326 Western Digital Corporation $WDC","Rockefeller Capital Management L.P. initiated a new position in Western Digital Corporation ($WDC), acquiring 51,326 shares valued at approximately $3.28 million during the second quarter. This move aligns with other institutional investors increasing their stakes, bringing institutional ownership to about 92.51%. Western Digital reported strong Q1 earnings, has a ""Moderate Buy"" consensus rating, and recently raised its quarterly dividend.",https://www.marketbeat.com/instant-alerts/filing-rockefeller-capital-management-lp-purchases-shares-of-51326-western-digital-corporation-wdc-2025-11-23/,MarketBeat,MarketBeat,20251124T112858,https://www.marketbeat.com/logos/western-digital-co-logo-1200x675.png?v=20240118080831,0.247556,Somewhat-Bullish,0.637869,0.138213,Neutral
NVDA,ALAB - Astera Labs Inc Stock Price and Quote,"This article provides a detailed stock quote and financial data for Astera Labs Inc. (ALAB), including real-time price, key financial metrics, recent news, and extensive insider trading activity. It highlights the company's performance, analyst ratings, and its role as a semiconductor company for AI and cloud infrastructure.",https://finviz.com/quote.ashx?t=ALAB,Finviz,Finviz,20251124T115211,,0.122545,Neutral,0.605819,0.143489,Neutral
NVDA,Quantum Private Wealth LLC Increases Position in Broadcom Inc. $AVGO,"Quantum Private Wealth LLC increased its stake in Broadcom Inc. (NASDAQ:AVGO) by 3.0% in Q2 2025, bringing its total holdings to 43,384 shares valued at $11.96 million. This move highlights continued institutional interest in Broadcom, with other major firms like Vanguard and Geode also boosting their positions, despite some insider selling. Broadcom currently holds a consensus ""Buy"" rating from analysts with an average target price of $374.21.",https://www.marketbeat.com/instant-alerts/filing-quantum-private-wealth-llc-increases-position-in-broadcom-inc-avgo-2025-11-24/,MarketBeat,MarketBeat,20251124T115503,https://www.marketbeat.com/logos/broadcom-inc-logo-1200x675.png?v=20231122110526,0.29111,Somewhat-Bullish,0.620613,0.251401,Somewhat-Bullish
NVDA,Elfun Trusts Significantly Reduces Stake in Broadcom Inc by 60.7%,"Elfun Trusts significantly reduced its stake in Broadcom Inc. (NASDAQ: AVGO) by 60.7% in Q3 2025 as part of its strategic investment changes. The fund also made new investments in Advanced Micro Devices Inc (NASDAQ: AMD) and BJ's Wholesale Club Holdings Inc (NYSE: BJ), and increased holdings in Eli Lilly and Co (NYSE: LLY) and Waste Management Inc (NYSE: WM). Concurrently, Elfun Trusts fully exited its positions in Kenvue Inc (NYSE: KVUE) and Vertex Pharmaceuticals Inc (NASDAQ: VRTX).",https://finance.yahoo.com/news/elfun-trusts-significantly-reduces-stake-170023446.html,Yahoo Finance,Yahoo Finance,20251124T120000,https://s.yimg.com/os/creatr-uploaded-images/2020-11/656a72d0-2a99-11eb-abff-c3a42df53bdf,0.18032,Somewhat-Bullish,0.571410,0.093057,Neutral
NVDA,Tesla AI Chief Reveals AI4 Power Jump As CEO Musk Eyes Building More Intelligent Chips Than All Rivals Combined,"Tesla's AI chief revealed that the AI4 chip can process a million video pixels in about a millisecond due to its integrated hardware-software design. CEO Elon Musk plans for annual chip updates, including AI5 and AI6, and anticipates building a ""gigantic"" chip fabrication plant to meet future demand for AI and robotics, potentially surpassing the combined output of all other AI chipmakers. Retail sentiment for Tesla was bearish on Stocktwits despite bullish price predictions for its stock.",https://stocktwits.com/news-articles/markets/equity/tesla-ai-chief-reveals-ai-4-power-jump-as-ceo-musk-eyes-building-more-intelligent-chips-than-all-rivals-combined/cL5GU9HREfS,Stocktwits,Stocktwits,20251124T120500,https://news.stocktwits-cdn.com/large_tesla_jpg_b98dced72d.webp,0.214732,Somewhat-Bullish,0.620835,0.146598,Neutral
NVDA,"Elon Musk Says Tesla Will Build More AI Chips Than Everyone Else Combined, Unveils Major Hiring Drive: 'I'm Not Kidding'","Elon Musk has announced Tesla's ambitious plan to produce more AI chips than all other manufacturers combined, launching a significant hiring initiative for top-tier chip designers. Tesla already has an advanced in-house AI chip team that has deployed millions of chips, and the company aims to release a new chip design into volume production every 12 months. Despite a delay for the AI5 chip, Tesla anticipates large-scale production of the AI6 chip by 2027 and is actively recruiting for AI and semiconductor engineering talent to achieve its goals.",https://www.benzinga.com/markets/tech/25/11/49024259/elon-musk-says-tesla-will-build-more-ai-chips-than-everyone-else-combined-unveils-major-hiring-drive-im-not-kidding,Benzinga,Benzinga,20251124T121300,https://cdn.benzinga.com/files/images/story/2025/07/24/article-header-background-image.png?quality=85&auto=webp&width=1300,0.195342,Somewhat-Bullish,0.645680,0.149923,Neutral
NVDA,Why Micron (MU) Stock Is Up Today,"Shares of Micron (MU) jumped 7.2% after several Wall Street analysts, including Morgan Stanley, expressed positive outlooks and raised price targets due to increasing memory demand from AI applications. This optimism follows a previous drop related to market uncertainty over future interest rate cuts despite strong corporate earnings. Micron is up 158% year-to-date and is transforming into a key player for AI-optimized memory and storage.",https://finviz.com/news/237769/why-micron-mu-stock-is-up-today,Finviz,Finviz,20251124T124000,https://news-assets.stockstory.org/cover-images/_1400x700_crop_center-center_none/Ki4_2021-10-18-093811_kxgt.jpeg,0.329155,Somewhat-Bullish,0.722594,0.127364,Neutral
NVDA,"Jaffetilchin Investment Partners LLC Has $30.03 Million Stock Holdings in Tesla, Inc. $TSLA","Jaffetilchin Investment Partners LLC reduced its stake in Tesla, Inc. by 1.0% in the second quarter, now holding 94,549 shares valued at $30.03 million, making it their 12th largest holding. The article details Tesla's recent financial performance, including beating EPS estimates and 11.6% year-over-year revenue growth, alongside significant insider selling and mixed analyst ratings with a ""Hold"" consensus. It also covers other institutional investor activities, stock performance metrics, and a summary of recent analyst modifications to ratings and price targets for TSLA.",https://www.marketbeat.com/instant-alerts/filing-jaffetilchin-investment-partners-llc-has-3003-million-stock-holdings-in-tesla-inc-tsla-2025-11-24/,MarketBeat,MarketBeat,20251124T125610,https://www.marketbeat.com/logos/tesla-inc-logo-1200x675.png?v=20221020135629,-0.096203,Neutral,0.631455,-0.146869,Neutral
NVDA,Apple Inc. $AAPL Shares Acquired by Warburton Capital Management LLC,"Warburton Capital Management LLC has increased its stake in Apple Inc. ($AAPL) by 14.3%, acquiring an additional 937 shares. This brings their total holdings to 7,474 shares, valued at approximately $1.58 million, making Apple their 14th largest holding. The article also notes recent insider selling, positive analyst sentiment with a ""Moderate Buy"" consensus, and key financial metrics for Apple.",https://www.marketbeat.com/instant-alerts/filing-apple-inc-aapl-shares-acquired-by-warburton-capital-management-llc-2025-11-24/,MarketBeat,MarketBeat,20251124T130614,https://www.marketbeat.com/logos/apple-inc-logo-1200x675.png,-0.163451,Somewhat-Bearish,0.565849,-0.343318,Somewhat-Bearish
NVDA,Taiwan opens probe into Intel hire accused of allegedly taking TSMC trade secrets,"Taiwanese authorities have launched an investigation into a former Taiwan Semiconductor Manufacturing Co. (TSMC) executive, now employed by Intel, accused of taking trade secrets related to advanced chip manufacturing processes. This probe follows reports from multiple Asian media outlets about the alleged transfer of data to Intel. Intel's CEO has denied the allegations amidst the ongoing investigation.",https://www.bizjournals.com/phoenix/news/2025/11/24/tsmc-intel-trade-secret-allegations.html,The Business Journals,The Business Journals,20251124T131036,https://media.bizj.us/view/img/11405666/gettyimages-1149735758*900xx5495-3091-0-286.jpg,-0.146125,Neutral,0.600185,-0.116700,Neutral
NVDA,"GE HealthCare’s Photonova™ Spectra with Deep Silicon reimagines photon-counting CT to see more, know more and achieve more","GE HealthCare has announced the submission of its Photonova Spectra photon-counting CT system, featuring proprietary Deep Silicon detector technology and advanced AI algorithms, for 510(k) clearance to the U.S. FDA. This system aims to revolutionize medical imaging by offering higher spectral and spatial resolution, enhanced material separation, and simplified workflows for a wide range of clinical specialties including neurology, oncology, musculoskeletal, thoracic, and cardiac imaging. The Photonova Spectra is designed to deliver greater diagnostic confidence and precision care through its ability to harness vast amounts of data using NVIDIA’s accelerated computing technology.",https://www.morningstar.com/news/business-wire/20251124194716/ge-healthcares-photonova-spectra-with-deep-silicon-reimagines-photon-counting-ct-to-see-more-know-more-and-achieve-more,Morningstar,Morningstar,20251124T131200,https://mms.businesswire.com/media/20251124194716/en/2652802/4/Photonova_Spectra.jpg,0.375675,Bullish,0.736735,0.324543,Somewhat-Bullish
NVDA,Amazon announces $50B AI and supercomputing investment for US government agencies,"Amazon announced a $50 billion investment to build AI and high-performance computing infrastructure specifically for US government agencies, starting in 2026. This initiative aims to expand computing capacity across AWS Top Secret, AWS Secret, and AWS GovCloud regions, providing federal agencies with broader access to advanced AI tools for critical missions. The investment is expected to add nearly 1.3 gigawatts of AI and supercomputing capacity and fundamentally transform how federal agencies leverage supercomputing.",https://www.proactiveinvestors.com/companies/news/1083098/amazon-announces-50b-ai-and-supercomputing-investment-for-us-government-agencies-1083098.html,Proactive financial news,Proactive financial news,20251124T132700,https://cdn.proactiveinvestors.com/eyJidWNrZXQiOiJwYS1jZG4iLCJrZXkiOiJ1cGxvYWRcL05ld3NcL0ltYWdlXC8yMDI1XzExXC9Kb25hdGhhbi1XZWlzcy1TaHV0dGVyc3RvY2suanBnIiwiZWRpdHMiOnsicmVzaXplIjp7IndpZHRoIjo2MTEsImhlaWdodCI6MzU1LCJmaXQiOiJjb3ZlciJ9fX0=,0.314225,Somewhat-Bullish,0.635518,0.346817,Somewhat-Bullish
NVDA,Broadcom Inc. $AVGO Shares Bought by Waterloo Capital L.P.,"Waterloo Capital L.P. significantly increased its stake in Broadcom Inc. during the second quarter of 2025, buying an additional 3,180 shares and bringing its total holdings to 48,361 shares valued at over $13.33 million. Other hedge funds also adjusted their positions, while Broadcom insiders were net sellers, with Director Henry Samueli selling a substantial amount of shares. The company reported strong financial results, beating quarterly estimates with revenue up 22% year-over-year, and analysts maintain a ""Buy"" rating on the stock.",https://www.marketbeat.com/instant-alerts/filing-broadcom-inc-avgo-shares-bought-by-waterloo-capital-lp-2025-11-24/,MarketBeat,MarketBeat,20251124T135042,https://www.marketbeat.com/logos/broadcom-inc-logo-1200x675.png?v=20231122110526,0.295298,Somewhat-Bullish,0.603712,0.332607,Somewhat-Bullish
NVDA,Johnson & Johnson Collaborates with NVIDIA to Advance Healthcare Robotics Using the Isaac Platform,"Johnson & Johnson MedTech is collaborating with NVIDIA to advance healthcare robotics using the Isaac platform. This partnership involves leveraging physical AI simulation to develop robotic platforms, specifically applying these simulations to the MONARCH Platform for Urology for device design, clinical workflow preparation, and training. The goal is to create high-fidelity digital twins to enhance technology development and improve patient outcomes in robotic surgery.",https://thehealthcaretechnologyreport.com/johnson-johnson-collaborates-with-nvidia-to-advance-healthcare-robotics-using-the-isaac-platform/,The Healthcare Technology Report.,The Healthcare Technology Report.,20251124T135113,,0.330823,Somewhat-Bullish,0.899550,0.355675,Bullish
NVDA,The QQQ ETF Points to What’s Next for Stocks… And You Probably Won’t Like the Answer,"This article analyzes the Invesco Nasdaq 100 ETF (QQQ) and its implications for the broader stock market, suggesting a potential downward trend despite recent rallies. The author highlights the significant outperformance of QQQ compared to equal-weight S&P 500 ETFs and points to technical indicators like a declining 20-day moving average and a negative Percentage Price Oscillator (PPO) as signs of a risky market.",https://markets.financialcontent.com/stocks/article/barchart-2025-11-24-the-qqq-etf-points-to-whats-next-for-stocks-and-you-probably-wont-like-the-answer?Language=spanish,Markets Financial Content,Markets Financial Content,20251124T135400,,-0.161527,Somewhat-Bearish,0.884059,0.115554,Neutral
NVDA,Broadcom Rallies As Semiconductor Stocks Surge On Fed Rate Cut Hopes,"Broadcom (NASDAQ: AVGO) shares surged on Monday, joining a broader market recovery in tech and semiconductor stocks. This rally was fueled by Federal Reserve Governor Christopher Waller's signal supporting a December rate cut, which improved investor sentiment and led to increased risk-taking despite ongoing divisions within the Fed. The stock's technical analysis indicates a neutral RSI with potential for further climb if it breaks above resistance.",https://www.benzinga.com/trading-ideas/movers/25/11/49040999/broadcom-rallies-as-semiconductor-stocks-surge-on-fed-rate-cut-hopes,Benzinga,Benzinga,20251124T140700,https://cdn.benzinga.com/files/images/story/2025/07/24/article-header-background-image.png?quality=85&auto=webp&width=1300,0.361811,Bullish,0.647355,0.331326,Somewhat-Bullish
NVDA,Putnam Premier Income Trust (NYSE:PPT) Plans Monthly Dividend of $0.03,"Putnam Premier Income Trust (NYSE:PPT) has declared a monthly dividend of $0.026 per share, with an ex-dividend date of February 20th and payment on February 27th. This dividend implies an annualized yield of 8.8%. Following the announcement, shares of PPT rose 0.3% to $3.55, with trading volume of 182,910 shares.",https://www.marketbeat.com/instant-alerts/putnam-premier-income-trust-nyseppt-plans-monthly-dividend-of-003-2025-11-20/,MarketBeat,MarketBeat,20251124T140859,https://www.marketbeat.com/logos/putnam-premier-income-trust-logo-1200x675.png?v=20250212070752,0.083931,Neutral,0.619103,-0.131568,Neutral
NVDA,IDEXX Laboratories Vs ResMed: Which Stock Could Rally?,"This article analyzes whether IDEXX Laboratories (IDXX) or ResMed (RMD) presents a better investment opportunity. It concludes that RMD offers superior revenue growth, higher profitability, and a more favorable valuation compared to IDXX, making it potentially a more prudent investment. The article advises considering a diversified portfolio strategy due to inherent stock market volatility.",https://www.forbes.com/sites/greatspeculations/2025/11/24/idexx-laboratories-vs-resmed-which-stock-could-rally/,Forbes,Forbes,20251124T140900,https://imageio.forbes.com/specials-images/imageserve/69241f4ff65b6adc4ff058a0/IDEXX-now-included-in-S-P-500/0x0.jpg?width=960,0.158367,Somewhat-Bullish,0.602160,0.049123,Neutral
NVDA,"Trump Weighing Advanced Nvidia Chip Sales to China, Lutnick Says","US Commerce Secretary Howard Lutnick stated that President Donald Trump is currently considering whether to permit Nvidia Corp. to sell advanced artificial intelligence chips to China, with the final decision resting with him. Lutnick noted that Trump is consulting various advisers on the potential exports and has a deep understanding of Chinese President Xi Jinping. This comes after reports indicated US officials were already discussing the possibility of Nvidia selling its H200 AI chips to China.",https://www.bloomberg.com/news/articles/2025-11-24/trump-weighing-advanced-nvidia-chip-sales-to-china-lutnick-says,Bloomberg.com,Bloomberg.com,20251124T141000,,-0.207423,Somewhat-Bearish,1.000000,-0.218371,Somewhat-Bearish
NVDA,Broadcom and these AI stocks are surging as plays on Alphabet’s rapid rise,"Shares of AI-related companies like Broadcom, Celestica, and Lumentum are experiencing a surge, benefiting from Alphabet's recent stock run. Alphabet, initially perceived as an AI laggard, has seen a rapid turnaround due to positive developments in its AI sector, notably with its new Gemini 3 AI model outperforming competitors. This success has propelled Alphabet close to a $4 trillion market capitalization, boosting its key suppliers.",https://www.marketwatch.com/story/broadcom-and-these-stocks-are-surging-as-plays-on-alphabets-rapid-rise-0648a61c?gaa_at=eafs&gaa_n=AWEtsqcK-cwjgZBmUSw5AP5Y6MAX0uJqUV-HE1FctSpbutSMJigCiXaqSXDB&gaa_ts=6924c13a&gaa_sig=VvFPNaRJs7DPviCJgK-qDgQM1mU9_eyQzbkk5Bn_lrofMSzqL8aAAiS6JTL1pk4c44ZWEf-Ri8xOWd6C0kk_eg%3D%3D,MarketWatch,MarketWatch,20251124T141200,https://images.mktw.net/im-35353496?width=1260&height=875,0.42466,Bullish,0.629938,0.335868,Somewhat-Bullish
NVDA,Pring Turner Capital Group Inc. Has $7.72 Million Holdings in Texas Instruments Incorporated $TXN,"Pring Turner Capital Group Inc. significantly increased its stake in Texas Instruments (TXN) by 16.4%, holding 37,170 shares valued at $7.72 million, making it their second-largest holding. Other major institutional investors also boosted their positions in TXN, which reported in-line Q3 EPS, strong revenue growth, and a raised quarterly dividend. The article also details recent insider transactions and analyst ratings for Texas Instruments.",https://www.marketbeat.com/instant-alerts/filing-pring-turner-capital-group-inc-has-772-million-holdings-in-texas-instruments-incorporated-txn-2025-11-23/,MarketBeat,MarketBeat,20251124T141212,https://www.marketbeat.com/logos/texas-instruments-incorporated-logo-1200x675.png,0.171151,Somewhat-Bullish,0.630085,0.049493,Neutral
NVDA,TSLQ Breakout Stalls As Tesla's AI Chip Shockwave Flips The Trade,"The Tradr 2X Short TSLA Daily ETF (TSLQ) experienced a significant setback after Tesla CEO Elon Musk revealed the company's extensive in-house AI-chip strategy. This disclosure caused Tesla's stock to jump over 7%, leading to a nearly 15% plunge in TSLQ and essentially erasing its strong November gains. The article details the factors that previously favored TSLQ, such as weak Tesla sales and valuation concerns, and how Musk's AI announcement dramatically shifted investor sentiment.",https://www.benzinga.com/etfs/specialty-etfs/25/11/49042061/tesla-stock-etf-tslq-price-trend,Benzinga,Benzinga,20251124T144700,https://cdn.benzinga.com/files/images/story/2025/07/24/article-header-background-image.png?quality=85&auto=webp&width=1300,0.243818,Somewhat-Bullish,0.857662,0.425077,Bullish
NVDA,"Pure-Play vs Big Tech in Quantum: How IBM, NVDA, IONQ Stand at '25 End","The quantum computing industry gained significant momentum in 2025, with both pure-play companies like IonQ and D-Wave, and big tech players such as IBM and NVIDIA, making substantial advancements. While pure-plays offer high upside linked to quantum breakthroughs but also steep risks and volatility, big tech provides a more stable way to benefit from quantum's long-term rise due to diversified cash flows and deep R&D. Investors seeking asymmetric returns might consider modest positions in pure-plays, while those prioritizing risk-adjusted performance should lean towards big tech.",https://finviz.com/news/237853/pure-play-vs-big-tech-in-quantum-how-ibm-nvda-ionq-stand-at-25-end,Finviz,Finviz,20251124T150000,https://staticx-tuner.zacks.com/images/articles/charts/d4/133299.jpg?v=1737128503,0.301413,Somewhat-Bullish,0.866506,0.320570,Somewhat-Bullish
NVDA,Is Advanced Micro Devices AMD a Buy? Analyst Insights & Stock Outlook,"This article examines whether Advanced Micro Devices (AMD) is a good investment, focusing on key financial metrics like earnings growth, analyst ratings, and institutional ownership. It highlights AMD's strong performance in AI and data center markets, despite some concerns about its P/E ratio. The analysis concludes that while AMD shows promise, investors should consider its valuation against its growth potential.",https://www.msn.com/en-us/money/markets/is-advanced-micro-devices-amd-a-buy-analyst-insights-stock-outlook/ar-AA1R3fl1?ocid=finance-verthp-feeds,MSN,MSN,20251124T150544,,0.215588,Somewhat-Bullish,0.612978,0.235482,Somewhat-Bullish
NVDA,Salesforce vs. Oracle: Which Cloud Software Stock Has the Edge?,"This article compares Salesforce (CRM) and Oracle (ORCL), two major cloud software companies, to determine which offers a better investment opportunity. It analyzes their fundamentals, growth prospects, and market challenges, highlighting Oracle's stronger near-term growth due to its aggressive AI expansion and multi-billion dollar contracts, despite its increasing capital expenditures. Salesforce, while a leader in CRM and integrating AI, faces slower revenue growth attributed to macroeconomic headwinds.",https://www.tradingview.com/news/zacks:d24aac74d094b:0-salesforce-vs-oracle-which-cloud-software-stock-has-the-edge/,TradingView,TradingView,20251124T150553,https://s3.tradingview.com/news/image/zacks:d24aac74d094b-6d21ea1014a97732b3e7b1d1b5afae1e-resized.jpeg,0.127273,Neutral,0.625007,0.104993,Neutral
NVDA,GE HealthCare submits AI-powered photon CT system to FDA,"GE HealthCare announced the submission of its Photonova Spectra system, an AI-powered photon-counting computed tomography (PCCT) system, to the FDA for 510(k) clearance. This new system utilizes proprietary Deep Silicon detector technology to provide ultra-high-definition imaging with enhanced spectral and spatial resolution, aiming to improve disease detection, characterization, and monitoring. The company believes Photonova Spectra will redefine decision-making and care delivery by improving image quality and streamlining workflows in fast-paced healthcare environments.",https://www.massdevice.com/ge-healthcare-submits-ai-powered-photon-ct-fda/,MassDevice,MassDevice,20251124T150631,https://wtwh-marketing.s3.amazonaws.com/wp-content/uploads/massdevice/2025/11/24092006/GE-HealthCare-Photonova-Spectra-1-300x195.jpg,0.298397,Somewhat-Bullish,0.638494,0.201689,Somewhat-Bullish
NVDA,"Tesla (NASDAQ: TSLA) Bull, Base and Bear Price Prediction and Forecast","This article provides a bull, base, and bear price prediction and forecast for Tesla (NASDAQ: TSLA), analyzing its current stock performance, Q3 earnings, and future growth drivers like the Cybertruck, self-driving capabilities, and Optimus robot. It also considers challenges such as increased competition, insider selling, and negative public perception, offering various analyst price targets and outlining key factors influencing Tesla's stock trajectory.",https://247wallst.com/forecasts/2025/11/24/tesla-tsla-bull-base-bear-price-prediction-and-forecast/,24/7 Wall St.,24/7 Wall St.,20251124T150647,https://247wallst.com/wp-content/uploads/2022/03/imageForEntry13-EYQ.jpg,0.109251,Neutral,0.608767,0.131312,Neutral
NVDA,"The Zacks Analyst Blog Highlights NVIDIA, Advanced Micro Devices and Intel","This article from Zacks highlights NVIDIA, Advanced Micro Devices, and Intel, focusing on NVIDIA's outstanding Q3 fiscal 2026 performance. NVIDIA reported a 62% year-over-year revenue increase, driven by strong demand for its Blackwell chips and cloud services, positioning it as a strong buy. The article also touches on NVIDIA's dominance in AI hardware and significant shareholder returns, recommending the stock with a Zacks Rank #2 (Buy).",https://www.sharewise.com/de/news_articles/The_Zacks_Analyst_Blog_Highlights_NVIDIA_Advanced_Micro_Devices_and_Intel_Zacks_20251124_1543,www.sharewise.com,www.sharewise.com,20251124T154300,,0.186226,Somewhat-Bullish,1.000000,0.471942,Bullish
NVDA,"AMD Stock Today (November 24, 2025): AI Breakthrough, GPU Price Hike Buzz and Big Targets Push Shares Higher","AMD stock surged today due to a convergence of positive news, including Zyphra's successful training of its ZAYA1 AI model entirely on AMD GPUs, rumors of upcoming GPU price hikes, and bullish long-term growth targets presented at a recent Financial Analyst Day. Investors are reacting to strong Q3 2025 earnings and analyst consensus for significant upside, despite current valuation concerns.",https://ts2.tech/en/amd-stock-today-november-24-2025-ai-breakthrough-gpu-price-hike-buzz-and-big-targets-push-shares-higher/,ts2.tech,ts2.tech,20251124T162100,https://ts2.tech/wp-content/uploads/2025/11/amd-stock-today-november-24-2025-ai-breakthrough-gpu-price-hike-buzz-and-big-targets-push-shares-higher-featured-1.jpg,0.342318,Somewhat-Bullish,0.704510,0.303678,Somewhat-Bullish
NVDA,Why the Selloff in Micron Technology Stock Never Made Sense,"Micron Technology's stock experienced a significant selloff despite its strong market position in DRAM and NAND, particularly its pivot to high-bandwidth memory (HBM) critical for AI. The article argues this dip was an overreaction, as new UBS forecasts show exploding HBM demand benefiting Micron and its valuation remains attractive compared to the semiconductor industry average. This creates a compelling buying opportunity for investors seeking AI exposure.",https://247wallst.com/investing/2025/11/24/why-the-selloff-in-micron-technology-stock-never-made-sense/,24/7 Wall St.,24/7 Wall St.,20251124T162121,https://247wallst.com/wp-content/uploads/2018/09/chips_with_micron_logo.jpg,0.307342,Somewhat-Bullish,0.866537,0.258679,Somewhat-Bullish
NVDA,"INTC Stock Today (Nov. 24, 2025): Intel Hovers Around $34 as AI Packaging and Government Stake Shape Outlook","Intel (INTC) stock is trading around $34.50 on November 24, 2025, driven by fresh developments in AI packaging and significant government and strategic investments totaling $16 billion, including a 10% U.S. government stake. While the company's Q3 2025 earnings showed revenue growth and margin improvement, Wall Street analysts remain cautious due to high valuation multiples and ongoing skepticism about the profitability of its foundry strategy. The stock is seen as a high-expectation turnaround play with substantial execution risk.",https://ts2.tech/en/intc-stock-today-nov-24-2025-intel-hovers-around-34-as-ai-packaging-and-government-stake-shape-outlook/,ts2.tech,ts2.tech,20251124T162125,https://ts2.tech/wp-content/uploads/2025/11/intc-stock-today-nov-24-2025-intel-hovers-around-34-as-ai-packaging-and-government-stake-shape-outlook-featured.jpg,0.234105,Somewhat-Bullish,0.641778,0.304934,Somewhat-Bullish
NVDA,Taiwan shares end up but off highs before MSCI index adjustments,"Taiwanese shares closed slightly higher due to an early surge driven by hopes of a Fed rate cut, but gains were tempered by late-session selling, particularly in large-cap tech stocks, ahead of MSCI index adjustments. TSMC experienced a significant cut in its MSCI Taiwan Index weighting, leading to a dip in its stock, while some non-tech and smaller tech stocks saw increases. Foreign institutional investors were net sellers on the main board.",https://focustaiwan.tw/business/202511240015,Focus Taiwan,Focus Taiwan,20251124T163200,https://imgcdn.cna.com.tw/Eng/WebEngPhotos/800/2025/20251124/1152x768_045461192140.jpg,-0.145208,Neutral,0.811086,-0.245066,Somewhat-Bearish
NVDA,Apple shares hit new all-time closing high,"Apple Inc. (AAPL) shares reached a new all-time closing high of $276.15 on November 24, 2025, rising 1.63%. The company's market value stands at $4.095 trillion, making it the world's second-most valuable company. The article also lists the market values of other top U.S. publicly traded companies.",https://macdailynews.com/2025/11/24/apple-shares-hit-new-all-time-closing-high-30/,MacDailyNews,MacDailyNews,20251124T164100,https://i0.wp.com/macdailynews.com/wp-content/uploads/2025/10/251020_apple_logo.png?resize=640%2C360&ssl=1,0.435166,Bullish,0.741834,0.395330,Bullish
NVDA,"Broadcom (AVGO) Stock Soars Nearly 9% Today on AI Strength and 2026 Growth Hopes – November 24, 2025","Broadcom (AVGO) stock rose nearly 9% on November 24, 2025, driven by renewed AI optimism, strong Q3 FY 2025 earnings showing significant AI semiconductor growth, and bullish analyst commentary forecasting increased hyperscaler capital expenditure in 2026. The company also announced new quantum-safe SAN switches and Wi-Fi 8 collaborations, reinforcing its position in high-performance connectivity and AI-ready infrastructure. Despite elevated valuation multiples, institutional buying and a raised price target from HSBC suggest confidence in Broadcom's long-term AI-driven growth, though regulatory risks in Europe regarding the VMware acquisition remain.",https://ts2.tech/en/broadcom-avgo-stock-soars-nearly-9-today-on-ai-strength-and-2026-growth-hopes-november-24-2025/,ts2.tech,ts2.tech,20251124T170550,https://ts2.tech/wp-content/uploads/2025/11/broadcom-avgo-stock-soars-nearly-9-today-on-ai-strength-and-2026-growth-hopes-november-24-2025-featured.jpg,0.597002,Bullish,0.607099,0.305402,Somewhat-Bullish
NVDA,Alphabet (GOOG) Stock Soars Above $315 as AI Wave Pushes Valuation Toward $4 Trillion – 24 November 2025,"Alphabet's Class C shares (GOOG) surged above $315, pushing its market valuation towards $4 trillion, driven by strong Q3 2025 earnings, renewed confidence in its AI leadership with Gemini 3, and significant growth in Google Cloud. The stock's rally of 70-75% over the past year reflects growing investor enthusiasm, although analysts note rich valuations and ongoing antitrust risks. The company's vertically integrated AI strategy, including custom chips and a new NATO cloud deal, further bolsters its position.",https://ts2.tech/en/alphabet-goog-stock-soars-above-315-as-ai-wave-pushes-valuation-toward-4-trillion-24-november-2025/,ts2.tech,ts2.tech,20251124T170626,https://ts2.tech/wp-content/uploads/2025/11/alphabet-goog-stock-soars-above-315-as-ai-wave-pushes-valuation-toward-4-trillion-24-november-2025-featured-2.jpg,0.375683,Bullish,0.611668,0.314227,Somewhat-Bullish
NVDA,Chaince Digital and ZJK Industrial Announce $200 Million Strategic Partnership to Establish U.S. Precision Components Gigafactory Serving AI and Semiconductor Industries,"Chaince Digital and ZJK Industrial have formed a non-binding strategic partnership to invest up to $200 million in establishing a precision components R&D and manufacturing gigafactory in the United States. This facility will produce high-value components for the AI, semiconductor, new energy vehicle, and other advanced technology industries, aiming to strengthen U.S. manufacturing capabilities. Additionally, Chaince Securities will serve as ZJK's capital markets strategic advisor for five years.",https://finance.yahoo.com/news/chaince-digital-zjk-industrial-announce-140000079.html,Yahoo Finance,Yahoo Finance,20251124T171032,https://s.yimg.com/lo/mysterio/api/F7F4BA8D1922A3DF29569E8A614111961B36EFD15BCADBE44DD28B20C6055086/subgraphmysterio/resizefill_w224_h48;quality_100;format_webp/https:%2F%2Fs.yimg.com%2Fos%2Fcreatr-uploaded-images%2F2025-08%2Fb2b7bbc0-8385-11f0-977e-d9d7d4cd04d2,0.333946,Somewhat-Bullish,0.617730,0.259307,Somewhat-Bullish
NVDA,Intel denies claims that its new hire gave it TSMC's 2 nm IP secrets,"Intel's Lip-Bu Tan has dismissed claims that a new hire brought TSMC's 2 nm IP secrets to the company, labeling them as ""rumor and speculation."" This comes after TSMC reportedly launched an investigation into ex-employee Lo Wen-jen, who moved to Intel after retiring from TSMC. The situation highlights the intense competition in the chip manufacturing industry and concerns among Taiwanese officials about protecting their technological advantage.",https://www.pcgamer.com/hardware/processors/its-rumor-and-speculation-theres-nothing-to-it-intels-lip-bu-tan-dismisses-worries-that-the-companys-new-hire-gave-it-tsmcs-2-nm-ip-secrets/,PC Gamer,PC Gamer,20251124T173628,https://cdn.mos.cms.futurecdn.net/gywvJokCYFrGaCdJJFwopR.png,0.058895,Neutral,0.627071,0.026090,Neutral
NVDA,Ecolab Announces Integrated CaaS Cooling Program for Data Centers,"Ecolab Inc. has launched an integrated Cooling as a Service (CaaS) program specifically designed for data centers. This new program aims to optimize cooling performance by bringing together a suite of management solutions under one service offering. The announcement was made from St. Paul, Minnesota.",https://insidehpc.com/tag/ecolab/,insideHPC,insideHPC,20251124T173629,,0.330767,Somewhat-Bullish,0.642153,0.221150,Somewhat-Bullish
NVDA,Nvidia Shares Drop on Report of Google Challenge in AI Chips,"Nvidia's stock dropped following a report that Meta Platforms is in talks to acquire AI chips from Google, indicating a growing challenge to Nvidia's dominance in the AI accelerator market. Meta's potential deal with Google for its tensor processing units (TPUs) suggests an increasing desire among tech giants to diversify their AI chip suppliers and reduce reliance on Nvidia. An agreement would significantly boost Google's position as an alternative AI chip provider, building on a previous deal with Anthropic PBC.",https://finance.yahoo.com/news/nvidia-shares-dip-google-appears-014603931.html,Yahoo Finance,Yahoo Finance,20251124T174600,https://s.yimg.com/ny/api/res/1.2/NKZLdgjcvEw1r3CdaUP6vA--/YXBwaWQ9aGlnaGxhbmRlcjt3PTIzMDtoPTQ4O2NmPXdlYnA-/https://s.yimg.com/os/creatr-uploaded-images/2024-12/f47ae180-c22f-11ef-bb6b-8c68a34cf959,0.080926,Neutral,1.000000,-0.380453,Bearish
NVDA,Snowflake (NYSE: SNOW) Price Prediction and Forecast 2025-2030 (December 2025),"Snowflake (NYSE: SNOW) shows strong potential for growth through 2030, driven by its consistently positive earnings, explosive revenue growth, strategic collaboration with NVIDIA, and a loyal customer base. Despite short-term stock fluctuations, the company is well-positioned in the rapidly expanding cloud computing market, with analysts projecting significant upside.",https://247wallst.com/forecasts/2025/11/23/snowflake-snow-price-prediction-and-forecast-2025-2030/,24/7 Wall St.,24/7 Wall St.,20251124T180859,https://247wallst.com/wp-content/uploads/2025/03/snow.jpg,0.368167,Bullish,0.602824,0.309929,Somewhat-Bullish
NVDA,Why Tesla Stock Jumped 6.8% Today,"Tesla's stock surged by 6.8% following Elon Musk's statements on X about the company's advanced AI chip development and deployment in vehicles and data centers. Musk claimed Tesla would release a new AI chip every 12 months, mirroring Nvidia, to support its self-driving and humanoid robot ambitions. Despite this, the article suggests Tesla's stock remains overvalued based on its current financial performance as a carmaker rather than an AI company.",https://www.fool.com/investing/2025/11/24/why-tesla-stock-jumped-68-today/,The Motley Fool,The Motley Fool,20251124T180900,https://g.foolcdn.com/image/?url=https%3A%2F%2F%2Fg.foolcdn.com%2Feditorial%2Fimages%2F844421%2F4-teslas-in-a-line-at-a-charging-station.png&w=3840&op=resize,0.28444,Somewhat-Bullish,0.632166,0.115080,Neutral
NVDA,Broadcom is joining Alphabet in the AI rally. Why investors are jumping in,"Broadcom's stock surged over 11% on Monday, making it the S&P 500's top performer, driven by its critical role in Google's AI infrastructure. Broadcom designs and manufactures Google's Tensor Processing Units (TPUs), crucial for the tech giant's AI initiatives, leading analysts to raise their price targets for the chipmaker. Investors are increasingly viewing Broadcom as a key beneficiary of the growing AI market, alongside Alphabet, due to their long-standing partnership in custom ASIC development.",https://www.cnbc.com/2025/11/24/broadcom-is-joining-alphabet-in-the-ai-rally-why-investors-are-jumping-in.html,CNBC,CNBC,20251124T183400,https://image.cnbcfm.com/api/v1/image/107431091-1718972676593-IMG_2075.jpg?v=1718972714&w=60&h=60&ffmt=webp,0.386338,Bullish,0.633435,0.102361,Neutral
NVDA,Why Super Micro (SMCI) Stock Is Trading Up Today,"Super Micro (SMCI) stock jumped 2.8% due to renewed enthusiasm for Alphabet's upgraded Gemini 3 AI model, which spurred a market rebound and optimism in the broader tech sector. This came despite macroeconomic anxieties from a strong jobs report that reduced the likelihood of a December interest rate cut, contrasting a previous drop in SMCI's stock. The article highlights SMCI's volatility and its year-to-date performance, which shows a significant return for long-term investors despite trading below its 52-week high.",https://finviz.com/news/238022/why-super-micro-smci-stock-is-trading-up-today,Finviz,Finviz,20251124T185100,https://news-assets.stockstory.org/cover-images/_1400x700_crop_center-center_none/super-micro-computer-cover-image-85aa53ec650b_2024-10-16-174152_fxna.jpeg,0.137814,Neutral,0.646018,-0.311472,Somewhat-Bearish
NVDA,"GE HealthCare’s Photonova™ Spectra with Deep Silicon reimagines photon-counting CT to see more, know more and achieve more","GE HealthCare has announced the submission of its Photonova™ Spectra, a new photon-counting computed tomography (PCCT) system with Deep Silicon detector technology, for U.S. FDA clearance. This system aims to significantly advance medical imaging by providing enhanced spectral and spatial resolution, fast acquisition speeds, and detailed material separation across various medical specialties. Designed for impact across neurology, oncology, musculoskeletal, thoracic, and cardiac imaging, Photonova Spectra leverages AI algorithms and Deep Silicon to offer unprecedented clarity, precision, and efficiency for clinicians.",https://www.businesswire.com/news/home/20251124194716/en/GE-HealthCares-Photonova-Spectra-with-Deep-Silicon-reimagines-photon-counting-CT-to-see-more-know-more-and-achieve-more,Business Wire,Business Wire,20251124T194716,https://mms.businesswire.com/media/20251124194716/en/2652802/4/Photonova_Spectra.jpg?download=1,0.503273,Bullish,0.645249,0.335991,Somewhat-Bullish
NVDA,Tempus AI CEO Lefkofsky sells shares worth $12.6m,"Tempus AI CEO Eric P. Lefkofsky sold Class A Common Stock worth $12.57 million in multiple transactions on November 18 and November 20, 2025. Following these sales, Lefkofsky directly and indirectly holds millions of shares through various entities. The company recently reported strong Q3 2025 earnings and announced a new research study.",https://www.investing.com/news/insider-trading-news/tempus-ai-ceo-lefkofsky-sells-shares-worth-126m-93CH-4371941,Investing.com,Investing.com,20251124T200933,https://i-invdn-com.investing.com/news/news_six_pile_69x52._800x533_L_1419494215.jpg,-0.082065,Neutral,0.557271,-0.119905,Neutral
NVDA,ADGM Stock Institutional Owners,"This article details the institutional ownership and other financial data for Adagio Medical Holdings, Inc. (ADGM). It provides insights into institutional holdings, insider trading activity, patent grants, and analyst ratings, along with backtested strategy performance metrics. The company specializes in catheter ablation technologies for cardiac arrhythmias.",https://www.quiverquant.com/stock/ADGM/institutions/,Quiver Quantitative,Quiver Quantitative,20251124T201017,NULL,0.001906,Neutral,0.634573,0.006310,Neutral
NVDA,"Elon Musk Says Tesla Will Build More AI Chips Than Everyone Else Combined, Unveils Major Hiring Drive: 'I'm Not Kidding'","Elon Musk announced that Tesla plans to produce more AI chips than all other companies combined and is launching a significant hiring drive for engineers in AI and semiconductor design. The company is currently on its fourth generation of AI chips and aims for a new design annually, despite an anticipated delay for the AI5 chip until mid-2027. Tesla is also recruiting ""exceptional ability"" professionals to apply cutting-edge AI to chip design, with future chips expected to revolutionize autonomous driving and products like the Optimus robot.",https://finance.yahoo.com/news/elon-musk-says-tesla-build-043053680.html,Yahoo Finance,Yahoo Finance,20251124T203000,,0.312527,Somewhat-Bullish,0.586323,0.211060,Somewhat-Bullish
NVDA,Google Alphabet stock price today: Alphabet shares surges 6% as Google roars back in AI — is Nvidia’s reign under serious threat? Here’s the key reason - The Economic Times,"Alphabet shares surged nearly 6% following the launch of Google's Gemini 3 AI model, which analysts believe outperforms rivals and utilizes Google's custom AI chips. This development is raising questions about Nvidia's dominance in the AI computing market, even as Nvidia saw a slight dip in its stock. Alphabet has also reported strong financial performance, with a 70% annual gain, increased profit, and significant growth in Google Cloud revenue and Gemini usage.",https://m.economictimes.com/news/international/us/google-alphabet-stock-price-today-alphabet-shares-surges-6-as-google-roars-back-in-ai-is-nvidias-reign-under-serious-threat-heres-the-key-reason/articleshow/125544464.cms,The Economic Times,The Economic Times,20251124T211500,"https://img.etimg.com/thumb/msid-125544585,width-300,height-225,imgsize-18018,resizemode-75/google-alphabet-stock-price-today-alphabet-shares-surges-6-as-google-roars-back-in-ai-is-nvidias-reign-under-serious-threat-heres-the-key-reason.jpg",0.445629,Bullish,0.840342,-0.337729,Somewhat-Bearish
NVDA,Feeling Brand VOO: A New Inflows Record for ETF,"The Vanguard S&P 500 ETF (VOO) set a new inflows record in 2025, surpassing $120.5 billion despite market volatility and geopolitical tensions. Its success is attributed to its exposure to the ""Magnificent Seven"" stocks, particularly Nvidia, and its cost-effective, flexible structure compared to competitors like SPY. This achievement highlights VOO's popularity for US equity exposure and the broader growth of the ETF industry.",https://www.etftrends.com/fixed-income-content-hub/feeling-brand-voo-a-new-inflows-record-for-etf/,ETF Trends,ETF Trends,20251124T215222,https://www.etftrends.com/wp-content/uploads/2025/09/Fixed_Income_Vanguard_masthead_overlay_1600x121@2x.png,0.327732,Somewhat-Bullish,0.641791,0.310964,Somewhat-Bullish
NVDA,"Alphabet Closes In On $4 Trillion Market Cap After Surpassing Microsoft As Rumors Swirl Of Meta, Other Hyperscalers Turning To Google TPUs","Alphabet is nearing a $4 trillion market cap after its stock surged, surpassing Microsoft due to rumors that major hyperscalers, including Meta Platforms, are considering using Google's Tensor Processing Units (TPUs) for AI workloads. This potential expansion of TPU sales could significantly boost Alphabet's revenue, reportedly targeting 10% of Nvidia's annual revenue, and has led to a highly bullish sentiment among investors.",https://stocktwits.com/news-articles/markets/equity/alphabet-closes-in-on-4-trillion-market-cap-on-rumors-meta-turning-to-google-tp-us/cL52Rp0REXb,Stocktwits,Stocktwits,20251124T222400,https://news.stocktwits-cdn.com/large_Google_jpg_775c6a8e1f.webp,0.380858,Bullish,0.844119,0.101993,Neutral
NVDA,3 Big Reasons to Love ADP (ADP),"This article highlights three key reasons to consider ADP as a strong investment, despite a recent stock price dip. It focuses on the company's consistent long-term revenue growth, excellent free cash flow margin, and improving return on invested capital (ROIC), suggesting these factors indicate a robust business with expanding competitive advantages. The author encourages further research into ADP's potential as a buy following its pullback.",https://finviz.com/news/238135/3-big-reasons-to-love-adp-adp,Finviz,Finviz,20251124T230100,https://news-assets.stockstory.org/cover-images/_1400x700_crop_center-center_none/adp-cover-image-b48a566e5f77_2025-03-11-214119_uovr.jpeg,0.36347,Bullish,0.622760,0.331863,Somewhat-Bullish
NVDA,Equity markets to broaden despite continued AI resilience,"Equity markets are expected to broaden in 2026, moving beyond the current AI-centric leadership to include broader participation from non-tech sectors and various regions. While AI's transformative impact continues, investment in ""physical AI"" infrastructure and fiscal stimulus in the U.S. and Europe are creating new opportunities. Japan, emerging markets, and specific sectors like aerospace and defense are also highlighted for their potential growth and attractive valuations, suggesting a more globally distributed opportunity set for investors.",https://www.troweprice.com/en/ca/institutional/insights/equity-markets-broaden-despite-continued-ai-resilience,T. Rowe Price,T. Rowe Price,20251125T013630,https://www.troweprice.com/content/dam/trp-ecl/global/en/ipc/assets/enterprise/2025/q4/global-market-outlook/Equity-markets-to-broaden-despite-continued-AI-reslience.png,0.28542,Somewhat-Bullish,0.611973,0.322996,Somewhat-Bullish
NVDA,'Big Short' Michael Burry Doubles Down On Bear Case After Nvidia Pushes Back In Wall Street Note,"Michael Burry, known for ""The Big Short,"" is maintaining his bearish stance on Nvidia (NASDAQ: NVDA) despite the company's efforts to refute his claims in a private memo to Wall Street analysts. Burry plans to release a detailed breakdown of his thesis on his new Substack series, while other analysts like Ming-Chi Kuo defend Nvidia's financial practices. The dispute highlights a growing debate over Nvidia's valuation and accounting.",https://www.benzinga.com/markets/equities/25/11/49049747/big-short-michael-burry-doubles-down-on-bear-case-after-nvidia-pushes-back-in-wall-street-note,Benzinga,Benzinga,20251125T021300,https://cdn.benzinga.com/files/images/story/2025/07/24/article-header-background-image.png?quality=85&auto=webp&width=1300,-0.312252,Somewhat-Bearish,1.000000,-0.308067,Somewhat-Bearish
NVDA,Hannon Armstrong stock hits 52-week high at 34.31 USD,"Hannon Armstrong Sustainable Infrastructure Capital Inc. (HASI) stock reached a 52-week high of $34.31, reflecting strong investor confidence with a 1-year return of 17.36% and a 36.72% gain over six months. The company maintains a healthy 5.01% dividend yield and consistent payments for 13 years, despite anticipated revenue decline. Recent financial maneuvers include a $500 million issuance of Green Junior Subordinated Notes, and analysts Jefferies and Oppenheimer have raised their price targets for the stock.",https://www.investing.com/news/company-news/hannon-armstrong-stock-hits-52week-high-at-3431-usd-93CH-4380267,Investing.com,Investing.com,20251125T040915,https://i-invdn-com.investing.com/news/World_News_10_800x533_L_1420026292.jpg,0.457766,Bullish,0.585184,0.347958,Somewhat-Bullish
NVDA,"Freedom Holding Corp.: BlackRock, Morgan Stanley, and J.P. Morgan Intensify Investments","BlackRock, Morgan Stanley, and J.P. Morgan significantly increased their investments in Freedom Holding Corp. (NASDAQ: FRHC) in the third quarter of 2025, signaling strong institutional confidence despite global market uncertainty. This intensified interest is driven by Freedom Holding's robust business model, strong financial results, continuous investments in technology and infrastructure, and its diversified digital ecosystem spanning finance, communications, and AI. Founder and CEO Timur Turlov emphasizes the company's long-term potential and strategic focus on building future-shaping infrastructure and social responsibility.",https://www.rockawave.com/articles/freedom-holding-corp-blackrock-morgan-stanley-and-j-p-morgan-intensify-investments/,rockawave.com,rockawave.com,20251125T041158,https://www.rockawave.com/wp-content/uploads/2025/11/IMG_6365-1024x555.jpg,0.509096,Bullish,0.553625,0.488843,Bullish
NVDA,The QQQ ETF Points to What’s Next for Stocks… And You Probably Won’t Like the Answer,"This article analyzes the Invesco Nasdaq 100 ETF (QQQ) and its implications for the broader stock market, particularly in contrast to the S&P 500 Equal Weight ETF (RSP). The author suggests that despite initial rallies driven by companies like Nvidia, current technical indicators for QQQ point to a potential downward reversal. The piece highlights a growing disparity between the performance of heavily weighted tech stocks in QQQ and the rest of the market.",https://www.inkl.com/news/the-qqq-etf-points-to-what-s-next-for-stocks-and-you-probably-won-t-like-the-answer,inkl,inkl,20251125T043719,https://media.barchart.com/contributors-admin/common-images/images/Stocks%2C%20Markets%2C%20%26%20Global%20Economy/Charts%2C%20tickers%2C%20traders/Candle%20stick%20graph%20c  hart%20with%20indicator%20by%20Vintage%20Tone%20via%20Shutterstock.jpg,-0.101227,Neutral,0.817834,0.144585,Neutral
NVDA,"Dan Ives Predicts 'Magical 2026' For Tesla And Nvidia, Says Bears Are Still Watching From 'The Window'","Dan Ives, Wedbush Securities Global Head of Tech Research, maintains a strong bullish outlook for the U.S. technology sector, predicting a ""magical 2026"" for Tesla and highlighting Nvidia's continued leadership in the AI revolution. He dismisses skeptics, viewing market pullbacks as buying opportunities for leading AI companies like Tesla and Nvidia, which he considers the best ""physical AI plays."" Ives believes the tech bull run is far from over, with the AI ""party"" just beginning and expecting the Nasdaq to reach 25,000 to 30,000 within the next two years.",https://www.sahmcapital.com/news/content/dan-ives-predicts-magical-2026-for-tesla-and-nvidia-says-bears-are-still-watching-from-the-window-2025-12-11,Sahm,Sahm,20251125T060852,NULL,0.363253,Bullish,0.907057,0.434031,Bullish
NVDA,Genprex files prospectus supplement for up to $75 million at-the-market offering,"Genprex, Inc. (NASDAQ:GNPX) has filed a prospectus supplement for an at-the-market (ATM) offering to sell up to $75 million in additional common stock through H.C. Wainwright & Co., LLC. The company has already sold 796,065 shares under this agreement for gross proceeds of over $14.7 million. This offering supports recent developments in their cancer therapies, including new patent grants and a registered direct offering.",https://www.investing.com/news/sec-filings/genprex-files-prospectus-supplement-for-up-to-75-million-atthemarket-offering-93CH-4373833,Investing.com,Investing.com,20251125T060939,https://i-invdn-com.investing.com/news/news_six_pile_69x52._800x533_L_1419494215.jpg,0.023631,Neutral,0.558393,0.135786,Neutral
NVDA,Amazon CTO Werner Vogels just released his 2026 tech predictions,"Amazon CTO Werner Vogels has released his 2026 tech predictions, highlighting optimism for personalized learning and the rise of ""renaissance developers."" His predictions also cover companion robots, quantum-safe technology, defense technology advancements, and the evolving role of a CTO. The article also touches on other significant news including Google challenging Nvidia's AI chips, U.S.-Russia meetings, and the latest market updates.",https://fortune.com/2025/11/25/amazon-cto-werner-vogels-2026-tech-predictions-personalized-learning-renaissance-developers/,Fortune,Fortune,20251125T061300,https://fortune.com/img-assets/wp-content/uploads/2025/11/GettyImages-2148001556-e1764065507972.jpg?format=webp&w=1440&q=75,0.069249,Neutral,0.642601,-0.206101,Somewhat-Bearish
NVDA,Why Nvidia Stock Could Reach a $20 Trillion Market Cap by 2030,"This article argues that Nvidia (NVDA) could realistically achieve a $20 trillion market capitalization by 2030, driven by its aggressive product roadmap, impenetrable CUDA software ecosystem, and dominance in AI systems. The author highlights Nvidia's data center segment needing to grow at a 36% CAGR and discusses the company's significant revenue visibility from its Blackwell and Rubin GPUs, along with accelerating Big Tech capex in AI infrastructure. The analysis is supported by historical forecasts from the author regarding Nvidia's growth and market position.",https://beth-kindig.medium.com/why-nvidia-stock-could-reach-a-20-trillion-market-cap-by-2030-d4d29a7cd270,Beth Kindig – Medium,Beth Kindig – Medium,20251125T062216,,0.506534,Bullish,1.000000,0.858918,Bullish
NVDA,Fund manager who ‘pounded the table’ to own Nvidia in 2017 now likes these AI stocks,"Tony Wang, a fund manager at T. Rowe Price who strongly advocated for investing in Nvidia in 2017, believes the AI emerging tech story is enduring. He sees recent stock pullbacks as opportunities for long-term investors and seeks out ""S-curve"" sweet spots in the market.",https://www.marketwatch.com/story/fund-manager-who-pounded-the-table-to-own-nvidia-in-2017-now-likes-these-ai-stocks-24840810?gaa_at=eafs&gaa_n=AWEtsqetxnJ72KRc6aqbIV396qHZPVR_yi1ufwHg48ezd3lhWAkB2kuvqWvZ&gaa_ts=6925a270&gaa_sig=7ydSIKfHmeQcqFbvfiuesHviQ4G-dHEUYuqLUWjsc1Mqg6a1ZqOjielpsz7pb16bctWy5-_q5zAvC2XoYe-KLg%3D%3D,MarketWatch,MarketWatch,20251125T065700,https://images.mktw.net/im-30266893?width=1260&height=840,0.403734,Bullish,0.879619,0.424220,Bullish
NVDA,Best Buy's (NYSE:BBY) Q3 CY2025: Beats On Revenue,"Best Buy (NYSE:BBY) reported strong Q3 CY2025 results, beating Wall Street's revenue expectations with sales up 2.4% year-on-year to $9.67 billion and adjusted EPS of $1.40. The company also slightly lifted its full-year revenue and adjusted EPS guidance. Despite a weak demand trend over the past three years, Best Buy showed a positive turnaround in same-store sales this quarter, leading to a 2.4% stock increase post-announcement.",https://finviz.com/news/238323/best-buys-nyse-bby-q3-cy2025-beats-on-revenue,Finviz,Finviz,20251125T070900,https://news-assets.stockstory.org/cover-images/_1400x700_crop_center-center_none/best-buy-co-cover-image-8742cbf4f18c_2023-07-31-115902_smil.jpeg,0.249444,Somewhat-Bullish,0.600544,0.187337,Somewhat-Bullish
NVDA,"Semtech Posts Mixed Q3 Results, Joins Zhihu, Nvidia And Other Big Stocks Moving Lower In Tuesday's Pre-Market Session","Semtech Corp reported mixed Q3 results for fiscal year 2026, with revenue missing estimates but adjusted earnings beating expectations. Following these results, Semtech shares fell in pre-market trading, alongside other major tech companies like Zhihu, Nvidia, Arcus Biosciences, Nanobiotix SA, Coursera, Jefferson Capital, Coherent, and Advanced Micro Devices. U.S. stock futures were generally lower in Tuesday's pre-market session.",https://www.benzinga.com/trading-ideas/movers/25/11/49053674/semtech-posts-mixed-q3-results-joins-zhihu-nvidia-and-other-big-stocks-moving-lower-in-tuesdays-pre-market-session,Benzinga,Benzinga,20251125T080100,https://cdn.benzinga.com/files/images/story/2025/07/24/article-header-background-image.png?quality=85&auto=webp&width=1300,-0.227486,Somewhat-Bearish,0.826165,-0.248376,Somewhat-Bearish
NVDA,"Keysight Technologies, Inc. (NYSE:KEYS) Q4 2025 Earnings Call Transcript","Keysight Technologies (NYSE:KEYS) reported strong Q4 2025 results, exceeding guidance with 14% order growth, 10% revenue increase, and 16% EPS rise. The company highlighted significant demand driven by AI, 6G, and defense modernization, along with strategic acquisitions and a new $1.5 billion share repurchase program. Management provided an optimistic outlook for fiscal year 2026, forecasting continued revenue and EPS growth despite some initial acquisition-related dilution.",https://www.insidermonkey.com/blog/keysight-technologies-inc-nysekeys-q4-2025-earnings-call-transcript-1650602/,Insider Monkey,Insider Monkey,20251125T080200,https://imonkey-blog.imgix.net/blog/wp-content/uploads/2023/09/28145546/KEYS-insidermonkey-1695927344090.jpg?auto=format&fit=clip&expires=1795564800&width=480&height=269,0.355978,Bullish,0.586754,0.315701,Somewhat-Bullish
NVDA,"RBC Capital Bullish on Uber Technologies (UBER), Cites AV Tech Development","RBC Capital has reaffirmed its ""Outperform"" rating on Uber Technologies (NYSE: UBER) and raised its price target to $110 from $100, citing strong Q3 2025 earnings and promising developments in autonomous vehicle (AV) technology. Uber reported a 22% increase in Total Trips and achieved $13.47 billion in revenue, beating Wall Street estimates. The company is actively investing in AVs, local commerce, and GenAI solutions, including a partnership with NVIDIA for AV reference architecture.",https://www.insidermonkey.com/blog/rbc-capital-bullish-on-uber-technologies-uber-cites-av-tech-development-1650147/,Insider Monkey,Insider Monkey,20251125T080700,https://imonkey-blog.imgix.net/blog/wp-content/uploads/2023/09/19154450/UBER-insidermonkey-1695152688267.jpg?auto=format&fit=clip&expires=1795564800&width=480&height=269,0.398162,Bullish,0.600425,0.329841,Somewhat-Bullish
NVDA,"IREN Stock Today, November 25, 2025: Iris Energy Slips as Traders Digest Microsoft AI Mega-Deal","Iris Energy (NASDAQ: IREN) experienced a pullback on November 25, 2025, after a significant rally earlier in the week, with the stock trading roughly 7-8% lower. This volatility comes as the former bitcoin miner transforms into an AI data center and cloud infrastructure provider, driven by a $9.7 billion AI cloud contract with Microsoft and strong Q1 FY26 earnings. The company faces high execution and financing risks despite the massive growth potential in its strategic pivot to AI.",https://ts2.tech/en/iren-stock-today-november-25-2025-iris-energy-slips-as-traders-digest-microsoft-ai-mega-deal/,ts2.tech,ts2.tech,20251125T080914,https://ts2.tech/wp-content/uploads/2025/11/iren-stock-today-november-25-2025-iris-energy-slips-as-traders-digest-microsoft-ai-mega-deal-featured-2.jpg,0.186769,Somewhat-Bullish,0.621483,0.332571,Somewhat-Bullish
NVDA,"Microsoft, NVIDIA, Anthropic Announce Major AI Partnership; Meta Commits $5B Investment, Claude Model Scaling on Azure","Microsoft, NVIDIA, and Anthropic have announced a major AI partnership focused on scaling Anthropic's Claude AI model. This collaboration involves Anthropic adopting NVIDIA architecture, Microsoft and NVIDIA investing in Anthropic, and Claude scaling on Microsoft Azure. Microsoft has committed up to $5 billion in Anthropic and will make Claude models available to Microsoft Foundry customers and across its Copilot family.",https://finviz.com/news/238443/microsoft-nvidia-anthropic-announce-major-ai-partnership-meta-commits-5b-investment-claude-model-scaling-on-azure,Finviz,Finviz,20251125T082700,https://d2gr5kl7dt2z3t.cloudfront.net/blog/wp-content/uploads/2023/09/19152304/MSFT-insidermonkey-1695151382226.jpg,0.370321,Bullish,0.843492,0.426079,Bullish
NVDA,"Here are Tuesday's biggest analyst calls: Nvidia, Apple, Tesla, Microsoft, Oracle, Live Nation, Coinbase & more","This article details significant analyst calls made on Tuesday by various investment firms for major companies like Nvidia, Apple, Tesla, Microsoft, and Oracle. Analysts reiterated, upgraded, or initiated coverage on several stocks, providing their outlooks and price targets based on company performance, market conditions, and future growth prospects. Key themes include optimism around AI, recovery in certain sectors, and concerns over declining crypto trading volumes.",https://www.cnbc.com/2025/11/25/biggest-stocks-from-analyst-calls-tuesday-include-nvidia-oracle-apple.html,CNBC,CNBC,20251125T083800,https://image.cnbcfm.com/api/v1/image/108191238-17562967732025-08-27t115414z_639445813_rc2nfgaaamj8_rtrmadp_0_nvidia-results-china.jpeg?v=1757605494&w=600&h=300&vtcrop=y,0.349601,Somewhat-Bullish,0.911274,0.480624,Bullish
NVDA,Ferguson Shapiro LLC Makes New Investment in NVIDIA Corporation $NVDA,"Ferguson Shapiro LLC initiated a new position in NVIDIA (NASDAQ:NVDA) during Q2, acquiring 1,744 shares valued at $275,000. This investment comes amidst largely positive analyst sentiment and strong quarterly earnings, despite recent insider selling totaling approximately $583 million. Other institutional investors like Fielder Capital Group LLC, MADDEN SECURITIES Corp, and ORG Wealth Partners LLC also increased their holdings in NVIDIA.",https://www.marketbeat.com/instant-alerts/filing-ferguson-shapiro-llc-makes-new-investment-in-nvidia-corporation-nvda-2025-11-25/,MarketBeat,MarketBeat,20251125T084955,https://www.marketbeat.com/logos/nvidia-co-logo-1200x675.jpg?v=20221020142916,0.261615,Somewhat-Bullish,1.000000,0.483307,Bullish
NVDA,Philip Morris: Buy This Tobacco Powerhouse While It’s Reasonably Priced (NYSE:PM),"Philip Morris International (PM) is presented as a strong buy due to its robust smoke-free portfolio growth, resilient combustibles business, and strong Q3 2025 results, which show double-digit growth in key products and record adjusted EPS. Despite trading above its historical P/E, its earnings acceleration, dividend growth, and high profitability justify a 'Buy' rating for income and growth investors. The company's strong balance sheet, market leadership, and growth catalysts position it as a solid investment.",https://seekingalpha.com/article/4847444-philip-morris-buy-this-tobacco-powerhouse-while-its-reasonably-priced,Seeking Alpha,Seeking Alpha,20251125T085300,https://static.seekingalpha.com/cdn/s3/uploads/getty_images/1126636461/image_1126636461.jpg?io=getty-c-w630,0.294315,Somewhat-Bullish,0.633266,0.144096,Neutral
NVDA,"First Business Financial Services Inc. Sells 1,562 Shares of Apple Inc. $AAPL","First Business Financial Services Inc. reduced its stake in Apple Inc. by 2.6% in the second quarter, selling 1,562 shares, leaving it with 59,631 shares valued at $12.234 million. Despite this sale, Apple remains the firm's 12th largest position, accounting for 1.1% of its holdings. The iPhone maker reported strong Q2 earnings, exceeding analyst expectations with $1.85 EPS and $102.47 billion in revenue, with the stock trading near its 52-week high with a market cap of approximately $4.08 trillion.",https://www.marketbeat.com/instant-alerts/filing-first-business-financial-services-inc-sells-1562-shares-of-apple-inc-aapl-2025-11-25/,MarketBeat,MarketBeat,20251125T085424,https://www.marketbeat.com/logos/apple-inc-logo-1200x675.png,0.069887,Neutral,0.643760,-0.340379,Somewhat-Bearish
NVDA,Western Digital Corporation $WDC Shares Sold by Ensign Peak Advisors Inc,"Ensign Peak Advisors Inc. reduced its stake in Western Digital Corporation (NASDAQ:WDC) by 11.3% in the second quarter, selling over 14,000 shares. Insider selling also occurred, with CEO Irving Tan selling 20,000 shares valued at approximately $3.01 million. Despite this, analysts maintain a ""Moderate Buy"" rating for WDC with an average price target of $162.16, and the company recently increased its quarterly dividend.",https://www.marketbeat.com/instant-alerts/filing-western-digital-corporation-wdc-shares-sold-by-ensign-peak-advisors-inc-2025-11-25/,MarketBeat,MarketBeat,20251125T090211,https://www.marketbeat.com/logos/western-digital-co-logo-1200x675.png?v=20240118080831,0.165622,Somewhat-Bullish,0.617723,0.106284,Neutral
NVDA,"Ensign Peak Advisors Inc Lowers Stock Holdings in Comfort Systems USA, Inc. $FIX","Ensign Peak Advisors Inc significantly reduced its stake in Comfort Systems USA (NYSE:FIX) by 33.0% in Q2, selling 5,597 shares and retaining 11,354 shares valued at $6.09 million. Despite this reduction, other institutional investors like Artisan Partners, Neumeier Poma Investment Counsel, Forge First Asset Management, Sierra Legacy Group, and Renaissance Group increased their holdings, leading to 96.51% institutional ownership. Comfort Systems USA demonstrates strong fundamentals, including a market cap of $33.37 billion, a P/E ratio of 40.05, and increased quarterly dividends to $0.60 per share, while recent insider sales amounted to approximately $14.49 million.",https://www.marketbeat.com/instant-alerts/filing-ensign-peak-advisors-inc-lowers-stock-holdings-in-comfort-systems-usa-inc-fix-2025-11-25/,MarketBeat,MarketBeat,20251125T092159,,0.160839,Somewhat-Bullish,0.649706,0.116634,Neutral
NVDA,Alphabet: Next Best Bet Outside Of Nvidia? (NASDAQ:GOOGL),"Alphabet has transitioned from a lagging Mag7 stock to a leader, largely due to its Google TPUs, which are providing a competitive advantage for Google Cloud and driving returns on AI CapEx. The upcoming Gemini 3 is expected to further boost Google Cloud and AI-related search revenue in 2026. Despite the stock having priced in some positives, the author believes this is only the beginning of the financial leverage that TPUs will bring.",https://seekingalpha.com/article/4847476-alphabet-next-best-bet-outside-of-nvidia,Seeking Alpha,Seeking Alpha,20251125T094400,https://static.seekingalpha.com/cdn/s3/uploads/getty_images/458586485/image_458586485.jpg?io=getty-c-w630,0.228979,Somewhat-Bullish,0.835176,0.164449,Somewhat-Bullish
NVDA,"Columbia Bank Purchases 2,773 Shares of Broadcom Inc. $AVGO","Columbia Bank increased its stake in Broadcom Inc. by 150.4% in the second quarter, acquiring an additional 2,773 shares and bringing its total holdings to 4,617 shares valued at $1.255 million. Several other institutional investors also adjusted their positions in Broadcom, which has an average analyst rating of ""Buy"" with a consensus price target of $374.21. Recent insider transactions show significant selling activity by high-ranking executives.",https://www.marketbeat.com/instant-alerts/filing-columbia-bank-purchases-2773-shares-of-broadcom-inc-avgo-2025-11-25/,MarketBeat,MarketBeat,20251125T095815,https://www.marketbeat.com/logos/broadcom-inc-logo-1200x675.png?v=20231122110526,0.203663,Somewhat-Bullish,0.635494,0.124022,Neutral
NVDA,"Nvidia's CEO says it's 'insane' to not use AI for every task possible: 'I promise you, you will have work to do'","Nvidia CEO Jensen Huang urged employees to integrate AI into every possible task, emphasizing that AI will augment, not replace, human jobs. He highlighted Nvidia's own internal use of AI tools and encouraged staff to improve AI where it falls short. Huang also addressed investor concerns about an ""AI bubble,"" stating Nvidia is in a ""no-win"" scenario despite robust earnings.",https://fortune.com/2025/11/25/nvidia-jensen-huang-insane-to-not-use-ai-for-every-task-possible/,Fortune,Fortune,20251125T100100,https://fortune.com/img-assets/wp-content/uploads/2025/11/GettyImages-2244695195-e1764082282137.jpg?format=webp&w=1440&q=75,0.355295,Bullish,1.000000,0.410045,Bullish
NVDA,Apple Inc. $AAPL Stock Holdings Lowered by Moloney Securities Asset Management LLC,"Moloney Securities Asset Management LLC decreased its stake in Apple Inc. by 2.2% in Q2, holding 85,401 shares valued at $17.52 million. Despite this, Apple represents 2.2% of their holdings and is their fifth-largest position. The article also highlights Apple's strong financial performance, recent dividend, and a ""Moderate Buy"" consensus rating from analysts, contrasting with recent insider selling.",https://www.marketbeat.com/instant-alerts/filing-apple-inc-aapl-stock-holdings-lowered-by-moloney-securities-asset-management-llc-2025-11-25/,MarketBeat,MarketBeat,20251125T100602,https://www.marketbeat.com/logos/apple-inc-logo-1200x675.png,0.052444,Neutral,0.612967,-0.345162,Somewhat-Bearish
NVDA,From hype to hard returns: AI enters a new phase,"The AI narrative is shifting from potential to profitability, with investment remaining strong but concerns emerging about a potential bubble due to speculative activity and increasing debt financing. While AI is seen as a major productivity driver, the need for clear monetization strategies is becoming critical as firms increasingly tap debt markets to fund massive capital expenditures, particularly in hardware and hyperscalers. This shift introduces new risks, highlighting the importance of financial resilience and execution for investors in the AI sector.",https://www.troweprice.com/en/ca/insights/from-hype-to-hard-returns-ai-enters-new-phase.html,T. Rowe Price,T. Rowe Price,20251125T100638,https://www.troweprice.com/content/dam/trp-ecl/global/en/ipc/assets/enterprise/2025/q4/global-market-outlook/AI-From-hype-to-hard-returns.png,0.273702,Somewhat-Bullish,0.614788,0.322668,Somewhat-Bullish
NVDA,Jennison Associates LLC Has $14.37 Billion Holdings in NVIDIA Corporation $NVDA,"Jennison Associates LLC significantly increased its stake in NVIDIA Corporation, making it their largest holding with a value of $14.37 billion. This comes as NVIDIA reported strong earnings, exceeding analyst expectations, and maintains a bullish outlook from Wall Street with a consensus ""Buy"" rating. Various other institutional investors also modified their holdings in NVIDIA, and the article details insider stock sales and analyst price target adjustments.",https://www.marketbeat.com/instant-alerts/filing-jennison-associates-llc-has-1437-billion-holdings-in-nvidia-corporation-nvda-2025-11-25/,MarketBeat,MarketBeat,20251125T100851,https://www.marketbeat.com/logos/nvidia-co-logo-1200x675.jpg?v=20221020142916,0.487943,Bullish,1.000000,0.451592,Bullish
NVDA,La-Z-Boy and Gorilla Tech have been highlighted as Zacks Bull and Bear of the Day,"Zacks Equity Research has named La-Z-Boy (LZB) as its Bull of the Day due to consistently rising earnings estimates, strong fundamentals, and a reasonable valuation. Conversely, Gorilla Technology (GRRR) has been declared the Bear of the Day due to slashed earnings estimates and recent misses. The article also touches on three crypto-centric stocks—NVIDIA (NVDA), Robinhood Markets (HOOD), and Interactive Brokers Group (IBKR)—recommended for buying on the dip, anticipating a Bitcoin rally despite recent declines.",https://finance.yahoo.com/news/la-z-boy-gorilla-tech-133600499.html,Yahoo Finance,Yahoo Finance,20251125T100934,https://s.yimg.com/ny/api/res/1.2/zf_1wpp4e4lihErpE5wvzA--/YXBwaWQ9aGlnaGxhbmRlcjt3PTEyNjtoPTQ4O2NmPXdlYnA-/https://s.yimg.com/os/creatr-uploaded-images/2020-11/3bc15d30-250e-11eb-bffb-472fe5eb11fe,0.403671,Bullish,0.736910,0.337021,Somewhat-Bullish
NVDA,Oracle And Nvidia Team Up To Power Abu Dhabi's Push For 'Sovereign AI',"Oracle and Nvidia are expanding their partnership to deploy the Middle East's first Nvidia-powered Oracle Cloud Infrastructure (OCI) Supercluster in Abu Dhabi. This initiative, featuring over 4,000 Blackwell GPUs, aims to support Abu Dhabi's 'sovereign AI' ambitions and its goal of becoming the world's first fully AI-native government by 2027. The expansion will accelerate AI adoption across various sectors while ensuring data sovereignty, with Oracle's distributed cloud services providing full control over data residency and latency for customers.",https://www.benzinga.com/markets/tech/25/11/49060017/oracle-and-nvidia-team-up-to-power-abu-dhabis-push-for-sovereign-ai,Benzinga,Benzinga,20251125T104200,https://www.benzinga.com/files/images/story/2025/11/25/AI-Superconductor.jpeg?quality=85&auto=webp&width=850,0.352519,Bullish,0.970163,0.464929,Bullish
NVDA,Nasdaq retreats one day after big rally as Nvidia drops: Live updates,"The Nasdaq Composite fell on Tuesday after a strong Monday rally, primarily due to a more than 5% drop in Nvidia shares following reports that Meta Platforms is considering using Alphabet's AI chips. Despite Monday's gains driven by AI-linked names and hopes of a Fed interest rate cut, U.S. indexes are still tracking for a losing month in November. Consumer confidence also hit its lowest level since April, and private payroll losses accelerated over the past four weeks.",https://www.cnbc.com/2025/11/24/stock-market-today-live-updates.html,CNBC,CNBC,20251125T110000,,0.144023,Neutral,1.000000,-0.410492,Bearish
NVDA,"Swiss National Bank Grows Stock Holdings in CenterPoint Energy, Inc. $CNP","Swiss National Bank increased its stake in CenterPoint Energy, Inc. (NYSE:CNP) by 7.3% in the second quarter of 2025, now owning 1,972,900 shares valued at approximately $72.48 million. This increase reflects growing institutional interest in the company, alongside several brokerages raising price targets and the company reporting better-than-expected quarterly earnings and a consistent dividend.",https://www.marketbeat.com/instant-alerts/filing-swiss-national-bank-grows-stock-holdings-in-centerpoint-energy-inc-cnp-2025-11-24/,MarketBeat,MarketBeat,20251125T112119,https://www.marketbeat.com/logos/centerpoint-energy-inc-logo-1200x675.jpg,0.171392,Somewhat-Bullish,0.557513,0.006841,Neutral
NVDA,"Swiss National Bank Acquires 71,600 Shares of Western Digital Corporation $WDC","Swiss National Bank increased its stake in Western Digital Corporation ($WDC) by 7.3% in the second quarter of 2025, acquiring an additional 71,600 shares, bringing its total holdings to 1,046,507 shares valued at approximately $66.97 million. Western Digital also announced a quarterly dividend increase to $0.125 per share, resulting in an annualized dividend of $0.50 with an ex-dividend date of December 4th. Analysts maintain a ""Moderate Buy"" consensus for WDC with an average price target of $162.16, considerably higher than its current trading price around $139.",https://www.marketbeat.com/instant-alerts/filing-swiss-national-bank-acquires-71600-shares-of-western-digital-corporation-wdc-2025-11-24/,MarketBeat,MarketBeat,20251125T112159,https://www.marketbeat.com/logos/western-digital-co-logo-1200x675.png?v=20240118080831,0.282219,Somewhat-Bullish,0.615707,0.172928,Somewhat-Bullish
NVDA,Analysts See IBM as a Macro-Resistant AI Leader With Multiple Growth Drivers,"Analysts, specifically Evercore ISI, view IBM as a macro-resistant leader in hybrid IT and AI, positioned for growth due to enterprise AI adoption, productivity initiatives, and data sovereignty. The firm reiterated an Outperform rating with a $315 price target following discussions with IBM's CEO regarding strategy and market trends. They believe IBM's business transformation has led to consistent growth, strong free cash flow generation, and expanding profit margins.",https://finviz.com/news/238816/analysts-see-ibm-as-a-macro-resistant-ai-leader-with-multiple-growth-drivers,Finviz,Finviz,20251125T114600,https://d2gr5kl7dt2z3t.cloudfront.net/blog/wp-content/uploads/2023/09/23142039/IBM-insidermonkey-1695493236268.jpg,0.282793,Somewhat-Bullish,0.623721,0.100246,Neutral
NVDA,American Century Companies Inc. Grows Stock Holdings in Texas Instruments Incorporated $TXN,"American Century Companies Inc. significantly increased its stake in Texas Instruments (TXN) by 255.8% in Q2 2025, now owning 703,324 shares valued at $146 million. Texas Instruments reported quarterly EPS matching estimates, with revenue up 14.2% year-over-year, and increased its quarterly dividend to $1.42 per share despite an elevated payout ratio. The stock has a consensus ""Hold"" rating from analysts with an average price target of $191.67.",https://www.marketbeat.com/instant-alerts/filing-american-century-companies-inc-grows-stock-holdings-in-texas-instruments-incorporated-txn-2025-11-25/,MarketBeat,MarketBeat,20251125T115139,https://www.marketbeat.com/images/loading-gif.gif?v=2,0.071388,Neutral,0.589323,0.118389,Neutral
NVDA,Taiwan Semiconductor Drags Ex-VP To Court Over Intel Move,"Taiwan Semiconductor Manufacturing Company Ltd (TSM) has sued its former Senior Vice President Wei-Jen Lo for joining rival Intel Corp (INTC), citing a non-compete agreement and concern over trade secret leakage. Lo, who spent 21 years at TSMC and played a key role in advanced chip production, recently moved to Intel, prompting the Taiwanese chipmaker to initiate legal action and the economy ministry to monitor the situation. Intel CEO Lip-Bu Tan has denied claims that Lo brought TSMC trade secrets to Intel, emphasizing respect for intellectual property, even as Taiwanese authorities investigate.",https://www.benzinga.com/news/legal/25/11/49063102/taiwan-semiconductor-drags-ex-vp-to-court-over-intel-move,Benzinga,Benzinga,20251125T115600,https://cdn.benzinga.com/files/images/story/2025/07/24/article-header-background-image.png?quality=85&auto=webp&width=1300,0.005878,Neutral,0.615949,0.131323,Neutral
NVDA,It Could Be a Huge Week for These Nvidia ETFs,"This article discusses the upcoming Nvidia earnings report and its potential impact on leveraged and inverse Nvidia ETFs like Direxion Daily NVDA Bear 1X Shares (NVDD) and Direxion Daily NVDA Bull 2X Shares (NVDU). The earnings update is seen as a crucial test for investor sentiment towards AI and the broader market. Analysts expect scrutiny on Nvidia's forecast, especially given its high valuation, suggesting significant movement for these ETFs based on results.",https://etfdb.com/leveraged-inverse-content-hub/may-be-huge-week-nvdia-etfs/,ETF Database,ETF Database,20251125T120941,https://etfdb.com/media/W1siZiIsIjIwMjUvMDkvMDUvOGtkeXE2NzVwZl9MZXZlcmFnZWRfSW52ZXJzZV9EaXJleGlvbl9tYXN0aGVhZF9vdmVybGF5XzE2MDB4MTIxXzJ4LnBuZyJdXQ/Leveraged_Inverse_Direxion_masthead_overlay_1600x121%402x.png,0.041249,Neutral,0.960151,0.020420,Neutral
NVDA,"Raymond James Initiates Outperform on AMD, Citing Strong AI Pipeline and Market Share Gains","Raymond James has initiated an ""Outperform"" rating on Advanced Micro Devices (AMD) with a $337 price target, citing AMD's strong AI pipeline and potential market share gains. The firm believes AMD is well-positioned to compete in the GPU market against Nvidia, with expectations for significant growth driven by OpenAI and Humain deployments. Analysts anticipate AMD's AI pipeline could reach $15 billion by 2026, supported by increasing adoption of its GPUs and continued momentum in accelerators and AI rack systems.",https://finviz.com/news/238839/raymond-james-initiates-outperform-on-amd-citing-strong-ai-pipeline-and-market-share-gains,Finviz,Finviz,20251125T121000,https://d2gr5kl7dt2z3t.cloudfront.net/blog/wp-content/uploads/2023/12/01212727/STPZ-insidermonkey-1701484045919.jpg,0.016661,Neutral,0.638601,-0.345348,Somewhat-Bearish
NVDA,Nvidia Shares Drop on Report of Google Challenge in AI Chips,"Meta Platforms Inc. is reportedly in talks to spend billions on Google’s AI chips, signaling growing momentum for Google's artificial intelligence technology and a potential challenge to Nvidia's market dominance. This news follows a previous agreement for Google to supply up to 1 million chips to Anthropic PBC, indicating Google’s increasing presence in the AI chip market. The development contributed to a monthslong share rally for Alphabet (GOOGL), while Nvidia (NVDA) experienced a decline.",https://www.bloomberg.com/news/articles/2025-11-25/alphabet-gains-on-report-that-meta-will-use-its-ai-chips,Bloomberg.com,Bloomberg.com,20251125T121100,,0.148918,Neutral,0.971347,-0.409636,Bearish
NVDA,Microsoft's (MSFT) Agent 365 and Copilot App Builder Drive Bullish Analyst Outlook,"JPMorgan reiterated an ""Overweight"" rating for Microsoft with a $575 price target after the company's Ignite Conference, highlighting Microsoft's strong vision for enterprise AI through the introduction of Agent 365 and an App Builder for M365 Copilot. The article also notes a significant partnership between Microsoft, Nvidia, and Anthropic, involving substantial investments and commitments for Azure compute capacity.",https://finviz.com/news/238850/microsofts-msft-agent-365-and-copilot-app-builder-drive-bullish-analyst-outlook,Finviz,Finviz,20251125T121900,https://d2gr5kl7dt2z3t.cloudfront.net/blog/wp-content/uploads/2023/12/12102048/MIY-insidermonkey-1702394446309.jpg,0.255827,Somewhat-Bullish,0.734357,0.313304,Somewhat-Bullish
NVDA,JPMorgan Chase CEO Jamie Dimon calls Nvidia 'unbelievable company' but also has a warning for investors. C,"JPMorgan Chase CEO Jamie Dimon praised Nvidia as an ""unbelievable company"" but cautioned that some AI stocks might be overvalued, drawing parallels to the dot-com era. He described AI as a true productivity revolution, emphasizing its transformative potential despite current inflated valuations. Dimon also addressed AI's impact on jobs, stating that while some roles might be eliminated, JPMorgan is focused on retraining employees, and the bank has invested significantly in AI with substantial direct benefits.",https://m.economictimes.com/news/new-updates/jpmorgan-chase-ceo-jamie-dimon-calls-nvidia-unbelievable-company-but-also-has-a-warning-for-investors-check-details/articleshow/125558414.cms,The Economic Times,The Economic Times,20251125T124000,"https://img.etimg.com/thumb/msid-125558442,width-650,height-488,imgsize-29590,resizemode-75,rect-0_0_1199_808/jpmorgan-ceo-jamie-dimon-nvidia.jpg",0.190804,Somewhat-Bullish,0.905138,0.298463,Somewhat-Bullish
NVDA,"‘This Could Be Trouble,’ Says Top Investor About Nvidia Stock","Despite Nvidia's record-breaking quarterly report and strong AI market dominance, top investor Geoffrey Seiler expressed caution regarding the company's ballooning accounts receivable, which surged by 89% year-over-year to $33.4 billion. Seiler points out that rapid increases in accounts receivable can indicate collection issues and suggests that Nvidia's circular financing, where it supplies cash to customers to buy its chips, might not be sustainable long-term. Although he views the stock as a ""buy"" due to insatiable demand and a strong competitive moat, he advises monitoring this risk closely, while Wall Street maintains a ""Strong Buy"" consensus rating with a significant upside.",https://www.tipranks.com/news/this-could-be-trouble-says-top-investor-about-nvidia-stock,TipRanks,TipRanks,20251125T130650,https://blog.tipranks.com/wp-content/uploads/2025/11/shutterstock_2535788887-750x406.jpg,0.415627,Bullish,1.000000,0.411350,Bullish
NVDA,"VOO ETF Daily Update, 10/28/2025","The Vanguard S&P 500 ETF (VOO) rose 1.20% on Monday, driven by large-cap tech gains, and is up 0.06% in pre-market trading. The ETF has seen significant inflows, indicating steady investor demand, and carries a ""Moderate Buy"" consensus from analysts with a projected upside of 9.53%. Key upcoming events that could impact VOO include the Fed decision and big-tech earnings.",https://www.tipranks.com/news/voo-etf-daily-update-10-28-2025,TipRanks,TipRanks,20251125T130714,https://blog.tipranks.com/wp-content/uploads/2025/10/voo-dividend-etf-14-750x406.jpg,0.346883,Somewhat-Bullish,0.651487,0.274614,Somewhat-Bullish
NVDA,Missed the AI Boom? These 2 Crushed Stocks Could Be Your Second Chance,"This article identifies Oracle (ORCL) and Super Micro Computer (SMCI) as two ""crushed"" stocks that present potential opportunities after a recent AI-driven market sell-off. Both companies, though impacted by the sell-off, show oversold technical indicators and strong analyst price targets, suggesting a potential bullish reversal. Oracle's correction was deemed overdue but overdone, while Super Micro Computer, despite missing Q1 2026 earnings, reported significant new NVIDIA orders, indicating future growth.",https://finviz.com/news/238898/missed-the-ai-boom-these-2-crushed-stocks-could-be-your-second-chance,Finviz,Finviz,20251125T131400,https://www.marketbeat.com/logos/articles/med_20251125084032_2-oversold-stocks-with-bullish-price-targets.jpg,0.237856,Somewhat-Bullish,0.622459,0.128177,Neutral
NVDA,Alphabet Edges Closer To $4 Trillion Market Cap On Growing Optimism Around Google’s AI Prowess,"Alphabet's market capitalization is nearing $4 trillion, driven by increasing optimism surrounding its AI advancements, particularly with the recent launch of Gemini 3. This surge is further fueled by a reported deal with Meta Platforms for Google's Tensor Processing Units, expected to contribute significantly to Google Cloud's revenue and challenge Nvidia's market share. The company's stock has seen substantial gains since the Gemini 3 launch and year-to-date.",https://stocktwits.com/news-articles/markets/equity/alphabet-google-edges-closer-to-4-trillion-market-cap/cL5286EREgh,Stocktwits,Stocktwits,20251125T133300,https://news.stocktwits-cdn.com/large_Getty_Images_2247406411_jpg_c8832b5516.webp,0.394485,Bullish,0.612216,0.306837,Somewhat-Bullish
NVDA,3 High-Flying Stocks That Concern Us,"This article identifies three ""high-flying"" stocks—Lucky Strike (LUCK), Inspire Medical Systems (INSP), and Cognex (CGNX)—that raise concerns due to high valuations and underlying business issues despite their market success. The author details specific reasons for concern for each company, such as lagging sales, low free cash flow, or diminishing returns on capital. StockStory, the publisher, suggests investors look for high-quality stocks at a fraction of the price, referencing their own successful stock picks.",https://finviz.com/news/238953/3-high-flying-stocks-that-concern-us,Finviz,Finviz,20251125T133400,https://news-assets.stockstory.org/cover-images/_1400x700_crop_center-center_none/bowlero-cover-image-c5bb67fb1af7_2024-01-30-024603_gyzf.jpeg,-0.189834,Somewhat-Bearish,0.627898,0.290245,Somewhat-Bullish
NVDA,2 Growth Stocks Set to Flourishand 1 Facing Challenges,"This article identifies two growth stocks, Monolithic Power Systems (MPWR) and Incyte (INCY), poised for continued success due to strong financial performance and market positioning. Conversely, Root (ROOT) is highlighted as a stock to consider selling, facing significant challenges in its business model. The piece provides detailed financial metrics and reasons for each assessment, offering insights for investors.",https://finviz.com/news/238963/2-growth-stocks-set-to-flourishand-1-facing-challenges,Finviz,Finviz,20251125T133500,https://news-assets.stockstory.org/cover-images/_1400x700_crop_center-center_none/monolithic-power-systems-cover-image-rsDQRZ5A_2021-10-18-082327_azsu.jpeg,0.308633,Somewhat-Bullish,0.636929,0.527297,Bullish
NVDA,Waterloo Capital L.P. Has $1.12 Million Stake in Deere & Company $DE,"Waterloo Capital L.P. increased its stake in Deere & Company (NYSE:DE) by 33.1% in Q2, acquiring 548 additional shares to hold 2,203 shares valued at approximately $1.12 million. Other institutional investors also significantly increased their holdings, with institutional ownership now at 68.58%. Analysts have a ""Moderate Buy"" consensus rating with an average price target of $519.85, despite some recent downgrades and price target adjustments.",https://www.marketbeat.com/instant-alerts/filing-waterloo-capital-lp-has-112-million-stake-in-deere-company-de-2025-11-24/,MarketBeat,MarketBeat,20251125T134357,https://www.marketbeat.com/logos/deere--company-logo-1200x675.png?v3,0.052715,Neutral,0.585409,0.016729,Neutral
NVDA,"FourThought Financial Partners LLC Grows Stock Position in PayPal Holdings, Inc. $PYPL","FourThought Financial Partners LLC increased its holdings in PayPal Holdings, Inc. (NASDAQ:PYPL) by 22.4% in the second quarter, bringing its total to 43,961 shares valued at $3.267 million. Other institutional investors also adjusted their stakes in PayPal, which currently has a market capitalization of $56.66 billion and an average analyst rating of ""Hold."" The article also details recent price performance, earnings, dividend announcements, analyst rating changes, and insider selling activities for PYPL.",https://www.marketbeat.com/instant-alerts/filing-fourthought-financial-partners-llc-grows-stock-position-in-paypal-holdings-inc-pypl-2025-11-25/,MarketBeat,MarketBeat,20251125T135030,https://www.marketbeat.com/logos/paypal-holdings-inc-logo-1200x675.png?v=20231214083652,-0.128871,Neutral,0.649933,-0.402521,Bearish
NVDA,‘This Isn’t a Bubble’: Raymond James Says Load Up on These 2 Tech Stocks,"Raymond James' CIO Larry Adam asserts that the current tech-driven bull market, fueled by AI, is not a bubble despite significant gains, distinguishing it from the dot-com era. The firm recommends two tech stocks, Confluent (CFLT) and Lattice Semiconductor (LSCC), citing their strong positions in data streaming and specialized semiconductor technology within the AI and cloud computing sectors. Both companies have received ""Outperform"" ratings from Raymond James analysts, with substantial potential upsides.",https://www.tipranks.com/news/article/this-isnt-a-bubble-raymond-james-says-load-up-on-these-2-tech-stocks,TipRanks,TipRanks,20251125T135131,https://blog.tipranks.com/wp-content/uploads/2024/11/Raymond-James-Buy-750x406.jpg,0.346506,Somewhat-Bullish,0.607423,0.331077,Somewhat-Bullish
NVDA,"North Star Asset Management Inc. Purchases 4,125 Shares of Cisco Systems, Inc. $CSCO","North Star Asset Management Inc. increased its stake in Cisco Systems, Inc. by 9.7% in the second quarter, now owning 46,810 shares valued at $3.25 million. Other institutional investors also adjusted their positions, while company insiders Deborah L. Stahlkopf and Charles Robbins sold significant shares of their holdings. Wall Street analysts maintain a ""Moderate Buy"" consensus rating with a target price of $84.14 for CSCO.",https://www.marketbeat.com/instant-alerts/filing-north-star-asset-management-inc-purchases-4125-shares-of-cisco-systems-inc-csco-2025-11-25/,MarketBeat,MarketBeat,20251125T135625,https://www.marketbeat.com/logos/cisco-systems-inc-logo-1200x675.jpg,0.325502,Somewhat-Bullish,0.648273,0.339521,Somewhat-Bullish
NVDA,"Deere, Euronav, Super Hi International set to report Wednesday","Deere & Co (NYSE:DE), Euronav NV (NYSE:CMBT), and Super Hi International Holding (NASDAQ:HDL) are scheduled to report earnings, providing insights into their respective sectors. These companies represent agricultural equipment, shipping, and foodservice, with analysts providing EPS and revenue estimates for some. Investors can use InvestingPro to gain insights and stay updated on real-time earnings results.",https://www.investing.com/news/stock-market-news/deere-euronav-super-hi-international-set-to-report-wednesday-93CH-4378038,Investing.com,Investing.com,20251125T140000,https://i-invdn-com.investing.com/news/LYNXMPED0C0KP_L.jpg,0.011151,Neutral,0.628709,0.009734,Neutral
NVDA,Google stock price is surging today as AI sets it up to become next $4 trillion giant. Here's why,Alphabet (Google) shares are surging due to positive reviews for Gemini 3 and a potential deal with Meta to use Google's AI chips. These factors are propelling Google towards a potential $4 trillion market capitalization and establishing it as the best-performing Magnificent 7 stock in 2025 so far.,https://www.fastcompany.com/91448795/google-stock-price-today-goog-surges-on-ai-wins-4-trillion-near,Fast Company,Fast Company,20251125T142026,"https://images.fastcompany.com/image/upload/f_webp,c_fit,w_1920,q_auto/wp-cms-2/2025/11/p-1-91448795-google-stock-price-goog-shares.jpg",0.420058,Bullish,0.745612,0.300730,Somewhat-Bullish
NVDA,Broadcom stock hits all-time high at 386.5 USD,"Broadcom (AVGO) stock has reached an all-time high of $386.50, up 0.99% from its 52-week high, with a 1-year total return of 131.57%. The company boasts a $1.82 trillion market capitalization and has robust financial health, including gross profit margins of 77.19% and revenue growth of 28.01%. This milestone is supported by strategic advancements like new Fibre Channel platforms for AI workloads and optimistic analyst price targets from Jefferies and Raymond James.",https://www.investing.com/news/company-news/broadcom-stock-hits-alltime-high-at-3865-usd-93CH-4378110,Investing.com,Investing.com,20251125T150000,https://i-invdn-com.investing.com/news/news_pile_69x52._800x533_L_1419494209.jpg,0.295943,Somewhat-Bullish,0.604066,0.145407,Neutral
NVDA,"Alphabet (GOOG) Class C Stock Jumps Again on Meta Chip Talks, AI Momentum and Buffett Stake — November 25, 2025","Alphabet's Class C shares (GOOG) rallied on November 25, 2025, driven by reports of Meta Platforms' interest in Google's AI TPUs, a significant new stake from Warren Buffett's Berkshire Hathaway, and strong momentum for Google's Gemini 3 AI platform. The stock's performance reflects growing optimism around Alphabet's AI hardware business, its competitive position in cloud, and its long-term growth strategy in high-population markets like India, despite some valuation concerns from analysts. Wall Street has generally revised price targets higher, while technical indicators suggest further upside.",https://ts2.tech/en/alphabet-goog-class-c-stock-jumps-again-on-meta-chip-talks-ai-momentum-and-buffett-stake-november-25-2025/,ts2.tech,ts2.tech,20251125T155123,https://ts2.tech/wp-content/uploads/2025/09/alphabet-goog-class-c-stock-jumps-again-on-meta-chip-talks-ai-momentum-and-buffett-stake-november-25-2025-featured-1.jpg,0.269368,Somewhat-Bullish,0.623709,-0.256572,Somewhat-Bearish
NVDA,"Dow Jones Today: Stock Indexes End Sharply Higher for 2nd Time This Week; Dow Surges More Than 650 Points; Nvidia, AMD Shares Drop","U.S. stock indexes closed sharply higher for the second time this week, with the Dow surging over 650 points. This rally occurred despite Nvidia and other semiconductor shares declining due to a report that Meta Platforms might use Google's AI chips. Economic data released Tuesday, including retail sales and producer price index, along with a predicted Fed rate cut, contributed to the overall market optimism.",https://www.investopedia.com/dow-jones-today-11252025-11856410,Investopedia,Investopedia,20251125T160500,https://www.investopedia.com/thmb/4GywOKK_fN6MtII0ktOzJ4H9LYQ=/1500x0/filters:no_upscale():max_bytes(150000):strip_icc()/GettyImages-2247199055-69c36464622f4056ab4f8ef0d10455a7.jpg,0.005618,Neutral,0.994113,-0.328230,Somewhat-Bearish
NVDA,"AMD Stock Today: Why Advanced Micro Devices (NASDAQ: AMD) Is Dropping Around 8% on November 25, 2025","Advanced Micro Devices (NASDAQ: AMD) shares dropped approximately 8% on November 25, 2025, following reports that Meta Platforms might invest billions in Google's in-house AI chips, potentially reducing Meta's reliance on traditional GPU suppliers like AMD and Nvidia. This news caused a significant sell-off despite AMD's strong year-to-date performance and recent bullish AI-related announcements, raising concerns about future market share in the rapidly evolving AI infrastructure sector. The decline highlights intensifying competition and high valuation expectations for AI-centric tech companies.",https://ts2.tech/en/amd-stock-today-why-advanced-micro-devices-nasdaq-amd-is-dropping-around-8-on-november-25-2025/,ts2.tech,ts2.tech,20251125T160610,https://ts2.tech/wp-content/uploads/2025/11/amd-stock-today-why-advanced-micro-devices-is-dropping-around-8-on-november-25-2025-featured.jpg,-0.107584,Neutral,0.614581,-0.344079,Somewhat-Bearish
NVDA,"Why NVDIA, AMD and Super Micro Computer Are Down Big Today","Nvidia, AMD, and Super Micro Computer experienced significant drops in stock value today due to intensifying competition in the AI sector. Nvidia's decline is attributed to Meta Platforms reportedly negotiating to buy Google's AI chips, while AMD suffered a sympathetic drop. Super Micro Computer's stock fell further due to accounting issues and market uncertainty.",https://247wallst.com/investing/2025/11/25/why-nvdia-amd-and-super-micro-computer-are-down-big-today/,24/7 Wall St.,24/7 Wall St.,20251125T160704,https://247wallst.com/wp-content/uploads/2025/02/shutterstock-2074714741-huge-licensed-scaled.jpg,-0.152132,Somewhat-Bearish,0.926555,-0.311940,Somewhat-Bearish
NVDA,突然，崩了！利空，来袭！,英伟达股价盘前下跌2%后，有消息称Meta正洽谈斥资数十亿美元采购谷歌的人工智能芯片，这被视为谷歌AI芯片挑战英伟达主导地位的迹象。受此消息影响，以及市场担心谷歌新AI模型Gemini加剧OpenAI竞争，日本软银集团股价周二暴跌11%，市值从高位回落。同时，A股市场今日震荡反弹，三大指数集体上涨，算力硬件股和AI应用端表现活跃。,https://finance.sina.cn/stock/ggyj/2025-11-25/detail-infyrezy4076623.d.html?vt=4,新浪网,新浪网,20251125T162718,https://k.sinaimg.cn/n/finance/crawl/408/w550h658/20251125/7aa5-0efe1997dabd2f9c6adf590252e7c4a9.png/w300h300z1l10t10q10069f.jpg,0.041411,Neutral,0.953507,-0.304783,Somewhat-Bearish
NVDA,"Microsoft (MSFT) Stock Today: AI Mega‑Deals, Gates Foundation Selling and Wall Street Outlook – November 25, 2025","Microsoft (MSFT) stock experienced a slip despite announcing significant AI infrastructure deals and receiving fresh analyst support, influenced by selling activities from the Gates Foundation and company insiders. The article details Microsoft's massive AI investments, including a $9.7 billion GPU cloud contract and a deepened partnership with Anthropic and NVIDIA, alongside strong Q1 FY26 financial results driven by cloud and AI. While analysts remain bullish with high price targets, the stock's recent underperformance and large-scale selling by major holders and insiders raise questions about valuation and capital intensity.",https://ts2.tech/en/microsoft-msft-stock-today-ai-mega%E2%80%91deals-gates-foundation-selling-and-wall-street-outlook-november-25-2025/,ts2.tech,ts2.tech,20251125T163645,https://ts2.tech/wp-content/uploads/2025/11/microsoft-msft-stock-today-ai-megae28091deals-gates-foundation-selling-and-wall-street-outlook-november-25-2025-featured.jpg,0.31489,Somewhat-Bullish,0.629524,0.283064,Somewhat-Bullish
NVDA,AVGO Stock Today: Broadcom Cools After 11% AI Rally as Google TPU Hype Meets Valuation Jitters,"Broadcom Inc. (AVGO) shares are experiencing a slight pullback after an 11% AI-fueled rally, driven by Google's Gemini 3 platform and custom Broadcom TPUs. While some analysts maintain strong buy ratings and high price targets, the stock's high valuation and volatility raise questions about its sustainability despite strong fundamentals in AI and VMware integration. The article explores the reasons behind the rally, today's cooldown, and future factors investors should monitor.",https://ts2.tech/en/avgo-stock-today-broadcom-cools-after-11-ai-rally-as-google-tpu-hype-meets-valuation-jitters/,ts2.tech,ts2.tech,20251125T165102,https://ts2.tech/wp-content/uploads/2025/11/avgo-stock-today-broadcom-cools-after-11-ai-rally-as-google-tpu-hype-meets-valuation-jitters-featured.jpg,0.220514,Somewhat-Bullish,0.648218,0.115433,Neutral
NVDA,"Micron Technology (MU) Stock Today, November 25, 2025: Street‑High Targets, AI Memory Boom and Volatile Price Action","Micron Technology (NASDAQ: MU) is a focal point of the AI trade after receiving fresh bullish analyst calls and institutional investment disclosures. Morgan Stanley raised its price target to a Street-high $338, citing intensifying memory shortages driven by the AI infrastructure boom. Fiscal year 2025 results were record-breaking, fueled by AI data center demand, however, persistent volatility and cyclicality remain key risks.",https://ts2.tech/en/micron-technology-mu-stock-today-november-25-2025-street%E2%80%91high-targets-ai-memory-boom-and-volatile-price-action/,ts2.tech,ts2.tech,20251125T170649,https://ts2.tech/wp-content/uploads/2025/11/micron-technology-mu-stock-today-november-25-2025-streete28091high-targets-ai-memory-boom-and-volatile-price-action-featured-2.jpg,0.5667,Bullish,0.709558,0.562147,Bullish
NVDA,[424B2] GOLDMAN SACHS GROUP INC Prospectus Supplement,"GS Finance Corp., guaranteed by The Goldman Sachs Group, Inc., is offering $900,000 of autocallable contingent coupon basket-linked notes due 2030. These notes are linked to an equally weighted basket of Broadcom, Meta Platforms, NVIDIA, and Tesla and pay monthly coupons if the basket's performance meets certain thresholds. The notes can be automatically called and carry credit risk from GS Finance Corp. and Goldman Sachs Group, Inc.",https://www.stocktitan.net/sec-filings/GS/424b2-goldman-sachs-group-inc-prospectus-supplement-52237fe50d03.html,Stock Titan,Stock Titan,20251125T170700,,0.027616,Neutral,0.772935,0.108619,Neutral
NVDA,Does PTEN’s Sharper Cost Control Signal a Lasting Operational Shift for Patterson-UTI Energy?,"Patterson-UTI Energy recently reported a narrower-than-expected third-quarter net loss due to significant cost reductions, despite declining revenues. This improved cost management, alongside a consistent dividend and positive analyst revisions, suggests a potential operational shift for the company. Investors are now evaluating whether this enhanced efficiency can lead to better financial results, even amidst a volatile drilling market and uncertain demand.",https://www.sahmcapital.com/news/content/does-ptens-sharper-cost-control-signal-a-lasting-operational-shift-for-patterson-uti-energy-2025-11-22,Sahm,Sahm,20251125T170851,NULL,0.164783,Somewhat-Bullish,0.642067,0.123291,Neutral
NVDA,"HP to cut about 6,000 jobs by 2028, ramps up AI efforts","HP announced plans to cut between 4,000 and 6,000 jobs globally by fiscal 2028 to streamline operations and integrate artificial intelligence to enhance product development and customer satisfaction, expecting $1 billion in gross run rate savings over three years. The company's AI-enabled PC shipments reached over 30% in the fourth quarter, signaling a strategic shift despite warnings from analysts about rising memory chip costs impacting profitability. HP also provided financial guidance, projecting adjusted profit per share below analysts' estimates for fiscal 2026, while reporting fourth-quarter revenue that beat expectations.",https://edition.cnn.com/2025/11/25/tech/hp-layoffs-ai-efforts,CNN,CNN,20251125T172800,"https://media.cnn.com/api/v1/images/stellar/prod/c-gettyimages-1179053341.jpg?c=original&q=w_860,c_fill",-0.070867,Neutral,0.735894,0.268384,Somewhat-Bullish
NVDA,"HP to cut about 6,000 jobs by 2028, ramps up AI efforts","HP announced plans to cut between 4,000 and 6,000 jobs globally by fiscal 2028, part of a strategy to streamline operations and leverage artificial intelligence for product development and customer satisfaction. The company expects these initiatives to generate $1 billion in gross run rate savings over three years. Despite beating fourth-quarter revenue estimates, HP's adjusted profit per share forecast for fiscal 2026 is below analysts' expectations, partly due to anticipated memory chip price surges driven by AI infrastructure demand.",https://www.cnn.com/2025/11/25/tech/hp-layoffs-ai-efforts,CNN,CNN,20251125T172800,"https://media.cnn.com/api/v1/images/stellar/prod/c-gettyimages-1179053341.jpg?c=original&q=w_860,c_fill",-0.008994,Neutral,0.717469,0.230519,Somewhat-Bullish
NVDA,How Investors May Respond To NXP Semiconductors (NXPI) Q4 2025 Dividend and Acquisition Moves,"NXP Semiconductors (NXPI) announced a Q4 2025 interim dividend of US$1.014 per ordinary share, payable January 7, 2026, reflecting confidence in its capital structure and business strength. The company is also pursuing acquisitions in AI edge compute and automotive/industrial segments. Investors are advised to consider the dividend, acquisition activity, and upcoming earnings, with NXP forecasting $15.5 billion in revenue and $3.5 billion in earnings by 2028, with a fair value estimate of $258.19.",https://www.sahmcapital.com/news/content/how-investors-may-respond-to-nxp-semiconductors-nxpi-q4-2025-dividend-and-acquisition-moves-2025-11-25,Sahm,Sahm,20251125T172900,,0.183391,Somewhat-Bullish,0.563041,0.149871,Neutral
NVDA,"ZJK Industrial and Chaince Digital Announce Strategic Partnership for U.S.-Based Precision Components R&D and Manufacturing Base Serving AI & Semiconductor and Other Industries, with Expected Investment Plan of Up to $200 Million, Advancing the ""Made in America” Strategy","ZJK Industrial and Chaince Digital have formed a strategic partnership to establish a U.S.-based precision components R&D and manufacturing Gigafactory focusing on high-value components for AI, semiconductor, electronics, and automotive industries. The initiative plans for an investment of up to $200 million, aiming to strengthen the ""Made in America” strategy. Chaince Securities, a subsidiary of Chaince Digital, will also serve as ZJK's capital markets strategic advisor for five years.",https://www.manilatimes.net/2025/11/24/tmt-newswire/globenewswire/zjk-industrial-and-chaince-digital-announce-strategic-partnership-for-us-based-precision-components-rd-and-manufacturing-base-serving-ai-semiconductor-and-other-industries-with-expected-investment-plan-of-up-to-200-million-advancing-the-made-in-america-strategy/2230520,The Manila Times,The Manila Times,20251125T180911,NULL,0.332622,Somewhat-Bullish,0.556195,0.271485,Somewhat-Bullish
NVDA,Is iShares Paris-Aligned Climate MSCI USA ETF (PABU) a Strong ETF Right Now?,"The iShares Paris-Aligned Climate MSCI USA ETF (PABU), launched on April 8, 2022, is a smart beta ETF managed by Blackrock, with over $2.25 billion in assets. It aims to align with Paris Agreement objectives by investing in U.S. large and mid-cap stocks that are positioned for a low-carbon economy. With an expense ratio of 0.10% and a 12-month trailing dividend yield of 0.86%, PABU has shown strong performance, gaining 11.15% year-to-date and 10.89% over the last year as of November 25, 2025.",https://www.sharewise.com/de/news_articles/Is_iShares_ParisAligned_Climate_MSCI_USA_ETF_PABU_a_Strong_ETF_Right_Now_Zacks_20251125_1220,www.sharewise.com,www.sharewise.com,20251125T190942,https://www.sharewise.com/assets/news/news6-77ad2291e7adafe6fd78ff371d2695e6533eeb0901b11a84b4b7e52b641d22e4.png,0.276006,Somewhat-Bullish,0.694536,0.379045,Bullish
NVDA,Alphabet Stock Jumps As Meta Eyes Google AI Chips,"Alphabet (GOOG, GOOGL) shares are trading higher following a report that Meta Platforms (META) is considering using Google's AI chips in its data centers. This potential deal, which could involve Meta renting Tensor Processing Units (TPUs) from Google Cloud and spending billions on Google AI chips by 2027, has driven Alphabet's stock close to its 52-week high, reflecting strong investor sentiment despite the stock being in overbought territory.",https://www.sahmcapital.com/news/content/alphabet-stock-jumps-as-meta-eyes-google-ai-chips-2025-11-25,Sahm,Sahm,20251125T194100,https://r.sahmcapital.com/fe/hs-sa-web-nuxt-www-alsahm/img/logo.456360b.png,0.334572,Somewhat-Bullish,0.620702,0.212179,Somewhat-Bullish
NVDA,CNBC Daily Open: Nvidia's crown looks increasingly uneasy on its head,"Nvidia's position as the AI chip leader is being challenged by concerns over lofty valuations and competition from Google and Meta. While Nvidia asserts its chip superiority, the market is scrutinizing its responses to these growing pressures. Meanwhile, other market news includes U.S. stock gains, declining U.S. consumer confidence, and progress on a Ukraine peace plan.",https://www.cnbc.com/2025/11/26/cnbc-daily-open-nvidias-crown-looks-increasingly-uneasy-on-its-head.html,CNBC,CNBC,20251125T202900,https://image.cnbcfm.com/api/v1/image/107187842-1704295016277-daily_open_logo_web_24.png?v=1704295029&h=80,-0.104295,Neutral,1.000000,-0.299996,Somewhat-Bearish
NVDA,"Reddit Stock Jumps 7% As Meta, Google's Potential Chip Deal Boosts Social Media Sector","Reddit's stock jumped 7% following news that Meta Platforms might leverage Alphabet's Google AI chips, a move challenging Nvidia's dominance. This potential deal aims to reduce AI training costs for Meta, benefiting the social media sector. Despite strong performance and user growth, Cathie Wood trimmed Ark Invest's Reddit stake, reallocating profits to crypto-linked investments.",https://www.sahmcapital.com/news/content/reddit-stock-jumps-7-as-meta-googles-potential-chip-deal-boosts-social-media-sector-2025-11-25,Sahm,Sahm,20251125T203800,,0.15123,Somewhat-Bullish,0.636655,-0.144666,Neutral
NVDA,"Top Analyst Reports for NVIDIA, AT&T & Amgen","This article presents analyses from Zacks Investment Research on NVIDIA (NVDA), AT&T (T), and Amgen (AMGN), detailing their financial performance, market positions, and future prospects. It covers positive drivers and potential headwinds for each company, based on recent research reports. Additionally, it features brief insights on several other major stocks, including General Motors and L3Harris Technologies.",https://www.tradingview.com/news/zacks:919eafeb4094b:0-top-analyst-reports-for-nvidia-at-t-amgen/,TradingView,TradingView,20251125T212055,,0.197272,Somewhat-Bullish,0.917703,0.196066,Somewhat-Bullish
NVDA,"S&P 500 Gains and Losses Today: Nvidia, AMD Slide After Report of Google AI Chip Deal; Best Buy Stock Jumps","Nvidia and AMD shares fell after reports suggested Meta Platforms might use Google's AI chips, intensifying competition in the AI chip market. Meanwhile, Best Buy's stock jumped after the electronics retailer reported strong quarterly earnings and raised its full-year outlook, driven by consumer demand for electronic device upgrades. The broader S&P 500, Dow, and Nasdaq indexes all gained for the third consecutive session on optimism about potential Federal Reserve interest rate cuts.",https://www.investopedia.com/s-and-p-500-gains-and-losses-today-nvidia-amd-slide-after-report-of-google-ai-chip-deal-best-buy-stock-jumps-nvda-amd-bby-11856492,Investopedia,Investopedia,20251125T213300,https://www.investopedia.com/thmb/pdccMzWozU1ZBQX9rtQyphKAsKY=/1500x0/filters:no_upscale():max_bytes(150000):strip_icc():format(webp)/Nvidia-and-AMD-f306c6c5995641fa8e82e0135bdb586b.jpg,0.115839,Neutral,0.902093,-0.204465,Somewhat-Bearish
NVDA,NVTS vs. AMD: Which Semiconductor Stock is a Better Buy Right Now?,"This article compares Navitas Semiconductor (NVTS) and Advanced Micro Devices (AMD) as investment opportunities in the semiconductor industry, particularly highlighting their focus on AI-driven computing. While NVTS is repositioning itself in high-power markets with GaN and SiC chips for AI data centers and energy systems, AMD is experiencing strong growth in its data center business with EPYC server processors and Instinct MI350 GPUs, despite some near-term challenges. The analysis concludes that NVTS offers a more favorable outlook due to its inclusion in NVIDIA's ecosystem, improving financials, and higher Zacks Rank.",https://www.tradingview.com/news/zacks:6f945a11b094b:0-nvts-vs-amd-which-semiconductor-stock-is-a-better-buy-right-now/,TradingView,TradingView,20251125T220554,https://s3.tradingview.com/news/image/zacks:6f945a11b094b-2f620a44dcf7370afbc754424aba2c3e-resized.jpeg,0.310399,Somewhat-Bullish,0.716889,0.356892,Bullish
NVDA,3 Reasons to Sell CHD and 1 Stock to Buy Instead,"This article recommends selling Church & Dwight (CHD) stock due to disappointing performance, slow organic growth, slim projected revenue growth, and barely growing EPS. The article suggests that while CHD isn't a bad business, it doesn't meet a ""quality test"" and lacks significant buying opportunities, instead recommending investors look for other ""more exciting stocks.""",https://markets.financialcontent.com/wral/article/stockstory-2025-11-26-3-reasons-to-sell-chd-and-1-stock-to-buy-instead,Markets Financial Content,Markets Financial Content,20251125T230200,https://news-assets.stockstory.org/cover-images/_1400x700_crop_center-center_none/church-dwight-cover-image-58bbd909e35c_2023-11-13-233602_lzhu.jpeg,0.049485,Neutral,0.634381,0.321588,Somewhat-Bullish
NVDA,Nvidia: Maintain $240 Fair Value Estimate Amid Reports of Meta’s Negotiations to Buy Google TPUs,Morningstar maintains its $240 fair value estimate for Nvidia despite reports of Meta Platforms negotiating to buy Google's custom Tensor Processing Unit (TPU) chips for AI. Shares of Nvidia and AMD were down following these reports on November 25th. Morningstar analyst Brian Colello believes Nvidia remains in a dominant position as an AI infrastructure supplier.,https://www.morningstar.com/company-reports/1365068-nvidia-maintain-240-fair-value-estimate-amid-reports-of-metas-negotiations-to-buy-google-tpus?listing=0P000003RE,Morningstar,Morningstar,20251125T232123,https://morningstar-morningstar-prod.web.arc-cdn.net/resizer/1bY4VtvaX_BEy66KbrjdD8VeE4k=/2000x2000/author-service-images-prod-us-east-1.publishing.aws.arc.pub/morningstar/5c8852db-04a9-4ec5-8527-9107fff80c09.jpg,-0.201552,Somewhat-Bearish,1.000000,-0.239264,Somewhat-Bearish
NVDA,3 Ways Oracle’s OpenAI Deal Could Play Out. Only 1 Looks Good for the Stock.,"Oracle shares have significantly declined since their peak in September due to investor concerns about the cloud computing giant's financial ties with OpenAI. The article explores three potential scenarios for Oracle's relationship with OpenAI, noting that only one is likely to positively impact Oracle's stock performance. This analysis aims to shed light on the challenges and opportunities Oracle faces in this partnership.",https://www.barrons.com/articles/oracle-stock-price-openai-deal-9428f823?gaa_at=eafs&gaa_n=AWEtsqcY2rM5_fcKev50mSdw8AAPzpb5-PGWPTtISWTb91ZVm_KtEL8hZIMU&gaa_ts=692655ae&gaa_sig=fw_2iHz73gGoKYoVDX57SkOhOC9ME6rHucMXXJFXX2S8jUHW4wX_jb0TeBepZfJJY_HJdUUElBYz9dqKCQNAGA%3D%3D,Barron's,Barron's,20251126T010657,https://www.barrons.com/asset/barrons/images/DJ-barrons-logo.svg,-0.017416,Neutral,0.636458,0.115041,Neutral
NVDA,"Google DeepMind Scientist Slams Market After Nvidia, AMD Stocks Tumble: 'Selloff Shows How Clueless The Market Is'","A Google DeepMind researcher criticized the market's reaction to declines in Nvidia and AMD stock, arguing the selloff indicates a lack of understanding regarding the immense demand for AI hardware. The market dip followed reports that Meta Platforms might use Alphabet Inc.'s AI chips, suggesting increased competition for Nvidia. Despite this, Nvidia asserted its continued leadership in AI chip technology.",https://www.benzinga.com/markets/tech/25/11/49077033/google-deepmind-scientist-slams-market-after-nvidia-amd-stocks-tumble-selloff-shows-how-clueless-the-market-is,Benzinga,Benzinga,20251126T011300,https://www.benzinga.com/files/images/story/2025/11/26/Nvidia-Logo-On-Smartphone-Screen-And-Amd.jpeg?quality=85&auto=webp&width=850,0.092349,Neutral,1.000000,-0.225664,Somewhat-Bearish
NVDA,DTE Energy Stock Prediction: Where Analysts See the Stock Going by 2027,"This article forecasts DTE Energy's (NYSE: DTE) stock performance by 2027, based on Wall Street analyst consensus and TIKR's valuation model. Analysts predict a modest upside of 10% with an average target of $150/share, while TIKR's model suggests $159/share, implying 17% upside by 2027. The company benefits from a regulated business model, consistent operational performance, and infrastructure upgrades, positioning it as a stable investment with gradual returns.",https://www.tikr.com/blog/dte-energy-stock-prediction-where-analysts-see-the-stock-going-by-2027,TIKR.com,TIKR.com,20251126T015116,"https://res.cloudinary.com/tikr/images/f_auto,q_auto,w_800/v1764102946/images/DTE-1/DTE-1",0.168923,Somewhat-Bullish,0.620390,0.102091,Neutral
NVDA,"The Zacks Analyst Blog NVIDIA, AT&T and Amgen","This Zacks Analyst Blog highlights research reports on NVIDIA, AT&T, and Amgen, detailing their recent stock performance, business drivers, and challenges. NVIDIA is benefiting from AI demand but faces supply and cost issues. AT&T shows strong wireless traction but struggles with wireline losses and high debt. Amgen is driven by key medicines and pipeline assets, though it faces pricing pressures and competition.",https://sg.finance.yahoo.com/news/zacks-analyst-blog-nvidia-t-070200313.html,Yahoo Finance Singapore,Yahoo Finance Singapore,20251126T020200,https://s.yimg.com/ny/api/res/1.2/zf_1wpp4e4lihErpE5wvzA--/YXBwaWQ9aGlnaGxhbmRlcjt3PTEyNjtoPTQ4O2NmPXdlYnA-/https://s.yimg.com/os/creatr-uploaded-images/2020-11/3bc15d30-250e-11eb-bffb-472fe5eb11fe,0.176297,Somewhat-Bullish,0.934378,0.224571,Somewhat-Bullish
NVDA,LCI Industries Getting Closer To Key Technical Measure,"LCI Industries (LCII) recently saw a positive improvement in its Relative Strength (RS) Rating, climbing from 66 to 76. This IBD rating tracks price performance for stocks, indicating an upgrade in LCI Industries' technical strength. Several related news headlines highlight continuous improvements in LCII's RS Rating, reaching as high as 83.",https://www.investors.com/ibd-data-stories/lci-industries-getting-closer-to-key-technical-measure/,Investor's Business Daily,Investor's Business Daily,20251126T030000,NULL,0.293179,Somewhat-Bullish,0.649922,0.123852,Neutral
NVDA,"Zacks Investment Ideas feature highlights Amazon, Advanced Micro Devices, Nvidia, Bloom Energy and Coreweave","This article highlights why a December Fed rate cut, coupled with rare bear markets and significant AI and consumer stimulus, is expected to reignite the 2025 bull market. It features companies like Amazon, Advanced Micro Devices, Nvidia, Bloom Energy, and Coreweave as beneficiaries of these trends. The piece encourages investors to focus on central bank liquidity and offers free access to Zacks' stock-picking strategies.",https://www.nasdaq.com/articles/zacks-investment-ideas-feature-highlights-amazon-advanced-micro-devices-nvidia-bloom,Nasdaq,Nasdaq,20251126T030700,,0.418542,Bullish,0.804222,0.412809,Bullish
NVDA,Splintering AI trade; Dell’s forecast; Deere to report - what’s moving markets,"US stock futures edged higher as investors focused on a potential shift in the AI sector, with Alphabet gaining and Nvidia feeling competitive pressure. Dell Technologies significantly raised its annual guidance due to strong AI server demand, while Deere & Co is set to report quarterly results amidst signs of a clearing gloom in the agricultural sector. The Federal Reserve's ""Beige Book"" report is also anticipated to provide crucial insights into the economy, influencing expectations for a December interest rate cut.",https://www.investing.com/news/economy-news/splintering-ai-trade-dells-forecast-deere-to-report--whats-moving-markets-4378951,Investing.com,Investing.com,20251126T035100,https://i-invdn-com.investing.com/news/moved_LYNXMPEL3E0MC_L.jpg,0.187295,Somewhat-Bullish,0.735793,-0.238948,Somewhat-Bearish
NVDA,Should You Buy Advanced Micro Devices (AMD) Stock After Its 23% Drop?,"Advanced Micro Devices (AMD) stock has dropped 23% from its peak, presenting a potential buying opportunity despite its current valuation. The company's focus on AI data center chips, including the new MI350 and upcoming MI400 series, positions it for significant growth, with projections of over $100 billion in data center revenue. While AMD trades at a premium to Nvidia, its long-term prospects and projected earnings growth suggest it could be a solid investment for patient investors.",https://finviz.com/news/239235/should-you-buy-advanced-micro-devices-amd-stock-after-its-23-drop,Finviz,Finviz,20251126T041300,https://g.foolcdn.com/image/?url=https%3A%2F%2Fg.foolcdn.com%2Feditorial%2Fimages%2F844239%2Fthe-front-of-advanced-micro-devices-headquarters-with-the-amd-logo-at-the-top-of-the-building.jpg&w=700,0.131473,Neutral,0.836514,0.115716,Neutral
NVDA,"Autodesk Direct Sales Skyrocket 85% In Q3 Fiscal 2026: 'Things Were As We Expected They Would Be,' Says CFO","Autodesk Inc. reported an 85% surge in direct sales for Q3 fiscal 2026, driven by its online store and new transaction model, exceeding analyst expectations for revenue and earnings. CFO Janesh Moorjani confirmed that the direct revenue growth was anticipated, attributing it to customers shifting from resellers and strong international demand. The company posted $1.85 billion in revenue and adjusted earnings of $2.67 per share, both beating consensus estimates, and saw its stock climb in after-hours trading.",https://www.benzinga.com/markets/tech/25/11/49078478/autodesk-direct-sales-skyrocket-85-in-q3-fiscal-2026-things-were-as-we-expected-they-would-be-says-cfo,Benzinga,Benzinga,20251126T044500,https://www.benzinga.com/files/images/story/2025/11/26/Autodesk--Inc-_0.jpeg?quality=85&auto=webp&width=850,0.21737,Somewhat-Bullish,0.620909,0.005644,Neutral
NVDA,Nvidia’s Stock Is Sinking as Doubts About Its AI Dominance Grow,"Nvidia's stock is experiencing a significant decline due to increasing concerns about its dominance in the AI semiconductor market. A report suggesting Alphabet Inc.'s AI processors are gaining ground, coupled with investor fears of an AI spending bubble and Nvidia's circular investments, have erased over $700 billion in market value this month. Despite losing market share, Nvidia's revenue and profit growth still outpace its peers, with Wall Street analysts largely maintaining buy ratings due to its continued strong performance.",https://finance.yahoo.com/news/nvidia-stock-sinking-doubts-ai-094733779.html,Yahoo Finance,Yahoo Finance,20251126T044700,https://s.yimg.com/ny/api/res/1.2/NKZLdgjcvEw1r3CdaUP6vA--/YXBwaWQ9aGlnaGxhbmRlcjt3PTIzMDtoPTQ4O2NmPXdlYnA-/https://s.yimg.com/os/creatr-uploaded-images/2024-12/f47ae180-c22f-11ef-bb6b-8c68a34cf959,-0.10804,Neutral,1.000000,-0.348160,Somewhat-Bearish
NVDA,Should You Buy Ford Stock While It's Under $13?,"Ford stock is trading up over 17% this year, but its investment viability is challenged by its EV strategy, which has so far been largely unsuccessful and loss-making for its Model e business. While CEO Jim Farley's commitment to EV investment is a long-term positive, the stock is considered risky and primarily for value investors willing to accept potential downsides if its big EV bet fails, despite appearing cheap at 12.5 times estimated 2025 earnings.",https://finance.yahoo.com/news/buy-ford-stock-while-under-101000407.html,Yahoo Finance,Yahoo Finance,20251126T051000,https://s.yimg.com/ny/api/res/1.2/PJ0bieE00kaRNNlQCqqc6w--/YXBwaWQ9aGlnaGxhbmRlcjt3PTE4MjtoPTQ4O2NmPXdlYnA-/https://s.yimg.com/os/creatr-uploaded-images/2020-10/515f50a0-0f30-11eb-9ebf-0273aacc9ef0,0.177728,Somewhat-Bullish,0.632854,0.324038,Somewhat-Bullish
NVDA,ASML stock rises as Morgan Stanley names it ’Top Pick’,"ASML's shares rose after Morgan Stanley upgraded its price target to €1,000 from €975 and named the company its ""Top Pick"" in European semiconductors. The bank cited strengthening demand across memory and logic and firming margin trends heading into 2026, driven by DRAM technology transitions and anticipated higher EUV sales. Morgan Stanley believes a recovery cycle is underway and sees recent share price weakness as an attractive entry point.",https://www.investing.com/news/stock-market-news/asml-stock-rises-as-morgan-stanley-names-it-top-pick-4379081,Investing.com,Investing.com,20251126T052000,https://i-invdn-com.investing.com/news/moved_LYNXNPEL0T0P4_L.jpg,0.267727,Somewhat-Bullish,0.714569,0.398635,Bullish
NVDA,Qualcomm Unveils Snapdragon 8 Gen 5 Mobile Platform,"Qualcomm Technologies has announced the Snapdragon 8 Gen 5 Mobile Platform, a premium offering designed to enhance flagship mobile experiences with cutting-edge AI, camera innovations, and immersive gaming. This new platform features the Qualcomm Oryon CPU, boosting speeds up to 3.8 GHz and delivering significant performance improvements, alongside the Qualcomm Adreno GPU with an innovative sliced architecture for enhanced graphics. The Snapdragon 8 Gen 5 also integrates the Qualcomm AI Engine and Sensing Hub, providing context-aware interactions and intelligent on-device experiences, and will be incorporated into flagship devices from major global OEMs.",https://www.techpowerup.com/343309/qualcomm-unveils-snapdragon-8-gen-5-mobile-platform,TechPowerUp,TechPowerUp,20251126T052900,https://tpucdn.com/images/news/qualcomm-v1764098003.png,0.321877,Somewhat-Bullish,0.569692,0.121150,Neutral
NVDA,Should State Street SPDR Portfolio S&P 500 ETF (SPYM) Be on Your Investing Radar?,"The State Street SPDR Portfolio S&P 500 ETF (SPYM) is highlighted as a strong option for investors seeking broad exposure to the Large Cap Blend segment of the US equity market, especially given its low expense ratio of 0.02%. The article details its sector allocation, top holdings including Nvidia, Apple, and Microsoft, and its performance, noting a 202.68% year-to-date return. It also compares SPYM to similar ETFs like IVV and VOO, emphasizing its ""Buy"" rank from Zacks ETF Rank.",https://www.nasdaq.com/articles/should-state-street-spdr-portfolio-sp-500-etf-spym-be-your-investing-radar,Nasdaq,Nasdaq,20251126T062000,,0.265923,Somewhat-Bullish,0.611882,0.327199,Somewhat-Bullish
NVDA,Is Adobe Stock Underperforming the Dow?,"Adobe Inc. (ADBE) stock has significantly underperformed the Dow Jones Industrials Average ($DOWI) over the past three months, year-to-date, and over the past 52 weeks, despite being a large-cap software company with strong core segments. Although the company reported better-than-expected Q3 2025 results and issued an optimistic forecast, its stock performance has lagged its rival Automatic Data Processing, Inc. (ADP). Analysts, however, remain moderately optimistic with a ""Moderate Buy"" rating and a significant upside potential to the mean price target.",https://markets.financialcontent.com/wral/article/barchart-2025-11-26-is-adobe-stock-underperforming-the-dow,Markets Financial Content,Markets Financial Content,20251126T064700,,-0.013253,Neutral,0.581285,0.103921,Neutral
NVDA,ALAB vs. CSCO: Which Stock Offers Greater AI Infrastructure Upside?,"This article evaluates Astera Labs (ALAB) and Cisco Systems (CSCO) as key beneficiaries of surging AI infrastructure demand. It analyzes their financial performance, growth opportunities, and challenges, concluding that Astera Labs offers higher-growth potential despite its premium valuation, while Cisco provides broader diversification and stability. Both companies are currently rated as Zacks Rank #3 (Hold).",https://finviz.com/news/239433/alab-vs-csco-which-stock-offers-greater-ai-infrastructure-upside,Finviz,Finviz,20251126T072000,https://staticx-tuner.zacks.com/images/articles/charts/88/133767.jpg?v=1752032954,0.147369,Neutral,0.641930,0.064912,Neutral
NVDA,"GraniteShares Announces Weekly Distributions for its YieldBOOST ETFs: COYY, TSYY, NVYY, XBTY, AMYY, TQQY, AZYY, YSPY, MTYY, PLYY, HOYY, SMYY, BBYY, FBYY, IOYY, MAAY, NUGY, SEMY, QBY and RGYY","GraniteShares has announced the weekly distributions for its YieldBOOST ETFs, including COYY, TSYY, NVYY, and many others, effective November 26, 2025. The announcement includes a detailed table outlining distribution per share, distribution rate, and other financial metrics for each ETF. The company also provides important disclaimers regarding distribution guarantees, performance, and investment risks associated with these ETFs.",https://www.globenewswire.com/news-release/2025/11/26/3195105/0/en/graniteshares-announces-weekly-distributions-for-its-yieldboost-etfs-coyy-tsyy-nvyy-xbty-amyy-tqqy-azyy-yspy-mtyy-plyy-hoyy-smyy-bbyy-fbyy-ioyy-maay-nugy-semy-qby-and-rgyy.html,GlobeNewswire,GlobeNewswire,20251126T080000,https://ml.globenewswire.com/media/NGE0N2JkNjMtYjY2Ny00Y2VlLTlkYzktYzkyZjU5MDg1ODQyLTUwMDA0NjY3OC0yMDI1LTExLTI2LWVu/tiny/GraniteShares.png,0.297102,Somewhat-Bullish,0.634860,0.256022,Somewhat-Bullish
NVDA,"The Zacks Analyst Blog NVIDIA, AT&T and Amgen","This Zacks Analyst Blog highlights NVIDIA, AT&T, and Amgen, featuring detailed research reports on each company's recent performance, market position, and future outlook. It discusses NVIDIA's AI dominance, AT&T's wireless growth and fiber expansion, and Amgen's strong drug sales, while also addressing challenges like GPU supply limits, competitive pressures, and pricing headwinds. The blog emphasizes Zacks Equity Research's daily analysis of key financial markets and recommends access to these comprehensive reports for investors.",https://www.sharewise.com/de/news_articles/The_Zacks_Analyst_Blog_NVIDIA_ATT_and_Amgen_Zacks_20251126_0802,www.sharewise.com,www.sharewise.com,20251126T080200,NULL,0.18244,Somewhat-Bullish,0.920982,0.200487,Somewhat-Bullish
NVDA,Alphabet gets closer to $4 trillion as Morgan Stanley puts a big number around its chip potential,"Alphabet is nearing a $4 trillion valuation, fueled by speculation regarding its AI chip potential and market share competition with Nvidia. Morgan Stanley analysts suggest that Alphabet could be shipping between 500,000 to 1,000,000 of its custom tensor-processing units (TPUs) by 2027, highlighting the significant impact of its AI endeavors. This follows reports that Meta is considering purchasing billions of dollars' worth of Alphabet's specialized AI microchips.",https://www.marketwatch.com/story/alphabet-gets-closer-to-4-trillion-as-morgan-stanley-puts-a-big-number-around-its-chip-potential-8a0fa5cb?gaa_at=eafs&gaa_n=AWEtsqcY5evo4SaVk7aTdVJxBrG90gE2uRxaG6Gt1lwfQc4AZyvbDmSaSm74&gaa_ts=69270566&gaa_sig=GpmrDZYEoRbpKTRJsW6ZriURygRpXyt60INWZPRh3zXYIZ0qPi5yGYvbOfGJ_9Mr9QkoSSvkda-BstNb0Zwygw%3D%3D,MarketWatch,MarketWatch,20251126T082700,https://images.mktw.net/im-29606230?width=1260&height=840,0.224485,Somewhat-Bullish,0.747865,-0.212469,Somewhat-Bearish
NVDA,A Brave New World in AI Hardware: Are Qualcomm's and Alphabet's New Chips Game Changers?,"Nvidia currently dominates the AI hardware market, but its lead is being challenged by new chip announcements from Qualcomm and Alphabet. Qualcomm's new AI chips (AI200 and AI250) aim to compete on the low end with greater energy efficiency, while Alphabet's Ironwood TPU targets high-end AI training. This emerging competition could disrupt Nvidia's near-monopoly, with other players like AMD also making moves in the market.",https://finviz.com/news/239479/a-brave-new-world-in-ai-hardware-are-qualcomms-and-alphabets-new-chips-game-changers,Finviz,Finviz,20251126T083600,https://g.foolcdn.com/image/?url=https%3A%2F%2Fg.foolcdn.com%2Feditorial%2Fimages%2F844566%2Fai-chip.jpg&w=700,0.170716,Somewhat-Bullish,0.922508,0.066161,Neutral
NVDA,Should Equinix’s (EQIX) AI Leadership and C$700M Notes Issue Prompt Investor Action?,"Equinix recently appointed Dr. Yang Song as SVP, Chief Data Science and AI Officer, and issued C$700 million in 4.000% Senior Notes due 2032, enhancing its digital innovation capabilities and financial flexibility. While these moves support future growth, the company's investment narrative continues to hinge on the demand for AI, cloud, and interconnection services, alongside the persistent risk of high leverage and interest rate exposure. Equinix projects significant revenue and earnings growth by 2028, with community fair value estimates showing a wide range, underscoring the importance of considering various perspectives on its valuation.",https://simplywall.st/stocks/us/real-estate/nasdaq-eqix/equinix/news/should-equinixs-eqix-ai-leadership-and-c700m-notes-issue-pro/amp,Simply Wall Street,Simply Wall Street,20251126T085057,,0.168193,Somewhat-Bullish,0.634964,0.109744,Neutral
NVDA,NVIDIA Corporation $NVDA Shares Purchased by ELCO Management Co. LLC,"ELCO Management Co. LLC increased its stake in NVIDIA Corporation by 16.3% in the second quarter, making NVIDIA its 12th largest holding. Several other institutional investors also adjusted their positions in NVIDIA, which currently has a ""Buy"" rating from analysts with a consensus price target of $258.19. The company reported strong quarterly earnings, significant revenue growth, and announced a quarterly dividend, while insiders also engaged in considerable stock sales.",https://www.marketbeat.com/instant-alerts/filing-nvidia-corporation-nvda-shares-purchased-by-elco-management-co-llc-2025-11-26/,MarketBeat,MarketBeat,20251126T085250,https://www.marketbeat.com/logos/nvidia-co-logo-1200x675.jpg?v=20221020142916,0.412245,Bullish,1.000000,0.420343,Bullish
NVDA,The Broadcom Story Explained,"Broadcom, often overshadowed by other chipmakers, plays a critical role in the AI ecosystem by providing the networking backbone and custom silicon for large AI clusters. The company's unique strategy involves aggressive acquisitions of software companies like VMware, blending semiconductor growth with high-margin recurring software revenue. This approach has allowed Broadcom to achieve significant market value growth by embedding itself deeply within essential digital infrastructure.",https://www.indmoney.com/blog/us-stocks/the-broadcom-story-explained,INDmoney,INDmoney,20251126T090547,"https://strapi-cdn.indmoney.com/cdn-cgi/image/quality=80,format=auto,metadata=copyright,width=700/https://strapi-cdn.indmoney.com/xlarge_Frame_1321320980_1_31a976cf1e.png",0.443492,Bullish,0.620117,0.328635,Somewhat-Bullish
NVDA,Is QUALCOMM Stock Underperforming the Nasdaq?,"This article analyzes Qualcomm's stock performance relative to the Nasdaq, highlighting its underperformance despite its strong market position in semiconductors and wireless technology. It details Qualcomm's key strengths, recent financial results, and compares its stock growth with competitors like NVIDIA, while also presenting analyst ratings.",https://www.barchart.com/story/news/36320865/is-qualcomm-stock-underperforming-the-nasdaq,Barchart.com,Barchart.com,20251126T090654,https://media.barchart.com/contributors-admin/common-images/images/S%26P%20500%20Companies/Technology%20(names%20J%20-%20Z)/Qualcomm%2C%20Inc_%20logo%20on%20pc%20and%20website%20on%20phone-by%20T_Schneider%20via%20Shutterstock.jpg,0.217968,Somewhat-Bullish,0.620286,0.310844,Somewhat-Bullish
NVDA,"Dell, HP, NetApp, Zscaler, Nutanix earnings paint varied AI picture","This article reviews the Q3 2025 earnings of Dell, HP, NetApp, Zscaler, and Nutanix, highlighting varied performances driven significantly by AI. Dell and NetApp exceeded expectations due to strong AI demand, while HP announced layoffs and offered a disappointing outlook. Zscaler beat expectations but provided cautious forecasts, and Nutanix lowered its annual outlook due to a revenue shift.",https://www.techzine.eu/news/infrastructure/136715/dell-hp-netapp-zscaler-nutanix-earnings-paint-varied-ai-picture/,Techzine Global,Techzine Global,20251126T091600,https://www.techzine.eu/wp-content/uploads/2025/11/shutterstock_2521995165-768x512.jpg,0.334429,Somewhat-Bullish,0.622706,0.345531,Somewhat-Bullish
NVDA,Intel CEO defends hiring former TSMC exec: ‘He continues to have our full support’,"Intel CEO Lip-Bu Tan defended the company's hiring of former TSMC executive Wei-Jen Lo, despite a lawsuit from TSMC alleging a nondisclosure agreement violation. Tan asserted that Intel acted ethically and that Lo, who will work in Intel's manufacturing and packaging business, has the company's full support. Intel views the hiring as part of its strategy to revitalize engineering and reclaim market share from TSMC, which also manufactures some of Intel's advanced chips.",https://www.oregonlive.com/silicon-forest/2025/11/intel-ceo-defends-hiring-former-tsmc-exec-he-continues-to-have-our-full-support.html,OregonLive.com,OregonLive.com,20251126T092000,https://www.oregonlive.com/resizer/v2/AEHWCJVJQ5BSXMIJSLBJJ5RVAY.jpg?auth=8695c00a2fbad5865b2894fd928384fdc99f893b6aafe350e9dc31c01e37c2c5&width=1280&smart=true&quality=90,0.165036,Somewhat-Bullish,0.600426,0.119839,Neutral
NVDA,Nvidia and AMD: Maintain Fair Value Estimate Amid Reports of Meta’s Negotiations to Buy Google TPUs,"Morningstar maintains its fair value estimates for Nvidia and AMD despite reports that Meta Platforms is negotiating to buy Google's custom Tensor Processing Unit (TPU) chips for AI. While these reports introduce risk regarding market share, Morningstar believes Nvidia's software dominance and AMD's evolving partnership with Meta will help them retain their positions in the AI chip market. The analysts acknowledge the rapidly changing AI dynamics and the potential for a shift in Meta's ASIC strategy but do not see it as an immediate threat to the long-term prospects of Nvidia or AMD.",https://www.morningstar.com/stocks/nvidia-amd-maintain-fair-value-estimate-amid-reports-metas-negotiations-buy-google-tpus,Morningstar,Morningstar,20251126T102157,https://cloudfront-us-east-1.images.arcpublishing.com/morningstar/5LC2TW35BBCV7K4NYM6LAV3QYU.jpg,0.032825,Neutral,0.323346,0.035774,Neutral
NVDA,How Is Advanced Micro Devices' Stock Performance Compared to Other Semiconductor Stocks?,"Advanced Micro Devices (AMD) has shown strong stock performance, significantly outperforming the iShares Semiconductor ETF (SOXX) both year-to-date and over the past 52 weeks, driven by its growth in data center AI chips and strong earnings. Despite a recent slip from its 52-week high, analysts maintain a ""Moderate Buy"" rating with a substantial potential upside. The article details AMD's market cap, product portfolio, and competitive position against NVIDIA within the semiconductor industry.",https://markets.financialcontent.com/wral/article/barchart-2025-11-26-how-is-advanced-micro-devices-stock-performance-compared-to-other-semiconductor-stocks,Markets Financial Content,Markets Financial Content,20251126T102200,,0.305784,Somewhat-Bullish,0.629111,0.209251,Somewhat-Bullish
NVDA,Alphabet: Gemini Momentum and Possible Meta TPU Deal Underscore AI Capability,"Alphabet's recent Gemini 3 model launch and a rumored TPU deal with Meta are highlighting its strong position as an AI leader. Morningstar maintains its $340 fair value estimate for Alphabet, viewing the company as well-positioned in the AI space, especially with potential new revenue streams from external TPU sales.",https://www.morningstar.com/stocks/alphabet-strong-gemini-momentum-possible-meta-tpu-deal-underscore-ai-capability,Morningstar,Morningstar,20251126T104902,https://morningstar-morningstar-prod.web.arc-cdn.net/resizer/_Z1NK7Tb_W4443Iu-4Is9jfXP_g=/2400x2400/cloudfront-us-east-1.images.arcpublishing.com/morningstar/5LC2TW35BBCV7K4NYM6LAV3QYU.jpg,0.30528,Somewhat-Bullish,0.625323,0.132413,Neutral
NVDA,Alphabet: Gemini Momentum and Possible Meta TPU Deal Underscore AI Capability,"Alphabet's shares have risen recently due to its new Gemini 3 model and a rumored TPU deal with Meta, positioning the company as a key AI leader. Morningstar maintains a $340 fair value estimate for Alphabet, citing its comprehensive AI strategy and the potential for new revenue streams from external TPU sales. The article suggests further upside if these external sales significantly ramp up.",https://global.morningstar.com/en-gb/stocks/alphabet-gemini-momentum-possible-meta-tpu-deal-underscore-ai-capability,Morningstar Canada,Morningstar Canada,20251126T105123,https://morningstar-morningstar-prod.web.arc-cdn.net/resizer/mxV_cEtNt2NpUYzclwnVhBxVics=/2000x2000/author-service-images-prod-us-east-1.publishing.aws.arc.pub/morningstar/4ef98a5a-6be5-4127-a335-3568837ad0cd.jpg,0.220654,Somewhat-Bullish,0.630932,0.034676,Neutral
NVDA,Brookfield Infrastructure Partners stock hits 52-week high at 36.11 USD,"Brookfield Infrastructure Partners (BIP) stock has reached a 52-week high of $36.11, demonstrating strong performance with a 17.25% year-to-date return and a 4.8% dividend yield. The company also reported impressive Q3 2025 financial results, with EPS of $0.44 and revenue of $5.98 billion, significantly surpassing expectations. BMO Capital raised its price target for BIP to $43, anticipating double-digit FFO growth from 2026 due to data infrastructure investments.",https://www.investing.com/news/company-news/brookfield-infrastructure-partners-stock-hits-52week-high-at-3611-usd-93CH-4380066,Investing.com,Investing.com,20251126T110300,https://i-invdn-com.investing.com/news/World_News_9_800x533_L_1420026261.jpg,0.002851,Neutral,0.528328,-0.219420,Somewhat-Bearish
NVDA,"Google TPUs Are 'Cost-Effective Hedge,' Not Replacement For Nvidia, Strategist Says","A market strategist argues that Meta Platforms' reported shift to Google's TPUs for AI hardware is a ""cost-effective hedge"" against Nvidia's supply shortages, not a replacement for Nvidia's dominant GPUs. He highlights high switching costs and software friction as barriers to a wholesale shift away from Nvidia's ecosystem. Nvidia also asserted its hardware remains ""a generation ahead"" despite Google's success.",https://www.sahmcapital.com/news/content/google-tpus-are-cost-effective-hedge-not-replacement-for-nvidia-strategist-says-2025-11-26,Sahm,Sahm,20251126T110500,,0.026448,Neutral,1.000000,-0.294050,Somewhat-Bearish
NVDA,"Buy Post-Earnings Dip, Amazon Is Still Top Pick: Analyst","JP Morgan analyst Doug Anmuth maintained an Overweight rating on Amazon, advising investors to ""buy the dip"" after its post-earnings pullback. Anmuth highlights Amazon's strong cloud and AI momentum, particularly in Amazon Web Services, and its deepening partnerships with Anthropic and OpenAI, expecting significant growth acceleration into 2026. Despite recent market noise and competitive concerns, he believes upcoming disclosures at the re:Invent conference will alleviate investor worries and reinforce Amazon as a top pick.",https://www.benzinga.com/analyst-stock-ratings/reiteration/25/11/49087825/buy-post-earnings-dip-amazon-is-still-top-pick-analyst,Benzinga,Benzinga,20251126T111200,https://www.benzinga.com/files/images/story/2025/11/26/Amazon.jpeg?quality=85&auto=webp&width=850,0.244091,Somewhat-Bullish,0.554528,0.119572,Neutral
NVDA,Should Equinix’s (EQIX) AI Leadership and C$700M Notes Issue Prompt Investor Action?,"Equinix recently appointed Dr. Yang Song as SVP, Chief Data Science and AI Officer, and issued C$700 million in 4.000% Senior Notes due 2032. These moves bolster Equinix's AI capabilities and financial flexibility to support growth. While these developments are positive, the article highlights the continued importance of enterprise AI demand and the company's existing high leverage as key factors for investors to consider.",https://www.sahmcapital.com/news/content/should-equinixs-eqix-ai-leadership-and-c700m-notes-issue-prompt-investor-action-2025-11-26,Sahm,Sahm,20251126T113000,https://images.simplywall.st/company/07f21095-67df-430d-a314-78ff8fd1ca12/chart/community-fair-value,0.151335,Somewhat-Bullish,0.633919,0.125557,Neutral
NVDA,"JPMorgan Chase & Co. Has $287.89 Million Position in Comfort Systems USA, Inc. $FIX","JPMorgan Chase & Co. increased its stake in Comfort Systems USA, Inc. by 3.4% in the second quarter, holding approximately $287.89 million worth of shares. Comfort Systems USA reported strong quarterly earnings and revenue, increased its dividend, and has received positive analyst ratings with a ""Buy"" consensus. Insider transactions show recent sales by directors totaling over $14 million, while institutional ownership remains high.",https://www.marketbeat.com/instant-alerts/filing-jpmorgan-chase-co-has-28789-million-position-in-comfort-systems-usa-inc-fix-2025-11-25/,MarketBeat,MarketBeat,20251126T113456,https://www.marketbeat.com/logos/comfort-systems-usa-inc-logo-1200x675.png?v=20240424085012,0.182029,Somewhat-Bullish,0.605096,0.120256,Neutral
NVDA,CenterPoint Energy Stock Forecast: Where Analysts See the Stock Going by 2027,"CenterPoint Energy (NYSE: CNP) is trading near its 52-week high at $40/share, benefiting from predictable rate base growth and stable regulated operations. Analysts project a modest upside with an average price target of $43/share by 2027, implying about 8% upside, but TIKR's Guided Valuation Model suggests a more conservative 3.5% total return to $41/share by 2027. The company's stable fundamentals, continued infrastructure investment, and customer growth drive optimism, though moderate growth and interest rate sensitivity pose potential challenges to significant outperformance.",https://www.tikr.com/blog/centerpoint-energy-stock-forecast-where-analysts-see-the-stock-going-by-2027,TIKR.com,TIKR.com,20251126T113616,"https://res.cloudinary.com/tikr/images/f_auto,q_auto,w_800/v1764143477/images/CenterPoint-Energy-stock-1/CenterPoint-Energy-stock-1",0.262786,Somewhat-Bullish,0.641393,0.292681,Somewhat-Bullish
NVDA,Nvidia's stock is sinking as doubts about its AI dominance grow,"Nvidia's stock is declining amid growing concerns about its AI chip market dominance, with rivals like Google gaining ground. The chipmaker's shares have fallen significantly, leading to a reassessment of its valuation despite strong revenue growth projections and overwhelming buy ratings from analysts. While competition is increasing, Nvidia maintains it is a generation ahead and continues to forecast strong revenues from its AI chips.",https://www.investmentnews.com/equities/nvidias-stock-is-sinking-as-doubts-about-its-ai-dominance-grow/263264,InvestmentNews,InvestmentNews,20251126T115137,"https://cdn-res.keymedia.com/cdn-cgi/image/w=1000,h=600,f=auto/https://cdn-res.keymedia.com/cms/images/in/deni_638997536608019163.jpg",0.075839,Neutral,1.000000,-0.289556,Somewhat-Bearish
NVDA,[424B2] GOLDMAN SACHS GROUP INC Prospectus Supplement,"GS Finance Corp., guaranteed by The Goldman Sachs Group, Inc., is issuing auto-callable structured notes linked to the Class A common stock of Strategy Inc (formerly MicroStrategy), UnitedHealth Group, Rocket Companies Class A, and NVIDIA. These notes mature on December 3, 2030, but can be automatically called earlier if specific stock price conditions are met, offering monthly coupons dependent on the underlying stocks' performance. The filing details the terms, risks, hypothetical examples, tax consequences, and anti-dilution adjustments related to these equity-linked notes.",https://www.stocktitan.net/sec-filings/GS/424b2-goldman-sachs-group-inc-prospectus-supplement-96f3e633082d.html,Stock Titan,Stock Titan,20251126T115300,https://www.stocktitan.net/img/logo/stock-titan-logo-header-free.png,0.143076,Neutral,0.840182,0.112658,Neutral
NVDA,NRG Energy Stock Prediction: Where Analysts See the Stock Going by 2027,"This article analyzes NRG Energy Inc. (NYSE: NRG) stock performance and future predictions by Wall Street analysts and TIKR’s valuation model. While analysts see a modest upside to $208/share by 2027 due to strong execution, TIKR's model suggests a more cautious outlook at $137/share, reflecting potential normalization of margins. The discrepancy highlights the debate between sustained high performance and a return to long-term averages for NRG.",https://www.tikr.com/blog/nrg-energy-stock-prediction-where-analysts-see-the-stock-going-by-2027,TIKR.com,TIKR.com,20251126T122152,"https://res.cloudinary.com/tikr/images/f_auto,q_auto,w_800/v1764145336/images/NRG-Energy-stock-2_85881eaf46/NRG-Energy-stock-2_85881eaf46",0.205346,Somewhat-Bullish,0.633492,0.340639,Somewhat-Bullish
NVDA,Why Astronics (ATRO) Stock Is Up Today,"Shares of Astronics Corporation (NASDAQ: ATRO) jumped 5.6% after TD Cowen initiated coverage with a ""Buy"" rating and a $65 price target, driving the stock to a new 52-week high. This positive analyst sentiment, specifically from Gautam Khanna, highlighted perceived upside and fueled investor confidence. Despite recent market volatility and broader macroeconomic anxieties, Astronics has seen a 242% increase year-to-date.",https://finviz.com/news/239817/why-astronics-atro-stock-is-up-today,Finviz,Finviz,20251126T123500,https://news-assets.stockstory.org/cover-images/_1400x700_crop_center-center_none/astronics-cover-image-81f15aa4f3a0_2024-06-01-183210_hsin.jpeg,0.147356,Neutral,0.605205,-0.332207,Somewhat-Bearish
NVDA,AMD Stock Extends Decline In Pre-Market On Meta’s Reported Interest In Google’s TPUs – Mizuho Warns Of A ‘Modest Challenge’,"AMD stock experienced a decline in pre-market trading following reports that Meta Platforms is considering using Google's Tensor Processing Units (TPUs) for its AI infrastructure. Mizuho analysts acknowledge this could pose a ""modest challenge"" to AMD's AI accelerator ambitions but emphasize that AMD's MI300X GPUs still hold a competitive edge for training large language models. The report also highlights that Google's TPUs are primarily for internal use and not widely available to third parties.",https://www.msn.com/en-us/money/markets/amd-stock-extends-decline-in-pre-market-on-meta-s-reported-interest-in-google-s-tpus-mizuho-warns-of-a-modest-challenge/ar-AA1RcgkE?ocid=finance-verthp-feeds,MSN,MSN,20251126T123537,,-0.093471,Neutral,0.619834,0.147255,Neutral
NVDA,GE HealthCare unveils Pristina Recon DL for mammography – deep learning image reconstruction technology delivering clearer image quality,"GE HealthCare has received FDA Premarket Authorization for Pristina Recon DL, an AI-powered 3D mammography reconstruction application designed to deliver sharper images and enhance detection. This deep learning technology aims to improve diagnostic confidence, workflow efficiency, and patient experience in breast imaging. The company collaborated with academic institutions and imaging centers to develop and validate the algorithms for this innovation.",https://www.businesswire.com/news/home/20251125640145/en/GE-HealthCare-unveils-Pristina-Recon-DL-for-mammography-deep-learning-image-reconstruction-technology-delivering-clearer-image-quality,Business Wire,Business Wire,20251126T130607,https://mms.businesswire.com/media/20251125640145/en/1907724/4/GE_HealthCare_logo_NEW_March_2023.jpg,0.405979,Bullish,0.638461,0.314869,Somewhat-Bullish
NVDA,"ASML Named ‘Top Semiconductor Pick’ in Europe by Morgan Stanley, Stock Jumps","Morgan Stanley analyst Lee Simpson has named ASML the ""Top Pick"" in European semiconductors, raising its price target to €1,000 due to strengthening demand in memory and logic chipmaking. ASML is expected to benefit from the DRAM wave, an increase in EUV layers for advanced chip fabrication, and new orders from major manufacturers like Samsung and Taiwan Semiconductor, despite a projected decline in China demand. The stock currently holds a Strong Buy consensus rating with a 12.3% upside potential.",https://www.tipranks.com/news/asml-named-top-semiconductor-pick-in-europe-by-morgan-stanley-stock-jumps,TipRanks,TipRanks,20251126T130618,https://blog.tipranks.com/wp-content/uploads/2025/11/shutterstock_2593832411-750x406.jpg,0.306956,Somewhat-Bullish,0.743546,0.303112,Somewhat-Bullish
NVDA,Spire and Planet expand satellite fleets on Transporter 15 mission,"Spire Global Inc and Planet Labs PBC have significantly expanded their satellite fleets following SpaceX's Transporter 15 mission. Planet deployed new AI-enabled Pelican satellites for high-resolution imagery and additional SuperDoves, while Spire launched eleven satellites for its Space Services customers, including methane monitoring for GHGSat, IoT payloads for Lacuna Space, and replenishment satellites for weather and maritime applications. Both companies are advancing their capabilities in Earth observation, environmental monitoring, and data collection.",https://spacedaily.com/spire-and-planet-expand-satellite-fleets-on-transporter-15-mission-999/,Space Daily,Space Daily,20251126T130902,https://spacedaily.com/wp-content/uploads/2026/03/team-vandenberg-spacex-falcon-9-formosat-5-hg.jpg,0.314561,Somewhat-Bullish,0.646287,0.201948,Somewhat-Bullish
NVDA,Alphabet Stock Poised to Extend Gains; Nvidia Eyes More Losses,"Alphabet stock is poised for gains while Nvidia faces potential losses after a report that Meta Platforms is in talks to use Google-made AI chips. This development, previously reported by The Information and now by The Wall Street Journal, could challenge Nvidia's market dominance. Shares of Google parent Alphabet rose in premarket trading, while Nvidia and rival AMD both fell.",https://www.wsj.com/livecoverage/stock-market-today-dow-sp-500-nasdaq-11-26-2025/card/alphabet-stock-poised-to-extend-gains-nvidia-shares-remain-on-defensive-0XiPHAZIRY6GYwJIXAi9?gaa_at=eafs&gaa_n=AWEtsqcXCStsYk_DiLaX_gk8J2t6kr9OMATsSfAYcagcJwCrZ5ljGSFPnzwD&gaa_ts=692701e0&gaa_sig=eKHHNj7xUjEUVyK_7HAc2vzL22D_9WA8JYHY__DNNZK0LRsUlTx2g8W6OY1hPN4mLaIal8VwDBEau0u_ORNETA%3D%3D,The Wall Street Journal,The Wall Street Journal,20251126T132144,https://images.wsj.net/im-71298279/social,0.051183,Neutral,0.849117,-0.403317,Bearish
NVDA,Gartner Says Electricity Demand for Data Centers to Grow 16% in 2025 and Double by 2030,"Gartner predicts that global electricity demand for data centers will increase by 16% in 2025 and double by 2030, rising from 448 terawatt hours (TWh) to 980 TWh. This surge is primarily driven by AI-optimized servers, whose electricity usage is expected to nearly quintuple from 93 TWh to 432 TWh in the same period. The report also highlights the need for cleaner power alternatives for data centers, moving away from fossil fuels.",https://cxotoday.com/press-release/gartner-says-electricity-demand-for-data-centers-to-grow-16-in-2025-and-double-by-2030/,CXOToday.com,CXOToday.com,20251126T132400,https://cxotoday.com/wp-content/uploads/2020/01/image004-1.jpg,0.215673,Somewhat-Bullish,0.649856,0.333581,Somewhat-Bullish
NVDA,"Chinese regulators block ByteDance from using Nvidia chips, The Information reports","Chinese regulators have reportedly blocked ByteDance, the owner of TikTok, from using Nvidia chips in new data centers, according to The Information. This move highlights Beijing's strategy to reduce reliance on U.S. technology and encourages the use of homegrown processors. The ban comes as Washington tightens restrictions on advanced semiconductor exports to China, prompting Nvidia to state that the ""regulatory landscape does not allow us to offer a competitive data center GPU in China.""",https://www.reuters.com/world/china/chinese-regulators-block-bytedance-using-nvidia-chips-information-reports-2025-11-26/,Reuters,Reuters,20251126T132600,https://www.reuters.com/resizer/v2/NK432M6CRJKHFPKZCHW57OBMIA.jpg?auth=bf44fbf307550a050e80811059748a72a5e83054fb78360f93ad532be3d3b12f&width=1080&quality=80,-0.604305,Bearish,1.000000,-0.636487,Bearish
NVDA,Cipher Mining Amplified: New 2x ETF Lets Traders Double Down On Bitcoin Miner,"REX Shares and Tuttle Capital Management have launched the T-REX 2X Long CIFR Daily Target ETF (BATS: CIFU), allowing traders to gain amplified exposure to Bitcoin miner Cipher Mining Inc (NASDAQ: CIFR). This new leveraged single-stock product offers twice the daily performance of Cipher Mining, which is noted for its fast-growing, low-cost, and high-efficiency mining operations powered by renewable energy. The ETF is designed for active traders seeking magnified exposure to the infrastructure supporting the Bitcoin ecosystem.",https://www.benzinga.com/etfs/new-etfs/25/11/49092350/cipher-mining-amplified-new-2x-etf-lets-traders-double-down-on-bitcoin-miner,Benzinga,Benzinga,20251126T132800,https://cdn.benzinga.com/files/images/story/2025/11/26/Bitcoin-ETFs.jpeg?quality=85&auto=webp&width=850,0.389509,Bullish,0.556277,0.276658,Somewhat-Bullish
NVDA,Evercore ISI Raises PT on NVIDIA (NVDA) Stock,"Evercore ISI analyst Mark Lipacis raised the price target for NVIDIA (NVDA) stock from $261 to $352, maintaining a ""Buy"" rating. This decision is based on NVIDIA building inventory to support larger orders, expecting to hit or surpass a $500 billion goal for data center compute orders by 2026. The analyst also highlights NVIDIA's potential to dominate the $3 trillion – $4 trillion annual AI infrastructure market by the decade's end.",https://finance.yahoo.com/news/evercore-isi-raises-pt-nvidia-195920291.html,Yahoo Finance,Yahoo Finance,20251126T135900,,0.423589,Bullish,1.000000,0.439061,Bullish
NVDA,Nvidia is going out of its way to rebut online criticism. Is this savvy PR or adding fuel to the fire?,"Nvidia has actively responded to recent bearish criticisms following a decline in its stock price after an earnings report. This has led to a debate over whether the company's communication strategy is effective public relations or if it inadvertently amplifies investor concerns. The company asserts it is ""a generation ahead of the industry"" amidst these discussions.",https://www.marketwatch.com/story/nvidia-is-going-out-of-its-way-to-rebut-online-criticism-is-this-savvy-pr-or-adding-fuel-to-the-fire-9c4f2a19?gaa_at=eafs&gaa_n=AWEtsqfkhArYxn387HqRKKhWjSID1mZXMEUDrz24QoAryB-2GiW-Rgs81mAP&gaa_ts=69285e01&gaa_sig=tKV4ilWvvUFUlbjSsCmza-7VxsdLkSTnAO2IRQr6L7nxogesc4p5N-9IPmPZNjD11r7WQYuhNEjXWv7f6JZ7FQ%3D%3D,MarketWatch,MarketWatch,20251126T140000,https://images.mktw.net/im-21089027?width=1260&height=840,0.043554,Neutral,0.339272,0.028328,Neutral
NVDA,QTEC: Technology Sector Dashboard For November (NASDAQ:QTEC),"This article provides a top-down analysis of the information technology sector for November, highlighting that the sector is broadly overvalued, particularly in hardware and semiconductors. It examines the First Trust NASDAQ-100-Technology Sector Index ETF (QTEC) as an alternative to other tech ETFs due to its broader definition and better value, despite its underperformance. The analysis identifies six tech stocks that were relatively cheaper in November.",https://seekingalpha.com/article/4845096-qtec-technology-sectordashboard-for-november,Seeking Alpha,Seeking Alpha,20251126T140902,https://static.seekingalpha.com/cdn/s3/uploads/getty_images/2188459063/image_2188459063.jpg?io=getty-c-w630,0.106054,Neutral,0.646421,0.112236,Neutral
NVDA,Should Equinix’s (EQIX) AI Leadership and C$700M Notes Issue Prompt Investor Action?,"Equinix recently appointed Dr. Yang Song as SVP, Chief Data Science and AI Officer, and issued C$700 million in 4.000% Senior Notes due 2032, enhancing its AI capabilities and financial flexibility. This move supports future growth initiatives and digital innovation, though the company's high leverage and interest rate exposure remain key investor considerations. Despite a projected $11.4 billion revenue by 2028 and a fair value estimate of $965.56, investors should critically evaluate its debt situation.",https://simplywall.st/stocks/us/real-estate/nasdaq-eqix/equinix/news/should-equinixs-eqix-ai-leadership-and-c700m-notes-issue-pro,Simply Wall Street,Simply Wall Street,20251126T142043,,0.237473,Somewhat-Bullish,0.602507,0.286817,Somewhat-Bullish
NVDA,"AMD Stock Today, November 26, 2025: Why Advanced Micro Devices Is Slumping Despite a $100 Billion AI Ambition","Advanced Micro Devices (NASDAQ: AMD) stock has tumbled nearly 23% in November 2025, marking its worst month since 2022 despite strong Q3 earnings and ambitious AI data-center growth plans. The decline is attributed to intensifying AI competition from Nvidia and custom silicon like Google's TPUs, investor profit-taking, and broader macroeconomic headwinds. While Wall Street analysts remain largely bullish on AMD's long-term AI prospects, the stock's premium valuation and competitive pressures suggest continued volatility for investors.",https://ts2.tech/en/amd-stock-today-november-26-2025-why-advanced-micro-devices-is-slumping-despite-a-100-billion-ai-ambition/,ts2.tech,ts2.tech,20251126T145643,https://ts2.tech/wp-content/uploads/2025/11/amd-stock-today-november-26-2025-why-advanced-micro-devices-is-slumping-despite-a-100-billion-ai-ambition-featured.jpg,-0.144447,Neutral,0.898644,-0.148938,Neutral
NVDA,"Alphabet (GOOG) Stock Today, November 26, 2025: AI Chips, Near-$4 Trillion Valuation and What It Means for Investors","Alphabet (GOOG) Class C shares saw significant gains on November 26, 2025, flirting with record highs and a near-$4 trillion valuation, driven by its emerging role as a major AI chip and cloud infrastructure player. Analysts from Morgan Stanley highlighted Alphabet's potential to sell 1 million AI accelerator chips annually by 2027, contributing to its valuation alongside Google Cloud growth. The article also details strong Q3 2025 earnings, significant institutional investment, and risks associated with rich valuation and high capital expenditures.",https://ts2.tech/en/alphabet-goog-stock-today-november-26-2025-ai-chips-near-4-trillion-valuation-and-what-it-means-for-investors/,ts2.tech,ts2.tech,20251126T152134,https://ts2.tech/wp-content/uploads/2025/11/alphabet-goog-stock-today-november-26-2025-ai-chips-near-4-trillion-valuation-and-what-it-means-for-investors-featured-1.jpg,0.314012,Somewhat-Bullish,0.738607,0.292075,Somewhat-Bullish
NVDA,General Motors Recharges Digital Future: A Strategic Pivot Towards Software-Defined Vehicles and AI Integration,"General Motors (GM) is undergoing a significant strategic overhaul, shifting its focus from capital-intensive robotaxi services to advanced driver-assistance systems (ADAS), proprietary in-vehicle software, and pervasive AI integration. This restructuring aims to accelerate the deployment of advanced features in personal vehicles, bolster long-term revenue through subscription services, and establish GM as a leader in software-defined vehicles. The move involves consolidating tech operations, integrating Cruise's teams into GM's ADAS development, and partnering with Google for AI, while positioning GM to compete in the evolving automotive and AI landscapes.",https://markets.financialcontent.com/wral/article/tokenring-2025-11-26-general-motors-recharges-digital-future-a-strategic-pivot-towards-software-defined-vehicles-and-ai-integration,Markets Financial Content,Markets Financial Content,20251126T153500,https://news.tokenring.ai/wp-content/uploads/2025/11/49e42c6d-a37e-4899-8afd-825203dc4acc-1024x683.png,0.222019,Somewhat-Bullish,0.596513,0.274465,Somewhat-Bullish
NVDA,AMD Stock Bounces Back After Sharp Sell-Off: What's Going On?,"Advanced Micro Devices (NASDAQ: AMD) shares recovered after a sell-off driven by fears of increased AI chip competition, particularly after reports of Meta Platforms potentially using Google's custom TPUs. Despite these concerns, AMD has been on a strong run, projecting a 35% compound annual growth rate for its AI data center business and receiving analyst confidence. The company also announced a new foundation model, ZAYA1, trained on its Instinct MI300X GPUs, outperforming competitors and demonstrating 10x faster model save times.",https://www.benzinga.com/trading-ideas/movers/25/11/49095935/amd-stock-bounces-back-after-sharp-sell-off-whats-going-on,Benzinga,Benzinga,20251126T153600,https://cdn.benzinga.com/files/images/story/2025/07/24/article-header-background-image.png?quality=85&auto=webp&width=1300,-0.062239,Neutral,0.646379,-0.249946,Somewhat-Bearish
NVDA,IBM - International Business Machines Corp Revenue Breakdown,"This article provides a detailed financial breakdown and news overview for IBM, including its latest stock performance, key financial metrics, analyst ratings, and recent news regarding its focus on AI and quantum computing. It also lists insider transactions, offering insights into company executive stock activities.",https://finviz.com/quote.ashx?t=IBM&ty=rv,Finviz,Finviz,20251126T155200,,0.246374,Somewhat-Bullish,0.649713,0.243977,Somewhat-Bullish
NVDA,GE HealthCare Wins FDA Nod for Pristina Recon DL for Mammography,"GE HealthCare has received FDA premarket authorization for its Pristina Recon DL advanced 3D mammography image reconstruction technology. This system utilizes two deep learning models to enhance signal from noise, offering improved image quality for digital breast tomosynthesis without increasing patient dose. The technology aims to provide clearer images for early cancer detection, and radiologists have shown a strong preference for its image quality.",https://www.mpo-mag.com/breaking-news/ge-healthcare-wins-fda-nod-for-pristina-recon-dl-for-mammography/,Medical Product Outsourcing,Medical Product Outsourcing,20251126T162100,https://www.mpo-mag.com/wp-content/uploads/sites/7/2025/11/Pristina-Recon-DL.jpg,0.346608,Somewhat-Bullish,0.600424,0.214138,Somewhat-Bullish
NVDA,"Alphabet, Nvidia, Apple, Dell, Deere, HP Inc., Deere, and More Stock Market Movers","Stocks were on the rise Wednesday as investors anticipated the Federal Reserve cutting interest rates at its December policy meeting. This article highlights several key companies whose stock prices were moving, including Alphabet, Nvidia, Apple, Dell, Deere, and HP Inc., indicating the overall positive market sentiment driven by interest rate expectations.",https://www.barrons.com/articles/stock-movers-89e988f9?gaa_at=eafs&gaa_n=AWEtsqe87OpAIbo_bGRtJo7LJLU7gDy9s-ibRyFBu8kl2N7JXiKQVDwLAxDQ&gaa_ts=69272c13&gaa_sig=QL1e9MVU5JcpFeJNhTKiQIb0Y7dC9Ri821ZyVW1OOipq2fGLHjI01vJNuCn7qb7creRJNZueMEb6uQ8agg7N6w%3D%3D,Barron's,Barron's,20251126T162153,,0.213976,Somewhat-Bullish,0.854544,0.229681,Somewhat-Bullish
NVDA,THNQ Sidesteps Nvidia Concentration With Rival Chipmakers,"The ROBO Global Artificial Intelligence ETF (THNQ B-) is designed to mitigate concentration risk in AI investments by holding Nvidia at a low 2.25% of assets and overweighting its competitors. This strategy, which uses fundamental weighting rather than market capitalization, has gained attention as tech giants like Meta Platforms consider alternatives to Nvidia's hardware. THNQ has seen strong investor inflows and solid performance, underscoring the appeal of a diversified approach to AI infrastructure growth.",https://etfdb.com/disruptive-technology-content-hub/thnq-sidesteps-nvidia-concentration/,ETF Database,ETF Database,20251126T170627,https://etfdb.com/media/W1siZiIsIjIwMjUvMDkvMDUvM2RxeGJtYmtpNl9EaXNydXB0aXZlX1RlY2hfUm9ib19tYXN0aGVhZF9mb3JlZ3JvdW5kXzE2MDB4MTIxXzJ4LnBuZyJdXQ/Disruptive_Tech_Robo_masthead_foreground_1600x121%402x.png,0.108682,Neutral,0.861422,-0.308580,Somewhat-Bearish
NVDA,Microsoft Stock Faces An AI-Driven Physics Problem,"Microsoft's stock is experiencing near-term margin pressure due to massive AI capital expenditure colliding with surging long-term demand, a situation CEO Satya Nadella refers to as the ""new economics of AI."" Despite strong growth and commitment to AI infrastructure spending, investors are concerned about profitability, leading to a dip in MSFT shares. The company is, however, re-thinking its approach to AI product design, pricing, and revenue models to align with a usage-based framework and potential bullish reversal is anticipated as institutional buyers return.",https://www.marketbeat.com/originals/microsoft-stock-faces-an-ai-driven-physics-problem/,MarketBeat,MarketBeat,20251126T175200,https://www.marketbeat.com/logos/articles/med_20251125141301_microsoft-stock-faces-an-ai-driven-physics-problem.jpg,0.163677,Somewhat-Bullish,0.551895,0.260139,Somewhat-Bullish
NVDA,"Intel Stock (INTC) on November 26, 2025: TSMC Lawsuit Shock, Institutional Rotation and AI PC Push","Intel stock (INTC) is trading higher on November 26, 2025, despite a new legal challenge from TSMC alleging trade secret theft by a former executive now at Intel, and ongoing scrutiny over its AI and foundry business transformation. Institutional investors are actively rebalancing their positions, and Intel is pushing its AI PC and data center roadmaps while facing cautious analyst sentiment due to financial risks and slow foundry profitability. The article details these events, Intel's Q3 2025 results, and the broader implications for its stock.",https://ts2.tech/en/intel-stock-intc-on-november-26-2025-tsmc-lawsuit-shock-institutional-rotation-and-ai-pc-push/,ts2.tech,ts2.tech,20251126T185135,https://ts2.tech/wp-content/uploads/2025/11/intel-stock-intc-on-november-26-2025-tsmc-lawsuit-shock-institutional-rotation-and-ai-pc-push-featured.jpg,0.243996,Somewhat-Bullish,0.737990,0.307387,Somewhat-Bullish
NVDA,Teradyne’s Impressive Surge: What’s Next?,"Teradyne Inc. (NASDAQ: TER) experienced a nearly 7% stock surge driven by strong Q3 earnings, optimistic Q4 guidance, and increasing demand related to AI, particularly in its Semiconductor Test division. Analysts from BofA and UBS have raised price targets, forecasting significant long-term growth for the company in semiconductors and robotics. The article highlights Teradyne's strategic planning, robust financial health, and focus on AI-driven initiatives and custom ASIC programs as key assets for continued growth.",https://stockstotrade.com/news/teradyne-inc-ter-news-2025_11_26/,StocksToTrade,StocksToTrade,20251126T190200,https://content.stockstotrade.com/wp-content/uploads/2025/11/ai-driven-stock-market-growth-20.png,0.473123,Bullish,0.610546,0.303064,Somewhat-Bullish
NVDA,SOXX ETF Rises 2% To Intraday High After Key Trading Signal,"The iShares Semiconductor ETF (NASDAQ: SOXX) experienced a ""Power Inflow"" alert on November 26th at 10:15 AM EST, indicating a significant shift towards buying activity from both institutional and retail traders. This signal, occurring when SOXX was priced at $287.32, preceded a nearly 2% rise to an intraday high of $293.02 by 2:45 PM EST. The article highlights the effectiveness of real-time order flow analytics in identifying bullish momentum and potential short-term trading opportunities.",https://www.benzinga.com/news/25/11/49095647/soxx-etf-rises-to-intraday-high-after-key-trading-signal,Benzinga,Benzinga,20251126T190915,https://cdn.benzinga.com/files/images/story/2025/07/24/article-header-background-image.png?quality=85&auto=webp&width=1300,0.724165,Bullish,0.582222,0.740125,Bullish
NVDA,"Here’s How Much TPUs Could Boost Google’s Profit By, According to Morgan Stanley","Morgan Stanley suggests that Google selling its custom AI chips, TPUs, could significantly enhance its sales and profits, particularly if sold to companies like Meta. Analyst Brian Nowak estimates that selling 500,000 TPUs could add approximately $13 billion to Google Cloud revenue by 2027 and increase EPS by about 3%. While the specific business model remains unclear, this move could benefit Broadcom, which helps design Google's TPUs, but likely have minimal impact on Nvidia and AMD.",https://www.tipranks.com/news/heres-how-much-tpus-could-boost-googles-profit-by-according-to-morgan-stanley,TipRanks,TipRanks,20251126T192150,https://blog.tipranks.com/wp-content/uploads/2025/11/shutterstock_1693630522-750x406.jpg,0.239293,Somewhat-Bullish,0.665872,0.117909,Neutral
NVDA,Nvidia spat with Big Short investor Burry highlights AI bubble fears,"Michael Burry, the investor known from ""The Big Short,"" is publicly challenging Nvidia's valuation and accounting practices, suggesting the AI sector is in a bubble due to overvalued stocks and questionable financing deals. Nvidia has countered Burry's claims through a memo to Wall Street analysts, defending the long-term profitability and market potential of AI technologies and the lifespan of GPUs. The debate underscores growing concerns about the sustainability of the AI boom amid massive datacenter investments and the financial structures supporting it.",https://www.theglobeandmail.com/business/article-nvidia-michael-burry-memo-ai-bubble-fears/,The Globe and Mail,The Globe and Mail,20251126T192153,https://www.theglobeandmail.com/resizer/v2/Z3ZTF6RCOJFXRGUC246PPHZEMQ.JPG?auth=c244e0d11632f635ead4d6b68c462b137b5d0e335a5ccfe4c7ec077a06dd92d6&width=600&quality=80,0.029202,Neutral,1.000000,-0.298387,Somewhat-Bearish
NVDA,NVIDIA Corporation $NVDA is UNIVEST FINANCIAL Corp's 8th Largest Position,"UNIVEST FINANCIAL Corp has increased its stake in NVIDIA (NVDA) by 17.6%, making it their 8th largest holding and comprising 3.0% of their investment portfolio. NVIDIA demonstrated strong quarterly results, beating EPS and revenue estimates, with analysts largely maintaining a ""Buy"" rating and an average price target of $258.19. Despite significant insider selling, institutional investors hold a substantial 65.27% of the company's stock.",https://www.marketbeat.com/instant-alerts/filing-nvidia-corporation-nvda-is-univest-financial-corps-8th-largest-position-2025-11-28/,MarketBeat,MarketBeat,20251126T200947,https://www.marketbeat.com/logos/nvidia-co-logo-1200x675.jpg?v=20221020142916,0.395133,Bullish,0.958221,0.451372,Bullish
NVDA,General Motors Just Lost Its Chief AI Officer After Only 8 Months,"General Motors' first-ever Chief Artificial Intelligence Officer, Barak Turovsky, has left the company after only eight months, sparking concern due to a wave of high-profile departures. Turovsky's departure follows that of Dave Richardson and precedes Baris Cetinok's exit, leading a PR professional to warn investors about the implications of losing talent with expertise in ""physical AI."" The company states it is strategically integrating AI capabilities into its business despite these changes.",https://www.inc.com/chloe-aiello/general-motors-gm-chief-ai-officer-barak-turovsky/91272019,Inc.com,Inc.com,20251126T201954,"https://img-cdn.inc.com/image/upload/f_webp,c_fit,w_1920,q_auto/vip/2025/11/gm-ai-chief-departs-inc-525642662.jpg",-0.159621,Somewhat-Bearish,0.621565,0.137776,Neutral
NVDA,"Daye Wilfred ZhongKei, CSO of Chaince Digital, sells $61k in stock","Daye Wilfred ZhongKei, CSO of Chaince Digital Holdings Inc (NASDAQ:CD), sold 4,470 shares of common stock for approximately $61,608 on November 24, 2025. Following the sale, ZhongKei now directly owns 65,732 shares of the company, which has a market cap of $671.43 million and is deemed ""FAIR"" in financial health by InvestingPro. This comes as Chaince Digital announced a strategic cooperation with ZJK Industrial Co., Ltd. to build a precision components facility and has seen increased institutional ownership from firms like BlackRock and UBS Group AG.",https://www.investing.com/news/insider-trading-news/daye-wilfred-zhongkei-cso-of-chaince-digital-sells-61k-in-stock-93CH-4380765,Investing.com,Investing.com,20251126T202900,https://i-invdn-com.investing.com/news/news_pile_69x52._800x533_L_1419494209.jpg,0.150692,Somewhat-Bullish,0.599921,-0.108220,Neutral
NVDA,Google Stock Gains Momentum as Nvidia Faces Losses | NVDA,"Alphabet Inc. (Google) is experiencing significant stock momentum, nearing a $4 trillion market valuation and outperforming Microsoft, driven by strong Q3 results and AI advancements. Meanwhile, Nvidia's shares are under pressure due to concerns about its AI chip market dominance after Meta reportedly considered Google's AI chips, despite Nvidia's record Q3 earnings. Analysts view Alphabet as a more balanced investment due to its diverse business segments and growth prospects.",https://somoshermanos.mx/google-stock-gains-momentum-as-nvidia-faces-losses-nvda/,Somos Hermanos -,Somos Hermanos -,20251126T205000,https://somoshermanos.mx/wp-content/uploads/2025/11/Alphabet-GOOG-.jpg,0.099459,Neutral,0.937484,-0.303571,Somewhat-Bearish
NVDA,Alphabet Mania Sends Traders Flocking to 2x ETF GGLL,"Traders are heavily investing in the Direxion Daily GOOGL Bull 2X Shares (GGLL) ETF as Alphabet's stock experiences a significant AI-driven rally, leading to GGLL's assets exceeding $1 billion. The ETF has seen explosive growth and is now one of the largest single-stock ETFs in the U.S., fueled by Alphabet's substantial gains and expanding perceived revenue opportunities in AI through its custom chips.",https://www.etf.com/sections/features/alphabet-mania-sends-traders-flocking-2x-etf-ggll,ETF.com,ETF.com,20251126T220926,,0.270122,Somewhat-Bullish,0.735934,-0.262200,Somewhat-Bearish
NVDA,Cipher Mining Amplified: New 2x ETF Lets Traders Double Down On Bitcoin Miner,"REX Shares and Tuttle Capital Management have launched the T-REX 2X Long CIFR Daily Target ETF (CIFU), designed to deliver twice the daily performance of U.S. Bitcoin miner Cipher Mining Inc (CIFR). This new ETF targets active traders seeking magnified exposure to the infrastructure backbone of the Bitcoin ecosystem, specifically focusing on high-efficiency, low-cost mining operations. The product expands T-REX’s suite of leveraged offerings on innovative companies in digital assets and other transformative themes.",https://www.sahmcapital.com/news/content/cipher-mining-amplified-new-2x-etf-lets-traders-double-down-on-bitcoin-miner-2025-11-26,Sahm,Sahm,20251126T223852,,0.228648,Somewhat-Bullish,0.620658,0.148290,Neutral
NVDA,Nvidia refutes ‘big short’ investor Michael Burry's claims as Cisco parallel fuels AI bubble uncertainty,"Nvidia has issued a seven-page response refuting claims made by ""big short"" investor Michael Burry, who argued that the AI investment boom mirrors the dot-com bubble's Cisco saga. Burry compared Nvidia to Cisco during the dot-com era, suggesting a potential bubble, while Nvidia defended its financial practices and the longevity of its GPU chips. The company addressed criticisms regarding stock-based compensation, share repurchases, and GPU depreciation.",https://www.livemint.com/companies/news/nvidia-refutes-big-short-investor-michael-burrys-claims-as-cisco-parallel-fuels-ai-bubble-uncertainty-11764172751715.html,mint,mint,20251126T230900,https://www.livemint.com/lm-img/img/2025/11/26/600x338/Nvidia_H20_chip_sales_China_Trump_DeepSeek_AI_1738212948654_1764178276615.jpg,0.023761,Neutral,1.000000,0.029894,Neutral
NVDA,Nasdaq ISE Seeks to Quadruple Trading Limits on BlackRock's Bitcoin ETF Options,"Nasdaq's International Securities Exchange (ISE) has filed a proposal with the U.S. SEC to quadruple the position limits on options for BlackRock's iShares Bitcoin Trust (IBIT) from 250,000 to 1,000,000 contracts. This move, aiming to increase market depth and liquidity, would place IBIT options on par with major equities and ETFs like Apple and NVIDIA. Analysts suggest this change reflects growing institutional demand for Bitcoin derivatives and a shift towards allocation-driven behavior for the cryptocurrency, expecting it to facilitate larger allocations and potentially compress volatility.",https://finance.yahoo.com/news/nasdaq-ise-seeks-quadruple-trading-042125019.html,Yahoo Finance,Yahoo Finance,20251126T232100,https://s.yimg.com/ny/api/res/1.2/Wr.5MDkwGHCyCMjYlK2CtQ--/YXBwaWQ9aGlnaGxhbmRlcjt3PTEyMjtoPTQ4/https://s.yimg.com/os/creatr-uploaded-images/2025-08/534ae5b0-7221-11f0-9bfe-d1db330877d7,0.209394,Somewhat-Bullish,0.639044,0.143201,Neutral
NVDA,3 Things We (And Markets) Are Grateful For This Season,"J.P. Morgan's Global Investment Strategy Team highlights three market dynamics to be thankful for heading into 2026: a broad-based ""everything rally"", underlying economic durability in the U.S., and a powerful innovation cycle driven by artificial intelligence. The article details how these factors are creating significant investment opportunities across various asset classes and sectors. Despite lingering risks, the current environment offers flexibility for diversified portfolios.",https://www.jpmorgan.com/insights/markets-and-economy/top-market-takeaways/tmt-3-things-we-and-markets-are-grateful-for-this-season,J.P. Morgan,J.P. Morgan,20251126T235110,https://www.jpmorgan.com/content/dam/jpmorgan/images/jpma/tmt-3-things-we-and-markets-are-gratedul-for-this-season/tmt-3-things-we-and-markets-are-gratedul-for-this-season-hero.jpg,0.337812,Somewhat-Bullish,0.577208,0.324399,Somewhat-Bullish
