ticker,title,summary,url,source,source_domain,time_published,banner_image,overall_sentiment_score,overall_sentiment_label,relevance_score,ticker_sentiment_score,ticker_sentiment_label
NVDA,Check Point (CHKP) Valuation Check After Quantum Firewall R82.10 Product Upgrade and AI Security Push,"Check Point Software Technologies (CHKP) recently launched its Quantum Firewall Software R82.10, an upgrade emphasizing AI-related risk management and hybrid network security. Despite recent share price fluctuations, long-term momentum appears strong, with the stock trading below analyst targets. While one valuation model suggests it's undervalued, another (SWS DCF) indicates potential overvaluation, highlighting different perspectives on its future cash flow potential.",https://simplywall.st/stocks/us/software/nasdaq-chkp/check-point-software-technologies/news/check-point-chkp-valuation-check-after-quantum-firewall-r821,Simply Wall Street,Simply Wall Street,20251214T001020,NULL,0.198536,Somewhat-Bullish,0.559711,0.224164,Somewhat-Bullish
NVDA,Microchip Technology (MCHP): Reassessing Valuation After Raised Outlook and AI-Driven Data Center Demand,"Microchip Technology (MCHP) recently raised its December quarter outlook, projecting about 1% sequential sales growth and 12% revenue growth year over year, driven by AI-related data center demand. While their valuation remains modestly discounted according to analyst targets, Simply Wall St's DCF model suggests the stock may be overvalued based on cash flows. The article explores whether the stock is still mispriced for recovery or already reflects future growth.",https://simplywall.st/stocks/us/semiconductors/nasdaq-mchp/microchip-technology/news/microchip-technology-mchp-reassessing-valuation-after-raised,Simply Wall Street,Simply Wall Street,20251214T030809,NULL,0.312254,Somewhat-Bullish,0.628480,0.254507,Somewhat-Bullish
NVDA,"First Watch Restaurant Group, Inc. $FWRG Holdings Lessened by Advent International L.P.","Advent International L.P. has reduced its stake in First Watch Restaurant Group, Inc. ($FWRG) by 23.4%, selling 4.5 million shares, but still holds 14.69 million shares valued at approximately $235.6 million, making it their fifth-largest holding. Despite missing EPS estimates last quarter, First Watch reported strong revenue of $316.02 million. The stock currently holds a ""Moderate Buy"" rating from Wall Street analysts with an average price target of $21.09.",https://www.marketbeat.com/instant-alerts/filing-first-watch-restaurant-group-inc-fwrg-holdings-lessened-by-advent-international-lp-2025-12-13/,MarketBeat,MarketBeat,20251214T030926,https://www.marketbeat.com/logos/first-watch-restaurant-group-inc-logo-1200x675.jpg?v=20211026062250,-0.085898,Neutral,0.562331,0.008194,Neutral
NVDA,How Investors May Respond To Williams-Sonoma (WSM) Store Closures Amid Looser Fed Policy,"Williams-Sonoma (WSM) is navigating store closures and soft same-store sales despite recent Federal Reserve interest rate cuts aimed at stimulating economic growth. The company's investment narrative hinges on its premium brands and omnichannel model offsetting housing-related demand slowdowns and uneven store performance. While Fed rate cuts have marginally boosted share prices, the near-term outlook remains challenged by sales softness and closures, though long-term forecasts project revenue and earnings growth.",https://simplywall.st/stocks/us/retail/nyse-wsm/williams-sonoma/news/how-investors-may-respond-to-williams-sonoma-wsm-store-closu,Simply Wall Street,Simply Wall Street,20251214T031420,NULL,0.169971,Somewhat-Bullish,0.592900,0.320472,Somewhat-Bullish
NVDA,Goldman Sachs Industrials and Materials Conference 2025 Brought A Positive Update for nVent (NVT),"nVent Electric plc (NVT) received a positive update following its presentation at the 2025 Goldman Sachs Industrials and Materials Conference, where management expressed optimism about its future prospects, particularly in data center infrastructure and liquid cooling solutions for AI demand. Barclays subsequently raised its price target for NVT from $130 to $140, maintaining an overweight rating. The company's management is confident in strong, improving margins for its core business, even with a focus on AI and data centers.",https://www.insidermonkey.com/blog/goldman-sachs-industrials-and-materials-conference-2025-brought-a-positive-update-for-nvent-nvt-1659532/?amp=1,Insider Monkey,Insider Monkey,20251214T044500,NULL,0.483302,Bullish,0.643118,0.327910,Somewhat-Bullish
NVDA,Will NetApp’s (NTAP) AI Data and Quantum-Safe Push with AWS and F5 Change Its Narrative?,"NetApp (NTAP) recently announced new AWS S3 Access Points support for Amazon FSx for NetApp ONTAP and an expanded collaboration with F5, alongside appointing Willem Hendrickx to lead EMEA & LATAM and hosting AI events with NVIDIA. These strategic moves aim to position NetApp at the forefront of AI data infrastructure and quantum-resilient security across hybrid and multi-cloud environments. The goal is to evolve its investment narrative from traditional data storage to an AI and cloud-centric subscription model.",https://simplywall.st/stocks/us/tech/nasdaq-ntap/netapp/news/will-netapps-ntap-ai-data-and-quantum-safe-push-with-aws-and/amp,Simply Wall Street,Simply Wall Street,20251214T060829,NULL,0.192307,Somewhat-Bullish,0.558657,0.228695,Somewhat-Bullish
NVDA,Why Allegro MicroSystems (ALGM) Is Down 7.2% After China Prioritizes Local AI Chipmakers Over U.S. Suppliers,"Allegro MicroSystems' stock dropped 7.2% after China updated its procurement guidelines, prioritizing local AI chipmakers over U.S. suppliers. This move raises concerns about Allegro's revenue streams in China, although its focus on power and sensor ICs for electric vehicles and data centers may offer some protection. The company's investment narrative projects significant revenue and earnings growth by 2028, with fair value estimates suggesting a potential upside.",https://simplywall.st/stocks/us/semiconductors/nasdaq-algm/allegro-microsystems/news/why-allegro-microsystems-algm-is-down-72-after-china-priorit,Simply Wall Street,Simply Wall Street,20251214T060912,NULL,-0.158353,Somewhat-Bearish,0.580708,-0.054916,Neutral
NVDA,Will NetApp’s (NTAP) AI Data and Quantum-Safe Push with AWS and F5 Change Its Narrative?,"NetApp is strategically enhancing its position in AI data infrastructure and quantum-resilient security by deepening collaborations with AWS and F5, along with internal leadership appointments and AI-focused events with NVIDIA. These initiatives aim to convert NetApp's data storage heritage into an AI and cloud-centric subscription model. However, investors should consider the ongoing risk of margin pressure from hyperscalers and potential impact from traditional on-premises storage softness.",https://simplywall.st/stocks/us/tech/nasdaq-ntap/netapp/news/will-netapps-ntap-ai-data-and-quantum-safe-push-with-aws-and,Simply Wall Street,Simply Wall Street,20251214T063203,https://images.ctfassets.net/n07nr2koi959/2zXqBK9eFqVJCGTQWhQWFX/c3400470ed0819d8056c9b1de6e897a0/Sasha_Jovanovic_-_Equity_Analyst.jpg?fit=thumb&w=64&h=64,0.206082,Somewhat-Bullish,0.645609,0.289127,Somewhat-Bullish
NVDA,NVIDIA Corporation $NVDA Stake Cut by 1248 Management LLC,"1248 Management LLC reduced its stake in NVIDIA Corporation by 8.8% in the second quarter, now holding 52,538 shares valued at $8.3 million. Despite this, other major institutional investors like State Street Corp and Geode Capital Management LLC significantly increased their holdings in NVIDIA. The article also details recent insider stock sales by NVIDIA executives and analysts' price targets, with a consensus ""Buy"" rating and a target of $258.65.",https://www.marketbeat.com/instant-alerts/filing-nvidia-corporation-nvda-stake-cut-by-1248-management-llc-2025-12-14/,MarketBeat,MarketBeat,20251214T080756,https://www.marketbeat.com/logos/nvidia-co-logo-1200x675.jpg?v=20221020142916,0.273808,Somewhat-Bullish,0.985872,0.051028,Neutral
NVDA,Nvidia Vs. Advanced Micro Devices: Determining The True AI Alpha-OLS Model (NASDAQ:NVDA),"This article evaluates Nvidia (NVDA) and Advanced Micro Devices (AMD) in the AI semiconductor space, concluding that NVDA is the premier choice due to superior risk-adjusted returns, high R-squared, and lower sensitivity to macroeconomic factors. AMD, while offering high convexity and asymmetric upside at a discount, is better suited for risk-tolerant investors seeking a value-rerating opportunity. The author recommends NVDA for core AI exposure and AMD as a high-volatility complement for aggressive portfolios.",https://seekingalpha.com/article/4853192-nvidia-vs-advanced-micro-devices-determining-the-true-ai-alpha-ols-model,Seeking Alpha,Seeking Alpha,20251214T090727,https://static.seekingalpha.com/cdn/s3/uploads/getty_images/2078167833/image_2078167833.jpg?io=getty-c-w630,0.293496,Somewhat-Bullish,0.973587,0.471679,Bullish
NVDA,"PayPal Holdings, Inc. $PYPL Position Lessened by Headlands Technologies LLC","Headlands Technologies LLC has significantly reduced its stake in PayPal Holdings, Inc. (NASDAQ:PYPL) by 34.5% during the second quarter, now owning 84,499 shares valued at $6.28 million. This comes amidst other institutional investor activities and insider stock sales, with executives selling shares totaling over $880,000 in recent months. Analyst sentiment remains mixed, with a consensus ""Hold"" rating and an average target price of $78.97, while PayPal reported strong Q3 earnings, surpassing revenue and EPS estimates.",https://www.marketbeat.com/instant-alerts/filing-paypal-holdings-inc-pypl-position-lessened-by-headlands-technologies-llc-2025-12-14/,MarketBeat,MarketBeat,20251214T092001,https://www.marketbeat.com/logos/paypal-holdings-inc-logo-1200x675.png?v=20231214083652,-0.155367,Somewhat-Bearish,0.641958,-0.185786,Somewhat-Bearish
NVDA,Headlands Technologies LLC Has $7.50 Million Stock Holdings in AT&T Inc. $T,"Headlands Technologies LLC significantly increased its stake in AT&T Inc. (NYSE:T) by 1,046.5% during the second quarter, bringing its total holdings to 259,108 shares valued at $7,499,000. AT&T recently announced a quarterly dividend of $0.2775 per share, yielding 4.5% annually. The company's stock currently has a ""Moderate Buy"" rating from analysts with an average target price of $30.55.",https://www.marketbeat.com/instant-alerts/filing-headlands-technologies-llc-has-750-million-stock-holdings-in-att-inc-t-2025-12-14/,MarketBeat,MarketBeat,20251214T092205,https://www.marketbeat.com/logos/139387-attlogo-1200x675.jpg,0.099905,Neutral,0.588271,0.098915,Neutral
NVDA,Check out AMETEK's stock price (1AME-IT) in real time,"This article provides real-time stock information for AMETEK Inc. (1AME-IT) listed on the Milan Stock Exchange, including its current price, 52-week range, and key financial stats like dividend yield. It also features recent news and analyst commentary related to AMETEK, alongside a company profile detailing its business segments and leadership.",https://www.cnbc.com/quotes/1AME-IT,CNBC,CNBC,20251214T100755,NULL,0.36529,Bullish,0.619428,0.302230,Somewhat-Bullish
NVDA,Here's What Blackwell Portfolio Expansion Means for Super Micro Computer (SMCI),"Super Micro Computer Inc. (SMCI) has expanded its NVIDIA Blackwell Portfolio, introducing new liquid-cooled NVIDIA HGX B300 systems designed for AI factory deployments and hyperscale data centers. These systems offer significant power efficiency and exceptional GPU density, enabling up to 40% power savings and reduced water usage. CEO Charles Liang emphasized the solutions' performance density, energy efficiency, and faster time-to-market for customers.",https://finviz.com/news/253580/heres-what-blackwell-portfolio-expansion-means-for-super-micro-computer-smci,Finviz,Finviz,20251214T100803,https://d2gr5kl7dt2z3t.cloudfront.net/blog/wp-content/uploads/2023/09/30194038/SMCI-insidermonkey-1696117235234.jpg,0.178546,Somewhat-Bullish,0.603801,0.305296,Somewhat-Bullish
NVDA,Here’s What Blackwell Portfolio Expansion Means for Super Micro Computer (SMCI),"Super Micro Computer Inc. (SMCI) recently expanded its NVIDIA Blackwell Portfolio by introducing new 4U and 2-OU (OCP) liquid-cooled NVIDIA HGX B300 systems. These systems are designed for AI factory deployments and hyperscale data centers, offering significant power efficiency and density improvements. The company aims to meet customer demands for higher efficiency, lower costs, and improved serviceability in data center operations through innovations like direct liquid-cooling technology.",https://www.insidermonkey.com/blog/heres-what-blackwell-portfolio-expansion-means-for-super-micro-computer-smci-1659536/,Insider Monkey,Insider Monkey,20251214T100854,https://imonkey-blog.imgix.net/blog/wp-content/uploads/2023/09/30194038/SMCI-insidermonkey-1696117235234.jpg?auto=format&fit=clip&expires=1797206400&width=480&height=269,0.288501,Somewhat-Bullish,0.721142,0.323344,Somewhat-Bullish
NVDA,3 Reasons UNP is Risky and 1 Stock to Buy Instead,"Union Pacific (UNP) has underperformed the S&P 500, raising concerns for investors. The article highlights three key risks: weak sales volumes indicating waning demand, slim projected revenue growth, and a dropping free cash flow margin. Given these factors, the authors suggest UNP presents too much downside risk and recommend exploring other, more dominant software businesses as superior investment alternatives.",https://finviz.com/news/254484/3-reasons-unp-is-risky-and-1-stock-to-buy-instead,Finviz,Finviz,20251214T110400,https://news-assets.stockstory.org/cover-images/_1400x700_crop_center-center_none/union-pacific-cover-image-1de495748018_2024-06-28-063450_kjkd.jpeg,0.107636,Neutral,0.617540,0.541250,Bullish
NVDA,Rivian Automotive: Rising star or a meteorite?,"Rivian Automotive, a manufacturer of electric autonomous vehicles, is experiencing a surge in its stock price due to the announcement of its new proprietary processor, RAP1, which claims to outperform Tesla's offerings. Despite a significant drop from its IPO valuation, the company shows promise with decreasing losses, substantial cash reserves, and strong revenue growth, particularly in its software sector. Rivian is also preparing to launch its R2 model, aiming to directly compete with Tesla.",https://www.xtb.com/cy/market-analysis/news-and-research/rivian-automotive-rising-star-or-a-meteorite,XTB.com,XTB.com,20251214T110849,https://xtb.scdn5.secure.raxcdn.com/postTopImage/0104/34/8f43d9d8-d1a9-4c6f-baf0-b22108083e83/postTopImage_front/fabryka-samochodo-w-01.png,0.085136,Neutral,0.600983,0.034340,Neutral
NVDA,VUG vs. IWO: Is Large-Cap Growth or Small-Cap Diversification a Better Choice for Investors?,"This article compares two ETFs, Vanguard Growth ETF (VUG) and iShares Russell 2000 Growth ETF (IWO), both targeting U.S. growth stocks but with different strategies. VUG focuses on large-cap industry leaders with a higher concentration in technology, while IWO offers diversified access to small-cap growth companies across more sectors. Investors should consider their goals and risk tolerance, as VUG offers lower fees and potentially less volatility from mega-cap stability, whereas IWO provides greater diversification and potential for explosive growth, albeit with higher volatility.",https://www.theglobeandmail.com/investing/markets/markets-news/Motley%20Fool/36613898/vug-vs-iwo-is-large-cap-growth-or-small-cap-diversification-a-better-choice-for-investors/,The Globe and Mail,The Globe and Mail,20251214T120840,https://barchart-news-media-prod.aws.barchart.com/FC/e9053613e4d8846b4bf1b5c9ae57cbbc/pixel%3Fslug%3Dmotleyfoolgm-2025-12-14-vug-vs-iwo-is-large-cap-growth-or-small-cap-diversification-a-better-choice-for-investors,0.253885,Somewhat-Bullish,0.649288,0.341998,Somewhat-Bullish
NVDA,"Thompson Davis & CO. Inc. Has $1.62 Million Stake in Comfort Systems USA, Inc. $FIX","Thompson Davis & CO. Inc. increased its stake in Comfort Systems USA (NYSE: FIX) by 80.7% to 3,025 shares, valued at $1.622 million, making it its 15th largest holding. Analysts currently rate the stock a ""Buy"" with a consensus target of $892.75, following several upgrades and a recent target increase by UBS to $1,140. Despite high institutional ownership (96.51%), company insiders have sold approximately $25.38 million worth of shares in the last 90 days, while the company raised its quarterly dividend to $0.60 per share.",https://www.marketbeat.com/instant-alerts/filing-thompson-davis-co-inc-has-162-million-stake-in-comfort-systems-usa-inc-fix-2025-12-14/,MarketBeat,MarketBeat,20251214T120951,https://www.marketbeat.com/logos/comfort-systems-usa-inc-logo-1200x675.png?v=20240424085012,0.276559,Somewhat-Bullish,0.645735,0.305256,Somewhat-Bullish
NVDA,"Stance Capital LLC Takes $1.36 Million Position in PayPal Holdings, Inc. $PYPL","Stance Capital LLC has initiated a new position in PayPal Holdings, Inc. with 18,277 shares valued at approximately $1.36 million during the second quarter. This move comes as PayPal has exceeded recent earnings expectations, and while institutional investors hold a significant portion of the stock, insiders have recently sold shares. The company maintains a ""Hold"" consensus rating from analysts with an average target price of $78.97.",https://www.marketbeat.com/instant-alerts/filing-stance-capital-llc-takes-136-million-position-in-paypal-holdings-inc-pypl-2025-12-14/,MarketBeat,MarketBeat,20251214T124747,https://www.marketbeat.com/logos/paypal-holdings-inc-logo-1200x675.png?v=20231214083652,0.033602,Neutral,0.619615,-0.105544,Neutral
NVDA,Bitfarms Stock: The Bitcoin Mining Play to Watch,"Bitfarms is pivoting its business strategy from Bitcoin mining to becoming an energy and digital company, supplying power to AI data centers due to higher profitability. This shift has led to significant outperformance compared to Bitcoin itself. While exiting the volatile crypto mining sector, Bitfarms is positioning itself as a key supplier for the growing AI industry.",https://finviz.com/news/253600/bitfarms-stock-the-bitcoin-mining-play-to-watch,Finviz,Finviz,20251214T130917,https://g.foolcdn.com/image/?url=https%3A%2F%2Fg.foolcdn.com%2Feditorial%2Fimages%2F843917%2Fgettyimages-1780299128.jpg&w=700,0.241288,Somewhat-Bullish,0.623455,0.206954,Somewhat-Bullish
NVDA,Orion S.A. $OEC Shares Acquired by Harvey Partners LLC,"Harvey Partners LLC increased its stake in Orion S.A. (NYSE:OEC) by 15.5% in the second quarter, now holding 2,424,995 shares valued at approximately $25.44 million, making Orion its 19th largest holding. Despite this acquisition, analyst sentiment for Orion remains bearish, with a consensus ""Strong Sell"" rating and an average target price of $6.00 after recent downgrades and an earnings per share miss. The company's stock currently trades around $5.25 with a market capitalization of $294.90 million.",https://www.marketbeat.com/instant-alerts/filing-orion-sa-oec-shares-acquired-by-harvey-partners-llc-2025-12-13/,MarketBeat,MarketBeat,20251214T130934,https://www.marketbeat.com/logos/orion-engineered-carbons-logo-1200x675.gif,0.126671,Neutral,0.592049,0.215821,Somewhat-Bullish
NVDA,"Munro Partners Acquires Shares of 18,069 Comfort Systems USA, Inc. $FIX","Munro Partners recently acquired 18,069 shares of Comfort Systems USA (NYSE:FIX) in Q2, a stake valued at approximately $9.69 million, while institutional investors hold a significant 96.51% of the company. Wall Street analysts have a generally positive outlook, with an average target price of $892.75, and Comfort Systems USA recently increased its quarterly dividend to $0.60 per share, yielding about 0.3% annually. Despite insider net selling of 26,028 shares last quarter, the company's stock has performed well, with a 12-month high of $1,036.67.",https://www.marketbeat.com/instant-alerts/filing-munro-partners-acquires-shares-of-18069-comfort-systems-usa-inc-fix-2025-12-14/,MarketBeat,MarketBeat,20251214T130951,https://www.marketbeat.com/logos/comfort-systems-usa-inc-logo-1200x675.png?v=20240424085012,0.216186,Somewhat-Bullish,0.627816,0.108539,Neutral
NVDA,"Winning Stocks Keep Winning, And That’s What iShares TOPT ETF Let’s You Bet On","The iShares Top 20 U.S. Stocks ETF (TOPT) offers concentrated exposure to the 20 largest U.S. companies by market capitalization, appealing to investors who believe the ""winners keep winning"" trend will persist. While TOPT has shown impressive returns since its October 2024 inception, its high concentration in just a few tech giants and growth sectors carries significant risk. For most investors, the Vanguard S&P 500 ETF (VOO) is a more diversified and cost-effective alternative for core portfolio holdings.",https://247wallst.com/investing/2025/12/14/winning-stocks-keep-winning-and-thats-what-ishares-topt-etf-lets-you-bet-on/,24/7 Wall St.,24/7 Wall St.,20251214T132200,https://247wallst.com/wp-content/uploads/2025/12/winning-stocks-keep-winning-and-that-s-what-topt-e-infographic-1765732760597.webp,0.176763,Somewhat-Bullish,0.817391,0.325656,Somewhat-Bullish
NVDA,"AMD Stock News and Forecasts (Dec. 14, 2025): What’s Driving Advanced Micro Devices (NASDAQ: AMD) and What Analysts Expect Next","AMD stock is experiencing pressure following a cooling in the ""AI trade,"" with shares down 4.8% to $210.78 as of December 14, 2025. Despite strong Q3 2025 results and Q4 revenue guidance, the stock's performance is influenced by broader AI infrastructure spending concerns, Oracle and Broadcom headlines, and ongoing discussions about export controls. Analysts anticipate significant earnings growth into 2026, driven by AMD's long-term strategy in data-center AI and rack-scale systems.",https://ts2.tech/en/amd-stock-news-and-forecasts-dec-14-2025-whats-driving-advanced-micro-devices-nasdaq-amd-and-what-analysts-expect-next/,ts2.tech,ts2.tech,20251214T134646,NULL,-0.140906,Neutral,0.634176,0.115771,Neutral
NVDA,"Light Street Capital Management LLC Purchases Shares of 6,070 Analog Devices, Inc. $ADI","Light Street Capital Management LLC recently acquired a new position in Analog Devices (NASDAQ:ADI), purchasing 6,070 shares valued at approximately $1.445 million. This investment represents about 0.3% of the firm's holdings and makes Analog Devices its 24th largest position. The semiconductor company recently posted strong quarterly earnings, beating analyst expectations, and declared a quarterly dividend of $0.99.",https://www.marketbeat.com/instant-alerts/filing-light-street-capital-management-llc-purchases-shares-of-6070-analog-devices-inc-adi-2025-12-13/,MarketBeat,MarketBeat,20251214T134944,https://www.marketbeat.com/logos/Analog_devices_logo-1200x675.jpg,0.394388,Bullish,0.620195,0.346409,Somewhat-Bullish
NVDA,"Broadcom (AVGO) Stock Outlook on Dec. 14, 2025: AI Chip Boom, Margin Pressure, and Wall Street Price Targets","Broadcom (NASDAQ: AVGO) experienced a significant selloff despite strong Q4 FY2025 results and positive Q1 FY2026 revenue guidance, primarily due to investor concerns over margin compression linked to an increased AI revenue mix. Wall Street analysts maintain a generally constructive outlook with ""buy"" ratings and upward-revised price targets, indicating belief in Broadcom's AI growth story despite short-term profitability worries. The article details the bull and bear cases, highlighting AI semiconductor revenue, cash flow, and software strength against margin dilution, valuation concerns, customer concentration, and ongoing VMware regulatory scrutiny.",https://ts2.tech/en/broadcom-avgo-stock-outlook-on-dec-14-2025-ai-chip-boom-margin-pressure-and-wall-street-price-targets/,ts2.tech,ts2.tech,20251214T140803,NULL,0.071586,Neutral,0.602340,0.140449,Neutral
NVDA,"Intel Stock (INTC) Today: Key Headlines, Analyst Forecasts, and What’s Driving Intel Shares on Dec. 14, 2025","Intel's stock ended the week lower amidst concerns over geopolitical scrutiny regarding chipmaking tools, CEO conflict-of-interest questions, and M&A rumors including a potential acquisition of SambaNova Systems. Despite a pullback, the company's long-term strategy is bolstered by significant investments from the U.S. government and Nvidia. Analysts maintain a cautious outlook, with consensus price targets clustering in the mid-to-high $30s, as the market balances Intel's turnaround progress against these new risks.",https://ts2.tech/en/intel-stock-intc-today-key-headlines-analyst-forecasts-and-whats-driving-intel-shares-on-dec-14-2025/,ts2.tech,ts2.tech,20251214T140825,,-0.02505,Neutral,0.624475,0.276485,Somewhat-Bullish
NVDA,Tyler Stone Wealth Management Decreases Position in NVIDIA Corporation $NVDA,"Tyler Stone Wealth Management reduced its NVIDIA Corporation (NASDAQ:NVDA) stake by 4.7% in Q2, making it the largest position in their portfolio. NVIDIA exceeded quarterly earnings and revenue estimates, with a consensus ""Buy"" rating and an average price target of $258.65. Despite this, significant insider selling occurred, with executives like CEO Jen Hsun Huang selling millions of dollars worth of shares.",https://www.marketbeat.com/instant-alerts/filing-tyler-stone-wealth-management-decreases-position-in-nvidia-corporation-nvda-2025-12-14/,MarketBeat,MarketBeat,20251214T140845,https://www.marketbeat.com/logos/nvidia-co-logo-1200x675.jpg?v=20221020142916,-0.120764,Neutral,1.000000,-0.124822,Neutral
NVDA,Has The Market Mispriced SM Energy After A 51% Slide And Bullish Cash Flow Outlook?,"SM Energy has experienced a significant 51% slide in its stock price over the last year, raising questions about whether it is undervalued. The analysis points to SM Energy being significantly undervalued based on both Discounted Cash Flow (DCF) analysis and Price-to-Earnings (PE) ratio, with projections showing strong future cash flow growth. Investors are encouraged to consider these valuation metrics beyond headline multiples.",https://simplywall.st/stocks/us/energy/nyse-sm/sm-energy/news/has-the-market-mispriced-sm-energy-after-a-51-slide-and-bull,Simply Wall Street,Simply Wall Street,20251214T140945,https://images.ctfassets.net/n07nr2koi959/6YVpCWgrk0c9DenG6UgW8m/d79e37d527c71a95e08b9ce1071ba986/Image_from_iOS.jpg?fit=thumb&w=64&h=64,0.255491,Somewhat-Bullish,0.561882,0.412022,Bullish
NVDA,3 Artificial Intelligence ETFs to Buy With $100 and Hold Forever,"The article highlights three Artificial Intelligence ETFs suitable for investors with as little as $100: the Global X Cloud Computing ETF (CLOU), the Roundhill Generative AI and Technology ETF (CHAT), and the Global X Robotics & Artificial Intelligence ETF (BOTZ). It emphasizes the expected growth of the AI market and explains the focus and holdings of each ETF. The author suggests that the CHAT ETF is currently the best bet due to its strong year-to-date performance and low-cost diversification in leading AI companies.",https://www.webull.com/news/14025679256306688,Webull,Webull,20251214T141300,https://g.foolcdn.com/image/?url=https%3A%2F%2Fg.foolcdn.com%2Feditorial%2Fimages%2F846601%2Fgettyimages-186863270.jpg&w=700,0.233025,Somewhat-Bullish,0.812772,0.302370,Somewhat-Bullish
NVDA,Applied Optoelectronics (AAOI) Climbs 20.6% on Hyperscaler Order,"Applied Optoelectronics Inc. (NASDAQ:AAOI) saw a significant stock jump after securing a major order for its 800G data center transceivers from an unnamed hyperscaler, believed to be Amazon. Despite some profit-taking later in the week, the company recorded a substantial intra-week gain. Needham & Company subsequently raised its price target for AAOI to $43, maintaining a ""buy"" recommendation, citing optimism for future large-volume orders.",https://www.insidermonkey.com/blog/applied-optoelectronics-aaoi-climbs-20-6-on-hyperscaler-order-1659868/?amp=1,Insider Monkey,Insider Monkey,20251214T144300,NULL,0.331918,Somewhat-Bullish,0.600788,0.334045,Somewhat-Bullish
NVDA,New US$140 Million Buyback Plan Might Change The Case For Investing In Butterfield (NTB),"The Bank of N.T. Butterfield & Son Limited has authorized a new US$140 million share repurchase program, replacing its current one and signaling management's confidence in its financial health. While this buyback supports the bank's investment narrative as a well-capitalized offshore institution, it doesn't immediately address concerns like potential deposit outflows or interest rate sensitivity. The article highlights divergent investor views on Butterfield's fair value despite solid recent profit trends.",https://simplywall.st/stocks/us/banks/nyse-ntb/bank-of-nt-butterfield-son/news/new-us140-million-buyback-plan-might-change-the-case-for-inv,Simply Wall Street,Simply Wall Street,20251214T150848,https://images.simplywall.st/company/4d406b11-e2ab-4a83-9c6d-eaa2b8a3afa8/chart/quote-price,0.161064,Somewhat-Bullish,0.595969,0.228502,Somewhat-Bullish
NVDA,"104,100 Shares in SiTime Corporation $SITM Bought by Fortress Investment Group LLC","Fortress Investment Group LLC acquired a new stake of 104,100 shares in SiTime Corporation ($SITM) during the second quarter, valued at approximately $22.18 million, making SiTime its 6th largest position and representing 0.40% ownership. This comes amid varied insider trading activity, where key company executives sold shares totaling over $1 million, while institutional investors have generally increased their holdings. SiTime recently outperformed earnings estimates, reporting $0.87 EPS against an expected $0.71, and analysts have set a consensus price target of $332.14, with several raising their targets to the $350-$360 range.",https://www.marketbeat.com/instant-alerts/filing-104100-shares-in-sitime-corporation-sitm-bought-by-fortress-investment-group-llc-2025-12-13/,MarketBeat,MarketBeat,20251214T150927,https://www.marketbeat.com/logos/sitime-co-logo-1200x675.png?v=20240507152221,0.374553,Bullish,0.627619,0.302846,Somewhat-Bullish
NVDA,Relay Therapeutics stock hits 52-week high at 8.62 USD,"Relay Therapeutics (RLAY) stock reached a 52-week high of $8.62 USD, reflecting a 63% increase over the past year and a 125.8% gain in six months. The company maintains financial flexibility with a strong current ratio of 19.14 and more cash than debt, despite not yet being profitable. Analysts have a ""Strong Buy"" consensus with a high price target of $19 USD, further supported by promising clinical trial results for its investigational drug, zovegalisib, in breast cancer treatment.",https://www.investing.com/news/company-news/relay-therapeutics-stock-hits-52week-high-at-862-usd-93CH-4406140,Investing.com,Investing.com,20251214T160900,https://i-invdn-com.investing.com/news/news_six_pile_69x52._800x533_L_1419494215.jpg,0.22963,Somewhat-Bullish,0.632598,0.308784,Somewhat-Bullish
NVDA,"SPY ETF Outlook (Dec. 14, 2025): SPDR S&P 500 ETF Trust Price, Fresh News, 2026 Forecasts, and What to Watch This Week","The SPDR S&P 500 ETF Trust (SPY) pulled back after reaching a record high, influenced by a Fed rate cut, AI stock volatility, and early-stage small-cap outperformance. Analysts are largely bullish for 2026, with S&P 500 targets ranging from 7,500 to 8,100, though delayed jobs and CPI data pose near-term risks. The article details SPY's holdings, sector concentration, and market dynamics, including the broadening of the rally beyond mega-cap tech.",https://ts2.tech/en/spy-etf-outlook-dec-14-2025-spdr-sp-500-etf-trust-price-fresh-news-2026-forecasts-and-what-to-watch-this-week/,ts2.tech,ts2.tech,20251214T165208,NULL,0.272396,Somewhat-Bullish,0.601156,0.247011,Somewhat-Bullish
NVDA,"Intel Stock (INTC) News, Forecasts and Analysis: What’s Moving Intel Shares on December 14, 2025","Intel's stock recently experienced a significant pullback driven by various headlines, including reports of testing chipmaking tools from a firm with sanctioned China units, a nonbinding term sheet to acquire AI chip startup SambaNova, and a partnership with Tata in India. Analysts have mixed forecasts for INTC, with average 12-month price targets suggesting potential downside, while some high-end targets indicate significant upside if execution aligns. Key risks include geopolitical tensions and execution in advanced nodes, while potential catalysts involve official confirmations of deals and progress in product execution.",https://ts2.tech/en/intel-stock-intc-news-forecasts-and-analysis-whats-moving-intel-shares-on-december-14-2025/,ts2.tech,ts2.tech,20251214T170828,,0.074353,Neutral,0.622945,0.131731,Neutral
NVDA,AlphaTON Capital invests in Alpha Liquid Terminal to expand Telegram reach By Investing.com,"AlphaTON Capital (NASDAQ:ATON) has made a strategic investment in Alpha Liquid Terminal (ALTX.finance) to create a vertically integrated financial stack for Telegram users. This partnership aims to leverage Telegram's Mini App system to offer trading and AI analyst capabilities to its large user base, incorporating tokenized private credit and equity products. The initiative will deploy AI-powered tools supported by AlphaTON's GPU compute capacity to process market data and execute trades.",https://www.investing.com/news/company-news/alphaton-capital-invests-in-alpha-liquid-terminal-to-expand-telegram-reach-93CH-4411266,Investing.com,Investing.com,20251214T170855,https://i-invdn-com.investing.com/news/news_pile_69x52._800x533_L_1419494209.jpg,0.221416,Somewhat-Bullish,0.624904,0.310600,Somewhat-Bullish
NVDA,"ProShares UltraPro QQQ (TQQQ) Stock: Latest News, Price Action, Nasdaq-100 Rebalance and 2026 Outlook (December 14, 2025)","This article provides an in-depth analysis of ProShares UltraPro QQQ (TQQQ), a triple-leveraged ETF, focusing on its recent price action, the impact of the upcoming Nasdaq-100 rebalance, and the broader 2026 market outlook. It highlights the ETF's sensitivity to AI-driven valuations and macroeconomic factors, emphasizing that TQQQ is designed for daily performance and not long-term holding. The author also discusses regulatory scrutiny on leveraged ETFs, distribution expectations, and the importance of understanding daily reset and compounding effects.",https://ts2.tech/en/proshares-ultrapro-qqq-tqqq-stock-latest-news-price-action-nasdaq-100-rebalance-and-2026-outlook-december-14-2025/,ts2.tech,ts2.tech,20251214T170856,NULL,-0.23055,Somewhat-Bearish,0.616222,-0.218842,Somewhat-Bearish
NVDA,"SOXS ETF News (Dec. 14, 2025): Direxion Daily Semiconductor Bear 3X Shares Surges on Chip Selloff — Forecasts, Dividends, and Key Risks","The Direxion Daily Semiconductor Bear 3X Shares (SOXS) ETF surged approximately 14.6% on December 12, 2025, due to a broad selloff in the semiconductor sector, particularly driven by concerns around AI-linked valuations and Broadcom. While SOXS provides amplified inverse daily exposure, its long-term performance tends to erode due to compounding effects and upward trends in the semiconductor market, making it a high-risk tactical trading instrument rather than a long-term investment. Investors should be aware of its daily reset mechanism, compounding risk, and how its ""headline yield"" from distributions can be misleading compared to price decay.",https://ts2.tech/en/soxs-etf-news-dec-14-2025-direxion-daily-semiconductor-bear-3x-shares-surges-on-chip-selloff-forecasts-dividends-and-key-risks/,ts2.tech,ts2.tech,20251214T170923,,-0.293534,Somewhat-Bearish,0.649525,-0.307822,Somewhat-Bearish
NVDA,iShares MSCI World ETF: Starke Entwicklung,"Der iShares MSCI World ETF (URTH) verzeichnet 2025 eine Rendite von über 20 Prozent, hauptsächlich angetrieben durch starke US-Technologiewerte, wobei NVIDIA zur größten Position aufgestiegen ist. Der ETF profitiert zudem von einem schwächeren US-Dollar und fokussiert sich auf ""Quality Growth"" in entwickelten Märkten.",https://www.boerse-global.de/ishares-msci-world-etf-starke-entwicklung/698811,Börse Global,Börse Global,20251214T174700,https://www-boerse-global-de.b-cdn.net/wp-content/uploads/ai-imgs/US4642863926-2025-12-14-17-48-02.png,0.404902,Bullish,0.839298,0.490923,Bullish
NVDA,Jensen Huang Says Nvidia Once Faced A Moment It Could 'Vaporize Overnight' Had A Client Not Taken A $5 Million Leap Of Faith - NVIDIA (NASDAQ:NVDA),"Nvidia CEO Jensen Huang revealed that the company almost went out of business in the mid-1990s due to a failing graphics chip project for Sega's Dreamcast console. Sega's executive, Shoichiro Irimajiri, made a $5 million ""leap of faith"" by converting the final payment into an equity investment, saving Nvidia. This allowed Nvidia to pivot and develop the RIVA 128, which established its presence in PC gaming, while Sega's eventual sale of its stake would be worth roughly $1 trillion today.",https://www.benzinga.com/news/education/25/12/49380981/jensen-huang-says-nvidia-once-faced-a-moment-it-could-vaporize-overnight-had-a-client-not-taken-a-5-million-leap-of-faith,Benzinga,Benzinga,20251214T180833,https://cdn.benzinga.com/files/images/story/2025/07/24/article-header-background-image.png?quality=85&auto=webp&width=1300,0.516074,Bullish,1.000000,0.532514,Bullish
NVDA,"Japan Smaller Capitalization Fund, Inc. (NYSE:JOF) Declares $0.09 Monthly Dividend","Japan Smaller Capitalization Fund, Inc. (NYSE:JOF) has declared a monthly dividend of $0.0887 per share, payable on December 31st to shareholders of record on December 15th, offering an annualized yield of approximately 10.1%. The fund, managed by Nomura Asset Management, focuses on Japanese smaller-capitalization stocks and last traded at $10.55. Despite analysts giving it a ""Hold"" rating, top-rated analysts suggest other stocks as better buys.",https://www.marketbeat.com/instant-alerts/japan-smaller-capitalization-fund-inc-nysejof-declares-009-monthly-dividend-2025-12-13/,MarketBeat,MarketBeat,20251214T180912,https://www.marketbeat.com/logos/japan-smaller-capitalization-fund-inc-logo-1200x675.jpg?v=20220606165003,0.193549,Somewhat-Bullish,0.594396,0.137812,Neutral
NVDA,"Celestica Inc. Stock (CLS) Update: Why Shares Slumped, What Analysts Forecast, and the 2026 Outlook (Dec. 14, 2025)","Celestica Inc. (CLS) shares experienced a significant drop, driven by a broader tech selloff and concerns about an ""AI bubble,"" despite the company's aggressive 2026 outlook of $16.0B revenue and $8.20 adjusted EPS. Analysts like RBC and Goldman Sachs maintain bullish price targets, highlighting the company's role as a key beneficiary of AI data center buildouts. Institutional filings reveal both new investments and trims, while insider activity, such as a director's notable purchase, adds to the narrative for investors assessing the recent pullback.",https://ts2.tech/en/celestica-inc-stock-cls-update-why-shares-slumped-what-analysts-forecast-and-the-2026-outlook-dec-14-2025/,ts2.tech,ts2.tech,20251214T190931,NULL,-0.120919,Neutral,0.623120,0.212428,Somewhat-Bullish
NVDA,"Astera Labs (ALAB) Stock: Latest News, Analyst Forecasts, and Outlook (December 14, 2025)","Astera Labs (ALAB) has experienced significant volatility in December 2025, driven by discussions around AI data-center connectivity, NVIDIA's NVLink Fusion, and hyperscaler spending. Despite a recent analyst downgrade, Astera Labs is expanding into NVLink Fusion-based custom solutions and CXL memory deployment. Analysts maintain a generally positive outlook, with an average price target around $188.17 to $205.95, even as the stock's valuation remains premium due to high growth expectations in AI infrastructure.",https://ts2.tech/en/astera-labs-alab-stock-latest-news-analyst-forecasts-and-outlook-december-14-2025/,ts2.tech,ts2.tech,20251214T190945,NULL,0.225642,Somewhat-Bullish,0.892580,0.256937,Somewhat-Bullish
NVDA,"Super Micro Computer (SMCI) Stock News Today: Fresh Blackwell Server Catalyst, Wall Street Forecasts, and What Investors Are Watching (Dec. 14, 2025)","Super Micro Computer (SMCI) shares faced renewed pressure after a recent selloff, despite the company's continued rollout of new NVIDIA Blackwell-based AI infrastructure products. The stock's decline can be attributed to a cooled ""AI trade"" following updates from Oracle and Broadcom, with investors questioning AI spending and profitability. Despite analyst price targets remaining above the current share price, sentiment is mixed due to concerns over margins, reporting quality, and execution, especially given the company's ambitious Q2 FY2026 revenue guidance.",https://ts2.tech/en/super-micro-computer-smci-stock-news-today-fresh-blackwell-server-catalyst-wall-street-forecasts-and-what-investors-are-watching-dec-14-2025/,ts2.tech,ts2.tech,20251214T193144,NULL,-0.115664,Neutral,0.628605,0.327176,Somewhat-Bullish
NVDA,"Coherent Corp COHR Stock: What to Know Before the US Market Opens on Dec. 15, 2025","Coherent Corp. (COHR) stock experienced a significant selloff due to a share supply overhang caused by Bain Capital's conversion and sale of preferred stock, with a mandatory conversion of remaining shares effective December 15, 2025. Despite this near-term turbulence, the long-term bull case for COHR remains strong, driven by its involvement in AI datacenter optics and silicon carbide technology. Investors will be watching price volatility and potential additional share distribution related to the mandatory conversion when the market opens.",https://ts2.tech/en/coherent-corp-cohr-stock-what-to-know-before-the-us-market-opens-on-dec-15-2025/,ts2.tech,ts2.tech,20251214T210901,,0.040597,Neutral,0.603185,0.211085,Somewhat-Bullish
NVDA,"TSM Stock: What to Know About Taiwan Semiconductor Before the U.S. Market Opens on Dec. 15, 2025","This article provides a comprehensive pre-market analysis of Taiwan Semiconductor Manufacturing Co. (TSM) as it heads into the U.S. trading session on December 15, 2025. It covers recent stock performance, the company's November 2025 revenue, analysts' forecasts, the critical role of advanced packaging (CoWoS) in AI demand, dividend information, geopolitical factors like export controls, and potential trade secret concerns. The piece emphasizes key drivers for TSM, including AI demand, packaging capacity, and policy risks, amid broader market volatility.",https://ts2.tech/en/tsm-stock-what-to-know-about-taiwan-semiconductor-before-the-u-s-market-opens-on-dec-15-2025/,ts2.tech,ts2.tech,20251214T213710,NULL,0.192462,Somewhat-Bullish,0.866044,0.321916,Somewhat-Bullish
NVDA,"Hewlett Packard Enterprise (HPE) Stock: What to Know Before the U.S. Market Open on Dec. 15, 2025","This article provides an in-depth preview of Hewlett Packard Enterprise (HPE) stock before the U.S. market opens on December 15, 2025. It covers HPE's recent Q4 earnings, the impact of AI server timing on revenue, the integration of Juniper Networks, a significant DISA contract win, and capital return plans. The piece also discusses analyst sentiment and the broader macroeconomic backdrop influencing enterprise tech.",https://ts2.tech/en/hewlett-packard-enterprise-hpe-stock-what-to-know-before-the-u-s-market-open-on-dec-15-2025/,ts2.tech,ts2.tech,20251214T214715,,0.118851,Neutral,0.634847,0.114725,Neutral
NVDA,"Micron Technology Stock (MU): What to Know Before the U.S. Market Opens on Dec. 15, 2025","Micron Technology (NASDAQ: MU) is approaching its Q1 2026 earnings report amidst a strong memory upcycle driven by AI data centers and rising DRAM prices, balanced against renewed ""AI bubble"" concerns that affected chip stocks. The company's stock has surged in 2025 but experienced a recent pullback, setting the stage for a potentially volatile week. Investors will closely watch HBM volumes, gross margin trajectory, DRAM pricing commentary, capital expenditure plans, and the impact of its Crucial consumer business exit during the upcoming earnings call on Wednesday, December 17, 2025.",https://ts2.tech/en/micron-technology-stock-mu-what-to-know-before-the-u-s-market-opens-on-dec-15-2025/,ts2.tech,ts2.tech,20251214T220814,NULL,0.302142,Somewhat-Bullish,0.598280,0.252030,Somewhat-Bullish
NVDA,"Credo Technology (CRDO) Stock: What to Know Before the U.S. Market Opens on Dec. 15, 2025","Credo Technology (CRDO) experienced a significant pullback from early December highs despite strong Q2 FY2026 earnings, optimistic Q3 guidance driven by AI-driven data-center connectivity demand, and bullish analyst price targets. The stock's volatility is attributed to its high-beta AI infrastructure classification, customer concentration risk, and recent insider selling, which have created a nuanced trading environment for investors ahead of Monday's market open.",https://ts2.tech/en/credo-technology-crdo-stock-what-to-know-before-the-u-s-market-opens-on-dec-15-2025/,ts2.tech,ts2.tech,20251214T220903,NULL,0.105873,Neutral,0.640554,0.335088,Somewhat-Bullish
NVDA,Will Stronger Results And Bullish Analyst Coverage Change Axsome Therapeutics' (AXSM) Risk‑Reward Narrative?,"Recent positive coverage from RBC Capital and Piper Sandler, coupled with Axsome Therapeutics' improved Q3 2025 financial results, are attracting new attention to its CNS therapy portfolio. The company reported increased revenue and a narrower net loss, signaling enhanced operational efficiency. This article explores how these developments impact Axsome's investment narrative and future risk-reward profile, particularly regarding its path to profitability amidst ongoing high commercial spending.",https://simplywall.st/stocks/us/pharmaceuticals-biotech/nasdaq-axsm/axsome-therapeutics/news/will-stronger-results-and-bullish-analyst-coverage-change-ax,Simply Wall Street,Simply Wall Street,20251214T221026,NULL,0.252062,Somewhat-Bullish,0.615240,0.258483,Somewhat-Bullish
NVDA,RDYY/YieldMax RDDT Option Income Strategy ETF - 研究報告與輝達概念股分析- 股市爆料同學會,"The article focuses on the YieldMax RDDT Option Income Strategy ETF (RDYY), providing its real-time quotes, technical analysis, and financial data. It appears to be a discussion forum or platform for stock market enthusiasts. The content also briefly mentions NVIDIA concept stocks and general market discussions.",https://www.cmoney.tw/forum/usstock/RDYY?tab=report,CMoney,CMoney,20251214T230950,https://fsv.cmoney.tw/cmstatic/test/logo_text.4817bea.svg,-0.119481,Neutral,0.874221,0.008986,Neutral
NVDA,3 Hyped Up Stocks Walking a Fine Line,"This article examines three ""hyped up"" stocks—nLIGHT (LASR), Olaplex (OLPX), and Apogee (APOG)—that have seen recent positive momentum but may be overvalued or face underlying challenges. For each company, the author provides a brief overview, discusses reasons for caution based on financial performance, and suggests alternative investment strategies. The piece concludes by promoting ""StockStory's"" high-quality stock recommendations.",https://finviz.com/news/254086/3-hyped-up-stocks-walking-a-fine-line,Finviz,Finviz,20251214T233400,https://news-assets.stockstory.org/cover-images/_1400x700_crop_center-center_none/nlight-cover-image-7e5609ca10c8_2024-06-25-195101_uxkn.jpeg,0.074375,Neutral,0.605979,0.324280,Somewhat-Bullish
NVDA,"AI infrastructure selloff continues on Wall Street as Broadcom, Oracle shares slide","Shares of Broadcom, CoreWeave, and Oracle have experienced significant declines recently, signaling a shift in investor sentiment regarding AI infrastructure. Despite the AI boom, concerns are growing about the return on investment justifying the massive spending in the sector, particularly as Oracle increases its debt for data center development and Broadcom faces lower gross margins from AI chip production. Analysts highlight Oracle's high debt-to-equity ratio compared to its cloud computing peers, contributing to investor apprehension.",https://www.cnbc.com/2025/12/15/ai-infrastructure-selloff-continues-broadcom-oracle-coreweave-shares-slide.html,CNBC,CNBC,20251215T000812,NULL,-0.157725,Somewhat-Bearish,0.613336,0.116868,Neutral
NVDA,"9,305 Shares in SBA Communications Corporation $SBAC Acquired by Munro Partners","Munro Partners recently acquired 9,305 shares of SBA Communications Corporation (NASDAQ:SBAC), valued at approximately $2.19 million, marking a new stake for the firm. Other institutional investors like Nomura Holdings Inc. significantly increased their positions, bringing the total institutional ownership to about 97.35%. Despite trimmed price targets by analysts, SBA Communications maintains a ""Moderate Buy"" consensus rating with a target price of $237.63, having recently surpassed quarterly earnings and revenue estimates and offering an annualized dividend of $4.44.",https://www.marketbeat.com/instant-alerts/filing-9305-shares-in-sba-communications-corporation-sbac-acquired-by-munro-partners-2025-12-14/,MarketBeat,MarketBeat,20251215T000856,https://www.marketbeat.com/logos/sba-communications-corp-logo-1200x675.gif,0.216514,Somewhat-Bullish,0.570065,0.122931,Neutral
NVDA,Ducommun (DCO) Tightens Leverage Terms: Smart Balance Sheet Discipline or Added Financial Constraint?,"Ducommun recently amended its 2022 credit agreement, securing a US$200 million senior secured term loan and a US$450 million revolving credit facility. This move, which refinances existing debt and provides working capital, introduces tighter leverage and interest coverage covenants. While offering liquidity and longer maturities, these new terms could increase lender oversight and pressure Ducommun to meet deleveraging requirements as aerospace and defense programs ramp up.",https://simplywall.st/stocks/us/capital-goods/nyse-dco/ducommun/news/ducommun-dco-tightens-leverage-terms-smart-balance-sheet-dis,Simply Wall Street,Simply Wall Street,20251215T000921,NULL,0.071042,Neutral,0.535910,0.138958,Neutral
NVDA,US stock futures mixed with tech on edge after Broadcom wipeout; CPI awaited,"US stock index futures were mixed on Sunday evening, reflecting investor unease toward technology stocks following weak guidance from Broadcom and Oracle, which raised concerns about the artificial intelligence sector. All eyes this week are on the November Consumer Price Index (CPI) inflation data, expected to influence the Federal Reserve's interest rate outlook. Despite losses in tech, overall weekly market declines were tempered by dovish commentary from the Fed regarding future rate cuts and Treasury purchases.",https://www.investing.com/news/stock-market-news/us-stock-futures-mixed-with-tech-on-edge-after-broadcom-wipeout-cpi-awaited-4407134,Investing.com,Investing.com,20251215T004734,https://i-invdn-com.investing.com/news/LYNXMPEA5N0R4_L.jpg,-0.268378,Somewhat-Bearish,0.714805,-0.266024,Somewhat-Bearish
NVDA,CNBC Daily Open: Investors sell off tech despite steady Broadcom numbers,"Major U.S. indexes fell on Friday due to a tech sell-off, despite strong earnings and guidance from Broadcom. Investors expressed concerns over lower margins and an apparent AI bubble, causing shares of companies like Broadcom, Nvidia, and Oracle to decline. Goldman Sachs also offered insight into playing China's domestic agriculture sector amidst evolving global trade dynamics.",https://www.cnbc.com/2025/12/15/cnbc-daily-open-investors-sell-off-tech-despite-steady-broadcom-numbers.html,CNBC,CNBC,20251215T012645,https://image.cnbcfm.com/api/v1/image/107187842-1704295016277-daily_open_logo_web_24.png?v=1704295029&h=80,-0.184164,Somewhat-Bearish,0.740544,-0.219158,Somewhat-Bearish
NVDA,Cogent Communications CFO Weed sells $175k in shares,"Thaddeus Gerard Weed, CFO of Cogent Communications Holdings, Inc. (NASDAQ:CCOI), sold 7,300 shares of company stock for a total of $175,127 on December 11, 2025. This transaction leaves him with 88,200 directly owned shares. Recent analyst actions and company decisions, including a stock repurchase program resumption, a lowered price target from KeyBanc, and downgrades from Wells Fargo and UBS due to a dividend cut and execution risks, provide context to the company's financial outlook.",https://www.investing.com/news/insider-trading-news/cogent-communications-cfo-weed-sells-175k-in-shares-93CH-4406721,Investing.com,Investing.com,20251215T020923,https://i-invdn-com.investing.com/news/World_News_8_800x533_L_1420026210.jpg,0.20174,Somewhat-Bullish,0.644263,0.330342,Somewhat-Bullish
NVDA,iRobot files for Chapter 11 bankruptcy just 11 days after its record one-day gain,"iRobot, known for its robotic vacuums, has filed for Chapter 11 bankruptcy as part of a restructuring agreement. This move comes just eleven days after the company experienced a record 74% one-day stock gain, driven by a Politico report on a potential robotics industry boost from the Trump administration. Despite the recent stock surge, management had previously expressed substantial doubt about the company's ability to continue as a going concern.",https://sherwood.news/markets/irobot-files-for-chapter-11-bankruptcy-just-11-days-after-its-record-one-day/,Sherwood News,Sherwood News,20251215T031039,NULL,-0.480283,Bearish,0.629634,-0.324140,Somewhat-Bearish
NVDA,Are SLM’s (SLM) Margin Pressures Reframing Its Profitability Story More Than Investors Realize?,"SLM Corp. is facing concerns regarding lower gain-on-sale margins and higher operating expenses, despite maintaining profitability and a consistent dividend. This has led to mixed analyst reactions, with some adjusting views while others remain positive on the company's long-term policy-driven growth. Investors are encouraged to consider diverse fair value estimates and potential risks alongside the dividend stability.",https://simplywall.st/stocks/us/diversified-financials/nasdaq-slm/slm/news/are-slms-slm-margin-pressures-reframing-its-profitability-st/amp,Simply Wall Street,Simply Wall Street,20251215T040922,NULL,0.194022,Somewhat-Bullish,0.626668,0.346703,Somewhat-Bullish
NVDA,Should You Invest in the iShares U.S. Technology ETF (IYW)?,"The iShares U.S. Technology ETF (IYW) is a passively managed ETF designed to provide broad exposure to the Technology broad segment of the equity market. It holds a Zacks ETF Rank of 1 (Strong Buy) due to its expected asset class return, expense ratio, and momentum, making it an excellent option for investors in the Technology ETFs segment. The fund boasts over $20.71 billion in assets, an annual operating expense of 0.38%, and has seen a year-to-date return of approximately 23.43%.",https://www.sharewise.com/de/news_articles/Should_You_Invest_in_the_iShares_US_Technology_ETF_IYW_Zacks_20251216_1220,www.sharewise.com,www.sharewise.com,20251215T040945,https://www.sharewise.com/assets/news/news4-705b1ede251f597c3fb0a237db1c4cf950e74deda55e184efa81c1990bbe8926.png,0.365713,Bullish,0.718040,0.346635,Somewhat-Bullish
NVDA,Photronics (PLAB) Stock Soars 45% After Q4 Earnings Beat: AI Photomask Demand Resets the 2026 Outlook,"Photronics (PLAB) stock surged 45% following better-than-expected fiscal Q4 2025 results and bullish Q1 2026 guidance, driven by strong AI-related demand for high-end photomasks. The company's expansion plans, including significant capital expenditures, underscore its strategic positioning in the semiconductor value chain amidst increasing regionalization and outsourcing trends. This performance has pushed PLAB's share price above many analyst targets, prompting a re-evaluation of its valuation in the AI-driven chip cycle.",https://ts2.tech/en/photronics-plab-stock-soars-45-after-q4-earnings-beat-ai-photomask-demand-resets-the-2026-outlook/,ts2.tech,ts2.tech,20251215T050924,https://ts2.tech/wp-content/plugins/wp-youtube-lyte/lyteCache.php?origThumbUrl=https%3A%2F%2Fi.ytimg.com%2Fvi%2FGpWUpxHMhuE%2F0.jpg,0.460668,Bullish,0.624401,0.350460,Bullish
NVDA,"Zacks Investment Ideas feature highlights: GE Vernova, Constellation Energy, Nvidia, NextEra and Meta","This article highlights GE Vernova (GEV), Constellation Energy (CEG), Nvidia (NVDA), NextEra Energy (NEE), and Meta (META) as top investment ideas, focusing on the burgeoning AI energy sector. It emphasizes the critical need for increased power generation to support AI's growth, positioning nuclear and renewable energy companies as prime beneficiaries. Specifically, GEV's strong performance and CEG's strategic deals with tech giants make them attractive alongside NEE's long-term growth and dividend potential.",https://www.nasdaq.com/articles/zacks-investment-ideas-feature-highlights-ge-vernova-constellation-energy-nvidia-nextera,Nasdaq,Nasdaq,20251215T051200,NULL,0.412048,Bullish,0.749520,0.335255,Somewhat-Bullish
NVDA,Susquehanna initiates Fabrinet stock coverage with Positive rating on AI growth,"Susquehanna has initiated coverage of Fabrinet (NYSE:FN) with a Positive rating and a $550 price target, citing the company's strong position in the optical networking market and emerging opportunities in HPC contract manufacturing for AI servers. This comes as Fabrinet reported strong Q1 2026 financial results, surpassing analyst expectations for EPS and revenue.",https://www.investing.com/news/analyst-ratings/susquehanna-initiates-fabrinet-stock-coverage-with-positive-rating-on-ai-growth-93CH-4408050,Investing.com,Investing.com,20251215T060913,https://i-invdn-com.investing.com/news/international_newspapers_69x52._800x533_L_1419494241.jpg,0.397652,Bullish,0.646228,0.317201,Somewhat-Bullish
NVDA,Why Allegro MicroSystems (ALGM) Is Down 7.2% After China Prioritizes Local AI Chipmakers Over U.S. Suppliers,"Allegro MicroSystems (ALGM) saw a 7.2% stock drop following China's new procurement guidelines prioritizing domestic AI chipmakers over U.S. suppliers. This policy shift raises concerns about Allegro's revenue streams in China and long-term market access, despite its focus on automotive and industrial applications which may offer some cushion against geopolitically driven shifts in AI chip procurement. Investors are advised to monitor design wins and consider diversified perspectives on the company's valuation and market position.",https://simplywall.st/stocks/us/semiconductors/nasdaq-algm/allegro-microsystems/news/why-allegro-microsystems-algm-is-down-72-after-china-priorit/amp,Simply Wall Street,Simply Wall Street,20251215T060917,NULL,-0.144952,Neutral,0.571485,-0.130357,Neutral
NVDA,Is Fidelity High Dividend ETF (FDVV) a Strong ETF Right Now?,"The Fidelity High Dividend ETF (FDVV) is a smart beta ETF focused on large and mid-capitalization high-dividend-paying companies. With over $7.73 billion in assets and an expense ratio of 0.16%, it aims to track the Fidelity Core Dividend Index. The ETF has performed well year-to-date, adding about 16.65%, and offers diversified exposure primarily to Information Technology, Financials, and Consumer Staples sectors.",https://finance.yahoo.com/news/fidelity-high-dividend-etf-fdvv-112002482.html,Yahoo Finance,Yahoo Finance,20251215T062000,https://s.yimg.com/ny/api/res/1.2/Qv0MBb59ODnEjFUVEDOeVQ--/YXBwaWQ9aGlnaGxhbmRlcjt3PTEyNjtoPTQ4/https://s.yimg.com/os/creatr-uploaded-images/2020-11/3bc15d30-250e-11eb-bffb-472fe5eb11fe,0.339114,Somewhat-Bullish,0.614999,0.333232,Somewhat-Bullish
NVDA,GIBO Announces Strategic Collaboration with E Total Technology Sdn Bhd to Accelerate Deployment of AI Compute Centers Featuring NVIDIA's Most Advanced Chips,"GIBO Holdings Ltd. announced a strategic collaboration with Malaysia-based E Total Technology Sdn Bhd to establish next-generation artificial intelligence compute centers in Malaysia. These centers will utilize NVIDIA's most advanced AI chips to meet the growing demand for AI training and inference. The partnership aims to enhance Malaysia's AI infrastructure, positioning it as a regional AI compute hub in the Asia-Pacific region.",https://fox4kc.com/business/press-releases/cision/20251215CN47352/gibo-announces-strategic-collaboration-with-e-total-technology-sdn-bhd-to-accelerate-deployment-of-ai-compute-centers-featuring-nvidias-most-advanced-chips,FOX4KC.com,FOX4KC.com,20251215T080000,https://mma.prnewswire.com/media/2717677/GIBO_Logo.jpg?p=publish,0.394474,Bullish,0.809747,0.310756,Somewhat-Bullish
NVDA,"China ‘rejects’ chips, outfoxing US: Sacks","White House AI adviser David Sacks claims China is rejecting Nvidia's H200 AI chips in favor of domestically developed semiconductors. This move undermines the US strategy to introduce competition into the Chinese market to challenge local tech champions like Huawei, raising questions about Nvidia's potential US$10 billion annual revenue opportunity from the H200s in China. The situation highlights China's determination to achieve semiconductor independence and its ongoing support for its own chipmaking industry.",https://www.taipeitimes.com/News/biz/archives/2025/12/15/2003848878,Taipei Times,Taipei Times,20251215T080806,https://img.taipeitimes.com/images/2025/12/15/P09-251215-308.jpg,-0.106075,Neutral,0.990001,-0.314422,Somewhat-Bearish
NVDA,1 Reason I'm Watching Apple Heading Into 2026,"Apple Inc. (NASDAQ: AAPL) is under scrutiny as it approaches 2026 due to strong iPhone sales. Management projects double-digit iPhone revenue growth for Q1 2026, driven by robust demand for the iPhone 17. Despite a rich valuation, the continued success of the iPhone, which accounts for 50% of Apple's overall revenue, makes it a key factor for investors to monitor.",https://finviz.com/news/253926/1-reason-im-watching-apple-heading-into-2026,Finviz,Finviz,20251215T082900,https://g.foolcdn.com/image/?url=https%3A%2F%2Fg.foolcdn.com%2Feditorial%2Fimages%2F845814%2Fback-of-iphone.png&w=700,0.215835,Somewhat-Bullish,0.633546,0.334379,Somewhat-Bullish
NVDA,"PayPal Holdings, Inc. $PYPL is Amiral Gestion's 4th Largest Position","Amiral Gestion significantly increased its stake in PayPal Holdings, Inc. (NASDAQ:PYPL) by 131.0% in Q2, making it their 4th largest position. Other institutional investors also boosted their holdings, with PayPal now being 68.32% owned by hedge funds and institutions. The company recently surpassed quarterly earnings and revenue estimates, provided positive FY2025 guidance, and holds an average analyst rating of ""Hold.""",https://www.marketbeat.com/instant-alerts/filing-paypal-holdings-inc-pypl-is-amiral-gestions-4th-largest-position-2025-12-15/,MarketBeat,MarketBeat,20251215T082928,https://www.marketbeat.com/logos/paypal-holdings-inc-logo-1200x675.png?v=20231214083652,-0.142977,Neutral,0.625044,-0.362920,Bearish
NVDA,"Guggenheim Initiates A Bullish Rating On Amazon.com, Inc. (AMZN)","Guggenheim has initiated coverage of Amazon.com, Inc. (NASDAQ: AMZN) with a bullish rating and a $300 price target, citing positive momentum from the holiday season and manageable tariffs despite a challenging retail environment. The firm also highlighted Amazon's significant investment plans in India, totaling over $35 billion by 2030, aimed at business expansion, AI development, and boosting exports. These investments are set to create 1 million new jobs in India and increase overall exports from the platform to $80 billion by 2030.",https://www.insidermonkey.com/blog/guggenheim-initiates-a-bullish-rating-on-amazon-com-inc-amzn-1659572/?amp=1,Insider Monkey,Insider Monkey,20251215T084300,,0.294722,Somewhat-Bullish,0.647575,0.299701,Somewhat-Bullish
NVDA,"Cadence Design Systems Insider Sold Shares Worth $1,863,495, According to a Recent SEC Filing","An insider at Cadence Design Systems (CDNS) recently sold shares valued at $1,863,495, according to a recent SEC filing. The article highlights other recent insider transactions and company news, including analyst rating adjustments and acquisitions. Cadence Design Systems is a leading provider of design software for integrated circuits and electronic systems.",https://www.marketscreener.com/news/cadence-design-systems-insider-sold-shares-worth-1-863-495-according-to-a-recent-sec-filing-ce7d50d8d080f327,marketscreener.com,marketscreener.com,20251215T085549,,0.136068,Neutral,0.620844,0.322396,Somewhat-Bullish
NVDA,U.S. Approving GPU Exports To Armenia Signals A New Era Of AI Diplomacy,"The U.S. has approved the export of 6,144 NVIDIA Blackwell GPUs to Armenia for Firebird AI, setting the stage for the region's first large-scale AI factory. This move signifies a new era of AI diplomacy, where the U.S. grants advanced technology access to Tier 2 countries that align with its strategic interests. The project represents a $500 million public-private partnership aimed at making Armenia a powerful data engineering hub, leveraging its existing energy infrastructure for digital exports.",https://www.sahmcapital.com/news/content/us-approving-gpu-exports-to-armenia-signals-a-new-era-of-ai-diplomacy-2025-11-21,Sahm,Sahm,20251215T085633,,0.326292,Somewhat-Bullish,1.000000,0.464504,Bullish
NVDA,DIREXION DAILY SEMICONDUCTOR BULL 3X SHARES : SOXL,"The article focuses on Direxion Daily Semiconductor Bull 3X Shares (SOXL), an ETF designed to deliver triple the daily performance of the NYSE Semiconductor Index. It highlights the ETF's investment strategy in semiconductor and information technology sectors, targeting both growth and value stocks. A specific article about SOXL's $13.6 billion fund facing rebalancing drag due to the memory cycle entering a critical phase is also featured.",https://247wallst.com/companies/soxl/,24/7 Wall St.,24/7 Wall St.,20251215T085700,https://247wallst.com/wp-content/uploads/2025/12/what-soxl-investors-need-to-know-going-in-to-2026-featured-1765738622084-400x223.webp,0.309393,Somewhat-Bullish,0.601021,0.323568,Somewhat-Bullish
NVDA,KLA stock rating upgraded to Buy by Jefferies on strong chip demand outlook,"Jefferies upgraded KLA Corporation (NASDAQ:KLAC) to Buy from Hold, significantly increasing its price target to $1,500 due to growing optimism in leading-edge semiconductor spending. The firm anticipates rising chip complexity and AI server demands to boost KLA's process control intensity business, despite ongoing concerns regarding China exposure. KLA also reported strong Q1 2026 financial results, surpassing analyst expectations for EPS and revenue, further supported by positive analyst price target revisions from TD Cowen and Stifel.",https://www.investing.com/news/analyst-ratings/kla-stock-rating-upgraded-to-buy-by-jefferies-on-strong-chip-demand-outlook-93CH-4407383,Investing.com,Investing.com,20251215T090834,https://i-invdn-com.investing.com/news/news_headline_rolled_69x52._800x533_L_1419494221.jpg,0.26856,Somewhat-Bullish,0.624713,0.229666,Somewhat-Bullish
NVDA,"Castleark Management LLC Has $423,000 Stock Holdings in Starbucks Corporation $SBUX","Castleark Management LLC significantly decreased its stake in Starbucks Corporation by 98% in Q2, leaving it with 4,620 shares valued at $423,000. Despite this, a Starbucks director, Jorgen Vig Knudstorp, recently increased his holdings by purchasing 11,700 shares for over $994,000. Analyst sentiment remains a ""Moderate Buy"" with a $101.44 consensus price target, although some firms have lowered their targets and one notably cut its rating to ""strong sell.""",https://www.marketbeat.com/instant-alerts/filing-castleark-management-llc-has-423000-stock-holdings-in-starbucks-corporation-sbux-2025-12-15/,MarketBeat,MarketBeat,20251215T090853,https://www.marketbeat.com/logos/starbucks-co-logo-1200x675.png?v=20231214122544,0.230854,Somewhat-Bullish,0.603719,0.300997,Somewhat-Bullish
NVDA,Caldwell Trust Co Makes New Investment in The Kroger Co. $KR,"Caldwell Trust Co has acquired a new stake of 23,005 shares in The Kroger Co. valued at approximately $1,650,000 during Q2. Kroger reported Q2 EPS of $1.05 and provided FY2025 guidance of $4.75–$4.80 EPS, exceeding analyst expectations. The stock currently has a ""Moderate Buy"" consensus rating with an average price target of $74.18.",https://www.marketbeat.com/instant-alerts/filing-caldwell-trust-co-makes-new-investment-in-the-kroger-co-kr-2025-12-15/,MarketBeat,MarketBeat,20251215T091115,https://www.marketbeat.com/logos/the-kroger-co-logo-1200x675.png?v=20221101143339,0.165956,Somewhat-Bullish,0.561645,0.120319,Neutral
NVDA,USD/KRW: BofA forecasts Korean Won to hit weakest level since 2012,"Bank of America predicts the Korean Won will reach its lowest level since 2012 by the end of 2025, driven by significant portfolio outflows from Korean retail investors into U.S. equities. The USD/KRW exchange rate is nearing 1,480, and the Korea NEER is expected to hit a 13-year low, despite the Korean government's efforts to defend the currency. BofA characterizes 2025 as ""the year of portfolio outflows and Won weakness.""",https://www.investing.com/news/forex-news/usdkrw-bofa-forecasts-korean-won-to-hit-weakest-level-since-2012-93CH-4407533,Investing.com,Investing.com,20251215T094343,https://i-invdn-com.investing.com/news/LYNXMPEAA20GT_L.jpg,-0.112687,Neutral,0.584534,-0.207945,Somewhat-Bearish
NVDA,"Zacks Market Edge Highlights: NVIDIA, Newmont, Atlassian, Genpact and Zoom Communications","The Zacks Market Edge podcast, hosted by Tracey Ryniec and featuring John Blank, discusses whether the U.S. will face a recession in 2026 and highlights five top stock picks for the year. These picks, including NVIDIA and Newmont, blend AI-related opportunities with value and growth, offering insights into industries expected to perform well. The discussion also covers the impact of consumer spending and the Federal Reserve's actions on the economy.",https://www.tradingview.com/news/zacks:182aa4ec9094b:0-zacks-market-edge-highlights-nvidia-newmont-atlassian-genpact-and-zoom-communications/,TradingView — Track All Markets,TradingView — Track All Markets,20251215T100840,,0.462695,Bullish,0.907847,0.537969,Bullish
NVDA,"STMicroelectronics (STM) Stock News and Forecasts: Starlink Chips, €1B EIB Funding, and What to Watch Into 2026 (Dec. 15, 2025)","STMicroelectronics (NYSE: STM) is gaining attention due to its decade-long collaboration with SpaceX, supplying chips for Starlink, and a new €1 billion European Investment Bank (EIB) credit line for R&D and manufacturing. While strategic moves like the Starlink partnership and EIB funding offer positive catalysts, the company faces caution flags related to uneven recovery in key markets and cash-flow pressure, as highlighted by a negative S&P outlook. Investors anticipate Q4 and full-year 2025 results on January 29, 2026, for insights into order momentum, margins, and capex plans.",https://ts2.tech/en/stmicroelectronics-stm-stock-news-and-forecasts-starlink-chips-e1b-eib-funding-and-what-to-watch-into-2026-dec-15-2025/,ts2.tech,ts2.tech,20251215T100930,NULL,0.210035,Somewhat-Bullish,0.573530,0.117110,Neutral
NVDA,"Farmers Trust Co. Purchases New Stake in Becton, Dickinson and Company $BDX","Farmers Trust Co. has acquired a new stake in Becton, Dickinson and Company (NYSE:BDX), purchasing 16,796 shares valued at approximately $3.14 million. This move is part of broader institutional interest, with other major investors like Vanguard and First Eagle also increasing their holdings in the medical instruments supplier. BDX shares are currently trading around $200.82, and the company recently raised its quarterly dividend to $1.05 per share, attracting significant institutional ownership.",https://www.marketbeat.com/instant-alerts/filing-farmers-trust-co-purchases-new-stake-in-becton-dickinson-and-company-bdx-2025-12-15/,MarketBeat,MarketBeat,20251215T101304,https://www.marketbeat.com/logos/becton-dickinson-and-company-logo-1200x675.png?v=20231228112655,0.09683,Neutral,0.552480,0.110506,Neutral
NVDA,"Meetings are not work, says Southwest Airlines CEO—and he’s taking action, by blocking his calendar every afternoon from Wednesday to Friday","Southwest Airlines CEO Bob Jordan plans to block off Wednesday, Thursday, and Friday afternoons in 2026 to focus on strategic work, arguing that constant meetings hinder true leadership and productivity. This move addresses a common executive concern that meetings consume too much time, preventing essential reflection and proactive work. Other CEOs like Nvidia's Jensen Huang and JPMorgan Chase's Jamie Dimon also employ strategies to combat meeting overload, emphasizing efficiency and focused attention during necessary gatherings.",https://finance.yahoo.com/news/meetings-not-says-southwest-airlines-154313537.html,Yahoo Finance,Yahoo Finance,20251215T104300,https://s.yimg.com/ny/api/res/1.2/qB2KthaTpvNvpbDu6D4FIw--/YXBwaWQ9aGlnaGxhbmRlcjt3PTEyODtoPTQ4O2NmPXdlYnA-/https://s.yimg.com/os/creatr-uploaded-images/2020-12/2b82d430-3567-11eb-be1f-26e8c03de24e,0.266407,Somewhat-Bullish,0.702116,0.185103,Somewhat-Bullish
NVDA,Webcast: From Digital to Physical: AI's Move into the Real World,"This webcast will explore the emerging field of ""physical AI,"" where artificial intelligence transcends digital systems to operate in the real world through robots and autonomous systems. Featuring Zeno Mercer from ROBO Global and Illah Nourbakhsh of Carnegie Mellon University, the event will discuss technical breakthroughs, real-world applications, and investment opportunities in this transformative area. Attendees can earn CE credit for various financial designations.",https://www.etftrends.com/webcasts/from-digital-to-physical-ais-move-into-the-real-world/,ETF Trends,ETF Trends,20251215T105838,https://www.etftrends.com/wp-content/uploads/2020/06/image_placeholder.png,0.318018,Somewhat-Bullish,0.607237,0.342973,Somewhat-Bullish
NVDA,Is Trump right on Powell? Morgan Stanley asks if the Fed is moving fast enough,"Morgan Stanley's Mike Wilson questions whether the Federal Reserve's recent quarter-point rate cut and $40 billion asset-purchase program are sufficient to address liquidity issues, especially given weak price action in sensitive assets. The move comes amid intensifying political pressure from President Trump, who desires deeper rate cuts and is preparing to install a new Fed chair. Wilson suggests that upcoming labor market data may be a more significant driver of equity sentiment than the FOMC decision.",https://www.investing.com/news/economy-news/is-trump-right-on-powell-morgan-stanley-asks-if-the-fed-is-moving-fast-enough-4407571,Investing.com,Investing.com,20251215T110803,https://i-invdn-com.investing.com/news/moved_LYNXNPEL4S0UP_L.jpg,-0.048951,Neutral,0.631968,-0.076781,Neutral
NVDA,"Alibaba Stock (BABA) Today: Price, Latest News, Analyst Forecasts and 2026 Outlook as AI Spending Accelerates","Alibaba (BABA) is navigating a significant transformation, investing heavily in AI and cloud computing while also competing fiercely in the quick commerce sector. Investors are watching to see if these aggressive AI investments will lead to sustained profitability and if the company can balance rapid growth with margin preservation amidst geopolitical influences and intense market competition. Analyst forecasts are generally bullish for the medium term, but concerns about short-term profitability pressures due to high capital expenditure and subsidy wars remain.",https://ts2.tech/en/alibaba-stock-baba-today-price-latest-news-analyst-forecasts-and-2026-outlook-as-ai-spending-accelerates/,ts2.tech,ts2.tech,20251215T110943,NULL,0.203153,Somewhat-Bullish,0.630258,0.322696,Somewhat-Bullish
NVDA,Celestica Stock Plunges Nearly 13% as AI Tech Sector Faces Widespread Investor Selloff Pressure,"Celestica (NYSE: CLS; TSX: CLS) shares dropped almost 13% amidst a broad AI sector selloff, reflecting the volatility of high-growth tech stocks. Despite this short-term dip, insider purchases and institutional ownership indicate continued confidence, while analysts remain largely bullish on the company's strong 2026 growth outlook with high revenue and EPS projections. The stock's performance is currently influenced by options activity, AI hype, and market rotation pressures, with long-term investors awaiting Celestica to meet its ambitious forecasts amidst market fluctuations.",https://coincentral.com/celestica-stock-plunges-ai-sector-selloff/,CoinCentral,CoinCentral,20251215T110951,NULL,0.038192,Neutral,0.648254,0.204987,Somewhat-Bullish
NVDA,"Zacks Investment Ideas feature highlights: GE Vernova, Constellation Energy, Nvidia, NextEra and Meta","This Zacks Investment Ideas article highlights GE Vernova (GEV), Constellation Energy (CEG), Nvidia (NVDA), NextEra Energy (NEE), and Meta (META), focusing on the investment potential of AI-driven energy stocks. It emphasizes GE Vernova's strong performance and the growing demand for power due to AI, recommending CEG and NEE as key players in the expanding nuclear and renewable energy sectors. The article suggests these energy companies are poised for significant growth as they power the AI boom.",https://www.theglobeandmail.com/investing/markets/stocks/NEE/pressreleases/36620511/zacks-investment-ideas-feature-highlights-ge-vernova-constellation-energy-nvidia-nextera-and-meta/,The Globe and Mail,The Globe and Mail,20251215T113909,https://staticx-tuner.zacks.com/images/articles/main/96/678.jpg,0.347986,Somewhat-Bullish,0.736492,0.263758,Somewhat-Bullish
NVDA,Iridex CFO Dizon buys $2296 in company stock,"Iridex CFO Romeo R. Dizon recently purchased 2,365 shares of the company’s common stock for $2296, increasing his direct ownership to 92,685 shares. This insider buying occurs while IRIDEX (NASDAQ:IRIX) is trading significantly below its 52-week high, and an InvestingPro analysis suggests the company is currently undervalued, despite recent financial results falling short of analyst expectations. The company also announced a new independent study highlighting the effectiveness of its MicroPulse transscleral laser technology for glaucoma retreatment.",https://www.investing.com/news/insider-trading-news/iridex-cfo-dizon-buys-2296-in-company-stock-93CH-4408799,Investing.com,Investing.com,20251215T114300,https://i-invdn-com.investing.com/news/news_six_pile_69x52._800x533_L_1419494215.jpg,0.237146,Somewhat-Bullish,0.605593,0.345494,Somewhat-Bullish
NVDA,1 Cash-Producing Stock to Target This Week and 2 Facing Challenges,"This article identifies one cash-producing stock, Palo Alto Networks (PANW), as a strong buy due to its efficient operations and robust free cash flow. Conversely, it advises caution on Keysight (KEYS) and Kimball Electronics (KE) due to lagging sales, declining profitability, and weak market positioning, despite their cash flow generation. The analysis highlights the importance of discerning between high cash flow and actual financial health and competitive advantage.",https://finviz.com/news/253756/1-cash-producing-stock-to-target-this-week-and-2-facing-challenges,Finviz,Finviz,20251215T114743,https://news-assets.stockstory.org/cover-images/fj2W2KD.jpeg,0.273554,Somewhat-Bullish,0.600974,0.521983,Bullish
NVDA,"Arista Networks Stock (ANET) News Today: What’s Driving the Pullback, the Latest Wall Street Forecasts, and the 2026 Catalysts to Watch (Dec. 15, 2025)","Arista Networks (ANET) stock experienced a pullback primarily due to broader AI market jitters, despite strong Q3 2025 financial results and optimistic Q4 guidance. The company is actively expanding its product portfolio, particularly in enterprise campus networking with VESPA, AI operations with AVA, and ruggedized switching, aiming to diversify its growth engines beyond hyperscaler cloud solutions. Wall Street analysts maintain a ""Strong Buy"" consensus with significant upside potential, highlighting Arista's durable margins and strong positioning for 2026 AI networking growth.",https://ts2.tech/en/arista-networks-stock-anet-news-today-whats-driving-the-pullback-the-latest-wall-street-forecasts-and-the-2026-catalysts-to-watch-dec-15-2025/,ts2.tech,ts2.tech,20251215T120300,,0.218304,Somewhat-Bullish,0.627155,0.122789,Neutral
NVDA,"MASTERINVEST Kapitalanlage GmbH Takes $1.51 Million Position in PayPal Holdings, Inc. $PYPL","MASTERINVEST Kapitalanlage GmbH recently acquired a new position of 20,268 shares in PayPal Holdings, Inc. (NASDAQ:PYPL) valued at approximately $1.51 million during the second quarter. Other institutional investors also adjusted their stakes in PayPal, while several analysts issued mixed ratings and price targets for the company. Insider transactions also occurred, with executives selling a notable number of shares.",https://www.marketbeat.com/instant-alerts/filing-masterinvest-kapitalanlage-gmbh-takes-151-million-position-in-paypal-holdings-inc-pypl-2025-12-15/,MarketBeat,MarketBeat,20251215T120813,https://www.marketbeat.com/logos/paypal-holdings-inc-logo-1200x675.png?v=20231214083652,0.102435,Neutral,0.623192,-0.129656,Neutral
NVDA,"Zacks Investment Ideas feature highlights: GE Vernova, Constellation Energy, Nvidia, NextEra and Meta","This article highlights five stocks—GE Vernova, Constellation Energy, Nvidia, NextEra Energy, and Meta—based on their significant roles and potential in the AI-driven energy sector. It emphasizes the soaring demand for electricity due to AI, positioning GE Vernova, Constellation Energy, and NextEra Energy as key players in powering this growth, including through nuclear and renewable energy initiatives. The piece suggests these stocks offer strong investment opportunities with significant growth potential, robust earnings, and dividend payments, particularly those contributing to AI infrastructure.",https://www.theglobeandmail.com/investing/markets/stocks/CEG/pressreleases/36620511/zacks-investment-ideas-feature-highlights-ge-vernova-constellation-energy-nvidia-nextera-and-meta/,The Globe and Mail,The Globe and Mail,20251215T120843,https://staticx-tuner.zacks.com/images/articles/main/96/678.jpg,0.36746,Bullish,0.720164,0.332166,Somewhat-Bullish
NVDA,Gold Fields and Diageo have been highlighted as Zacks Bull and Bear of the Day,"Gold Fields Ltd. (GFI) has been named Zacks' Bull of the Day due to its strong performance in gold mining, significant growth forecasts, and attractive valuation. Conversely, Diageo (DEO) is the Bear of the Day, facing challenges from declining alcohol consumption, stagnant sales, and continuous earnings downgrades. The article also highlights Micron Technology (MU), Palantir Technologies (PLTR), and NVIDIA (NVDA) as top AI stocks for future growth.",https://www.theglobeandmail.com/investing/markets/stocks/MU/pressreleases/36620321/gold-fields-and-diageo-have-been-highlighted-as-zacks-bull-and-bear-of-the-day/,The Globe and Mail,The Globe and Mail,20251215T120917,https://staticx-tuner.zacks.com/images/articles/main/f8/746.jpg,0.208262,Somewhat-Bullish,0.730904,0.432222,Bullish
NVDA,Alibaba (BABA) Stock: Surges Nearly 1% Amid AI Spending Push,"Alibaba's stock surged nearly 1% as investors reacted positively to the company's significant investment in AI and cloud infrastructure, totaling approximately 380 billion yuan ($52.44 billion) over three years. The Qwen App's rapid adoption and the potential acquisition of Nvidia's H200 AI chips are key drivers for investor optimism, despite short-term margin pressures from quick-commerce subsidies. Analysts see potential upside, with consensus price targets suggesting a 20-27% increase if AI and cloud strategies prove successful.",https://coincentral.com/alibaba-baba-stock-surges-nearly-1-percent-ai-spending/,CoinCentral,CoinCentral,20251215T120943,https://coincentral.com/wp-content/uploads/2025/08/shutterstock_2651764537-1200x675.jpg,0.211575,Somewhat-Bullish,0.709368,0.256783,Somewhat-Bullish
NVDA,AI-Fueled Demand to Boost Micron Technology's DRAM Revenues in Q1,"Micron Technology (MU) is expected to show significant revenue and earnings growth in its first fiscal quarter of 2026, driven by soaring demand for its DRAM products due to artificial intelligence investments. The company's partnerships with tech giants like NVIDIA and Advanced Micro Devices for high-bandwidth memory (HBM3E) are positioning it as a critical supplier in the AI hardware ecosystem. This AI-led demand and strategic alliances are anticipated to be major catalysts for Micron's DRAM revenues, with analysts forecasting a 58.3% year-over-year increase in the segment.",https://www.tradingview.com/news/zacks:73c5ddc26094b:0-ai-fueled-demand-to-boost-micron-technology-s-dram-revenues-in-q1/,TradingView — Track All Markets,TradingView — Track All Markets,20251215T130755,NULL,0.443667,Bullish,0.922704,0.485007,Bullish
NVDA,Fabrinet initiated with a Positive at Susquehanna,"Susquehanna has initiated coverage of Fabrinet (FN) with a ""Positive"" rating and a $550 price target. The firm believes Fabrinet is benefiting from the growth of transceivers in data centers and anticipated opportunities in optical networking, alongside emerging involvement in high-performance computing contract manufacturing for AI servers.",https://www.tipranks.com/news/the-fly/fabrinet-initiated-with-a-positive-at-susquehanna-thefly-2,TipRanks,TipRanks,20251215T130850,NULL,0.253086,Somewhat-Bullish,0.550747,0.214965,Somewhat-Bullish
NVDA,Goldman Sachs initiates coverage on SiTime stock with Buy rating,"Goldman Sachs has initiated coverage on SiTime Corp. (NASDAQ:SITM) with a Buy rating and a price target of $420.00, citing the company's leadership in silicon-based precision timing solutions and its strong financial position. The investment bank highlighted three key growth catalysts: the industry shift from quartz to silicon timing, increasing opportunities with major customer Apple, and the growing demand from AI datacenter buildouts. SiTime's stock is currently trading near its 52-week high, with Goldman Sachs projecting revenue growth exceeding 40% and EPS growth over 60% for the company.",https://www.investing.com/news/analyst-ratings/goldman-sachs-initiates-coverage-on-sitime-stock-with-buy-rating-93CH-4407626,Investing.com,Investing.com,20251215T130926,https://i-invdn-com.investing.com/news/apple_800x533_L_1411373495.jpg,0.400969,Bullish,0.601067,0.243850,Somewhat-Bullish
NVDA,"Nova (NVMI) Stock Is Up, What You Need To Know","Shares of Nova (NVMI), a semiconductor quality control company, rose after Jefferies increased its price target to $390 and Morgan Stanley initiated coverage with a $332 price target. This positive sentiment is driven by the increasing demand for Nova's process control systems due to the growing use of artificial intelligence in semiconductor manufacturing. The stock is up 60.3% year-to-date and is trading near its 52-week high.",https://finviz.com/news/254508/nova-nvmi-stock-is-up-what-you-need-to-know,Finviz,Finviz,20251215T130935,https://news-assets.stockstory.org/cover-images/_1400x700_crop_center-center_none/nova-cover-image-860494c5e35b_2023-01-27-125232_lcqi.jpeg,0.285228,Somewhat-Bullish,0.641015,0.302138,Somewhat-Bullish
NVDA,"Texas Permanent School Fund Corp Lowers Holdings in Comfort Systems USA, Inc. $FIX","Texas Permanent School Fund Corp significantly reduced its stake in Comfort Systems USA (NYSE:FIX) by 24.4% in the second quarter, selling over 12,000 shares. Despite this, Comfort Systems USA reported strong financial results with $0.90 EPS and $713.9 million in revenue, increased its quarterly dividend to $0.60, and maintains a ""Buy"" consensus rating from analysts. Insider selling also occurred, with directors selling a notable number of shares this quarter.",https://www.marketbeat.com/instant-alerts/filing-texas-permanent-school-fund-corp-lowers-holdings-in-comfort-systems-usa-inc-fix-2025-12-15/,MarketBeat,MarketBeat,20251215T130953,https://www.marketbeat.com/logos/comfort-systems-usa-inc-logo-1200x675.png?v=20240424085012,0.140272,Neutral,0.603951,0.137951,Neutral
NVDA,Nvidia and AMD Brace for Surging AI Demand in 2026,"Semiconductor companies, including Nvidia and AMD, anticipate AI demand to outstrip supply into 2026, according to a BNP Paribas Research note. Executives expressed confidence in continued capacity ramps, with discussions focusing on power availability, competition from custom silicon, and vendor financing as key considerations for the industry's growth.",https://www.tradingview.com/news/gurufocus:c4438c4e7094b:0-nvidia-and-amd-brace-for-surging-ai-demand-in-2026/,TradingView — Track All Markets,TradingView — Track All Markets,20251215T133452,https://s3.tradingview.com/news/logo/gurufocus--theme-light.svg,0.429875,Bullish,0.972841,0.573412,Bullish
NVDA,Baron Global Durable Advantage ETF Holdings,"This article provides details on the Baron Global Durable Advantage ETF (BCGD), which was established on December 15, 2025, by Baron. The ETF focuses on achieving capital appreciation through investments in global large-cap stocks, specifically targeting companies in the later stages of their growth S-curves. It currently manages $7.19 million in assets and holds 39 different positions, with top holdings including Taiwan Semiconductor Manufacturing Co, NVIDIA Corp, and Amazon.com Inc.",https://www.quiverquant.com/etf/Baron%20Global%20Durable%20Advantage%20ETF,Quiver Quantitative,Quiver Quantitative,20251215T135302,,0.294342,Somewhat-Bullish,0.708861,0.225009,Somewhat-Bullish
NVDA,"A Triple Recognition: First Gartner and IDC, and now Frost & Sullivan Name Apiiro an Industry Leader in ASPM and Agentic Application Security","Apiiro, a leading agentic application security platform, has been recognized by Gartner, IDC, and Frost & Sullivan for its advanced AI-Native AppSec platform. This triple recognition highlights Apiiro's leadership in helping global enterprises manage and reduce security risks introduced by modern AI-assisted development tools. Frost & Sullivan ranked Apiiro as the No. 1 Most Innovative ASPM Vendor Worldwide, Gartner recognized it for highest product score in ASPM, and IDC named it a leader in the ASPM market.",https://www.streetinsider.com/Globe+Newswire/A+Triple+Recognition%3A+First+Gartner+and+IDC%2C+and+now+Frost+%26amp%3B+Sullivan+Name+Apiiro+an+Industry+Leader+in+ASPM+and+Agentic+Application+Security/25738544.html,StreetInsider,StreetInsider,20251215T140521,https://ml.globenewswire.com/Resource/Download/0d5b1e10-9ff1-4a2f-bb1c-62edfcc2a617/application-security-posture-management-2025-radar-image-apiiro.png,-0.048167,Neutral,0.608564,0.325804,Somewhat-Bullish
NVDA,"Intel Stock (INTC) Today: Latest News, Analyst Forecasts, and What Could Move Shares Next (Dec. 15, 2025)","Intel Corporation's stock (INTC) is under scrutiny as investors weigh its AI and foundry ambitions against M&A rumors and geopolitical risks. Key catalysts include clarity on a potential SambaNova acquisition, Q4 results and 2026 guidance, and progress in its foundry ecosystem. Analyst forecasts show a wide range, indicating investor debate over Intel's turnaround strategy and execution.",https://ts2.tech/en/intel-stock-intc-today-latest-news-analyst-forecasts-and-what-could-move-shares-next-dec-15-2025/,ts2.tech,ts2.tech,20251215T140822,,0.085529,Neutral,0.626605,0.103142,Neutral
NVDA,Barclays Analyst A Buy Rating On McDonald’s Corporation (MCD),"Barclays analyst Jeff Bernstein maintained a Buy rating on McDonald's Corporation (NYSE: MCD) with a price target of $358. The company is implementing new global franchising guidelines for 2026, focusing on value pricing to reinforce accountability and ensure consistent customer value. McDonald's introduced value menus in response to lower-income customer spending cutbacks and anticipates sustained consumer demand through 2026.",https://www.insidermonkey.com/blog/barclays-analyst-a-buy-rating-on-mcdonalds-corporation-mcd-1659573/?amp=1,Insider Monkey,Insider Monkey,20251215T140827,NULL,0.06852,Neutral,0.627762,-0.122542,Neutral
NVDA,"Hesai Recognized as the Only Lidar Company on Morgan Stanley's ""Humanoid Tech 25"" of Global Robotics Leaders","Hesai Technology, a global leader in lidar solutions, has been named to Morgan Stanley's ""Humanoid Tech 25,"" an exclusive list of the world's 25 most influential robotics companies. Hesai is the only lidar company included, recognized for delivering critical 3D perception capabilities enabling real-world robotics applications. The report predicts global robot hardware revenues will reach $25 trillion by 2050, with lidar playing a critical role in providing accurate, real-time 3D spatial perception for these physical AI systems.",https://finance.yahoo.com/news/hesai-recognized-only-lidar-company-140000748.html,Yahoo Finance,Yahoo Finance,20251215T140834,https://s.yimg.com/ny/api/res/1.2/Y7yRYhExsI_UDfOpi5jbzA--/YXBwaWQ9aGlnaGxhbmRlcjt3PTExODtoPTQ4O2NmPXdlYnA-/https://s.yimg.com/os/creatr-uploaded-images/2021-02/fdc494d0-7160-11eb-bdff-bdf03c7194b2,0.299473,Somewhat-Bullish,0.714787,0.327757,Somewhat-Bullish
NVDA,NextEra Boosts Natural Gas Muscle With Symmetry Deal as Data Center Loads Surge,"NextEra Energy Resources LLC is acquiring Symmetry Energy Solutions to enhance its natural gas pipeline infrastructure, specifically targeting the soaring energy demands of large data centers. This strategic move aims to strengthen NextEra's ability to provide a reliable natural gas supply as artificial intelligence acceleration drives significant increases in energy consumption. The acquisition aligns with NextEra's ongoing investments in gas infrastructure to support critical customer loads.",https://naturalgasintel.com/news/nextera-boosts-natural-gas-muscle-with-symmetry-deal-as-data-center-loads-surge/,Natural Gas Intelligence,Natural Gas Intelligence,20251215T140834,https://naturalgasintel.com/images/Mz_UouutNtWLimmQQrfLYYpp1OI=/27111/original/,0.19179,Somewhat-Bullish,0.616333,0.141076,Neutral
NVDA,NVIDIA Debuts Nemotron 3 Family of Open Models,"NVIDIA has introduced its Nemotron 3 family of open models, including Nano, Super, and Ultra sizes, designed to power transparent, efficient, and specialized agentic AI development. These models feature a breakthrough hybrid latent mixture-of-experts (MoE) architecture to overcome challenges in multi-agent AI systems, offering high accuracy and efficiency. Early adopters across various industries are already integrating Nemotron 3 models, and NVIDIA has also released new open tools and data to facilitate AI agent customization and development.",https://nvidianews.nvidia.com/news/nvidia-debuts-nemotron-3-family-of-open-models,NVIDIA Newsroom,NVIDIA Newsroom,20251215T140836,https://s3.amazonaws.com/cms.ipressroom.com/219/files/202512/693caf4b3d63322df1c3df36_nemotron-3-release/nemotron-3-release_mid.jpg,0.298695,Somewhat-Bullish,1.000000,0.417460,Bullish
NVDA,Nvidia Becomes a Major Model Maker With Nemotron 3,"Nvidia, traditionally a chipmaker, has released Nemotron 3, a series of open-source AI models, data, and tools, marking its entry into serious model making. This move is strategic, as other AI companies are developing their own chips, potentially reducing their reliance on Nvidia's technology. By embracing open innovation and transparency, Nvidia aims to provide developers with the resources needed to build scalable AI agents, especially important given the rising popularity of open models from Chinese firms.",https://www.wired.com/story/nvidia-becomes-major-model-maker-nemotron-3/,WIRED,WIRED,20251215T140837,https://media.wired.com/photos/693c6d8d199888f1c10473e8/master/w_2560%2Cc_limit/Nvidia-Doubles-Down-AI-Business-2249127231.jpg,0.181975,Somewhat-Bullish,1.000000,0.464757,Bullish
NVDA,Hesai (NASDAQ: HSAI) is only lidar pick in Morgan Stanley Humanoid Tech 25,"Hesai Technology (NASDAQ: HSAI) has been recognized by Morgan Stanley as the sole lidar company on their ""Humanoid Tech 25"" list of the world's most influential robotics firms. This accolade highlights Hesai's leadership in providing 3D perception for real-world robotics and embodied AI, evidenced by over 2 million cumulative automotive lidar deliveries in 2025 and being ranked No.1 in ADAS main lidar market share for nine consecutive months. The report emphasizes lidar's critical role in the burgeoning robotics era, projecting substantial growth in lidar unit demand by 2050.",https://www.stocktitan.net/news/HSAI/hesai-recognized-as-the-only-lidar-company-on-morgan-stanley-s-u9ma1ma108e1.html,Stock Titan,Stock Titan,20251215T140900,https://edge.prnewswire.com/c/img/favicon.png?sn=CN47357&sd=2025-12-15,0.363344,Bullish,0.643908,0.313802,Somewhat-Bullish
NVDA,Does Fitch’s Stable BBB- Rating Reshape the Risk Narrative Around Omega Healthcare Investors’ (OHI) Leverage?,"Fitch Ratings recently affirmed Omega Healthcare Investors' Long-Term Issuer Default Rating at ‘BBB-’ with a Stable Outlook, acknowledging improving operations, low leverage, and capital access despite skilled nursing sector uncertainties. This rating reinforces Omega's balance sheet strength but doesn't eliminate risks from sector stress or tenant issues like the Genesis bankruptcy. Investors should consider how this rating influences the company’s ability to sustain growth and dividends.",https://www.sahmcapital.com/news/content/does-fitchs-stable-bbb-rating-reshape-the-risk-narrative-around-omega-healthcare-investors-ohi-leverage-2025-12-14,Sahm,Sahm,20251215T140923,NULL,0.192835,Somewhat-Bullish,0.622431,0.101439,Neutral
NVDA,AI Supercharges Semiconductor Spending: Jefferies Upgrades KLA Corporation Amidst Unprecedented Demand,"Jefferies has upgraded KLA Corporation (NASDAQ: KLAC) to a 'Buy' rating with a $1,500 price target, citing AI's accelerating influence on semiconductor equipment spending. KLA, a leader in process control solutions, is benefiting from surging demand for leading-edge semiconductors driven by AI servers and advanced chip manufacturing. The report highlights AI's role in revolutionizing chip manufacturing through enhanced precision and automation, positioning KLA at the forefront of a multi-year investment cycle in the semiconductor industry.",https://markets.financialcontent.com/stocks/article/tokenring-2025-12-15-ai-supercharges-semiconductor-spending-jefferies-upgrades-kla-corporation-amidst-unprecedented-demand?CSSURL=36.htm,Markets Financial Content,Markets Financial Content,20251215T143600,https://news.tokenring.ai/wp-content/uploads/2025/12/9ff2bd2a-afd1-4169-a97a-8572059f5412-1024x683.png,0.314769,Somewhat-Bullish,0.896605,0.321612,Somewhat-Bullish
NVDA,Cheniere Energy stock hits 52-week low at $188.09,"Cheniere Energy Inc. (LNG) stock recently reached a 52-week low of $188.09 and has fallen 5.7% in the past week, with RSI indicators showing it's oversold. Despite the downturn, the company maintains strong fundamentals with an attractive P/E ratio of 10.6 and a PEG ratio of 0.72, suggesting it may be undervalued. Recent news includes an EPS beat, an S&P Global Ratings upgrade, and a Goldman Sachs price target adjustment, indicating a complex outlook for investors.",https://www.investing.com/news/company-news/cheniere-energy-stock-hits-52week-low-at-18809-93CH-4408487,Investing.com,Investing.com,20251215T150843,https://i-invdn-com.investing.com/news/news_pile_69x52._800x533_L_1419494209.jpg,0.019609,Neutral,0.605085,0.208845,Somewhat-Bullish
NVDA,Nvidia launches Nemotron 3 model family as open foundation for agentic AI systems,"Nvidia has introduced Nemotron 3, a new family of open AI models and data libraries designed to support agentic AI systems. These models, ranging from Nano to Ultra, utilize a hybrid latent mixture-of-experts architecture for optimized performance and memory use. The launch includes specialized training datasets and reinforcement learning libraries, aiming to foster open innovation and address the growing demand for intelligent, orchestrated AI applications across various industries.",https://siliconangle.com/2025/12/15/nvidia-launches-nemotron-3-model-family-open-foundation-agentic-ai-systems/,SiliconANGLE,SiliconANGLE,20251215T150857,https://d15shllkswkct0.cloudfront.net/wp-content/blogs.dir/1/files/2025/12/nemotron-3-release.jpg,0.495829,Bullish,1.000000,0.451437,Bullish
NVDA,"TeraWulf (WULF) Stock News, Forecasts and Analysis: AI Data Center Pivot, Preferred Conversion, Local Zoning Risk and Wall Street Targets (Dec. 15, 2025)","TeraWulf (WULF) is transitioning from bitcoin mining to an AI/HPC infrastructure provider, with significant financing, including $3.2 billion in senior secured notes and $1.025 billion in convertible notes, supporting its expansion. Key news contributing to volatility includes the mandatory conversion of Series A preferred stock, high short interest, and local zoning risks for its Cayuga site. Wall Street analysts maintain a ""Moderate Buy"" rating with an average 12-month price target of $18.42, anticipating further HPC delivery milestones and financial updates.",https://ts2.tech/en/terawulf-wulf-stock-news-forecasts-and-analysis-ai-data-center-pivot-preferred-conversion-local-zoning-risk-and-wall-street-targets-dec-15-2025/,ts2.tech,ts2.tech,20251215T150908,,0.262557,Somewhat-Bullish,0.612943,0.341338,Somewhat-Bullish
NVDA,Insteel Industries Announces First Quarter 2026 Conference Call,"Insteel Industries Inc. (NYSE: IIIN) has announced its first-quarter 2026 earnings conference call will be held on Thursday, January 15, 2026, at 10:00 a.m. ET. The call will follow the release of the company's financial results at 6:30 a.m. ET on the same day and will be webcast live on its investor relations website. Insteel is a major manufacturer of steel wire reinforcing products for concrete construction, primarily serving nonresidential applications.",https://www.barchart.com/story/news/36625750/insteel-industries-announces-first-quarter-2026-conference-call,Barchart.com,Barchart.com,20251215T150918,NULL,0.016107,Neutral,0.617941,0.028342,Neutral
NVDA,"Evercore ISI initiates Honeywell stock with Outperform rating, cites rich catalyst path","Evercore ISI initiated coverage on Honeywell International (NASDAQ:HON) with an Outperform rating and a $255.00 price target, citing the company's ""richest catalyst path"" and a pivotal year ahead for ""the new Honeywell."" The firm highlighted the upcoming spin-off of Honeywell's Aerospace division and projected strong growth for its Automation and Building Automation segments, exceeding consensus estimates. Evercore's analysis suggests Honeywell offers the highest shareholder returns in its coverage universe.",https://www.investing.com/news/analyst-ratings/evercore-isi-initiates-honeywell-stock-with-outperform-rating-cites-rich-catalyst-path-93CH-4408468,Investing.com,Investing.com,20251215T151220,https://i-invdn-com.investing.com/news/JPMorgan_Chase_800x533_L_1413102730.jpg,0.266007,Somewhat-Bullish,0.620718,0.115857,Neutral
NVDA,AlphaTON Capital Secures First NVIDIA B300 Chips with Supermicro HGX Systems,"AlphaTON Capital announced it has secured its first NVIDIA B300 GPUs with Supermicro HGX Systems through its partner Atlantic AI. These chips will power the Cocoon AI Network, focusing on privacy-first AI infrastructure for everyday users. This deployment represents a significant step in democratizing advanced AI capabilities, shifting power dynamics from centralized control to user sovereignty.",https://www.globenewswire.com/news-release/2025/12/15/3205798/0/en/AlphaTON-Capital-Secures-First-NVIDIA-B300-Chips-with-Supermicro-HGX-Systems.html,GlobeNewswire,GlobeNewswire,20251215T152800,https://ml.globenewswire.com/media/YzU1NDlkNWMtN2ZhNC00YjdkLTg0N2UtMjk4OWRjODQ3OWFmLTUwMDE1MDk1My0yMDI1LTEyLTE1LWVu/tiny/AlphaTON-Capital.png,0.293263,Somewhat-Bullish,1.000000,0.458364,Bullish
NVDA,Alphabet (GOOG) Stock News Today: AI Monetization Optimism Collides With EU Antitrust Probes and 2026 Capex Questions,"Alphabet's Class C shares experienced a slight dip as investors weighed AI monetization optimism against increasing regulatory and legal challenges. While analysts predict significant AI-driven revenue growth, particularly in cloud and advertising, the company faces scrutiny from EU antitrust probes regarding AI content, digital markets compliance, and Google Play policies. These regulatory pressures, coupled with high capital expenditure, create a complex outlook for Google's stock as the market shifts focus from AI spending to monetization.",https://ts2.tech/en/alphabet-goog-stock-news-today-ai-monetization-optimism-collides-with-eu-antitrust-probes-and-2026-capex-questions/,ts2.tech,ts2.tech,20251215T153218,NULL,0.011704,Neutral,0.587962,0.149295,Neutral
NVDA,Super Micro's Sell-Off Is a Mirage-Here's Why the Rally May Come Back Fast,"Super Micro Computer (SMCI) recently experienced a stock decline, but market data suggests it's a ""sympathy sell-off"" due to broader anxieties in the semiconductor and infrastructure sectors, rather than company-specific issues. Despite missing Q1 2026 revenue estimates, the company clarified that $1.5 billion in revenue was deferred to Q2 due to customer requests for liquid-cooled NVIDIA Blackwell configurations. Super Micro's record order backlog, aggressive forward-looking guidance, and strategic entry into the federal market suggest undervaluation, with management anticipating a recovery as production scales and new factories reach full utilization.",https://finviz.com/news/254277/super-micros-sell-off-is-a-mirage-heres-why-the-rally-may-come-back-fast,Finviz,Finviz,20251215T160830,https://www.marketbeat.com/logos/articles/med_20251215090404_super-micros-sell-off-is-a-mirageheres-why-the-ral.png,0.130075,Neutral,0.747884,0.311708,Somewhat-Bullish
NVDA,"Paul Tudor Jones Trims IREN After 300% Run, AI Story Still Intact - IREN (NASDAQ:IREN)","Paul Tudor Jones's Tudor Investment fund significantly reduced its stake in IREN after the stock surged 300%, locking in substantial profits, yet the company's AI narrative remains strong due to a major contract with Microsoft. Despite recent capital raises for expansion causing minor dilution concerns, IREN's market momentum continues, suggesting Jones's move was profit-taking rather than a lack of confidence. The company’s pivot from crypto mining to AI cloud and GPU services is highlighted by its multi-year, multi-billion dollar deal with Microsoft.",https://www.benzinga.com/markets/tech/25/12/49396708/paul-tudor-jones-trims-iren-after-a-300-run-ai-story-still-intact,Benzinga,Benzinga,20251215T160937,https://cdn.benzinga.com/files/images/story/2025/12/15/IREN-Limited.jpeg?quality=85&auto=webp&width=400,0.382475,Bullish,0.618625,0.365336,Bullish
NVDA,"Akamai Technologies (AKAM) Stock Jumps After KeyBanc Double Upgrade to Overweight and $115 Target — Edge Compute Momentum Takes Center Stage (Dec. 15, 2025)","Akamai Technologies (AKAM) stock rose 4% after KeyBanc double-upgraded it to Overweight with a $115 price target, citing acceleration in its compute business. The upgrade highlights Akamai's pivot from a legacy CDN company to a player in cybersecurity, cloud infrastructure, and edge computing, including AI workloads. KeyBanc's positive outlook is driven by Akamai's growing compute capabilities and its NVIDIA GPU partnership, suggesting early monetization opportunities in the AI space.",https://ts2.tech/en/akamai-technologies-akam-stock-jumps-after-keybanc-double-upgrade-to-overweight-and-115-target-edge-compute-momentum-takes-center-stage-dec-15-2025/,ts2.tech,ts2.tech,20251215T162814,NULL,0.401516,Bullish,0.602350,0.341670,Somewhat-Bullish
NVDA,Better Artificial Intelligence Stock: ASML vs. TSMC,"This article compares ASML Holdings (ASML) and Taiwan Semiconductor Manufacturing (TSM) as top artificial intelligence stocks. ASML dominates the semiconductor equipment market with 90% share, while TSMC is the leading manufacturer of advanced AI processors. Although both companies are strong investments, TSMC is suggested to have a slight edge due to its more attractive valuation with a lower price-to-earnings ratio.",https://www.theglobeandmail.com/investing/markets/stocks/TSM/pressreleases/36628381/better-artificial-intelligence-stock-asml-vs-tsmc/,The Globe and Mail,The Globe and Mail,20251215T170902,https://barchart-news-media-prod.aws.barchart.com/FC/77618bab60fb643c3c8b191c3ced5840/%3Furl%3Dhttps%253a%252f%252fg.foolcdn.com%252feditorial%252fimages%252f846813%252fgettyimages-1453770260-1200x745-4370cfd.jpg%26amp%3Bw%3D700,0.382244,Bullish,0.631705,0.336971,Somewhat-Bullish
NVDA,Super Micro Stock Falls Amid Rising Competition in AI Servers,"Super Micro Computer (SMCI) shares fell by about 2% due to investor concern over mixed earnings, slower-than-expected revenue growth, and shrinking margins in the AI server market. Intensified competition from other server makers and insider selling contributed to the decline. Despite these challenges, the company continues its strategic partnership with Nvidia (NVDA) for AI-focused server deployments, with analysts noting long-term upside potential despite current margin pressures.",https://www.tradingview.com/news/gurufocus:52ed9c25e094b:0-super-micro-stock-falls-amid-rising-competition-in-ai-servers/,TradingView — Track All Markets,TradingView — Track All Markets,20251215T170909,,-0.12032,Neutral,0.837399,0.214671,Somewhat-Bullish
NVDA,Arteris Strengthens Semiconductor Security Portfolio with Planned Cycuity Acquisition,"Arteris, Inc. is acquiring Cycuity, Inc. to enhance its semiconductor security offerings. This acquisition aims to address the increasing threat of cyberattacks on data moving through chiplets and SoCs, ensuring secure on-chip data movement. The transaction is expected to finalize in Arteris' first fiscal quarter of 2026.",https://embeddedcomputing.com/technology/processing/chips-and-socs/arteris-strengthens-semiconductor-security-portfolio-with-planned-cycuity-acquisition,Embedded Computing Design,Embedded Computing Design,20251215T170933,https://data.embeddedcomputing.com/uploads/resize/320/200/external/data.embeddedcomputing.com/uploads/articles/primary_images/1765819286.png,0.209688,Somewhat-Bullish,0.645531,0.146926,Neutral
NVDA,Valley National Bancorp (NASDAQ:VLY) Reaches New 12-Month High - What's Next?,"Valley National Bancorp (NASDAQ:VLY) recently hit a new 52-week high of $12.05, reflecting strong analyst sentiment and solid fundamental performance. The company's Q3 EPS and revenue exceeded estimates, and it declared a quarterly dividend, signaling a positive outlook. Analysts maintain a ""Moderate Buy"" consensus with an average target price of $13.37.",https://www.marketbeat.com/instant-alerts/valley-national-bancorp-nasdaqvly-reaches-new-12-month-high-whats-next-2025-12-15/,MarketBeat,MarketBeat,20251215T170935,https://www.marketbeat.com/logos/valley-national-bancorp-logo-1200x675.jpg?v=20221111152406,0.133207,Neutral,0.585526,0.109574,Neutral
NVDA,WisdomTree’s Tokenized Income Fund And Record AUM Could Be A Game Changer For WisdomTree (WT),"WisdomTree, Inc. recently launched the WisdomTree Equity Premium Income Digital Fund, a tokenized product, alongside reporting record assets under management (AUM) of US$139.00 billion and strong net inflows. This strategic move aims to combine income-focused equity strategies with blockchain-based fund structures, bolstering the company’s revenue growth story while also introducing new regulatory and cybersecurity risks. The success of these tokenized offerings will be crucial for WisdomTree's future profitability and its ability to achieve projected revenue and earnings growth by 2028.",https://www.sahmcapital.com/news/content/wisdomtrees-tokenized-income-fund-and-record-aum-could-be-a-game-changer-for-wisdomtree-wt-2025-12-12,Sahm,Sahm,20251215T170937,https://images.simplywall.st/company/6a4992dc-0e8a-43ee-bbe6-aa05d74a82d7/chart/quote-price,0.195869,Somewhat-Bullish,0.632475,0.116490,Neutral
NVDA,"The Secret to 200% Growth: It's Not a Stock, It's This AI ETF","The Roundhill Generative AI & Technology ETF (CHAT) is highlighted as a top-performing AI-focused ETF, returning nearly 52% year-to-date. The article explains its success by noting its active management, broad diversification beyond just semiconductor stocks, and significant exposure to six of the ""Magnificent Seven"" companies like Alphabet and Nvidia. While its expense ratio is 0.75%, it's considered reasonable for an actively managed thematic ETF, offering investors a diversified ""meat and potatoes"" play on the AI sector.",https://www.theglobeandmail.com/investing/markets/stocks/NVDA-Q/pressreleases/36578807/the-secret-to-200-growth-it-s-not-a-stock-it-s-this-ai-etf/,The Globe and Mail,The Globe and Mail,20251215T170947,https://barchart-news-media-prod.aws.barchart.com/FC/8cbfc0a4433154b452501b5447e3448a/%3Furl%3Dhttps%253a%252f%252fg.foolcdn.com%252feditorial%252fimages%252f843861%252fai2.jpg%26amp%3Bw%3D700,0.344299,Somewhat-Bullish,0.735799,0.401946,Bullish
NVDA,Guarantor: JPMorgan Chase & Co.,"This document outlines the terms for JPMorgan Chase Financial Company LLC's $8,147,000 Yield Notes linked to NVIDIA Corporation common stock, due December 16, 2026, and fully guaranteed by JPMorgan Chase & Co. The notes offer an 11.35% annual interest rate but carry significant risks, including potential principal loss if NVIDIA's stock falls below a specified trigger value. It details payment structures, risk considerations, and tax implications for investors.",https://www.streetinsider.com/SEC+Filings/Form+424B2+JPMORGAN+CHASE+%26amp%3B+CO/25739741.html,StreetInsider,StreetInsider,20251215T174821,NULL,0.20204,Somewhat-Bullish,0.807250,0.108676,Neutral
NVDA,"KLA Stock (KLAC) Surges on Jefferies Upgrade: Latest News, Analyst Targets, Earnings Guidance and 2026 Outlook","KLA Corporation (NASDAQ: KLAC) shares surged after Jefferies upgraded the stock to ""Buy"" with a $1,500 price target, citing accelerated AI-driven spending in leading-edge wafer manufacturing and advanced packaging. This upgrade aligns with KLA's own statements about its strong position to benefit from the AI infrastructure buildout. Although the stock is experiencing strong momentum, investors are advised to consider valuation, geopolitical risks, and the cyclical nature of semiconductor capital expenditures.",https://ts2.tech/en/kla-stock-klac-surges-on-jefferies-upgrade-latest-news-analyst-targets-earnings-guidance-and-2026-outlook/,ts2.tech,ts2.tech,20251215T175223,NULL,0.361119,Bullish,0.611557,0.347714,Somewhat-Bullish
NVDA,Nvidia buys AI software provider SchedMD to expand open-source AI push,"Nvidia has acquired AI software firm SchedMD to strengthen its open-source AI strategy and maintain its dominance in the competitive AI industry. SchedMD provides the open-source Slurm software, which helps schedule large computing jobs for data centers and is crucial for generative AI model training and inference. This acquisition, along with Nvidia's new open-source AI models, aims to offer faster, cheaper, and smarter solutions to counter growing competition.",https://www.reuters.com/business/nvidia-buys-ai-software-provider-schedmd-expand-open-source-ai-push-2025-12-15/,Reuters,Reuters,20251215T180824,https://www.reuters.com/resizer/v2/GGE5ILN4FRPZHMMZ27MFAYJDGM.jpg?auth=7b2405ecd06f8278d7a0cbe09a30b8abf441451bb0389065f0daa29aec83f7e3&width=1920&quality=80,0.323586,Somewhat-Bullish,1.000000,0.429297,Bullish
NVDA,AI: Potentially the biggest productivity enhancer since electricity?,"This article argues that Artificial Intelligence could deliver the most significant productivity surge since electrification, surpassing the impact of the internet due to its rapid adoption and transformative applications. Despite speculative risks, the author suggests current AI valuations are more rational than during the dot-com era, as leading companies exhibit strong earnings growth and self-fund infrastructure. The article emphasizes disciplined navigation of AI investments, focusing on ""linchpin"" technologies, cash-rich innovators, and companies with improving fundamentals and reasonable valuations.",https://www.troweprice.com/en/is/insights/ai-potentially-biggest-productivity-enhancer-since-electricity,T. Rowe Price,T. Rowe Price,20251215T180838,https://www.troweprice.com/content/dam/public/enterprise/investment-institute/images/Insights-hero.svg,0.3259,Somewhat-Bullish,0.630688,0.256236,Somewhat-Bullish
NVDA,"Alibaba Stock (BABA) News & Forecast: AI Cloud Surge, Nvidia H200 Twist, and What Wall Street Expects Next (Dec. 14, 2025)","This article provides a comprehensive overview of Alibaba (BABA) stock, focusing on its AI and cloud growth, the impact of Nvidia H200 chip export decisions, and intense competition in instant retail. It details Alibaba's September quarter performance, analyst forecasts, and the bull versus bear cases, underscoring the company's significant investments in AI infrastructure amid a volatile market.",https://ts2.tech/en/alibaba-stock-baba-news-forecast-ai-cloud-surge-nvidia-h200-twist-and-what-wall-street-expects-next-dec-14-2025/,ts2.tech,ts2.tech,20251215T180852,https://ts2.tech/wp-content/plugins/wp-youtube-lyte/lyteCache.php?origThumbUrl=https%3A%2F%2Fi.ytimg.com%2Fvi%2FkGLIJ6Dqezo%2F0.jpg,0.197364,Somewhat-Bullish,0.631798,0.122031,Neutral
NVDA,Chipmaker Texas Instruments (TXN) Hit with Rare ‘Double Downgrade’ by Goldman Sachs,"Goldman Sachs has issued a rare ""double downgrade"" for Texas Instruments (TXN) stock, moving it from Buy to Sell. The investment bank argues that TXN is poorly positioned to benefit from the AI boom, as its focus on industrial and automotive chips rather than AI-driven technologies limits its growth potential compared to rivals like Nvidia. Goldman Sachs analyst James Schneider also expects the company's ""record levels"" of inventory and strategic capacity choices to hinder margin and earnings recovery.",https://www.tipranks.com/news/chipmaker-texas-instruments-txn-hit-with-rare-double-downgrade-by-goldman-sachs,TipRanks,TipRanks,20251215T180858,https://blog.tipranks.com/wp-content/uploads/2025/12/aaa-83-750x406.jpg,-0.197262,Somewhat-Bearish,0.627663,0.502130,Bullish
NVDA,"Astera Labs ALAB Stock News Today: NVLink Fusion Fallout, Fresh Forecasts, and What Wall Street Is Watching on Dec. 15, 2025","Astera Labs (ALAB) stock is experiencing volatility due to ongoing debates about NVIDIA's NVLink Fusion ecosystem and hyperscaler custom silicon roadmaps. Investors are weighing whether NVLink Fusion will reduce or expand Astera's ""dollar content"" per AI rack, alongside the company's own push into custom connectivity solutions and recent acquisitions in photonics. Analyst forecasts show wide dispersion, indicating both strong conviction and skepticism regarding Astera's competitive positioning and future growth.",https://ts2.tech/en/astera-labs-alab-stock-news-today-nvlink-fusion-fallout-fresh-forecasts-and-what-wall-street-is-watching-on-dec-15-2025/,ts2.tech,ts2.tech,20251215T180947,NULL,0.178566,Somewhat-Bullish,0.733671,0.294455,Somewhat-Bullish
NVDA,Domino's Pizza Could Still Be Cheap Here and Shorting OTM Puts Works,"Domino's Pizza (DPZ) stock is considered cheap, with analysts setting price targets significantly higher than its current trading price. The article suggests that shorting out-of-the-money (OTM) put options is a profitable strategy for investors, as demonstrated by past performance and offering attractive expected returns and downside protection. This approach allows investors to generate income while potentially acquiring the stock at a lower effective price.",https://www.barchart.com/story/news/36629360/domino-s-pizza-could-still-be-cheap-here-and-shorting-otm-puts-works,Barchart.com,Barchart.com,20251215T181957,https://media.barchart.com/contributors-admin/common-images/images/S%26P%20500%20Companies/Consumer%20Cyclical%20(names%20A%20-%20H)/Dominos%20Pizza%20Inc%20storefront%20by-KathyDewar%20via%20iStock.jpg,0.288316,Somewhat-Bullish,0.626293,0.110241,Neutral
NVDA,Tesla board made $3 billion via stock awards that dwarfed tech peers,"Tesla's board of directors has collectively earned over $3 billion through stock awards, significantly exceeding the compensation of their peers at other major U.S. technology firms. This discrepancy, highlighted by an Equilar analysis, shows Tesla directors' awards were disproportionately large at the time they were paid, leading to massive windfalls as the company's stock price appreciated. Despite a suspension of new stock grants since 2020 due to a shareholder lawsuit, the existing awards have generated substantial wealth, sparking criticism over director independence and the structure of their compensation.",https://www.reuters.com/sustainability/boards-policy-regulation/tesla-board-made-3-billion-via-stock-awards-that-dwarfed-tech-peers-2025-12-15/,Reuters,Reuters,20251215T184200,https://www.reuters.com/resizer/v2/TQNOSLW7ZJKOZBQX2KL6F4BSOA.jpg?auth=51f1e6b1ac898b24e2280a065c04d10ad4f057e13be355fb66b21c8401d90350&width=1920&quality=80,-0.036496,Neutral,0.718861,0.050994,Neutral
NVDA,Jim Cramer makes the case for buying Procter & Gamble stock,"Jim Cramer advocates for investing in Procter & Gamble, highlighting its effective use of technology to cut costs and innovate. He distinguishes these ""business-to-business users of technology"" from ""tech hyperscalers"" who spend heavily on AI to compete. Cramer suggests P&G is a strong buy due to its efficient operations, current valuation, and dividend yield, contrasting it with increasingly competitive and costly big tech stocks.",https://www.cnbc.com/2025/12/15/jim-cramer-makes-the-case-for-buying-procter-gamble-stock.html,CNBC,CNBC,20251215T185500,https://image.cnbcfm.com/api/v1/image/107339578-1701119635506-MAD_MONEY_CNBC_COM_SHOW_HEADER_560x96_v03.png?v=1701119670&w=560&h=96&vtcrop=y,-0.280627,Somewhat-Bearish,0.608815,-0.414464,Bearish
NVDA,"Hedge Fund and Insider Trading News: AQR Capital Management, Bridgewater Associates, Shiprock Capital Management, Totus Capital, Sage Capital, Global Payments Inc (GPN), FibroBiologics Inc. (FBLG), and More","This article covers recent news in the hedge fund and insider trading world, featuring major firms like AQR Capital Management and Bridgewater Associates, alongside insights into specific stock movements. Key topics include Bridgewater's warning about Big Tech's AI funding, AQR's asset growth, and insider buying in Global Payments Inc (GPN) and FibroBiologics Inc. (FBLG). The report also highlights hedge funds' increasing interest in commodities and their continuous net buying streak in U.S. stocks.",https://www.insidermonkey.com/blog/hedge-fund-and-insider-trading-news-aqr-capital-management-bridgewater-associates-shiprock-capital-management-totus-capital-sage-capital-global-payments-inc-gpn-fibrobiologics-inc-fblg-a-1660506/,Insider Monkey,Insider Monkey,20251215T190904,https://imonkey-blog.imgix.net/blog/wp-content/uploads/2017/03/06114907/shutterstock_372243049.jpg?auto=format&fit=clip&expires=1797292800&width=480&height=252,-0.192002,Somewhat-Bearish,0.609430,-0.336166,Somewhat-Bearish
NVDA,"Riot Platforms (RIOT) Stock Drops as Bitcoin Slides on Dec. 15, 2025 — What Today’s Move Means for the AI Data Center Pivot","Riot Platforms' stock (RIOT) fell approximately 10% on December 15, 2025, mirroring a 3.5% drop in Bitcoin's price, highlighting the crypto miner's sensitivity to digital asset volatility. The company is actively working to pivot from solely Bitcoin mining to becoming a digital infrastructure platform by building AI/HPC data centers, with plans for a 1 GW campus in Corsicana. This strategic shift aims to diversify revenue and provide more stable cash flows away from the inherent volatility of Bitcoin mining.",https://ts2.tech/en/riot-platforms-riot-stock-drops-as-bitcoin-slides-on-dec-15-2025-what-todays-move-means-for-the-ai-data-center-pivot/,ts2.tech,ts2.tech,20251215T190918,,-0.050974,Neutral,0.578617,0.113185,Neutral
NVDA,"Rumble Inc. (RUM) Stock Today: Latest News, AI Pivot, Tether Commitments, Price Targets, and Outlook (Dec. 15, 2025)","Rumble Inc. (NASDAQ: RUM) is experiencing high volatility as it transitions from an ""alternative video platform"" to an AI and cloud infrastructure provider, driven by its planned acquisition of Northern Data and strategic commitments with Tether. This shift involves substantial investment in AI compute assets and data centers, aimed at diversifying revenue and improving monetization. While Q3 2025 results showed improved losses, the company faces growth pressures and dilution risks associated with its strategic pivot.",https://ts2.tech/en/rumble-inc-rum-stock-today-latest-news-ai-pivot-tether-commitments-price-targets-and-outlook-dec-15-2025/,ts2.tech,ts2.tech,20251215T191013,,0.231116,Somewhat-Bullish,0.617379,0.339559,Somewhat-Bullish
NVDA,"KLA Corporation Stock (KLAC) Jumps on Jefferies Upgrade: AI-Led Chip Spending Outlook, Fresh Forecasts, and Key Levels to Watch (Dec. 15, 2025)","KLA Corporation (KLAC) stock surged after Jefferies upgraded it to ""Buy"" with a $1,500 price target, anticipating significant AI-driven semiconductor manufacturing equipment spending starting in 2H26. This upgrade highlights KLA's strategic position in process control, crucial for the increasing complexity of advanced wafers. Investors are now watching whether this analyst endorsement triggers a broader technical breakout and sustained confidence in an AI-fueled equipment supercycle, especially given the stock's already strong year-to-date performance.",https://ts2.tech/en/kla-corporation-stock-klac-jumps-on-jefferies-upgrade-ai-led-chip-spending-outlook-fresh-forecasts-and-key-levels-to-watch-dec-15-2025/,ts2.tech,ts2.tech,20251215T191846,NULL,0.440088,Bullish,0.564574,0.316092,Somewhat-Bullish
NVDA,2026 Outlooks,"S&P Global offers its 2026 outlooks across various sectors including credit, economics, commodities, and sustainability, highlighting key trends. These outlooks cover topics from AI's impact on growth and infrastructure to global credit conditions, energy transition, supply chain dynamics, and geopolitical shifts. The reports aim to provide actionable insights for informed decision-making in a rapidly evolving global landscape.",https://www.spglobal.com/en/research-insights/special-reports/2026-outlooks,S&P Global,S&P Global,20251215T193011,https://spglobal.scene7.com/is/image/spglobalcom/spg-ocean-water-sky-sunset-sunrise?$rectangle_large_2816X1638$,0.353137,Bullish,0.623629,0.315680,Somewhat-Bullish
NVDA,World's largest company renews lease near Cedar Park as it invests in Austin,"Nvidia is expanding its presence in the Austin area by renewing a larger lease in Lakeline and preparing for new space near The Domain. This strategic move positions the company closer to a key partner's headquarters and a hub of tech talent, supporting its investments and growth in Austin. The expansion comes as Nvidia collaborates with Dell on significant AI initiatives.",https://www.bizjournals.com/austin/news/2025/12/15/nvidia-cedar-park-the-domain-lakeline-office-lease.html,The Business Journals,The Business Journals,20251215T193257,https://media.bizj.us/view/img/13013499/gettyimages-2154045576*900xx3549-1996-0-199.jpg,0.386861,Bullish,0.985715,0.451776,Bullish
NVDA,"Lam Research (LRCX) Stock Is Up, What You Need To Know","Shares of Lam Research (NASDAQ:LRCX) jumped after a Jefferies analyst maintained a ""Buy"" rating and increased the price target to $200 from $175, reflecting confidence in the company's future growth. The stock saw a 3.2% rise initially, settling at $165.10, up 2.9% from its previous close. This positive movement follows a prior price target increase by Morgan Stanley and occurs amidst broad strength in the chip-making sector, with LRCX up 128% year-to-date.",https://finviz.com/news/254487/lam-research-lrcx-stock-is-up-what-you-need-to-know,Finviz,Finviz,20251215T200828,https://news-assets.stockstory.org/cover-images/_1400x700_crop_center-center_none/lam-research-corporation-cover-image-Su6aHmq9_2021-10-18-081848_sxzc.jpeg,0.261736,Somewhat-Bullish,0.593238,0.270444,Somewhat-Bullish
NVDA,AlphaTON Capital (NASDAQ: ATON) adds NVIDIA B300 HGX GPUs to Cocoon AI,"AlphaTON Capital (NASDAQ: ATON) has announced the acquisition and imminent deployment of NVIDIA B300 GPUs integrated into Supermicro HGX liquid-cooled systems for its Cocoon AI Network, partnering with Atlantic AI. These GPUs will power privacy-first, enterprise-grade AI compute, large language models, training, and advanced AI workloads for Telegram's 1 billion monthly active users. This strategic move aims to democratize high-performance and privacy-centric AI infrastructure within the Telegram and TON ecosystems.",https://www.stocktitan.net/news/ATON/alpha-ton-capital-secures-first-nvidia-b300-chips-with-supermicro-qcm15kw5i97n.html,Stock Titan,Stock Titan,20251215T200913,https://ml.globenewswire.com/media/YzU1NDlkNWMtN2ZhNC00YjdkLTg0N2UtMjk4OWRjODQ3OWFmLTUwMDE1MDk1Mw==/tiny/AlphaTON-Capital.png,0.313441,Somewhat-Bullish,0.632117,0.309296,Somewhat-Bullish
NVDA,"Credo Technology Group (CRDO) Stock: Latest News, Analyst Price Targets, and 2026 Outlook as AI Data-Center Demand Stays Hot (Dec. 15, 2025)","Credo Technology Group (CRDO) is experiencing a boom driven by AI data-center demand, with significant stock volatility reflecting both strong momentum and premium valuation. The company reported record Q2 FY2026 results and issued ""beat-and-raise"" guidance, leading to upward revisions in analyst price targets. While institutional filings show some trimming of stakes, the core bullish thesis revolves around Credo's critical role in high-speed connectivity for AI infrastructure and its expanding product portfolio.",https://ts2.tech/en/credo-technology-group-crdo-stock-latest-news-analyst-price-targets-and-2026-outlook-as-ai-data-center-demand-stays-hot-dec-15-2025/,ts2.tech,ts2.tech,20251215T200916,NULL,0.24016,Somewhat-Bullish,0.618248,0.207886,Somewhat-Bullish
NVDA,1 ETF to Buy and Hold for 2026 and 1 to Avoid,"This article recommends the VanEck Semiconductor ETF (SMH) as a strong buy and hold for 2026 due to its impressive performance, focus on the AI boom, and reasonable expense ratio. Conversely, it advises investors to avoid the Direxion Daily Junior Gold Miners Index Bear 2X Shares ETF (JDST) due to its leveraged nature, significant losses, and high expense ratio, emphasizing the risks associated with leveraged funds. The author suggests sticking to simpler, proven ETFs that have outperformed market benchmarks.",https://finviz.com/news/254501/1-etf-to-buy-and-hold-for-2026-and-1-to-avoid,Finviz,Finviz,20251215T200917,https://g.foolcdn.com/image/?url=https%3A%2F%2Fg.foolcdn.com%2Feditorial%2Fimages%2F843018%2Fgettyimages-1434513722-1201x771-84247de.jpg&w=700,-0.170097,Somewhat-Bearish,0.646338,0.537577,Bullish
NVDA,Why Entegris (ENTG) Shares Are Sliding Today,"Shares of Entegris (ENTG) fell 3% after Goldman Sachs downgraded the stock to ""Sell"" with a $75 price target, citing concerns about fundamentals, margin pressures, and high debt levels. Analysts believe the company is poorly positioned for an anticipated industry recovery. The article also mentions a previous stock drop due to macroeconomic anxiety regarding interest rate cuts, despite strong corporate performance from Nvidia.",https://finviz.com/news/254504/why-entegris-entg-shares-are-sliding-today,Finviz,Finviz,20251215T200922,https://news-assets.stockstory.org/cover-images/_1400x700_crop_center-center_none/entegris-inc-cover-image-662d4d0938ba_2023-01-31-080133_vqjd.jpeg,-0.34441,Somewhat-Bearish,0.646686,-0.343757,Somewhat-Bearish
NVDA,Why Critical Metals Stock Dropped Today,"Critical Metals stock dropped despite announcing a significant discovery of rare-earth minerals in Greenland. The company's press release lacked crucial financial details regarding development costs, timelines, projected revenues, or free cash flow, leaving investors without clear financial implications. Given its low revenue, lack of profit, high market capitalization, and negative free cash flow, the stock is considered volatile and risky for serious investors.",https://finviz.com/news/254473/why-critical-metals-stock-dropped-today,Finviz,Finviz,20251215T200928,https://g.foolcdn.com/image/?url=https%3A%2F%2Fg.foolcdn.com%2Feditorial%2Fimages%2F847324%2Fsmiling-mine-worker-in-front-of-a-heavy-excavator-at-a-mining-operation.jpg&w=700,0.098874,Neutral,0.619135,0.312258,Somewhat-Bullish
NVDA,Liberty All-Star® Equity Fund November 2025 Monthly Update,"The Liberty All-Star® Equity Fund (NYSE: USA) released its November 2025 Monthly Update, detailing its investment approach, top holdings, and performance metrics. The fund, which combines three value and two growth managers, reported a net asset value of $6.79 and a market price of $6.13 at month-end, trading at a 9.7% discount. Key sector allocations included Information Technology (25.3%) and Financials (18.9%), with Top 20 holdings featuring NVIDIA Corp., Microsoft Corp., and Alphabet, Inc.",https://www.businesswire.com/news/home/20251215298444/en/Liberty-All-Star-Equity-Fund-November-2025-Monthly-Update,Business Wire,Business Wire,20251215T200943,https://mms.businesswire.com/media/20251215298444/en/2670947/4/Business_Wire_Logo-_FINAL.jpg,0.236441,Somewhat-Bullish,0.804968,0.205393,Somewhat-Bullish
NVDA,Wall Street Bulls Look Optimistic About Analog Devices (ADI): Should You Buy?,"Analog Devices (ADI) has an average brokerage recommendation (ABR) of 1.70, indicating a strong buy to buy sentiment from 33 brokerage firms. However, investors are cautioned against relying solely on ABRs due to potential positive bias from brokerage firms. The article suggests validating ABRs with the Zacks Rank, which for Analog Devices is currently a strong Buy, driven by positive earnings estimate revisions.",https://finviz.com/news/254178/wall-street-bulls-look-optimistic-about-analog-devices-adi-should-you-buy,Finviz,Finviz,20251215T220725,,0.123661,Neutral,0.557530,0.089865,Neutral
NVDA,Nvidia bulks up open source offerings with an acquisition and new open AI models,"Nvidia is expanding its open-source AI efforts through the acquisition of SchedMD, developers of the Slurm workload management system, and the release of its new Nemotron 3 family of open AI models. The acquisition aims to enhance Nvidia's position in high-performance computing and AI infrastructure, while the Nemotron 3 models are designed for efficient AI agent development. These moves reinforce Nvidia's commitment to open innovation and physical AI, supporting robotics and autonomous vehicle development.",https://techcrunch.com/2025/12/15/nvidia-bulks-up-open-source-offerings-with-an-acquisition-and-new-open-ai-models/,TechCrunch,TechCrunch,20251215T220831,https://techcrunch.com/wp-content/uploads/2024/11/GettyImages-2183848501.jpg?w=1024,0.415701,Bullish,1.000000,0.409313,Bullish
NVDA,"Penguin Solutions, Inc. (PENG) Strengthens Memory Portfolio for Harsh Environments","Penguin Solutions, Inc. (PENG) has expanded its DDR5 SODIMM product lineup with new SMART 64GB DDR5-6400 ECC CSODIMM memory modules, aimed at high-performance computing in harsh environments. These modules are designed for industrial, edge, telecom, and networking systems, offering high capacity and wide-temperature support. This move follows the company's integration of NVIDIA's latest GPUs into its OriginAI solution to simplify AI adoption.",https://finance.yahoo.com/news/penguin-solutions-inc-peng-strengthens-045142211.html,Yahoo Finance,Yahoo Finance,20251215T225100,NULL,0.392879,Bullish,0.630509,0.349276,Somewhat-Bullish
NVDA,Here's Why Dow Inc. (DOW) Fell More Than Broader Market,"Dow Inc. (DOW) experienced a greater decline than the broader market, closing down 2.17% at $23.45, while the S&P 500 fell 0.16%. Despite a recent monthly gain, the company's upcoming earnings are being closely watched, with Zacks Consensus Estimates predicting a significant year-over-year decrease in both earnings and revenue. Analysts' forecast revisions and Dow Inc.'s current Zacks Rank of #3 (Hold) suggest investors should monitor future performance.",https://finance.yahoo.com/news/heres-why-dow-inc-dow-231503381.html,Yahoo Finance,Yahoo Finance,20251215T230845,https://s.yimg.com/ny/api/res/1.2/zf_1wpp4e4lihErpE5wvzA--/YXBwaWQ9aGlnaGxhbmRlcjt3PTEyNjtoPTQ4O2NmPXdlYnA-/https://s.yimg.com/os/creatr-uploaded-images/2020-11/3bc15d30-250e-11eb-bffb-472fe5eb11fe,-0.06904,Neutral,0.552251,0.106912,Neutral
NVDA,Crane Harbor Acquisition Corp. II prices $300 million IPO,"Crane Harbor Acquisition Corp. II priced its initial public offering of 30 million units at $10.00 per unit, raising $300 million. The blank check company's units began trading on the Nasdaq Global Market on December 16, 2025. The company was formed to pursue mergers, acquisitions or similar business combinations, with a primary focus on the technology, real assets and energy sectors.",https://www.investing.com/news/stock-market-news/crane-harbor-acquisition-corp-ii-prices-300-million-ipo-432SI-4409507,Investing.com,Investing.com,20251215T230905,https://i-invdn-com.investing.com/news/LYNXMPEA601E0_L.jpg,0.029704,Neutral,0.557474,-0.124438,Neutral
NVDA,"If You Had Invested $3,000 in FMC Stock 1 Year Ago, Here's How Much You Would Have Today","This article analyzes the performance of an investment in FMC stock over the past year, comparing it to the S&P 500. It reveals that a $3,000 investment in FMC would now be worth significantly less due to a sharp decline in stock price and a substantial dividend cut, suggesting it might be a ""value trap."" The article advises caution due to the company's underperformance and top-line challenges.",https://finviz.com/news/253684/if-you-had-invested-3000-in-fmc-stock-1-year-ago-heres-how-much-you-would-have-today,Finviz,Finviz,20251215T230950,https://g.foolcdn.com/image/?url=https%3A%2F%2Fg.foolcdn.com%2Feditorial%2Fimages%2F845115%2Fgettyimages-815165952-1201x801-d21b45d2.jpg&w=700,-0.079664,Neutral,0.604626,0.333718,Somewhat-Bullish
NVDA,3 Semiconductor Stocks We Steer Clear Of,"This article identifies three semiconductor stocks—Lattice Semiconductor (LSCC), Amkor Technologies (AMKR), and IPG Photonics (IPGP)—that investors should avoid due to concerns such as declining sales, rising costs, and low free cash flow margins. Despite the semiconductor industry's overall strong performance, the author advises caution, highlighting specific financial weaknesses for each company. The article suggests that while the sector is outperforming the market, not all companies are positioned for future technological innovation.",https://finviz.com/news/255535/3-semiconductor-stocks-we-steer-clear-of,Finviz,Finviz,20251215T233400,https://news-assets.stockstory.org/cover-images/_1400x700_crop_center-center_none/lattice-semiconductor-corporation-cover-image-3d045dcf9f4f_2023-01-25-065816_dibp.jpeg,-0.100176,Neutral,0.625691,0.513297,Bullish
NVDA,3 Bank Stocks We Think Twice About,"The article identifies three bank stocks—Renasant (RNST), FB Financial (FBK), and East West Bank (EWBC)—that investors should approach with caution despite the banking industry's recent gains. While banks have performed well overall, the author argues that only a select few will thrive long-term due to fintech disruption, and these three banks show concerning trends in sales growth, profitability, or return on equity. The piece advises readers to consider alternative investment opportunities.",https://finviz.com/news/254853/3-bank-stocks-we-think-twice-about,Finviz,Finviz,20251215T233700,https://news-assets.stockstory.org/cover-images/_1400x700_crop_center-center_none/renasant-cover-image-295c524c8f6a_2025-06-09-202210_krgr.jpeg,0.023357,Neutral,0.625525,0.315036,Somewhat-Bullish
NVDA,Wall Street Analysts Back Amdocs (DOX) with Strong Buy Ratings Amid AI-Driven Growth,"Amdocs (NASDAQ: DOX) has received strong buy ratings from Wall Street analysts, with an average price target of $99, indicating a 24.76% upside potential. The company is actively investing in AI and cloud technologies, including its Amaze platform and Horizon Two initiative, to enhance customer experience and modernize systems in the telecommunications sector. Strategic partnerships with Nvidia, AWS, and Microsoft are expected to drive innovation and support the company's growth in cloud migration.",https://www.insidermonkey.com/blog/wall-street-analysts-back-amdocs-dox-with-strong-buy-ratings-amid-ai-driven-growth-1660332/,Insider Monkey,Insider Monkey,20251215T235100,https://imonkey-blog.imgix.net/blog/wp-content/uploads/2021/01/06120633/Artificial-Intelligence-piqsels.com-id-jcurz.jpg?auto=format&fit=clip&expires=1798502400&width=480&height=261,0.3913,Bullish,0.602606,0.307875,Somewhat-Bullish
NVDA,|【即時新聞】Kurv Yield Premium Strategy Google ETF 最新股息公告，吸引投資人關注,"|The Kurv Yield Premium Strategy Google ETF (GOOP) recently announced a monthly distribution of $0.4000 per share. This distribution is scheduled for payment on December 18th, with the ex-dividend date and record date both set for December 17th. The ETF's dividend strategy focuses on providing stable cash flow through a diversified portfolio, aiming to offer consistent returns in a volatile market.",https://www.cmoney.tw/forum/article/175570900,理財寶,理財寶,20251216T000000,|https://imagetick.cmoney.tw/stock/chart/TickLine_EN_US_TW/GOOP.png,0.341052,Somewhat-Bullish,0.640493,0.346228,Somewhat-Bullish
NVDA,Stock of the Week – Jabil Inc (11.12.2025),"Jabil Inc. is highlighted as the ""Stock of the Week"" due to its crucial role in the technology sector, assembling AI servers and electronics for major companies like Apple and Tesla, despite not being a household name. The company's stock has risen 59% in 2025, and its valuation suggests it remains undervalued given its strong financial performance, high return on equity, and robust liquidity, particularly benefiting from megatrends like AI, EVs, and 5G. A discounted cash flow (DCF) analysis estimates a potential upside of 41% from its current market price, suggesting an attractive investment opportunity.",https://www.xtb.com/cy/market-analysis/news-and-research/stock-of-the-week-jabil-inc-11-12-2025,XTB.com,XTB.com,20251216T000829,https://xtb.scdn5.secure.raxcdn.com/postTopImage/0104/19/58061822-d6ee-4be4-847b-43d560962f4b/postTopImage_front/xtb-multilayer-big-liqxthljk.png,0.315905,Somewhat-Bullish,0.630613,0.349905,Somewhat-Bullish
NVDA,"Intel Stock (INTC) After Hours on Dec. 15, 2025: SambaNova Deal Reports, New Executive Appointments, and What to Watch Before Tuesday’s Open","Intel's stock (INTC) traded lower on Monday, December 15, 2025, but steadied after hours as investors reacted to reports of a potential $1.6 billion acquisition of AI chip startup SambaNova Systems and significant executive appointments. The leadership changes, including a new SVP of government affairs with White House ties and a new chief marketing officer from SambaNova, underscore Intel's focus on AI, national security priorities, and managing its narrative. The article also highlights upcoming macro data, particularly the delayed U.S. jobs and retail reports, as key potential influencers for Intel's stock performance before Tuesday's open.",https://ts2.tech/en/intel-stock-intc-after-hours-on-dec-15-2025-sambanova-deal-reports-new-executive-appointments-and-what-to-watch-before-tuesdays-open/,ts2.tech,ts2.tech,20251216T000856,NULL,0.03384,Neutral,0.626984,0.147459,Neutral
NVDA,This Dividend ETF Has Crushed the S&P 500 in 2025. Should You Buy It Before 2026?,"The First Trust STOXX European Select Dividend Index Fund (FDD) has significantly outperformed the S&P 500 in 2025, with a 55% gain, driven by its focus on high-dividend European stocks in cash-heavy sectors. Despite this strong performance, the article suggests a cautious approach to buying before 2026, recommending piecemeal additions or waiting for a pullback due to the rapid pace of its 2025 breakout.",https://markets.financialcontent.com/wral/article/barchart-2025-12-16-this-dividend-etf-has-crushed-the-s-and-p-500-in-2025-should-you-buy-it-before-2026,Markets Financial Content,Markets Financial Content,20251216T000910,https://barchart-news-media-prod.aws.barchart.com/EXCLSV/7e810cf8a83c90278eb64437befcc222/qrix7qkj5gva5mx3.png,0.107511,Neutral,0.584029,0.182804,Somewhat-Bullish
NVDA,"Corebridge Financial (CRBG) Stock Is Up, What You Need To Know","Corebridge Financial (NYSE:CRBG) shares rose 2% after the company was announced as an addition to the S&P MidCap 400 index, replacing Allete Inc. This inclusion typically leads to increased demand for the stock as index-tracking funds are required to purchase shares. Corebridge Financial's stock has shown positive movement year-to-date and a strong consensus ""Moderate Buy"" to ""Strong Buy"" rating from analysts, with an average price target of $38.75.",https://www.theglobeandmail.com/investing/markets/stocks/CRBG-N/pressreleases/36629429/corebridge-financial-crbg-stock-is-up-what-you-need-to-know/,The Globe and Mail,The Globe and Mail,20251216T000934,https://barchart-news-media-prod.aws.barchart.com/SYNDSRC/7005420959f8a9dc346b09f5dbbc75f4/corebridge-financial-cover-image-f93104896e6c_2025-06-19-221450_sfpx.jpeg,0.272766,Somewhat-Bullish,0.607208,0.141602,Neutral
NVDA,Nvidia acquires Slurm developer SchedMD to enhance its software capabilities,"Nvidia Corp. has acquired SchedMD LLC, the company responsible for maintaining Slurm, a critical open-source platform for managing server clusters in the machine learning ecosystem. This acquisition aims to enhance Nvidia's software capabilities, particularly in optimizing AI training workloads across its accelerated computing platform. Slurm's scalability and specialized features make it well-suited for managing large GPU clusters and supercomputers, complementing Nvidia's hardware offerings.",https://siliconangle.com/2025/12/15/nvidia-acquires-slurm-developer-schedmd-enhance-software-capabilities/,SiliconANGLE,SiliconANGLE,20251216T010811,https://d15shllkswkct0.cloudfront.net/wp-content/blogs.dir/1/files/2025/12/Nvidia-1.png,0.414085,Bullish,1.000000,0.405749,Bullish
NVDA,Ações da Synopsys: Negócio com a Nvidia é apenas uma oportunidade para ‘vendê-la’,"Despite a $2 billion investment from Nvidia, Synopsys (SNPS) shares face significant financial risks due to a large net debt of $12.5 billion and an overstretched valuation, with future P/L multiples above 45. The company's modest projected earnings growth of less than 10% annually combined with weak free cash flow makes the current valuation unsustainable. Technical indicators and options data further suggest that the recent surge following the Nvidia deal is an opportunity for investors to reduce exposure rather than initiate new positions.",https://br.tradingview.com/news/invezz:ed92f780bbc81:0/,TradingView – Acompanhe todos os mercados,TradingView – Acompanhe todos os mercados,20251216T015918,https://s3.tradingview.com/news/image/invezz:ed92f780bbc81-d574403db06e3a56d4b3b7bd092d4781-resized.webp,-0.084696,Neutral,0.842486,0.275261,Somewhat-Bullish
NVDA,Trump Economic Adviser To Lead Government Affairs At Intel: CEO Lip-Bu Tan Praises Her 'Invaluable' Expertise And 'Rare Ability',"Intel Corp. announced on Monday the appointment of Robin Colwell, a former Donald Trump White House economic adviser, as head of its government affairs office. CEO Lip-Bu Tan praised Colwell's ""invaluable"" experience and ""rare ability"" to navigate policy environments. This move follows the U.S. government taking a 10% stake in Intel and comes as Tan continues to reshape the company's executive leadership, including new appointments in Intel Government Technologies, chief marketing, and interim chief technology officer roles.",https://www.benzinga.com/markets/tech/25/12/49411368/trump-economic-adviser-to-lead-government-affairs-at-intel-ceo-lip-bu-tan-praises-her-invaluable-expertise-and-rare-ability,Benzinga,Benzinga,20251216T020808,https://cdn.benzinga.com/files/images/story/2025/07/24/article-header-background-image.png?quality=85&auto=webp&width=1300,0.148558,Neutral,0.648630,0.147810,Neutral
NVDA,"Rivian Unveils Custom AI Chip, Reduces Dependence on Nvidia","Rivian has announced a custom AI chip and comprehensive autonomy platform, marking a strategic move to reduce its reliance on third-party solutions like Nvidia's processors. This in-house development, featuring the Rivian Autonomy Processor (RAP1) and Autonomy Compute Module 3 (ACM3), aims to power next-generation driver assistance and automated capabilities for its R2 vehicle line and beyond, starting in late 2026. The shift reflects a broader industry trend toward vertical integration in the EV sector, with Rivian also introducing a competitive subscription offering, Autonomy+.",https://www.pymnts.com/artificial-intelligence-2/2025/rivian-unveils-custom-ai-chip-reduces-dependence-on-nvidia/,PYMNTS.com,PYMNTS.com,20251216T020923,https://www.pymnts.com/wp-content/uploads/2025/12/Rivian-AI-chips1.jpg?w=768,-0.08554,Neutral,0.801735,-0.229276,Somewhat-Bearish
NVDA,Why Taboola (TBLA) Shares Are Sliding Today,"Taboola (TBLA) shares fell 3.3% due to a technical sell signal suggesting further declines, compounded by negative insider sentiment with executives selling $44.1 million in shares over the past year. The content discovery platform closed the day down 4.1% at $3.89, despite having reported strong third-quarter financial results and an optimistic forecast a month prior.",https://finviz.com/news/254631/why-taboola-tbla-shares-are-sliding-today,Finviz,Finviz,20251216T020938,https://news-assets.stockstory.org/cover-images/_1400x700_crop_center-center_none/taboola-cover-image-508b7896c0fd_2025-03-10-185707_vufi.jpeg,-0.110004,Neutral,0.634027,-0.131142,Neutral
NVDA,"Exzeo Group, Inc. XZO ) Stock Price Today & Analysis","This article provides a detailed analysis of Exzeo Group, Inc. (XZO) stock, including its fundamental financials, corporate actions, and valuation metrics. It highlights that Exzeo Group offers insurance technology and operations solutions through its ""Insurance-as-a-Service"" platform. The article also includes a FAQ section on how to buy XZO stock, minimum investment, dividend policy, and how to assess its valuation on the Gotrade platform.",https://www.heygotrade.com/en/us-stock/xzo/,Gotrade,Gotrade,20251216T024032,,0.18523,Somewhat-Bullish,0.572824,0.116108,Neutral
NVDA,1 ETF to Buy and Hold for 2026 and 1 to Avoid,"This article recommends one ETF to buy and hold for 2026, the VanEck Semiconductor ETF (SMH), due to its strong performance and central role in the AI boom. Conversely, it advises avoiding the Direxion Daily Junior Gold Miners Index Bear 2X Shares ETF (JDST) due to its leveraged nature, high expense ratio, and poor performance. The article emphasizes avoiding leveraged funds and sticking to ETFs with a proven track record of outperforming the S&P 500.",https://www.theglobeandmail.com/investing/markets/stocks/SMH-Q/pressreleases/36630647/1-etf-to-buy-and-hold-for-2026-and-1-to-avoid/,The Globe and Mail,The Globe and Mail,20251216T030907,https://barchart-news-media-prod.aws.barchart.com/FC/0e574ed892727ad3ba722088def0f48c/%3Furl%3Dhttps%253a%252f%252fg.foolcdn.com%252feditorial%252fimages%252f843018%252fgettyimages-1434513722-1201x771-84247de.jpg%26amp%3Bw%3D700,0.3763,Bullish,0.631756,0.326790,Somewhat-Bullish
NVDA,PPL Corp (PPL): Has Recent Momentum Cooldown Opened a Valuation Opportunity for Income Investors?,"PPL Corporation's stock has seen a recent cooldown after a strong multi-year performance, leading to a potential valuation opportunity. While a narrative valuation suggests the stock is undervalued at around $40.47 due to accelerating electricity demand and significant infrastructure investments, a Discounted Cash Flow (DCF) model indicates it might be overvalued at its current price of $34.26, suggesting an intrinsic value closer to $27.23. Investors should consider growth drivers, regulatory risks, and their own valuation models.",https://simplywall.st/stocks/us/utilities/nyse-ppl/ppl/news/ppl-corp-ppl-has-recent-momentum-cooldown-opened-a-valuation,Simply Wall Street,Simply Wall Street,20251216T032927,,0.276847,Somewhat-Bullish,0.618454,0.333064,Somewhat-Bullish
NVDA,3 Artificial Intelligence ETFs to Buy With $100 and Hold Forever,"This article recommends three artificial intelligence ETFs for investors looking to enter the AI market with a modest investment. It highlights the Global X Cloud Computing ETF (CLOU), the Roundhill Generative AI and Technology ETF (CHAT), and the Global X Robotics & Artificial Intelligence ETF (BOTZ), detailing their focuses, top holdings, and expense ratios. The article suggests that the CHAT ETF, which focuses on generative AI, is the strongest performer year-to-date and offers the best current investment opportunity.",https://finviz.com/news/253608/3-artificial-intelligence-etfs-to-buy-with-100-and-hold-forever,Finviz,Finviz,20251216T040906,https://g.foolcdn.com/image/?url=https%3A%2F%2Fg.foolcdn.com%2Feditorial%2Fimages%2F846601%2Fgettyimages-186863270.jpg&w=700,0.318211,Somewhat-Bullish,0.638921,0.501778,Bullish
NVDA,GIBO Announces Strategic Collaboration with E Total Technology Sdn Bhd to Accelerate Deployment of AI Compute Centers Featuring NVIDIA's Most Advanced Chips,"GIBO Holdings Ltd. announced a strategic collaboration with E Total Technology Sdn Bhd to develop next-generation AI compute centers in Malaysia. These centers will utilize NVIDIA's advanced AI chips and computing architectures to meet the increasing demand for AI training and inference workloads. This partnership aims to strengthen Malaysia's position as a regional AI compute hub, providing scalable, high-performance resources for enterprises and research institutions.",https://www.wjbf.com/business/press-releases/cision/20251215CN47352/gibo-announces-strategic-collaboration-with-e-total-technology-sdn-bhd-to-accelerate-deployment-of-ai-compute-centers-featuring-nvidias-most-advanced-chips,WJBF,WJBF,20251216T040945,https://i0.wp.com/www.wjbf.com/wp-content/uploads/sites/47/2025/12/641BFA48511B736876E2B8938F85B9B4.jpg?w=2000&ssl=1,0.789231,Bullish,0.839394,0.713790,Bullish
NVDA,Should You Buy the Vanguard S&P 500 ETF With the Stock Market at An All-Time High? History Offers a Clear Answer.,"The S&P 500 has reached an all-time high, driven largely by the AI boom, with a diversified portfolio spanning various economic sectors. The Vanguard S&P 500 ETF (VOO) offers a low-cost way to invest in this index. Despite the current high valuation, historical data suggests that investing consistently over time, even with potential near-term corrections, remains a sound strategy.",https://www.fool.com/investing/2025/12/16/should-buy-vanguard-sp-500-etf-stock-market-high/,The Motley Fool,The Motley Fool,20251216T041600,https://g.foolcdn.com/image/?url=https%3A%2F%2Fg.foolcdn.com%2Feditorial%2Fimages%2F847209%2Fan-investor-looking-at-a-chart-on-their-computer-screen-while-holding-a-smartphone.jpg&w=3840&op=resize,0.298774,Somewhat-Bullish,0.621687,0.387537,Bullish
NVDA,"Zacks Investment Ideas feature highlights Lumentum, Coherent and Fabrinet","This article highlights Zacks Investment Ideas featuring Lumentum (LITE), Coherent Corp (COHR), and Fabrinet (FN) as top AI stocks. These companies are crucial in the photonics industry, which is enabling the next phase of AI infrastructure by addressing data movement limitations inherent in traditional copper interconnects. The article details how optical technologies, such as optical interconnects and silicon photonics, are critical for increasing bandwidth and reducing latency in next-generation data centers, presenting significant market opportunities for these firms.",https://finance.yahoo.com/news/zacks-investment-ideas-feature-highlights-092700709.html,Yahoo Finance,Yahoo Finance,20251216T042700,https://s.yimg.com/ny/api/res/1.2/zf_1wpp4e4lihErpE5wvzA--/YXBwaWQ9aGlnaGxhbmRlcjt3PTEyNjtoPTQ4O2NmPXdlYnA-/https://s.yimg.com/os/creatr-uploaded-images/2020-11/3bc15d30-250e-11eb-bffb-472fe5eb11fe,0.406831,Bullish,0.607917,0.302888,Somewhat-Bullish
NVDA,Wall Street Analysts Back Amdocs (DOX) with Strong Buy Ratings Amid AI-Driven Growth,"Wall Street analysts are issuing strong buy ratings for Amdocs (DOX), citing the company's strategic investments in AI and cloud technologies as key growth drivers. Amdocs is leveraging AI, particularly its Amaze platform, to enhance customer experience, improve call center KPIs, and modernize customer systems. The company has also formed partnerships with Nvidia, AWS, and Microsoft to accelerate innovation.",https://finviz.com/news/254794/wall-street-analysts-back-amdocs-dox-with-strong-buy-ratings-amid-ai-driven-growth,Finviz,Finviz,20251216T050844,https://d2gr5kl7dt2z3t.cloudfront.net/blog/wp-content/uploads/2021/01/06120633/Artificial-Intelligence-piqsels.com-id-jcurz.jpg,0.307937,Somewhat-Bullish,0.621869,0.311063,Somewhat-Bullish
NVDA,"Penguin Solutions, Inc. (PENG) Strengthens Memory Portfolio for Harsh Environments","Penguin Solutions, Inc. (PENG) has expanded its memory portfolio by launching new SMART 64GB DDR5-6400 ECC CSODIMM memory modules, designed for harsh industrial, edge, telecom, and networking environments. This move strengthens the company's offering in high-performance computing and AI infrastructure solutions. Additionally, Penguin Solutions will integrate NVIDIA’s latest GPUs with its OriginAI solution to simplify AI deployments and accelerate adoption for organizations.",https://www.insidermonkey.com/blog/penguin-solutions-inc-peng-strengthens-memory-portfolio-for-harsh-environments-1660328/,Insider Monkey,Insider Monkey,20251216T050925,https://imonkey-blog.imgix.net/blog/wp-content/uploads/2025/12/15100746/raphael-gb-NB2sjtToqmA-unsplash.jpg?auto=format&fit=clip&expires=1797379200&width=480&height=360,0.281747,Somewhat-Bullish,0.637992,0.335455,Somewhat-Bullish
NVDA,5 Insightful Analyst Questions From Dave & Buster's’s Q3 Earnings Call,"Dave & Buster's reported Q3 results that missed revenue and adjusted EPS expectations but beat adjusted EBITDA forecasts. The company's CEO, Tarun Lal, and CFO, Darin Harper, addressed analyst questions regarding new marketing strategies, consumer behavior in arcades, remodel effectiveness, and entertainment sales trends, highlighting ""Back to Basics"" plan successes. Future quarters will focus on new game engagement, remodel program execution, and cost optimization for margin expansion.",https://www.tradingview.com/news/stockstory:7edc7a560094b:0-5-insightful-analyst-questions-from-dave-buster-s-s-q3-earnings-call/,TradingView — Track All Markets,TradingView — Track All Markets,20251216T050934,https://s3.tradingview.com/news/image/stockstory:7edc7a560094b-35be3efcb795e4754256c1d7b46a2ef0-resized.webp,0.335406,Somewhat-Bullish,0.558369,0.645093,Bullish
NVDA,Is Fidelity High Dividend ETF (FDVV) a Strong ETF Right Watch?,"The Fidelity High Dividend ETF (FDVV) is a smart beta ETF launched in 2016, focusing on large and mid-capitalization high-dividend-paying companies. It offers broad exposure to the Style Box - All Cap Value category, aiming to outperform through stock selection rather than market-cap weighting. With over $7.73 billion in assets and a low expense ratio of 0.16%, FDVV primarily invests in Information Technology, Financials, and Consumer Staples, with top holdings including Nvidia, Apple, and Microsoft.",https://www.sharewise.com/us/news_articles/Is_Fidelity_High_Dividend_ETF_FDVV_a_Strong_ETF_Right_Now_Zacks_20251215_1220/amp,sharewise.com,sharewise.com,20251216T060919,,0.303797,Somewhat-Bullish,0.608691,0.316243,Somewhat-Bullish
NVDA,Blue Owl Technology Finance stock initiated with Buy rating by B.Riley,"Blue Owl Technology Finance Corp. (NYSE:OTF) has received a ""Buy"" rating and a $15.00 price target from B.Riley, indicating an approximate 8% upside. The company, the largest publicly traded, technology-focused Business Development Company (BDC), is recognized for its strategy of providing first-lien senior secured capital to upper-middle-market, sponsor-backed software borrowers, which has driven significant revenue growth. Other analysts, including Citizens and RBC Capital, have also initiated coverage, highlighting the company's strong portfolio performance and focus on enterprise software lending.",https://www.investing.com/news/analyst-ratings/blue-owl-technology-finance-stock-initiated-with-buy-rating-by-briley-93CH-4409663,Investing.com,Investing.com,20251216T070856,https://i-invdn-com.investing.com/news/news_six_pile_69x52._800x533_L_1419494215.jpg,0.220408,Somewhat-Bullish,0.571590,0.262351,Somewhat-Bullish
NVDA,Could Amazon Help You Become a Millionaire?,"Amazon, a technology giant with leading positions in e-commerce, streaming, digital advertising, cloud computing (AWS), and AI, has seen significant growth, transitioning from unprofitable to generating substantial net income. While its valuation is currently attractive, making it a compelling investment, its massive scale might prevent it from being a ""millionaire-maker"" stock in the future as it was in the past. Investors should have realistic expectations despite its strong competitive advantages and growth prospects.",https://finviz.com/news/254808/could-amazon-help-you-become-a-millionaire,Finviz,Finviz,20251216T071631,https://g.foolcdn.com/image/?url=https%3A%2F%2Fg.foolcdn.com%2Feditorial%2Fimages%2F846889%2Fdelivery-person-putting-down-amazon-box-with-logo.jpg&w=700,0.177637,Somewhat-Bullish,0.618252,0.330286,Somewhat-Bullish
NVDA,Here’s What Boosted ASML Holding N.V. (ASML) in Q3,"Magellan Global Fund's Q3 2025 investor letter highlighted ASML Holding N.V. (NASDAQ: ASML) as a significant contributor to its performance. The semiconductor company benefited from positive sentiment in the sector due to OpenAI's partnerships and Nvidia's strategic investment in Intel. Despite ASML's strong performance, the fund suggests that some AI stocks may offer higher returns within a shorter timeframe.",https://www.insidermonkey.com/blog/heres-what-boosted-asml-asml-in-q3-1660689/,Insider Monkey,Insider Monkey,20251216T071900,https://imonkey-blog.imgix.net/blog/wp-content/uploads/2023/09/23093851/ASML-insidermonkey-1695476329445-768x430.jpg?auto=format&fit=clip&expires=1797379200&width=480&height=269,0.296014,Somewhat-Bullish,0.712359,0.253174,Somewhat-Bullish
NVDA,Envirotech Vehicles to acquire AI infrastructure firm AZIO AI,"Envirotech Vehicles (NASDAQ:EVTV) has announced a strategic acquisition framework to acquire AZIO AI Corporation, an AI infrastructure firm. This move represents a pivot for EVTV beyond electric vehicles into AI computing infrastructure, aiming to leverage AZIO AI's active sales pipeline and focus on high-resolution data processing and real-time analytics. The acquisition is subject to due diligence, definitive agreements, and regulatory approvals.",https://www.investing.com/news/company-news/envirotech-vehicles-to-acquire-ai-infrastructure-firm-azio-ai-93CH-4410475,Investing.com,Investing.com,20251216T073700,https://i-invdn-com.investing.com/news/international_newspapers_69x52._800x533_L_1419494241.jpg,0.286405,Somewhat-Bullish,0.616586,0.312094,Somewhat-Bullish
NVDA,GraniteShares Announces the Launch of Two New YieldBOOST Fund-of-Funds ETFs,"GraniteShares has launched two new YieldBOOST Fund-of-Funds ETFs, YBST and YBTY, which begin trading today. These ETFs expand the YieldBOOST™ platform, offering investors diversified or targeted access to existing single-stock YieldBOOST™ ETFs through a fund-of-funds structure. YBST provides broad exposure with equal-weight allocations, while YBTY focuses on underlying ETFs with higher option-premium characteristics.",https://www.globenewswire.com/news-release/2025/12/16/3206150/0/en/graniteshares-announces-the-launch-of-two-new-yieldboost-fund-of-funds-etfs.html,GlobeNewswire,GlobeNewswire,20251216T080000,https://ml.globenewswire.com/media/YmUxNWIxZTItYjE2ZS00MjJiLTk0ZDctNGNjNjA3OGIzZjJlLTUwMDA0NjY3OC0yMDI1LTEyLTE2LWVu/tiny/GraniteShares.png,0.390863,Bullish,0.612833,0.329649,Somewhat-Bullish
NVDA,First Trust Nasdaq100 Tech Sector ETF (QTEC) Stock Price Today & Analysis,"This article provides an analysis of the First Trust Nasdaq100 Tech Sector ETF (QTEC), including its current stock price, fundamental financials, and corporate actions like dividend yield. It details how to buy QTEC stock through the Gotrade app, explains minimum investment requirements, and addresses common questions regarding dividends and market hours. The ETF aims to replicate the performance of the NASDAQ-100 Technology Sector Index.",https://www.heygotrade.com/en/us-stock/qtec/,Gotrade,Gotrade,20251216T081137,https://s3-ap-southeast-1.amazonaws.com/files-tr8/stocks/qtec-614a9186e3185.png,0.139628,Neutral,0.615741,0.173701,Somewhat-Bullish
NVDA,NEOS Nasdaq 100 High Income ETF (QQQI) Stock Price Today & Analysis,"The NEOS Nasdaq 100 High Income ETF (QQQI) invests in Nasdaq-100 Index stocks, using call options to generate high monthly income through dividends and premiums. It employs a call-writing strategy with a focus on tax efficiency via Section 1256 Contracts and active management for tax loss harvesting. The article also provides information on how to buy QQQI stock through the Gotrade app, including minimum investment and dividend policy, noting that QQQI does not currently pay dividends as it prioritizes reinvesting profits for growth.",https://www.heygotrade.com/en/us-stock/qqqi/,Gotrade,Gotrade,20251216T081143,https://s3-ap-southeast-1.amazonaws.com/files-tr8/stocks/qqqi/icon.png,0.211528,Somewhat-Bullish,0.640740,0.129998,Neutral
NVDA,Applied Digital Craters 17%: Is the AI Data Center Debt Party Over?,"Applied Digital (APLD), a major player in AI data centers, experienced a significant 17.5% stock plunge despite a 200% year-to-date gain, raising concerns about its increasing debt load. The company recently issued $2.35 billion in senior secured notes to finance expansion, with its business model heavily reliant on its main tenant, CoreWeave. This dip, alongside similar trends in the AI data center sector, suggests investor unease about the sustainability of heavy debt financing in the capital-intensive AI infrastructure buildout.",https://247wallst.com/investing/2025/12/16/applied-digital-craters-17-is-the-ai-data-center-debt-party-over/,24/7 Wall St.,24/7 Wall St.,20251216T084100,https://247wallst.com/wp-content/uploads/2025/07/Wrecking-Ball.jpg,-0.161176,Somewhat-Bearish,0.893434,-0.219120,Somewhat-Bearish
NVDA,A decade in the making: Kunlunxin chips could bring excitement back to Baidu,"Baidu is considering a separate listing for its Kunlunxin chip unit, which has been developing chips since 2011 and was spun off in 2021. This move could inject renewed excitement into Baidu's financials, challenged by revenue declines, as Kunlunxin projects significant revenue growth and potential profitability in the near future. The performance of Kunlunxin, coupled with the progress of Baidu's Apollo Go autonomous driving unit, offers potential upside for Baidu's stock, especially amidst an investor ""feeding frenzy"" for AI-related chip plays in China.",https://thebambooworks.com/a-decade-in-the-making-kunlunxin-chips-could-bring-excitement-back-to-baidu/,Bamboo Works,Bamboo Works,20251216T090913,https://thebambooworks.com/wp-content/uploads/2025/12/VCG111609176608-900x600-1.webp,0.33386,Somewhat-Bullish,0.810783,0.229367,Somewhat-Bullish
NVDA,Should You Buy Super Micro Before Its Next Earnings Report?,"Super Micro Computer (NASDAQ: SMCI) is navigating margin pressure and volatility, but the article highlights potential catalysts such as new AI factory clusters, federal sector expansion, and stronger revenue guidance that could lead to a significant rebound. Analysts are reportedly expecting a near double upside for the stock. Despite these positives, a Motley Fool Stock Advisor team did not include SMCI in their top 10 stock recommendations.",https://www.theglobeandmail.com/investing/markets/stocks/NVDA-Q/pressreleases/36639773/should-you-buy-super-micro-before-its-next-earnings-report/,The Globe and Mail,The Globe and Mail,20251216T094325,https://barchart-news-media-prod.aws.barchart.com/FC/c39e06125d64c032545517f41ddc5991/pixel%3Fslug%3Dmotleyfoolgm-2025-12-16-should-you-buy-super-micro-before-its-next-earnings-report,0.316136,Somewhat-Bullish,0.632423,0.328871,Somewhat-Bullish
NVDA,"Cisco Trades Near 52-Week High: Buy, Sell or Hold the Stock in 2026?","Cisco Systems (CSCO) shares are trading near their 52-week high, driven by an aggressive AI push and growing security dominance. The company projects strong AI infrastructure revenues and robust demand for networking solutions in fiscal 2026. Despite positive guidance and strong growth prospects, the stock is considered overvalued with a Zacks Rank #3 (Hold) due to valuation concerns and competition.",https://finviz.com/news/255302/cisco-trades-near-52-week-high-buy-sell-or-hold-the-stock-in-2026,Finviz,Finviz,20251216T094500,,0.120329,Neutral,0.725704,0.311804,Somewhat-Bullish
NVDA,Evolution Wealth Management Inc. Invests $1.07 Million in NVIDIA Corporation $NVDA,"Evolution Wealth Management Inc. recently acquired 6,800 shares of NVIDIA Corporation, a new stake valued at approximately $1.07 million, making it their 13th largest holding. This investment comes as NVIDIA reported strong Q2 earnings, exceeding analyst expectations with $1.30 EPS and $57.01 billion in revenue, alongside high profitability metrics. Despite significant insider selling over the past three months, analysts maintain a ""Buy"" rating for NVIDIA with a consensus price target of $258.65.",https://www.marketbeat.com/instant-alerts/filing-evolution-wealth-management-inc-invests-107-million-in-nvidia-corporation-nvda-2025-12-16/,MarketBeat,MarketBeat,20251216T100827,https://www.marketbeat.com/logos/nvidia-co-logo-1200x675.jpg?v=20221020142916,0.202071,Somewhat-Bullish,1.000000,0.486021,Bullish
NVDA,Nokia: From Paper Mill To AI And Defense — With Iconic Mobile Phones In Between (NYSE:NOK),"Nokia Oyj has evolved significantly, transforming from a dominant mobile phone manufacturer into a leading global technology company focused on communications networking. Recent strategic moves, including collaboration with Nvidia and the acquisition of Infinera, position Nokia for growth in AI-driven technologies. Under new CEO Justin Hotard, the company is intensifying its focus on leading the development of 6G and other advanced AI communications.",https://seekingalpha.com/article/4853693-nokia-from-paper-mill-to-ai-and-defense-with-iconic-mobile-phones-in-between,Seeking Alpha,Seeking Alpha,20251216T101000,https://static.seekingalpha.com/cdn/s3/uploads/getty_images/1616042905/image_1616042905.jpg?io=getty-c-w630,0.257022,Somewhat-Bullish,0.649645,0.209583,Somewhat-Bullish
NVDA,AMD Stock: Wall Street Analysts See Major Upside Ahead,Wall Street analysts are recommending AMD stock as a buying opportunity following recent price weakness. They cite the upcoming Helios chip launch and the company's undervalued position in the AI sector as key drivers for potential growth heading into 2026. Experts believe the recent stock decline has created an attractive entry point for investors.,https://coincentral.com/amd-stock-wall-street-analysts-see-major-upside-ahead/,CoinCentral,CoinCentral,20251216T102746,https://coincentral.com/wp-content/uploads/2025/04/amd.jpg,0.286213,Somewhat-Bullish,0.621208,0.139192,Neutral
NVDA,Hut 8 (HUT) Gets Beaten as Bitcoin Drops,"Hut 8 Corp. (NASDAQ:HUT) experienced a significant drop, falling 14.21% to $35.44, primarily due to a decline in Bitcoin prices and investor profit-taking ahead of the Christmas holiday. The company, which is transitioning from Bitcoin mining to high-performance computing, also faced broader pessimism in the AI sector due to concerns over high investment costs. Despite a strong Q3 performance with a 7,600% surge in net income, the stock was affected by market trends impacting both cryptocurrency and AI-related companies.",https://www.insidermonkey.com/blog/hut-8-hut-gets-beaten-as-bitcoin-drops-1660901/?amp=1,Insider Monkey,Insider Monkey,20251216T103200,NULL,0.102047,Neutral,0.603044,0.229266,Somewhat-Bullish
NVDA,DigitalOcean (DOCN): A Deep Dive into the Developer Cloud’s AI Pivot,"DigitalOcean (DOCN) is a cloud infrastructure provider focusing on simplifying cloud computing for developers and SMBs, with a significant pivot towards AI. The company reported strong financial results in Q3 2025, with revenue up 16% year-over-year, and has raised its full-year guidance, driven by its AI offerings and focus on higher-spending customers. While facing intense competition from hyperscalers and some past controversies regarding financial reporting, DigitalOcean is strategically expanding its product line with AI/ML capabilities, improving customer retention, and leveraging strategic partnerships to accelerate growth.",https://markets.financialcontent.com/wral/article/predictstreet-2025-12-16-digitalocean-docn-a-deep-dive-into-the-developer-clouds-ai-pivot,Markets Financial Content,Markets Financial Content,20251216T103300,https://news.predictstreet.ai/wp-content/uploads/2025/12/d4a13a18-0fe8-4ae4-ae09-f6f7ceb6df88-1024x683.png,0.338089,Somewhat-Bullish,0.628288,0.335344,Somewhat-Bullish
NVDA,"Terawulf (WULF) Loses 12.8% on AI Concerns, Bitcoin Fall","Terawulf (WULF) shares fell by 12.84% due to a decline in Bitcoin prices and renewed concerns about an AI bubble, triggered by Oracle's substantial debt from AI investments. Investor sentiment was also impacted by the mandatory conversion of Terawulf's preferred shares into common shares, which caused dilution. Despite these risks, the article suggests that some AI stocks offer greater promise and higher returns than WULF.",https://www.insidermonkey.com/blog/terawulf-wulf-loses-12-8-on-ai-concerns-bitcoin-fall-1660908/?amp=1,Insider Monkey,Insider Monkey,20251216T103500,,0.008157,Neutral,0.605550,0.233354,Somewhat-Bullish
NVDA,"Integral Ad Science (IAS): Buy, Sell, or Hold Post Q3 Earnings?","Despite a 25% return over six months, StockStory analysts are not confident in Integral Ad Science (IAS) due to lackluster revenue growth trends, although operating margins have risen. Analysts predict a decline in free cash flow margin, leading to a ""fair"" valuation at 2.6x forward price-to-sales but with limited upside compared to potential downside risks. They recommend other ""high-quality"" stocks with better growth opportunities.",https://finviz.com/news/256028/integral-ad-science-ias-buy-sell-or-hold-post-q3-earnings,Finviz,Finviz,20251216T110400,https://news-assets.stockstory.org/cover-images/_1400x700_crop_center-center_none/integral-ad-science-cover-image-b31f63068b3f_2025-01-16-134604_bqrh.jpeg,0.18948,Somewhat-Bullish,0.647068,0.540756,Bullish
NVDA,Qualcomm acquires Ventana Micro Systems,"Qualcomm Technologies has acquired Ventana Micro Systems Inc. to enhance its RISC-V CPU development and advance its custom Oryon CPU technology. The acquisition integrates Ventana’s expertise into Qualcomm’s CPU engineering efforts, complementing Qualcomm’s existing RISC-V and Oryon CPU R&D. This strategic move aims to accelerate innovation in AI and high-performance computing by delivering industry-leading RISC-V-based CPU technology.",https://evertiq.com/design/2025-12-16-qualcomm-acquires-ventana-micro-systems,Evertiq,Evertiq,20251216T110838,https://evertiq.com/th/n700x300nimgBuildingQualcomm_HQ.webp,0.205708,Somewhat-Bullish,0.603055,0.108668,Neutral
NVDA,1 ETF to Buy and Hold for 2026 and 1 to Avoid,"This article recommends the VanEck Semiconductor ETF (SMH) as a strong buy-and-hold option for 2026 due to its excellent performance, driven by the AI boom and a focus on top chipmakers. Conversely, it advises avoiding the Direxion Daily Junior Gold Miners Index Bear 2X Shares ETF (JDST) due to its leveraged structure, high expense ratio, and poor year-to-date performance. The author emphasizes that leveraging funds carries significant risks for most investors.",https://www.theglobeandmail.com/investing/markets/stocks/NVDA-Q/pressreleases/36630647/1-etf-to-buy-and-hold-for-2026-and-1-to-avoid/,The Globe and Mail,The Globe and Mail,20251216T110910,https://barchart-news-media-prod.aws.barchart.com/FC/0e574ed892727ad3ba722088def0f48c/%3Furl%3Dhttps%253a%252f%252fg.foolcdn.com%252feditorial%252fimages%252f843018%252fgettyimages-1434513722-1201x771-84247de.jpg%26amp%3Bw%3D700,0.054587,Neutral,0.722053,0.401967,Bullish
NVDA,Worried About an AI Crash? Here’s How to Diversify Your Portfolio,"The article discusses strategies for investors to diversify their portfolios and mitigate risks associated with the volatility of AI stocks. It suggests practices like regular rebalancing, considering equal-weighted funds, looking beyond large-cap growth stocks to small and mid-caps, and broadening exposure to sectors like financials and healthcare. Despite potential pullbacks, the article emphasizes that tech will likely remain a good place to invest, but managing exposure is crucial.",https://www.morningstar.com/markets/worried-about-an-ai-crash-heres-how-diversify-your-portfolio,Morningstar,Morningstar,20251216T111031,https://cloudfront-us-east-1.images.arcpublishing.com/morningstar/GDUU7GDSHBAHZOZSANBUEY2KYM.png,-0.13891,Neutral,0.910053,-0.217159,Somewhat-Bearish
NVDA,Should You Invest in the iShares U.S. Technology ETF (IYW)?,"The iShares U.S. Technology ETF (IYW) is a passively managed fund providing broad exposure to the Technology - Broad sector, currently holding a Zacks ETF Rank of 1 (Strong Buy). Launched in 2000, it has over $20.71 billion in assets, an expense ratio of 0.38%, and has delivered a 23.43% year-to-date return. The ETF is considered a medium-risk choice, diversifying company-specific risk with 147 holdings.",https://sg.finance.yahoo.com/news/invest-ishares-u-technology-etf-112002321.html,Yahoo Finance Singapore,Yahoo Finance Singapore,20251216T112000,https://s.yimg.com/ny/api/res/1.2/Qv0MBb59ODnEjFUVEDOeVQ--/YXBwaWQ9aGlnaGxhbmRlcjt3PTEyNjtoPTQ4/https://s.yimg.com/os/creatr-uploaded-images/2020-11/3bc15d30-250e-11eb-bffb-472fe5eb11fe,0.280274,Somewhat-Bullish,0.634804,0.319795,Somewhat-Bullish
NVDA,Reassessing Kraft Heinz (KHC): Is the Recent Share Price Slide Creating a Value Opportunity?,"Kraft Heinz's (KHC) stock has fallen by approximately 17% over the past year despite a surge in net income, suggesting a potential undervaluation. The company is currently trading below analyst targets, with a narrative fair value indicating it is 9.5% undervalued at $27.08. Investments in emerging markets and rising margins contribute to its long-term growth potential, though persistent volume declines in North America pose a risk.",https://simplywall.st/stocks/us/food-beverage-tobacco/nasdaq-khc/kraft-heinz/news/reassessing-kraft-heinz-khc-is-the-recent-share-price-slide,Simply Wall Street,Simply Wall Street,20251216T113224,NULL,0.240054,Somewhat-Bullish,0.631391,0.338965,Somewhat-Bullish
NVDA,DXC and Dell: Partnering for innovation,"DXC Technology and Dell Technologies are deepening their partnership to address next-generation technology needs, particularly focusing on AI and GenAI infrastructure, end-to-end device lifecycle management, and cybersecurity. Key priorities for 2024 include deploying AI/GenAI solutions with Dell and NVIDIA technology, expanding Edge IoT capabilities, and enhancing modern virtualization. The collaboration emphasizes outcome-based solutions, sustainability through device repair and recycling, and a strong, transparent working relationship that benefits clients across various industries.",https://dxc.com/insights/knowledge-base/q-and-a/dxc-dell-partnering-for-innovation,DXC Technology,DXC Technology,20251216T113914,https://dxc.scene7.com/is/image/dxc/AdobeStock_758011808:banner_desktop,0.480183,Bullish,0.740349,0.423833,Bullish
NVDA,Munro Partners Acquires New Stake in NVIDIA Corporation $NVDA,"Munro Partners has acquired a significant new stake in NVIDIA Corporation, purchasing over 2 million shares valued at approximately $318 million, making it their largest holding. This comes as other institutional investors have also adjusted their positions in NVIDIA, and several Wall Street analysts have reiterated ""buy"" ratings with price targets around $240-$272. Additionally, recent insider selling by NVIDIA's CEO and a director totaling over $75 million has been disclosed.",https://www.marketbeat.com/instant-alerts/filing-munro-partners-acquires-new-stake-in-nvidia-corporation-nvda-2025-12-16/,MarketBeat,MarketBeat,20251216T114033,https://www.marketbeat.com/logos/nvidia-co-logo-1200x675.jpg?v=20221020142916,0.296631,Somewhat-Bullish,1.000000,0.285144,Somewhat-Bullish
NVDA,This streaming stock is on fire this year. Morgan Stanley expects even more gains ahead,"Morgan Stanley has double upgraded Roku (ROKU) from underweight to overweight, significantly raising its price target to $135 from $85. Analyst Thomas Yeh anticipates sustained double-digit platform revenue growth for Roku, driven by deepening partnerships, increased streaming prices, and a strong advertising environment. This positive outlook led to a more than 4% jump in Roku's shares, which have already surged 47% this year.",https://www.cnbc.com/2025/12/16/this-streaming-stock-is-on-fire-this-year-morgan-stanley-expects-even-more-gains-ahead.html,CNBC,CNBC,20251216T115830,NULL,0.168045,Somewhat-Bullish,0.642697,0.104543,Neutral
NVDA,"Analog Devices, Inc. $ADI Position Reduced by Texas Permanent School Fund Corp","The Texas Permanent School Fund Corp reduced its stake in Analog Devices, Inc. (NASDAQ:ADI) by 44.4% in the second quarter, selling 27,799 shares and retaining 34,795 shares valued at $8.28 million. Despite this reduction, institutional investors now own approximately 86.81% of ADI's stock. The company recently reported strong Q2 earnings, beating consensus estimates, and announced a quarterly dividend.",https://www.marketbeat.com/instant-alerts/filing-analog-devices-inc-adi-position-reduced-by-texas-permanent-school-fund-corp-2025-12-16/,MarketBeat,MarketBeat,20251216T120808,https://www.marketbeat.com/logos/Analog_devices_logo-1200x675.jpg,0.147268,Neutral,0.604179,0.115054,Neutral
NVDA,Protagonist Therapeutics stock hits all-time high at 93.53 USD,"Protagonist Therapeutics (PTGX) stock has reached an all-time high of $93.53, leading to a market capitalization of $5.82 billion, driven by significant gains over the past year and recent positive analyst ratings. The company's innovative therapeutic developments, strong financial health, and successful clinical trials for rusfertide and icotrokinra have fueled investor confidence, despite its high P/E ratio and volatility. Analysts predict further growth, with price targets ranging from $72.00 to $102.00, based on advancements in treatments for polycythemia vera and Crohn’s disease.",https://www.investing.com/news/company-news/protagonist-therapeutics-stock-hits-alltime-high-at-9353-usd-93CH-4406282,Investing.com,Investing.com,20251216T120909,https://i-invdn-com.investing.com/news/World_News_10_800x533_L_1420026292.jpg,0.245718,Somewhat-Bullish,0.541147,0.134498,Neutral
NVDA,Envirotech Vehicles (NASDAQ: EVTV) pursues AZIO AI merger under exclusive framework,"Envirotech Vehicles (NASDAQ: EVTV) has entered an exclusive strategic framework to acquire 100% of AZIO AI, an AI infrastructure spin-off. This move aims to expand EVTV's operations from mobility into data centers, enterprise compute, AI-powered agriculture, and drone-enabled systems. AZIO AI reported an active sales pipeline exceeding $50 million in its first two months, reselling NVIDIA GPUs and Supermicro-class servers, though the acquisition is subject to due diligence, definitive agreements, and regulatory approvals.",https://www.stocktitan.net/news/EVTV/envirotech-vehicles-unveils-exclusive-ai-infrastructure-expansion-a9b056s9805t.html,Stock Titan,Stock Titan,20251216T120925,https://ml.globenewswire.com/media/OTI0ZjgyMGEtYjJlMC00MjY5LTlkN2UtMGFkZmZiNDU4NjU5LTUwMDE1NDQ3Ny0yMDI1LTEyLTE2LWVu/tiny/Envirotech-Vehicles-Inc-.png,0.074664,Neutral,0.623455,0.237009,Somewhat-Bullish
NVDA,5 Must-Read Analyst Questions From Ollie's's Q3 Earnings Call,"Ollie's Bargain Outlet Holdings Inc. (OLLI) Q3 results met expectations, driven by significant new store growth and strong customer engagement, including an expanded loyalty program attracting younger, higher-income shoppers. The company slightly raised its full-year revenue and Adjusted EPS guidance. Analysts focused on consumer spending, vendor relationships, transaction growth drivers, loyalty program efficacy, SG&A leverage, and category mix optimization during the earnings call.",https://finviz.com/news/254834/5-must-read-analyst-questions-from-olliess-q3-earnings-call,Finviz,Finviz,20251216T120945,https://news-assets.stockstory.org/cover-images/_1400x700_crop_center-center_none/ollies-cover-image-127acc32f3f9_2023-08-01-063708_ankg.jpeg,0.096247,Neutral,0.625672,-0.113853,Neutral
NVDA,IREN Stock Sell-Off Continues: What's Fueling The Move?,"Shares of Iris Energy Limited (NASDAQ: IREN) have experienced a sell-off amidst a broader pullback in momentum stocks, despite the company's significant pivot into AI infrastructure and a major deal with Microsoft. The stock has seen a massive rally of 270% year-to-date, leading to profit-taking by investors, including hedge fund legend Paul Tudor Jones. Technical indicators suggest short-term weakness, with the stock trading below key moving averages, though the long-term trend remains positive.",https://www.sahmcapital.com/news/content/iren-stock-sell-off-continues-whats-fueling-the-move-2025-12-15,Sahm,Sahm,20251216T120948,https://r.sahmcapital.com/fe/hs-sa-web-nuxt-www-alsahm/img/logo.456360b.png,0.06942,Neutral,0.639079,0.215732,Somewhat-Bullish
NVDA,Paul Tudor Jones Trims IREN After A 300% Run — AI Story Still Intact,"Paul Tudor Jones' hedge fund trimmed its stake in Iris Energy Limited (IREN) after the stock surged by 300%, locking in substantial profits from its AI cloud and GPU services pivot. Despite this profit-taking, IREN's AI narrative remains strong, driven by a significant multi-year contract with Microsoft and ongoing expansion efforts. The article emphasizes that Jones' move appears to be disciplined profit-taking rather than a lack of confidence in IREN's long-term prospects.",https://www.sahmcapital.com/news/content/paul-tudor-jones-trims-iren-after-a-300-run-ai-story-still-intact-2025-12-15,Sahm,Sahm,20251216T120948,NULL,0.347963,Somewhat-Bullish,0.609983,0.349047,Somewhat-Bullish
NVDA,"Squarepoint Ops LLC Grows Position in Amkor Technology, Inc. $AMKR","Squarepoint Ops LLC significantly increased its stake in Amkor Technology (NASDAQ:AMKR) during Q2, purchasing an additional 87,138 shares to own a total of 229,734 shares. This comes amidst notable insider selling by the EVP and CEO in November, though corporate insiders still hold a substantial portion of the company. Amkor recently exceeded quarterly EPS and revenue estimates, issued positive Q4 guidance, and raised its quarterly dividend, while analysts maintain a ""Hold"" rating with an average target price of $29.63.",https://www.marketbeat.com/instant-alerts/filing-squarepoint-ops-llc-grows-position-in-amkor-technology-inc-amkr-2025-12-16/,MarketBeat,MarketBeat,20251216T121004,https://www.marketbeat.com/logos/amkor-technology-inc-logo-1200x675.jpg,0.24551,Somewhat-Bullish,0.620335,0.310337,Somewhat-Bullish
NVDA,Park National Corp OH Has $40.78 Million Position in Deere & Company $DE,"Park National Corp OH increased its stake in Deere & Company by 3.0% to 89,175 shares, valued at $40.78 million, making it their 19th largest holding. Despite Deere missing quarterly EPS expectations, its revenue rose 14.1% year-over-year, and the company announced a quarterly dividend of $1.62. Analysts currently maintain a ""Moderate Buy"" rating with an average price target of $523.70, even though CEO John C. May II recently sold over 11,000 shares worth approximately $5.55 million.",https://www.marketbeat.com/instant-alerts/filing-park-national-corp-oh-has-4078-million-position-in-deere-company-de-2025-12-16/,MarketBeat,MarketBeat,20251216T121517,https://www.marketbeat.com/logos/deere--company-logo-1200x675.jpg?v3,0.175754,Somewhat-Bullish,0.526734,0.191276,Somewhat-Bullish
NVDA,"Park National Corp OH Sells 51,651 Shares of Arista Networks, Inc. $ANET","Park National Corp OH has reduced its stake in Arista Networks (NYSE:ANET) by 13.6% in the third quarter, selling 51,651 shares and now owning 326,963 shares valued at approximately $47.64 million. Despite this sale, Arista Networks remains Park National Corp OH's 11th largest position. Wall Street analysts maintain a ""Moderate Buy"" rating for the stock with an average target price of $164.31, while company insiders have been net sellers, offloading shares worth $38.25 million over the past three months.",https://www.marketbeat.com/instant-alerts/filing-park-national-corp-oh-sells-51651-shares-of-arista-networks-inc-anet-2025-12-16/,MarketBeat,MarketBeat,20251216T124304,https://www.marketbeat.com/logos/arista-networks-inc-logo-1200x675.gif,0.302228,Somewhat-Bullish,0.564083,0.313551,Somewhat-Bullish
NVDA,"Intel Stock News Today (Dec. 16, 2025): SambaNova Deal Buzz, Washington Power Moves, and Wall Street Forecasts for INTC",Intel Corporation,https://ts2.tech/en/intel-stock-news-today-dec-16-2025-sambanova-deal-buzz-washington-power-moves-and-wall-street-forecasts-for-intc/,ts2.tech,ts2.tech,20251216T130815,,0.092429,Neutral,0.621356,0.223867,Somewhat-Bullish
NVDA,Does Rambus (NASDAQ:RMBS) Deserve A Spot On Your Watchlist?,"Rambus (NASDAQ:RMBS) is presented as an attractive investment due to its strong earnings per share growth of 34% annually over the last three years, coupled with rising EBIT margins and revenue. The company also shows good insider alignment with significant shareholdings and reasonable CEO compensation, making it an interesting prospect for investors.",https://simplywall.st/stocks/us/semiconductors/nasdaq-rmbs/rambus/news/does-rambus-nasdaqrmbs-deserve-a-spot-on-your-watchlist,Simply Wall Street,Simply Wall Street,20251216T131139,https://images.simplywall.st/news/33604/hero_medium.jpg,0.341191,Somewhat-Bullish,0.637734,0.297731,Somewhat-Bullish
NVDA,GraniteShares Announces the Launch of Two New YieldBOOST Fund-of-Funds ETFs,"GraniteShares has launched two new YieldBOOST Fund-of-Funds ETFs: YBST and YBTY, to provide diversified and targeted access to its existing suite of single-stock YieldBOOST ETFs. YBST offers broad exposure by allocating across various YieldBOOST ETFs, while YBTY focuses on ETFs with higher option-premium characteristics. These new offerings expand GraniteShares' innovative approach to options-based income strategies within an ETF format.",https://finance.yahoo.com/news/graniteshares-announces-launch-two-yieldboost-130000056.html,Yahoo Finance,Yahoo Finance,20251216T135213,https://s.yimg.com/ny/api/res/1.2/rj0Ta3GGeVAy26gXI.Thag--/YXBwaWQ9aGlnaGxhbmRlcjt3PTIyNDtoPTQ4O2NmPXdlYnA-/https://s.yimg.com/os/creatr-uploaded-images/2025-08/b2b7bbc0-8385-11f0-977e-d9d7d4cd04d2,0.304104,Somewhat-Bullish,0.635904,0.297909,Somewhat-Bullish
NVDA,Fortinet (NASDAQ: FTNT) offloads firewalling to NVIDIA BlueField-3 DPUs for AI,"Fortinet and NVIDIA have partnered to integrate Fortinet's FortiGate VM directly onto NVIDIA BlueField-3 data processing units, aiming to enhance security for AI and private-cloud workloads. This solution offloads firewalling and zero-trust controls from host CPUs, reducing latency and improving isolation. The integration, supported by FortiOS 7.6.3, targets cloud service providers, telco edges, and enterprise private clouds by embedding security directly into the data center fabric.",https://www.stocktitan.net/news/FTNT/fortinet-delivers-isolated-infrastructure-acceleration-for-the-ai-u50dgiahqs2m.html,Stock Titan,Stock Titan,20251216T140236,https://ml.globenewswire.com/media/MWFhZmVkZjEtYTliOC00YTU0LTllZGEtOWVhMzVjZWMwNDZhLTEwMTgyODgtMjAyNS0xMi0xNi1lbg==/tiny/Fortinet-Inc-.png,0.335919,Somewhat-Bullish,0.887671,0.315983,Somewhat-Bullish
NVDA,Fortinet brings FortiGate-VM security to Nvidia BlueField-3 for AI factories,"Fortinet Inc. has integrated its FortiGate-VM virtual cloud firewall to run directly on the Nvidia BlueField-3 DPU, an offering designed for AI factories. This integration embeds networking and isolated infrastructure acceleration, allowing core security functions like firewalling and zero-trust controls to operate on the DPU instead of the host CPU. The solution aims to secure high-performance AI environments without impacting workload speed, improving isolation, reducing latency, and simplifying policy enforcement.",https://siliconangle.com/2025/12/16/fortinet-brings-fortigate-vm-security-nvidia-bluefield-3-ai-factories/,SiliconANGLE,SiliconANGLE,20251216T140236,https://d15shllkswkct0.cloudfront.net/wp-content/blogs.dir/1/files/2024/02/fortinetfrance.png,0.352976,Bullish,0.892700,0.307810,Somewhat-Bullish
NVDA,Adagio Medical Holdings Inc. Stock (ADGM) Opinions on Insider Purchase | ADGM Stock News,"An insider purchase of over 200,000 shares by a top executive at Adagio Medical Holdings Inc. (ADGM) has generated buzz and is seen as a sign of confidence in the company's future, particularly concerning its advancements in cryoablation technology. While institutional investors showed mixed activity in Q3 2025, one analyst firm issued a ""Buy"" rating for ADGM. The article summarizes recent social media discussions, insider trading, hedge fund activity, and analyst ratings for ADGM stock.",https://www.quiverquant.com/news/Adagio+Medical+Holdings+Inc.+Stock+(ADGM)+Opinions+on+Insider+Purchase,Quiver Quantitative,Quiver Quantitative,20251216T140700,https://www.quiverquant.com/images/adgm_rect_new.png,0.125367,Neutral,0.608634,0.029931,Neutral
NVDA,Fortinet Delivers Isolated Infrastructure Acceleration for the AI Factory with NVIDIA,"Fortinet has announced an integrated solution featuring FortiGate VM running directly on the NVIDIA BlueField-3 DPU, enabling isolated infrastructure acceleration for AI factories. This collaboration embeds core security functions like firewalling and segmentation onto the DPU, improving performance, isolation, and simplifying policy enforcement by offloading these tasks from the host CPU. This new approach addresses the high-throughput demands of AI and private cloud environments, ensuring consistent security without impacting critical workloads.",https://finance.yahoo.com/news/fortinet-delivers-isolated-infrastructure-acceleration-140000546.html,Yahoo Finance,Yahoo Finance,20251216T140801,https://s.yimg.com/ny/api/res/1.2/rj0Ta3GGeVAy26gXI.Thag--/YXBwaWQ9aGlnaGxhbmRlcjt3PTIyNDtoPTQ4O2NmPXdlYnA-/https://s.yimg.com/os/creatr-uploaded-images/2025-08/b2b7bbc0-8385-11f0-977e-d9d7d4cd04d2,0.465926,Bullish,0.845105,0.425917,Bullish
NVDA,Fortinet Delivers Isolated Infrastructure Acceleration for the AI Factory with NVIDIA,"Fortinet has partnered with NVIDIA to integrate its FortiGate VM virtual cloud firewall directly onto NVIDIA BlueField-3 DPUs, providing isolated infrastructure acceleration for AI factories. This collaboration offloads core security functions like firewalling and segmentation from the host CPU to the DPU, enhancing performance, isolation, and simplified operations for high-demand AI and private cloud environments. The solution aims to deliver high-speed security without impacting critical GPU workloads, ensuring consistent policy enforcement at scale and reducing latency.",https://www.globenewswire.com/news-release/2025/12/16/3206276/0/en/fortinet-delivers-isolated-infrastructure-acceleration-for-the-ai-factory-with-nvidia.html,GlobeNewswire,GlobeNewswire,20251216T140826,https://ml.globenewswire.com/media/MWFhZmVkZjEtYTliOC00YTU0LTllZGEtOWVhMzVjZWMwNDZhLTEwMTgyODgtMjAyNS0xMi0xNi1lbg==/tiny/Fortinet-Inc-.png,0.429118,Bullish,0.853676,0.429417,Bullish
NVDA,Advance Auto Parts (NYSE:AAP) Given New $56.00 Price Target at Evercore ISI,"Evercore ISI has lowered its price target for Advance Auto Parts (NYSE:AAP) to $56.00 from $58.00, maintaining an ""in-line"" rating and suggesting a potential upside of 23.04%. Despite the company beating Q3 EPS estimates, showing $0.92 vs. $0.74, revenue fell by 5.2% year-over-year, and analysts forecast a negative EPS for the current fiscal year. The consensus rating for AAP is ""Reduce"" with a $51.68 price target, reflecting weak analyst sentiment.",https://www.marketbeat.com/instant-alerts/advance-auto-parts-nyseaap-given-new-5600-price-target-at-evercore-isi-2025-12-16/,MarketBeat,MarketBeat,20251216T140840,https://www.marketbeat.com/logos/advance-auto-parts-inc-logo-1200x675.png?v=20221109082935,0.243704,Somewhat-Bullish,0.541858,0.197730,Somewhat-Bullish
NVDA,V. M. Manning & CO. Inc. Purchases New Shares in NVIDIA Corporation $NVDA,"Investment firm V. M. Manning & CO. Inc. has acquired a significant new position in NVIDIA Corporation (NASDAQ:NVDA) during the second quarter, making it their largest holding. This acquisition of 260,222 shares, valued at approximately $45.4 million, now represents 51.1% of their investment portfolio. The news comes as NVIDIA reported strong Q3 earnings, surpassing analyst expectations with a 62.5% year-over-year revenue increase, despite recent insider share sales.",https://www.marketbeat.com/instant-alerts/filing-v-m-manning-co-inc-purchases-new-shares-in-nvidia-corporation-nvda-2025-12-16/,MarketBeat,MarketBeat,20251216T140845,https://www.marketbeat.com/logos/nvidia-co-logo-1200x675.jpg?v=20221020142916,0.351693,Bullish,1.000000,0.459801,Bullish
NVDA,RadNet: The AI Story That Doesn’t Add Up,"Hunterbrook Media published an investigation concluding that RadNet's AI business is largely a ""sideshow,"" comprising less than 5% of its revenue, primarily through internal sales. The report alleges that the company's reported ""same-center"" revenue growth is artificially inflated by closing nearby centers and shifting patients, and that its financial statements contain inconsistencies and present an overly optimistic view of profitability by excluding stock-based compensation and some R&D costs. These claims suggest that RadNet's stock surge, driven by its AI rebrand, is based on hype rather than fundamental business strength, while insiders are cashing out.",https://hntrbrk.com/radnet/,Hunterbrook,Hunterbrook,20251216T140901,https://hntrbrk.com/wp-content/uploads/2025/12/radnetanimated3.gif,-0.398721,Bearish,0.646618,-0.308109,Somewhat-Bearish
NVDA,3 Reasons to Avoid TREX and 1 Stock to Buy Instead,"This article advises against investing in Trex (TREX) due to several concerns, including slow organic growth, declining free cash flow margins, and a decrease in Return on Invested Capital (ROIC). Despite a recent 35.2% stock drop, the analysis suggests that Trex does not meet quality investment criteria at its current valuation. The author recommends exploring other higher-quality stocks, specifically mentioning a curated list of ""High Quality stocks"" that have shown significant market-beating returns.",https://finviz.com/news/255964/3-reasons-to-avoid-trex-and-1-stock-to-buy-instead,Finviz,Finviz,20251216T140917,https://news-assets.stockstory.org/cover-images/_1400x700_crop_center-center_none/trex-cover-image-407a6e0def0f_2024-06-18-172937_tucr.jpeg,-0.074234,Neutral,0.643698,0.513672,Bullish
NVDA,"Hedge Fund and Insider Trading News: Ken Griffin, Steve Cohen, Michael Burry, Paul Tudor Jones, BlueCrest Capital Management, Mason Capital Management, Strive Inc (ASST), Vistra Corp (VST), and More","This article compiles recent news in the hedge fund and insider trading world, featuring prominent figures like Ken Griffin, Steve Cohen, Michael Burry, and Paul Tudor Jones. It also highlights activities involving firms such as BlueCrest Capital Management and Mason Capital Management, and insider transactions related to Strive Inc (ASST) and Vistra Corp (VST). The report covers various financial news and investment moves by these influential market players.",https://www.insidermonkey.com/blog/hedge-fund-and-insider-trading-news-ken-griffin-steve-cohen-michael-burry-paul-tudor-jones-bluecrest-capital-management-mason-capital-management-strive-inc-asst-vistra-corp-vst-and-more-1661089/,Insider Monkey,Insider Monkey,20251216T142300,https://imonkey-blog.imgix.net/blog/wp-content/uploads/2025/02/11185951/pexels-artempodrez-5716016-768x432.jpg?auto=format&fit=clip&expires=1797379200&width=480&height=270,0.222682,Somewhat-Bullish,0.644296,0.333958,Somewhat-Bullish
NVDA,Global Horizons: Vanguard's VT ETF Emerges as a Cornerstone for Long-Term Investors in 2026,"The article highlights the Vanguard Total World Stock ETF (VT) as a foundational investment for long-term investors looking towards 2026, emphasizing its broad global diversification, low expense ratio, and passive management approach. VT offers exposure to approximately 10,000 securities across developed and emerging markets, providing resilience and growth opportunities amidst a complex global economic landscape. This strategy allows investors to benefit from worldwide growth while mitigating localized risks, aligning with prevalent trends in cost-efficient and diversified investing.",https://markets.financialcontent.com/stocks/article/marketminute-2025-12-16-global-horizons-vanguards-vt-etf-emerges-as-a-cornerstone-for-long-term-investors-in-2026,Markets Financial Content,Markets Financial Content,20251216T144300,https://marketminute.ghost.io/content/images/size/w1200/2025/12/81928060-92f9-4ecd-8b3b-f10f60418537.png,0.386964,Bullish,0.736699,0.416340,Bullish
NVDA,Global Horizons: Vanguard's VT ETF Emerges as a Cornerstone for Long-Term Investors in 2026,"The Vanguard Total World Stock ETF (VT) is highlighted as a foundational investment for long-term investors looking towards 2026, offering comprehensive global equity exposure with broad diversification and a low expense ratio. With its passive approach tracking the FTSE Global All Cap Index, VT aims to capture worldwide growth opportunities and mitigate localized risks. The article details VT's structure, historical performance, and how its strategy benefits from and contributes to current market trends in passive, globally diversified investing.",https://markets.financialcontent.com/wral/article/marketminute-2025-12-16-global-horizons-vanguards-vt-etf-emerges-as-a-cornerstone-for-long-term-investors-in-2026,Markets Financial Content,Markets Financial Content,20251216T144300,https://marketminute.ghost.io/content/images/size/w1200/2025/12/81928060-92f9-4ecd-8b3b-f10f60418537.png,0.354059,Bullish,0.738418,0.331082,Somewhat-Bullish
NVDA,Why Robot ETFs Are Poised to Outperform for the Next 5 Years,"Robot ETFs are positioned to be the next big winners in the stock market, building on the success of AI ETFs but with a focus on physical AI. The AI boom is still in its early stages, with significant growth projected for the physical AI market, driven by advancements in technology and increasing investment from various industries. These ETFs include leading AI stocks and companies producing robots, allowing investors to capitalize on the expansion of physical AI technology.",https://finviz.com/news/255566/why-robot-etfs-are-poised-to-outperform-for-the-next-5-years,Finviz,Finviz,20251216T145500,https://g.foolcdn.com/image/?url=https%3A%2F%2Fg.foolcdn.com%2Feditorial%2Fimages%2F843811%2Fgettyimages-1480116064-1201x800-5b2df79.jpg&w=700,0.373784,Bullish,0.834195,0.469282,Bullish
NVDA,Will ANET's Growing Prowess in AI Networking Continue to Drive Growth?,"Arista Networks (ANET) is experiencing strong market traction in AI networking, driven by its innovative platforms and collaborations with companies like NVIDIA. The company expects significant revenue growth from AI in the coming years, despite increasing competition from Hewlett Packard Enterprise (HPE) and Cisco Systems (CSCO), who are also expanding their AI networking capabilities. Arista's stock has outperformed the industry, and its earnings estimates are rising.",https://www.tradingview.com/news/zacks:de7b7d7f2094b:0-will-anet-s-growing-prowess-in-ai-networking-continue-to-drive-growth/,TradingView — Track All Markets,TradingView — Track All Markets,20251216T150756,,0.297432,Somewhat-Bullish,0.893075,0.330882,Somewhat-Bullish
NVDA,Unassuming Evergy Energy: The AI Boost Your Income Portfolio Needs,"Evergy Energy (NASDAQ: EVRG), an electrical utility serving the Kansas City region, provides an indirect way for income investors to gain exposure to AI due to its critical location amidst numerous hyperscalers. Analysts are bullish on EVRG, citing a significant project backlog and potential for a bullish upgrade cycle in earnings and stock price targets. Despite institutional selling and elevated short interest creating near-term headwinds, the technical outlook suggests a potential uptrend, driven by strong dividend growth and the company's position to eventually become a Dividend Aristocrat.",https://finviz.com/news/255034/unassuming-evergy-energy-the-ai-boost-your-income-portfolio-needs,Finviz,Finviz,20251216T150843,https://www.marketbeat.com/logos/articles/med_20251215124317_unassuming-evergy-energy-the-ai-boost-your-income.png,0.348603,Somewhat-Bullish,0.620298,0.307770,Somewhat-Bullish
NVDA,"Liberty All-Star® Growth Fund, Inc. November 2025 Monthly Update","The Liberty All-Star® Growth Fund, Inc. (ASG) released its November 2025 monthly update, detailing its investment approach with three growth-style managers focused on small-, mid-, and large-cap companies. The report includes top 20 holdings, monthly performance, net assets at month-end, and a sector breakdown, noting a 0.06% monthly performance and 6.87% year-to-date performance. New holdings include Danaher Corp. and Everus Construction Group, Inc., while Dexcom, Inc. and Palantir Technologies, Inc. were liquidated.",https://www.businesswire.com/news/home/20251215118616/en/Liberty-All-Star-Growth-Fund-Inc.-November-2025-Monthly-Update,Business Wire,Business Wire,20251216T150914,https://mms.businesswire.com/media/20251215118616/en/2670921/4/Business_Wire_Logo-_FINAL.jpg,0.109464,Neutral,0.743112,0.130594,Neutral
NVDA,AMD Stock News Today December 16 2025 Helios AI Rack OpenAI Partnership Analyst Forecasts and 2026 Outlook,"Advanced Micro Devices Inc. (NASDAQ: AMD) stock traded near $208 on December 16, 2025, influenced by macro-economic data and AMD's strategic focus on rack-scale AI systems with its Helios platform. The article highlights analyst sentiment, robust price targets for 2026, and the significant OpenAI partnership, which involves a multi-year agreement for AMD GPUs and systems. AMD aims to be seen as a full-stack AI infrastructure provider, supported by partner announcements like HPE, emphasizing its move beyond individual chips to integrated solutions and the importance of its ROCm software stack.",https://ts2.tech/en/amd-stock-news-today-december-16-2025-helios-ai-rack-openai-partnership-analyst-forecasts-and-2026-outlook/,ts2.tech,ts2.tech,20251216T152350,NULL,0.201805,Somewhat-Bullish,0.627633,0.100054,Neutral
NVDA,"This department store stock has outperformed Nvidia, Tesla, Broadcom, and Bitcoin over the last five years",The article from MSN has no content to summarize. It contains only the publisher's name.,https://www.msn.com/en-us/money/topstocks/this-department-store-stock-has-outperformed-nvidia-tesla-broadcom-and-bitcoin-over-the-last-five-years/ar-AA1Ssa90?ocid=finance-verthp-feeds,MSN,MSN,20251216T154013,,-0.07303,Neutral,0.841940,-0.203883,Somewhat-Bearish
NVDA,Why Southwest Airlines' CEO Blocks Time for Productivity,"Bob Jordan, CEO of Southwest Airlines, has implemented a unique productivity strategy by blocking off his afternoons from Wednesday to Friday to focus on high-priority work, arguing that busyness should not be confused with productivity. This approach aims to combat meeting overload, a common issue in the corporate world, allowing him to concentrate on essential CEO tasks. Other prominent CEOs, like NVIDIA's Jensen Huang and JPMorgan Chase's Jamie Dimon, also employ similar strategies to manage meetings and enhance efficiency.",https://businesschief.com/news/why-the-southwest-airlines-ceo-blocks-time-for-productivity,Business Chief,Business Chief,20251216T155321,https://assets.bizclikmedia.net/138/f3232b1eba899dd2140e7b07b08d1639:3e8913ee1c30c2a7757ecc5d0f0eb8cc/1-robert-e-jordan.webp,0.19823,Somewhat-Bullish,0.692135,0.108267,Neutral
NVDA,Why Limbach (LMB) Stock Is Up Today,"Limbach Holdings Inc (LMB) stock rose by 4.7% after its board approved a share repurchase program worth $50.0 million, signaling management's confidence in the company's value. This buyback program, representing about 5.4% of the company's market value, aims to enhance long-term stockholder value by reducing the number of outstanding shares. Despite this positive news, Limbach's shares remain volatile, and the company is down 8.2% year-to-date.",https://finviz.com/news/255640/why-limbach-lmb-stock-is-up-today,Finviz,Finviz,20251216T160000,https://news-assets.stockstory.org/cover-images/_1400x700_crop_center-center_none/limbach-cover-image-a42a252106d9_2024-06-13-144702_uvwn.jpeg,0.009248,Neutral,0.618327,-0.306212,Somewhat-Bearish
NVDA,"Cisco Trades Near 52-Week High: Buy, Sell or Hold the Stock in 2026?","Cisco (CSCO) shares are trading near their 52-week high, driven by an aggressive AI push and growing security dominance, outperforming the broader tech sector and peers. The company projects strong growth in AI infrastructure revenues and overall top-line expansion, supported by increasing networking product orders and strategic partnerships with companies like NVIDIA. Despite strong growth prospects, the stock is considered overvalued with a Zacks Rank #3 (Hold) due to its high valuation and competition, suggesting investors might wait for a better entry point.",https://www.theglobeandmail.com/investing/markets/stocks/ANET/pressreleases/36649044/cisco-trades-near-52-week-high-buy-sell-or-hold-the-stock-in-2026/,The Globe and Mail,The Globe and Mail,20251216T160756,https://staticx-tuner.zacks.com/images/articles/main/57/495.jpg,0.206135,Somewhat-Bullish,0.680736,0.323827,Somewhat-Bullish
NVDA,"Liberty All-Star® Growth Fund, Inc. November 2025 Monthly Update","The Liberty All-Star Growth Fund, Inc. (NYSE: ASG) published its November 2025 monthly update, detailing its investment approach, top 20 holdings, monthly performance, and sector breakdown. The fund employs three growth investment managers focusing on small-, mid-, and large-cap companies. Key holdings include NVIDIA, Apple, and Microsoft, and the report also notes new holdings and liquidated positions, alongside performance metrics for both NAV and market price.",https://aijourn.com/liberty-all-star-growth-fund-inc-november-2025-monthly-update/,The AI Journal,The AI Journal,20251216T160912,https://mms.businesswire.com/media/20251215118616/en/2670921/22/Business_Wire_Logo-_FINAL.jpg,0.264561,Somewhat-Bullish,0.630038,0.322251,Somewhat-Bullish
NVDA,"IREN Limited Stock (NASDAQ: IREN) News Today: Why Shares Are Falling, What Analysts Forecast, and How the Microsoft AI Deal Shapes 2026 (Dec. 16, 2025)","IREN Limited (NASDAQ: IREN) shares fell on December 16, 2025, amid a broader pullback in ""AI infrastructure"" momentum stocks, despite a significant long-term growth outlook driven by its GPU cloud pivot and a multi-billion dollar Microsoft AI agreement. The company, which initially focused on bitcoin mining, is transitioning to an AI cloud and high-performance computing infrastructure provider, though bitcoin mining still generates most of its revenue. Analysts maintain mostly bullish forecasts for IREN, and the recently launched 2x leveraged single-stock ETF may amplify short-term volatility.",https://ts2.tech/en/iren-limited-stock-nasdaq-iren-news-today-why-shares-are-falling-what-analysts-forecast-and-how-the-microsoft-ai-deal-shapes-2026-dec-16-2025/,TechStock²,TechStock²,20251216T164030,https://ts2.tech/wp-content/uploads/2025/12/iren-limited-stock-nasdaq-iren-news-today-why-shares-are-falling-what-analysts-forecast-and-how-the-microsoft-ai-deal-shapes-2026-dec-16-2025-featured-1.jpg,0.113716,Neutral,0.626081,0.203040,Somewhat-Bullish
NVDA,Fortinet Delivers Isolated Infrastructure Acceleration for the AI Factory with NVIDIA,"Fortinet has announced an integrated solution featuring its FortiGate VM virtual cloud firewall running directly on the NVIDIA BlueField-3 DPU, designed to provide isolated infrastructure acceleration for AI factories. This collaboration aims to embed networking and security functions directly into the data center infrastructure, ensuring high performance, stronger isolation, and simpler operations for high-throughput AI and private cloud environments. By offloading firewalling, segmentation, and zero-trust controls to the DPU, the solution helps organizations secure critical workloads without impacting performance.",https://www.manilatimes.net/2025/12/16/tmt-newswire/globenewswire/fortinet-delivers-isolated-infrastructure-acceleration-for-the-ai-factory-with-nvidia/2244493,The Manila Times,The Manila Times,20251216T165624,https://ml.globenewswire.com/media/MWFhZmVkZjEtYTliOC00YTU0LTllZGEtOWVhMzVjZWMwNDZhLTEwMTgyODgtMjAyNS0xMi0xNi1lbg==/tiny/Fortinet-Inc-.png,0.335643,Somewhat-Bullish,0.831236,0.318014,Somewhat-Bullish
NVDA,Why Procter & Gamble stock may be a better pick than AI hyperscalers for 2026,Famed investor Jim Cramer suggests Procter & Gamble (PG) might be a better investment than AI hyperscalers for 2026. He emphasizes PG's strategy of leveraging AI for efficiency and cost-cutting without massive R&D expenditure. Cramer believes this approach offers more consistent returns compared to AI giants facing immense spending and intense competition.,https://www.tradingview.com/news/invezz:11ed609dc094b:0-why-procter-gamble-stock-may-be-a-better-pick-than-ai-hyperscalers-for-2026/,TradingView — Track All Markets,TradingView — Track All Markets,20251216T170845,https://s3.tradingview.com/news/image/invezz:11ed609dc094b-ed93f8085e1829fa34cb6fc6bbcf2ad4-resized.webp,-0.117781,Neutral,0.638489,-0.292616,Somewhat-Bearish
NVDA,1 ETF to Buy and Hold for 2026 and 1 to Avoid,"This article recommends the VanEck Semiconductor ETF (SMH) for long-term growth due to its strong performance and central role in the AI boom, highlighting its concentrated holdings in top chipmakers. Conversely, it advises against the Direxion Daily Junior Gold Miners Index Bear 2X Shares ETF (JDST) due to its high-risk leveraged nature and poor performance, cautioning investors about the dangers of leveraged funds. The piece emphasizes sticking to straightforward, well-performing ETFs.",https://www.theglobeandmail.com/investing/markets/stocks/AVGO/pressreleases/36630647/1-etf-to-buy-and-hold-for-2026-and-1-to-avoid/,The Globe and Mail,The Globe and Mail,20251216T170859,https://barchart-news-media-prod.aws.barchart.com/FC/0e574ed892727ad3ba722088def0f48c/%3Furl%3Dhttps%253a%252f%252fg.foolcdn.com%252feditorial%252fimages%252f843018%252fgettyimages-1434513722-1201x771-84247de.jpg%26amp%3Bw%3D700,0.365597,Bullish,0.717341,0.339307,Somewhat-Bullish
NVDA,Invesco Solar ETF TAN ) Stock Price Today & Analysis,"This article provides an analysis of the Invesco Solar ETF (TAN), including its current stock price, fundamental financials, and an overview of the ETF's investment strategy. It also offers a FAQ section on how to buy TAN stock, minimum investment, dividend information, and market hours via the Gotrade app. The Invesco Solar ETF invests in companies within the solar energy industry based on the MAC Global Solar Energy Index.",https://www.heygotrade.com/en/us-stock/tan/,Gotrade,Gotrade,20251216T170911,https://s3-ap-southeast-1.amazonaws.com/files-tr8/stocks/tan-609ff31b2079a.png,0.262458,Somewhat-Bullish,0.610586,0.343737,Somewhat-Bullish
NVDA,"Amazon Restructures Workforce, Slashes Luxembourg Jobs, Doubles Down On AI - Amazon.com (NASDAQ:AMZN)","Amazon, (NASDAQ: AMZN), is continuing its global workforce restructuring, focusing on cost controls and significant investment in AI and cloud infrastructure. The company plans to lay off 370 employees in Luxembourg, marking the largest job cuts there in two decades, while also streamlining operations amidst reports of broader corporate job reductions. Despite investor concerns about heavy AI spending, Wall Street analysts are growing more optimistic about Amazon's AI strategy, particularly with advancements in autonomous AI agents and custom chips.",https://www.benzinga.com/markets/tech/25/12/49427943/amazon-restructures-workforce-slashes-luxembourg-jobs-while-doubling-down-on-ai,Benzinga,Benzinga,20251216T171207,https://cdn.benzinga.com/files/images/story/2025/07/24/article-header-background-image.png?quality=85&auto=webp&width=1300,0.211679,Somewhat-Bullish,0.616474,0.269771,Somewhat-Bullish
NVDA,ARM Stock Declines 13% in a Year: Should You Buy the Dip?,"ARM Holdings plc shares have dropped 13% over the past year, prompting questions about a potential rebound. Despite the decline, the stock's valuation remains high, trading at 60 times forward 12-month earnings, significantly above the industry average. Analyst opinions suggest a ""Hold"" recommendation due to the company's strong market position and growth prospects, balanced against concerns about its elevated price.",https://finance.yahoo.com/news/arm-stock-declines-13-buy-173900053.html,Yahoo Finance,Yahoo Finance,20251216T173900,https://s.yimg.com/ny/api/res/1.2/zf_1wpp4e4lihErpE5wvzA--/YXBwaWQ9aGlnaGxhbmRlcjt3PTEyNjtoPTQ4O2NmPXdlYnA-/https://s.yimg.com/os/creatr-uploaded-images/2020-11/3bc15d30-250e-11eb-bffb-472fe5eb11fe,0.106144,Neutral,0.639815,0.143016,Neutral
NVDA,Analog Devices (ADI): Valuation Check After Analyst Optimism and Sector-Wide AI Profitability Jitters,"Analog Devices (ADI) is navigating macroeconomic concerns and AI enthusiasm, with its stock performing strongly year-to-date. While a narrative fair value suggests ADI is slightly undervalued, a more skeptical DCF model indicates it might be overvalued. The article discusses analyst expectations for revenue and profit margin growth, as well as potential risks from competition and market changes.",https://simplywall.st/stocks/us/semiconductors/nasdaq-adi/analog-devices/news/analog-devices-adi-valuation-check-after-analyst-optimism-an,Simply Wall Street,Simply Wall Street,20251216T173903,NULL,0.057767,Neutral,0.609573,0.337955,Somewhat-Bullish
NVDA,Analysis: Nvidia Nemotron-3 open models lead to more efficient agentic AI,"Nvidia has launched the Nemotron-3 family of open models, data, and tools, reinforcing its commitment to an open ecosystem for AI development. These models are designed to be highly efficient, accurate, and transparent, specifically addressing enterprise AI challenges such as the need for systems of models, specialization for ""last-mile"" applications, and managing the cost of ""long thinking"" computations. Nemotron-3 utilizes a hybrid Mamba-Transformer MoE architecture, offering improved performance, context length, and is backed by Nvidia's expanded commitment to open-source libraries, high-quality data sets, and enterprise blueprints.",https://siliconangle.com/2025/12/16/analysis-nvidia-nemotron-3-open-models-lead-efficient-agentic-ai/,SiliconANGLE,SiliconANGLE,20251216T180842,https://d15shllkswkct0.cloudfront.net/wp-content/blogs.dir/1/files/2025/12/Nemotron-3-1.png,0.39792,Bullish,1.000000,0.470140,Bullish
NVDA,ARM Stock Declines 13% in a Year: Should You Buy the Dip?,"ARM Holdings plc (ARM) stock has fallen 13% over the past year. Despite this decline, the company maintains a dominant market position through its dual-sided network effect, linking software creators and hardware makers. While ARM exhibits strong earnings and revenue growth prospects, its current valuation remains significantly elevated, leading to a ""Hold"" recommendation from Zacks.",https://www.tradingview.com/news/zacks:77d4888e0094b:0-arm-stock-declines-13-in-a-year-should-you-buy-the-dip/,TradingView — Track All Markets,TradingView — Track All Markets,20251216T180939,https://s3.tradingview.com/news/image/zacks:77d4888e0094b-58ed943a5d6f3f9a6611d82248e641b1-resized.webp,0.111826,Neutral,0.619567,0.123822,Neutral
NVDA,"Amkor Technology (AMKR) Stock Drops on Dec. 16, 2025: Latest News, Forecasts, and What Investors Are Watching","Amkor Technology (AMKR) shares dropped sharply on December 16, 2025, amidst a broader ""risk-off"" tech market, despite strong underlying trends in advanced packaging driven by AI and U.S. manufacturing expansion. The stock's recent run-up and a cautious macro outlook contributed to profit-taking, even as Q3 2025 results showed record revenue momentum and a dividend increase. Investors are watching the upcoming CEO transition and the next earnings report, balancing the strategic importance of packaging against potential headwinds from a softer smartphone market and margin pressures.",https://ts2.tech/en/amkor-technology-amkr-stock-drops-on-dec-16-2025-latest-news-forecasts-and-what-investors-are-watching/,ts2.tech,ts2.tech,20251216T181004,NULL,0.130275,Neutral,0.803134,0.302004,Somewhat-Bullish
NVDA,Form 424B2 BANK OF NOVA SCOTIA,"This SEC filing (Form 424B2) from Bank of Nova Scotia details a new Senior Note Program, Series A Equity Linked Securities. These market-linked securities, due December 20, 2028, are auto-callable with a contingent coupon featuring a memory feature and contingent downside principal at risk, linked to the lowest performing of Broadcom Inc. (AVGO), Alphabet Inc. (GOOGL), NVIDIA Corporation (NVDA), and Shopify Inc. (SHOP) common stocks. The securities offer a 14.75% per annum contingent coupon rate but expose investors to significant principal loss if the lowest performing underlying stock falls below its downside threshold.",https://www.streetinsider.com/SEC+Filings/Form+424B2+BANK+OF+NOVA+SCOTIA/25745934.html,StreetInsider,StreetInsider,20251216T181009,NULL,0.137725,Neutral,0.820883,0.128935,Neutral
NVDA,Hubbell Inc. (HUBB) Stock Price Today & Analysis,"This article provides an analysis of Hubbell Inc. (HUBB) stock, including its current price, fundamental financials, and corporate information. It also offers a guide on how to buy HUBB stock through the Gotrade app, details the minimum investment, dividend policy, and safety of trading on the platform. The piece gives general advice on evaluating if a stock is expensive or cheap and lists related news and other stocks in the same industry.",https://www.heygotrade.com/en/us-stock/hubb/,Gotrade,Gotrade,20251216T183752,,0.229475,Somewhat-Bullish,0.617432,0.313578,Somewhat-Bullish
NVDA,Will MarketAxess’ Expanded Buyback and Growth Targets Reshape MarketAxess Holdings' (MKTX) Narrative?,"MarketAxess Holdings Inc. announced an expanded share repurchase program of up to US$400 million, increasing total buyback capacity to US$505 million, along with new medium-term revenue growth targets for 2026–2028. This move signals management's confidence in the company's long-term business model and capital allocation. The article explores how this expanded buyback and growth outlook might influence MarketAxess’s investment narrative and future earnings, alongside the ongoing challenges of competition and fee compression in electronic bond trading.",https://simplywall.st/stocks/us/diversified-financials/nasdaq-mktx/marketaxess-holdings/news/will-marketaxess-expanded-buyback-and-growth-targets-reshape,Simply Wall Street,Simply Wall Street,20251216T190819,NULL,0.140439,Neutral,0.618895,0.371151,Bullish
NVDA,"SoFi Stock (SOFI) News Today: $1.5B Share Offering Fallout, Analyst Targets, and 2026 Forecasts (Dec. 16, 2025)","SoFi Technologies, Inc. (NASDAQ: SOFI) is navigating volatility following a $1.5 billion share offering, which has sparked dilution debates despite the company's improved profitability narrative and aggressive product rollouts. Analyst targets are mixed, generally clustering in the mid-to-high $20s with a ""Hold/Neutral"" consensus, reflecting a tug-of-war between strong fundamentals and renewed dilution concerns. Investors are now closely watching how the additional capital will be deployed and SoFi's execution on platform expansion into 2026.",https://ts2.tech/en/sofi-stock-sofi-news-today-1-5b-share-offering-fallout-analyst-targets-and-2026-forecasts-dec-16-2025/,ts2.tech,ts2.tech,20251216T190932,NULL,0.112079,Neutral,0.559701,0.142993,Neutral
NVDA,Why Sezzle Stock Crushed it Today,"Sezzle's stock surged over 10% after its board authorized an additional $100 million in share repurchases, effectively doubling its previous program. This move, echoing prior increases in buyback initiatives, signals the company's strong financial health and confidence in its business strategy. While buybacks are positive, the author emphasizes that fundamental company performance remains the most crucial factor for investment decisions.",https://finviz.com/news/255794/why-sezzle-stock-crushed-it-today,Finviz,Finviz,20251216T195600,https://g.foolcdn.com/image/?url=https%3A%2F%2Fg.foolcdn.com%2Feditorial%2Fimages%2F847620%2Fperson-in-car-smiling-while-gazing-at-a-smartphone.jpg&w=700,0.366725,Bullish,0.572137,0.330527,Somewhat-Bullish
NVDA,Amgen (AMGN) Price Target Trimmed at Morgan Stanley as Policy Risks Ease,"Morgan Stanley trimmed its price target for Amgen (AMGN) from $329 to $304, maintaining an Equal Weight rating, citing easing policy risks for the biopharma industry in 2026. This comes after Amgen announced a 6% increase in its quarterly dividend, marking 15 consecutive years of increases, and reported strong Q3 2025 results with a 12% revenue jump and 14% volume growth. The company is also expanding in its main therapeutic areas and investing heavily in US manufacturing.",https://www.insidermonkey.com/blog/amgen-amgn-price-target-trimmed-at-morgan-stanley-as-policy-risks-ease-1661066/,Insider Monkey,Insider Monkey,20251216T200823,https://imonkey-blog.imgix.net/blog/wp-content/uploads/2023/09/22104505/AMGN-insidermonkey-1695393902043.jpg?auto=format&fit=clip&expires=1797379200&width=480&height=269,0.146799,Neutral,0.613016,0.104118,Neutral
NVDA,"Synopsys (SNPS) Stock News Today (Dec. 16, 2025): Fresh Analyst Forecasts, JPMorgan “Top Picks” Call, and What Q4 Results Signal for 2026","Synopsys (SNPS) stock is experiencing renewed investor focus due to new Wall Street price-target updates, a ""top picks"" designation from JPMorgan, and legal notices regarding a class action lawsuit. Investors are balancing the post-earnings reset, including the Ansys acquisition and IP business performance, against strategic tailwinds like AI infrastructure demand and a deepened partnership with Nvidia. Analyst forecasts are generally constructive, with consensus price targets clustering in the mid-$500s, reflecting both optimism about Synopsys' strategic positioning and caution regarding IP growth, geopolitical risks, and integration execution.",https://ts2.tech/en/synopsys-snps-stock-news-today-dec-16-2025-fresh-analyst-forecasts-jpmorgan-top-picks-call-and-what-q4-results-signal-for-2026/,ts2.tech,ts2.tech,20251216T200843,NULL,0.251526,Somewhat-Bullish,0.612370,0.309609,Somewhat-Bullish
NVDA,AlphaTON Capital invests in Alpha Liquid Terminal to expand AI capabilities By Investing.com,"AlphaTON Capital (NASDAQ:ATON) has made a strategic investment in Alpha Liquid Terminal (ALTX.finance) to develop a vertically integrated financial platform. This initiative aims to deploy AI-powered trading and analyst capabilities to Telegram's large user base via its Mini App system, leveraging AlphaTON's GPU compute capacity in Scandinavia. The platform will offer access to tokenized financial products and features AI tools like ChatAnalyst and autonomous trading agents.",https://www.investing.com/news/company-news/alphaton-capital-invests-in-alpha-liquid-terminal-to-expand-ai-capabilities-93CH-4411272,Investing.com,Investing.com,20251216T200906,https://i-invdn-com.investing.com/news/World_News_9_800x533_L_1420026261.jpg,0.384228,Bullish,0.604277,0.348207,Somewhat-Bullish
NVDA,Why JELD-WEN (JELD) Stock Is Up Today,"Shares of JELD-WEN (JELD) rose after an analyst at Jefferies increased the stock's price target from $2.25 to $2.60, indicating a more optimistic outlook on the company's valuation. This upward revision, even without a rating change, was seen as a positive signal by investors. Despite the positive news, the stock remains significantly down year-to-date and from its 52-week high, highlighting its volatility.",https://finviz.com/news/255502/why-jeld-wen-jeld-stock-is-up-today,Finviz,Finviz,20251216T201024,https://news-assets.stockstory.org/cover-images/_1400x700_crop_center-center_none/jeld-wen-cover-image-aab0a38302d6_2024-06-06-173503_ouhv.jpeg,0.34511,Somewhat-Bullish,0.604307,0.528362,Bullish
NVDA,International Equity ETF Schwab (SCHF) Stock Price Today & Analysis,"This article provides an analysis of the International Equity ETF Schwab (SCHF), highlighting its objective to track the FTSE Developed ex US Index for broad international market exposure. It details fundamental financials such as market cap, dividend yield, and average volume, while also offering guidance on how to buy SCHF shares through the Gotrade app, including information on fractional shares and trading hours.",https://www.heygotrade.com/en/us-stock/schf/,Gotrade,Gotrade,20251216T204011,https://s3-ap-southeast-1.amazonaws.com/files-tr8/stocks/schf-68a54af4cf31f.png,0.34432,Somewhat-Bullish,0.624664,0.383362,Bullish
NVDA,Is EverCommerce (EVCM) Quietly Rewriting Its Investment Story With AI Bets and Buybacks?,"EverCommerce has been actively reshaping its business through strategic moves like divesting EverConnect, acquiring AI-powered ZyraTalk, and expanding its share repurchase program into 2026. These actions, coupled with debt refinancing, aim to enhance financial flexibility and focus on higher-margin, AI-driven vertical SaaS. The company's future investment narrative will largely depend on its ability to execute on revenue growth and product innovation within its evolving portfolio.",https://simplywall.st/stocks/us/software/nasdaq-evcm/evercommerce/news/is-evercommerce-evcm-quietly-rewriting-its-investment-story/amp,Simply Wall Street,Simply Wall Street,20251216T211005,NULL,0.131049,Neutral,0.643201,0.001858,Neutral
NVDA,"China Universal Asset Management Co. Ltd. Sells 76,302 Shares of Amarin Corporation PLC $AMRN","China Universal Asset Management Co. Ltd. significantly reduced its stake in Amarin Corporation PLC, selling 76,302 shares, which represents a 95.0% cut in their position. Despite this sale, other institutional investors like Acadian Asset Management and Stonepine Capital Management increased their holdings in Amarin. The biopharmaceutical company's stock currently trades around $14.14, with a market capitalization of $293.97 million and an average analyst rating of ""Sell.""",https://www.marketbeat.com/instant-alerts/filing-china-universal-asset-management-co-ltd-sells-76302-shares-of-amarin-corporation-plc-amrn-2025-12-16/,MarketBeat,MarketBeat,20251216T220849,https://www.marketbeat.com/logos/amarin-co-plc-logo-1200x675.jpg,-0.063232,Neutral,0.572468,0.023037,Neutral
NVDA,SP FUNDS S&P 500 SHARIA INDUSTRY EXCLUSIONS ETF SPUS ) Stock Price Today & Analysis,"This article provides an analysis of the SP FUNDS S&P 500 SHARIA INDUSTRY EXCLUSIONS ETF (SPUS), including its financial fundamentals, dividend information, and how to buy its stock on the Gotrade platform. SPUS tracks the S&P 500 Sharia Industry Exclusions Index, investing in approximately 200 Sharia-compliant S&P 500 companies. The article also covers FAQs about investing in SPUS through Gotrade, such as minimum investment, dividend policy, safety, market hours, and valuation methods.",https://www.heygotrade.com/en/us-stock/spus/,Gotrade,Gotrade,20251216T220858,https://s3-ap-southeast-1.amazonaws.com/files-tr8/stocks/spus-687a2bd845c53.png,0.200024,Somewhat-Bullish,0.648697,0.310000,Somewhat-Bullish
NVDA,VIDEO: ETF of the Week: GFLW,"In this ""ETF of the Week"" podcast episode, VettaFi's Head of Research, Todd Rosenbluth, discusses the VictoryShares Free Cash Flow Growth ETF (GFLW) with Chuck Jaffe of Money Life. They explore why GFLW, which focuses on quality growth companies with strong free cash flow, is outperforming traditional growth benchmarks. The conversation also covers GFLW's approach to diversification, its expense ratio, and its potential role as a strategic long-term holding or a tactical complement to existing portfolios.",https://www.etftrends.com/video-etf-of-the-week-gflw/,ETF Trends,ETF Trends,20251216T221005,https://www.etftrends.com/wp-content/uploads/2024/02/EOTW_Header_WOName.png,0.286435,Somewhat-Bullish,0.640397,0.114548,Neutral
NVDA,First Trust Nasdaq Semiconductor ETF FTXL ) Stock Price Today & Analysis,"This article provides an analysis of the First Trust Nasdaq Semiconductor ETF (FTXL), detailing its investment objective to track the Nasdaq US Smart Semiconductor Index. It includes fundamental financial data such as market cap, dividend yield, and average volume, along with FAQs on how to buy the stock, minimum investment, and dividend policy through the Gotrade app. The piece also briefly touches upon market hours and methods to evaluate if FTXL is expensive or cheap.",https://www.heygotrade.com/en/us-stock/ftxl/,Gotrade,Gotrade,20251216T223924,https://s3-ap-southeast-1.amazonaws.com/files-tr8/stocks/ftxl-614a94f023d17.png,0.334529,Somewhat-Bullish,0.610961,0.319616,Somewhat-Bullish
NVDA,3 Reasons to Sell TER and 1 Stock to Buy Instead,"Despite a significant stock price increase for Teradyne (TER) over the past six months, analysts suggest caution due to declining revenue, shrinking operating margins, and decreasing EPS. The company does not pass their quality test, and they recommend investing in superior stocks, especially within the semiconductor industry, noting a ""favorite semiconductor picks and shovels play"" and a list of ""Top 5 Strong Momentum Stocks.""",https://finviz.com/news/256029/3-reasons-to-sell-ter-and-1-stock-to-buy-instead,Finviz,Finviz,20251216T230400,https://news-assets.stockstory.org/cover-images/_1400x700_crop_center-center_none/teradyne-cover-image-129b1720eaf5_2023-01-27-134703_ifsi.jpeg,0.007363,Neutral,0.626870,0.741449,Bullish
NVDA,3 Reasons to Sell SIGI and 1 Stock to Buy Instead,"This article advises selling Selective Insurance Group (SIGI) due to its recent underperformance compared to the S&P 500, weak EPS growth, and modest BVPS growth. Despite a reasonable valuation, the authors suggest there are ""superior stocks to buy right now."" The article recommends their curated list of ""Top 9 Market-Beating Stocks"" as alternatives.",https://markets.financialcontent.com/wral/article/stockstory-2025-12-17-3-reasons-to-sell-sigi-and-1-stock-to-buy-instead,Markets Financial Content,Markets Financial Content,20251216T230500,https://news-assets.stockstory.org/cover-images/_1400x700_crop_center-center_none/selective-insurance-group-cover-image-3990f31a8ab4_2025-06-24-173813_kfas.jpeg,0.247881,Somewhat-Bullish,0.631636,0.709014,Bullish
NVDA,7 Stocks to Buy and Hold Forever,"Eric Fry identifies seven ""Forever Stocks"" that investors should consider as core holdings, representing 25% to 35% of their total portfolio. These stocks, including Teradyne, Block, Corning, Equinor, PayPal, Bristol-Myers Squibb, and Royalty Pharma, are highlighted for their long-term growth potential and strategic positioning in various industries despite short-term market fluctuations. The article delves into each company's unique advantages, such as Teradyne's robotics segment, Block's financial ecosystem, Corning's role in the AI boom, Equinor's energy position, PayPal's digital payment innovations, Bristol-Myers' pharmaceutical pipeline, and Royalty Pharma's royalty-based business model.",https://investorplace.com/smartmoney/7-stocks-to-buy-and-hold-forever-3/,InvestorPlace,InvestorPlace,20251216T230906,https://investorplace.com/wp-content/uploads/userphoto/25414.jpg?20250721,0.647728,Bullish,0.651392,0.609071,Bullish
NVDA,1 Safe-and-Steady Stock to Consider Right Now and 2 We Turn Down,"This article identifies one ""safe-and-steady"" stock, Abbott Laboratories (ABT), as a potential winner due to its strong market position, share repurchases, and free cash flow. Conversely, it advises against investing in Edgewell Personal Care (EPC) and First American Financial (FAF) due to underperforming core businesses, increased expenses, and slow growth. The analysis highlights key financial metrics and industry challenges for each company.",https://markets.financialcontent.com/wral/article/stockstory-2025-12-17-1-safe-and-steady-stock-to-consider-right-now-and-2-we-turn-down,Markets Financial Content,Markets Financial Content,20251216T233200,NULL,0.297622,Somewhat-Bullish,0.633876,0.622617,Bullish
NVDA,1 of Wall Street's Favorite Stock with Solid Fundamentals and 2 We Ignore,"This article analyzes three stocks, highlighting one with strong fundamentals and two that may be overvalued despite Wall Street's bullish outlook. Mirion Technologies (MIR) is identified as a stock to watch due to its outstanding revenue growth and expanding operating margin. Conversely, Columbus McKinnon (CMCO) and Kemper (KMPR) are flagged as potential sells due to stagnant sales, declining profitability, and adverse sector trends.",https://finviz.com/news/255900/1-of-wall-streets-favorite-stock-with-solid-fundamentals-and-2-we-ignore,Finviz,Finviz,20251216T233300,https://news-assets.stockstory.org/cover-images/_1400x700_crop_center-center_none/mirion-technologies-cover-image-a40c5b9834da_2025-02-27-162019_fqfz.jpeg,-0.128597,Neutral,0.643321,0.346769,Somewhat-Bullish
NVDA,2 Healthcare Stocks on Our Watchlist and 1 We Brush Off,"This article evaluates three healthcare stocks, recommending two for investors' watchlists and one to avoid. Surgery Partners (SGRY) is identified as a stock to sell due to disappointing sales, low free cash flow, and high debt. ResMed (RMD) and Inspire Medical Systems (INSP) are highlighted as strong contenders because of their consistent growth, profitability, and increasing free cash flow margins.",https://markets.financialcontent.com/wral/article/stockstory-2025-12-17-2-healthcare-stocks-on-our-watchlist-and-1-we-brush-off,Markets Financial Content,Markets Financial Content,20251216T233500,https://news-assets.stockstory.org/cover-images/_1400x700_crop_center-center_none/resmed-cover-image-0881b22e7110_2025-01-31-203120_cflt.jpeg,0.182191,Somewhat-Bullish,0.617077,0.346367,Somewhat-Bullish
NVDA,Factoring in Earnings-Call Sentiment in Real Time,"This article examines how earnings-call sentiment, particularly around Q3 2025 U.S. earnings season and NVIDIA's performance, impacted equity markets. It highlights the use of MSCI's USA EFM Trading Model and Real-Time Factor Returns dataset to capture rapid shifts in market sentiment and intraday volatility. The analysis reveals how initial positive reactions to earnings can quickly evaporate, leading to significant factor rotation.",https://www.msci.com/research-and-insights/quick-take/factoring-in-earnings-call-sentiment-in-real-time,MSCI,MSCI,20251217T002620,https://www.msci.com/assets/web/msci-com/research-and-insights/quick-take/factoring-in-earnings-call-sentiment-in-real-time/1600px-Exhibit 1-Desktop.svg,0.073798,Neutral,0.838331,-0.147159,Neutral
NVDA,Prediction: Nvidia Will Become a $15 Trillion Company in 2030,"This article predicts that Nvidia (NASDAQ: NVDA) could reach a market capitalization of $15 trillion by 2030, which is more than a threefold increase from its current valuation. While this projection is aggressive, it is considered realistic due to the expected 29% compound annual growth rate in the AI chip market. The author suggests that despite potential slowing growth, increased competition, and valuation compressions, Nvidia's dominance in AI accelerators makes a $15 trillion valuation achievable and potentially conservative.",https://www.theglobeandmail.com/investing/markets/stocks/NVDA-Q/pressreleases/36658216/prediction-nvidia-will-become-a-15-trillion-company-in-2030/,The Globe and Mail,The Globe and Mail,20251217T003824,https://barchart-news-media-prod.aws.barchart.com/FC/fcd5ef4239d61e0f81c60efafb526723/%3Furl%3Dhttps%253a%252f%252fg.foolcdn.com%252feditorial%252fimages%252f846518%252fnvidia-data-center-with-nvidia-units-installed-showing-nvidialogo.png%26amp%3Bw%3D700,0.312421,Somewhat-Bullish,1.000000,0.427782,Bullish
NVDA,5 Investing Surprises From 2025,"The year 2025 presented several investment surprises, reaffirming that ""staying the course"" often leads to prosperity. Despite significant volatility and dramatic swings between risk-on and risk-off sentiments, major asset classes like US stocks, international stocks, bonds, and gold delivered strong performances. The article highlights five specific unexpected trends, including double-digit stock gains, continued small-cap underperformance, international equity outperformance, effective bond diversification, and a glittering year for gold.",https://www.morningstar.com/stocks/5-investing-surprises-2025,Morningstar,Morningstar,20251217T010927,https://www.morningstar.com/assets/img/morningstar.d826858.svg,0.371172,Bullish,0.832354,0.427836,Bullish
NVDA,Galaxy Digital (TSX:GLXY): Assessing Valuation After a Sharp Pullback in the Share Price,"Galaxy Digital (TSX:GLXY) has experienced a significant pullback in its share price recently, dropping 17% in the past week and 26% in three months, despite its year-to-date gains remaining above 30%. The company is considered undervalued by its narrative fair value of $47.82, attributed to anticipated high-margin cash flows from digital asset infrastructure and data center developments starting in 2026. However, its current P/E ratio of 39.2x is significantly higher than industry averages, suggesting potential downside risk if investor expectations normalize.",https://simplywall.st/stocks/us/diversified-financials/nasdaq-glxy/galaxy-digital/news/galaxy-digital-tsxglxy-assessing-valuation-after-a-sharp-pul,Simply Wall Street,Simply Wall Street,20251217T020938,,0.15587,Somewhat-Bullish,0.607448,0.436252,Bullish
NVDA,Is Western Digital’s Nasdaq 100 Inclusion Reframing The AI Storage Investment Case For WDC?,"Western Digital's inclusion in the Nasdaq 100 highlights its growing role in large-cap technology, particularly due to its focus on hard disk drives, AI-driven data center demand, and expansion into quantum computing. The company's investment narrative is tied to AI-driven data growth and HDD adoption, requiring an offsetting of risks like customer concentration and technology transitions. While enthusiasm is high, significant reliance on a few hyperscale customers for revenue poses a notable risk.",https://simplywall.st/stocks/us/tech/nasdaq-wdc/western-digital/news/is-western-digitals-nasdaq-100-inclusion-reframing-the-ai-st,Simply Wall Street,Simply Wall Street,20251217T024452,NULL,0.266842,Somewhat-Bullish,0.612803,0.422398,Bullish
NVDA,3 Reasons to Avoid COLB and 1 Stock to Buy Instead,"This article advises investors to avoid Columbia Banking System (COLB) despite its recent stock performance. The author cites lackluster revenue growth, barely growing EPS, and a fair but unexciting valuation as key reasons. Instead, the article promotes exploring other growth stocks, particularly in software and edge computing, that StockStory analysts recommend.",https://finviz.com/news/256610/3-reasons-to-avoid-colb-and-1-stock-to-buy-instead,Finviz,Finviz,20251217T031050,https://news-assets.stockstory.org/cover-images/_1400x700_crop_center-center_none/columbia-banking-system-cover-image-e8cf87db9daf_2025-06-09-180227_ytvo.jpeg,0.021069,Neutral,0.602815,0.389074,Bullish
NVDA,Nextracker (NXT) Stock Falls on Jefferies Downgrade to Hold | 2025 Market Update - News and Statistics,"Shares of solar tracker company Nextracker (NXT) fell 2.3% following a downgrade from Jefferies Financial Group from ""strong-buy"" to ""hold"". This negative news was compounded by Nextracker's Chief Accounting Officer selling 33,725 shares worth $2.97 million, and broader weakness in the solar sector. Despite the recent drop, Nextracker is up 117% year-to-date, though it remains 23.3% below its 52-week high from November 2025.",https://www.indexbox.io/blog/nextracker-stock-drops-23-after-downgrade-insider-sale/,IndexBox,IndexBox,20251217T035242,,-0.495888,Bearish,0.616069,-0.320696,Somewhat-Bearish
NVDA,Fortinet Delivers Isolated Infrastructure Acceleration for the AI Factory with NVIDIA,"Fortinet has announced an integrated solution featuring FortiGate VM running directly on the NVIDIA BlueField-3 DPU, embedding networking and isolated infrastructure acceleration into the AI Factory. This collaboration allows core security functions like firewalling, segmentation, and zero-trust controls to run on BlueField, improving isolation, reducing latency, and simplifying policy enforcement for high-performance private cloud and AI environments. The solution aims to secure AI-scale traffic without impacting GPU workloads and provides benefits such as zero-impact high-performance security, zero-trust segmentation, simplified private-cloud integration, and scalable multitenant architectures.",https://www.globenewswire.com/news-release/2025/12/16/3206276/0/en/Fortinet-Delivers-Isolated-Infrastructure-Acceleration-for-the-AI-Factory-with-NVIDIA.html,GlobeNewswire,GlobeNewswire,20251217T040805,https://ml.globenewswire.com/media/MWFhZmVkZjEtYTliOC00YTU0LTllZGEtOWVhMzVjZWMwNDZhLTEwMTgyODgtMjAyNS0xMi0xNi1lbg==/tiny/Fortinet-Inc-.png,0.364349,Bullish,0.851880,0.437189,Bullish
NVDA,"Buy the dip on Core Scientific as 2026 approaches, says Citizens","Citizens has upgraded Core Scientific to market outperform, setting a $30 price target that suggests a 121% upside. The investment firm believes Core Scientific can secure additional high-performance computing (HPC) lease agreements beyond CoreWeave, leveraging its power pipeline amidst industry power constraints. Despite a failed merger with CoreWeave, Citizens notes that subsequent deals indicate favorable terms for data center capacity suppliers, underscoring Core Scientific's undervalued position.",https://www.cnbc.com/2025/12/18/buy-the-dip-on-core-scientific-as-2026-approaches-says-citizens.html,CNBC,CNBC,20251217T040948,https://image.cnbcfm.com/api/v1/image/108212965-1760623103211-IMG_9412-2.jpg?v=1760623110&w=60&h=60&ffmt=webp,0.340724,Somewhat-Bullish,0.606935,0.210132,Somewhat-Bullish
NVDA,"Hycroft Mining director Wieshofer sells $51,575 in stock","Hycroft Mining Holding Corp director Marni Wieshofer sold 3,859 shares of Class A Common Stock for a total of $51,575 on December 12, 2025. Following this transaction, Wieshofer directly owns 70,125 shares, including unvested RSUs. The company has also announced significant silver grades at its Vortex zone, eliminated all debt, and raised substantial capital through a public offering.",https://www.investing.com/news/insider-trading-news/hycroft-mining-director-wieshofer-sells-51575-in-stock-93CH-4409534,Investing.com,Investing.com,20251217T040953,https://i-invdn-com.investing.com/news/World_News_10_800x533_L_1420026292.jpg,0.184561,Somewhat-Bullish,0.541744,0.318977,Somewhat-Bullish
NVDA,Ingram Micro Holding (INGM): Valuation Check After Dual 2025 AWS Global Distributor Partner Awards,"Ingram Micro Holding (INGM) recently secured two 2025 AWS Partner Awards, including Global Distributor Partner of the Year, highlighting its cloud ecosystem strength. Despite a stock dip, the $21.84 share price is seen as attractively valued with a P/E of 17.7x, suggesting undervaluation compared to its potential and industry peers. A DCF model further supports this, indicating the stock could be trading 41.6% below its fair value, driven by AWS momentum and future growth prospects.",https://simplywall.st/stocks/us/tech/nyse-ingm/ingram-micro-holding/news/ingram-micro-holding-ingm-valuation-check-after-dual-2025-aw,Simply Wall Street,Simply Wall Street,20251217T041117,,0.188005,Somewhat-Bullish,0.568956,0.107133,Neutral
NVDA,Amazon to invest $10B in OpenAI and provide chips for ChatGPT maker: report,"OpenAI is reportedly in discussions with Amazon for a $10 billion investment, which could also involve OpenAI adopting Amazon’s in-house Trainium chips. This potential deal would value OpenAI at over $500 billion, deepening ties between the ChatGPT maker and Amazon. It also signifies Amazon's strategy to challenge Nvidia's dominance in AI chips and AWS's efforts to attract more AI developers amidst fierce competition.",https://www.tradingview.com/news/invezz:e69f9425c094b:0-amazon-to-invest-10b-in-openai-and-provide-chips-for-chatgpt-maker-report/,TradingView — Track All Markets,TradingView — Track All Markets,20251217T050845,https://s3.tradingview.com/news/image/invezz:e69f9425c094b-b965d2089d1c852a1f11f9186085fcdb-resized.webp,0.097573,Neutral,0.835930,0.085429,Neutral
NVDA,"Jim Cramer Says Corning (GLW) Is the ""One I Would Suggest to Start With""","Jim Cramer recommends Corning (GLW) as a stock to consider, highlighting its role in the data center business due to its optical fiber technology which can displace copper wiring. He notes the company's innovation in glassmaking, including its cover glass for Apple products, and its potential to solve heat problems in data centers. Cramer suggests starting small with GLW, anticipating potential market rotations.",https://finviz.com/news/256497/jim-cramer-says-corning-glw-is-the-one-i-would-suggest-to-start-with,Finviz,Finviz,20251217T060825,https://d2gr5kl7dt2z3t.cloudfront.net/blog/wp-content/uploads/2016/05/16015432/glass-255281_1280.jpg,0.3035,Somewhat-Bullish,0.611422,0.257738,Somewhat-Bullish
NVDA,The Developed Markets Mandate: Analyzing the iShares MSCI World ETF’s 2025 Trajectory,"The iShares MSCI World ETF (URTH) saw a strong 20.5% return in 2025, driven by U.S. tech and AI, but its exclusion of emerging markets led to potential underperformance during a late-year emerging market rally. The fund is highly concentrated in U.S. mega-cap technology stocks, with the U.S. dominating its geographical allocation. Investors are now evaluating whether the AI-driven advantage of developed nations will maintain its dominance over the recent strength in emerging markets.",https://www.ad-hoc-news.de/boerse/news/ueberblick/the-developed-markets-mandate-analyzing-the-ishares-msci-world-etf-s/68423513,AD HOC NEWS,AD HOC NEWS,20251217T060900,https://boerse-global.de,0.265109,Somewhat-Bullish,0.883491,0.320574,Somewhat-Bullish
NVDA,"Morning brief: Amazon to invest in OpenAI, Silver hits all time high","Global markets opened mixed with technology dealmaking discussions between Amazon and OpenAI, uneven economic signals, and sharp moves in commodities. Amazon is in early-stage talks to potentially invest $10 billion or more in OpenAI, which could deepen ties between the companies and challenge Nvidia's dominance in AI chips. Meanwhile, silver surged to an all-time high amidst expectations of further rate cuts and a softening US labor market, while Asian equities saw gains supported by strong IPO activity in China.",https://www.tradingview.com/news/invezz:83ec0fa1c094b:0-morning-brief-amazon-to-invest-in-openai-silver-hits-all-time-high/,TradingView — Track All Markets,TradingView — Track All Markets,20251217T061045,https://s3.tradingview.com/news/image/invezz:83ec0fa1c094b-a34b237b9ca576475dcfbb1863a6645b-resized.webp,0.302686,Somewhat-Bullish,0.614344,0.331550,Somewhat-Bullish
NVDA,NACCO Industries amends retirement plan and ends consulting agreement with Rankin,"NACCO Industries (NYSE:NC) has announced significant changes to its executive compensation and consulting agreements. The company amended its Excess Retirement Plan to allow separate deferral elections and terminated its consulting agreement with Alfred M. Rankin, Jr. These moves follow a strong year for NACCO Industries, marked by a 70% stock surge and recent financial developments including increased revenue, a new stock repurchase program, and dual stock listing.",https://www.investing.com/news/sec-filings/nacco-industries-amends-retirement-plan-and-ends-consulting-agreement-with-rankin-93CH-4410383,Investing.com,Investing.com,20251217T070956,https://i-invdn-com.investing.com/news/news_pile_69x52._800x533_L_1419494209.jpg,0.082165,Neutral,0.630166,0.036782,Neutral
NVDA,Should Nvidia Worry About AMD and Google Breathing Down Its Neck in 2026?,"While Nvidia currently dominates the AI chip market, competitors like AMD and Google (with its TPUs) are making significant inroads. AMD has ambitious growth plans, securing deals with OpenAI and Oracle, while Google's TPUs are being adopted by major players like Apple, Anthropic, and potentially Meta Platforms. Despite this increased competition, the article suggests that the AI chip market is large enough for multiple winners, and Nvidia is likely to maintain its leadership for the foreseeable future.",https://finviz.com/news/255834/should-nvidia-worry-about-amd-and-google-breathing-down-its-neck-in-2026,Finviz,Finviz,20251217T071423,https://g.foolcdn.com/image/?url=https%3A%2F%2Fg.foolcdn.com%2Feditorial%2Fimages%2F847540%2Fnvidia-headquarters-with-nvidia-sign-in-front.png&w=700,0.193878,Somewhat-Bullish,0.920142,0.134086,Neutral
NVDA,Chinese GPU Maker MetaX Shares Surge Over 600% In Shanghai Debut Amid Beijing's Tech Independence Drive,"Chinese GPU maker MetaX Integrated Circuits experienced a blockbuster debut on the Shanghai tech-focused Star Market, with its shares surging over 600% after raising nearly $600 million in its IPO. The company, founded by former Advanced Micro Devices employees, plans to use the funds for high-performance GPU research and development, despite currently operating at a loss due to substantial R&D expenditures and Nvidia's market dominance. This surge reflects a broader trend of China's growing semiconductor industry aiming for tech independence amidst Beijing's efforts to reduce reliance on U.S. chips.",https://www.benzinga.com/markets/ipos/25/12/49440839/chinese-gpu-maker-metax-shares-surge-over-600-in-shanghai-debut-amid-beijings-tech-independence-drive,Benzinga,Benzinga,20251217T074823,https://cdn.benzinga.com/files/images/story/2025/12/17/Chipset-On-Circuit-Board-For-China-Semic.jpeg?quality=85&auto=webp&width=850,0.233007,Somewhat-Bullish,0.935745,0.343118,Somewhat-Bullish
NVDA,KULR Technology Group Enters Joint Development,"KULR Technology Group (NYSE American: KULR) has entered a joint development collaboration with a leading global battery-cell manufacturer to co-develop a next-generation KULR ONE® MAX Battery Backup Unit (BBU) product line for AI-scale data centers. This initiative aims to establish a commercial program with a projected value of up to $100 million, leveraging KULR's expertise in design, safety engineering, and UL certification. The BBU system will be optimized around an ultra-high-power 21700 cell architecture to support demanding AI server workloads and will meet Meta Open Compute Project (OCP) ORV3 standard and NVIDIA GPU roadmap requirements.",https://www.globenewswire.com/news-release/2025/12/17/3206950/0/en/KULR-Technology-Group-Enters-Joint-Development-Collaboration-for-100M-AI-Server-Rack-Battery-Backup-Unit-Opportunity.html,GlobeNewswire,GlobeNewswire,20251217T080500,https://ml.globenewswire.com/media/NGQ2YzdlMWMtMWI1Ny00NmQ1LTk2MDItNjVmYmNmMzA4MDlkLTUwMDA3MzA5NC0yMDI1LTEyLTE3LWVu/tiny/KULR-Technology-Group-Inc-.png,0.33475,Somewhat-Bullish,0.642355,0.329155,Somewhat-Bullish
NVDA,"Amazon in talks to invest about $10 billion in OpenAI, source says","Amazon.com Inc is reportedly in discussions to invest approximately $10 billion in OpenAI, the developer behind ChatGPT. This potential deal could value OpenAI at over $500 billion, highlighting the intense demand for computing power in the AI sector. The talks also emphasize OpenAI's capacity for broad partnerships after its corporate restructuring and agreement with Microsoft.",https://www.reuters.com/business/retail-consumer/openai-talks-raise-least-10-billion-amazon-use-its-ai-chips-information-reports-2025-12-17/,Reuters,Reuters,20251217T080725,https://www.reuters.com/resizer/v2/FTX2LSJ3FNLILDGNWINRNG4O6A.jpg?auth=e692dda1aa43486c25f7c3260aeaf5561df585a2f032de0592a3c31d4d22a9e1&width=1080&quality=80,0.311053,Somewhat-Bullish,0.639605,0.243227,Somewhat-Bullish
NVDA,"Aaron Wealth Advisors LLC Acquires 3,599 Shares of Analog Devices, Inc. $ADI","Aaron Wealth Advisors LLC significantly increased its stake in Analog Devices (NASDAQ: ADI) by 118.2%, purchasing 3,599 additional shares to now hold 6,643 shares valued at $1.632 million. Analog Devices outperformed earnings expectations and saw its revenue increase by 25.9% year-over-year, leading analysts to maintain a ""Moderate Buy"" rating with an average price target of $285.78. The company also announced a quarterly dividend of $0.99 per share, while insiders conducted significant share sales totaling approximately $8.02 million in the last 90 days.",https://www.marketbeat.com/instant-alerts/filing-aaron-wealth-advisors-llc-acquires-3599-shares-of-analog-devices-inc-adi-2025-12-17/,MarketBeat,MarketBeat,20251217T080750,https://www.marketbeat.com/logos/Analog_devices_logo-1200x675.jpg,0.232962,Somewhat-Bullish,0.611578,0.149097,Neutral
NVDA,Amazon in talks to invest about $10 bln in OpenAI: Source,"Amazon.com Inc. is reportedly in discussions to invest approximately $10 billion in OpenAI, the creator of ChatGPT, which could value the AI firm at over $500 billion. This potential deal highlights the intense demand for computing power within the AI sector and marks another significant partnership for OpenAI as it moves towards a potential initial public offering. The investment would also see OpenAI utilizing Amazon's Trainium chips and potentially integrating ChatGPT features into Amazon's services.",https://english.alarabiya.net/business/technology/2025/12/17/amazon-in-talks-to-invest-about-10-bln-in-openai-source,Al Arabiya English,Al Arabiya English,20251217T080751,https://vid.alarabiya.net/images/2025/11/24/1b20c66e-678a-4dd4-9a83-7bcf506b4005/1b20c66e-678a-4dd4-9a83-7bcf506b4005_16x9_1200x676.JPG?width=555&format=jpg,0.157036,Somewhat-Bullish,0.646577,0.104988,Neutral
NVDA,Western Digital Corp. stock underperforms Monday when compared to competitors despite daily gains,"Western Digital Corp. (WDC) shares gained on Monday but still underperformed compared to its competitors. The stock closed at $63.38, marking a 0.52% increase for the day, while the S&P 500 also saw gains.",https://www.msn.com/en-us/money/topstocks/western-digital-corp-stock-underperforms-monday-when-compared-to-competitors-despite-daily-gains/ar-AA1MBw7K?apiversion=v2&domshim=1&noservercache=1&noservertelemetry=1&batchservertelemetry=1&renderwebcomponents=1&wcseo=1,MSN,MSN,20251217T080829,,0.206706,Somewhat-Bullish,0.657357,0.258731,Somewhat-Bullish
NVDA,Wall Street Sees a 216% Upside to Liberty Global (LBTYK),"Liberty Global Ltd. (NASDAQ:LBTYK) is highlighted as a potentially lucrative investment, with some analysts seeing a 216% upside, although the average target is 22%. Seth Klarman's hedge fund holds a significant stake in the company, which recently announced an investment in AI voice technology firm ElevenLabs. Despite a ""Sell"" rating from one analyst, the article emphasizes Liberty Global's strategic moves in the evolving tech landscape.",https://www.insidermonkey.com/blog/wall-street-sees-a-216-upside-to-liberty-global-lbtyk-1660159/?amp=1,Insider Monkey,Insider Monkey,20251217T081100,NULL,0.304808,Somewhat-Bullish,0.647903,0.502842,Bullish
NVDA,Broadcom Stock Is Up 120% in the Past Year. This Analyst Thinks It Is One of the Highest-Quality Stocks to Buy for the Next Year Too.,"Broadcom Inc. (AVGO) saw a 120% stock gain last year, largely due to the AI-fueled market, and is considered a high-quality stock for future AI expenditures. Despite a recent dip and high valuations (P/E over 45x, P/S over 25x), the company's diversified semiconductor and infrastructure software businesses, along with strong earnings and dividend growth, warrant a premium. Analysts maintain a ""Strong Buy"" rating with an average price target of $454, emphasizing the ongoing profitability from AI.",https://www.barchart.com/story/news/36669467/broadcom-stock-is-up-120-in-the-past-year-this-analyst-thinks-it-is-one-of-the-highest-quality-stocks-to-buy-for-the-next-year-too,Barchart.com,Barchart.com,20251217T083700,https://media.barchart.com/contributors-admin/common-images/images/Tech%20(Ecommerce%2C%20Social%20Media%2C%20etc.)/Semiconductor%20by%20Sach336699%20via%20Shutterstock.jpg,0.437381,Bullish,0.628111,0.294243,Somewhat-Bullish
NVDA,Monolithic Power Systems (MPWR): Assessing Valuation After a 60% Year-to-Date Rally,"Monolithic Power Systems (MPWR) has seen a significant rally, up 60% year-to-date, prompting a re-evaluation of its valuation. While Simply Wall St's narrative suggests MPWR is 19.4% undervalued with a fair value near $1,181, its P/E ratio at 24 times earnings is lower than the US semiconductor industry average, hinting at less speculation than its growth story might imply. Investors need to consider if its current valuation leaves room for further upside or if future growth is already priced in.",https://simplywall.st/stocks/us/semiconductors/nasdaq-mpwr/monolithic-power-systems/news/monolithic-power-systems-mpwr-assessing-valuation-after-a-60,Simply Wall Street,Simply Wall Street,20251217T090854,NULL,0.329292,Somewhat-Bullish,0.632403,0.307150,Somewhat-Bullish
NVDA,Nextdecade Corp stock hits 52-week low at 5.01 USD,"Nextdecade Corp's stock has plunged to a new 52-week low of $5.01, reflecting a 24.22% decline over the past year due to challenges in the energy sector and concerns about its financial health. Despite the stock's downturn, the company is making strides in its Rio Grande LNG project, securing substantial financing and initiating pre-filing for expansion. Investors are closely monitoring the company's strategic responses amidst high volatility and significant debt.",https://www.investing.com/news/company-news/nextdecade-corp-stock-hits-52week-low-at-501-usd-93CH-4411055,Investing.com,Investing.com,20251217T090907,https://i-invdn-com.investing.com/news/World_News_10_800x533_L_1420026292.jpg,-0.073965,Neutral,0.608227,0.317001,Somewhat-Bullish
NVDA,Lumentum Holdings Inc. (LITE): Illuminating the Future of AI and Optical Networking,"Lumentum Holdings Inc. (NASDAQ: LITE) is a technology company specializing in optical and photonic products, critically positioned at the forefront of the AI and cloud infrastructure revolution. The company has seen significant growth in revenue and stock performance, driven by demand for its high-speed optical components essential for AI and data centers. Despite its strong market position and innovative product pipeline, Lumentum faces challenges including high valuation, customer concentration, and the need for continuous capacity expansion to meet surging demand.",https://markets.financialcontent.com/wral/article/predictstreet-2025-12-16-lumentum-holdings-inc-lite-illuminating-the-future-of-ai-and-optical-networking,Markets Financial Content,Markets Financial Content,20251217T090909,https://news.predictstreet.ai/wp-content/uploads/2025/12/85fe7486-c811-44ae-a445-e9751af0813e-1024x683.png,0.303035,Somewhat-Bullish,0.717606,0.344179,Somewhat-Bullish
NVDA,Cemtrex (CETX) Closes in on Key Acquisition,"Cemtrex, Inc. (NASDAQ:CETX) is nearing the acquisition of a Texas aerospace and defense engineering company, Invocon, while terminating a robotics firm acquisition and signing an LOI for an industrial services business in Tennessee. The company also announced shipping its AI-powered Vicon NEXT product line and issued shares to meet debt requirements and raise capital. This acquisition will strengthen Cemtrex's position in the aerospace and defense sector.",https://www.insidermonkey.com/blog/cemtrex-cetx-closes-in-on-key-acquisition-1660941/?amp=1,Insider Monkey,Insider Monkey,20251217T093300,NULL,0.234798,Somewhat-Bullish,0.634682,0.326855,Somewhat-Bullish
NVDA,SCHMID Group reports €16.9 million revenue for first half of 2025,"SCHMID Group reported a revenue of €16.9 million for the first half of 2025, a significant decrease from €29.7 million in the prior year, primarily due to lower order volumes globally. Despite this, the company maintained its EBITDA margin forecast for 2025 and secured new financing and a debt-equity swap. SCHMID Group also confirmed its positive 2026 outlook and announced new orders for its advanced manufacturing equipment, even as it faces a potential Nasdaq delisting for delayed financial filings.",https://www.investing.com/news/company-news/schmid-group-reports-169-million-revenue-for-first-half-of-2025-93CH-4413150,Investing.com,Investing.com,20251217T093400,https://i-invdn-com.investing.com/news/World_News_10_800x533_L_1420026292.jpg,0.071524,Neutral,0.618115,0.312178,Somewhat-Bullish
NVDA,American Eagle Stock May Be Flying Too High. Will This Bird Crash Soon?,"American Eagle Outfitters (AEO) stock has seen a 60% surge over the past year, reaching a new 3-year high, and maintains a ""Buy"" opinion from Barchart. While fundamentals suggest modest revenue growth and a near-term earnings dip, high short interest at over 14% of the float and split analyst opinions indicate potential volatility. The article suggests holding existing shares with tight stop losses but advises against buying due to a lot of other stocks having greater upside potential..",https://finance.yahoo.com/news/american-eagle-stock-may-flying-150003415.html,Yahoo Finance,Yahoo Finance,20251217T100000,https://s.yimg.com/ny/api/res/1.2/FsXd4C7hv0TIGCK4UI.0EQ--/YXBwaWQ9aGlnaGxhbmRlcjt3PTExODtoPTQ4O2NmPXdlYnA-/https://s.yimg.com/os/creatr-uploaded-images/2025-06/fbaffe90-4bbe-11f0-afff-8dc7565ae31b,0.180087,Somewhat-Bullish,0.645692,0.310064,Somewhat-Bullish
NVDA,"Micron Technology (MU) Stock News Today (Dec. 17, 2025): Earnings Loom, Analyst Targets Jump to $300+, and the Memory Price Boom Tests the Rally","Micron Technology (MU) is facing high expectations as it reports Q1 FY2026 earnings today, December 17, 2025, amidst surging memory prices and strong AI infrastructure demand. Analysts have significantly raised price targets, with some exceeding $300, due to a tight supply environment and Micron's strategic shift to prioritize higher-margin HBM. The market anticipates a significant post-earnings stock movement, reflecting both the bullish outlook and potential risks from high valuation and geopolitical factors.",https://ts2.tech/en/micron-technology-mu-stock-news-today-dec-17-2025-earnings-loom-analyst-targets-jump-to-300-and-the-memory-price-boom-tests-the-rally/,ts2.tech,ts2.tech,20251217T100814,,0.364527,Bullish,0.626405,0.321334,Somewhat-Bullish
NVDA,BlackRock discloses 7.08% stake in Avadel Pharmaceuticals,"BlackRock, Inc. has announced a 7.08% ownership stake in Avadel Pharmaceuticals plc, as detailed in a recent regulatory filing. This includes holding 6,954,724 ordinary shares and a minimal short position, making BlackRock a substantial shareholder in the specialty pharmaceutical company. The disclosure was made according to Irish Takeover Panel rules, which require transparency for significant shareholdings in companies potentially involved in acquisitions.",https://www.investing.com/news/company-news/blackrock-discloses-708-stake-in-avadel-pharmaceuticals-93CH-4413304,Investing.com,Investing.com,20251217T104100,https://i-invdn-com.investing.com/news/news_pile_69x52._800x533_L_1419494209.jpg,-0.044067,Neutral,0.620771,-0.188275,Somewhat-Bearish
NVDA,Taking Another Look at Fair Isaac (FICO)’s Valuation After Its Recent Share Price Rebound,"Fair Isaac (FICO)'s shares have rebounded recently, up 15% in the last three months, despite negative year-to-date returns. The company is currently considered 11.8% undervalued with a narrative fair value of $2,031.78, driven by its transition to SaaS and AI-driven decisioning. However, a simpler earnings analysis suggests FICO is rich on earnings, trading at 65 times earnings compared to a sector average of 33-45 times, implying a hefty premium for future growth.",https://simplywall.st/stocks/us/software/nyse-fico/fair-isaac/news/taking-another-look-at-fair-isaac-ficos-valuation-after-its,Simply Wall Street,Simply Wall Street,20251217T105110,NULL,0.226169,Somewhat-Bullish,0.611743,0.447079,Bullish
NVDA,Roper Technologies (ROP): Has the Recent Share Price Slide Opened a Valuation Opportunity?,"Roper Technologies (ROP) shares have declined by approximately 14% year-to-date despite consistent revenue and net income growth, leading analysts to label the stock as 22.6% undervalued with a fair value of $573.56. The valuation suggests significant upside potential if projected cash flows materialize, driven by disciplined capital deployment into high-growth, high-margin software leaders. However, this upside is contingent on successful M&A integration and Roper's ability to maintain software differentiation amidst increasing AI competition.",https://simplywall.st/stocks/us/software/nasdaq-rop/roper-technologies/news/roper-technologies-rop-has-the-recent-share-price-slide-open,Simply Wall Street,Simply Wall Street,20251217T105136,NULL,0.390508,Bullish,0.561897,0.503604,Bullish
NVDA,This Artificial Intelligence (AI) ETF Has Nearly Doubled Since April. Is It Time to Stock Up?,"An AI-focused ETF like the iShares Future AI and Tech ETF has seen significant growth, nearly doubling in price since April, but also comes with high volatility. For investors seeking AI exposure with less risk, diversified tech ETFs like Invesco QQQ or Vanguard Information Technology ETF may offer more stability and have historically outperformed the dedicated AI ETF. The article advises considering risk tolerance when investing in this rapidly evolving and unpredictable sector.",https://www.theglobeandmail.com/investing/markets/markets-news/Motley%20Fool/36672855/this-artificial-intelligence-ai-etf-has-nearly-doubled-since-april-is-it-time-to-stock-up/,The Globe and Mail,The Globe and Mail,20251217T105301,https://barchart-news-media-prod.aws.barchart.com/FC/302dec3fd7f7470440358af61d5c977a/%3Furl%3Dhttps%253a%252f%252fg.foolcdn.com%252feditorial%252fimages%252f847357%252fgettyimages-1998660059-2000x1250-459f3f7.jpg%26amp%3Bw%3D700,0.283731,Somewhat-Bullish,0.577125,0.304307,Somewhat-Bullish
NVDA,Squarepoint Ops LLC Trims Holdings in Plexus Corp. $PLXS,"Squarepoint Ops LLC reduced its stake in Plexus Corp. (NASDAQ:PLXS) by 33.7% in the second quarter, selling 11,352 shares and now owning 22,293 shares valued at $3.02 million. Other institutional investors also adjusted their holdings, with some increasing their positions in the technology company. This news follows recent insider selling by Plexus executives and mixed analyst ratings, with the stock currently having a consensus ""Hold"" rating and an average target price of $159.00.",https://www.marketbeat.com/instant-alerts/filing-squarepoint-ops-llc-trims-holdings-in-plexus-corp-plxs-2025-12-17/,MarketBeat,MarketBeat,20251217T110841,https://www.marketbeat.com/logos/plexus-corp-logo-1200x675.png?v=20221121151059,0.209614,Somewhat-Bullish,0.563445,0.217131,Somewhat-Bullish
NVDA,NVIDIA Corporation $NVDA Shares Sold by Park National Corp OH,"Park National Corp OH reduced its stake in NVIDIA Corporation (NASDAQ:NVDA) by 5.4% in the third quarter of 2025, selling 40,070 shares and retaining 705,840 shares valued at approximately $131.7 million, making NVDA its third-largest holding. This trimming occurred despite NVIDIA's solid fundamentals, including beating earnings estimates and maintaining a strong ""Buy"" consensus rating from analysts.",https://www.marketbeat.com/instant-alerts/filing-nvidia-corporation-nvda-shares-sold-by-park-national-corp-oh-2025-12-17/,MarketBeat,MarketBeat,20251217T110927,https://www.marketbeat.com/logos/nvidia-co-logo-1200x675.jpg?v=20221020142916,0.132906,Neutral,1.000000,0.281801,Somewhat-Bullish
NVDA,Is Nokia Still Attractive After 2025 Rally and 5G Infrastructure Momentum?,"Nokia Oyj has seen significant stock gains over the past few years, driven by its push into 5G infrastructure. However, a discounted cash flow analysis suggests the company is currently overvalued by 165.4%, with a PE ratio also indicating it's modestly expensive compared to its industry and peers. The article suggests using ""Narratives"" for a more personalized valuation approach.",https://simplywall.st/stocks/fi/tech/hel-nokia/nokia-oyj-shares/news/is-nokia-still-attractive-after-2025-rally-and-5g-infrastruc,Simply Wall Street,Simply Wall Street,20251217T110937,NULL,-0.087496,Neutral,0.607924,0.140173,Neutral
NVDA,Nvidia Stock Gains. This China Chip Company Jumps 700% as It Takes Aim at AI Leader.,"Nvidia stock rose in premarket trading despite increasing competition in the AI chip market. This comes as a Chinese chip company saw a significant surge in its stock, indicating growing challengers to Nvidia's dominance.",https://www.barrons.com/articles/nvidia-stock-price-ai-chips-metax-amazon-f8ecc6e0?mod=barronsgooglenews&gaa_at=eafs&gaa_n=AWEtsqdxJPhOqWQZ6h99C48ypL3v9VLqkNJeKrH3T6Sbp5PHZR1B6KHkkE-S&gaa_ts=6942a03b&gaa_sig=-QEvJSqJPI85ZVEAAyrorkcYqnhr3KjY-MOFHIZ4_pbRaD1Mlb0_LV9V6vLuciw5GoO6H83oRENybJ-1RUCcGQ%3D%3D,Barron's,Barron's,20251217T115735,https://images.barrons.com/im-01956004?width=639&height=426,0.226352,Somewhat-Bullish,1.000000,0.420951,Bullish
NVDA,"Quintet Private Bank Europe S.A. Sells 112,370 Shares of PayPal Holdings, Inc. $PYPL","Quintet Private Bank Europe S.A. significantly reduced its stake in PayPal Holdings, Inc. by selling 112,370 shares, bringing its total holdings to 265,139 shares valued at $17.78 million. The move comes as PayPal reported strong Q3 earnings, beating analyst expectations, but also saw insider selling activity from its executives. The firm remains a significant holder, with PayPal representing about 1.0% of its investment portfolio.",https://www.marketbeat.com/instant-alerts/filing-quintet-private-bank-europe-sa-sells-112370-shares-of-paypal-holdings-inc-pypl-2025-12-17/,MarketBeat,MarketBeat,20251217T120845,https://www.marketbeat.com/logos/paypal-holdings-inc-logo-1200x675.png?v=20231214083652,0.015351,Neutral,0.619040,-0.114705,Neutral
NVDA,Tesla Stock (TSLA) Hits Record High Near $490 as Robotaxi Buzz Surges—While California Targets “Autopilot” Marketing,"Tesla stock has reached a new record high near $490, fueled by growing optimism surrounding its robotaxi advancements. This surge occurs despite California regulators moving to require Tesla to clarify or cease using ""Autopilot"" and ""Full Self-Driving"" terminology, which they claim can mislead consumers. The article highlights the contrast between investor enthusiasm for Tesla's long-term autonomous driving and AI ambitions and the near-term regulatory challenges and competitive landscape with other robotaxi operators.",https://ts2.tech/en/tesla-stock-tsla-hits-record-high-near-490-as-robotaxi-buzz-surges-while-california-targets-autopilot-marketing/,ts2.tech,ts2.tech,20251217T120852,,-0.252219,Somewhat-Bearish,0.609529,0.049653,Neutral
NVDA,"Guardant Health, Inc. $GH Holdings Boosted by Sicart Associates LLC","Sicart Associates LLC increased its stake in Guardant Health (NASDAQ:GH) by 39.1% during Q3, now holding 230,083 shares valued at $14.38 million. Despite beating Q3 EPS estimates and achieving 38.5% year-over-year revenue growth, the company remains unprofitable, with analysts projecting negative full-year EPS, though most maintain a ""Buy"" rating. Insider selling has occurred, with the CFO and CTO offloading shares totaling approximately $9.7 million in the last three months.",https://www.marketbeat.com/instant-alerts/filing-guardant-health-inc-gh-holdings-boosted-by-sicart-associates-llc-2025-12-17/,MarketBeat,MarketBeat,20251217T120904,https://www.marketbeat.com/logos/guardant-health-inc-logo-1200x675.png?v=20240424143531,0.30788,Somewhat-Bullish,0.592705,0.244480,Somewhat-Bullish
NVDA,"Liberty Global Ltd (NASDAQ:LBTYA) Receives Consensus Rating of ""Hold"" from Brokerages","Liberty Global Ltd (NASDAQ:LBTYA) has received a ""Hold"" consensus rating from nine research firms, with an average 12-month price target of $15.00. The company recently missed quarterly earnings expectations and exhibits negative profitability metrics. Insider selling activity has been noted, while institutional investors have adjusted their holdings.",https://www.marketbeat.com/instant-alerts/liberty-global-ltd-nasdaqlbtya-receives-consensus-rating-of-hold-from-brokerages-2025-12-17/,MarketBeat,MarketBeat,20251217T120908,https://www.marketbeat.com/logos/liberty-global-plc-logo-1200x675.jpg?v=20221109144646,0.176196,Somewhat-Bullish,0.574456,0.207922,Somewhat-Bullish
NVDA,AI Chips Update - AlphaTON Capital Expands AI Capabilities With NVIDIA B300 Integration,"AlphaTON Capital has integrated NVIDIA B300 GPUs into its Cocoon AI Network via a partnership with Atlantic AI, enhancing its enterprise-level AI capabilities. This initiative, leveraging Supermicro's HGX systems, aims to provide advanced, privacy-protected AI infrastructure globally. The move reinforces AlphaTON Capital's commitment to democratizing AI while prioritizing user privacy.",https://finance.yahoo.com/news/ai-chips-alphaton-capital-expands-113735902.html,Yahoo Finance,Yahoo Finance,20251217T120910,https://s.yimg.com/ny/api/res/1.2/HkW.of1x4JHpvrHVFkKcTA--/YXBwaWQ9aGlnaGxhbmRlcjt3PTIwODtoPTQ4O2NmPXdlYnA-/https://s.yimg.com/os/creatr-uploaded-images/2021-03/7d6207c0-7d34-11eb-bbee-858baefb8682,0.313477,Somewhat-Bullish,0.994365,0.735059,Bullish
NVDA,"SiTime Corporation (NASDAQ:SITM) Given Average Recommendation of ""Moderate Buy"" by Brokerages","SiTime Corporation (NASDAQ:SITM) has received a consensus ""Moderate Buy"" rating from nine brokerages, with an average 12-month target price of $343.1250. The company recently reported strong earnings, beating consensus estimates, and several analysts have initiated or reiterated ""buy"" ratings and raised target prices for the stock. Insider selling activity and institutional investment changes were also noted.",https://www.marketbeat.com/instant-alerts/sitime-corporation-nasdaqsitm-given-average-recommendation-of-moderate-buy-by-brokerages-2025-12-17/,MarketBeat,MarketBeat,20251217T120937,https://www.marketbeat.com/logos/sitime-co-logo-1200x675.png?v=20240507152221,0.2177,Somewhat-Bullish,0.634526,0.134783,Neutral
NVDA,"Ollie’s Bargain Outlet Holdings, Inc. (OLLI) Among RBC’s Top Retail Picks For 2026","RBC has identified Ollie’s Bargain Outlet Holdings, Inc. (NASDAQ:OLLI) as one of its top retail stock picks for 2026, citing its potential to benefit from economic conditions such as low-income consumer pressure and industry consolidation driven by retail media and AI. The firm anticipates OLLI's expansion with 75 new stores, improved gross margins through supply chain enhancements, and benefits from cycling past expenses. While Citi trimmed OLLI's price target to $141, Craig-Hallum raised its target to $157, both maintaining a 'Buy' rating due to strong third-quarter results and raised full-year guidance.",https://www.insidermonkey.com/blog/ollies-bargain-outlet-holdings-inc-olli-among-rbcs-top-retail-picks-for-2026-1661339/?amp=1,Insider Monkey,Insider Monkey,20251217T120944,NULL,0.327292,Somewhat-Bullish,0.611028,0.354850,Bullish
NVDA,Oak Thistle LLC Trims Holdings in The Boeing Company $BA,"Oak Thistle LLC significantly reduced its stake in The Boeing Company (NYSE:BA) by 37.8% in the third quarter, selling 8,168 shares. Despite this, other institutional investors like Vanguard Group Inc. increased their holdings, and Kingstone Capital Partners Texas LLC initiated a substantial new position. Analyst ratings for Boeing are a ""Moderate Buy"" with a consensus target price of $232.96, even as the company reported a larger-than-expected EPS loss in its last earnings report.",https://www.marketbeat.com/instant-alerts/filing-oak-thistle-llc-trims-holdings-in-the-boeing-company-ba-2025-12-17/,MarketBeat,MarketBeat,20251217T121546,https://www.marketbeat.com/logos/boeing-logo-1200x675.jpg,0.075394,Neutral,0.535052,0.077867,Neutral
NVDA,Jim Cramer on Lumentum (LITE): “I Don’t Want You to Be in It”,"Jim Cramer expressed caution regarding Lumentum Holdings Inc. (NASDAQ: LITE), advising a caller against holding the stock despite acknowledging it as a ""red-hot spec stock that actually makes money."" He noted the company's past performance and considered it a better company than JDSU, but still advised against investment at the current time. This sentiment was conveyed during a lightning round segment where a caller inquired about Lumentum.",https://www.insidermonkey.com/blog/jim-cramer-on-lumentum-lite-i-dont-want-you-to-be-in-it-1661421/?amp=1,Insider Monkey,Insider Monkey,20251217T123000,NULL,0.061164,Neutral,0.630449,0.302412,Somewhat-Bullish
NVDA,AI Chip Startup Mythic Raises $125 Million in Bid to Take on Nvidia,"AI chip startup Mythic Inc. has secured $125 million in a new funding round to compete with Nvidia in the artificial intelligence processor market. The investment, led by DCVC, includes contributions from firms like New Enterprise Associates, SoftBank, Honda Motor Co., and Lockheed Martin Corp. Mythic, now led by former Nvidia executive Taner Ozcelik, aims to use this capital to further its development in this competitive sector.",https://www.bloomberg.com/news/articles/2025-12-17/ai-chip-startup-mythic-raises-125-million-in-bid-to-take-on-nvidia,Bloomberg.com,Bloomberg.com,20251217T130000,,0.132784,Neutral,1.000000,0.140457,Neutral
NVDA,Is Gen Digital Stock Underperforming the Nasdaq?,"Gen Digital Inc. (GEN), a large-cap company specializing in consumer cyber protection, has seen its stock decline significantly over the past three and twelve months, underperforming the Nasdaq Composite index. Despite this, the company reported strong second-quarter fiscal 2026 results, beating analyst expectations for revenue and EPS, and raised its full-year guidance. Wall Street analysts maintain a ""Moderate Buy"" rating for GEN, projecting a substantial upside.",https://finance.yahoo.com/news/gen-digital-stock-underperforming-nasdaq-132410997.html,Yahoo Finance,Yahoo Finance,20251217T130749,https://s.yimg.com/ny/api/res/1.2/FsXd4C7hv0TIGCK4UI.0EQ--/YXBwaWQ9aGlnaGxhbmRlcjt3PTExODtoPTQ4O2NmPXdlYnA-/https://s.yimg.com/os/creatr-uploaded-images/2025-06/fbaffe90-4bbe-11f0-afff-8dc7565ae31b,0.10491,Neutral,0.585743,0.018599,Neutral
NVDA,New project to build AI data center battery backups projected at up to $100M,"KULR Technology Group announced a joint development collaboration to create a next-generation KULR ONE® MAX Battery Backup Unit (BBU) for AI-scale data centers, with a projected commercial opportunity of up to $100 million. KULR will lead the design, safety engineering, thermal management, and UL 9540/9540A certification, while the partner will support cell integration and commit to long-term cell supply upon successful certification. This initiative enhances KULR's position in the AI data-center energy market, leveraging their expertise in high-performance energy systems.",https://www.stocktitan.net/news/KULR/kulr-technology-group-enters-joint-development-collaboration-for-mt3pmr7ec890.html,Stock Titan,Stock Titan,20251217T130856,https://ml.globenewswire.com/media/NGQ2YzdlMWMtMWI1Ny00NmQ1LTk2MDItNjVmYmNmMzA4MDlkLTUwMDA3MzA5NA버지MjAyNS0xMi0xNy1lbi/tiny/KULR-Technology-Group-Inc-.png,0.26728,Somewhat-Bullish,0.600862,0.225607,Somewhat-Bullish
NVDA,"Mirador Capital Partners LP Lowers Stake in FormFactor, Inc. $FORM","Mirador Capital Partners LP significantly reduced its holdings in FormFactor, Inc. (NASDAQ:FORM) by 71.1% in the third quarter, selling 90,763 shares and retaining 36,847 shares valued at $1.34 million. Despite this, analysts have a consensus ""Hold"" rating on the stock with a $57 price target. Insider selling has also been noted, with corporate insiders selling 13,103 shares worth $671,473 over the last three months.",https://www.marketbeat.com/instant-alerts/filing-mirador-capital-partners-lp-lowers-stake-in-formfactor-inc-form-2025-12-17/,MarketBeat,MarketBeat,20251217T131058,https://www.marketbeat.com/logos/formfactor-inc-logo-1200x675.png?v=20240426090302,0.133399,Neutral,0.560325,0.104685,Neutral
NVDA,Nvidia vs AMD: Which AI Chipmaker Will Lead the Next Decade of Compute?,"While Nvidia has been the dominant AI chip designer due to its early market entry, strong performance, and comprehensive ecosystem, AMD is rapidly enhancing its offerings and gaining market share. Nvidia is better positioned to lead the next decade of compute because of its extensive AI ecosystem, though AMD is expected to benefit significantly from the growing AI market due to competitive pricing and robust demand for its chips. Major customers like Amazon purchase GPUs from both companies, indicating a strong future for both.",https://finviz.com/news/256066/nvidia-vs-amd-which-ai-chipmaker-will-lead-the-next-decade-of-compute,Finviz,Finviz,20251217T132807,https://g.foolcdn.com/image/?url=https%3A%2F%2Fg.foolcdn.com%2Feditorial%2Fimages%2F846733%2Fgettyimages-data-center.jpg&w=700,0.073357,Neutral,0.984617,0.211552,Somewhat-Bullish
NVDA,IBM and Pearson Team Up on AI-Powered Learning,"IBM and Pearson have announced a global partnership to deliver AI-powered learning tools aimed at creating more personalized education for businesses, public-sector groups, and schools. This collaboration seeks to address costly skills gaps by helping individuals acquire skills more quickly and transition smoothly between roles. IBM will develop a custom AI-driven learning platform for Pearson, while Pearson's enterprise learning products will be rolled out to IBM's customer base and workforce.",https://www.insidermonkey.com/blog/ibm-and-pearson-team-up-on-ai-powered-learning-1661734/?amp=1,Insider Monkey,Insider Monkey,20251217T134300,,0.039123,Neutral,0.608152,-0.110960,Neutral
NVDA,Toro Corp. sends dividend election notice to shareholders following December announcement,"Toro Corp. (NASDAQ:TORO) has issued a dividend election notice to shareholders of record as of Tuesday, relating to a dividend initially announced on December 5. Shareholders have the opportunity to make an election regarding this dividend, which the company expects to pay on January 16, 2026. This information was included in a recent SEC filing, signed by Chairman and CEO Petros Panagiotidis.",https://www.investing.com/news/sec-filings/toro-corp-sends-dividend-election-notice-to-shareholders-following-december-announcement-93CH-4412925,Investing.com,Investing.com,20251217T140505,https://i-invdn-com.investing.com/news/World_News_10_800x533_L_1420026292.jpg,0.236106,Somewhat-Bullish,0.582215,0.235545,Somewhat-Bullish
NVDA,Recursion Pharmaceuticals (NASDAQ:RXRX) Upgraded to Overweight at JPMorgan Chase & Co.,"JPMorgan Chase & Co. upgraded Recursion Pharmaceuticals (NASDAQ:RXRX) to ""overweight"" from ""neutral,"" setting an $11 target price which implies a significant upside. Despite this and other analyst coverage, the company recently reported weaker-than-expected revenue and earnings, alongside an insider stock sale. Recursion Pharmaceuticals operates as a clinical-stage biotechnology company focused on industrializing drug discovery.",https://www.marketbeat.com/instant-alerts/recursion-pharmaceuticals-nasdaqrxrx-upgraded-to-overweight-at-jpmorgan-chase-co-2025-12-17/,MarketBeat,MarketBeat,20251217T140759,https://www.marketbeat.com/logos/recursion-pharmaceuticals-inc-logo-1200x675.png?v=20240426091510,0.190667,Somewhat-Bullish,0.626022,0.130870,Neutral
NVDA,"Micron Technology, Inc. Reports Results for the First Quarter of Fiscal 2026","Micron Technology, Inc. announced record-breaking results for its first quarter of fiscal 2026, ending November 27, 2025, with revenues of $13.64 billion and a GAAP net income of $5.24 billion. The company anticipates continued strengthening through fiscal 2026, driven by its leadership in AI enablement. Micron's Board of Directors declared a quarterly dividend of $0.115 per share.",https://www.techpowerup.com/344191/micron-technology-inc-reports-results-for-the-first-quarter-of-fiscal-2026,TechPowerUp,TechPowerUp,20251217T140826,https://tpucdn.com/images/news/micron-v1766423580.png,0.176966,Somewhat-Bullish,0.608059,0.123044,Neutral
NVDA,AI Overvaluation Bothering You? Try Buffer ETFs,"As concerns about overvaluation in the AI space and the timing of investment payoffs persist, investors are looking for ways to balance growth and protection. Defined Outcome ETFs, also known as buffer ETFs, offer downside protection while allowing participation in market upside. These ETFs, which utilize options to create structured payoff profiles, are gaining traction, with major players like Goldman Sachs recognizing their potential.",https://www.tradingview.com/news/zacks:cd5f7d674094b:0-ai-overvaluation-bothering-you-try-buffer-etfs/,TradingView — Track All Markets,TradingView — Track All Markets,20251217T140857,NULL,-0.222181,Somewhat-Bearish,0.721162,-0.347683,Somewhat-Bearish
NVDA,AI: Potentially the biggest productivity enhancer since electricity?,"This article argues that Artificial Intelligence has the potential to deliver the most significant productivity surge since the era of electrification, surpassing even the internet's impact. Despite speculative risks, the author highlights differences between the current AI boom and the dot-com bubble, noting more rational valuations and immediate revenue generation from AI applications. The article emphasizes disciplined navigation of AI investments, focusing on companies with ""linchpin"" technologies, strong financials, and reasonable valuations.",https://www.troweprice.com/en/au/insights/ai-potentially-biggest-productivity-enhancer-since-electricity,T. Rowe Price,T. Rowe Price,20251217T140908,https://www.troweprice.com/content/dam/trp-ecl/global/en/ipc/assets/global-standard/2025/q4/ai-potentially-the-biggest-productivity-enhancer-since-electricity/ai-potentially-biggest-productivity-enhancer-since-electricity.png,0.342506,Somewhat-Bullish,0.639867,0.308711,Somewhat-Bullish
NVDA,2 Cash-Producing Stocks Worth Your Attention and 1 That Underwhelm,"This article identifies two cash-producing companies, Comfort Systems (FIX) and Leidos (LDOS), that are considered strong investments due to their effective cash allocation and growth strategies. Conversely, SunOpta (STKL) is highlighted as a stock to potentially sell, citing issues with sales declines, subscale operations, and stiff competition. The analysis uses metrics like free cash flow margin and outlines specific reasons for each recommendation.",https://finviz.com/news/253755/2-cash-producing-stocks-worth-your-attention-and-1-that-underwhelm,Finviz,Finviz,20251217T140923,https://news-assets.stockstory.org/cover-images/_1400x700_crop_center-center_none/sunopta-cover-image-72dd5a03b447_2023-11-15-190739_rwat.jpeg,0.114822,Neutral,0.623756,0.321868,Somewhat-Bullish
NVDA,"RedCloud reaffirms 2025 revenue guidance, targets $100 million for 2026","RedCloud Holdings PLC has reaffirmed its full-year 2025 revenue guidance of $51-53 million and set an ambitious target of $100 million for 2026, representing significant growth from previous figures. The company's expansion plans are supported by existing market growth, increased platform adoption, joint venture agreements in markets like Turkey and Saudi Arabia, and strategic partnerships, including joining NVIDIA Connect to develop AI-native trading algorithms. RedCloud is also preparing to launch a new AI product, ""RedAI,"" in early 2026 to enhance trading decisions.",https://www.investing.com/news/company-news/redcloud-reaffirms-2025-revenue-guidance-targets-100-million-for-2026-93CH-4413241,Investing.com,Investing.com,20251217T140932,https://i-invdn-com.investing.com/news/international_newspapers_69x52._800x533_L_1419494241.jpg,0.396972,Bullish,0.642808,0.305034,Somewhat-Bullish
NVDA,"Union Bancaire Privee UBP SA Invests $3.97 Million in Comfort Systems USA, Inc. $FIX","Union Bancaire Privée (UBP SA) has acquired a new stake in Comfort Systems USA (NYSE:FIX), purchasing 4,812 shares valued at approximately $3.97 million in the third quarter. Comfort Systems USA recently increased its quarterly dividend to $0.60 per share, and analysts maintain a consensus ""Buy"" rating for the company with an average target price near $914. Despite heavy institutional ownership, company insiders have been net sellers, divesting 26,028 shares worth about $25.38 million over the past 90 days.",https://www.marketbeat.com/instant-alerts/filing-union-bancaire-privee-ubp-sa-invests-397-million-in-comfort-systems-usa-inc-fix-2025-12-17/,MarketBeat,MarketBeat,20251217T140933,https://www.marketbeat.com/logos/comfort-systems-usa-inc-logo-1200x675.png?v=20240424085012,0.196668,Somewhat-Bullish,0.607174,-0.124089,Neutral
NVDA,"Clarivate PLC (NYSE:CLVT) Given Consensus Rating of ""Reduce"" by Analysts","Clarivate PLC (NYSE:CLVT) has received a consensus ""Reduce"" rating from analysts, with an average 12-month price target of $4.425. Key insider transactions include Bar Veinstein selling 309,902 shares and director Kenneth L. Cornick buying 100,000 shares, bringing insider ownership to 23.18%. The stock is currently trading near $3.58, with a market capitalization of $2.36 billion and a negative P/E ratio of -6.27.",https://www.marketbeat.com/instant-alerts/clarivate-plc-nyseclvt-given-consensus-rating-of-reduce-by-analysts-2025-12-17/,MarketBeat,MarketBeat,20251217T141020,https://www.marketbeat.com/logos/clarivate-plc-logo-1200x675.png?v=20210319144346,0.05476,Neutral,0.638970,0.235772,Somewhat-Bullish
NVDA,Texas Instruments Incorporated $TXN Shares Sold by Thurston Springer Miller Herd & Titak Inc.,"Thurston Springer Miller Herd & Titak Inc. significantly reduced its stake in Texas Instruments (NASDAQ:TXN) by 93.1% in the third quarter, selling 23,748 shares and retaining 1,772 shares valued at $326,000. Despite this sell-off, other institutional investors like Norges Bank and Soundwatch Capital LLC increased their holdings substantially. Company insiders also sold shares, with VP Christine Witzsche selling 1,000 shares and Director Ronald Kirk selling 9,990 shares.",https://www.marketbeat.com/instant-alerts/filing-texas-instruments-incorporated-txn-shares-sold-by-thurston-springer-miller-herd-titak-inc-2025-12-17/,MarketBeat,MarketBeat,20251217T141409,https://www.marketbeat.com/logos/texas-instruments-incorporated-logo-1200x675.png,-0.112743,Neutral,0.613453,0.026392,Neutral
NVDA,"Thurston Springer Miller Herd & Titak Inc. Sells 16,160 Shares of Analog Devices, Inc. $ADI","Thurston Springer Miller Herd & Titak Inc. reduced its stake in Analog Devices, Inc. (NASDAQ:ADI) by 92.8% in the third quarter, selling 16,160 shares and retaining 1,250 shares valued at $307,000. Other institutional investors have also adjusted their holdings, and analysts currently rate Analog Devices as a ""Moderate Buy"" with a consensus target price of $285.78. Insiders have sold a significant number of shares recently, although the company continues to announce dividends and report strong earnings.",https://www.marketbeat.com/instant-alerts/filing-thurston-springer-miller-herd-titak-inc-sells-16160-shares-of-analog-devices-inc-adi-2025-12-17/,MarketBeat,MarketBeat,20251217T141454,https://www.marketbeat.com/logos/Analog_devices_logo-1200x675.jpg,0.132024,Neutral,0.689465,0.070002,Neutral
NVDA,Amazon Set to Waste $10 Billion on OpenAI,"Amazon.com Inc. reportedly plans to invest $10 billion into OpenAI, a move questioned by analysts given the highly competitive and potentially overvalued AI market. This investment is viewed as Amazon's attempt to buy its way into the semiconductor and AI chip business, where Nvidia currently dominates. Critics suggest the deal exemplifies ""round tripping"" within the industry and highlights concerns about an AI valuation bubble and the long-term profitability of leading AI companies.",https://247wallst.com/technology-3/2025/12/17/amazon-set-to-waste-10-billion-on-openai/,24/7 Wall St.,24/7 Wall St.,20251217T141757,https://247wallst.com/wp-content/uploads/2025/03/shutterstock-2268556669-huge-licensed-scaled.jpg,-0.120568,Neutral,0.854656,-0.101589,Neutral
NVDA,"Broadcom Stock (AVGO) Today: Shares Steady After Sharp Selloff as Wall Street Backs 2026 AI Growth Despite Margin Pressure (Dec. 17, 2025)","Broadcom (AVGO) shares are stabilizing after a significant post-earnings selloff, as investors weigh the company's strong AI demand against potential margin pressures from a shifting product mix towards lower-margin systems and custom processors. Despite concerns, Wall Street analysts like J.P. Morgan remain bullish, reiterating ""top pick"" status and projecting substantial AI-related revenue growth for fiscal 2026 and 2027. The company's updated dividend and free cash flow generation also provide a layer of support amidst the ""growth vs. margins"" debate.",https://ts2.tech/en/broadcom-stock-avgo-today-shares-steady-after-sharp-selloff-as-wall-street-backs-2026-ai-growth-despite-margin-pressure-dec-17-2025/,ts2.tech,ts2.tech,20251217T150736,NULL,0.036455,Neutral,0.641936,-0.124592,Neutral
NVDA,DHC stock hits 52-week high at $5.00,"Diversified Healthcare Trust (DHC) stock reached a 52-week high of $5.00, marking significant growth with a 1-year change of 118.64%. Despite trading slightly above its Fair Value and an EPS miss in Q3 2025, robust performance and positive investor sentiment are driving this upward trajectory. RBC Capital upgraded DHC to Sector Perform with a $5.00 price target, citing a favorable outlook for its senior housing portfolio.",https://www.investing.com/news/company-news/dhc-stock-hits-52week-high-at-500-93CH-4413211,Investing.com,Investing.com,20251217T150900,https://i-invdn-com.investing.com/news/news_pile_69x52._800x533_L_1419494209.jpg,-0.502301,Bearish,0.646975,-0.635898,Bearish
NVDA,Kodiak Sciences stock hits 52-week high at 26.43 USD,"Kodiak Sciences Inc. (KOD) (KOD) has reached a 52-week high of $26.43, marking a 175.77% surge over the past year and reflecting strong market confidence. This achievement follows an upsized public offering aimed at raising $160 million and a stock rating upgrade from H.C. Wainwright to ""Buy"", with increased price targets due to positive clinical trial data. The biotech firm's robust performance highlights its potential and strong investor interest, driven by ongoing clinical developments and strategic financial maneuvers.",https://www.investing.com/news/company-news/kodiak-sciences-stock-hits-52week-high-at-2643-usd-93CH-4413134,Investing.com,Investing.com,20251217T150901,https://i-invdn-com.investing.com/news/news_six_pile_69x52._800x533_L_1419494215.jpg,0.036647,Neutral,0.535096,-0.316311,Somewhat-Bearish
NVDA,Should Invesco S&P 500 GARP ETF (SPGP) Be on Your Investing Radar?,"The Invesco S&P 500 GARP ETF (SPGP) is a passively managed exchange-traded fund focused on the Large Cap Growth segment of the US equity market. Launched in 2011, it has over $2.47 billion in assets and an expense ratio of 0.36%. The ETF's top holdings include Nvidia Corp, Arista Networks Inc, and Super Micro Computer Inc, with a significant allocation to the Industrials sector.",https://www.sharewise.com/us/news_articles/Should_Invesco_SP_500_GARP_ETF_SPGP_Be_on_Your_Investing_Radar_Zacks_20251216_1220,sharewise.com,sharewise.com,20251217T150922,https://www.sharewise.com/rails/active_storage/representations/eyJfcmFpbHMiOnsibWVzc2FnZSI6IkJBaHBBOVVNYmc9PSIsImV4cCI6bnVsbCwicHVyIjoiYmxvYl9pZCJ9fQ==--8231aa6523c0304ab89432f3dc88762dd48ca471/eyJfcmFpbHMiOnsibWVzc2FnZSI6IkJBaDdCam9MY21WemFYcGxTU0lNTVRBd2VERXdNQVk2QmtWVSIsImV4cCI6bnVsbCwicHVyIjoidmFyaWF0aW9uIn19--d71e59a93dd72f76b3da5fd87c56f1ca7023f83d/zacks.png?locale=us,0.367477,Bullish,0.600817,0.342234,Somewhat-Bullish
NVDA,AI platform RedCloud is turning the $14.61T FMCG trade algorithmic,"RedCloud (NASDAQ: RCT) announced record 2025 performance with reaffirmed revenue guidance of $51-53 million, driven by market adoption and strategic partnerships including a $50 million Türkiye license. The company targets $100 million in revenue for 2026, supported by new joint ventures and licenses. RedCloud is integrating AI-driven forecasting and pricing features, planning six global hubs, and partnering with NVIDIA to build an intelligent infrastructure for the $14.61 trillion FMCG industry.",https://www.stocktitan.net/news/RCT/red-cloud-delivers-record-2025-executes-50m-turkiye-license-and-kmysebzdhn4o.html,Stock Titan,Stock Titan,20251217T150932,https://ml.globenewswire.com/media/NWQ2ODc1YzctMDgwYy00ZWE4LWIyMTktOTY5NGUxZThkNWJiLTUwMDEzMjEyOC0yMDI1LTEyLTE3LWVu/tiny/RedCloud-Holdings-plc.png,0.382295,Bullish,0.629258,0.334651,Somewhat-Bullish
NVDA,Why Microsoft is Morgan Stanley’s Top Pick in large-cap software,"Morgan Stanley has maintained Microsoft (NASDAQ:MSFT) as its top pick in large-cap software, citing robust demand across business lines and strong prospects for operating margin expansion. The firm highlighted Azure AI as a key driver, expecting significant upside to its model in the coming years due to improving gross margins for Azure AI, even excluding OpenAI revenue share. Despite trading at 23x its CY27 GAAP EPS, Morgan Stanley believes the durability of top-line demand and potential for further margin expansion are well underpriced.",https://www.investing.com/news/stock-market-news/why-microsoft-is-morgan-stanleys-top-pick-in-largecap-software-4413343,Investing.com,Investing.com,20251217T151011,https://i-invdn-com.investing.com/news/moved_LYNXMPEL9R107_L.jpg,0.246792,Somewhat-Bullish,0.559787,0.110673,Neutral
NVDA,Blue Bird stock rating reiterated at Buy by DA Davidson on strong bus orders,"DA Davidson has reiterated its Buy rating on Blue Bird Corp (NASDAQ:BLBD) following robust November school bus order data, noting a 131% year-over-year increase in orders. The firm sees Blue Bird's conservative fiscal year 2026 guidance as a potential floor, with recent strong order data and impressive Q4 2025 results suggesting significant upside. Analysts from DA Davidson, BofA Securities, and BTIG have all raised their price targets for BLBD, maintaining Buy ratings.",https://www.investing.com/news/analyst-ratings/blue-bird-stock-rating-reiterated-at-buy-by-da-davidson-on-strong-bus-orders-93CH-4413184,Investing.com,Investing.com,20251217T151040,https://i-invdn-com.investing.com/news/World_News_8_800x533_L_1420026210.jpg,0.150745,Somewhat-Bullish,0.614524,-0.318228,Somewhat-Bearish
NVDA,TACK Portfolio Manager Commentary - December 2025,"The Fairlead Tactical Sector ETF (TACK) delivered neutral returns in November 2025 despite significant sector shifts, demonstrating relative strength during market weakness. Responding to increased market risk and weakening intermediate-term momentum, TACK shifted its allocation from the Financial Select Sector SPDR® Fund (XLF) to the more defensive Health Care Select Sector SPDR® Fund (XLV). This move anticipates a lasting bullish momentum shift for the healthcare sector in 2026, supported by technical indicators like the MACD flashing a ""buy"" signal for XLV.",https://www.etftrends.com/etf-strategist-content-hub/tack-portfolio-manager-commentary-december-2025/,ETF Trends,ETF Trends,20251217T151043,https://www.etftrends.com/wp-content/uploads/2025/11/DIA-1600x121-text-overlay.png,0.034732,Neutral,0.649299,-0.382062,Bearish
NVDA,"Alphabet (GOOG) Class C Stock News Today: Waymo’s $100B+ Funding Talks, Gemini Expansion, and Fresh Analyst Targets (Dec. 17, 2025)","Alphabet's Class C shares traded lower on Wednesday, December 17, 2025, amidst news of Waymo's potential funding round exceeding $100 billion valuation and Google's expansion of its Gemini AI model with the experimental agent ""CC."" Analysts maintain a constructive outlook on GOOG stock, highlighting the importance of AI, ads, and Cloud growth while acknowledging risks like regulatory uncertainty and escalating AI competition. The article comprehensively covers major headlines, analyst forecasts, and key risks influencing Alphabet's performance.",https://ts2.tech/en/alphabet-goog-class-c-stock-news-today-waymos-100b-funding-talks-gemini-expansion-and-fresh-analyst-targets-dec-17-2025/,ts2.tech,ts2.tech,20251217T153654,NULL,0.122562,Neutral,0.621310,0.248968,Somewhat-Bullish
NVDA,Micron’s Monster 2025 Run Meets Its Biggest Quarter Yet — MU Stock Is Slipping - Micron Technology (NASDAQ:MU),"Micron Technology's stock is sliding ahead of its first-quarter earnings report, despite a significant year-to-date rally. This quarter is crucial as the market expects clear evidence of the AI memory thesis translating into improved margins and sustained pricing power, rather than just revenue growth. The recent pullback is seen as profit protection rather than a broken thesis, with investors focusing heavily on forward guidance to confirm a sustained earnings ramp beyond a single quarter.",https://www.benzinga.com/trading-ideas/movers/25/12/49454461/microns-monster-2025-run-meets-its-biggest-quarter-yet-and-the-stock-is-slipping,Benzinga,Benzinga,20251217T160823,https://cdn.benzinga.com/files/images/story/2025/07/24/article-header-background-image.png?quality=85&auto=webp&width=1300,0.071701,Neutral,0.610673,0.346731,Somewhat-Bullish
NVDA,NVT vs. APH: Which Electrical Infrastructure Stock Has an Edge?,"This article compares nVent Electric (NVT) and Amphenol (APH), two key players in electrical equipment and connectivity, assessing their fundamentals, growth prospects, challenges, and valuation. It concludes that Amphenol has an edge over nVent Electric due to stronger revenue growth, improving earnings estimates, and better recent stock performance, despite its higher valuation. Both companies are benefiting from the rising demand for AI data centers and infrastructure.",https://finviz.com/news/256263/nvt-vs-aph-which-electrical-infrastructure-stock-has-an-edge,Finviz,Finviz,20251217T160941,NULL,0.313279,Somewhat-Bullish,0.646912,0.344318,Somewhat-Bullish
NVDA,Cathie Wood’s ARK Buys $59M in Crypto Stocks During Market Slump,"Cathie Wood's ARK Invest purchased $59 million in crypto-related stocks on December 15, embracing a ""buy the dip"" strategy amidst a market downturn. This substantial acquisition highlights ARK's continued conviction in the crypto sector, with such stocks now comprising over $1.5 billion of its total $6.7 billion portfolio. Despite challenges faced by some holdings like CoreWeave, ARK maintains significant positions in companies like Coinbase, Circle, and Bitmine.",https://www.valuewalk.com/news/cathie-woods-ark-buys-59m-in-crypto-stocks-like-coinbase-circle-as-market-slump-deepens/,ValueWalk,ValueWalk,20251217T161048,https://www.valuewalk.com/wp-content/uploads/2019/05/Cathie-Woods-1024x572.jpg,-0.021164,Neutral,0.604407,0.105674,Neutral
NVDA,"Bill Gates, Ken Fisher Rake In $1.7 Billion From Dow Stock That Trounced Nvidia","Bill Gates and Ken Fisher have seen combined gains of approximately $1.7 billion from their holdings in Caterpillar (NYSE: CAT), which has become the top-performing Dow stock, up over 62% year-to-date. This rally highlights a shift towards valuing reliability and infrastructure exposure, as Caterpillar's steady growth contrasts with more volatile tech stocks like Nvidia. The significant unrealized gains for the Gates Foundation and Fisher Asset Management underscore the underestimated success of this industrial heavyweight.",https://www.benzinga.com/markets/hedge-funds/25/12/49454321/bill-gates-ken-fisher-rake-in-1-7-billion-from-dow-stock-that-trounced-nvidia,Benzinga,Benzinga,20251217T162236,https://cdn.benzinga.com/files/images/story/2025/07/24/article-header-background-image.png?quality=85&auto=webp&width=1300,0.137526,Neutral,0.810444,-0.189437,Somewhat-Bearish
NVDA,"Quantify Funds to Close STKd ETFs APED, SPCY, and ZIPP","Quantify Funds, in coordination with Tidal Financial Group, announced the closure and liquidation of three STKd ETFs: APED, SPCY, and ZIPP. The decision was made after a comprehensive review, deemed to be in the best interests of shareholders. These ETFs will cease trading on Nasdaq on December 22, 2025, with final liquidation occurring around December 29, 2025.",https://fox2now.com/business/press-releases/globenewswire/9604044/quantify-funds-to-close-stkd-etfs-aped-spcy-and-zipp,FOX 2,FOX 2,20251217T163700,https://i0.wp.com/fox2now.com/wp-content/uploads/sites/14/2025/11/AP25331602061420.jpg?w=2000&ssl=1,-0.698194,Bearish,0.719348,-0.645707,Bearish
NVDA,Intel Snaps Up AI Tech for Pennies on the Dollar,"Intel Corporation is reportedly close to acquiring AI startup SambaNova Systems for approximately $1.6 billion, a significant discount from its $5 billion valuation in 2021. This strategic move aims to leverage Intel's renewed financial strength to fast-track its AI roadmap, particularly in the inference market, which is projected to surpass the training market by 2027. The acquisition, potentially de-risked by Intel CEO Lip-Bu Tan's prior executive role at SambaNova, signifies Intel's shift from defense to offense in the competitive AI semiconductor space.",https://www.theglobeandmail.com/investing/markets/stocks/INTC/pressreleases/36696490/intel-snaps-up-ai-tech-for-pennies-on-the-dollar/,The Globe and Mail,The Globe and Mail,20251217T174700,https://barchart-news-media-prod.aws.barchart.com/MKTBEAT/1787a451e36ccf7e761b02ec91a5f3ad/med_20251216113524_intel-snaps-up-ai-tech-for-pennies-on-the-dollar.png,0.403328,Bullish,0.809688,0.349038,Somewhat-Bullish
NVDA,Alumis (NASDAQ:ALMS) Stock Price Down 5.4% - Time to Sell?,"Shares of Alumis (NASDAQ:ALMS) fell 5.4% to $10.785 on Wednesday, with trading volume significantly lower than average. This drop occurred despite a ""Moderate Buy"" consensus rating from analysts, though some, like Weiss Ratings, maintain a ""sell."" Insider buying activity has been substantial, with insiders acquiring 2.79 million shares recently and owning approximately 40.7% of the company.",https://www.marketbeat.com/instant-alerts/alumis-nasdaqalms-stock-price-down-54-time-to-sell-2025-12-17/,MarketBeat,MarketBeat,20251217T180932,https://www.marketbeat.com/logos/alumis-inc-logo-1200x675.png?v=20240726132045,-0.027872,Neutral,0.625201,0.144516,Neutral
NVDA,"Nvidia, SMCI, Broadcom Slide As Amazon-OpenAI Talks Stoke Fears — Fund Manager Sees Buying Opportunity","Major AI-related stocks like Broadcom, Super Micro Computer Inc, and Nvidia declined following a report that Amazon is in talks to invest up to $10 billion in OpenAI, with OpenAI potentially using Amazon Web Services' (AWS) Trainium chips. Investors are concerned this could reduce OpenAI's reliance on Broadcom and Nvidia chips, causing a sector-wide pullback. Despite the dip, fund manager Ross Gerber views this as a buying opportunity for publicly traded AI stocks, noting their current ""cheap"" valuation.",https://stocktwits.com/news-articles/markets/equity/nvidia-smci-broadcom-slide-as-amazon-open-ai-talks-stoke-fears/cLeOY5FREqM,Stocktwits,Stocktwits,20251217T182300,https://news.stocktwits-cdn.com/large_Getty_Images_2244386520_1_jpg_e364bca397.webp,-0.01422,Neutral,0.950856,-0.203715,Somewhat-Bearish
NVDA,Johnson & Johnson Stock (JNJ) News Today: RBC Raises Target to $240 as FDA Actions and Talc Verdict Shape the 2026 Outlook,"RBC has raised its price target for Johnson & Johnson (JNJ) stock to $240, maintaining an Outperform rating, as the company navigates significant FDA approvals and ongoing talc litigation. JNJ shares are currently trading around $210, with investors balancing the company's defensive qualities and pipeline catalysts against the financial implications of legal challenges. The mixed sentiment reflects both JNJ's strong fundamentals and potential near-term headwinds.",https://ts2.tech/en/johnson-johnson-stock-jnj-news-today-rbc-raises-target-to-240-as-fda-actions-and-talc-verdict-shape-the-2026-outlook/,ts2.tech,ts2.tech,20251217T190813,https://ts2.tech/wp-content/plugins/wp-youtube-lyte/lyteCache.php?origThumbUrl=https%3A%2F%2Fi.ytimg.com%2Fvi%2FEMU5xZeW1pk%2F0.jpg,-0.020347,Neutral,0.623610,-0.293473,Somewhat-Bearish
NVDA,Is TSM Stock Still Attractive After Its Huge AI Driven Three Year Surge?,"Taiwan Semiconductor Manufacturing (TSM) has seen significant share price appreciation over the last three years, largely driven by AI demand, but its valuation is now mixed. While a Discounted Cash Flow analysis suggests the stock might be overvalued by approximately 32.1%, its Price-to-Earnings ratio of 23.7x is below the industry average and a proprietary Fair PE estimate of 37.5x, possibly indicating undervaluation based on fundamentals. The article encourages investors to develop their own narratives for valuation, linking assumptions to financial forecasts.",https://simplywall.st/stocks/us/semiconductors/nyse-tsm/taiwan-semiconductor-manufacturing/news/is-tsm-stock-still-attractive-after-its-huge-ai-driven-three,Simply Wall Street,Simply Wall Street,20251217T190900,,0.068843,Neutral,0.633345,0.340245,Somewhat-Bullish
NVDA,Should You Invest in the Invesco PHLX Semiconductor ETF (SOXQ)?,"The Invesco PHLX Semiconductor ETF (SOXQ), launched in June 2021, offers investors a passively managed, low-cost way to gain diversified exposure to the Technology - Semiconductors sector. With a Zacks ETF Rank of 1 (Strong Buy), SOXQ has performed strongly year-to-date, gaining over 41%, and holds key positions in companies like Nvidia, AMD, and Broadcom. It presents an excellent option for investors seeking exposure to this market segment, competing with other major semiconductor ETFs like SOXX and SMH.",https://www.sharewise.com/us/news_articles/Should_You_Invest_in_the_Invesco_PHLX_Semiconductor_ETF_SOXQ_Zacks_20251216_1220,sharewise.com,sharewise.com,20251217T190908,https://www.sharewise.com/rails/active_storage/representations/eyJfcmFpbHMiOnsibWVzc2FnZSI6IkJBaHBBOVVNYmc9PSIsImV4cCI6bnVsbCwicHVyIjoiYmxvYl9pZCJ9fQ==--8231aa6523c0304ab89432f3dc88762dd48ca471/eyJfcmFpbHMiOnsibWVzc2FnZSI6IkJBaDdCam9MY21WemFYcGxTU0lNTVRBd2VERXdNQVk2QmtWVSIsImV4cCI6bnVsbCwicHVyIjoidmFyaWF0aW9uIn19--d71e59a93dd72f76b3da5fd87c56f1ca7023f83d/zacks.png?locale=us,0.313723,Somewhat-Bullish,0.743045,0.332251,Somewhat-Bullish
NVDA,"Wingstop (WING) Stock Trades Up, Here Is Why","Shares of Wingstop (WING) rose after Freedom Capital Markets initiated coverage with a 'Buy' rating and a $320 price target, implying a 33% upside. This development coincides with the company's continued expansion, including three new locations in the United Kingdom, bringing its total there to 85. Despite being down 14.4% year-to-date, the stock's recent performance is underpinned by positive analyst sentiment and global growth.",https://finviz.com/news/256558/wingstop-wing-stock-trades-up-here-is-why,Finviz,Finviz,20251217T190922,https://news-assets.stockstory.org/cover-images/_1400x700_crop_center-center_none/wingstop-cover-image-789a979ef920_2023-09-07-172346_amge.jpeg,0.199846,Somewhat-Bullish,0.620909,0.115517,Neutral
NVDA,Picture This: AI Bubble Bursting Would Wipe Out 2.5 Million Jobs in US Tech Sector,"A scenario analysis by S&P Global Market Intelligence explores the potential economic fallout if the current AI boom were to burst. The analysis suggests that an AI bubble bursting could lead to a dramatic market downturn, wipe out over 2.5 million jobs in the US tech sector, and cause the S&P 500 to lose more than 50% of its value, significantly impacting households and innovation spending. This scenario highlights the vulnerability of the AI market due to its concentration on a few tech giants.",https://www.spglobal.com/market-intelligence/en/news-insights/research/2025/12/picture-this-scenario-ai-bubble-burst-wipes-out-us-tech-jobs,S&P Global,S&P Global,20251217T191003,https://spglobal.scene7.com/is/image/spglobalcom/MI_1225_USA_employment_AI_bubble_scenario?$responsive$,-0.200565,Somewhat-Bearish,0.640365,-0.205875,Somewhat-Bearish
NVDA,Is It Too Late To Consider KLA After Its Huge 2024 Share Price Surge?,"KLA Corporation has seen a significant share price surge in 2024, raising questions about its current valuation. According to a Discounted Cash Flow (DCF) analysis, KLA appears overvalued by 93.2%, with a current market price significantly above its intrinsic value of around $633 per share. Similarly, its current P/E ratio of 37.9x is above Simply Wall St's calculated Fair Ratio of 28.6x, further suggesting overvaluation.",https://simplywall.st/stocks/us/semiconductors/nasdaq-klac/kla/news/is-it-too-late-to-consider-kla-after-its-huge-2024-share-pri,Simply Wall Street,Simply Wall Street,20251217T193657,https://images.ctfassets.net/n07nr2koi959/6YVpCWgrk0c9DenG6UgW8m/d79e37d527c71a95e08b9ce1071ba986/Image_from_iOS.jpg?fit=thumb&w=64&h=64,0.133807,Neutral,0.568215,0.333050,Somewhat-Bullish
NVDA,Is AES Corporation Stock Underperforming the Nasdaq?,"The AES Corporation (AES) is a global energy company with a market capitalization of $9.9 billion. While it has recently climbed 7.2% over the past three months, outperforming the Nasdaq Composite, its year-to-date and 52-week performance lags significantly behind the index. Analysts maintain a ""Moderate Buy"" rating for AES, projecting a 14.2% upside potential from current price levels.",https://finance.yahoo.com/news/aes-corporation-stock-underperforming-nasdaq-113511433.html,Yahoo Finance,Yahoo Finance,20251217T200737,https://s.yimg.com/ny/api/res/1.2/FsXd4C7hv0TIGCK4UI.0EQ--/YXBwaWQ9aGlnaGxhbmRlcjt3PTExODtoPTQ4O2NmPXdlYnA-/https://s.yimg.com/os/creatr-uploaded-images/2025-06/fbaffe90-4bbe-11f0-afff-8dc7565ae31b,-0.087383,Neutral,0.597938,-0.200852,Somewhat-Bearish
NVDA,"Synopsys Stock (SNPS) News Today — Dec. 17, 2025: Class-Action Headlines, Nvidia’s $2B Stake, and Wall Street’s 2026 Outlook","Synopsys (SNPS) is facing class-action reminders while benefiting from a $2 billion Nvidia investment and strong 2026 outlook. The company's post-Ansys transformation and AI-accelerated engineering partnerships are key drivers, alongside its recently reported record FY2025 revenue and optimistic FY2026 guidance. Investors are weighing these strategic catalysts against ongoing litigation risks and challenges in its Design IP business segment.",https://ts2.tech/en/synopsys-stock-snps-news-today-dec-17-2025-class-action-headlines-nvidias-2b-stake-and-wall-streets-2026-outlook/,ts2.tech,ts2.tech,20251217T200824,NULL,0.179802,Somewhat-Bullish,0.813763,0.344806,Somewhat-Bullish
NVDA,The Unassailable Fortress: Why TSMC Dominates the Semiconductor Landscape and What It Means for Investors,"TSMC is an undisputed leader in the global semiconductor industry, particularly for advanced AI and HPC chips, commanding approximately 70-72% of the pure-play foundry market. Its technological prowess with 3nm, 5nm, and impending 2nm nodes, alongside advanced packaging solutions like CoWoS, makes it indispensable to major tech giants. The company's financial performance is robust, but it faces geopolitical risks due to its concentration in Taiwan and increasing competition.",https://markets.financialcontent.com/wral/article/tokenring-2025-12-17-the-unassailable-fortress-why-tsmc-dominates-the-semiconductor-landscape-and-what-it-means-for-investors,Markets Financial Content,Markets Financial Content,20251217T200900,https://news.tokenring.ai/wp-content/uploads/2025/12/5d8a4bc0-bb91-4347-a681-50805749aa06-1024x683.png,0.588803,Bullish,0.891037,0.729462,Bullish
NVDA,Astera Labs Stock: Overreaction or Potential Opportunity?,"Astera Labs (NASDAQ: ALAB) stock has recently seen a 5.35% increase, despite an earlier 13% drop that analysts view as an overreaction to Amazon's announcements. The company exhibits robust financials, including a 75.4% gross margin, 27.5% profit margin, strong revenue and operating income, and zero debt. Analysts from Jefferies and Stifel see a potential buying opportunity due to strong fundamentals and strategic positioning.",https://stockstotrade.com/news/astera-labs-inc-alab-news-2025_12_17/,StocksToTrade,StocksToTrade,20251217T200927,https://content.stockstotrade.com/wp-content/uploads/2025/12/dynamic-stock-market-analysis-28.png,0.273747,Somewhat-Bullish,0.606845,0.210119,Somewhat-Bullish
NVDA,Otter Tail stock hits 52-week high at 86.23 USD,"Otter Tail Corporation's stock reached a 52-week high of 86.23 USD, reflecting a 17.16% appreciation over the past year. The company boasts an attractive P/E ratio of 12.97, a 2.48% dividend yield, and a 55-year streak of dividend payments, indicating strong financial health and investor confidence. Despite recent third-quarter earnings falling short of analyst expectations, the stock's stability and perceived undervaluation suggest potential for further growth.",https://www.investing.com/news/company-news/otter-tail-stock-hits-52week-high-at-8623-usd-93CH-4413514,Investing.com,Investing.com,20251217T200942,https://i-invdn-com.investing.com/news/World_News_10_800x533_L_1420026292.jpg,-0.185966,Somewhat-Bearish,0.603679,-0.346967,Somewhat-Bearish
NVDA,Fortinet and Nvidia integrate cloud firewall with data processing unit for AI security,"Fortinet and Nvidia have partnered to integrate Fortinet's FortiGate-VM virtual cloud firewall directly onto Nvidia's BlueField-3 data processing unit (DPU). This collaboration aims to enhance security for AI factories and high-performance private cloud environments by offloading critical security functions to the DPU, preventing slowdowns of demanding AI workloads. The solution promises improved isolation, reduced latency, and simplified policy enforcement in hybrid and multicloud setups.",https://www.scworld.com/brief/fortinet-and-nvidia-integrate-cloud-firewall-with-data-processing-unit-for-ai-security,SC Media,SC Media,20251217T204155,https://image-optimizer.cyberriskalliance.com/unsafe/1920x0/https://files.cyberriskalliance.com/wp-content/uploads/2023/06/0612_fortinet.jpg,0.457621,Bullish,0.906133,0.488260,Bullish
NVDA,Moody’s upgrades Marvell’s senior unsecured ratings to Baa2,"Moody’s Ratings has upgraded Marvell Technology, Inc.'s senior unsecured ratings to Baa2 from Baa3 with a stable outlook, citing expectations of rapidly strengthening credit profile due to growing profitability and conservative financial policies. This upgrade is driven by Marvell’s business transformation through strategic acquisitions and R&D investments, particularly in its data center segment, which is projected to represent 75% of revenue by fiscal year 2026. Moody's anticipates significant revenue growth approaching $10 billion by FY 2027 and strong operating income growth, with total debt to EBITDA expected to fall below 1.5x by FYE 2027.",https://www.investing.com/news/stock-market-news/moodys-upgrades-marvells-senior-unsecured-ratings-to-baa2-93CH-4413574,Investing.com,Investing.com,20251217T205610,https://i-invdn-com.investing.com/news/Cisco-Systems_2_800x533_L_1412262217.jpg,-0.005766,Neutral,0.630613,-0.100220,Neutral
NVDA,Recursion Pharmaceuticals Stock Is Soaring Today: Here's Why,"Recursion Pharmaceuticals (NASDAQ: RXRX) stock rose sharply today after JPMorgan upgraded its rating to Overweight with an increased price target of $11. The upgrade was driven by confidence in Recursion's AI-driven drug discovery platform, particularly the ""blockbuster potential"" of REC‑4881 and promising early results for REC‑617. The company's AI-driven approach is also gaining attention as major AI players like OpenAI and Anthropic are reportedly exploring partnerships with biotechs.",https://www.sahmcapital.com/news/content/recursion-pharmaceuticals-stock-is-soaring-today-heres-why-2025-12-17,Sahm,Sahm,20251217T210600,,0.446356,Bullish,0.649698,0.340661,Somewhat-Bullish
NVDA,What's Going On With Arm Shares Wednesday?,"Arm Holdings Plc shares are trading lower due to reports that China is developing a prototype extreme ultraviolet (EUV) lithography machine, raising concerns about competition in advanced AI chip technology. Additionally, news that Blue Owl Capital will not fund a $10 billion Oracle data center deal weighed on sentiment for companies tied to large-scale data center development. These developments contribute to increased investor worry regarding Oracle's debt and AI infrastructure spending, impacting the broader semiconductor and AI ecosystem.",https://www.benzinga.com/trading-ideas/movers/25/12/49463554/whats-going-on-with-arm-shares-wednesday,Benzinga,Benzinga,20251217T210918,https://cdn.benzinga.com/files/images/story/2025/07/24/article-header-background-image.png?quality=85&auto=webp&width=1300,-0.291712,Somewhat-Bearish,0.608952,-0.213780,Somewhat-Bearish
NVDA,Nvidia stock price takes another hit as Wall Street debates an AI bubble. Here’s why it’s down today,"Nvidia's stock fell to a three-month low amidst concerns of an AI bubble and increasing competition from companies like MetaX Integrated Circuits. Despite positive outlooks from analysts at UBS and Bank of America, the negative sentiment has caused Nvidia's stock to tumble more than 16% in two months. Prominent investors Michael Burry and Jim Chanos are actively shorting Nvidia stock, believing the AI market may be overinflated.",https://www.fastcompany.com/91462313/nvidia-stock-price-takes-another-hit-as-wall-street-debates-an-ai-bubble-heres-why-its-down-today,Fast Company,Fast Company,20251217T210935,"https://images.fastcompany.com/image/upload/f_webp,c_fit,w_1920,q_auto/wp-cms-2/2025/12/p-91462313-nvidia-stock-dip-december-17-2025.jpg",-0.283042,Somewhat-Bearish,0.966513,-0.335348,Somewhat-Bearish
NVDA,【即時新聞】iShares iBonds Dec 2030 Term Treasury ETF 宣布月度分配，投資人關注,"iShares iBonds Dec 2030 Term Treasury ETF (IBTK) has announced a monthly distribution of $0.0587 per share, attracting investor attention. The ETF's 30-day SEC yield is 3.62% as of December 17, with the distribution payable on December 24. This announcement led to a significant increase in trading volume, indicating strong market interest.",https://www.cmoney.tw/forum/article/175642739,CMoney,CMoney,20251217T211003,NULL,0.316291,Somewhat-Bullish,0.648142,0.340792,Somewhat-Bullish
NVDA,Nvidia settles trade-secret lawsuit over driving assistance technology,"Nvidia has settled a lawsuit filed by automotive supplier Valeo, which accused a former Valeo software engineer, later hired by Nvidia, of stealing trade secrets related to car parking assistance technology. The alleged theft was inadvertently revealed during a video call between the two companies. Nvidia had denied the claims and had previously fired the engineer after the allegations surfaced.",https://www.reuters.com/legal/litigation/nvidia-settles-trade-secret-lawsuit-over-driving-assistance-technology-2025-12-17/,Reuters,Reuters,20251217T214135,https://www.reuters.com/resizer/v2/5WZKYVKYORLLPIQUB63OEAHAXY.jpg?auth=71623812ba015ae22a005e47b451b9ddd193913474b8c5d4743048623dd78580&width=1920&quality=80,0.003037,Neutral,0.308793,0.019605,Neutral
NVDA,"Alphabet (GOOG) Stock After Hours Today (Dec. 17, 2025): Google’s AI-Chip Push, Gemini 3 Flash Rollout, and What to Watch Before Thursday’s Market Open","Alphabet's Class C shares (NASDAQ: GOOG) saw a volatile session, closing sharply lower amidst broader tech pullbacks driven by anxiety over AI infrastructure costs. Despite this, Google made significant announcements regarding its AI chip development (TorchTPU), the global rollout of Gemini 3 Flash, and long-term strategic moves like Waymo fundraising talks and YouTube securing Oscars streaming rights. Investors are advised to watch Thursday's CPI and Philadelphia Fed Manufacturing Survey for potential market movements.",https://ts2.tech/en/alphabet-goog-stock-after-hours-today-dec-17-2025-googles-ai-chip-push-gemini-3-flash-rollout-and-what-to-watch-before-thursdays-market-open/,ts2.tech,ts2.tech,20251217T220824,NULL,0.057027,Neutral,0.706612,0.106856,Neutral
NVDA,Is Ericsson (OM:ERIC B) Fairly Priced After a 20% Three‑Month Rebound? A Valuation Check,"Telefonaktiebolaget LM Ericsson (OM:ERIC B) has seen its share price rebound by approximately 20% over the last three months, suggesting renewed investor interest despite ongoing earnings pressure. While intrinsic value models indicate a potential discount, the stock is considered about 2.5% overvalued based on a narrative fair value of SEK 87.4 against its current SEK 89.6. The report highlights Ericsson's strong position in telecom infrastructure buildout for AI and edge computing, but also cautions about risks from telecom capex headwinds and geopolitical restrictions.",https://simplywall.st/stocks/se/tech/sto-eric-b/telefonaktiebolaget-lm-ericsson-shares/news/is-ericsson-omeric-b-fairly-priced-after-a-20-threemonth-reb,Simply Wall Street,Simply Wall Street,20251217T220908,NULL,0.195376,Somewhat-Bullish,0.645641,0.213378,Somewhat-Bullish
NVDA,Commercial Metals increases credit facility to $1 billion,"Commercial Metals Company (NYSE:CMC) has amended its revolving credit facility, increasing its borrowing capacity from $600 million to $1 billion and extending the maturity date to December 17, 2030. The company, which has a market capitalization of $7.77 billion and a 55-year history of dividend payments, is expected to report its next earnings on January 8, 2026. This move follows recent acquisitions and positive analyst rating upgrades from Jefferies and JPMorgan.",https://www.investing.com/news/company-news/commercial-metals-increases-credit-facility-to-1-billion-93CH-4413691,Investing.com,Investing.com,20251217T221046,https://i-invdn-com.investing.com/news/World_News_9_800x533_L_1420026261.jpg,-0.119929,Neutral,0.647130,-0.322178,Somewhat-Bearish
NVDA,3 Reasons AMSC Has Explosive Upside Potential,"American Superconductor (AMSC) has shown a disappointing 6% loss in its share price over the past six months, despite significant growth in revenue, free cash flow margin, and return on invested capital over the last five years. The company, initially focused on superconductor research, has successfully adapted to new energy and naval technology requirements. With a forward P/E of 36.5x, the article suggests AMSC may present an opportunity for investors following its recent drawdown.",https://finviz.com/news/257866/3-reasons-amsc-has-explosive-upside-potential,Finviz,Finviz,20251217T230300,https://news-assets.stockstory.org/cover-images/_1400x700_crop_center-center_none/american-superconductor-cover-image-b2eea9389c46_2024-08-02-165358_hfnq.jpeg,0.418749,Bullish,0.622835,0.382111,Bullish
NVDA,DoubleDown Interactive prices secondary offering at $8 per ADS,"DoubleDown Interactive (NASDAQ:DDI) has announced the pricing of a secondary offering of 2,330,468 American Depositary Shares (ADSs) at $8.00 per ADS by STIC Special Situation Diamond Limited. The offering, representing a slight discount to the current market price, will not generate proceeds for DoubleDown. The company maintains a strong financial position, and the transaction is expected to close around December 18, 2025.",https://www.investing.com/news/company-news/doubledown-interactive-prices-secondary-offering-at-8-per-ads-93CH-4412761,Investing.com,Investing.com,20251217T230920,https://i-invdn-com.investing.com/news/World_News_8_800x533_L_1420026210.jpg,0.134774,Neutral,0.562800,0.186309,Somewhat-Bullish
NVDA,Global Economic Outlook 2026,"S&P Global forecasts a global economic rebalancing in 2026, with growth slowdowns in mainland China and the eurozone shifting focus to domestic demand. Developing economies are predicted to outperform due to less exposure to US tariffs, while India's growth rate will moderate from a high base. The US dollar is expected to continue its depreciating trend.",https://www.spglobal.com/market-intelligence/en/news-insights/research/2025/12/global-economic-outlook-2026,S&P Global,S&P Global,20251217T231003,NULL,0.115614,Neutral,0.630624,0.108069,Neutral
NVDA,1 Unpopular Stock That Deserves a Second Chance and 2 We Find Risky,"This article identifies one stock, Oscar Health (OSCR), as a potential buy despite market unpopularity due to strong revenue growth and improving free cash flow. Conversely, it cautions against Amtech Systems (ASYS) and Rockwell Automation (ROK), citing concerns like declining sales, low free cash flow margins, and waning returns on capital for both. The author uses independent analysis to assess whether bearish market sentiments are justified.",https://finviz.com/news/257120/1-unpopular-stock-that-deserves-a-second-chance-and-2-we-find-risky,Finviz,Finviz,20251217T233400,https://news-assets.stockstory.org/cover-images/_1400x700_crop_center-center_none/amtech-systems-cover-image-be9be5e6aa6a_2023-01-29-113403_nrvm.jpeg,-0.088112,Neutral,0.608291,0.532570,Bullish
NVDA,Will Kirby’s (KEX) Q3 Revenue Beat on Marine and Power Demand Change Its Investment Narrative?,"Kirby (KEX) exceeded revenue expectations in Q3 with $871.2 million, a 4.8% year-on-year increase, driven by strong coastal marine and power generation operations. While this performance reinforces near-term catalysts, the long-term investment narrative still heavily relies on management's ability to navigate cyclical petrochemical and energy markets, which could impact inland barge utilization. Despite share repurchases, investors need to consider potential weaknesses in chemical volumes and their effect on Kirby's pricing power and utilization.",https://simplywall.st/stocks/us/transportation/nyse-kex/kirby/news/will-kirbys-kex-q3-revenue-beat-on-marine-and-power-demand-c,Simply Wall Street,Simply Wall Street,20251218T000859,https://images.simplywall.st/company/35154fdf-b7c7-4a38-b012-29fc4c0387af/chart/quote-price,0.163472,Somewhat-Bullish,0.623747,0.251731,Somewhat-Bullish
NVDA,Omnicom Group (OMC): Is the Recent Share Price Rebound Leaving the Stock Undervalued?,"Omnicom Group has seen a recent share price rebound, with the stock up 13% in the past month. Despite this momentum, the company is still slightly negative year-to-date and is considered undervalued with a narrative fair value near $101.56 against its last close of $82.70. This undervaluation is supported by disciplined cost management, operational restructuring, and anticipated synergy targets, with potential risks from integration hurdles and AI-driven in-housing by clients.",https://simplywall.st/stocks/us/media/nyse-omc/omnicom-group/news/omnicom-group-omc-is-the-recent-share-price-rebound-leaving,Simply Wall Street,Simply Wall Street,20251218T001053,NULL,0.169154,Somewhat-Bullish,0.602929,0.242438,Somewhat-Bullish
NVDA,Is It Too Late To Consider Applied Materials After Its Strong 2025 Share Price Surge?,"Applied Materials (AMAT) has experienced significant share price growth, up 51.5% year-to-date, fueled by AI and chip capacity investments. While a Discounted Cash Flow analysis suggests it might be 58.4% overvalued, its Price-to-Earnings ratio indicates it's modestly undervalued compared to industry peers. The article explores different valuation ""Narratives"" for AMAT, highlighting both bull and bear cases for its future performance.",https://simplywall.st/stocks/us/semiconductors/nasdaq-amat/applied-materials/news/is-it-too-late-to-consider-applied-materials-after-its-stron,Simply Wall Street,Simply Wall Street,20251218T010741,https://images.ctfassets.net/n07nr2koi959/6YVpCWgrk0c9DenG6UgW8m/d79e37d527c71a95e08b9ce1071ba986/Image_from_iOS.jpg?fit=thumb&w=64&h=64,0.062462,Neutral,0.561945,0.044629,Neutral
NVDA,"Vestis (VSTS) Stock Trades Up, Here Is Why","Shares of Vestis Corporation (VSTS) rose after director Keith Meister purchased over one million shares for $6.8 million, signaling confidence in the company's future despite its year-to-date decline and recent CFO departure. The stock, which has been highly volatile and significantly down for the year, saw a brief jump to 2.2% before settling at a 0.6% gain. This insider buy comes amidst financial challenges for Vestis, including falling short of earnings expectations.",https://stockstory.org/us/stocks/nyse/vsts/news/why-up-down/vestis-vsts-stock-trades-up-here-is-why,StockStory,StockStory,20251218T010842,https://news-assets.stockstory.org/cover-images/_1400x700_crop_center-center_none/vestis-corporation-cover-image-21b3bfc446bf_2025-03-10-174439_wvvn.jpeg?size=1000x500,0.171491,Somewhat-Bullish,0.642828,0.139362,Neutral
NVDA,Can Occidental Petroleum (OXY) Stock Beat The Market?,"Occidental Petroleum (OXY) has shown a mixed performance against the S&P 500, underperforming in recent years due to lower oil prices but significantly outperforming over a five-year span. This long-term success is attributed to both higher oil prices and the company's strategic debt reduction and operational improvements, which also attracted Warren Buffett's investment. With future growth catalysts in its upstream portfolio and lower-carbon energy initiatives, Occidental Petroleum aims to continue delivering market-beating returns.",https://finviz.com/news/255815/can-occidental-petroleum-oxy-stock-beat-the-market,Finviz,Finviz,20251218T010924,https://g.foolcdn.com/image/?url=https%3A%2F%2Fg.foolcdn.com%2Feditorial%2Fimages%2F844183%2Fa-person-holding-a-wrench-near-an-oil-pump.jpg&w=700,0.317605,Somewhat-Bullish,0.614314,0.325852,Somewhat-Bullish
NVDA,Boston Scientific (BSX): Revisiting Valuation After Recent Pullback and Ongoing Growth Momentum,"Boston Scientific (BSX) has seen a recent pullback but maintains strong long-term momentum with double-digit revenue and earnings growth. While a popular narrative suggests it's 25.3% undervalued with a fair value of $126.48 due to investments in high-margin technologies and acquisitions, its current P/E ratio of 50.2x is above industry averages, suggesting potential downside risk if growth expectations aren't met. The article encourages investors to explore different valuation perspectives and consider key risks and rewards.",https://simplywall.st/stocks/us/healthcare/nyse-bsx/boston-scientific/news/boston-scientific-bsx-revisiting-valuation-after-recent-pull,Simply Wall Street,Simply Wall Street,20251218T011026,NULL,0.214643,Somewhat-Bullish,0.594539,0.336433,Somewhat-Bullish
NVDA,Fortinet Delivers Isolated Infrastructure Acceleration for the AI Factory with NVIDIA,"Fortinet has announced an integrated solution, FortiGate VM, running directly on the NVIDIA BlueField-3 DPU, to provide isolated infrastructure acceleration for AI factories. This collaboration embeds networking and offloads core security functions like firewalling and segmentation to the DPU, eliminating performance impact on host CPUs. The solution aims to deliver high-performance, stronger isolation, and simplified operations for securing AI and private cloud environments.",https://www.sahmcapital.com/news/content/fortinet-delivers-isolated-infrastructure-acceleration-for-the-ai-factory-with-nvidia-2025-12-16,Sahm,Sahm,20251218T020847,NULL,0.434028,Bullish,0.886481,0.447281,Bullish
NVDA,Oracle spooks the stock market after key partner refuses to fund $10B Michigan data center project,"Oracle's stock fell over 4% after a report that key financial partner Blue Owl Capital LLC withdrew from funding a $10 billion data center project in Michigan. This news caused concern on Wall Street due to Oracle's aggressive AI infrastructure spending and its close ties to OpenAI, which is not yet profitable. Oracle confirmed Blue Owl's non-involvement but stated the project remains on schedule with an alternative equity partner.",https://siliconangle.com/2025/12/17/oracle-spooks-stock-market-key-partner-refuses-fund-10b-michigan-data-center-project/,SiliconANGLE,SiliconANGLE,20251218T020851,https://d15shllkswkct0.cloudfront.net/wp-content/blogs.dir/1/files/2025/12/Screenshot-from-2025-12-18-08-49-03.png,-0.194778,Somewhat-Bearish,0.598048,-0.222478,Somewhat-Bearish
NVDA,Why Vicor (VICR) Stock Is Up Today,"Shares of Vicor Corporation (NASDAQ: VICR) jumped 4.1% following Roth Capital's initiation of coverage with a ""Buy"" rating and a $115 price target, signaling strong confidence in the power conversion solutions provider. This positive analyst outlook, consistent with a consensus ""Moderate Buy"" rating, has attracted investor attention and reinforced a bullish sentiment around the stock. Vicor's shares have been volatile but are up 104% year-to-date, trading near their 52-week high, indicating a meaningful market response to recent positive news from Roth Capital and broader economic and tech sector strength.",https://finviz.com/news/256578/why-vicor-vicr-stock-is-up-today,Finviz,Finviz,20251218T020952,NULL,0.362563,Bullish,0.742650,0.303385,Somewhat-Bullish
NVDA,Why Installed Building Products (IBP) Shares Are Trading Lower Today,"Shares of Installed Building Products (NYSE:IBP) declined after homebuilder Lennar (LEN) reported disappointing quarterly results and a soft outlook. This news, highlighting challenges in the housing sector like low builder confidence and high construction costs, dragged down the broader homebuilding industry. Despite this, IBP's stock has shown volatility, and investors are evaluating whether current price drops present buying opportunities.",https://www.barchart.com/story/news/36676707/why-installed-building-products-ibp-shares-are-trading-lower-today,Barchart.com,Barchart.com,20251218T030919,https://barchart-news-media-prod.aws.barchart.com/SYNDSRC/e1fdb3967de66f1eb71392542b86c962/installed-building-products-cover-image-4745040959b6_2024-06-04-082134_kvam.jpeg,-0.162108,Somewhat-Bearish,0.565023,0.147025,Neutral
NVDA,AI: Potentially the biggest productivity enhancer since electricity?,"This article argues that AI has the potential to become the most significant productivity enhancer since electrification, even surpassing the internet's impact. It suggests that AI's rapid adoption and early transformative applications are driving substantial economic growth. The author also differentiates the current AI rally from the dot-com bubble, noting more rational valuations and strong earnings growth from leading AI companies.",https://www.troweprice.com/en/ca/insights/ai-potentially-biggest-productivity-enhancer-since-electricity,T. Rowe Price,T. Rowe Price,20251218T032449,https://www.troweprice.com/content/dam/trp-ecl/global/en/ipc/assets/global-standard/2025/q4/ai-potentially-the-biggest-productivity-enhancer-since-electricity/ai-potentially-biggest-productivity-enhancer-since-electricity.png,0.334838,Somewhat-Bullish,0.557921,0.310240,Somewhat-Bullish
NVDA,Dell Technologies,"DXC Technology and Dell Technologies highlight their extensive 23-year partnership, focusing on modern workplace, IT, and business modernization solutions. They work collaboratively to help customers drive growth by improving their ability to anticipate and respond to change, emphasizing strategies for flexible cloud solutions, AI implementation, and cyber resilience. The article also showcases their joint efforts in enterprise AI, IT modernization, and sustainable transformation, backed by various awards and customer success stories.",https://dxc.com/about-us/partner-ecosystem/dell-technologies,DXC Technology,DXC Technology,20251218T032837,https://dxc.scene7.com/is/image/dxc/DellTech_1050x1050?qlt=90&ts=1765421963403&$square_desktop$&dpr=off,0.676451,Bullish,0.595308,0.408738,Bullish
NVDA,Nvidia and Broadcom Slide on Amazon's $10 Billion OpenAI Talks,"Shares of Nvidia and Broadcom fell by about 4% after reports indicated Amazon is in talks to invest $10 billion in OpenAI. This investment could lead OpenAI to utilize Amazon's in-house Trainium chips, potentially reducing its reliance on hardware from Nvidia and Broadcom. The move aligns with Amazon's strategy to decrease its dependence on external AI chips and boost its custom-chip designer, Marvell Technology.",https://finance.yahoo.com/news/nvidia-broadcom-slide-amazons-10-114624308.html,Yahoo Finance,Yahoo Finance,20251218T034600,,-0.203551,Somewhat-Bearish,0.962862,-0.449595,Bearish
NVDA,Jensen Huang: Israel has become Nvidia’s second home,"Nvidia has confirmed its plans to build a large campus for up to 10,000 employees in Kiryat Tivon, Israel, cementing the country's role as Nvidia's ""second home."" This significant investment will make Nvidia the largest private employer in Israel, with construction starting in 2027 and initial occupancy in 2031. The campus aims to foster innovation and collaboration, reflecting Nvidia's deep commitment to its Israeli operations.",https://en.globes.co.il/en/article-jensen-huang-israel-has-become-nvidias-second-home-1001529537,Globes - Israel Business News,Globes - Israel Business News,20251218T040821,https://images.globes.co.il/images/convert_author.gif,0.823667,Bullish,1.000000,0.831197,Bullish
NVDA,Huang declares Israel Nvidia’s “second home” with record-breaking campus investment,"Nvidia is investing significantly in Israel with the establishment of a new ""spaceship""-style mega-campus in Kiryat Tivon, set to house over 10,000 employees. This investment underscores Israel's importance as Nvidia's second-largest development center outside the U.S., with the company acquiring land for the first time for such a major project. CEO Jensen Huang emphasized the country's technological talent and Nvidia's commitment to the region's contribution to AI.",https://www.calcalistech.com/ctechnews/article/sjcwdmxxzg,CTech,CTech,20251218T040830,https://pic1.calcalist.co.il/picserver3/crop_images/2025/12/17/SkU00JXemZg/SkU00JXemZg_0_0_3000_2000_0_large.jpg,0.446032,Bullish,1.000000,0.400189,Bullish
NVDA,1 Surging Bank Stock to Research Further and 2 We Ignore,"This article examines three bank stocks trading near their 52-week highs, identifying one with strong fundamentals for further research and two that may be overvalued. Popular (BPOP) is highlighted for its impressive financial performance, while Preferred Bank (PFBC) and Cathay General Bancorp (CATY) are flagged with concerns regarding their growth metrics and profitability. The analysis provides key financial figures and offers insights into each company's strengths and weaknesses.",https://markets.financialcontent.com/wral/article/stockstory-2025-12-18-1-surging-bank-stock-to-research-further-and-2-we-ignore,FinancialContent,FinancialContent,20251218T041043,https://news-assets.stockstory.org/cover-images/_1400x700_crop_center-center_none/preferred-bank-cover-image-7cc1ac5be449_2025-06-03-132440_pebc.jpeg,-0.044264,Neutral,0.571595,0.331524,Somewhat-Bullish
NVDA,RBC Capital Reiterates Outperform Rating on Coursera Inc (COUR),"RBC Capital analyst Rishi Jaluria reiterated an Outperform rating for Coursera Inc (NYSE: COUR) with a price target of $13.00. The article, however, is a premium-only piece, and further details regarding the analyst's comments require a subscription to StreetInsider.com Premium.",https://www.streetinsider.com/Analyst+Comments/RBC+Capital+Reiterates+Outperform+Rating+on+Coursera+Inc+%28COUR%29/25754990.html,StreetInsider,StreetInsider,20251218T041900,https://www.streetinsider.com/images/news2/190/19018223/upgradeSItop.jpg,0.440784,Bullish,0.645000,0.321498,Somewhat-Bullish
NVDA,Enterprise AI moves from pilots to production,"Enterprise AI is shifting from experimental pilot projects to production-grade systems, driven by the need for operational execution rather than just modeling. Hewlett Packard Enterprise (HPE) is focusing on providing the necessary infrastructure, hybrid cloud solutions, and operational tooling to bridge this ""execution gap,"" transforming traditional data centers into ""AI factories."" This transition requires robust infrastructure, data governance, and strategic partnerships like the one HPE has with Nvidia to deliver secure, scalable, and compliant AI solutions.",https://siliconangle.com/2025/12/17/enterprise-ai-hpe-tackles-execution-problem-hpeaimomentum/,SiliconANGLE,SiliconANGLE,20251218T050756,https://d15shllkswkct0.cloudfront.net/wp-content/blogs.dir/1/files/2025/12/Enterprise-AI-scales-ChatGPT-Image.png,0.470352,Bullish,0.823339,0.511382,Bullish
NVDA,1 No-Brainer Growth S&P Index Fund to Buy Right Now for Less Than $500,"The article recommends the iShares S&P 500 Growth ETF (IVW) as a compelling investment for exposure to top growth stocks for under $500. It highlights the ETF's diversification across over 200 growth companies, its historical outperformance of the S&P 500, and a low expense ratio, making it a ""no-brainer"" for long-term investors seeking growth opportunities. The fund's holdings include major tech players like Nvidia, Apple, and Microsoft.",https://finviz.com/news/258119/1-no-brainer-growth-sp-index-fund-to-buy-right-now-for-less-than-500,Finviz,Finviz,20251218T060901,https://g.foolcdn.com/image/?url=https%3A%2F%2Fg.foolcdn.com%2Feditorial%2Fimages%2F847651%2Fgettyimages-1362265065.jpg&w=700,0.372927,Bullish,0.736799,0.416143,Bullish
NVDA,"Nvidia doubles down on its 'second home' Israel, officially announces major new campus","Nvidia, the world's most valuable tech company, announced plans for a multi-billion-shekel campus in northern Israel. This development is expected to house over 10,000 employees, doubling Nvidia's current Israeli workforce, and significantly impact the region's economy. CEO Jensen Huang highlighted the company's deep commitment to Israeli talent and innovation, reinforcing Israel's role as Nvidia's largest development center outside the US.",https://www.ynetnews.com/article/bkcegg11q11g,Ynetnews,Ynetnews,20251218T061052,https://ynet-pic1.yit.co.il/cdn-cgi/image/format=auto/picserver6/crop_images/2025/12/17/SJbOV1PlmWg/SJbOV1PlmWg_0_0_1280_853_0_x-large.jpg,0.455706,Bullish,1.000000,0.494310,Bullish
NVDA,Coca-Cola Is Getting a New CEO. Is It a Buy for 2026?,"Coca-Cola's current CEO, James Quincey, is stepping down in 2026, with COO Henrique Braun taking over. Quincey is credited with restructuring the company and returning it to growth after years of declining sales. The article suggests that Braun, a long-time Coca-Cola veteran, will likely continue the company's successful strategy, making it a stable investment for shareholders, particularly in a potentially volatile market in 2026.",https://finviz.com/news/257057/coca-cola-is-getting-a-new-ceo-is-it-a-buy-for-2026,Finviz,Finviz,20251218T065500,https://g.foolcdn.com/image/?url=https%3A%2F%2Fmedia.ycharts.com%2Fcharts%2Fa5ce8080a2dd0fbfaa59de7cd20d26a8.png&w=700,0.207867,Somewhat-Bullish,0.632097,0.131762,Neutral
NVDA,[News] Innoviz Technologies at CES 2026: Showcasing the Future of Autonomous Mobility with Advanced LiDAR Solutions,"Innoviz Technologies will showcase its advanced LiDAR solutions at CES 2026, including the debut of its new InnovizThree, along with InnovizTwo and InnovizSMART platforms. The company aims to demonstrate its commitment to delivering best-in-class LiDAR for autonomous driving and smart applications, highlighting features like behind-the-windshield placement and blockage solutions. Visitors can experience live product demonstrations and pre-scheduled test drives of their technology.",https://www.ledinside.com/news/2025/12/2025_12_18_04,LEDinside,LEDinside,20251218T070932,https://p.ledinside.com/led/2025-12/1766040560_85406.jpg,0.369736,Bullish,0.602801,0.336437,Somewhat-Bullish
NVDA,C1 Fund directors and executives purchase additional shares,"Several directors and executives of C1 Fund Inc. (NYSE:CFND) have recently purchased additional shares of the company's common stock, totaling significant acquisitions as the stock trades near its 52-week low. These voluntary insider transactions, involving Board Members Scott Reed and Matt Krna, CEO Najam Kidwai, and CIO Elliot Han, signify a vote of confidence in the company, which has deployed capital across the digital asset ecosystem. C1 Fund, a closed-end investment company, has also made recent strategic investments in Consensys, Kraken, and Ripple to enhance its digital assets portfolio, with further investments to be disclosed in its Q4 results.",https://www.investing.com/news/company-news/c1-fund-directors-and-executives-purchase-additional-shares-93CH-4414761,Investing.com,Investing.com,20251218T071800,https://i-invdn-com.investing.com/news/World_News_9_800x533_L_1420026261.jpg,0.281071,Somewhat-Bullish,0.635211,0.191471,Somewhat-Bullish
NVDA,Navigating Tech Volatility: The Covered Call Income Strategy,"The article discusses the Global X NASDAQ 100 Covered Call ETF (QYLD) as a strategy for income generation in the volatile technology sector, particularly amidst concerns about AI and market swings. It highlights how QYLD handles volatility by selling call options, leading to a high distribution yield but sacrificing upside potential compared to the pure Nasdaq-100 index. The piece also touches on QYLD's portfolio concentration, competitive landscape, and the trade-offs investors face between consistent income and capital appreciation.",https://www.ad-hoc-news.de/boerse/ueberblick/navigating-tech-volatility-the-covered-call-income-strategy/68425267,AD HOC NEWS,AD HOC NEWS,20251218T075255,https://mdb.ad-hoc-news.de/bild/bild-2409783_1200_675.webp,0.132449,Neutral,0.737060,0.137889,Neutral
NVDA,"If You'd Invested $100 in the Invesco Semiconductors ETF (PSI) 10 Years Ago, Here's How Much You'd Have Today","Investing $100 in the Invesco Semiconductors ETF (PSI) a decade ago would have yielded approximately $920 today, due to its impressive 820% total return, significantly outperforming the S&P 500's 233% in the same period. This ETF offers diversified exposure to the thriving semiconductor sector, driven by AI, but investors should be aware of the increased risk associated with its niche focus. Despite its volatility, a long-term outlook and overall portfolio diversification can support potential lucrative earnings.",https://www.fool.com/investing/2025/12/18/if-youd-invested-100-in-psi-10-years-ago-he/,The Motley Fool,The Motley Fool,20251218T080936,https://g.foolcdn.com/image/?url=https%3A%2F%2Fg.foolcdn.com%2Fmisc-assets%2Ftmf_holdingco_logo_stacked_magenta_royalpurple_rev.png&w=96&op=resize,0.392716,Bullish,0.617634,0.301714,Somewhat-Bullish
NVDA,Freedom Capital Upgrades To Buy For NIO Inc. (NIO),"Freedom Capital upgraded NIO Inc. (NYSE:NIO) from Hold to Buy and increased its price target to $7 from $6.50, citing accelerated delivery growth and anticipated expansion with two new sub-brands. This upgrade comes despite mixed reactions and a recent stock drop following lower-than-expected delivery figures and Barclays maintaining an Underweight rating. The firm expects higher shipment volumes to boost NIO's revenue to record levels next year.",https://www.insidermonkey.com/blog/freedom-capital-upgrades-to-buy-for-nio-inc-nio-1661702/?amp=1,Insider Monkey,Insider Monkey,20251218T082100,NULL,0.226726,Somewhat-Bullish,0.632694,0.347866,Somewhat-Bullish
NVDA,ITOT’s 37% Concentration in Top Ten Holdings Could Make or Break 2026 Returns,"The iShares Core S&P Total U.S. Stock Market ETF (ITOT) returned 16.4% through mid-December 2025, with its 2026 performance highly dependent on U.S. corporate profit growth, projected at 11% for the S&P 500. A key factor is the fund's 37% concentration in its top ten holdings, particularly its 7.3% allocation to Nvidia and 33% to information technology, meaning any slowdown in mega-cap tech earnings could significantly impact returns. Investors should closely monitor quarterly earnings, especially from major tech companies, to gauge whether the fund can maintain its growth trajectory.",https://247wallst.com/investing/2025/12/18/itots-37-concentration-in-top-ten-holdings-could-make-or-break-2026-returns/,24/7 Wall St.,24/7 Wall St.,20251218T084100,https://247wallst.com/wp-content/uploads/2025/12/whether-itot-rallies-another-17-in-2026-depends-on-featured-1766004870364.webp,-0.074376,Neutral,0.740914,0.039323,Neutral
NVDA,ASML Holding N.V. Stock (ASML) Slides on China EUV “Manhattan Project” Report as High‑NA EUV and 2026–2027 Forecasts Stay Strong,"ASML Holding N.V. (ASML) stock fell around 5-6% due to a Reuters report detailing China's state-backed initiative to develop a domestic EUV lithography system. This news has raised concerns about the longevity of ASML's dominance in the advanced chipmaking sector. Despite these concerns, ASML's next-generation High-NA EUV lithography is making significant progress, with Intel reaching acceptance testing on a key system, and analysts remain largely bullish on ASML's fundamentals and long-term growth prospects driven by AI investments, forecasting strong semiconductor equipment spending through 2027.",https://ts2.tech/en/asml-holding-n-v-stock-asml-slides-on-china-euv-manhattan-project-report-as-high-na-euv-and-2026-2027-forecasts-stay-strong/,ts2.tech,ts2.tech,20251218T090915,https://ts2.tech/wp-content/plugins/wp-youtube-lyte/lyteCache.php?origThumbUrl=https%3A%2F%2Fi.ytimg.com%2Fvi%2F1JkzrR-hznE%2F0.jpg,0.183089,Somewhat-Bullish,0.586381,0.214988,Somewhat-Bullish
NVDA,Teradata (TDC): Reassessing Valuation After a 35% Three-Month Share Price Rebound,"Teradata (TDC) shares have rebounded 35% over the past three months, outperforming the software sector, though still down year-on-year. While one valuation narrative suggests Teradata is 7.5% overvalued at $27.80, a discounted cash flow (DCF) model indicates a fair value closer to $59.60, nearly 50% above its current price. This discrepancy highlights differing views on the company's growth, margin expansion potential, and cash flow durability amidst competitive pressures.",https://simplywall.st/stocks/us/software/nyse-tdc/teradata/news/teradata-tdc-reassessing-valuation-after-a-35-three-month-sh,Simply Wall Street,Simply Wall Street,20251218T090940,NULL,0.045806,Neutral,0.633721,0.338895,Somewhat-Bullish
NVDA,1 ETF to Buy and Hold for 2026 and 1 to Avoid,"This article recommends the VanEck Semiconductor ETF as a strong buy-and-hold option for 2026 due to its excellent performance and exposure to the AI boom, despite its concentrated holdings. Conversely, it advises avoiding the Direxion Daily Junior Gold Miners Index Bear 2X Shares ETF due to its leveraged nature, high expense ratio, and poor year-to-date performance. The article emphasizes sticking with outperforming, non-leveraged ETFs for long-term financial goals.",https://www.theglobeandmail.com/investing/markets/markets-news/Motley%20Fool/36630647/1-etf-to-buy-and-hold-for-2026-and-1-to-avoid/,The Globe and Mail,The Globe and Mail,20251218T091002,https://barchart-news-media-prod.aws.barchart.com/FC/0e574ed892727ad3ba722088def0f48c/%3Furl%3Dhttps%253a%252f%252fg.foolcdn.com%252feditorial%252fimages%252f843018%252fgettyimages-1434513722-1201x771-84247de.jpg%26amp%3Bw%3D700,-0.058744,Neutral,0.602750,0.542207,Bullish
NVDA,Micron stock pops 10% as AI memory demand soars: 'We are more than sold out',"Micron Technology's stock surged 10% after the company exceeded fiscal first-quarter estimates and provided strong guidance, driven by soaring demand for memory chips in AI infrastructure. The company anticipates the high-bandwidth memory market to reach $100 billion by 2028, growing at a 40% compounded annual rate. Micron also increased its capital expenditures guidance and expects 68% gross margins due to rising memory prices and high demand outstripping supply.",https://www.cnbc.com/2025/12/18/micron-mu-stock-earnings-ai-memory-demand.html,CNBC,CNBC,20251218T091500,https://image.cnbcfm.com/api/v1/image/108243262-17660064831766006481-43035832036-1080pnbcnews.jpg?v=1766006482&w=750&h=422&vtcrop=y,0.445537,Bullish,0.700932,0.332749,Somewhat-Bullish
NVDA,Alphabet Inc. (GOOGL) 2025 Deep Dive: AI Rebirth and the Antitrust Frontier,"Alphabet Inc. (GOOGL) is at a pivotal moment in its 27-year history, having undergone an ""AI-first"" pivot that has propelled its revenue past the $100 billion threshold for the first time, driven by innovations like the Gemini 3 model. Despite this financial success, the company faces significant regulatory pressure following a landmark antitrust ruling that alters its business relationships. GOOGL presents a complex investment opportunity, balancing its position as a high-growth AI powerhouse with scrutiny from global antitrust regulators.",https://markets.financialcontent.com/wral/article/predictstreet-2025-12-18-alphabet-inc-googl-2025-deep-dive-ai-rebirth-and-the-antitrust-frontier,FinancialContent,FinancialContent,20251218T093800,https://news.predictstreet.ai/wp-content/uploads/2025/12/dfd9d0af-0d2f-48ce-96c0-2a89eba79905-1024x683.png,0.194444,Somewhat-Bullish,0.577742,-0.117427,Neutral
NVDA,"Country Club Bank Invests $4.89 Million in PayPal Holdings, Inc. $PYPL","Country Club Bank recently acquired a new stake of 70,187 shares in PayPal Holdings, Inc. (NASDAQ:PYPL), valued at approximately $4.89 million, during the third quarter. Other institutional investors also adjusted their holdings in PayPal, which currently trades with a market capitalization of $56.31 billion and a P/E ratio of 12.06. Analysts have issued a mix of ""Buy"" and ""Hold"" ratings for PayPal, with an average target price of $78.97.",https://www.marketbeat.com/instant-alerts/filing-country-club-bank-invests-489-million-in-paypal-holdings-inc-pypl-2025-12-18/,MarketBeat,MarketBeat,20251218T095935,https://www.marketbeat.com/logos/paypal-holdings-inc-logo-1200x675.png?v=20231214083652,0.011538,Neutral,0.641882,-0.113191,Neutral
NVDA,The Rise of the AI Challenger: A Deep-Dive Into AMD (NASDAQ: AMD) in 2025,"Advanced Micro Devices (NASDAQ: AMD) has emerged as a primary challenger in the generative AI space, transitioning from an underdog to a high-performance computing powerhouse by the end of 2025. Led by CEO Dr. Lisa Su, AMD has achieved record margins and significant market capitalization growth, driven by its diversified business model, strong product roadmap including the Instinct MI350 series, and growing data center dominance. The company faces risks such as TSMC dependence and NVIDIA's software moat but is poised for continued growth through AI PC refreshes and MI350 adoption.",https://markets.financialcontent.com/wral/article/predictstreet-2025-12-18-the-rise-of-the-ai-challenger-a-deep-dive-into-amd-nasdaq-amd-in-2025,FinancialContent,FinancialContent,20251218T100600,https://news.predictstreet.ai/wp-content/uploads/2025/12/b04a80c9-be77-40c7-a2c6-71a74aec4174-1024x683.png,0.273827,Somewhat-Bullish,0.850770,0.250083,Somewhat-Bullish
NVDA,Nvidia Director Sells $44 Million Stake That He's Held Since 1997 — Long Before The AI Boom And Even The Company's IPO,"Harvey Jones, a long-serving director on NVIDIA Corp.'s board since 1992, sold 250,000 shares for over $44 million. These shares were acquired in 1997, decades before the company's IPO and its dominance in the AI chip market. Other prominent insiders, including CEO Jensen Huang, have also been cashing out significant stakes as Nvidia's stock continues to reach new highs.",https://www.benzinga.com/markets/tech/25/12/49469735/nvidia-director-sells-44-million-stake-that-hes-held-since-1997-long-before-the-ai-boom-and-even-the-companys-ipo,Benzinga,Benzinga,20251218T100837,https://cdn.benzinga.com/files/images/story/2025/07/24/article-header-background-image.png?quality=85&auto=webp&width=1300,-0.082394,Neutral,1.000000,-0.052895,Neutral
NVDA,"Here’s Why Analysts Are Positive on Aurora Innovation, Inc. (AUR)","Analysts are largely positive on Aurora Innovation, Inc. (NASDAQ: AUR), with many recommending a 'Buy' rating and predicting significant upside potential for the stock. This optimism is fueled by a recent agreement with Detmar Logistics to deploy autonomous transportation of proppants and a substantial share acquisition by the company's CEO. Aurora Innovation, a Pennsylvania-based self-driving technology company, is committed to developing its Aurora Driver technology.",https://www.insidermonkey.com/blog/heres-why-analysts-are-positive-on-aurora-innovation-inc-aur-1661698/?amp=1,Insider Monkey,Insider Monkey,20251218T100857,NULL,0.223751,Somewhat-Bullish,0.587383,0.131840,Neutral
NVDA,A Standout Year for the iShares MSCI World ETF,"The iShares MSCI World ETF (URTH) has shown impressive performance in 2025, with a year-to-date return of over 20%. This growth is primarily driven by strong technology holdings and a rally in developed equity markets, supported by US policy and a weakening dollar. While US tech dominates its portfolio, URTH offers stable equity exposure for investors excluding emerging markets but carries a higher expense ratio than some competitors.",https://www.ad-hoc-news.de/boerse/news/ueberblick/a-standout-year-for-the-ishares-msci-world-etf/68425680,AD HOC NEWS,AD HOC NEWS,20251218T100910,,0.379707,Bullish,0.877942,0.430800,Bullish
NVDA,Why a $125 Million Exit From nCino Matters as Shares Are Down 29% This Past Year,"Insight Holdings Group fully exited its position in nCino, selling nearly 4.5 million shares for an estimated $124.7 million in the third quarter. This move, despite nCino's improving operational metrics like 10% revenue growth and positive GAAP operating margin, highlights a shift in Insight's portfolio towards larger, more liquid tech companies. nCino's shares are down 29% over the past year, underperforming the S&P 500, which suggests that even with good fundamentals, investor sentiment and portfolio reallocation can significantly impact stock performance.",https://www.theglobeandmail.com/investing/markets/stocks/S/pressreleases/36674918/why-a-125-million-exit-from-ncino-matters-as-shares-are-down-29-this-past-year/,The Globe and Mail,The Globe and Mail,20251218T100935,NULL,0.157232,Somewhat-Bullish,0.626486,0.340272,Somewhat-Bullish
NVDA,From Nvidia’s vision to Google’s nuclear reactors: The elephant in the room of Israeli AI,"The Israeli tech sector's celebration of new AI infrastructure overlooks a critical issue: energy. While U.S. tech giants are investing in nuclear power for their data centers, Israel faces an ""energy island"" paradox with no immediate civilian nuclear options and a traditional grid that will struggle to meet the exponential demands of GenAI. The author, Marina Risher of AudioCodes, argues for a shift towards hybrid architectures combining cloud and edge computing, along with more efficient domain-specific AI models, to ensure both data sovereignty and sustainable, profitable AI adoption in Israel.",https://www.calcalistech.com/ctechnews/article/rylvhbbqbe,CTech,CTech,20251218T101118,https://pic1.calcalist.co.il/picserver3/crop_images/2025/12/11/Byoj00QdMZl/Byoj00QdMZl_0_91_2000_1501_0_x-large.jpg,0.064602,Neutral,0.746227,0.055265,Neutral
NVDA,"Orion Porfolio Solutions LLC Reduces Stake in Arista Networks, Inc. $ANET","Orion Portfolio Solutions LLC reduced its stake in Arista Networks by 30.8% in the second quarter, selling 17,744 shares and ending the period with 39,929 shares valued at $4.085 million. Despite this reduction, institutional investors collectively own 82.47% of the company’s stock, with Vanguard Group Inc. significantly increasing its holdings. Arista Networks recently exceeded quarterly earnings expectations and maintains a ""Moderate Buy"" consensus rating from analysts with an average target price of $163.56.",https://www.marketbeat.com/instant-alerts/filing-orion-porfolio-solutions-llc-reduces-stake-in-arista-networks-inc-anet-2025-12-18/,MarketBeat,MarketBeat,20251218T102602,https://www.marketbeat.com/logos/arista-networks-inc-logo-1200x675.gif,0.084622,Neutral,0.645663,0.033498,Neutral
NVDA,Chip Stocks Are No Longer an Automatic Path to Profits. What the Numbers Say About This Key Semi ETF Now.,"The article discusses the changing landscape for semiconductor ETFs, specifically analyzing the VanEck Semiconductor ETF (SMH). It highlights SMH's past performance driven by AI growth and concentration in a few key stocks like Nvidia, but warns of high valuations, increased volatility, and potential bearish signals from technical charts. The author suggests that while chip stocks have been highly profitable, investors should now exercise caution and manage risk due to these emerging challenges.",https://www.palmettograin.com/news/story/36699382/chip-stocks-are-no-longer-an-automatic-path-to-profits-what-the-numbers-say-about-this-key-semi-etf-now,Palmetto Grain Brokerage,Palmetto Grain Brokerage,20251218T105858,https://s3.amazonaws.com/media.agricharts.com/sites/1900/Logos/pgbLogo.png,-0.148077,Neutral,0.880633,-0.236049,Somewhat-Bearish
NVDA,"IAC (IAC): Buy, Sell, or Hold Post Q3 Earnings?","This report analyzes IAC (IAC) following its Q3 earnings, suggesting caution due to flat long-term revenue growth, declining EPS, and negative returns on invested capital. The authors advise investors to be careful with IAC given its current valuation and recommend exploring other high-quality stock opportunities.",https://finviz.com/news/258460/iac-iac-buy-sell-or-hold-post-q3-earnings,Finviz,Finviz,20251218T110200,https://news-assets.stockstory.org/cover-images/_1400x700_crop_center-center_none/iac-cover-image-c7f69870edc2_2025-03-11-193056_ykfx.jpeg,0.182773,Somewhat-Bullish,0.622357,0.503998,Bullish
NVDA,"Baidu, Inc. $BIDU Shares Sold by Union Bancaire Privee UBP SA","Union Bancaire Privee UBP SA significantly reduced its stake in Baidu, Inc. (NASDAQ:BIDU) by 36% in the third quarter, selling 9,834 shares and retaining 17,518 shares valued at $2.31 million. Despite this, other institutions like Primecap Management Co. CA and RPD Fund Management LLC increased their holdings. Wall Street analysts maintain a ""Moderate Buy"" consensus rating for Baidu, with a mean target price of $146.11, and several recent upgrades and raised price targets.",https://www.marketbeat.com/instant-alerts/filing-baidu-inc-bidu-shares-sold-by-union-bancaire-privee-ubp-sa-2025-12-18/,MarketBeat,MarketBeat,20251218T110848,https://www.marketbeat.com/logos/baidu-inc-logo-1200x675.jpg?v=20221102142621,0.247735,Somewhat-Bullish,0.568360,0.295940,Somewhat-Bullish
NVDA,This Robotics ETF Is Poised for 400% Growth in the Next 10 Years,"The article highlights that the robotics market is expected to grow significantly, driven by advancements in AI. It suggests that the First Trust Nasdaq Artificial Intelligence and Robotics ETF (NASDAQ: ROBT) offers a balanced investment opportunity in this sector, distinguishing itself from other ETFs by its equal-weighted construction which avoids over-reliance on mega-cap AI stocks. The piece asserts that the industry is at a turning point where AI-powered robots are becoming reliable and cost-effective for widespread deployment.",https://www.theglobeandmail.com/investing/markets/markets-news/Motley%20Fool/36615724/this-robotics-etf-is-poised-for-400-growth-in-the-next-10-years/,The Globe and Mail,The Globe and Mail,20251218T110916,https://barchart-news-media-prod.aws.barchart.com/FC/5619dab80147358f4181d423f822a9f3/%3Furl%3Dhttps%253a%252f%252fg.foolcdn.com%252feditorial%252fimages%252f843862%252flogistics-warehouse-robotic-arm.jpg%26amp%3Bw%3D700,0.383058,Bullish,0.627606,0.324467,Somewhat-Bullish
NVDA,Oak Thistle LLC Invests $1.40 Million in Texas Instruments Incorporated $TXN,"Oak Thistle LLC recently initiated a position in Texas Instruments (NASDAQ:TXN) by purchasing 7,612 shares valued at approximately $1.40 million. This investment follows Texas Instruments' Q3 earnings report, where the company met EPS estimates and exceeded revenue expectations. Despite insider selling activity, analysts generally maintain a ""Hold"" rating with a consensus price target of $190.58 for the semiconductor giant.",https://www.marketbeat.com/instant-alerts/filing-oak-thistle-llc-invests-140-million-in-texas-instruments-incorporated-txn-2025-12-18/,MarketBeat,MarketBeat,20251218T110951,https://www.marketbeat.com/logos/texas-instruments-incorporated-logo-1200x675.png,-0.04415,Neutral,0.641566,-0.105294,Neutral
NVDA,"AMD Stock News Today (Dec. 18, 2025): AI Funding Jitters Hit Semiconductors, While “Helios” Keeps the Long-Term AMD Bull Case Alive","AMD stock is currently experiencing volatility due to broader market anxiety over AI infrastructure financing, notably concerns around Oracle and OpenAI data center funding, which has impacted semiconductor stocks across the board. Despite these near-term jitters, AMD's long-term bullish outlook is being supported by its ""Helios"" strategy, an open, rack-scale AI platform developed in collaboration with HPE, positioning AMD as a strong competitor in the data-center AI compute space. Analysts maintain high price targets for AMD, emphasizing its strategic AI positioning, even as the market grapples with financing uncertainties and export control policies regarding China.",https://ts2.tech/en/amd-stock-news-today-dec-18-2025-ai-funding-jitters-hit-semiconductors-while-helios-keeps-the-long-term-amd-bull-case-alive/,ts2.tech,ts2.tech,20251218T112457,NULL,0.072334,Neutral,0.740662,0.136980,Neutral
NVDA,Does Caterpillar (CAT) Closing ESOP Shelves Hint at a Deeper Shift in Its AI Strategy?,"Caterpillar Inc. recently closed shelf registrations for its employee stock ownership plan and affirmed a quarterly dividend of US$1.51 per share, payable in February 2026. This comes as the company leverages a record US$39.8 billion backlog and expands into automation and AI-enabled services, reinforcing its role in both traditional and AI-driven infrastructure. The article explores how this focus on AI technologies and continued dividend affirmation affects Caterpillar's investment narrative, juxtaposing shareholder returns with long-term growth investments.",https://simplywall.st/stocks/us/capital-goods/nyse-cat/caterpillar/news/does-caterpillar-cat-closing-esop-shelves-hint-at-a-deeper-s,Simply Wall Street,Simply Wall Street,20251218T112704,NULL,0.225774,Somewhat-Bullish,0.601430,0.314423,Somewhat-Bullish
NVDA,3 Unpopular Stocks We Find Risky,"This article identifies three stocks – Collegium Pharmaceutical (COLL), FTI Consulting (FCN), and BNY (BK) – that despite being unpopular, are considered risky by StockStory analysts. The analysis highlights specific financial red flags for each company, such as diminishing returns, rising expenses, and growth challenges, suggesting investors should be cautious. The article also promotes StockStory's ""Top 9 Market-Beating Stocks"" for better investment opportunities.",https://finviz.com/news/258255/3-unpopular-stocks-we-find-risky,Finviz,Finviz,20251218T113500,https://news-assets.stockstory.org/cover-images/_1400x700_crop_center-center_none/collegium-pharmaceutical-cover-image-bd237619834d_2025-02-09-225644_luwm.jpeg,-0.074142,Neutral,0.613604,0.338374,Somewhat-Bullish
NVDA,"Vestis (VSTS) Stock Trades Up, Here Is Why","Shares of Vestis Corporation (NYSE: VSTS) saw a 2.2% jump after company director and 10% owner Keith Meister disclosed a significant purchase of over one million shares for approximately $6.8 million, signaling confidence despite previous financial challenges. This insider buy contrasted with recent news of their CFO's departure and missed earnings expectations, leading to a volatile market response. The stock, down 54.2% year-to-date, tempered its initial gains but the insider activity suggests a potential turnaround amidst leadership uncertainty.",https://markets.financialcontent.com/stocks/article/stockstory-2025-12-18-vestis-vsts-stock-trades-up-here-is-why,FinancialContent,FinancialContent,20251218T115000,https://news-assets.stockstory.org/cover-images/_1400x700_crop_center-center_none/vestis-corporation-cover-image-21b3bfc446bf_2025-03-10-174439_wvvn.jpeg,0.277947,Somewhat-Bullish,0.606587,0.333052,Somewhat-Bullish
NVDA,"American Superconductor (AMSC) Shares Skyrocket, What You Need To Know","Shares of American Superconductor (AMSC) jumped 5.5% after a Clear Street analyst raised the company's price target to $52 from $50, maintaining a ""Strong Buy"" rating. This positive outlook follows a prior upgrade, an earnings beat, and despite some stock volatility and a recent decline from its 52-week high. The article highlights the company's recent performance and analyst sentiment.",https://finviz.com/news/257645/american-superconductor-amsc-shares-skyrocket-what-you-need-to-know,Finviz,Finviz,20251218T115100,https://news-assets.stockstory.org/cover-images/_1400x700_crop_center-center_none/american-superconductor-cover-image-b2eea9389c46_2024-08-02-165358_hfnq.jpeg,0.284123,Somewhat-Bullish,0.635912,0.145771,Neutral
NVDA,Why SoFi (SOFI) Stock Is Up Today,"SoFi Technologies (NASDAQ:SOFI) shares jumped today after the company launched SoFiUSD, a U.S. dollar-backed stablecoin, positioning itself as an infrastructure provider for other financial entities. This move makes SoFi one of the first national banks to offer its own stablecoin infrastructure, aligning with the growing institutional confidence and clearer regulations for stablecoins. The positive news also follows strong underlying performance, analyst target increases, and a favorable macro environment for growth stocks.",https://finviz.com/news/257658/why-sofi-sofi-stock-is-up-today,Finviz,Finviz,20251218T115100,https://news-assets.stockstory.org/cover-images/_1400x700_crop_center-center_none/sofi-technologies-cover-image-3076423bd1f4_2025-07-22-151350_xise.jpeg,0.415568,Bullish,0.624897,0.345206,Somewhat-Bullish
NVDA,"Elastic (ESTC) Stock Trades Up, Here Is Why","Shares of Elastic (NYSE:ESTC) surged after the company secured a $26 million partnership with the U.S. Cybersecurity and Infrastructure Security Agency (CISA) to develop a new Security Information and Event Management as-a-Service (SIEMaaS) platform. This contract, potentially worth up to $130 million over five years, aims to standardize security data collection for federal agencies. The stock's positive movement came despite recent concerns about an ""AI bubble"" influencing broader tech sector sentiment.",https://finviz.com/news/257674/elastic-estc-stock-trades-up-here-is-why,Finviz,Finviz,20251218T115100,NULL,-0.023842,Neutral,0.551048,-0.147247,Neutral
NVDA,Why Vishay Precision (VPG) Stock Is Up Today,"Shares of Vishay Precision (VPG) jumped 2.9% after Lake Street Capital Markets initiated coverage with a ""Buy"" rating and a $44.00 price target. The firm anticipates over 50% earnings per share growth for 2026 and 2027, driven by revenue rebound and cost-saving efforts. Despite recent market volatility and broader macroeconomic concerns, the positive analyst outlook buoyed the stock.",https://finviz.com/news/257662/why-vishay-precision-vpg-stock-is-up-today,Finviz,Finviz,20251218T115100,https://news-assets.stockstory.org/cover-images/_1400x700_crop_center-center_none/vishay-precision-cover-image-038304d78c94_2024-08-02-194021_povc.jpeg,0.139516,Neutral,0.606706,-0.348004,Somewhat-Bearish
NVDA,Why Dine Brands (DIN) Stock Is Trading Up Today,"Shares of Dine Brands (DIN) jumped 2.8% in morning trading after competitor Darden Restaurants reported strong Q2 results, boosting investor sentiment for the broader restaurant industry. Darden's positive performance, with a 7.3% increase in total sales and a 4.3% rise in same-restaurant sales, suggested healthy consumer spending on dining out. This uplifted the outlook for companies like Dine Brands, which saw its stock cool down to $35.07, up 3.3% from its previous close, setting a new 52-week high.",https://finviz.com/news/257626/why-dine-brands-din-stock-is-trading-up-today,Finviz,Finviz,20251218T115100,https://news-assets.stockstory.org/cover-images/_1400x700_crop_center-center_none/dine-brands-cover-image-2a594e203c22_2023-09-07-155022_mdzw.jpeg,0.313786,Somewhat-Bullish,0.618630,-0.120911,Neutral
NVDA,Jim Cramer Talked About These 8 Stocks Recently,"Jim Cramer recently highlighted Texas Capital Bancshares, Inc. (NASDAQ:TCBI) for its impressive performance, noting a 23% stock increase in two months and a 43% gain since its CEO change in January 2021. Cramer praised the company's turnaround under CEO Rob Holmes, who transformed it into a full-service financial firm, leading to ""phenomenal"" results. The article indicates this is one of eight stocks Cramer discussed.",https://www.insidermonkey.com/blog/jim-cramer-talked-about-these-8-stocks-recently-1661891/3/,Insider Monkey,Insider Monkey,20251218T121103,https://imonkey-blog.imgix.net/blog/wp-content/uploads/2022/09/20104104/Dow-Jones.jpg?auto=format&expires=1797465600&w=480&h=270&fit=crop,0.179102,Somewhat-Bullish,0.610885,0.107247,Neutral
NVDA,2 ETFs That Are Good Bets To Beat the S&P 500 in 2026,"This article identifies two ETFs, the iShares Russell 2000 ETF (IWM) and the VanEck Semiconductor ETF (SMH), that are positioned to outperform the S&P 500 in 2026. The IWM is favored due to the expected broadening of the bull market to small-cap stocks and its significantly lower valuation compared to the S&P 500. The SMH is expected to continue its strong performance driven by the AI boom and its holdings in leading semiconductor companies like Nvidia and Taiwan Semiconductor.",https://www.theglobeandmail.com/investing/markets/markets-news/Motley%20Fool/36682429/2-etfs-that-are-good-bets-to-beat-the-sp-500-in-2026/,The Globe and Mail,The Globe and Mail,20251218T125000,https://barchart-news-media-prod.aws.barchart.com/FC/d41439f47866e66fd6d9c231f8d53b3d/%3Furl%3Dhttps%253a%252f%252fg.foolcdn.com%252feditorial%252fimages%252f847625%252f2026-stock-market.jpg%26amp%3Bw%3D700,0.381932,Bullish,0.715338,0.429929,Bullish
NVDA,"Rivian CEO on self-driving, designing AI chips, and why Tesla needs more competition","Rivian CEO RJ Scaringe discussed the company's ""Autonomy and AI Day"" where they unveiled a comprehensive approach to self-driving technology emphasizing vertical integration, including the development of in-house AI chips. Scaringe outlined Rivian's progression towards ""personal Level 4"" autonomy and why the company decided to develop its own chips instead of using off-the-shelf solutions. He also commented on the broader EV market, asserting that Tesla’s large market share indicates an underserved market needing more competition and choice.",https://finance.yahoo.com/news/rivian-ceo-on-self-driving-designing-ai-chips-and-why-tesla-needs-more-competition-130229526.html,Yahoo Finance,Yahoo Finance,20251218T130909,https://s.yimg.com/ny/api/res/1.2/SUccIz7MI44PLw3f75dPFQ--/YXBwaWQ9aGlnaGxhbmRlcjt3PTIzMjtoPTQ4O2NmPXdlYnA-/https://s.yimg.com/os/creatr-uploaded-images/2020-12/02246f50-3412-11eb-bfdd-de89f8b3b8b8,0.219114,Somewhat-Bullish,0.602691,0.338129,Somewhat-Bullish
NVDA,"Quantify Funds to Close STKd ETFs APED, SPCY, and ZIPP","Quantify Funds, in coordination with Tidal Financial Group, announced the closure and liquidation of three STKd ETFs listed on the Nasdaq: APED, SPCY, and ZIPP. The decision was made following a comprehensive review, deemed to be in the best interests of shareholders. The ETFs will cease trading on December 22, 2025, with final distributions to shareholders occurring around December 29, 2025.",https://www.manilatimes.net/2025/12/18/tmt-newswire/globenewswire/quantify-funds-to-close-stkd-etfs-aped-spcy-and-zipp/2245717/amp,The Manila Times,The Manila Times,20251218T130935,NULL,-0.0883,Neutral,0.727374,0.125470,Neutral
NVDA,"New GaN chips could shrink power systems for AI data centers, EVs","onsemi and GlobalFoundries are collaborating to develop and manufacture next-generation 650V lateral GaN power devices, combining GF's 200mm eMode GaN-on-silicon process with onsemi's silicon drivers and packaging. This partnership aims to provide higher power density and efficiency for critical markets like AI data centers, electric vehicles, and renewable energy, with sampling expected to begin in the first half of 2026. This move expands onsemi’s intelligent power strategy and is supported by their recent strong financial performance and share repurchase authorization.",https://www.stocktitan.net/news/ON/onsemi-to-develop-next-generation-ga-n-power-devices-with-global-dc6hr4p2uw9y.html,Stock Titan,Stock Titan,20251218T135156,https://ml.globenewswire.com/media/NWY4M2E3NmQtZGI5MS00MzEyLTlmNDUtM2I5NGUxZGFkMTQ3LTEyMDIyNTItMjAyNS0xMi0xOC1lbg==/tiny/Semiconductor-Components-Indus.png,0.260918,Somewhat-Bullish,0.626914,0.205777,Somewhat-Bullish
NVDA,onsemi Expands Leadership in Intelligent Power with New Collaboration Agreement with GlobalFoundries to Develop Advanced GaN Power Devices,"onsemi has partnered with GlobalFoundries to develop advanced 650V gallium nitride (GaN) power devices, utilizing GF’s 200mm eMode GaN-on-silicon process. This collaboration aims to produce smaller, more efficient power systems for critical applications such as AI data centers, electric vehicles, and renewable energy. Samples are expected by the first half of 2026, positioning onsemi to address growing power demands and advance GaN technology.",https://www.quiverquant.com/news/onsemi+Expands+Leadership+in+Intelligent+Power+with+New+Collaboration+Agreement+with+GlobalFoundries+to+Develop+Advanced+GaN+Power+Devices,Quiver Quantitative,Quiver Quantitative,20251218T140100,,0.268946,Somewhat-Bullish,0.602461,0.321080,Somewhat-Bullish
NVDA,"Stock market today: S&P 500, Nasdaq futures rise as Micron boosts tech after sell-off, CPI report looms","US stocks, particularly the tech-heavy Nasdaq, saw a significant rise following a cooler-than-expected Consumer Price Index (CPI) report and strong earnings from Micron, which boosted AI demand. The CPI data showed inflation eased to 2.7% in November, leading to increased bets on future interest rate cuts by the Federal Reserve. Micron's positive forecast for AI-linked memory chips helped rebound the tech sector after a recent sell-off, while Trump Media also surged on a merger deal.",https://finance.yahoo.com/news/live/stock-market-today-sp-500-nasdaq-futures-rise-as-micron-boosts-tech-after-sell-off-cpi-report-looms-230752790.html,Yahoo Finance,Yahoo Finance,20251218T140836,,0.350222,Bullish,0.845242,0.316757,Somewhat-Bullish
NVDA,Autonomix to present pancreatic cancer pain treatment data at ASCO,"Autonomix Medical, Inc. (NASDAQ:AMIX) announced that its abstract on pain mitigation in pancreatic cancer will be presented at the 2026 ASCO Gastrointestinal Cancers Symposium. The company's stock has declined significantly, but it recently secured $5 million in financing and reported positive results from a nerve-targeted ablation therapy study for pancreatic cancer pain, along with a new U.S. patent for its cardiac treatment technology.",https://www.investing.com/news/company-news/autonomix-to-present-pancreatic-cancer-pain-treatment-data-at-asco-93CH-4415189,Investing.com,Investing.com,20251218T140850,https://i-invdn-com.investing.com/news/world_news_2_69x52._800x533_L_1419494365.jpg,0.295102,Somewhat-Bullish,0.639865,0.286525,Somewhat-Bullish
NVDA,Envirotech Vehicles stock rises on potential $480 million AI acquisition deal,"Envirotech Vehicles Inc. stock surged 4% premarket after the company announced a letter of intent to acquire AZIO AI Corporation for an estimated $480 million. This acquisition would pivot EVTV's strategy towards AI infrastructure, with AZIO AI's leadership taking the helm of the combined entity. The move aims to scale AZIO AI's infrastructure platform, focusing on global expansion, particularly in growth economies in Asia.",https://www.investing.com/news/stock-market-news/envirotech-vehicles-stock-rises-on-potential-480-million-ai-acquisition-deal-93CH-4415251,Investing.com,Investing.com,20251218T140905,https://i-invdn-com.investing.com/news/LYNXMPEB0E0CQ_L.jpg,0.450127,Bullish,0.616014,0.519609,Bullish
NVDA,Is MP Materials Stock a Millionaire Maker?,"MP Materials, a rare-earth metals company, garnered attention recently due to U.S. government and Apple investments, but its stock has since declined by 45%. While the company is still building its business and carries significant risk, its long-term prospects remain attractive given the vital role of rare-earth metals and the desire to diversify supply chains away from China. However, only aggressive growth investors should consider it given the current valuation is based more on sentiment than financial performance.",https://finviz.com/news/257819/is-mp-materials-stock-a-millionaire-maker,Finviz,Finviz,20251218T143500,https://g.foolcdn.com/image/?url=https%3A%2F%2Fg.foolcdn.com%2Feditorial%2Fimages%2F847452%2F24_08_20-two-people-looking-at-a-giant-screen-with-graphs-on-it-_mf-dload-gettyimages-872019580-1201x800-5b2df79.jpg&w=700,0.258279,Somewhat-Bullish,0.603789,0.336677,Somewhat-Bullish
NVDA,"Nvidia picks Kiryat Tivon for large R&D campus, bringing tech jobs north","US chip giant Nvidia announced plans to build a ""multibillion-shekel"" R&D campus in Kiryat Tivon, Israel, creating an estimated 10,000 jobs. This new 160,000-square-meter hub, set to begin construction in 2027 and complete by 2031, will double Nvidia's current workforce in Israel and become its eighth R&D center in the country. The initiative aims to transform the northern region, currently near Haifa, into a significant tech hub.",https://www.timesofisrael.com/nvidia-picks-kiryat-tivon-for-large-rd-campus-bringing-tech-jobs-north/,The Times of Israel,The Times of Israel,20251218T150824,https://static-cdn.toi-media.com/www/uploads/2025/12/NVIDIA-Israel-Campus-Illustration-1-640x400.jpeg,0.418083,Bullish,1.000000,0.410198,Bullish
NVDA,"Gradient Investments LLC Buys Shares of 63,645 Texas Instruments Incorporated $TXN","Gradient Investments LLC recently acquired 63,645 shares of Texas Instruments (NASDAQ:TXN) valued at approximately $11.7 million during the third quarter, establishing a new position in the semiconductor company. Institutional investors collectively own about 84.99% of TXN, with significant increases in holdings by firms like Jennison, Invesco, and Vanguard. Despite mixed analyst sentiment, with a consensus ""Hold"" rating and a $190.58 target, there have been recent price target trims and a ""sell"" rating from Goldman Sachs.",https://www.marketbeat.com/instant-alerts/filing-gradient-investments-llc-buys-shares-of-63645-texas-instruments-incorporated-txn-2025-12-18/,MarketBeat,MarketBeat,20251218T150851,https://www.marketbeat.com/logos/texas-instruments-incorporated-logo-1200x675.png,-0.107193,Neutral,0.682146,-0.284734,Somewhat-Bearish
NVDA,Applied Optoelectronics Inc. Unveils New 400mW Narrow-Linewidth Pump Laser for AI Data Centers and Co-Packaged Optics,"Applied Optoelectronics Inc. (AOI) has introduced a new 400mW narrow-linewidth pump laser designed for AI data centers, specifically for silicon photonics and co-packaged optics applications. This laser aims to overcome performance limitations of conventional lasers by offering high power, stability, and reduced noise, crucial for high-capacity data transmissions and shared laser architectures. Samples are currently available for select customers, with full production anticipated to begin in late 2026.",https://www.quiverquant.com/news/Applied+Optoelectronics+Inc.+Unveils+New+400mW+Narrow-Linewidth+Pump+Laser+for+AI+Data+Centers+and+Co-Packaged+Optics,Quiver Quantitative,Quiver Quantitative,20251218T150903,https://www.globenewswire.com/NewsRoom/AttachmentNg/8ab210d5-0815-4c84-af56-f51a05321f59,0.243446,Somewhat-Bullish,0.611256,0.200767,Somewhat-Bullish
NVDA,Should Invesco NASDAQ 100 ETF (QQQM) Be on Your Investing Radar?,"The Invesco NASDAQ 100 ETF (QQQM), launched in 2020, is a passively managed fund designed for exposure to the Large Cap Growth segment of the US equity market, with over $68.87 billion in assets. It maintains a low expense ratio of 0.15% and has a significant allocation to the Information Technology sector, with top holdings including Nvidia, Apple, and Microsoft. The QQQM has a Zacks ETF Rank of 1 (Strong Buy) and has shown strong performance, making it a compelling option for investors focusing on large-cap growth.",https://www.sharewise.com/de/news_articles/Should_Invesco_NASDAQ_100_ETF_QQQM_Be_on_Your_Investing_Radar_Zacks_20251218_1220,www.sharewise.com,www.sharewise.com,20251218T150928,https://www.sharewise.com/assets/news/news7-f5f56cfe8653be9fccdbe05957153806046d0d39c6f95907e86e9b8f150bc307.png,0.353816,Bullish,0.601155,0.312686,Somewhat-Bullish
NVDA,"Stock Market Live December 18, 2025: S&P 500 (SPY) Soaring on Micron Earnings","Micron's strong earnings and guidance have significantly boosted the S&P 500, rekindling the AI trade. The company beat EPS and revenue expectations, and Bank of America upgraded Micron shares to a buy rating with a $300 price target. Additionally, lower-than-expected November CPI data suggests cooling inflation, which could lead the Federal Reserve to continue cutting interest rates, further supporting the market rally.",https://247wallst.com/investing/2025/12/18/stock-market-live-december-18-2025-sp-500-spy-soaring-on-micron-earnings/,24/7 Wall St.,24/7 Wall St.,20251218T150932,https://247wallst.com/wp-content/uploads/2024/03/shutterstock-156562427-huge-licensed-scaled.jpg,0.584942,Bullish,0.752792,0.616513,Bullish
NVDA,"Coherent (COHR) Stock Trades Up, Here Is Why","Shares of Coherent (COHR) rose 3.8% after Morgan Stanley increased its price target from $150 to $180, signaling increased confidence in the company's prospects. This positive movement is supported by strong financial results, including $1.58 billion in revenue and 19% year-over-year growth, largely driven by demand from AI-related data centers. The company also recently launched a new 300mm silicon carbide platform to enhance cooling efficiency for AI data centers and advanced electronics.",https://markets.financialcontent.com/stocks/article/stockstory-2025-12-18-coherent-cohr-stock-trades-up-here-is-why,FinancialContent,FinancialContent,20251218T151000,https://news-assets.stockstory.org/cover-images/_1400x700_crop_center-center_none/coherent-cover-image-6a0d62bb4235_2025-05-13-104819_qedf.jpeg,0.3546,Bullish,0.624908,0.317410,Somewhat-Bullish
NVDA,Why Powell (POWL) Stock Is Trading Up Today,"Shares of Powell Industries (POWL) jumped 4% in afternoon trading after a key inflation report showed price pressures easing more than anticipated. The Consumer Price Index for November revealed an inflation rate of 2.7%, lower than the predicted 3.1%, increasing the likelihood of future interest rate cuts which are generally positive for the stock market. While the stock initially popped, it cooled down slightly to $329.49, up 3.8% from its previous close, with this news considered meaningful but not fundamentally altering the perception of the business given the stock's volatility.",https://finviz.com/news/257844/why-powell-powl-stock-is-trading-up-today,Finviz,Finviz,20251218T151100,https://news-assets.stockstory.org/cover-images/_1400x700_crop_center-center_none/powell-industries-cover-image-d28f060015ff_2024-05-22-115839_hzqr.jpeg,0.397093,Bullish,0.633477,0.304273,Somewhat-Bullish
NVDA,"KLA Corporation (KLAC) Stock Is Up, What You Need To Know","Shares of KLA Corporation (KLAC) rose 4.6% after Jefferies named it a top pick for 2026, driven by increased investor interest in AI infrastructure demand. This positive sentiment was reinforced by a broader rally in the chip sector following a strong forecast from Micron Technology. Earlier, Jefferies had upgraded KLAC to Buy with a significantly raised price target, a move echoed by other analysts, leading to the stock trading near its 52-week high with substantial year-to-date gains.",https://markets.financialcontent.com/wral/article/stockstory-2025-12-18-kla-corporation-klac-stock-is-up-what-you-need-to-know,FinancialContent,FinancialContent,20251218T151200,https://news-assets.stockstory.org/cover-images/_1400x700_crop_center-center_none/kla-corporation-cover-image-HNaTCcT_2021-10-18-065831_nzyp,0.351841,Bullish,0.741115,0.334784,Somewhat-Bullish
NVDA,"KLA Corporation (KLAC) Stock Is Up, What You Need To Know","Shares of KLA Corporation (KLAC) surged 4.6% after Jefferies named them a top pick for 2026, alongside Nvidia and Broadcom, citing sustainable demand from AI infrastructure build-out. The positive sentiment was further boosted by a strong forecast from Micron Technology, signaling a broader rebound in the semiconductor sector. KLA's stock has seen significant analyst upgrades and is trading near its 52-week high, demonstrating strong growth and investor confidence.",https://finviz.com/news/257836/kla-corporation-klac-stock-is-up-what-you-need-to-know,Finviz,Finviz,20251218T151200,https://news-assets.stockstory.org/cover-images/_1400x700_crop_center-center_none/kla-corporation-cover-image-HNaTCcT_2021-10-18-065831_nzyp.jpeg,0.373348,Bullish,0.632287,0.311759,Somewhat-Bullish
NVDA,Chip Stocks Are No Longer an Automatic Path to Profits. What the Numbers Say About This Key Semi ETF Now.,"The article discusses the VanEck Semiconductor ETF (SMH), highlighting its past performance and current risks. While semiconductors power AI and have led to significant gains, the ETF faces challenges due to heavily concentrated holdings, high valuations, and increased volatility. Technical analysis suggests bearish signals for SMH, indicating a potential reversal after years of strong growth.",https://markets.financialcontent.com/stocks/article/barchart-2025-12-18-chip-stocks-are-no-longer-an-automatic-path-to-profits-what-the-numbers-say-about-this-key-semi-etf-now?Language=english%2F1000,FinancialContent,FinancialContent,20251218T152500,https://barchart-news-media-prod.aws.barchart.com/EXCLSV/8c5a418a338bf73dabe0d3ab47ad4023/5qezhcrsihd4abas.png,0.037303,Neutral,0.834291,0.116830,Neutral
NVDA,Better Semiconductor Stock for 2026: AMD vs. Intel,"This article compares Advanced Micro Devices (AMD) and Intel (INTC) as semiconductor stock investments for 2026, highlighting their expected earnings growth. While both companies are projected to see significant earnings increases, AMD's growth is driven by rising revenue and market share, particularly in AI chips and data centers, whereas Intel's improvements largely stem from cost-optimization efforts. The analysis concludes that AMD appears to be the more compelling buy due to its stronger revenue growth and more attractive valuation.",https://www.theglobeandmail.com/investing/markets/stocks/AMD-Q/pressreleases/36693612/better-semiconductor-stock-for-2026-amd-vs-intel/,The Globe and Mail,The Globe and Mail,20251218T155444,https://barchart-news-media-prod.aws.barchart.com/FC/b5272c9a86b65bf691bd34abe50170d3/%3Furl%3Dhttps%253a%252f%252fg.foolcdn.com%252feditorial%252fimages%252f847428%252finside-intel-building-with-intel-logo-in-view_intel.jpg%26amp%3Bw%3D700,0.345475,Somewhat-Bullish,0.619861,0.311256,Somewhat-Bullish
NVDA,Better Semiconductor Stock for 2026: AMD vs. Intel,"This article compares Advanced Micro Devices (AMD) and Intel (INTC) to determine which is a better semiconductor stock for 2026. While both companies are projected for significant earnings growth, AMD is shown to have stronger revenue growth and a more attractive valuation. The analysis suggests AMD is the better investment for the coming year.",https://finviz.com/news/257548/better-semiconductor-stock-for-2026-amd-vs-intel,Finviz,Finviz,20251218T160743,https://g.foolcdn.com/image/?url=https%3A%2F%2Fg.foolcdn.com%2Feditorial%2Fimages%2F847428%2Finside-intel-building-with-intel-logo-in-view_intel.jpg&w=700,0.320204,Somewhat-Bullish,0.626625,0.333586,Somewhat-Bullish
NVDA,"Now Generally Available, NVIDIA RTX PRO 5000 72GB Blackwell GPU Expands Memory Options for Desktop Agentic AI","NVIDIA has made its RTX PRO 5000 72GB Blackwell GPU generally available, significantly expanding memory options for desktop agentic AI development. This new configuration, offering 72GB of GDDR7 memory, addresses the increasing demand for memory capacity in complex AI workflows, including large language models and multimodal agentic AI. The GPU provides substantial performance enhancements for AI development, generative AI benchmarks, and creative applications, enabling developers to train larger models locally with improved speed and efficiency.",https://blogs.nvidia.com/blog/rtx-pro-5000-72gb-blackwell-gpu/,NVIDIA Blog,NVIDIA Blog,20251218T160824,https://blogs.nvidia.com/wp-content/uploads/2025/12/rtx-pro-5000-workstation-1280x680-1.jpg,0.710104,Bullish,1.000000,0.718474,Bullish
NVDA,WhiteFiber secures $865 million data center deal with Nscale Global,"WhiteFiber Inc. has announced an $865 million, 10-year colocation agreement with AI infrastructure provider Nscale Global Holdings for its NC-1 data center campus. The deal, which will deploy 40 megawatts of IT load in two phases, is expected to significantly boost WhiteFiber's revenue, although the stock has recently faced pressure. H.C. Wainwright and Citizens have maintained positive ratings on WhiteFiber, highlighting its strategic shift towards advanced technology development.",https://www.investing.com/news/company-news/whitefiber-secures-865-million-data-center-deal-with-nscale-global-93CH-4416169,Investing.com,Investing.com,20251218T164200,https://i-invdn-com.investing.com/news/world_news_2_69x52._800x533_L_1419494365.jpg,0.285606,Somewhat-Bullish,0.567190,0.273620,Somewhat-Bullish
NVDA,Analysts Say This 1 Lesser-Known Chip Stock Is a Top Buy for 2026. Should You Add It to Your Portfolios Here?,"KLA Corporation (KLAC) has been identified by Jefferies as a top pick for 2026 in the chip space, alongside Nvidia and Broadcom. The company, a major supplier of process control solutions to the semiconductor industry, is benefiting from the sustainable demand in AI infrastructure development. Analysts view KLAC as a strong buy due to its robust financial performance, high operating margins, and critical role in the increasingly complex AI chip manufacturing process.",https://markets.financialcontent.com/wral/article/barchart-2025-12-18-analysts-say-this-1-lesser-known-chip-stock-is-a-top-buy-for-2026-should-you-add-it-to-your-portfolios-here,FinancialContent,FinancialContent,20251218T170300,https://barchart-news-media-prod.aws.barchart.com/EXCLSV/8d7697842191806ef644aca37e47ac29/ud8horaxfggxhruf.png,0.483064,Bullish,0.643636,0.311421,Somewhat-Bullish
NVDA,A Standout Year for the iShares MSCI World ETF,"The iShares MSCI World ETF (URTH) achieved a powerful performance in 2025 with a year-to-date return of approximately 20.5%, driven by strong technology holdings, a rally in developed equity markets, new US policy initiatives, and a softening US dollar. The fund's portfolio is heavily influenced by technology, with US equities dominating its geographic allocation, making it a ""US-plus"" strategy. Despite its higher expense ratio, URTH offers efficient global stock exposure specifically excluding emerging markets.",https://www.ad-hoc-news.de/boerse/ueberblick/a-standout-year-for-the-ishares-msci-world-etf/68425680,AD HOC NEWS,AD HOC NEWS,20251218T170909,NULL,0.408301,Bullish,0.891378,0.498646,Bullish
NVDA,"DigitalOcean (DOCN) Stock Is Up, What You Need To Know","Shares of DigitalOcean (DOCN) rose by 3.9% after the company introduced its Gradient™ AI Agent Development Kit, designed to help developers build and deploy production-ready AI agents. This new tool addresses the challenge of transforming AI prototypes into reliable applications, positioning DigitalOcean to better serve the growing AI development market. Despite a recent drop due to concerns over AI investment profitability, the stock is up 32.7% year-to-date.",https://finviz.com/news/257644/digitalocean-docn-stock-is-up-what-you-need-to-know,Finviz,Finviz,20251218T171028,https://news-assets.stockstory.org/cover-images/_1400x700_crop_center-center_none/Bl4l3_2021-10-21-094724_galj.jpeg,0.103165,Neutral,0.643287,0.327503,Somewhat-Bullish
NVDA,Michael Burry Asks For Photos Of Warehoused Nvidia GPUs After Analyst Questions Jensen Huang's Blackwell Shipment Numbers (UPDATED),"Michael Burry, known for forecasting the 2008 housing collapse, has asked for evidence of stockpiled Nvidia GPUs after an analyst on X questioned CEO Jensen Huang's Blackwell shipment numbers. The analyst's detailed thread suggested a discrepancy between Nvidia's reported data-center revenue and the stated 6 million Blackwell GPU shipments, also raising concerns about the power requirements relative to U.S. data-center capacity. Burry's request comes as he doubles down on his bearish view of Nvidia, despite the company's strong stock performance.",https://finance.yahoo.com/news/michael-burry-asks-photos-warehoused-223107967.html,Yahoo Finance,Yahoo Finance,20251218T173100,https://s.yimg.com/ny/api/res/1.2/HizwK5zYqX0sSg12CHlHfg--/YXBwaWQ9aGlnaGxhbmRlcjt3PTE5NDtoPTQ4O2NmPXdlYnA-/https://s.yimg.com/os/creatr-uploaded-images/2020-11/f4b4e310-2b77-11eb-afee-ca1478f0e9ef,-0.008179,Neutral,0.964503,-0.185949,Somewhat-Bearish
NVDA,Assessing Charles Schwab’s (SCHW) Valuation After Its Steady Year-to-Date Share Price Rebound,"Charles Schwab (SCHW) shares have rebounded significantly, up over 30% year-to-date, as investors become more comfortable with its interest rate exposure and earnings potential. While a narrative valuation suggests the stock is undervalued at $111.78, a Discounted Cash Flow (DCF) model indicates it may be slightly overvalued at $92.01 compared to its current price of $96.61. Investors are evaluating whether the market has already factored in future growth or if there's still a discount to its long-term potential.",https://simplywall.st/stocks/us/diversified-financials/nyse-schw/charles-schwab/news/assessing-charles-schwabs-schw-valuation-after-its-steady-ye,Simply Wall Street,Simply Wall Street,20251218T173449,NULL,0.20459,Somewhat-Bullish,0.581815,0.226594,Somewhat-Bullish
NVDA,"Enphase (ENPH) Shares Skyrocket, What You Need To Know","Shares of Enphase (NASDAQ:ENPH) jumped 5.4% after Goldman Sachs upgraded the stock from Sell to Neutral, maintaining a $29.00 price target. This upgrade followed a 23% decline in Enphase's shares and Goldman Sachs' belief that management had reset expectations lower. The market's reaction to this news was significant, following a period of high volatility for ENPH shares, which are down 53.3% year-to-date.",https://finviz.com/news/257678/enphase-enph-shares-skyrocket-what-you-need-to-know,Finviz,Finviz,20251218T174707,https://news-assets.stockstory.org/cover-images/_1400x700_crop_center-center_none/enphase-energy-cover-image-c03731ba9ba8_2024-10-03-202059_dkvv.jpeg,0.345027,Somewhat-Bullish,0.688655,0.380040,Bullish
NVDA,"BMO Keeps Outperform on Amazon (AMZN), Sees AWS Growth Accelerating","BMO Capital has maintained an Outperform rating on Amazon (AMZN) and increased its price target to $304, citing accelerating AWS growth due to faster cloud commitments and emerging AI applications. The report follows conversations with former AWS employees and comes amid discussions of Amazon potentially investing $10 billion in OpenAI, valuing it at over $500 billion. This potential investment highlights the surging demand for computing power to advance AI systems, with other major tech firms already making significant commitments.",https://www.insidermonkey.com/blog/bmo-keeps-outperform-on-amazon-amzn-sees-aws-growth-accelerating-1662450/,Insider Monkey,Insider Monkey,20251218T175800,https://imonkey-blog.imgix.net/blog/wp-content/uploads/2021/05/28105216/christian-wiediger-rymh7EZPqRs-unsplash.jpg?auto=format&fit=clip&expires=1797552000&width=480&height=320,0.183045,Somewhat-Bullish,0.639574,0.116643,Neutral
NVDA,"KLA Corporation (KLAC) Stock Is Up, What You Need To Know","KLA Corporation's stock (KLAC) jumped 4.6% after Jefferies named it a top pick for 2026, alongside Nvidia and Broadcom, citing sustainable demand from AI infrastructure build-out. The positive sentiment was also boosted by a strong forecast from Micron Technology, which indicated surging demand and supply shortages in the chip sector. KLA Corporation has seen a 92.3% increase since the beginning of the year and is trading near its 52-week high.",https://markets.financialcontent.com/pentictonherald/article/stockstory-2025-12-18-kla-corporation-klac-stock-is-up-what-you-need-to-know,FinancialContent,FinancialContent,20251218T180827,https://news-assets.stockstory.org/cover-images/_1400x700_crop_center-center_none/kla-corporation-cover-image-HNaTCcT_2021-10-18-065831_nzyp.jpeg,0.357472,Bullish,0.621161,0.341056,Somewhat-Bullish
NVDA,"Hedge Fund and Insider Trading News: Bill Ackman, Warren Buffett, Steve Cohen, Citadel Investment Group, Elliott Management, Altai Capital, Elanco Animal Health Inc (ELAN), NVIDIA Corp (NVDA), and More","This article summarizes recent hedge fund and insider trading news involving prominent figures like Bill Ackman, Warren Buffett, and Steve Cohen, alongside major firms such as Citadel and Elliott Management. Key highlights include Ackman's $2.1BN deal for an insurer, Steve Cohen's consideration of a commodities unit, and activist investor Elliott Management acquiring a significant stake in Lululemon. The report also touches on insider buying in ELAN and a notable sale of NVIDIA stock by a long-term director.",https://www.insidermonkey.com/blog/hedge-fund-and-insider-trading-news-bill-ackman-warren-buffett-steve-cohen-citadel-investment-group-elliott-management-altai-capital-elanco-animal-health-inc-elan-nvidia-corp-nvda-and-mor-1662365/,Insider Monkey,Insider Monkey,20251218T180848,https://imonkey-blog.imgix.net/blog/wp-content/uploads/2015/07/Wall-Street-Stocks-Market-Insider-Trading.jpg?auto=format&fit=clip&expires=1797552000&width=480&height=311,0.132667,Neutral,0.914864,-0.087164,Neutral
NVDA,"Unity (U) Stock Is Up, What You Need To Know","Shares of Unity (NYSE:U) jumped 2.9% after a key inflation report showed price increases slowed more than anticipated, leading to a broader market rally. Despite the positive news, the stock's volatility is highlighted by its 56 moves greater than 5% in the last year, and recent insider sales by Director Tomer Bar-Zeev and shareholder Anirma Gupta contributed to downward pressure on the stock. While Unity is up 82.5% year-to-date, it still trades 9.6% below its 52-week high, and investors who bought 5 years ago would see their investment significantly devalued.",https://finviz.com/news/257858/unity-u-stock-is-up-what-you-need-to-know,Finviz,Finviz,20251218T180902,https://news-assets.stockstory.org/cover-images/SnShW.jpeg,0.212903,Somewhat-Bullish,0.642092,0.303571,Somewhat-Bullish
NVDA,CIO thinks investors underallocated to stocks should add to their equity exposure,"UBS Chief Investment Office (CIO) suggests investors increase their equity exposure due to strong AI demand, robust company fundamentals, and a favorable macro backdrop including expected Federal Reserve interest rate cuts. They project the S&P 500 to reach 7,300 by June next year and 7,700 by the end of 2026, driven by earnings growth and looser Fed policy. China and European equities are also highlighted as attractive investment opportunities.",https://www.ubs.com/us/en/wealth-management/insights/market-news/article.2940023.html,UBS,UBS,20251218T180911,https://www.ubs.com/cioresearch/29/40/02/3/2940023/en/image.643111244.img/2940023.png,0.192937,Somewhat-Bullish,0.609421,0.306682,Somewhat-Bullish
NVDA,The Next Big Theme: December 2025,"This article outlines key thematic trends in December 2025, focusing on significant developments in electrification, artificial intelligence, defense technology, AI semiconductors, HealthTech, and e-commerce. It highlights how these sectors are experiencing rapid growth and innovation, driven by new partnerships, technological advancements, and shifting consumer behavior. The report also includes financial data from Global X ETFs related to these themes.",https://www.globalxetfs.com/articles/the-next-big-theme-december-2025/,Global X ETFs,Global X ETFs,20251218T180933,https://assets-cms.globalxetfs.com/Banner_02b5b98c55.png,0.262107,Somewhat-Bullish,0.910809,0.311530,Somewhat-Bullish
NVDA,Advanced Micro Devices Stock Gains With Sector After Micron's Strong Results,"Advanced Micro Devices (AMD) shares rose on Thursday, supported by positive market sentiment from softer November inflation data and strong quarterly results from Micron Technology (MU). Micron exceeded revenue and earnings estimates, providing upbeat guidance, which boosted the semiconductor sector. Despite recent struggles and bearish technical indicators for AMD, the stock has shown a strong 67% gain over the past 12 months.",https://www.benzinga.com/trading-ideas/movers/25/12/49489659/advanced-micro-devices-stock-gains-with-sector-after-microns-strong-results,Benzinga,Benzinga,20251218T190737,https://cdn.benzinga.com/files/images/story/2025/07/24/article-header-background-image.png?quality=85&auto=webp&width=1300,0.271067,Somewhat-Bullish,0.563803,0.177156,Somewhat-Bullish
NVDA,Touring the Center of the Internet and an AI Data Center at Equinix Silicon Valley,"This article tours Equinix’s Silicon Valley data center campus, focusing on the historic SV1, known as the ""center of the internet,"" and the modern SV11, designed for AI clusters. It highlights how SV1, built in 2000, has adapted over decades to integrate new technologies with legacy systems, facilitating internet interconnectivity for over 200 carriers and major cloud providers. The tour also explores the intricate fiber infrastructure that supports these massive data centers.",https://www.servethehome.com/touring-the-center-of-the-internet-and-an-ai-data-center-at-equinix-silicon-valley-sv1-sv11-nvidia-dgx-superpod/,ServeTheHome,ServeTheHome,20251218T191254,https://www.servethehome.com/wp-content/uploads/2025/12/Equinix-SV1-Touring-the-Center-of-the-Internet-696x392.jpeg,0.234682,Somewhat-Bullish,0.899409,0.330731,Somewhat-Bullish
NVDA,Honeywell (HON): Revisiting Valuation After Positive Evercore Coverage and Ongoing Portfolio Transformation,"Honeywell (HON) has received positive attention following Evercore ISI's upbeat coverage and significant portfolio transformations, including high-profile technology partnerships. Despite a recent share price increase of 4.08% over seven days, the stock is down 11.36% year-to-date, though its 5-year return shows steady compounding. The company is considered 16.5% undervalued with a fair value of $239.40, driven by growth in high-demand verticals and productivity improvements, although execution risks exist.",https://simplywall.st/stocks/us/capital-goods/nasdaq-hon/honeywell-international/news/honeywell-hon-revisiting-valuation-after-positive-evercore-c,Simply Wall Street,Simply Wall Street,20251218T200001,NULL,0.32925,Somewhat-Bullish,0.629723,0.310091,Somewhat-Bullish
NVDA,Morgan Stanley sets jaw-dropping Micron price target after event,"Morgan Stanley has significantly raised its price target for Micron Technology (MU) to $350, reiterating an Overweight rating and naming it their top U.S. semiconductor pick, after Micron reported record earnings and guidance driven by surging AI demand. The firm highlighted Micron's latest quarter as one of the biggest revenue and profit surprises in the U.S. chip space, second only to Nvidia's AI surge. Micron's CEO also stated that the AI-driven memory crunch is a multi-year structural shortage, with the company currently able to meet only 50% to two-thirds of its marquee customers' demand.",https://www.thestreet.com/investing/stocks/morgan-stanley-sets-jaw-dropping-micron-price-target-after-event,TheStreet,TheStreet,20251218T200844,"https://www.thestreet.com/.image/w_3840,q_auto:good,c_limit/NDA6MDAwMDAwMDAyODAwMzkw/shanghai-china-november-05-people-visit-micron-booth-during-the-7th-china-international-import-expo-ciie-at-the-national-exhibition-and-convention-center-shanghai-on-november-5-2024-in-shanghai-china.jpg?arena_f_auto",0.572405,Bullish,0.735738,0.750516,Bullish
NVDA,"Inflation Cools, Micron Shines: Tech ETFs Catch Tailwind","US tech ETFs, particularly semiconductor-focused ones, rallied after November's Consumer Price Index came in lower than expected at 2.7% year-over-year, easing inflation concerns. Micron Technology Inc. (NASDAQ: MU) also boosted sentiment with strong earnings, reinforcing stability in memory pricing and AI-driven demand. While strong gains in semiconductor ETFs in 2025 have raised valuation concerns, cooling inflation and reduced Treasury yields currently provide a strong catalyst for the sector.",https://www.benzinga.com/etfs/sector-etfs/25/12/49491168/inflation-cools-micron-shines-tech-etfs-catch-tailwind,Benzinga,Benzinga,20251218T200920,https://cdn.benzinga.com/files/images/story/2025/12/18/Semiconductors.jpeg?quality=85&auto=webp&width=850,0.614549,Bullish,0.808376,0.517674,Bullish
NVDA,Is Morgan Stanley’s Backing Reframing Astera Labs (ALAB) as a Core AI Data Center Connectivity Play?,"Morgan Stanley recently included Astera Labs (ALAB) among its top semiconductor picks for 2026, highlighting the company's crucial role in AI-driven data center connectivity. This endorsement emphasizes Astera's exposure to hyperscale AI infrastructure and open-standards connectivity, suggesting a significant investment narrative shift. The company's future hinges on sustained AI infrastructure spending, its ability to secure design slots, and the adoption of its UA Link based scale-up connectivity solutions.",https://simplywall.st/stocks/us/semiconductors/nasdaq-alab/astera-labs/news/is-morgan-stanleys-backing-reframing-astera-labs-alab-as-a-c,Simply Wall Street,Simply Wall Street,20251218T200936,NULL,0.350484,Bullish,0.706298,0.348683,Somewhat-Bullish
NVDA,"Marvell Technology (MRVL) Stock News, Forecasts and Analyst Outlook — What Investors Are Watching on December 18, 2025","Marvell Technology (MRVL) is experiencing a rebound due to cooling inflation and increased investor interest in AI infrastructure. The company's focus on AI data center demand, the Celestial AI acquisition for photonics technology, and addressing ""lost sockets"" rumors are key factors influencing its stock performance. Analysts have mixed views, but the consensus price target suggests notable upside, dependent on customer traction and successful execution of the Celestial roadmap.",https://ts2.tech/en/marvell-technology-mrvl-stock-news-forecasts-and-analyst-outlook-what-investors-are-watching-on-december-18-2025/,ts2.tech,ts2.tech,20251218T201008,https://ts2.tech/wp-content/plugins/wp-youtube-lyte/lyteCache.php?origThumbUrl=https%3A%2F%2Fi.ytimg.com%2Fvi%2FPDJNV5ZbXyc%2F0.jpg,0.221276,Somewhat-Bullish,0.645165,0.321126,Somewhat-Bullish
NVDA,Qualcomm's Monster Rally Has a Catch-Can the Stock Keep Climbing?,"Qualcomm (NASDAQ: QCOM) has experienced a significant stock rally throughout 2025, with shares up 12% year-to-date and over 40% since April, leading to its highest price-to-earnings (P/E) ratio in over a decade. This valuation increase reflects a shift in market perception, moving beyond its traditional smartphone dependence to embrace diversification into automotive, IoT, and edge computing. While bullish analysts see continued upside, more conservative views suggest the stock is fairly valued, making 2026 a pivotal year for investors to monitor its performance closely.",https://finviz.com/news/257988/qualcomms-monster-rally-has-a-catch-can-the-stock-keep-climbing,Finviz,Finviz,20251218T220421,https://www.marketbeat.com/logos/articles/med_20251218103136_qualcomms-pe-is-at-a-decade-high-good-sign-or-red.png,0.188237,Somewhat-Bullish,0.873733,0.142046,Neutral
NVDA,Is AbbVie a Millionaire Maker?,"AbbVie (NYSE: ABBV) is a pharmaceutical company focusing on immunology, oncology, neuroscience, and aesthetics, known for drugs like Humira and Botox. Despite a challenging third quarter in 2025 with an 88% GAAP earnings drop, the company raised its full-year guidance and increased its dividend by 5.5%. While the stock currently appears expensive based on traditional valuation metrics, its diversified business and attractive dividend yield make it a potential long-term investment, though caution is advised due to its high valuation.",https://www.theglobeandmail.com/investing/markets/markets-news/Motley%20Fool/36701590/is-abbvie-a-millionaire-maker/,The Globe and Mail,The Globe and Mail,20251218T220754,https://barchart-news-media-prod.aws.barchart.com/FC/9bdfb6841fd1740150ec08605efbe763/%3Furl%3Dhttps%253a%252f%252fg.foolcdn.com%252feditorial%252fimages%252f847450%252f24_08_15-the-words-sell-buy-and-hold-superimposed-over-a-person-_mf-dload-gettyimages-516682755-1200x800-5b2df79.jpg%26amp%3Bw%3D700,0.26029,Somewhat-Bullish,0.623005,0.321196,Somewhat-Bullish
NVDA,"KLA Corp (KLAC) Stock Up 4.5%, Named Top 2026 Pick by Jefferies | Market Analysis - News and Statistics","Shares of KLA Corporation (KLAC) rose 4.5% after Jefferies named it a top pick for 2026, alongside Nvidia and Broadcom, due to sustainable demand from AI infrastructure build-out. This positive sentiment was reinforced by a strong forecast from Micron Technology. KLA's stock is trading near its 52-week high, having gained 92.3% year-to-date.",https://www.indexbox.io/blog/kla-corporation-stock-rises-after-jefferies-names-it-a-top-pick-for-2026/,IndexBox,IndexBox,20251218T220840,NULL,0.343018,Somewhat-Bullish,0.725712,0.322120,Somewhat-Bullish
NVDA,Intuitive Surgical names Brian E. Miller head of digital and AI strategy,"Intuitive Surgical announced that Brian E. Miller, Ph.D., will transition from Chief Digital Officer to Head of Digital and AI Strategy, effective January 1, 2026. In his new role, Dr. Miller will no longer report directly to the CEO, and additional details about his responsibilities were not provided. This announcement follows recent positive news for Intuitive Surgical, including FDA clearance for its da Vinci Single Port surgical system and strong financial results, leading to multiple analyst price target increases.",https://www.investing.com/news/sec-filings/intuitive-surgical-names-brian-e-miller-head-of-digital-and-ai-strategy-93CH-4416283,Investing.com,Investing.com,20251218T220845,https://i-invdn-com.investing.com/news/news_pile_69x52._800x533_L_1419494209.jpg,0.366509,Bullish,0.588835,0.325876,Somewhat-Bullish
NVDA,Is It Time to Sell Your Tech Stocks and Reinvest Elsewhere?,"Morningstar Wealth strategists are advising investors to trim their exposure to US tech and communication services stocks, especially those related to AI, due to elevated valuations. They suggest reinvesting in areas like small caps and emerging-market stocks, particularly in Latin America, which offer more attractive relative valuations and higher expected returns. This strategic shift is based on a decade-long outlook and aims to capitalize on undervalued sectors while reducing risk from potentially overvalued tech.",https://www.morningstar.com/markets/is-it-time-sell-your-tech-stocks-reinvest-elsewhere,Morningstar,Morningstar,20251218T220900,https://cloudfront-us-east-1.images.arcpublishing.com/morningstar/HEVTGDUHIRAI3PFS4FQNAHIEFA.png,-0.219495,Somewhat-Bearish,0.732584,-0.202154,Somewhat-Bearish
NVDA,Aris Mining Corp stock hits 52-week high at 15.95 USD,"Aris Mining Corp's stock has reached a new 52-week high of $15.95 USD, driven by exceptional performance including a 377.17% surge over the last year. Despite the rally, InvestingPro's analysis suggests the stock might still be slightly undervalued. The company's strong financial health, impressive revenue growth, and high investor confidence are key factors behind this significant growth, though a high P/E ratio and volatility are noted.",https://www.investing.com/news/company-news/aris-mining-corp-stock-hits-52week-high-at-1595-usd-93CH-4415528,Investing.com,Investing.com,20251218T220921,https://i-invdn-com.investing.com/news/world_news_2_69x52._800x533_L_1419494365.jpg,0.461236,Bullish,0.638022,0.303829,Somewhat-Bullish
NVDA,"Frequency Electronics, Inc. Just Missed Earnings - But Analysts Have Updated Their Models","Frequency Electronics, Inc. (NASDAQ:FEIM) saw its share price jump 23% after its second-quarter results, despite missing earnings estimates by 32%. Analysts have since updated their models, forecasting a revenue increase to US$72.2m in 2026 but a 59% dive in statutory earnings per share to US$0.88, leading to mixed opinions and a surprising 16% rise in the consensus price target to US$44.00, driven by expected revenue growth. The company's revenue growth is projected to be slower than its industry peers.",https://simplywall.st/stocks/us/tech/nasdaq-feim/frequency-electronics/news/frequency-electronics-inc-just-missed-earnings-but-analysts-1,Simply Wall Street,Simply Wall Street,20251218T220931,https://images.simplywall.st/asset/chart/273673-earnings-and-revenue-growth-1-dark-2/1766053070269,0.117896,Neutral,0.606234,0.130263,Neutral
NVDA,"Arcus Biosciences amends loan agreement, extends maturity and updates terms","Arcus Biosciences (NYSE:RCUS) has amended its loan agreement with Hercules Capital, Inc., extending the maturity date to September 1, 2030, and updating terms for additional term loan commitments. The amendment provides access to an additional $150 million in tranches based on specific milestones related to clinical trial data and FDA approvals. Despite holding more cash than debt, the company is experiencing significant cash burn, with a negative free cash flow of $464 million over the last twelve months.",https://www.investing.com/news/sec-filings/arcus-biosciences-amends-loan-agreement-extends-maturity-and-updates-terms-93CH-4416066,Investing.com,Investing.com,20251218T221210,https://i-invdn-com.investing.com/news/news_six_pile_69x52._800x533_L_1419494215.jpg,-0.078547,Neutral,0.615379,0.318890,Somewhat-Bullish
NVDA,Western Digital (WDC): Taking Stock of Valuation as It Enters the Nasdaq-100 on Strong AI Storage Demand,"Western Digital (WDC) is joining the Nasdaq-100, which is expected to attract new investment, driven by robust AI storage demand. Despite a significant stock rally and the company being about 8% undervalued based on current narratives and analyst forecasts, its P/E ratio is slightly higher than peers, raising questions about how much growth is already factored into its price. The article highlights the company's strong position with hyperscalers for AI-centric storage, but also points out risks such as potential pullbacks in hyperscale spending or competition from alternative storage technologies.",https://simplywall.st/stocks/us/tech/nasdaq-wdc/western-digital/news/western-digital-wdc-taking-stock-of-valuation-as-it-enters-t,Simply Wall Street,Simply Wall Street,20251218T222342,NULL,0.36514,Bullish,0.618399,0.410198,Bullish
NVDA,"Insider Selling: Apellis Pharmaceuticals (NASDAQ:APLS) General Counsel Sells 5,000 Shares of Stock","Apellis Pharmaceuticals General Counsel David Watson sold 5,000 shares of APLS stock on December 16th at an average price of $24.49, totaling $122,450. This transaction reduced his stake by 4.6% to 103,730 shares. The company recently exceeded quarterly EPS and revenue estimates, with revenue up 133% year-over-year, and institutional investors own approximately 96.29% of the stock.",https://www.marketbeat.com/instant-alerts/insider-selling-apellis-pharmaceuticals-nasdaqapls-general-counsel-sells-5000-shares-of-stock-2025-12-18/,MarketBeat,MarketBeat,20251218T224812,https://www.marketbeat.com/logos/apellis-pharmaceuticals-inc-logo-1200x675.png?v=20231214102653,0.213313,Somewhat-Bullish,0.613255,0.304889,Somewhat-Bullish
NVDA,3 Reasons CBSH is Risky and 1 Stock to Buy Instead,"Commerce Bancshares' shares have underperformed the S&P 500, with an 8.4% loss over the past six months. This article outlines three reasons to avoid the stock: disappointing long-term revenue growth, soft net interest income, and slim projected tangible book value per share growth. The author suggests investors consider other, higher-quality stocks instead.",https://finviz.com/news/258557/3-reasons-cbsh-is-risky-and-1-stock-to-buy-instead,Finviz,Finviz,20251218T230100,https://news-assets.stockstory.org/cover-images/_1400x700_crop_center-center_none/commerce-bancshares-cover-image-4ce4f1abe201_2025-06-09-182050_iwpc.jpeg,-0.081487,Neutral,0.620005,0.318833,Somewhat-Bullish
NVDA,3 Reasons to Sell BANC and 1 Stock to Buy Instead,"This article advises selling Banc of California (BANC) despite its recent stock rally, citing concerns over stagnant net interest income and sluggish tangible book value per share growth. The author suggests the company's fundamentals are shaky, presenting too much downside risk, and recommends investing in high-quality, market-beating stocks instead. Specific examples of high-performing stocks like Nvidia and Exlservice are mentioned as alternatives.",https://finviz.com/news/258454/3-reasons-to-sell-banc-and-1-stock-to-buy-instead,Finviz,Finviz,20251218T230200,https://news-assets.stockstory.org/cover-images/_1400x700_crop_center-center_none/banc-of-california-cover-image-421f5a57f09e_2025-06-06-150434_slhi.jpeg,-0.072683,Neutral,0.619037,0.346002,Somewhat-Bullish
NVDA,"Cantor Keeps Overweight on AMD Despite Target Cut, Citing Strong AI Tailwinds","Cantor Fitzgerald reiterated an Overweight rating on Advanced Micro Devices, Inc. (NASDAQ: AMD) despite cutting its price target to $300 from $350. The firm believes the semiconductor index, driven by AI buildout, will outperform the broader market. Cantor highlights AMD's progress in software, strategic partnerships like the one with OpenAI, and its strong potential in the AI infrastructure market.",https://finviz.com/news/258036/cantor-keeps-overweight-on-amd-despite-target-cut-citing-strong-ai-tailwinds,Finviz,Finviz,20251218T230248,https://d2gr5kl7dt2z3t.cloudfront.net/blog/wp-content/uploads/2023/09/19160555/AMD-insidermonkey-1695153952842.jpg,0.238267,Somewhat-Bullish,0.648764,0.213121,Somewhat-Bullish
NVDA,3 Reasons to Avoid HZO and 1 Stock to Buy Instead,"This article advises against investing in MarineMax (HZO), citing flat same-store sales indicating weak demand, a downward trend in earnings per share (EPS), and high debt levels as primary concerns. Instead, it suggests looking into ""Top 5 Strong Momentum Stocks"" for better investment opportunities, highlighting past successes like Nvidia and Comfort Systems. The analysis concludes that MarineMax is overvalued and presents significant risks.",https://finviz.com/news/258455/3-reasons-to-avoid-hzo-and-1-stock-to-buy-instead,Finviz,Finviz,20251218T230300,https://news-assets.stockstory.org/cover-images/_1400x700_crop_center-center_none/marinemax-cover-image-a31166d3bb77_2023-08-16-111046_msqz.jpeg,-0.083102,Neutral,0.641585,0.541025,Bullish
NVDA,3 Reasons to Avoid HLMN and 1 Stock to Buy Instead,"This article advises investors to avoid Hillman Solutions Corp. (HLMN) despite its recent stock performance, citing disappointing long-term revenue growth, mediocre free cash flow margins, and unimpressive growth initiatives. The authors suggest that while HLMN's valuation is reasonable, there are better opportunities in the market, recommending looking into their curated list of high-quality software stocks instead.",https://finviz.com/news/258425/3-reasons-to-avoid-hlmn-and-1-stock-to-buy-instead,Finviz,Finviz,20251218T230300,https://news-assets.stockstory.org/cover-images/_1400x700_crop_center-center_none/hillman-cover-image-449d64f00308_2024-06-21-084742_rwuw.jpeg,0.133819,Neutral,0.624518,0.642424,Bullish
NVDA,3 Reasons VPG is Risky and 1 Stock to Buy Instead,"Vishay Precision Group Inc (VPG) has seen a significant stock price increase recently, up 47.1% in six months. However, the article argues against buying VPG due to sluggish long-term revenue growth (2.6% annualized over five years), declining EPS (-15.3% annually over five years), and a decreasing return on invested capital (ROIC). The author believes VPG is currently overvalued at 40.2x forward P/E and suggests looking into other ""Strong Momentum Stocks"" as better investment opportunities.",https://finviz.com/news/258382/3-reasons-vpg-is-risky-and-1-stock-to-buy-instead,Finviz,Finviz,20251218T230400,https://news-assets.stockstory.org/cover-images/_1400x700_crop_center-center_none/vishay-precision-cover-image-038304d78c94_2024-08-02-194021_povc.jpeg,-0.09482,Neutral,0.601248,0.301720,Somewhat-Bullish
NVDA,"BMO Keeps Outperform on Amazon (AMZN), Sees AWS Growth Accelerating","BMO Capital has raised its price target for Amazon (AMZN) to $304, maintaining an Outperform rating, following insights from former AWS employees suggesting accelerating cloud commitments and enterprise AI application scaling by 2027. Separately, Amazon is reportedly in discussions to invest approximately $10 billion in OpenAI, valuing the ChatGPT maker at over $500 billion, highlighting the surge in demand for computing power for advanced AI systems. Despite Amazon's potential, the article suggests other AI stocks may offer greater upside and less risk, especially those benefiting from Trump-era tariffs and onshoring trends.",https://finviz.com/news/258037/bmo-keeps-outperform-on-amazon-amzn-sees-aws-growth-accelerating,Finviz,Finviz,20251218T230449,https://d2gr5kl7dt2z3t.cloudfront.net/blog/wp-content/uploads/2021/05/28105216/christian-wiediger-rymh7EZPqRs-unsplash.jpg,0.174475,Somewhat-Bullish,0.572332,0.103052,Neutral
NVDA,KLA Corporation (KLAC): 3 Reasons We Love This Stock,"KLA Corporation (KLAC) has seen a significant stock price increase of 43.8% in the past six months due to solid quarterly results. The article highlights three key reasons for optimism: skyrocketing revenue with a 16.1% compounded annual growth rate over five years, an elite gross margin of 60.6% due to differentiated products, and an excellent free cash flow margin averaging 30.8% over the last two years, boosting reinvestment potential.",https://finviz.com/news/258378/kla-corporation-klac-3-reasons-we-love-this-stock,Finviz,Finviz,20251218T230500,https://news-assets.stockstory.org/cover-images/_1400x700_crop_center-center_none/kla-corporation-cover-image-HNaTCcT_2021-10-18-065831_nzyp,0.40949,Bullish,0.606977,0.428870,Bullish
NVDA,Lattice Semiconductor (LSCC): Reassessing Valuation After sensAI 8.0 Expands Its Edge AI Ambitions,"Lattice Semiconductor recently launched sensAI 8.0, enhancing its edge AI capabilities for various applications, which has contributed to a modest 30-day share price return of 11.07% and a 23.34% one-year return. Despite trading below the average analyst price target, the company faces growth headwinds and a rich multiple. The stock is considered 8.8% undervalued with a narrative fair value of $78.77, driven by a shift towards higher-value new products and strong margin improvement, though competition and regulatory risks persist.",https://simplywall.st/stocks/us/semiconductors/nasdaq-lscc/lattice-semiconductor/news/lattice-semiconductor-lscc-reassessing-valuation-after-sensa,Simply Wall Street,Simply Wall Street,20251218T230912,NULL,0.213794,Somewhat-Bullish,0.635916,0.103350,Neutral
NVDA,"Insider Selling: TeleTech (NASDAQ:TTEC) Director Sells 4,000 Shares of Stock","TeleTech (NASDAQ:TTEC) Director Steven Anenen sold 4,000 shares of the company's stock on December 17th at an average price of $3.85, totaling $15,400. This transaction reduced his ownership by 6.98% to 53,314 shares. The sale follows TeleTech missing quarterly EPS estimates and receiving a consensus ""Reduce"" rating from analysts with a $3.50 price target.",https://www.marketbeat.com/instant-alerts/insider-selling-teletech-nasdaqttec-director-sells-4000-shares-of-stock-2025-12-18/,MarketBeat,MarketBeat,20251218T230929,https://www.marketbeat.com/logos/ttec-holdings-inc-logo-1200x675.png?v=20240523094722,-0.16011,Somewhat-Bearish,0.639697,0.207260,Somewhat-Bullish
NVDA,Is Morgan Stanley’s Backing Reframing Astera Labs (ALAB) as a Core AI Data Center Connectivity Play?,"Morgan Stanley recently highlighted Astera Labs (ALAB) as a key semiconductor pick for 2026, positioning it as a significant player in AI data center connectivity. The endorsement underscores Astera's role in hyperscale AI infrastructure and open-standards connectivity, particularly with its upcoming UA Link solutions.",https://simplywall.st/stocks/us/semiconductors/nasdaq-alab/astera-labs/news/is-morgan-stanleys-backing-reframing-astera-labs-alab-as-a-c/amp,Simply Wall Street,Simply Wall Street,20251218T230950,NULL,0.341821,Somewhat-Bullish,0.706540,0.332773,Somewhat-Bullish
NVDA,"Cisco Stock After Hours Today (Dec. 18, 2025): CSCO Slips in Late Trading as a Critical Zero‑Day Cyber Alert Hits Headlines — What to Watch Before Friday’s Open","Cisco Systems, Inc. (NASDAQ: CSCO) saw its stock slip in after-hours trading on December 18, 2025, following the disclosure of a critical zero-day vulnerability affecting its Secure Email Gateway and Secure Email and Web Manager appliances. The decline was also influenced by an insider share sale, despite the company's recent rebound and positive long-term outlook tied to AI networking demand and an approved stock incentive plan amendment. Investors are advised to monitor Cisco's updates on the zero-day vulnerability and premarket trading sentiment before Friday's open.",https://ts2.tech/en/cisco-stock-after-hours-today-dec-18-2025-csco-slips-in-late-trading-as-a-critical-zero-day-cyber-alert-hits-headlines-what-to-watch-before-fridays-open/,ts2.tech,ts2.tech,20251219T000836,https://ts2.tech/wp-content/plugins/wp-youtube-lyte/lyteCache.php?origThumbUrl=https%3A%2F%2Fi.ytimg.com%2Fvi%2FCTP_LBMBLaM%2F0.jpg,0.04233,Neutral,0.639261,0.112156,Neutral
NVDA,NVIDIA (NVDA) Evaluates Adding Production Capacity for Powerful H200 AI Chips,"NVIDIA (NVDA) is considering increasing production capacity for its H200 AI chips due to demand surpassing current output, particularly after recent US government approval for their export to China. Major Chinese companies like Alibaba and ByteDance have expressed interest in large orders for these chips. Analysts maintain a ""Buy"" rating on NVDA, citing its strong position in the AI landscape, although some believe other AI stocks may offer greater upside potential.",https://finance.yahoo.com/news/nvidia-nvda-evaluates-adding-production-053937117.html,Yahoo Finance,Yahoo Finance,20251219T000838,NULL,0.200649,Somewhat-Bullish,1.000000,0.471645,Bullish
NVDA,How Investors May Respond To PennyMac Mortgage Investment Trust (PMT) Dividend And Analyst Upgrade News,"PennyMac Mortgage Investment Trust recently declared a dividend of US$0.40 per common share and received an ""Outperform"" upgrade from Keefe, Bruyette & Woods. This article examines how the upgrade and dividend announcement may influence investor perception, particularly concerning dividend coverage and the trust's financial outlook. It highlights the importance of earnings keeping pace with dividend payouts for the investment's long-term viability.",https://simplywall.st/stocks/us/diversified-financials/nyse-pmt/pennymac-mortgage-investment-trust/news/how-investors-may-respond-to-pennymac-mortgage-investment-tr/amp,Simply Wall Street,Simply Wall Street,20251219T000920,NULL,0.083857,Neutral,0.567650,0.145200,Neutral
NVDA,Fabrinet (FN): Valuation Check After New Bullish Coverage and Growing AI Data Center Momentum,"Fabrinet (FN) is gaining new attention following bullish coverage from Susquehanna and recognition from Wasatch strategies, driven by its AI data center exposure and optical networking strength. Despite a recent pullback, the stock has shown significant year-to-date and five-year returns, prompting investors to assess if its current valuation still presents an upside or if future AI-powered growth is already priced in. While a ""most popular narrative"" suggests it's 5.6% undervalued with a fair value of $479.25, its high P/E ratio compared to industry peers raises questions about how much growth is already factored into its stock price.",https://simplywall.st/stocks/us/tech/nyse-fn/fabrinet/news/fabrinet-fn-valuation-check-after-new-bullish-coverage-and-g/amp,Simply Wall Street,Simply Wall Street,20251219T010902,NULL,0.316298,Somewhat-Bullish,0.645375,0.317332,Somewhat-Bullish
NVDA,"Broadcom Stock (AVGO) Today: AI Financing Fears, Post‑Earnings Margin Pressure, and Fresh Wall Street Targets (Dec. 18, 2025)","Broadcom (NASDAQ: AVGO) shares experienced a significant selloff on December 18, 2025, driven by investor concerns over AI infrastructure financing, post-earnings margin pressure, and competitive shifts in the AI compute market. Despite strong Q4 2025 results and optimistic analyst price targets, the stock's volatility reflects a broader market debate on the sustainability and profitability of the AI boom, especially regarding the scaling of lower-margin AI hardware. Investors are watching for clarity on AI funding and compute strategies, as the stock is increasingly viewed as an AI macro indicator.",https://ts2.tech/en/broadcom-stock-avgo-today-ai-financing-fears-post-earnings-margin-pressure-and-fresh-wall-street-targets-dec-18-2025/,ts2.tech,ts2.tech,20251219T020903,https://ts2.tech/wp-content/plugins/wp-youtube-lyte/lyteCache.php?origThumbUrl=https%3A%2F%2Fi.ytimg.com%2Fvi%2FAZPnJTkDNx0%2F0.jpg,0.08728,Neutral,0.620518,0.110260,Neutral
NVDA,Does LendingClub’s Home-Improvement Push And Buyback Shift The Bull Case For LC?,"LendingClub has entered the home improvement financing market and authorized a $100 million share repurchase program, diversifying its revenue streams. While the company's core remains personal loans, these strategic moves aim to broaden its offerings and return capital to shareholders. The long-term investment case relies on sustained loan demand, controlled credit risk, and these new initiatives, with a fair value estimate of $22.18, suggesting a 13% upside.",https://simplywall.st/stocks/us/diversified-financials/nyse-lc/lendingclub/news/does-lendingclubs-home-improvement-push-and-buyback-shift-th,Simply Wall Street,Simply Wall Street,20251219T020935,NULL,0.262035,Somewhat-Bullish,0.567920,0.319738,Somewhat-Bullish
NVDA,Inno Holdings announces 1-for-24 reverse stock split,"Inno Holdings Inc. (NASDAQ:INHD) has announced a 1-for-24 reverse stock split, effective December 22, 2025, to comply with Nasdaq listing requirements and strengthen its capital structure. The electronic products trading company currently has a market capitalization of $11.07 million, with its stock trading at $0.11, down 97.6% year-to-date. This move comes alongside Inno Holdings' strategic partnership with Megabyte Solutions Limited to integrate Web3 technology into its cross-border B2B marketplace platform.",https://www.investing.com/news/company-news/inno-holdings-announces-1for24-reverse-stock-split-93CH-4414820,Investing.com,Investing.com,20251219T020944,https://i-invdn-com.investing.com/news/news_six_pile_69x52._800x533_L_1419494215.jpg,0.060826,Neutral,0.581099,0.103691,Neutral
NVDA,Now Inc stock initiated with Buy rating at Texas Capital Securities,"Texas Capital Securities has initiated coverage on Now Inc (NYSE:DNOW) with a Buy rating and a price target of $19.00, citing the company's scale, digital offerings, and automation capabilities as key advantages. The firm expects strong growth and cash flow driven by cost synergies and cross-selling opportunities, noting the company's financial strength and recent acquisition of MRC Global. Now Inc recently reported Q3 2025 EPS that exceeded forecasts, despite slightly missing revenue estimates.",https://www.investing.com/news/analyst-ratings/now-inc-stock-initiated-with-buy-rating-at-texas-capital-securities-93CH-4416236,Investing.com,Investing.com,20251219T021035,https://i-invdn-com.investing.com/news/World_News_10_800x533_L_1420026292.jpg,0.203487,Somewhat-Bullish,0.556951,0.240936,Somewhat-Bullish
NVDA,Why Enovis (ENOV) Stock Is Trading Up Today,"Enovis Corporation's stock jumped 6.8% after Freedom Capital Markets initiated coverage with a ""Buy"" rating and a $45 price target, highlighting the company's improved competitive position and strong growth in its Reconstructive surgical business. This positive analyst coverage comes despite the stock being down 38% year-to-date and trading significantly below its 52-week high.",https://www.theglobeandmail.com/investing/markets/stocks/ENOV-N/pressreleases/36674506/why-enovis-enov-stock-is-trading-up-today/,The Globe and Mail,The Globe and Mail,20251219T030835,https://barchart-news-media-prod.aws.barchart.com/SYNDSRC/bfc14e6db76d84149b5268ee338fd88e/enovis-cover-image-cce6836109c4_2025-02-10-150440_fucz.jpeg,0.31792,Somewhat-Bullish,0.619300,0.116166,Neutral
NVDA,"Meta's Outgoing AI Chief Yann LeCun Eyes $3.4 Billion Valuation For New Startup, In Talks For Over $500 Million Funding: Report","Yann LeCun, Meta's outgoing AI chief, is reportedly seeking €500 million ($560 million) in funding for his new AI startup, Advanced Machine Intelligence Labs, which is expected to be valued at approximately €3 billion ($3.4 billion). The startup aims to develop next-generation AI systems capable of understanding the physical world for applications in robotics and transportation, leveraging an AI architecture LeCun developed during his time at Meta. Although Meta will not invest, it will partner with the startup to gain access to its technology.",https://www.sahmcapital.com/news/content/metas-outgoing-ai-chief-yann-lecun-eyes-34-billion-valuation-for-new-startup-in-talks-for-over-500-million-funding-report-2025-12-18,Sahm,Sahm,20251219T030852,NULL,0.04105,Neutral,0.637856,0.102648,Neutral
NVDA,FinVolution Group (NYSE:FINV) Valuation After New AI Framework and Technology Forum Announcement,"FinVolution Group recently announced a new AI framework and held a technology forum to integrate advanced AI models into its lending operations. Despite this strategic move, the company's share price has declined 35.1% in the last 90 days, though its five-year shareholder return remains strong at 163.92%. Analysts currently value FinVolution at a fair value of $7.55, indicating it is 31.9% undervalued compared to its last closing price of $5.14, driven by expectations of margin resilience and future earnings growth.",https://simplywall.st/stocks/us/diversified-financials/nyse-finv/finvolution-group/news/finvolution-group-nysefinv-valuation-after-new-ai-framework,Simply Wall Street,Simply Wall Street,20251219T040854,NULL,0.266242,Somewhat-Bullish,0.621059,0.220657,Somewhat-Bullish
NVDA,Chart Industries Near Takeout Price While One Fund Scales Back a Nearly $1 Million Stake,"Beck Capital Management sold 21,729 shares of Chart Industries (NYSE:GTLS) in the third quarter, reducing its position by $3.4 million, though retaining 4,710 shares valued at $942,632. This move is noted as a risk management strategy, especially given Chart Industries' operational strength and a pending acquisition by Baker Hughes at $210 per share, which caps further upside. Chart Industries, a manufacturer of equipment for energy and industrial gas sectors, reported strong third-quarter results with record orders.",https://www.theglobeandmail.com/investing/markets/stocks/META/pressreleases/36698435/chart-industries-near-takeout-price-while-one-fund-scales-back-a-nearly-1-million-stake/,The Globe and Mail,The Globe and Mail,20251219T040911,https://barchart-news-media-prod.aws.barchart.com/FC/7911da1c9ee5cd4e30c4d2608c662c21/pixel%3Fslug%3Dmotleyfoolgm-2025-12-18-chart-industries-near-takeout-price-while-one-fund-scales-back-a-nearly-1-million-stake,0.15436,Somewhat-Bullish,0.624354,0.286060,Somewhat-Bullish
NVDA,Is EverCommerce (EVCM) Quietly Rewriting Its Investment Story With AI Bets and Buybacks?,"EverCommerce has been actively reshaping its business strategy by divesting its EverConnect business, acquiring AI-powered ZyraTalk, and expanding its share repurchase authorization. These moves, coupled with debt refinancing, aim to enhance financial flexibility and shift the company towards higher-margin, AI-focused vertical SaaS. While these actions sharpen the focus on execution risk, they also present potential catalysts through capital returns and portfolio reshaping, though questions remain about investment in product development.",https://www.sahmcapital.com/news/content/is-evercommerce-evcm-quietly-rewriting-its-investment-story-with-ai-bets-and-buybacks-2025-12-17,Sahm,Sahm,20251219T050856,NULL,0.179742,Somewhat-Bullish,0.608150,0.109162,Neutral
NVDA,"Jorge Titinger Sells 2,000 Shares of Axcelis Technologies (NASDAQ:ACLS) Stock","Director Jorge Titinger sold 2,000 shares of Axcelis Technologies (NASDAQ:ACLS) on December 17th at an average price of $86.05, totaling $172,100, which reduced his stake by 21.10%. The semiconductor company's stock traded down at $81.13 mid-day on Thursday, with various analysts providing ""Hold"" ratings and an average price target of $98.80. Axcelis has a market capitalization of $2.52 billion and is largely owned by institutional investors and hedge funds.",https://www.marketbeat.com/instant-alerts/jorge-titinger-sells-2000-shares-of-axcelis-technologies-nasdaqacls-stock-2025-12-18/,MarketBeat,MarketBeat,20251219T060855,https://www.marketbeat.com/logos/axcelis-technologies-inc-logo-1200x675.jpg,0.046932,Neutral,0.642822,0.112003,Neutral
NVDA,Ciena (CIEN): Reassessing Valuation After Upgraded Growth Outlook and Expanding Next‑Gen Network Pipeline,"Ciena (CIEN) recently reported strong full-year growth and an upgraded outlook for 2026, leading to significant share price momentum. Despite a narrative suggesting the stock is overvalued at $210.71 against a fair value of $167, the company's expanding next-gen network pipeline and AI-driven product launches continue to attract investor attention. Wall Street analysts have a consensus price target of $120.406, with a wide range, highlighting the disagreement on whether current valuations appropriately discount future growth.",https://simplywall.st/stocks/us/tech/nyse-cien/ciena/news/ciena-cien-reassessing-valuation-after-upgraded-growth-outlo,Simply Wall Street,Simply Wall Street,20251219T060927,NULL,0.108237,Neutral,0.605563,0.349200,Somewhat-Bullish
NVDA,Hut 8 bets on AI infrastructure with 245-megawatt Louisiana data centre deal,"Hut 8 Corp. (NASDAQ: HUT) (TSE: HUT) is accelerating its push into artificial intelligence infrastructure with a roughly USD$7 billion deal to lease and develop a 245-megawatt data center in Louisiana. This move reflects a broader industry shift among former cryptocurrency miners toward hosting AI workloads, leveraging high-voltage power access and advanced cooling systems. The project involves partnerships with AI model developer Anthropic and infrastructure firm Fluidstack, with Alphabet Inc. (NASDAQ: GOOGL) providing a financial backstop for the 15-year lease.",https://mugglehead.com/hut-8-bets-on-ai-infrastructure-with-245-megawatt-louisiana-data-centre-deal/,Mugglehead Magazine,Mugglehead Magazine,20251219T060947,https://mugglehead.com/wp-content/uploads/2025/12/Hut-8-bets-on-AI-infrastructure-with-245-megawatt-Louisiana-data-centre-deal-e1766090979950.jpg,0.350263,Bullish,0.695800,0.223213,Somewhat-Bullish
NVDA,"Lucid Stock (LCID) Today: Latest News, Analyst Forecasts, and What Could Move Lucid Group Shares Next","Lucid Group (LCID) stock is facing a push-pull between strong product momentum, including the Gravity SUV ramp and recent awards, and persistent financial challenges like cash burn and supply constraints. Despite a recent 52-week low, the company received significant third-party validation for its vehicles and launched a certified pre-owned program to boost demand. Analysts show deep disagreement on Lucid's future, with some acknowledging its technological optionality while others remain cautious due to financial headwinds.",https://ts2.tech/en/lucid-stock-lcid-today-latest-news-analyst-forecasts-and-what-could-move-lucid-group-shares-next/,ts2.tech,ts2.tech,20251219T070950,https://ts2.tech/wp-content/plugins/wp-youtube-lyte/lyteCache.php?origThumbUrl=https%3A%2F%2Fi.ytimg.com%2Fvi%2F3lzZyHXyLOY%2F0.jpg,0.107578,Neutral,0.616410,0.164641,Somewhat-Bullish
NVDA,Texas Pacific Land (TPL): Revisiting Valuation After Data Center Deal and 3-for-1 Stock Split,"Texas Pacific Land (TPL) is attracting investor attention due to a new data center partnership with Bolt Data and Energy and a 3-for-1 stock split, signaling a move towards diversification. While the company has shown solid long-term returns, its year-to-date share price has been choppy, leading to questions about its current valuation. Simply Wall St's narrative suggests TPL is 6.3% overvalued at $895.41 against a fair value of $842.50, but their DCF model presents a slightly different picture, with shares trading about 1.1% below its fair value of $905.48.",https://simplywall.st/stocks/us/energy/nyse-tpl/texas-pacific-land/news/texas-pacific-land-tpl-revisiting-valuation-after-data-cente,Simply Wall Street,Simply Wall Street,20251219T073437,NULL,0.251772,Somewhat-Bullish,0.640048,0.367803,Bullish
NVDA,"Inside Intel’s new Arizona fab, where the chipmaker’s fate hangs in the balance","Intel has entered high-volume production of its new 18A chip node at its Fab52 in Chandler, Arizona, hoping to attract major outside customers and catch up with TSMC. Despite significant government and private investments, Intel's primary customer for 18A currently remains itself, as it navigates challenges like yield issues and competition with potential clients. The company is actively working to change its culture and demonstrate reliability to regain its market position and secure the U.S.'s standing in advanced chip manufacturing.",https://www.cnbc.com/2025/12/19/intel-aims-to-find-clients-and-catch-tsmc-with-new-chip-fab-in-arizona.html,CNBC,CNBC,20251219T080000,https://image.cnbcfm.com/api/v1/image/108243968-1766101436309-katie_Naga.jpg?v=1766116700&w=750&h=422&vtcrop=y,0.077304,Neutral,0.814434,0.109381,Neutral
NVDA,Chart Industries Near Takeout Price While One Fund Scales Back a Nearly $1 Million Stake,"Beck Capital Management sold 21,729 shares of Chart Industries (NYSE:GTLS) in the third quarter, reducing its position by $3.4 million, though still holding 4,710 shares valued at $942,632. This reduction positions GTLS as a smaller component of Beck Capital’s portfolio, which is dominated by mega-cap technology stocks. The move is viewed as risk management rather than a loss of confidence, especially given that Chart Industries is near a takeover price of $210 per share by Baker Hughes.",https://www.theglobeandmail.com/investing/markets/stocks/MSFT/pressreleases/36698435/chart-industries-near-takeout-price-while-one-fund-scales-back-a-nearly-1-million-stake/,The Globe and Mail,The Globe and Mail,20251219T080949,https://barchart-news-media-prod.aws.barchart.com/FC/7911da1c9ee5cd4e30c4d2608c662c21/pixel%3Fslug%3Dmotleyfoolgm-2025-12-18-chart-industries-near-takeout-price-while-one-fund-scales-back-a-nearly-1-million-stake,0.253553,Somewhat-Bullish,0.645725,0.315066,Somewhat-Bullish
NVDA,"Piper Sandler Reiterates Overweight on AMD, Sees AI Catalysts Ahead","Piper Sandler reiterated an ""Overweight"" rating on AMD with a $280.00 price target, following a pre-quiet period call that highlighted key AI catalysts. These catalysts include the MI300 and MI400 series ramps, as well as the upcoming Helios rack launch for massive AI and HPC workloads. AMD's focus on open standards and a diverse customer base, beyond OpenAI, reinforces their strong position in the AI market according to the analysts.",https://finviz.com/news/258156/piper-sandler-reiterates-overweight-on-amd-sees-ai-catalysts-ahead,Finviz,Finviz,20251219T090016,https://d2gr5kl7dt2z3t.cloudfront.net/blog/wp-content/uploads/2023/12/14082618/NXP-insidermonkey-1702560375897.jpg,0.160938,Somewhat-Bullish,0.631053,0.143456,Neutral
NVDA,"At Goldman and Citadel Securities, the Santa Rally Has Believers","Traders are seeing signs of a year-end ""Santa Claus rally"" with major financial institutions like Goldman Sachs and Citadel Securities highlighting positive market sentiment. The S&P 500 has historically performed well in the last two weeks of December, and current optimism is fueled by a strong economy, corporate profits, and increased investor activity in bullish options and US stocks.",https://finance.yahoo.com/news/goldman-citadel-securities-santa-rally-103000842.html,Yahoo Finance,Yahoo Finance,20251219T094500,https://s.yimg.com/ny/api/res/1.2/NKZLdgjcvEw1r3CdaUP6vA--/YXBwaWQ9aGlnaGxhbmRlcjt3PTIzMDtoPTQ4O2cfd2VicA-/https://s.yimg.com/os/creatr-uploaded-images/2024-12/f47ae180-c22f-11ef-bb6b-8c68a34cf959,0.378553,Bullish,0.896911,0.410645,Bullish
NVDA,Texas Instruments unveils new semiconductor manufacturing facility,"Governor Greg Abbott participated in the grand opening of Texas Instruments' new 300 mm semiconductor wafer fabrication facility in Sherman, Texas. This facility is expected to bring cutting-edge technology and thousands of jobs to the state, with a capital investment of $40 billion over decades. Texas is positioning itself as a leader in semiconductor manufacturing, with TI at the forefront of this industrial growth.",https://www.bicmagazine.com/industry/investment-banking/texas-Instruments-unveils-new-semiconductor-manufacturing-facility/,BIC Magazine,BIC Magazine,20251219T100000,https://www.bicmagazine.com/downloads/36102/download/Governor%20Abbott%20delivers%20remarks%20at%C2%A0Instruments%E2%80%99%20new%20semiconductor%20facility%20ribbon%20cutting.jpg?cb=f9494dba8eba7707707d661e6d8fa270&w=600,0.401315,Bullish,0.664844,0.288682,Somewhat-Bullish
NVDA,Infosys stock hits 52-week high at 23.28 USD,"Infosys Ltd ADR reached a 52-week high of $23.28, defying a 1-year decline of 16.06%. The company, with a market capitalization of $75.91 billion, maintains a P/E ratio of 22.91 and a low volatility profile, consistently paying dividends for 26 years. Infosys continues to focus on AI projects and strategic partnerships, evidenced by strong Q2 FY26 results and a planned share buyback.",https://www.investing.com/news/company-news/infosys-stock-hits-52week-high-at-2328-usd-93CH-4417608,Investing.com,Investing.com,20251219T100800,https://i-invdn-com.investing.com/news/world_news_2_69x52._800x533_L_1419494365.jpg,0.367011,Bullish,0.637005,0.304289,Somewhat-Bullish
NVDA,"Top Research Reports for NVIDIA, Netflix & Merck","This article highlights Zacks Investment Research's top research reports on major companies like NVIDIA, Netflix, and Merck, along with micro-cap stocks The Monarch Cement Co. and Cumberland Pharmaceuticals Inc. It details the analysts' insights into each company's performance drivers, growth prospects, and potential challenges. The reports cover topics such as AI growth for NVIDIA, content strategy for Netflix, and Keytruda's impact on Merck's sales.",https://sg.finance.yahoo.com/news/top-research-reports-nvidia-netflix-220200828.html,Yahoo Finance Singapore,Yahoo Finance Singapore,20251219T100836,https://s.yimg.com/ny/api/res/1.2/zf_1wpp4e4lihErpE5wvzA--/YXBwaWQ9aGlnaGxhbmRlcjt3PTEyNjtoPTQ4O2NmPXdlYnA-/https://s.yimg.com/os/creatr-uploaded-images/2020-11/3bc15d30-250e-11eb-bffb-472fe5eb11fe,0.260875,Somewhat-Bullish,0.829854,0.288230,Somewhat-Bullish
NVDA,How Investors May Respond To Powell Industries (POWL) As Softer Inflation Lifts Rate‑Cut Expectations,"Powell Industries' shares reacted to lower-than-expected inflation figures, suggesting macroeconomic sentiment is currently overshadowing company-specific fundamentals. While softer inflation and rate-cut expectations generally boost sentiment, investors should focus on the company's backlog conversion and future order intake. The article provides a fair value estimate for POWL, indicating a potential downside despite the positive market mood.",https://simplywall.st/stocks/us/capital-goods/nasdaq-powl/powell-industries/news/how-investors-may-respond-to-powell-industries-powl-as-softe/amp,Simply Wall Street,Simply Wall Street,20251219T100935,NULL,0.267301,Somewhat-Bullish,0.649343,0.328999,Somewhat-Bullish
NVDA,"RBC Capital maintains BlackBerry stock rating, citing mixed Q3 results","RBC Capital has reaffirmed its ""Sector Perform"" rating and $4.50 price target for BlackBerry Limited (NYSE:BB) following its Q3 results. Despite exceeding expectations and raising fiscal year 2026 guidance, the outperformance was largely due to one-time revenue, not sustained business growth, leading RBC to maintain a neutral stance due to decelerating QNX growth. BlackBerry's Q3 2026 earnings beat market expectations with an EPS of $0.05 and revenue of $141.8 million.",https://www.investing.com/news/analyst-ratings/rbc-capital-maintains-blackberry-stock-rating-citing-mixed-q3-results-93CH-4416771,Investing.com,Investing.com,20251219T100937,https://i-invdn-com.investing.com/news/news_six_pile_69x52._800x533_L_1419494215.jpg,0.124417,Neutral,0.612667,0.261057,Somewhat-Bullish
NVDA,Tyra Biosciences stock hits 52-week high at 24.05 USD,"Tyra Biosciences Inc. has reached a new 52-week high of $24.05, representing a 71.43% increase over the past year, driven by advancements in R&D and strategic partnerships. Despite not being profitable, the company boasts a $1.23 billion market cap and analyst price targets up to $37. Recent positive developments include an increased price target from Wedbush, new coverage from Goldman Sachs, and strategic leadership appointments.",https://www.investing.com/news/company-news/tyra-biosciences-stock-hits-52week-high-at-2405-usd-93CH-4417617,Investing.com,Investing.com,20251219T101300,https://i-invdn-com.investing.com/news/world_news_2_69x52._800x533_L_1419494365.jpg,0.244115,Somewhat-Bullish,0.588615,0.130685,Neutral
NVDA,Broadcom vs. AMD: Which AI Chip Stock Will Outperform in 2026?,"This article compares Broadcom (AVGO) and Advanced Micro Devices (AMD) as AI chip stocks, analyzing their strategies and market positions. While AMD focuses on the inference market and CPUs, Broadcom specializes in custom AI ASICs for hyperscalers. The author predicts Broadcom will outperform in 2026 due to its explosive growth opportunity in custom chips.",https://www.fool.com/investing/2025/12/19/broadcom-vs-amd-which-ai-chip-stock-will-outperfor/,The Motley Fool,The Motley Fool,20251219T102500,https://g.foolcdn.com/image/?url=https%3A%2F%2Fg.foolcdn.com%2Feditorial%2Fimages%2F847478%2Fgettyimages-1492319884.jpg&w=3840&op=resize,0.299411,Somewhat-Bullish,0.738571,0.104540,Neutral
NVDA,Texas Permanent School Fund Corp Takes Position in Semtech Corporation $SMTC,"The Texas Permanent School Fund Corp has acquired a new position in Semtech Corporation, purchasing 86,153 shares valued at approximately $3.89 million, representing 0.10% ownership. This move comes as Semtech beat Q3 earnings expectations and provided positive Q4 guidance, driving a 5.8% increase in its stock. Analysts largely maintain a ""Buy"" rating for Semtech, with a consensus target price of $78.50.",https://www.marketbeat.com/instant-alerts/filing-texas-permanent-school-fund-corp-takes-position-in-semtech-corporation-smtc-2025-12-19/,MarketBeat,MarketBeat,20251219T103957,https://www.marketbeat.com/logos/semtech-logo-1200x675.gif,0.351508,Bullish,0.636911,0.318632,Somewhat-Bullish
NVDA,"Overbrook Management Corp Sells 17,857 Shares of NVIDIA Corporation $NVDA","Overbrook Management Corp reduced its stake in NVIDIA Corporation by 5.3%, selling 17,857 shares, though NVIDIA remains its largest holding. The article also details significant insider selling by NVIDIA executives and notes the company's strong financial performance, beating Q3 earnings estimates with a consensus ""Buy"" rating from analysts.",https://www.marketbeat.com/instant-alerts/filing-overbrook-management-corp-sells-17857-shares-of-nvidia-corporation-nvda-2025-12-19/,MarketBeat,MarketBeat,20251219T110837,https://www.marketbeat.com/logos/nvidia-co-logo-1200x675.jpg?v=20221020142916,0.083474,Neutral,1.000000,0.227362,Somewhat-Bullish
NVDA,Semtech (SMTC) Valuation Check After Recent Share Price Pullback,"Semtech (SMTC) shares have pulled back recently, despite positive year-to-date and three-year returns. The company shows potential as an undervalued recovery story, with a narrative fair value of $82 supported by rising connectivity demand and growth in high-margin data center businesses, though a DCF model suggests a fair value closer to $46.74. The article highlights key growth drivers like AI infrastructure and risks such as integration missteps or margin pressure from lower-margin IoT segments.",https://simplywall.st/stocks/us/semiconductors/nasdaq-smtc/semtech/news/semtech-smtc-valuation-check-after-recent-share-price-pullba,Simply Wall Street,Simply Wall Street,20251219T110957,NULL,0.296615,Somewhat-Bullish,0.636209,0.330415,Somewhat-Bullish
NVDA,Should You Invest in the Invesco Dorsey Wright Technology Momentum ETF (PTF)?,"The Invesco Dorsey Wright Technology Momentum ETF (PTF) offers broad exposure to the Technology - Broad segment, tracking the DWA Technology Technical Leaders Index. With $356.95 million in assets and annual operating expenses of 0.6%, PTF holds a Zacks ETF Rank of 2 (Buy), indicating it's an outstanding option for investors seeking exposure to Technology ETFs despite its high-risk profile and concentrated holdings. Key holdings include Lumentum Holdings Inc, Sandisk Corp, and Nvidia Corp, with the ETF showing an approximate 0.4% return but down 4.29% year-to-date as of December 18, 2025.",https://www.sharewise.com/de/news_articles/Should_You_Invest_in_the_Invesco_Dorsey_Wright_Technology_Momentum_ETF_PTF_Zacks_20251218_1220,www.sharewise.com,www.sharewise.com,20251219T111051,https://www.sharewise.com/rails/active_storage/representations/eyJfcmFpbHMiOnsibWVzc2FnZSI6IkJBaHBBOVVNYmc9PSIsImV4cCI6bnVsbCwicHVyIjoiYmxvYl9pZCJ9fQ==--8231aa6523c0304ab89432f3dc88762dd48ca471/eyJfcmFpbHMiOnsibWVzc2FnZSI6IkJBaDdCam9MY21WemFYcGxTU0lNTVRBd2VERXdNQVk2QmtWVSIsImV4cCI6bnVsbCwicHVyIjoidmFyaWF0aW9uIn19--d71e59a93dd72f76b3da5fd87c56f1ca7023f83d/zacks.png?locale=de,0.114905,Neutral,0.609170,0.018623,Neutral
NVDA,"Should You Invest $1,000 in Costco Stock Right Now?","Costco stock is having a rare down year in 2025 despite excellent performance, facing a downgrade and a stock plunge. Investors are debating whether to buy on the dip or steer clear, especially given its high P/E ratio. The article analyzes Costco's strong membership model, e-commerce growth, and sales metrics, but also points out investor wariness regarding comparable sales growth and the stock's expensive valuation.",https://finviz.com/news/258704/should-you-invest-1000-in-costco-stock-right-now,Finviz,Finviz,20251219T112500,https://g.foolcdn.com/image/?url=https%3A%2F%2Fg.foolcdn.com%2Feditorial%2Fimages%2F847515%2Fcostco-storefront.jpg&w=700,0.395656,Bullish,0.552936,0.705079,Bullish
NVDA,Fortinet and Nvidia integrate security in AI infrastructure,"Fortinet and Nvidia have partnered to embed firewall and zero-trust capabilities directly into accelerated AI infrastructure, aiming to secure high-performance data centers without compromising speed. The solution allows Fortinet's FortiGate VM virtual firewall to run natively on Nvidia's BlueField-3 DPU, offloading security functions to protect AI factories, private clouds, and edge environments. This collaboration addresses the challenges of securing AI-scale traffic and maintaining consistent protection in modern data centers.",https://www.sdxcentral.com/news/fortinet-and-nvidia-integrate-security-in-ai-infrastructure/,SDxCentral,SDxCentral,20251219T112623,https://media.datacenterdynamics.com/media/images/Fortinet_sdx.2eadf66b.fill-1000x300.jpg,0.407584,Bullish,0.948869,0.409891,Bullish
NVDA,"Applied Materials (AMAT) Stock Trades Up, Here Is Why","Shares of Applied Materials (NASDAQ:AMAT) rose after analyst firms B. Riley Securities and Deutsche Bank increased their price targets, maintaining Buy and Hold ratings respectively. This move occurred during a broader tech-led rally fueled by strong demand for AI and data centers. The company has seen significant growth throughout the year, trading near its 52-week high, with previous positive analyst outlooks also contributing to its upward trend.",https://finviz.com/news/258744/applied-materials-amat-stock-trades-up-here-is-why,Finviz,Finviz,20251219T115100,https://news-assets.stockstory.org/cover-images/_1400x700_crop_center-center_none/applied-materials-cover-image-PmoghBBo_2021-10-20-200033_jpwo.jpeg,0.364543,Bullish,0.627641,0.337477,Somewhat-Bullish
NVDA,Assessing MKS Instruments (MKSI) Valuation After Fresh Analyst Upgrades and a Reinforced Strong Buy Outlook,"MKS Instruments (MKSI) has received fresh analyst upgrades and reaffirmed Buy ratings, leading to increased investor confidence and expectations for continued earnings momentum. Despite a recent share price pullback, MKSI shows significant year-to-date gains. While Simply Wall St's narrative fair value suggests the stock is 15% undervalued at $174.85, a discounted cash flow (DCF) model indicates it may be overvalued at its current price of $148.70, with a fair value closer to $87.22.",https://simplywall.st/stocks/us/semiconductors/nasdaq-mksi/mks/news/assessing-mks-instruments-mksi-valuation-after-fresh-analyst,Simply Wall Street,Simply Wall Street,20251219T120845,NULL,0.371039,Bullish,0.565703,0.319844,Somewhat-Bullish
NVDA,"At Goldman and Citadel Securities, the Santa rally has believers","After a four-day losing streak, the S&P 500 Index advanced, sparking hopes for a year-end ""Santa Claus rally"" according to data from Goldman Sachs and Citadel Securities. Historical trends suggest stocks often rise in the last two weeks of December, and despite some lingering worries, investor sentiment is upbeat due to a strong economy and corporate profits, leading to increased bullish options trading. Retail and institutional investors are showing strong confidence, with significant inflows into US stocks and increased exposure to sectors beyond Big Tech.",https://www.investmentnews.com/equities/at-goldman-and-citadel-securities-the-santa-rally-has-believers/263641,InvestmentNews,InvestmentNews,20251219T121744,"https://cdn-res.keymedia.com/cdn-cgi/image/w=1000,h=600,f=auto/https://cdn-res.keymedia.com/cms/images/in/deni_639017431351559118.jpg",0.305202,Somewhat-Bullish,0.749418,0.430336,Bullish
NVDA,Advanced Micro Devices (NASDAQ: AMD) Price Prediction and Forecast 2025-2030 (December 2025),"This article forecasts Advanced Micro Devices' (AMD) stock performance from 2025 to 2030, highlighting strategic moves like the ZT Systems acquisition to bolster its AI development. AMD's MI300 GPU is positioned as a strong competitor against Nvidia in the AI graphics market, while its Ryzen architecture aims for broader adoption beyond gaming. The report details AMD's past financial successes under CEO Lisa Su and identifies key drivers for future growth, including data center expansion and AI innovation.",https://247wallst.com/forecasts/2025/12/19/advanced-micro-devices-inc-amd-price-prediction-and-forecast/,24/7 Wall St.,24/7 Wall St.,20251219T123421,https://247wallst.com/wp-content/uploads/2025/03/amd.jpg,0.204904,Somewhat-Bullish,0.801710,0.118161,Neutral
NVDA,"Micron Technology (MU) Stock Surges After Q1 Earnings Beat: AI-HBM Forecasts, Analyst Targets, and the 2026 Outlook","Micron Technology (MU) stock surged after reporting record Q1 2026 earnings and issuing guidance that significantly exceeded Wall Street expectations, particularly driven by strong demand for High-Bandwidth Memory (HBM) in AI data centers. The company forecasts tight supply conditions for DRAM and NAND to persist through and beyond 2026, leading to increased capital spending and a strategic shift away from consumer memory. Analysts have significantly raised price targets, comparing Micron's breakout to Nvidia's 2023 surge, although risks like cyclicality and capex execution remain.",https://ts2.tech/en/micron-technology-mu-stock-surges-after-q1-earnings-beat-ai-hbm-forecasts-analyst-targets-and-the-2026-outlook/,ts2.tech,ts2.tech,20251219T130823,,0.504996,Bullish,0.613429,0.345744,Somewhat-Bullish
NVDA,Why MasTec (MTZ) Stock Is Up Today,"Shares of MasTec (MTZ) jumped after Truist Securities raised its price target on the stock from $253 to $270, maintaining a 'Buy' rating. This upgrade, following a similar positive revision from Goldman Sachs, signals strong analyst confidence in the infrastructure construction company's growth trajectory. MasTec is up 53.6% for the year and trading near its 52-week high, reflecting sustained positive sentiment and market expansion.",https://finviz.com/news/257871/why-mastec-mtz-stock-is-up-today,Finviz,Finviz,20251219T130828,https://news-assets.stockstory.org/cover-images/_1400x700_crop_center-center_none/mastec-cover-image-f1c9dc73c433_2024-06-19-125302_cukw.jpeg,0.219568,Somewhat-Bullish,0.598530,-0.155543,Somewhat-Bearish
NVDA,Truist Securities raises Monolithic Power Systems stock price target on AI growth,"Truist Securities has increased its price target for Monolithic Power Systems (NASDAQ:MPWR) to $1,375.00 from $1,163.00, maintaining a Buy rating due to the company's strong position in AI infrastructure. The semiconductor firm's leadership in high-performance power solutions for data centers and renewed growth in its Enterprise Data segment, which accounts for 30% of revenue, are key drivers. Monolithic Power Systems reported impressive Q2 2025 revenues of $664.6 million, a 31% increase, and declared a quarterly dividend of $1.56 per share, reinforcing its commitment to shareholder value.",https://www.investing.com/news/analyst-ratings/truist-securities-raises-monolithic-power-systems-stock-price-target-on-ai-growth-93CH-4417104,Investing.com,Investing.com,20251219T130833,https://i-invdn-com.investing.com/news/news_headline_rolled_69x52._800x533_L_1419494221.jpg,0.365764,Bullish,0.622629,0.326628,Somewhat-Bullish
NVDA,Is It Time To Rethink Microchip Technology After Its Recent Share Price Surge?,"Microchip Technology has seen a share price surge, up 26.1% over the last month, but is currently indicated as overvalued by both Discounted Cash Flow and Price to Sales analyses from Simply Wall St. The DCF model suggests it's 12.8% overvalued with an intrinsic value of $56.78 per share, while its P/S ratio of 8.22x is slightly higher than its estimated ""Fair Ratio"" of 8.14x, suggesting it's slightly expensive on sales. Investors are encouraged to use ""Narratives"" to develop their own detailed valuations based on their unique perspectives.",https://simplywall.st/stocks/us/semiconductors/nasdaq-mchp/microchip-technology/news/is-it-time-to-rethink-microchip-technology-after-its-recent,Simply Wall Street,Simply Wall Street,20251219T133229,NULL,0.076763,Neutral,0.634551,0.243390,Somewhat-Bullish
NVDA,"Amazon (NASDAQ: AMZN) Stock Price Prediction in 2030: Bull, Bear, & Baseline Forecasts (Dec 12)","This article provides bullish, bearish, and baseline forecasts for Amazon's stock price in 2030, based on its performance over the last decade and key drivers such as e-commerce, Amazon Web Services (AWS), and advertising. The bull case predicts $431 per share, the bear case $77 per share, and the baseline case $250 per share, considering various factors like competitive pressures and growth rates in its different business segments.",https://247wallst.com/forecasts/2025/12/19/amazon-amzn-stock-price-prediction-in-2030-bull-base-bear-forecasts/,24/7 Wall St.,24/7 Wall St.,20251219T135251,https://247wallst.com/wp-content/uploads/2022/10/imageForEntry4-t98.jpg,0.172168,Somewhat-Bullish,0.610382,0.126152,Neutral
NVDA,Lam Research Corp stock hits all-time high at 169.72 USD,"Lam Research Corp (LRCX) stock soared to an all-time high of $169.72, now trading around $170.23, reflecting a 135.94% surge over the past year and a market capitalization of $211 billion. This growth is attributed to strong demand in the semiconductor industry and positive analyst ratings, despite some indicators suggesting the stock may be overvalued. The company also recently expanded its facilities and approved a quarterly dividend, further signaling robust performance and future prospects.",https://www.investing.com/news/company-news/lam-research-corp-stock-hits-alltime-high-at-16972-usd-93CH-4417530,Investing.com,Investing.com,20251219T140810,https://i-invdn-com.investing.com/news/world_news_2_69x52._800x533_L_1419494365.jpg,0.444627,Bullish,0.568773,0.338157,Somewhat-Bullish
NVDA,The robot that cleans public restrooms by itself is coming to CES 2026,"Primech AI (Nasdaq: PMEC) unveiled Hytron, a highly advanced autonomous restroom cleaning robot, at CES 2026 in Las Vegas. This compact, AI-driven robot cleans toilets, urinals, sinks, and targeted floor areas with over 99% bacterial reduction using chemical-free electrolyzed water. Mass production is slated for Q1 2026, with a 200-unit fleet commitment, expanding its global commercialization efforts.",https://www.stocktitan.net/news/PMEC/primech-ai-introduces-hytron-the-world-s-most-advanced-autonomous-smqld8tmsaoh.html,Stock Titan,Stock Titan,20251219T140854,https://ml.globenewswire.com/media/NWUwZWMzZTQtM2ZjYS00YzhjLTg1NDUtYjBhYTMwY2I5YWI0LTEzMTc2MjYtMjAyNS0xMi0xOS1lbg==/tiny/Primech-Holdings.png,0.354073,Bullish,0.853274,0.404442,Bullish
NVDA,"Voya Investment Management LLC Decreases Stock Holdings in Comfort Systems USA, Inc. $FIX","Voya Investment Management LLC reduced its stake in Comfort Systems USA (NYSE:FIX) by 26.8% in the third quarter, now holding 217,122 shares valued at approximately $178.5 million. Despite insider selling activity totaling around $25.38 million in the last quarter, Comfort Systems USA increased its quarterly dividend to $0.60 per share, and analysts maintain a consensus ""Buy"" rating with a target price of $914.25.",https://www.marketbeat.com/instant-alerts/filing-voya-investment-management-llc-decreases-stock-holdings-in-comfort-systems-usa-inc-fix-2025-12-19/,MarketBeat,MarketBeat,20251219T140958,https://www.marketbeat.com/logos/comfort-systems-usa-inc-logo-1200x675.png?v=20240424085012,0.127905,Neutral,0.642451,0.114813,Neutral
NVDA,The Silicon Surge: Millennial Investors and AI-Driven Strategies Propel GCT Semiconductor into the Retail Spotlight,"Millennial and Gen Z investors are increasingly utilizing AI-driven tools to identify opportunities in the semiconductor sector, with GCT Semiconductor (NYSE: GCTS) emerging as a key beneficiary. GCT Semiconductor's success is attributed to its AI-integrated 5G System-on-a-Chip (SoC) and its strategic focus on Edge AI and specialized connectivity for the 5G ecosystem, positioning it for future 6G standards and pervasive AI. This trend signifies a shift in retail investment towards hardware as infrastructure for the generative AI era, highlighting the democratization of high-tech investing and the growing influence of AI in trading strategies.",https://markets.financialcontent.com/wral/article/tokenring-2025-12-19-the-silicon-surge-millennial-investors-and-ai-driven-strategies-propel-gct-semiconductor-into-the-retail-spotlight,FinancialContent,FinancialContent,20251219T141400,https://news.tokenring.ai/wp-content/uploads/2025/12/3f51eaed-d443-4233-a459-fa76134d4f6f-1024x683.png,0.335609,Somewhat-Bullish,0.871768,0.348079,Somewhat-Bullish
NVDA,"Primech Holdings Ltd. Unveils Hytron, the Advanced Autonomous Restroom Cleaning Robot, at CES 2026 in Las Vegas","Primech Holdings Ltd. announced the North American debut of Hytron, an advanced autonomous restroom cleaning robot, at CES 2026 in Las Vegas. Hytron, built on the NVIDIA Jetson Orin AI platform, is designed to provide comprehensive, AI-driven cleaning of commercial restrooms, including toilets, sinks, and high-contact surfaces, while minimizing slip risks. Following successful deployments in Asia, the company aims to expand its market presence in North America through a Robotics-as-a-Service model.",https://www.quiverquant.com/news/Primech+Holdings+Ltd.+Unveils+Hytron%2C+the+Advanced+Autonomous+Restroom+Cleaning+Robot%2C+at+CES+2026+in+Las+Vegas,Quiver Quantitative,Quiver Quantitative,20251219T141400,https://www.globenewswire.com/NewsRoom/AttachmentNg/fd54c694-b98f-4152-ac8e-6fdb9bdc3722,0.367354,Bullish,0.607395,0.303506,Somewhat-Bullish
NVDA,Why Is Kratos (KTOS) Stock Soaring Today,"Kratos (NASDAQ:KTOS) stock rose 5.9% after KeyBanc initiated coverage with an Overweight rating and a $90 price target, signaling a positive outlook for the military drones manufacturer. KeyBanc's analysis cited Kratos' strategy of swift innovation and a nearly 30% upside potential. The company's shares are up 186% year-to-date, despite high volatility.",https://finviz.com/news/258985/why-is-kratos-ktos-stock-soaring-today,Finviz,Finviz,20251219T141600,https://news-assets.stockstory.org/cover-images/_1400x700_crop_center-center_none/kratos-cover-image-8488f750bd9d_2024-06-05-120720_pzoy.jpeg,0.175116,Somewhat-Bullish,0.611711,0.131048,Neutral
NVDA,度雷克以AI布局全球投資市場Dravo Investment App正式版明年登場- 科技新聞- PChome Online 新聞,台灣團隊研發的投資軟體 Dravo Investment App，以「讓一般投資人也能輕鬆使用 AI 投資」的理念，榮獲「2025美國金融科技獎」的數位資產獎。該App已開放Beta版供模擬交易，預計於2026年Q1推出正式版，率先串連美國證券商服務。Dravo的核心在於將複雜的投資簡單化，提供AI策略、產業排行榜及名人跟單等三大投資主軸，並強調資金安全，App不直接保管資金，僅連接券商帳戶進行交易指示。,https://news.pchome.com.tw/science/sunmedia/20251219/index-76612564946144329005.html,PChome Online 新聞,PChome Online 新聞,20251219T142729,https://news.pchome.com.tw/newsdata/science/sunmedia/20251219/76612564946144329005.jpg,0.331346,Somewhat-Bullish,0.606096,0.337367,Somewhat-Bullish
NVDA,AMD shares rise as CEO meets with China's Commerce Minister (AMD:NASDAQ),"AMD's CEO, Dr. Lisa Su, met with China's Commerce Minister Wang Wentao in Beijing to discuss the company's business development in China and strengthening cooperation. Following this news, shares of Advanced Micro Devices (AMD) rose.",https://seekingalpha.com/news/4533502-amd-shares-rise-as-ceo-meets-with-chinas-commerce-minister,Seeking Alpha,Seeking Alpha,20251219T142903,https://static.seekingalpha.com/cdn/s3/uploads/getty_images/2191006237/image_2191006237.jpg?io=getty-c-w630,0.186768,Somewhat-Bullish,0.637458,0.117165,Neutral
NVDA,Is Kinross Gold Corporation (KGC) One of the Most Profitable Value Stocks to Invest in Right Now?,"Kinross Gold Corporation (NYSE:KGC) is highlighted as a profitable value stock, with recent price target increases from UBS and Bank of America. The company reported strong Q3 2025 earnings with a significant revenue increase, although rising costs due to mine sequencing, capital expenditures, and higher royalty payments are noted. The article also touches on KGC's global exploration and development activities and briefly draws a comparison with potential AI stock opportunities.",https://www.insidermonkey.com/blog/is-kinross-gold-corporation-kgc-one-of-the-most-profitable-value-stocks-to-invest-in-right-now-1662389/?amp=1,Insider Monkey,Insider Monkey,20251219T145200,NULL,0.252194,Somewhat-Bullish,0.638632,0.271035,Somewhat-Bullish
NVDA,Powering the AI Infrastructure: Texas Instruments Ramps Up Sherman Fab to Secure Global Supply Chains,"Texas Instruments has commenced production at its first 300mm semiconductor wafer fabrication plant in Sherman, Texas, bolstering the global AI hardware landscape. This $40 billion long-term commitment aims to secure the U.S. semiconductor supply chain by producing foundational analog and embedded processing chips vital for AI data centers and edge AI applications. The move provides TI with a significant competitive advantage through cost leadership and supply chain stability, impacting major tech companies and strengthening U.S. technological sovereignty.",https://markets.financialcontent.com/wral/article/tokenring-2025-12-19-powering-the-ai-infrastructure-texas-instruments-ramps-up-sherman-fab-to-secure-global-supply-chains,FinancialContent,FinancialContent,20251219T145300,https://news.tokenring.ai/wp-content/uploads/2025/12/8c1d0ec0-6d8d-4268-a8f6-e22a9fa953ba-1024x683.png,0.267649,Somewhat-Bullish,0.637053,0.315644,Somewhat-Bullish
NVDA,"BitMine Immersion Technologies (BMNR) Stock News, Forecasts and Analysis on Dec. 19, 2025: ETH Treasury Surge, Dilution Vote, and What Investors Are Watching","BitMine Immersion Technologies (BMNR) is facing significant investor attention due to its substantial Ethereum holdings, plans for a staking rollout, and an upcoming shareholder vote on potential share dilution. The company's stock is actively traded as a ""crypto proxy,"" with its value heavily influenced by ETH price volatility, corporate actions, and leadership changes. While analyst forecasts suggest potential upside, concerns about dilution risks, governance, and legal investigations contribute to its high volatility.",https://ts2.tech/en/bitmine-immersion-technologies-bmnr-stock-news-forecasts-and-analysis-on-dec-19-2025-eth-treasury-surge-dilution-vote-and-what-investors-are-watching/,ts2.tech,ts2.tech,20251219T150949,https://ts2.tech/wp-content/plugins/wp-youtube-lyte/lyteCache.php?origThumbUrl=https%3A%2F%2Fi.ytimg.com%2Fvi%2FzTaLzK7mA54%2F0.jpg,0.16829,Somewhat-Bullish,0.638200,0.346533,Somewhat-Bullish
NVDA,Sterling Infrastructure and Taylor Morrison have been highlighted as Zacks Bull and Bear of the Day,"Zacks Equity Research has named Sterling Infrastructure, Inc. (STRL) as the ""Bull of the Day"" due to its strong growth in the AI data center boom and infrastructure spending, with projections for significant EPS growth. Conversely, Taylor Morrison Home Corporation (TMHC) is deemed the ""Bear of the Day"" due to negative earnings revisions, declining revenue projections, and challenges in the housing market, leading to a ""Strong Sell"" rating. The article also touches on Micron Technology (MU) as a potential leading AI stock for 2026, driven by its strong Q1 2026 results and demand for HBM chips.",https://www.tradingview.com/news/zacks:a7151f668094b:0-sterling-infrastructure-and-taylor-morrison-have-been-highlighted-as-zacks-bull-and-bear-of-the-day/,TradingView — Track All Markets,TradingView — Track All Markets,20251219T150952,NULL,0.55367,Bullish,0.605332,0.348912,Somewhat-Bullish
NVDA,"Synaptics Incorporated (NASDAQ:SYNA) Given Average Recommendation of ""Moderate Buy"" by Analysts","Analysts have given Synaptics Incorporated (NASDAQ:SYNA) an average ""Moderate Buy"" rating, with a consensus 12-month target price of $87.88 following strong quarterly performance. The company exceeded earnings and revenue estimates, reporting $1.09 EPS and $292.5 million revenue. Despite recent insider selling, institutional investors hold a significant majority of the stock.",https://www.marketbeat.com/instant-alerts/synaptics-incorporated-nasdaqsyna-given-average-recommendation-of-moderate-buy-by-analysts-2025-12-19/,MarketBeat,MarketBeat,20251219T151033,https://www.marketbeat.com/logos/synaptics-incorporated-logo-1200x675.png?v=20240523094549,0.420248,Bullish,0.628878,0.331348,Somewhat-Bullish
NVDA,"Lattice Semiconductor (LSCC) Stock Trades Up, Here Is Why","Shares of Lattice Semiconductor (NASDAQ:LSCC) jumped 2.6% after the company announced an enhanced release of its Lattice sensAI™ solution stack, providing improved AI performance and flexibility for edge applications. This update, aimed at easier AI integration and better power efficiency in industrial, automotive, and consumer systems, resulted in the stock cooling slightly but remaining up 2.7% from the previous close. The company has also been active with a $250 million stock repurchase program, signaling management confidence and contributing to a 34% year-to-date increase in stock value.",https://finviz.com/news/258956/lattice-semiconductor-lscc-stock-trades-up-here-is-why,Finviz,Finviz,20251219T151600,https://news-assets.stockstory.org/cover-images/_1400x700_crop_center-center_none/lattice-semiconductor-corporation-cover-image-3d045dcf9f4f_2023-01-25-065816_dibp.jpeg,0.275186,Somewhat-Bullish,0.646184,0.137409,Neutral
NVDA,Is Nokia a Must-Own Stock for 2026?,"Nokia, a former mobile phone leader, struggled in 2024 but has seen a resurgence in 2025 with a new CEO and a key partnership with Nvidia for AI-RAN technology. While its revenue is up, operating profit is down due to increased costs. Despite its potential in the expanding AI market, Nokia's stock is not yet considered a ""must-buy"" due to competition and the need to prove long-term financial upside.",https://finviz.com/news/258969/is-nokia-a-must-own-stock-for-2026,Finviz,Finviz,20251219T155000,https://g.foolcdn.com/image/?url=https%3A%2F%2Fg.foolcdn.com%2Feditorial%2Fimages%2F847221%2Fmobile_phone-talking_outdoors_gettyimages-1345039446.jpg&w=700,0.191648,Somewhat-Bullish,0.810478,0.302866,Somewhat-Bullish
NVDA,Why Advanced Micro Devices Stock Is Jumping Today,"Advanced Micro Devices (AMD) shares rose 4% after CEO Lisa Su met with China's Commerce Minister to discuss business and potential cooperation. This meeting occurs as the U.S. reviews export policies for advanced AI chips, with potential changes that could benefit AMD, Nvidia (NVDA), and Intel (INTC) by allowing more shipments to China. Any shift in these policies could significantly impact the revenue prospects of U.S. semiconductor companies with a presence in the Chinese market.",https://www.tradingview.com/news/gurufocus:ffbd9ce5d094b:0-why-advanced-micro-devices-stock-is-jumping-today/,TradingView — Track All Markets,TradingView — Track All Markets,20251219T160747,NULL,0.351195,Bullish,0.814585,0.315373,Somewhat-Bullish
NVDA,"AMD Stock News Today (Dec. 19, 2025): China Meeting, Analyst Price Targets, and the 2026 Outlook for Advanced Micro Devices (NASDAQ: AMD)","Advanced Micro Devices (NASDAQ: AMD) shares saw a sharp rebound on December 19, 2025, driven by fresh China-related headlines, shifting U.S. export policy signals, and positive analyst forecasts for 2026. A key development was a meeting between AMD CEO Lisa Su and China’s Commerce Minister, underscoring the strategic importance of the Chinese market amid ongoing geopolitical complexities. Analysts maintain a ""Moderate Buy"" consensus on AMD, with diverse price targets reflecting the high sensitivity of its valuation to its ability to scale GPU revenue, achieve favorable margins in data-center AI, and navigate competitive dynamics.",https://ts2.tech/en/amd-stock-news-today-dec-19-2025-china-meeting-analyst-price-targets-and-the-2026-outlook-for-advanced-micro-devices-nasdaq-amd/,ts2.tech,ts2.tech,20251219T160747,NULL,0.323541,Somewhat-Bullish,0.608281,0.257700,Somewhat-Bullish
NVDA,Is DTE Energy’s (DTE) Data Center Ambitions Reframing Its Regulatory Risk and Governance Narrative?,"DTE Energy's recent bylaw amendments and increasing data center commitments are reshaping its regulatory risk and governance narrative. The company's significant capital plan increase related to data center deals, including a 1.4 gigawatt hyperscale load contract, amplifies execution and regulatory risks concerning the recovery of over US$30 billion in planned investments. Investors should consider potential regulatory pushback and cost recovery limits, despite DTE's projected revenue and earnings growth.",https://simplywall.st/stocks/us/utilities/nyse-dte/dte-energy/news/is-dte-energys-dte-data-center-ambitions-reframing-its-regul/amp,Simply Wall Street,Simply Wall Street,20251219T160813,NULL,0.212682,Somewhat-Bullish,0.568037,0.315360,Somewhat-Bullish
NVDA,Lam Research (LRCX) Just Flashed Golden Cross Signal: Do You Buy?,"Lam Research (LRCX) has shown a short-term bullish trend and a ""Golden Cross"" signal, surpassing its 20-day moving average. The company is also a Zacks Rank #2 (Buy) stock, supported by positive earnings estimate revisions with no lower revisions in the past two months. This combination of technical strength and positive analyst sentiment suggests potential for continued gains.",https://finviz.com/news/258608/lam-research-lrcx-just-flashed-golden-cross-signal-do-you-buy,Finviz,Finviz,20251219T160830,https://staticx-tuner.zacks.com/images/articles/charts/yseop/539/LRCX_SMA20.jpeg,0.454592,Bullish,0.599446,0.388208,Bullish
NVDA,Is Record Auto Shipments And AI Adoption Altering The Investment Case For Worthington Steel (WS)?,"Worthington Steel (WS) recently reported strong Q2 fiscal 2026 results with increased sales and net income, driven by record automotive shipments, new international OEM business, and expansion in electrical steel, while also leveraging AI for efficiency. These developments reinforce the company's strategy to turn cyclical steel processing into steadier earnings through high-value products. Despite an earnings miss against expectations, the strong growth in key sectors and the use of AI are strengthening its investment narrative, although overall market demand and margin execution remain key factors for investors.",https://simplywall.st/stocks/us/materials/nyse-ws/worthington-steel/news/is-record-auto-shipments-and-ai-adoption-altering-the-invest,Simply Wall Street,Simply Wall Street,20251219T161019,,0.344205,Somewhat-Bullish,0.626374,0.359869,Bullish
NVDA,"Alphabet Class C Stock (GOOG) Today: Key News, Analyst Forecasts, and What’s Next for Google Shares on Dec. 19, 2025","Alphabet's Class C stock (GOOG) is under scrutiny as AI and cloud advancements intersect with regulatory challenges. Key developments include a massive cloud security deal with Palo Alto Networks, Google's ""TorchTPU"" initiative to enhance TPU compatibility with PyTorch, and the launch of Gemini 3 Flash for enterprises. The article also discusses Alphabet's Q3 2025 financial performance, analyst forecasts, ongoing regulatory concerns, the strategic acquisition of Wiz, and the potential for Waymo's fundraising.",https://ts2.tech/en/alphabet-class-c-stock-goog-today-key-news-analyst-forecasts-and-whats-next-for-google-shares-on-dec-19-2025/,ts2.tech,ts2.tech,20251219T161227,NULL,0.307255,Somewhat-Bullish,0.624833,0.219435,Somewhat-Bullish
NVDA,"Nvidia Discount to Chip Index at Historic Levels, Bernstein Says","According to Bernstein analyst Stacy Rasgon, Nvidia's valuation relative to the Philadelphia Stock Exchange Semiconductor Index is at a historically attractive level. The company is currently trading at approximately a 13% discount to the chip index, which is in the first percentile of its valuation over the last decade. This suggests potential for future returns.",https://www.bloomberg.com/news/articles/2025-12-19/nvidia-discount-to-chip-index-at-historic-levels-bernstein-says,Bloomberg.com,Bloomberg.com,20251219T162300,NULL,0.420873,Bullish,0.919746,0.385869,Bullish
NVDA,"Applied Materials (AMAT) Stock Trades Up, Here Is Why","Shares of Applied Materials (AMAT), a semiconductor machinery manufacturer, rose after B. Riley Securities and Deutsche Bank increased their price targets for the stock. This positive movement aligns with a broader tech-led rally and strong demand for artificial intelligence and data centers in the semiconductor industry. The company's stock has shown significant volatility and has climbed 56.1% since the beginning of the year, trading near its 52-week high.",https://markets.financialcontent.com/wral/article/stockstory-2025-12-19-applied-materials-amat-stock-trades-up-here-is-why,FinancialContent,FinancialContent,20251219T170759,https://news-assets.stockstory.org/cover-images/_1400x700_crop_center-center_none/applied-materials-cover-image-PmoghBBo_2021-10-20-200033_jpwo.jpeg,0.538117,Bullish,0.620320,0.438922,Bullish
NVDA,2 Tailwinds and 1 Red Flag to Consider with Nvidia Stock Right Now,"Nvidia is a leading AI stock due to its high-performance chips, with upcoming Rubin chips expected to significantly boost power. The company benefits from its dominant CUDA ecosystem, making it costly for clients to switch, but a potential red flag is whether mega-cap tech companies will eventually reduce AI spending as models mature, possibly impacting Nvidia's stronghold on the semiconductor market. Despite strong growth projections, the stock trades at 22x forward earnings, with its future tied to sustained AI infrastructure investment.",https://247wallst.com/investing/2025/12/19/2-tailwinds-and-1-red-flag-to-consider-with-nvidia-stock-right-now/,24/7 Wall St.,24/7 Wall St.,20251219T170806,https://247wallst.com/wp-content/uploads/2018/06/nvidia.jpg,0.466976,Bullish,1.000000,0.450216,Bullish
NVDA,Lockheed Martin wins $1 billion missile tracking satellite contract,"Lockheed Martin secured a contract worth over $1 billion from the Space Development Agency (SDA) to build 18 missile tracking satellites for the Tranche 3 Tracking Layer constellation, enhancing missile warning and defense capabilities. These satellites will detect and track advanced missile threats as part of the SDA’s Proliferated Warfighter Space Architecture. This award expands Lockheed Martin’s involvement in SDA initiatives, bringing its total space vehicles across PWSA programs to 124.",https://www.investing.com/news/company-news/lockheed-martin-wins-1-billion-missile-tracking-satellite-contract-93CH-4417731,Investing.com,Investing.com,20251219T170829,https://i-invdn-com.investing.com/news/World_News_8_800x533_L_1420026210.jpg,0.240163,Somewhat-Bullish,0.642851,0.278112,Somewhat-Bullish
NVDA,Alibaba Group (BABA) Has Shown Interest to Buy H200 Chips From NVDA,"Alibaba Group (BABA) has expressed interest in purchasing Nvidia's H200 AI chips, following a Reuters report that the Trump administration has allowed Nvidia to export chips to China. Chinese companies, including Alibaba, are awaiting government approval to import the H200 chips, which are significantly faster than their current H20 chips. Wall Street has a mixed opinion on Alibaba's stock, with some analysts downgrading to Neutral while others reiterate a Buy rating.",https://finviz.com/news/258921/alibaba-group-baba-has-shown-interest-to-buy-h200-chips-from-nvda,Finviz,Finviz,20251219T170841,https://d2gr5kl7dt2z3t.cloudfront.net/blog/wp-content/uploads/2023/09/19161003/BABA-insidermonkey-1695154200895.jpg,0.132605,Neutral,0.868239,0.249322,Somewhat-Bullish
NVDA,"FormFactor, Amkor, and Teradyne Stocks Trade Up, What You Need To Know","Semiconductor manufacturing companies FormFactor (NASDAQ: FORM), Amkor (NASDAQ: AMKR), and Teradyne (NASDAQ: TER) saw their stock prices jump due to investor optimism fueled by artificial intelligence and a cooling CPI report. This rally reflects renewed belief in AI's transformative potential and a more favorable environment for growth-oriented companies. Amkor, despite its volatility, has seen significant gains year-to-date.",https://markets.financialcontent.com/wral/article/stockstory-2025-12-19-formfactor-amkor-and-teradyne-stocks-trade-up-what-you-need-to-know,FinancialContent,FinancialContent,20251219T171500,https://news-assets.stockstory.org/cover-images/_1400x700_crop_center-center_none/formfactor-cover-image-7e231f41c753_2023-01-29-120046_wkud.jpeg,0.321232,Somewhat-Bullish,0.625582,0.333121,Somewhat-Bullish
NVDA,Why Norwegian Cruise Line (NCLH) Stock Is Trading Up Today,"Norwegian Cruise Line (NCLH) stock jumped 5.9% after competitor Carnival announced strong future guidance and reinstated its dividend, boosting investor confidence across the cruise sector. Carnival's positive outlook, including a projected adjusted net income of $3.5 billion for fiscal 2026, suggested a healthy market for all cruise operators. This news lifted shares of rivals, including Norwegian and Royal Caribbean Cruises.",https://finviz.com/news/258756/why-norwegian-cruise-line-nclh-stock-is-trading-up-today,Finviz,Finviz,20251219T180810,https://news-assets.stockstory.org/cover-images/_1400x700_crop_center-center_none/norwegian-cruise-line-cover-image-24a0e166fc0f_2024-02-23-205118_czdd.jpeg,0.51683,Bullish,0.625586,0.313020,Somewhat-Bullish
NVDA,Here's How Much You Would Have Made Owning GraniteShares 2x Long NVDA Daily ETF Stock In The Last 5 Years,"The GraniteShares 2x Long NVDA Daily ETF (NVDL) has significantly outperformed the market over the last five years, with an annualized return of 79.53%. An initial investment of $1000 in NVDL five years ago would now be worth $18,650.86, demonstrating the power of compounded returns.",https://www.sahmcapital.com/news/content/heres-how-much-you-would-have-made-owning-graniteshares-2x-long-nvda-daily-etf-stock-in-the-last-5-years-2025-12-19,Sahm,Sahm,20251219T190000,https://www.benzinga.com/files/images/story/2025/1766160046_0.png,0.834135,Bullish,0.707079,0.812947,Bullish
NVDA,Woodward Inc stock reaches all-time high of 305.66 USD,"Woodward Inc.'s stock reached an all-time high of $305.66, reflecting an 80.14% increase over the past year due to robust earnings, strategic developments, and strong market confidence. Analysts maintain a ""Buy"" recommendation, with the company consistently raising dividends and recent Q4 2025 financial results surpassing expectations. Several analysts have raised price targets, indicating continued confidence in Woodward's growth trajectory.",https://www.investing.com/news/company-news/woodward-inc-stock-reaches-alltime-high-of-30566-usd-93CH-4417806,Investing.com,Investing.com,20251219T190857,https://i-invdn-com.investing.com/news/world_news_2_69x52._800x533_L_1419494365.jpg,0.411753,Bullish,0.615591,0.519556,Bullish
NVDA,"Jim Cramer Says ""Amazon's Strategy is Not Spend to Win, It's Spend to Defend""","Jim Cramer discussed Amazon (NASDAQ: AMZN), a significant holding in his Charitable Trust portfolio. He explained that despite Amazon's services and its profitable AWS business, its stock performance has been modest. Cramer argues that Amazon's current strategy is focused on defending its market position against competitors in AI and retail, rather than actively seeking to ""win.""",https://finviz.com/news/258877/jim-cramer-says-amazons-strategy-is-not-spend-to-win-its-spend-to-defend,Finviz,Finviz,20251219T200752,https://d2gr5kl7dt2z3t.cloudfront.net/blog/wp-content/uploads/2021/05/28105216/christian-wiediger-rymh7EZPqRs-unsplash.jpg,-0.068156,Neutral,0.562657,-0.083638,Neutral
NVDA,VSE Corp (VSEC) Stock Rises on Citigroup Strong Buy Rating | Price Target $215 - News and Statistics,"Shares of VSE Corporation (NASDAQ:VSEC) gained 4.1% on December 19, 2025, after Citigroup initiated coverage with a Strong Buy rating and a price target of $215.00, suggesting a potential upside of nearly 27%. This move reflects positive momentum for the stock, building on recent gains, and indicates bolstered investor confidence in the company's future following the prominent analyst coverage.",https://www.indexbox.io/blog/vse-corp-stock-gains-41-on-citigroups-strong-buy-initiation-and-215-target/,IndexBox,IndexBox,20251219T200900,NULL,0.301438,Somewhat-Bullish,0.640955,-0.201710,Somewhat-Bearish
NVDA,"Nvidia stock gains on Trump chip export review, sparking rally in chipmakers","Nvidia (NVDA) stock rose 3.6% after Reuters reported the Trump administration began its review of Nvidia H200 chip exports to China and U.S. antitrust agencies cleared Nvidia's investment into Intel (INTC). This news, seen as a sign of President Trump potentially following through on his promise to conditionally allow chip sales to China, spurred a broader rally among other chipmakers like AMD, Broadcom, and Micron. Despite potential hurdles concerning national security and China's willingness to accept the chips, the developments signal a potential expansion into a crucial market for Nvidia.",https://finance.yahoo.com/news/nvidia-stock-gains-on-trump-chip-export-review-sparking-rally-in-chipmakers-160401242.html,Yahoo Finance,Yahoo Finance,20251219T210837,https://s.yimg.com/ny/api/res/1.2/SUccIz7MI44PLw3f75dPFQ--/YXBwaWQ9aGlnaGxhbmRlcjt3PTIzMjtoPTQ4O2NmPXdlYnA-/https://s.yimg.com/os/creatr-uploaded-images/2020-12/02246f50-3412-11eb-bfdd-de89f8b3b8b8,0.333811,Somewhat-Bullish,1.000000,0.444627,Bullish
NVDA,"Alliance Laundry Holdings (ALH) Stock Update: Russell 2000 Addition, Analyst Price Targets, and the Post‑IPO Outlook (Dec. 19, 2025)","Alliance Laundry Holdings (ALH) is experiencing significant activity post-IPO, driven by its upcoming inclusion in the Russell 2000 and 3000 indexes, which could boost visibility and demand. Despite trading below its October IPO price of $22, the company reported strong Q3 2025 results with double-digit revenue growth and improved profitability. Analysts maintain a ""Strong Buy"" consensus with price targets averaging around $31, supported by the company's market position, deleveraging efforts, and durable commercial laundry end markets.",https://ts2.tech/en/alliance-laundry-holdings-alh-stock-update-russell-2000-addition-analyst-price-targets-and-the-post-ipo-outlook-dec-19-2025/,ts2.tech,ts2.tech,20251219T210850,,0.19456,Somewhat-Bullish,0.606427,0.128237,Neutral
NVDA,Is Astera Labs’ Stock Heading for a Comeback?,"Astera Labs (ALAB) stock has recently seen a 12.11% increase, driven by positive market sentiment and reiterations of ""Buy"" ratings from analysts like Jefferies and Stifel. Despite some market volatility and concerns about its P/E ratio, Astera Labs shows robust financial health with strong profitability and liquidity, suggesting potential for continued market stature through strategic collaborations and technological advancements.",https://stockstotrade.com/news/astera-labs-inc-alab-news-2025_12_19-2/,StocksToTrade,StocksToTrade,20251219T220950,https://content.stockstotrade.com/wp-content/uploads/2025/12/dynamic-stock-market-recovery-trends-4.png,0.204023,Somewhat-Bullish,0.626076,0.144029,Neutral
NVDA,"AMD, Intel, KLA Corporation, Western Digital, and Nova Stocks Trade Up, What You Need To Know","Several technology stocks, including AMD, Intel, KLA Corporation, Western Digital, and Nova, saw significant gains in the afternoon session due to renewed investor optimism in artificial intelligence and a cooling November CPI report. This rally follows a period of volatility for these stocks, particularly AMD, which had experienced a downturn linked to concerns about AI monetization. The market's positive reaction suggests a belief in AI's transformative potential for future growth.",https://markets.financialcontent.com/stocks/article/stockstory-2025-12-19-amd-intel-kla-corporation-western-digital-and-nova-stocks-trade-up-what-you-need-to-know,FinancialContent,FinancialContent,20251219T221726,https://news-assets.stockstory.org/cover-images/_1400x700_crop_center-center_none/advanced-micro-devices-cover-image-79f4aae41cf7_2022-02-02-065648_hzzk.jpeg,0.425398,Bullish,0.710834,0.422996,Bullish
NVDA,"SPY ETF Daily Update, 12/19/2025","The SPDR S&P 500 ETF Trust (SPY) gained 0.91% on Friday, primarily driven by a rebound in technology stocks, particularly AI-related companies like Micron Technology (MU) and Nvidia (NVDA). This gain offset a slump in consumer stocks like Nike (NKE), with Industrials, Healthcare, and Technology sectors performing best within SPY's holdings. The ETF currently holds a Moderate Buy rating from analysts with an implied upside potential of 16.67%.",https://www.tipranks.com/news/spy-etf-daily-update-12-19-2025,TipRanks,TipRanks,20251219T222504,https://blog.tipranks.com/wp-content/uploads/2025/12/shutterstock_2432396419-750x406.jpg,0.181858,Somewhat-Bullish,0.749734,0.325897,Somewhat-Bullish
NVDA,"Micron (MU) Stock After Hours on Dec. 19, 2025: Record Close, Surging Price Targets, and What to Watch Before the Next Market Open","Micron Technology, Inc. (NASDAQ: MU) closed Friday, December 19, 2025, near a record high, driven by strong earnings guidance and significant analyst price target increases, including a street-high $500 target from Rosenblatt. The rally is fueled by expectations of sustained demand for AI-driven memory (HBM and data-center DRAM), which analysts believe could lead to a multi-year memory shortage. Investors are watching for further analyst revisions, market sentiment around AI infrastructure, and whether the stock holds its gains heading into the next trading session on Monday, December 22, 2025.",https://ts2.tech/en/micron-mu-stock-after-hours-on-dec-19-2025-record-close-surging-price-targets-and-what-to-watch-before-the-next-market-open/,ts2.tech,ts2.tech,20251219T230833,NULL,0.221946,Somewhat-Bullish,0.648769,0.322576,Somewhat-Bullish
NVDA,What to Watch With Etsy Stock in 2026,"Etsy (NYSE: ETSY) has faced challenges in growing its gross merchandise sales (GMS) since its pandemic-fueled peak, with shares performing poorly in recent years. Investors should closely monitor GMS and the user base (active sellers and buyers) in 2026, as these metrics will indicate whether the company can reverse its fortunes. The market currently has low expectations for the e-commerce stock, making success dependent on internal strategies and a favorable macro-economic environment.",https://finviz.com/news/258013/what-to-watch-with-etsy-stock-in-2026,Finviz,Finviz,20251219T230858,https://g.foolcdn.com/image/?url=https%3A%2F%2Fg.foolcdn.com%2Feditorial%2Fimages%2F845325%2Fonline-shopping-add-to-cart-e-commerce.jpg&w=700,0.140777,Neutral,0.559647,0.347683,Somewhat-Bullish
NVDA,"Insider Selling: Ambarella (NASDAQ:AMBA) VP Sells 1,342 Shares of Stock","Ambarella VP Chi-Hong Ju sold 1,342 shares of AMBA stock on December 17th for $96,382.44, reducing his holdings by 0.84%. This sale is part of several recent insider sales, which could indicate short-term selling pressure despite the company's positive Q3 earnings report and generally favorable analyst ratings. The company's fundamentals remain mixed, with recent earnings beating estimates but a negative P/E ratio.",https://www.marketbeat.com/instant-alerts/insider-selling-ambarella-nasdaqamba-vp-sells-1342-shares-of-stock-2025-12-19/,MarketBeat,MarketBeat,20251219T230901,https://www.marketbeat.com/logos/ambarella-inc-logo-1200x675.jpg,0.135,Neutral,0.570803,0.131007,Neutral
NVDA,"Alphabet (GOOG) Stock After Hours Today (Dec. 19, 2025): Google Cloud’s $10B Palo Alto Deal, Fresh Legal Headlines, and What to Watch Before the Next Market Open","Alphabet's (GOOG) Class C shares closed higher on Friday, December 19, 2025, buoyed by a significant Google Cloud partnership with Palo Alto Networks valued at nearly $10 billion, alongside news of a new lawsuit against a data-scraping firm. Investors are also monitoring Google Labs' new AI-powered ""CC"" tool and bullish predictions for Alphabet's market cap by 2026. The article details what to watch before Monday's market open, including follow-on details of the Cloud deal, potential legal/regulatory headlines, holiday trading conditions, and the upcoming earnings season.",https://ts2.tech/en/alphabet-goog-stock-after-hours-today-dec-19-2025-google-clouds-10b-palo-alto-deal-fresh-legal-headlines-and-what-to-watch-before-the-next-market-open/,ts2.tech,ts2.tech,20251219T233724,NULL,0.230921,Somewhat-Bullish,0.625404,0.257776,Somewhat-Bullish
NVDA,"AMD Stock After Hours Today (Dec. 19, 2025): Why Shares Jumped, What’s Driving the Move, and What to Watch Before the Next Market Open","Advanced Micro Devices Inc. (NASDAQ: AMD) saw a significant rally on Friday, December 19, 2025, driven by renewed AI sentiment, positive macro tailwinds, and news of its CEO meeting with China's Commerce Minister. The stock closed up 6.15% in the regular session and held onto gains in after-hours trading. Investors will closely watch any weekend headlines regarding U.S.–China chip/export policy, after-hours trading continuity, and analyst consensus targets around $277 as they head into the next trading session on Monday, December 22, 2025, especially given the upcoming holiday week's thinner liquidity.",https://ts2.tech/en/amd-stock-after-hours-today-dec-19-2025-why-shares-jumped-whats-driving-the-move-and-what-to-watch-before-the-next-market-open/,ts2.tech,ts2.tech,20251219T234305,NULL,0.446966,Bullish,0.728526,0.316783,Somewhat-Bullish
