ticker,title,summary,url,source,source_domain,time_published,banner_image,overall_sentiment_score,overall_sentiment_label,relevance_score,ticker_sentiment_score,ticker_sentiment_label
NVDA,Why You Should Consider Investing in Samsung -- And How,"This article explores why Samsung Electronics Co., Ltd. (SSNLF) is a compelling investment opportunity, highlighting its dominance in smartphones, advancements in 5G and 6G technology, and strategic shift towards logic chips. It details Samsung's business segments and provides guidance on how U.S. investors can buy its shares, including direct purchase on the Korean exchange or through specific ETFs like iShares MSCI South Korea Capped ETF (EWY).",https://www.nasdaq.com/articles/why-you-should-consider-investing-in-samsung-and-how-2021-01-04,Nasdaq,Nasdaq,20210104T142500,https://assets.bwbx.io/images/users/iqjWHBFdfxIU/iL6g7S41B.jQ/v0/1200x805.jpg,0.290733,Somewhat-Bullish,0.638968,0.216857,Somewhat-Bullish
NVDA,"Advanced Micro Devices Inc. stock rises Tuesday, still underperforms market","Advanced Micro Devices Inc. (AMD) stock rose 0.51% on Tuesday, closing at $92.77, despite an overall strong day for the stock market where the S&P 500 and Dow Jones Industrial Average also saw gains. The stock remained $5.21 below its 52-week high and underperformed against competitors like NVIDIA Corp., Intel Corp., and Texas Instruments Inc. Trading volume was lower than its 50-day average.",https://www.marketwatch.com/story/advanced-micro-devices-inc-stock-rises-tuesday-still-underperforms-market-01609894691-1c0b2c852b30?gaa_at=eafs&gaa_n=AWEtsqdeIEIAm0qaUjZWil8fBw20WdoEGXbuLtR7mqhbvKm4qccTCh_VMnQa&gaa_ts=699baf1f&gaa_sig=TmoCb4n94n6t3hvnPutCljrayAcF5ymA_REVbsBYRFZbYjI1kQsALP9zDnJv63PvGssQa98PhTlZpaWnnldU-Q%3D%3D,MarketWatch,MarketWatch,20210105T195800,https://images.mktw.net/im-220105?width=700&height=466,0.23074,Somewhat-Bullish,0.701570,0.314902,Somewhat-Bullish
NVDA,Nvidia takeover of chip designer Arm investigated,"The UK's Competition and Markets Authority (CMA) has launched an investigation into Nvidia's proposed $40bn takeover of British chip designer Arm Holdings. The CMA will examine the merger's potential impact on competition, particularly concerning Arm's intellectual property licensing services to Nvidia's rivals. This marks a significant move by the CMA, now handling large competition cases post-Brexit, and aligns with broader international regulatory scrutiny of the deal.",https://www.bbc.co.uk/news/technology-55560417,BBC,BBC,20210106T012238,https://ichef.bbci.co.uk/ace/standard/976/cpsprodpb/6F07/production/_113832482_armchip.jpg,-0.045342,Neutral,0.947617,0.327928,Somewhat-Bullish
NVDA,Rock star chip designer Jim Keller joins Tenstorrent,"Legendary computer chip designer Jim Keller has joined Toronto startup Tenstorrent Inc. as its new president and chief technology officer. Keller, known for his work at AMD, Apple, and Tesla, will guide Tenstorrent in its mission to create a machine learning training chip that utilizes software to optimize computing power and increase efficiency, challenging established players like Intel, AMD, and Nvidia.",https://siliconangle.com/2021/01/06/rock-star-chip-designer-jim-keller-joins-tenstorrent/,SiliconANGLE,SiliconANGLE,20210106T202200,,0.05811,Neutral,0.637769,-0.101558,Neutral
NVDA,NIO Partners with NVIDIA to Develop a New Generation of Automated Driving Electric Vehicles,"NIO and NVIDIA have announced a partnership to develop a new generation of automated driving electric vehicles, with NIO selecting NVIDIA DRIVE Orin™ system-on-a-chip (SoC) for its future EVs. The first model to feature the NVIDIA DRIVE Orin-powered supercomputer, dubbed Adam, will be the ET7 sedan, set to ship in China in 2022. This collaboration aims to accelerate autonomous driving development, with NIO’s in-house algorithms running on four NVIDIA Orin processors to achieve over 1,000 TOPS performance.",http://nvidianews.nvidia.com/news/nio-partners-with-nvidia-to-develop-a-new-generation-of-automated-driving-electric-vehicles,NVIDIA Newsroom,NVIDIA Newsroom,20210109T015411,https://s3.amazonaws.com/cms.ipressroom.com/219/files/201911/5df98c262cfac22a57e0b5b9_NVIDIA+Orin+press/NVIDIA+Orin+press_mid.jpg,0.834543,Bullish,1.000000,0.806034,Bullish
NVDA,Ampere—NVIDIA’s 2nd gen RTX architecture— Coming To Laptops January 26,"NVIDIA is bringing its 2nd generation Ampere RTX architecture to laptops, launching over 70 new GeForce RTX gaming and creator laptops starting January 26th. These new laptops will feature GeForce RTX 30 Series Laptop GPUs, offering up to 2X efficiency and accelerated performance, alongside new 3rd generation Max-Q Technologies for optimal power and performance, including Dynamic Boost 2.0 and WhisperMode 2.0. The release also emphasizes widespread availability of 1440p displays and high refresh rate esports laptops, as well as enhanced NVIDIA Studio laptops for creators.",https://www.nvidia.com/en-us/geforce/news/rtx-30-series-laptops/,NVIDIA,NVIDIA,20210112T015411,,0.55631,Bullish,1.000000,0.811474,Bullish
NVDA,NVIDIA Ampere Architecture Powers Record 70+ New GeForce RTX Laptops,"NVIDIA has launched over 70 new GeForce RTX 30 Series laptops powered by the NVIDIA Ampere architecture, offering up to 2x efficiency and featuring third-generation Max-Q technology. These new laptops deliver stunning ray-traced gaming experiences and enhance content creation, with models starting at $999. The lineup includes RTX 3060, RTX 3070, and RTX 3080 GPUs, bringing significant performance improvements over previous generations and introducing advanced features like Dynamic Boost 2.0, WhisperMode 2.0, Resizable BAR, and NVIDIA DLSS.",http://nvidianews.nvidia.com/news/nvidia-ampere-architecture-powers-record-70+-new-geforce-rtx-laptops,NVIDIA Newsroom,NVIDIA Newsroom,20210112T015411,https://s3.amazonaws.com/cms.ipressroom.com/219/files/20210/5ffcae512cfac23acbc31a39_EMBARGOED+GeForce+Ampere+RTX+Laptop/EMBARGOED+GeForce+Ampere+RTX+Laptop_mid.jpg,0.628918,Bullish,1.000000,0.947313,Bullish
NVDA,"NVIDIA Ampere Architecture for Every Gamer: GeForce RTX 3060 Available Late February, At $329","NVIDIA is launching the GeForce RTX 3060 in late February for $329, bringing its Ampere architecture to a wider range of gamers. The new GPU offers significant performance improvements over the GeForce GTX 1060, including twice the raster performance and 10x the ray tracing performance, along with 12GB of GDDR6 memory. It also supports key advancements like NVIDIA DLSS, Resizable BAR, and NVIDIA Reflex, improving gaming, content creation, and streaming experiences.",https://www.nvidia.com/en-us/geforce/news/geforce-rtx-3060/,NVIDIA,NVIDIA,20210112T015411,https://www.nvidia.com/akam/13/pixel_1410a4e4?a=dD02MGE5NzI5MjljMjg1MGIyYzU3NzkzZmM1YjA5ODBiZTRiOWU5MTJiJmpzPW9mZg==,0.20873,Somewhat-Bullish,1.000000,0.411317,Bullish
NVDA,"In return to Intel, VMware chief Pat Gelsinger to take over as CEO","Intel Corp. has appointed VMware CEO Pat Gelsinger as its new Chief Executive, replacing Robert Swan. Gelsinger, a former Intel CTO, is expected to lead the company's turnaround amidst investor pressure and challenges in chip manufacturing, with his appointment effective February 15. The news caused Intel's shares to rise, while VMware's shares fell due to Gelsinger's departure.",https://siliconangle.com/2021/01/13/return-intel-vmware-chief-pat-gelsinger-take-ceo/,SiliconANGLE,SiliconANGLE,20210113T014429,https://d15shllkswkct0.cloudfront.net/wp-content/blogs.dir/1/files/2016/08/pat-gelsinger-vmworld.jpg,0.021569,Neutral,0.620479,-0.124077,Neutral
NVDA,Intel CEO Bob Swan Is Replaced by VMware’s Pat Gelsinger,"Intel CEO Bob Swan is being replaced by VMware CEO Pat Gelsinger, who is returning to Intel to address the company's challenges in the chip industry. Gelsinger's appointment is seen as a move to bring back technical leadership and address manufacturing delays that have plagued Intel, causing it to lag behind competitors. The change in leadership was welcomed by investors and analysts who believe Gelsinger is the best option to lead Intel through its critical transformation period.",https://www.datacenterknowledge.com/operations-and-management/intel-ceo-bob-swan-is-replaced-by-vmware-s-pat-gelsinger,Data Center Knowledge,Data Center Knowledge,20210113T020858,https://eu-images.contentstack.com/v3/assets/blt8eb3cdfc1fce5194/blt8cb891ed73c383a7/66211610dfaab584a070a3c2/Pat-Gelsinger-CEO-VMware_0.jpg?width=1280&auto=webp&quality=80&format=jpg&disable=upscale,0.231599,Somewhat-Bullish,0.607600,0.216430,Somewhat-Bullish
NVDA,"Qualcomm eyes challenge to Apple, Intel with $1.4 billion deal for chip startup","Qualcomm Inc announced its acquisition of Nuvia Inc, a chip startup founded by former Apple executives, for $1.4 billion. This move aims to enhance Qualcomm's chip performance in smartphones, laptops, and automotive processors, challenging rivals like Apple and Intel. The deal also helps Qualcomm reduce its reliance on Arm Ltd's licensed technology by incorporating Nuvia's custom core designs.",https://www.reuters.com/business/qualcomm-eyes-challenge-apple-intel-with-14-billion-deal-chip-startup-2021-01-13/,Reuters,Reuters,20210113T130400,https://www.reuters.com/resizer/v2/https%3A%2F%2Fcloudfront-us-east-2.images.arcpublishing.com%2Freuters%2FV75LBSU6NVMW3E5IICFCDV7TNY.jpg?auth=da75231be4d80a373461719cbf81b297b87fa13caccb908759fb964b0f92b74b&width=960&height=540&quality=80,0.214423,Somewhat-Bullish,0.587454,-0.127252,Neutral
NVDA,Intel reportedly plans to switch to TSMC to make 7nm GPUs,"Intel is reportedly planning to outsource the manufacturing of its 7nm GPUs to TSMC, due to internal struggles with 7nm chip development. While Intel has historically manufactured its own processors, this move signifies a shift towards outsourcing to keep pace with rivals like AMD and Nvidia, who already use TSMC for their 7nm products. Despite this, Intel is expected to continue manufacturing its 10nm CPUs in-house for the time being.",https://www.datacenterdynamics.com/en/news/intel-reportedly-plans-switch-tsmc-make-7nm-gpus/,Data Center Dynamics,Data Center Dynamics,20210114T020646,https://media.datacenterdynamics.com/media/images/IntelLogo.width-358.jpg,0.249982,Somewhat-Bullish,0.641706,0.124311,Neutral
NVDA,"TSMC to Spend Up to Record $28 Billion on Advanced Chips, Capacity","Taiwan Semiconductor Manufacturing Co. (TSMC), a major chip supplier, announced plans to significantly increase its capital expenditures to between $25 billion and $28 billion in 2021. This substantial investment, representing at least a 47% year-over-year increase, aims to develop advanced chips and expand plant capacity. The move comes in response to a global surge in semiconductor demand that has resulted in supply shortages.",https://www.wsj.com/business/earnings/tsmc-to-spend-up-to-record-28-billion-in-advanced-chips-capacity-11610623587?gaa_at=eafs&gaa_n=AWEtsqcTUw4E1MlNGyKoYCyHUhvipcdCLxsY_bu23qHgQNjk2cZncnyu5epc&gaa_ts=699bb9b9&gaa_sig=K40RYvj9-iugTUSN1qpkUnyJkzUUgdwYWZGrMY62KvggOtWY70Bh7lcYrcGqRsQMrYNXe1BzJ3ESs0NXnaQpRQ%3D%3D,The Wall Street Journal,The Wall Street Journal,20210114T020646,https://images.wsj.net/im-08913058?size=1.5,0.188445,Somewhat-Bullish,0.597502,0.113722,Neutral
NVDA,Graniteshares 2x Short NVDA Daily ETF (NVD) interactive stock chart,"This page provides an interactive stock chart and financial data for the Graniteshares 2x Short NVDA Daily ETF (NVD). It includes real-time pricing, historical data, and recent news related to NVIDIA, which is the underlying asset for this inverse ETF. The article also lists related tickers for various other ETFs.",https://uk.finance.yahoo.com/quote/NVD/chart/,Yahoo Finance UK,Yahoo Finance UK,20210114T091154,https://s.yimg.com/uu/api/res/1.2/qYj8GuSv6cx90Q8WuTFxXw--~B/Zmk9ZmlsbDtoPTYzO3B5b2ZmPTA7dz04NDthcHBpZD15dGFjaHlvbg--/https://media.zenfs.com/en/proactive_uk_164/58da8869033f16e08f14bea28143c64e.cf.webp,0.172471,Somewhat-Bullish,0.807726,0.636352,Bullish
NVDA,Intel CEO Bob Swan to Be Replaced by VMware Chief,"Intel Corp. Chief Executive Officer Bob Swan will be replaced by VMware Inc. CEO Pat Gelsinger, who is returning to Intel more than a decade after leaving. This leadership change comes as Intel faces manufacturing delays, increased competition, and customers designing their own chips. Gelsinger's appointment is seen as a move to bring back technical and home-grown leadership to address the company's challenges.",https://www.caixinglobal.com/2021-01-14/intel-ceo-bob-swan-to-be-replaced-by-vmware-chief-101650647.html,Caixin Global,Caixin Global,20210114T134000,,0.141494,Neutral,0.616665,0.127227,Neutral
NVDA,Check out Oddity Tech Ltd's stock price (ODD) in real time,"This article provides real-time stock information for Oddity Tech Ltd (ODD) on NASDAQ, including its current price, volume, and 52-week range. It also lists recent news and analyst commentary related to the company, highlighting its financial performance and strategic moves in the beauty and wellness sector. Key financial stats, profitability ratios, and upcoming events like earnings dates are also presented.",https://www.cnbc.com/quotes/ODD,CNBC,CNBC,20210117T120905,,0.114057,Neutral,0.617286,0.143136,Neutral
NVDA,"Nvidia’s Quadratic Processor, the NV1","This article details Nvidia's ambitious first product, the NV1, a multimedia accelerator launched in 1995. The NV1 utilized quadratic texture mapping, a different approach than the prevailing polygon rendering, and integrated 2D/3D graphics, video, and audio capabilities. Despite a significant deal with Sega, the industry was not ready for its advanced design, leading to its commercial failure before Nvidia pivoted to polygon-based designs and later achieved success with the Riva 128.",https://www.computer.org/publications/tech-news/chasing-pixels/nvidias-quadratic-processor-the-nv1,IEEE Computer Society,IEEE Computer Society,20210118T015411,https://www.computer.org/_next/image?url=https%3A%2F%2Fmain-cdn.computer.org%2Fwp-content%2Fuploads%2F2021%2F01%2FNvidiaQuadraticProcessor500.jpg&w=1080&q=75,0.136176,Neutral,1.000000,0.249674,Somewhat-Bullish
NVDA,China’s autonomous driving hopeful WeRide raises $310 million,"WeRide, a Guangzhou-based driverless car startup, has secured $310 million in a Series B funding round led by Yutong Group, a commercial vehicle manufacturer. The company plans to conduct fully autonomous tests of 'Robotaxi' and 'Mini Robobus' services in 2021 and focuses on developing software and sensors for car makers rather than manufacturing vehicles. This funding aims to accelerate R&D and commercialization of its self-driving technologies, with trials of its Mini Robobus expected this month.",https://aibusiness.com/verticals/china-s-autonomous-driving-hopeful-weride-raises-310-million,AI Business,AI Business,20210118T021020,,0.179037,Somewhat-Bullish,0.589134,0.110184,Neutral
NVDA,Werner Invests in TuSimple to Spur Autonomous Trucking,"Werner Enterprises has invested in autonomous trucking technology company TuSimple to advance automated driving systems, improve safety, and reduce carbon emissions. The investment amount was not disclosed, but it aligns with Werner's focus on technological innovation and sustainability. Additionally, Schneider CEO Mark Rourke has joined TuSimple's executive advisory board, with Schneider also making an investment and providing a test fleet for autonomous trucking development.",https://www.ttnews.com/articles/werner-invests-tusimple-spur-autonomous-trucking,Transport Topics,Transport Topics,20210120T130000,https://www.ttnews.com/sites/default/files/styles/article_full_width_image/public/images/articles/werner-tusimple-1200.jpg,0.397506,Bullish,0.639826,0.304768,Somewhat-Bullish
NVDA,Supermicro Unveils NVIDIA GPU Server Test Drive Program with Leading Channel Partners to Deliver Workload Qualification on Remote Supermicro Servers,"Supermicro has launched a new GPU test-drive program called STEP, in collaboration with NVIDIA and leading channel partners. This program allows customers to remotely test Supermicro's 2U HGX A100 4-GPU or 4U HGX A100 8-GPU systems, enabling them to qualify their advanced workloads on high-performance platforms. The initiative aims to accelerate time-to-market solutions for AI and HPC applications by providing access to cutting-edge NVIDIA HGX A100 technology.",https://ir.supermicro.com/news/news-details/2021/Supermicro-Unveils-NVIDIA-GPU-Server-Test-Drive-Program-with-Leading-Channel-Partners-to-Deliver-Workload-Qualification-on-Remote-Supermicro-Servers/default.aspx,Supermicro,Supermicro,20210120T211641,,0.321711,Somewhat-Bullish,0.801623,0.445653,Bullish
NVDA,Chinese hacking group ‘Chimera’ targets Taiwanese chip and airline companies,"A Chinese advanced threat protection group named ""Chimera"" is reportedly targeting Taiwanese semiconductor companies to steal intelligence such as IC chip documents, SDKs, IC designs, and source code. Additionally, the group is accused of stealing passenger data from the airline industry, abusing cloud services from Google and Microsoft. Experts suggest these activities, whether state-sponsored or for competitive advantage, highlight a significant cybersecurity threat requiring robust government action.",https://siliconangle.com/2021/01/21/chinese-hacking-group-chimera-targets-taiwanese-semiconductor-airline-companies/,SiliconANGLE,SiliconANGLE,20210121T012133,https://d15shllkswkct0.cloudfront.net/wp-content/blogs.dir/1/files/2021/01/chimera.jpg,-0.434768,Bearish,0.739002,-0.423552,Bearish
NVDA,Take Note: Otter.ai CEO Sam Liang on Bringing Live Captions to a Meeting Near You,"Sam Liang, CEO and co-founder of Otter.ai, discusses how his company uses AI to provide real-time speech-to-text transcriptions and live captioning for various platforms like Zoom and Microsoft Teams. The service helps remote workers by accurately transcribing meetings, differentiating speakers, and understanding accents. Liang envisions future capabilities including recognizing action items and managing agendas, making Otter.ai a comprehensive meeting assistant.",https://blogs.nvidia.com/blog/otter-ai-sam-liang/,NVIDIA Blog,NVIDIA Blog,20210121T015411,https://blogs.nvidia.com/wp-content/uploads/2021/01/Sam-Liang.jpg,0.014237,Neutral,0.315595,0.037856,Neutral
NVDA,Samsung wins Intel foundry order; TSMC takes GPU deal,"Samsung Electronics has secured its first foundry order from Intel to produce southbridge chipsets at its Austin, Texas plant, while TSMC will handle Intel's GPU production. This order is seen as a strategic win for Samsung, establishing a foundation for future core chip orders, even though it missed out on the GPU deal. The move highlights Intel's strategy to outsource production to focus on flagship CPUs and intensifies competition in the foundry market where Samsung is a distant second to TSMC.",https://www.kedglobal.com/korean-chipmakers/newsView/ked202101210008,The Korea Economic Daily Global Edition,The Korea Economic Daily Global Edition,20210121T214119,,0.031727,Neutral,0.326421,0.024108,Neutral
NVDA,VinFast reveals three new EVs,"Vietnamese automaker VinFast has unveiled three new electric SUVs: the VF31, VF32, and VF33, all featuring advanced self-driving capabilities up to Level 3, with some Level 4 features. While the VF31 is for Vietnam only, the VF32 and VF33 are slated for launch in North America and Europe by late 2021, with deliveries starting in mid-2022. These models mark VinFast's shift to electric vehicles and highlight the contribution of their Australian R&D efforts.",https://www.carsales.com.au/editorial/details/vinfast-reveals-three-new-evs-128246/,Carsales,Carsales,20210122T020836,https://editorial.pxcrush.net/carsales/general/editorial/vf33_frontview.jpg?width=1024&height=682,0.310324,Somewhat-Bullish,0.601393,0.203819,Somewhat-Bullish
NVDA,Nvidia Puts Certified AI Servers At Forefront In New Program,"Nvidia has launched a new ""Nvidia-Certified Systems"" program to ensure optimized performance for AI applications on select GPU servers. The initiative aims to guide customers and partners toward certified systems from various OEMs and ODMs, providing performance guarantees and enterprise support. This program is expected to simplify AI infrastructure deployment for businesses and allow partners to focus on value-added AI application development.",https://www.crn.com/news/data-center/nvidia-puts-certified-ai-servers-at-forefront-in-new-program,CRN,CRN,20210126T014215,,0.308567,Somewhat-Bullish,1.000000,0.443127,Bullish
NVDA,Certifiably Fast: Top OEMs Debut World’s First NVIDIA-Certified Systems Built to Crush AI Workloads,"NVIDIA has launched its NVIDIA-Certified Systems program, featuring the first wave of accelerated servers from top OEMs like Dell Technologies, GIGABYTE, HPE, Inspur, and Supermicro. These systems are rigorously tested and optimized for AI and data analytics workloads, combining NVIDIA A100 Tensor Core GPUs with NVIDIA Mellanox networks. The initiative aims to provide businesses with reliable, high-performance computing solutions to address the growing demand for enterprise AI, leveraging advanced models and vast data volumes.",https://blogs.nvidia.com/blog/oem-servers-certified-systems/,NVIDIA Blog,NVIDIA Blog,20210126T014215,https://blogs.nvidia.com/wp-content/uploads/2021/01/car-accelerating-pixabay-x1280.jpg,0.352751,Bullish,0.976586,0.464377,Bullish
NVDA,Leveraging Machine Learning to Detect Fraud: Tips to Developing a Winning Kaggle Solution,"This article details the winning solution for the Kaggle IEEE CIS Fraud Detection competition, focusing on credit card fraud. The top-ranked team, including Kaggle Grandmaster Chris Deotte, utilized extensive feature engineering, especially creating new features from group aggregations, and ensemble models (XGBoost, CatBoost, and LGBM) to achieve high accuracy. The solution highlighted the importance of domain knowledge, iterative feature engineering, GPU-accelerated processing with NVIDIA's RAPIDS, and careful model validation strategies to identify fraudulent transactions effectively.",https://developer.nvidia.com/blog/leveraging-machine-learning-to-detect-fraud-tips-to-developing-a-winning-kaggle-solution/,NVIDIA Developer,NVIDIA Developer,20210126T015411,https://developer-blogs.nvidia.com/wp-content/uploads/2021/01/Kaggle-Feature-Image.png,0.303374,Somewhat-Bullish,1.000000,0.494180,Bullish
NVDA,Micron's 1-alpha process node offers impressive improvements in DRAM density and performance,"Micron has begun manufacturing DRAM using its new 1α (1-alpha) process, which offers a 40 percent improvement in memory density and a 15 percent drop in power consumption compared to its 1Z nm technology. This new node supports densities from 8Gb to 16Gb and is being used for DDR4 and LPDDR4 RAM, with plans for broader integration. The company anticipates this will lead to decreased manufacturing costs for DRAM, subsequently resulting in better prices for consumers, although the long-term strategy for scaling DRAM with or without EUV technology remains to be seen against competitors.",https://www.techspot.com/news/88430-micron-1-alpha-process-node-offers-impressive-improvements.html,TechSpot,TechSpot,20210127T015158,https://www.techspot.com/images2/news/bigimage/2021/01/2021-01-27-image-20.jpg,-0.046137,Neutral,0.726726,-0.219761,Somewhat-Bearish
NVDA,Cover Story: Tech mania amid global chip shortage,"The article discusses the tech stock rally fueled by a global chip shortage, benefiting Malaysian semiconductor companies amidst increased demand from consumer electronics and a recovering automotive industry. It highlights differing opinions on whether these tech stocks are overvalued, comparing their valuations to regional and global counterparts, and notes that local institutional investors are drawn to the sector due to limited alternatives.",https://theedgemalaysia.com/article/cover-story-tech-mania-amid-global-chip-shortage,The Edge Malaysia,The Edge Malaysia,20210201T003003,https://theedgemalaysia.com/_next/image?url=https%3A%2F%2Fassets.theedgemarkets.com%2FCap_main_TEM1354_20210127172757_theedgemarkets.jpg&w=1920&q=75,0.538537,Bullish,0.802842,0.515509,Bullish
NVDA,"Nestle, Nvidia, and the Changing Global Equity Markets","The article analyzes the shifting dynamics of global equity markets over the past decade, characterized by the dominance of U.S. technology stocks like Nvidia, in contrast to traditional companies like Nestle. It highlights the increased concentration of U.S. market indexes in technology and consumer cyclical sectors, and discusses current valuation opportunities in non-U.S. markets and value sectors like energy.",https://www.morningstar.com/markets/nestle-nvidia-changing-global-equity-markets,Morningstar,Morningstar,20210201T205219,,0.203108,Somewhat-Bullish,1.000000,0.404923,Bullish
NVDA,"Why There’s Hard, Cold Cash For Soft, Disaggregated Routing","The article discusses the growing trend of disaggregated routing, where networking functions are decoupled from specialized hardware and run on more generic, whitebox systems. It highlights how companies like DriveNets are attracting significant investment by offering software-defined routing solutions, contrasting this with traditional monolithic network appliances from vendors like Cisco and Juniper. The rise of merchant silicon and open networking operating systems is seen as forcing traditional vendors to adapt, with the potential for a major economic shift in the networking industry similar to the move from RISC/Unix to Linux/x86 in computing.",https://www.nextplatform.com/2021/02/02/why-theres-hard-cold-cash-for-soft-disaggregated-routing/,The Next Platform,The Next Platform,20210202T005356,https://www.nextplatform.com/wp-content/uploads/2021/02/drivenets-logo-1030x438.jpg,0.147179,Neutral,0.618355,0.135487,Neutral
NVDA,"Microsoft, Nvidia join $50M round for high-performance computing startup Rescale","Rescale Inc., a startup providing software for high-performance computing (HPC) applications in the cloud, has secured a $50 million funding round. The investment saw participation from tech giants Microsoft Corp. and Nvidia Corp., alongside Samsung's Catalyst Fund and others. Rescale's platform aims to simplify the deployment and management of complex HPC workloads in cloud environments, a market currently less than 20% cloud-penetrated.",https://siliconangle.com/2021/02/02/microsoft-nvidia-join-50m-round-high-performance-computing-startup-rescale/,SiliconANGLE,SiliconANGLE,20210202T010141,https://d15shllkswkct0.cloudfront.net/wp-content/blogs.dir/1/files/2021/02/unsplash-1.png,0.020767,Neutral,0.335169,0.025498,Neutral
NVDA,Democratic Large Cap Core ETF,"This page provides a detailed profile of the Democratic Large Cap Core ETF (DEMZ), including its current price, investment strategy, holdings, performance metrics, and expense ratios. It also offers comparisons to other ETFs in the Large Cap Blend Equities category and details its ESG scores. The fund tracks the Democratic Large Cap Core Index and was incepted on November 02, 2020.",https://etfdb.com/etf/DEMZ/,ETF Database,ETF Database,20210204T091127,,0.184605,Somewhat-Bullish,0.815062,0.153327,Somewhat-Bullish
NVDA,Microchip Announces World's First PCI Express 5.0 Switches,"Microchip Technology Inc. has announced the world's first PCI Express (PCIe) 5.0 switch solutions, the Switchtec PFX PCIe 5.0 family, which doubles interconnect performance for high-demand applications like data analytics and machine learning. These switches, along with Microchip's XpressConnect retimers, provide a comprehensive PCIe Gen 5 infrastructure portfolio. The company states that this innovation will support next-generation machine learning platforms and strengthen the ecosystem for PCIe 5.0 and CXL-enabled solutions, as affirmed by Intel.",https://www.techpowerup.com/278136/microchip-announces-worlds-first-pci-express-5-0-switches,TechPowerUp,TechPowerUp,20210205T005724,https://www.techpowerup.com/img/VHsPjrCJZPyGUWbs_thm.jpg,0.178529,Somewhat-Bullish,0.590409,0.125372,Neutral
NVDA,"Kudan announces sponsorship of the autonomous vehicle development group, SeDrica IIT Bombay backed up by industry leaders","Kudan Inc. announced its sponsorship of Team SeDriCa, an autonomous vehicle development group from IIT Bombay, providing its Lidar SLAM software to help them develop a Level 4 autonomous vehicle capable of navigating Indian streets. This partnership aims to support SeDriCa's goal of creating India's first self-driving car and allows Kudan to showcase its technology in a challenging environment. Team SeDriCa has also garnered support from other industry leaders like Continental, NVIDIA, and Ouster, and has a strong track record, including winning the Intelligent Ground Vehicle Competition.",https://www.kudan.io/blog/kudan-sponsors-sedrica/,www.kudan.io,www.kudan.io,20210205T011434,https://i0.wp.com/www.kudan.io/wp-content/uploads/2021/02/pic1.png?resize=1228%2C224&ssl=1,0.320629,Somewhat-Bullish,0.600884,0.349660,Somewhat-Bullish
NVDA,Chip start-up Graphcore asks UK government to block Nvidia's Arm acquisition,"British machine learning chip company Graphcore has formally requested the UK's Competition and Markets Authority to block Nvidia's $40 billion acquisition of Arm. Graphcore argues that if Nvidia integrates Arm and Nvidia designs, it would disadvantage competitors like Graphcore by limiting their access to crucial processor designs and software. This development unfolds as Japan's Renesas Electronics Corporation simultaneously announced its plans to acquire British firm Dialog Semiconductor for $6 billion.",https://www.datacenterdynamics.com/en/news/chip-start-graphcore-asks-uk-government-block-nvidias-arm-acquisition/,DatacenterDynamics,DatacenterDynamics,20210208T010141,https://media.datacenterdynamics.com/media/images/Nvidia_Jensen_holds_T4.width-358.jpg,0.023117,Neutral,0.335668,0.004013,Neutral
NVDA,"Startup Couples AI with OR Video to Sharpen Surgeon Performance, Improve Patient Outcomes","Theator, an NVIDIA Inception member, is developing AI-driven analytics that scrutinize surgical video to enhance surgeons' decision-making and standardize the review process. By processing thousands of surgeries, Theator's platform aims to reduce cognitive overload for surgeons, offer pre-operative assistance, and identify causes of post-surgical complications. The ultimate goal is to achieve semi-autonomous surgery within five years, using NVIDIA technology to improve surgical outcomes globally.",https://blogs.nvidia.com/blog/theator-ai-video-analytics-autonomous-surgery/,NVIDIA Blog,NVIDIA Blog,20210208T010141,https://blogs.nvidia.com/wp-content/uploads/2021/02/hospital-operating-room-pixabay.jpg,0.545378,Bullish,0.900574,0.523551,Bullish
NVDA,Nvidia’s US$40 billion deal to buy Arm is all but dead – it’s a classic example of geopolitics killing innovation,"Nvidia's attempt to acquire British chip designer Arm for US$40 billion is facing significant regulatory hurdles, primarily due to geopolitical concerns. While the merger seemingly avoids direct competition, regulators, particularly in the EU and China, are worried about Arm's potential loss of impartiality and the implications for technological sovereignty, especially given US export restrictions on Chinese companies. This situation highlights how geopolitical tensions are stifling innovation by preventing mergers that could otherwise foster technological advancement.",https://theconversation.com/nvidias-us-40-billion-deal-to-buy-arm-is-all-but-dead-its-a-classic-example-of-geopolitics-killing-innovation-154999,The Conversation,The Conversation,20210210T093300,https://images.theconversation.com/files/383333/original/file-20210209-13-9weo4x.png?ixlib=rb-4.1.0&q=45&auto=format&w=754&fit=clip,-0.148336,Neutral,1.000000,-0.220182,Somewhat-Bearish
NVDA,Qualcomm’s Upgradable New Snapdragon X65 Modem Promises to Bring 10gbs speeds to 5G phones as Early as this Year,"Qualcomm has announced its new Snapdragon X65 modem-RF system, capable of delivering 10 gigabits per second download speeds to 5G phones as early as this year. The X65 features an upgradable architecture for future-proofing devices, enhanced power efficiency, and incorporates AI to optimize antenna tuning for reliable mmWave connectivity. This move challenges the 5G ecosystem to accelerate technology upgrades and mmWave deployments.",https://futurumgroup.com/insights/qualcomms-upgradable-new-snapdragon-x65-modem-promises-to-bring-10gbs-speeds-to-5g-phones-as-early-as-this-year/,The Futurum Group,The Futurum Group,20210211T010621,https://futurumgroup.com/wp-content/uploads/2021/02/Qualcomms-Upgradable-New-Snapdragon-X65-Modem-Promises-to-Bring-10gbs-speeds-to-5G-phones-as-Early-as-this-Year.jpg,0.482949,Bullish,0.615861,0.348769,Somewhat-Bullish
NVDA,"Global X Autonomous & Electric Vehicles ETF (DRIV) Stock Price, Quote, News & History","This article provides comprehensive information on the Global X Autonomous & Electric Vehicles ETF (DRIV), including its stock price, key statistics, news, and history. It details the ETF's investment policy, top holdings, and answers frequently asked questions about purchasing shares, competitors, forecasts, and dividends. The fund focuses on companies involved in electric and autonomous vehicle development.",https://www.benzinga.com/quote/DRIV,Benzinga,Benzinga,20210211T103955,https://image-util.benzinga.com/api/v2/logos/file/image/1432353/mark_composite_light__7bd460e6a6dc9eaddaa27f9e8f9f7e99.png?height=60&max_width=&width=60&x-bz-cred=sb~ZC26ParKtvUUOG7h0TZ9E-DrTEu2l_DpMi4thID0yoSr7Lp8W45xHyY_SM31uVxwFYBmUDEbCARvtMtoMzKomm4YQ46oPRkBYpxCzX8ABmn768jKsat0teyN3cWwJnjBiwGf82ZAytk39chvBid1BlRPPJGN&x-bz-exp=1780481160&x-bz-security-isin=&x-bz-security-symbol=DRIV&x-bz-signature=74ffbff1060eec1ba110c38d9a90a5fa44b7861278b473b99fa75c0bd7069ea1,-0.069474,Neutral,0.599843,0.031529,Neutral
NVDA,"Alphabet, Microsoft, Qualcomm protest Nvidia's Arm acquisition - Bloomberg News","Alphabet, Microsoft, and Qualcomm have reportedly lodged complaints with U.S. antitrust regulators regarding Nvidia's proposed acquisition of Arm Ltd. Nvidia had previously announced a deal with SoftBank Group in September to purchase Arm. This development indicates significant opposition from major tech companies over the acquisition.",https://www.reuters.com/technology/alphabet-microsoft-qualcomm-protest-nvidias-arm-acquisition-bloomberg-news-2021-02-12/,Reuters,Reuters,20210212T062600,https://www.reuters.com/resizer/v2/RLY6VV4MP5KFBCQ2JIESHREPZM.jpg?auth=99401902fe9a8bb38a7fcf41ea0d8af33d79470641a9b473625120bc4eba5a55&width=1920&quality=80,-0.209717,Somewhat-Bearish,1.000000,-0.241990,Somewhat-Bearish
NVDA,Qualcomm objects to Nvidia’s $40 billion Arm acquisition,"Qualcomm has formally expressed its opposition to Nvidia's proposed $40 billion acquisition of Arm to regulators worldwide, including the FTC, European Commission, and UK's Competition and Markets Authority. The U.S. chipmaker fears Nvidia could become a gatekeeper of Arm's technology, restricting access for other chipmakers. Regulators are now in a ""second phase"" of investigation, seeking more information from the involved companies.",https://www.cnbc.com/2021/02/12/qualcomm-objects-to-nvidias-40-billion-arm-acquisition.html,CNBC,CNBC,20210212T101900,https://image.cnbcfm.com/api/v1/image/101339453-168235129.jpg?v=1532564552&w=750&h=422&vtcrop=y,-0.088734,Neutral,0.975170,-0.310856,Somewhat-Bearish
NVDA,"Google, Microsoft, Qualcomm Protest Nvidia’s Acquisition of Arm Ltd.","Google, Microsoft, and Qualcomm are among several major technology companies that have registered complaints with U.S. antitrust regulators regarding Nvidia's proposed $40 billion acquisition of Arm Ltd. The companies fear the deal will harm competition and limit equal access to vital technology, with some pushing for the acquisition to be blocked. Nvidia's shares experienced a decline following this news.",https://www.bloomberg.com/news/articles/2021-02-12/google-microsoft-qualcomm-protest-nvidia-s-arm-acquisition,Bloomberg.com,Bloomberg.com,20210212T175100,,0.035245,Neutral,0.310543,0.047063,Neutral
NVDA,'SOXL': The Fight for Semiconductors Is Getting Chippy,"The article discusses how a global semiconductor shortage could provide tailwinds for semiconductor ETFs like the Direxion Daily Semiconductor Bull 3X ETF (SOXL). President Joe Biden's pledge to address the shortage and develop a long-term strategy, along with increased demand for consumer electronics due to the pandemic, are cited as contributing factors to the sector's bullish momentum. The shortage impacts various industries beyond traditional technology, including automotive, highlighting the broad significance of semiconductor supply.",https://www.etftrends.com/leveraged-inverse-channel/soxl-fight-for-semiconductors-getting-chippy/,ETF Trends,ETF Trends,20210212T211706,,0.389881,Bullish,0.727818,0.341808,Somewhat-Bullish
NVDA,"Google, Microsoft, Qualcomm Protest Nvidia’s Acquisition of Arm Ltd.","Google, Microsoft, and Qualcomm are among several major technology companies that are complaining to U.S. antitrust regulators about Nvidia Corp.'s proposed $40 billion acquisition of Arm Ltd. These companies fear the deal will harm competition in a critical sector of the industry. Some even urge regulators to block the acquisition.",https://www.caixinglobal.com/2021-02-15/google-microsoft-qualcomm-protest-nvidias-acquisition-of-arm-ltd-101663656.html,Caixin Global,Caixin Global,20210215T120100,,0.017563,Neutral,0.322898,0.035463,Neutral
NVDA,BKLC Share Price & Live Chart | BNY Mellon US Large Cap Core Equity ETF,"The BNY Mellon US Large Cap Core Equity ETF (BKLC) offers investors exposure to US large-cap equities, tracking the S&P 500 TR USD index. The article provides live share price data, historical performance, technical analysis, and key metrics such as its current price of 140.58, a 1.2% dividend yield, and a 0.00% expense ratio. It also lists top holdings including NVIDIA, Apple, and Microsoft.",https://uk.investing.com/etfs/bklc-nyse,Investing.com UK,Investing.com UK,20210215T213902,,0.318546,Somewhat-Bullish,0.875720,0.345129,Somewhat-Bullish
NVDA,"Real growth in technology is not from people but machines, says Applied Materials CEO","Applied Materials CEO Gary Dickerson states that the primary driver of technological growth is no longer human data generation, but rather machine-generated data from sensors and the Internet of Things. He notes that the increasing pervasiveness of non-human systems demands more chips and processing power. This shift, accelerated by pandemic-driven virtual presence, signifies a significant and ongoing growth driver for the technology industry, echoing similar sentiments from Nvidia CEO Jensen Huang.",https://www.zdnet.com/article/real-growth-in-technology-is-not-from-people-but-machines-says-applied-materials-ceo/,ZDNET,ZDNET,20210218T161300,https://www.zdnet.com/a/img/resize/610f8c9bb600c40fa223a612f77aa42a3aa68e17/2019/07/13/02a0601c-f769-460b-8234-00124d0b05b5/2019-aidf-gary-dickerson.jpg?auto=webp&width=1280,0.315632,Somewhat-Bullish,0.735525,0.333286,Somewhat-Bullish
NVDA,Biden Will Order Supply-Chain Review. Chip Stocks Are Surging.,"President Joe Biden is expected to sign an executive order to review supply chains in critical industries, including semiconductors. This announcement comes amid a global chip shortage impacting various products from video game consoles to smartphones. Following this news, chip stocks are experiencing a surge.",https://www.barrons.com/articles/biden-will-order-supply-chain-review-chip-stocks-are-surging-51614191825?gaa_at=eafs&gaa_n=AWEtsqcjhPX3Gu1mPdfDjuZoqntUUCbow0OSfY7jbJJmFH3DCsBeRhozC6DE&gaa_ts=699ba357&gaa_sig=SREp8hp4Zmgs2BNeEWS7wOMeP8v6TS-l5ItTV18iFUTiXUYqoN6_8EGsjY41PAAVKlworH2NYKmKAAg8vpvjBw%3D%3D,Barron's,Barron's,20210224T003116,https://images.barrons.com/im-303610?width=639&height=342,0.321857,Somewhat-Bullish,0.744271,0.311725,Somewhat-Bullish
NVDA,Pliops completes $65 million investment round led by KDT and Nvidia,"Pliops, an Israeli cloud storage startup, has successfully closed a $65 million investment round led by Koch Disruptive Technologies and with increased investment from Nvidia, bringing its total capital raised to $115 million. The company, which specializes in developing storage processors to improve data center efficiency, plans to launch its first product in April and aims for significant growth, potentially reaching unicorn status or an IPO. Pliops' technology is designed to address the growing demand for advanced storage and management in data centers by providing rapid and continuous data access.","https://www.calcalistech.com/ctech/articles/0,7340,L-3895333,00.html",CTech,CTech,20210224T010141,,0.350946,Bullish,1.000000,0.417209,Bullish
NVDA,Infographic: Nvidia (NVDA) Q4 revenue up 61%; earnings beat,"Nvidia Corporation (NASDAQ: NVDA) reported a significant increase in its Q4 revenues and profit, with revenue up 61% and adjusted earnings per share at $3.10, surpassing market expectations. This strong performance, driven by high demand, led to a rise in the company's stock during extended trading.",https://news.alphastreet.com/infographic-nvidia-nvda-q4-revenue-up-61-earnings-beat/,AlphaStreet News,AlphaStreet News,20210224T010141,https://cdn.news.alphastreet.com/wp-content/uploads/2021/03/04181519/Nvidia-Q4-2021-earnings-infographic-1-748x1024.jpg,0.454742,Bullish,1.000000,0.496538,Bullish
NVDA,Nvidia sales surge as it struggles to keep gaming chips in stock,"Nvidia Corp forecasts better-than-expected fiscal first-quarter revenue, with gaming chips remaining in tight supply due to high global demand and cryptocurrency mining. To counter this, Nvidia is introducing special mining chips and software to discourage miners from using gaming GPUs. The company's aggressive push into AI chips has also contributed to its status as the most valuable semiconductor maker.",https://www.reuters.com/business/nvidia-sales-surge-it-struggles-keep-gaming-chips-stock-2021-02-24/,Reuters,Reuters,20210224T212800,https://www.reuters.com/resizer/v2/OPFHUFW5OVOKTKQOIXNHPXJRRA.jpg?auth=5b7c1f6f495cbedd8f1803156febb76bfa0d5e447b6a99ff2ddb95b7339d31c3&width=1080&quality=80,-0.107834,Neutral,1.000000,0.412322,Bullish
NVDA,Introducing the 2021 Adobe Analytics Champions,"Adobe announced its 2021 Adobe Analytics Champions program, recognizing 40 individuals for their expertise and dedication to Adobe Analytics. These Champions will participate in career development, knowledge sharing, and provide feedback to Adobe product teams, while also helping other users improve their skills. The program celebrates passionate and knowledgeable Adobe Analytics users globally.",https://blog.adobe.com/en/publish/2021/02/25/introducing-your-2021-adobe-analytics-champions,Adobe,Adobe,20210225T192626,,0.330906,Somewhat-Bullish,0.612307,0.310904,Somewhat-Bullish
NVDA,Nvidia CEO confident in company's growth prospects even if Arm acquisition does not happen,"Nvidia CEO Jensen Huang expressed confidence in the company's long-term growth trajectory, even if its acquisition of chip designer Arm is blocked by regulators. Huang emphasized that Nvidia's growth in areas like AI, autonomous vehicles, and 5G edge computing is independent of the Arm deal. Despite this, he remains confident that the $40 billion acquisition of Arm will be completed, believing it will significantly accelerate Arm's roadmap and benefit the ecosystem.",https://www.cnbc.com/2021/02/25/nvidia-ceo-jensen-huang-discusses-potential-acquisition-of-arm.html,CNBC,CNBC,20210225T193800,https://image.cnbcfm.com/api/v1/image/106846038-16142979435ED3-MM-Block-A-short-022521.jpg?v=1614297942&w=750&h=422&vtcrop=y,0.082607,Neutral,1.000000,0.407263,Bullish
NVDA,Gemini-1 Spreads Millions of Processors Into RAM,"GSI Technology introduces Gemini-1, a processor-in-memory chip that accelerates specific mathematical functions by up to 100x compared to traditional processors. Designed as an ""associative processing unit"" (APU), Gemini-1 integrates about 2 million simple processing elements directly within SRAM cells, making it highly specialized for parallel search and cryptography algorithms. While not a general-purpose CPU, it excels at tasks like Hamming distance and Tanimoto similarity calculations by eliminating the data transfer bottleneck between CPU and RAM.",https://www.eejournal.com/article/gemini-1-spreads-millions-of-processors-into-ram/,EEJournal,EEJournal,20210301T202236,,0.188362,Somewhat-Bullish,0.606192,0.122715,Neutral
NVDA,Changing Of The Guard For HPC And Big Iron At HPE,"Pete Ungaro, the long-time head of Cray and then HPE's High Performance Computing & Mission Critical Solutions group, is stepping down, with Justin Hotard taking over. This leadership change occurs as HPE continues to navigate a challenging market, focusing on profitability and leveraging the Cray acquisition to scale its HPC business. The company is making strategic bets on services and utility-style pricing for on-premises systems, with recent financial results indicating these efforts are beginning to pay off despite overall revenue and profit declines in some segments.",https://www.nextplatform.com/2021/03/03/changing-of-the-guard-for-hpc-and-big-iron-at-hpe/,The Next Platform,The Next Platform,20210303T202743,,0.11688,Neutral,0.604773,0.146892,Neutral
NVDA,Micron launches automotive-qualified low power DDR5 memory,"Micron Technology has introduced the industry's first automotive low-power DDR5 (LPDDR5) DRAM memory, which has been hardware-evaluated to meet the stringent Automotive Safety Integrity Level (ASIL) D. This new memory addresses the critical need for robust functional safety in advanced driver assistance systems (ADAS) and autonomous driving, offering increased data access speeds and improved power efficiency. Micron's LPDDR5 is compliant with ISO 26262 standards and includes safety mechanisms to detect and control memory errors, supporting automakers in developing safer vehicles.",https://www.embedded.com/micron-launches-automotive-qualified-low-power-ddr5-memory/,www.embedded.com,www.embedded.com,20210304T000814,https://www.embedded.com/embedded/wp-content/uploads/sites/2/2021/03/Micron-cardiagram-ASIL-with-legend.jpg,0.299092,Somewhat-Bullish,0.624544,0.231382,Somewhat-Bullish
NVDA,What Is a Pod? What Is a Cluster?,"This article explains the concepts of ""pods"" and ""clusters"" in computing, tracing their origins from early data centers to modern AI supercomputers. It highlights how these linked computer systems mimic natural ""pods"" like those of peas or dolphins, emphasizing their role in providing resilience, scalability, and high performance for internet services and AI applications. The piece also discusses the historical development and the evolution of terminology, showcasing their importance in cloud computing and advanced AI systems like NVIDIA DGX SuperPOD.",https://blogs.nvidia.com/blog/what-is-a-cluster-pod/,NVIDIA Blog,NVIDIA Blog,20210305T001016,https://blogs.nvidia.com/wp-content/uploads/2021/03/container-on-ferris-wheel-pixabay-x1280.jpg,0.032654,Neutral,0.319562,0.049805,Neutral
NVDA,STMicroelectronics Launches Computer-Vision Launchpad for STM32 MCUs,"STMicroelectronics has released a new computer-vision launchpad, including an AI firmware function pack (FP-AI-VISION1) and camera-module hardware, designed for embedded developers using STM32 microcontrollers. This solution enables the creation of affordable, powerful edge-based computer-vision applications by running convolutional neural networks locally. The bundle facilitates image classification, human-presence detection, and offers flexibility for developers to retrain neural networks with custom datasets.",https://www.eetasia.com/stmicroelectronics-launches-computer-vision-launchpad-for-stm32-mcus/,EE Times Asia,EE Times Asia,20210305T002103,https://www.eetasia.com/wp-content/uploads/sites/2/2021/03/STM32-Camera-module-bundle.jpg?w=600,0.257119,Somewhat-Bullish,0.607503,0.309452,Somewhat-Bullish
NVDA,Dell Technologies,"Equinix and Dell Technologies are collaborating to provide enterprises with flexible and scalable AI infrastructure through cloud-adjacent solutions. This partnership leverages Equinix's global data center footprint and Dell's APEX Flex on Demand to optimize performance, mitigate risk, and offer agile cloud access while controlling IT costs. The offerings include deploying Dell AI Factory with NVIDIA at Equinix's AI-ready facilities to support hybrid multicloud environments.",https://www.equinix.com/partners/delltechnologies,Equinix,Equinix,20210305T235318,https://www.equinix.com/content/dam/eqxcorp/en_us/images/common-assets/logo_dell_technologies_banner.png,0.385108,Bullish,0.610586,0.304236,Somewhat-Bullish
NVDA,Tech-heavy Nasdaq hits correction with 10.5% fall from peak,"The tech-heavy Nasdaq Composite has entered correction territory, falling 10.5% from its February peak, as technology shares experienced a significant sell-off. This downturn was driven by concerns over rising bond yields and inflation fears stemming from a new $1.9 trillion COVID-19 relief bill. While financial, restaurant, and travel stocks rose on reopening hopes, they couldn't offset the weight of declining big tech shares like Apple, Nvidia, and Tesla.",https://www.aljazeera.com/economy/2021/3/8/tech-heavy-nasdaq-hits-correction-with-10-5-fall-from-peak,Al Jazeera,Al Jazeera,20210308T001016,https://www.aljazeera.com/wp-content/uploads/2020/12/365899149.jpg?resize=770%2C513&quality=80,-0.129008,Neutral,0.896257,-0.313593,Somewhat-Bearish
NVDA,How Suite It Is: NVIDIA and VMware Deliver AI-Ready Enterprise Platform,"NVIDIA and VMware have partnered to optimize VMware vSphere 7 Update 2 for AI applications with the NVIDIA AI Enterprise software suite. This collaboration aims to simplify the development and deployment of AI workloads in hybrid cloud environments, offering scale-out performance and compatibility for a wide range of AI and data science applications. The solution provides enterprises with a comprehensive, optimized, and supported platform for AI, allowing IT professionals to manage AI infrastructure using familiar tools and mitigating risks associated with shadow AI.",https://blogs.nvidia.com/blog/vmware-ai-ready-enterprise-platform/,NVIDIA Blog,NVIDIA Blog,20210309T001016,https://blogs.nvidia.com/wp-content/uploads/2021/03/9-ai-enterprise-feature-1280x720.jpg,0.342784,Somewhat-Bullish,1.000000,0.444700,Bullish
NVDA,Is AI Important to Financial Services’ Future? New Survey Says You Can Bank on It,"A new NVIDIA survey of over 200 financial services professionals worldwide highlights the growing importance of AI in the industry. The survey reveals that AI provides a competitive advantage, drives revenue growth, and cuts costs through automation, with 83% agreeing on its future success. Key challenges include a shortage of data scientists and insufficient infrastructure, which firms plan to address by hiring more AI experts.",https://blogs.nvidia.com/blog/financial-services-industry-ai-survey/,NVIDIA Blog,NVIDIA Blog,20210310T001016,https://blogs.nvidia.com/wp-content/uploads/2021/03/10-ai-financial-services.jpg,0.498034,Bullish,1.000000,0.470072,Bullish
NVDA,The supply chain disruption still matters,"The article discusses the ongoing supply chain disruptions, particularly in the semiconductor industry, exacerbated by the COVID-19 pandemic and geopolitical tensions. It highlights how initial incorrect market predictions and increased demand for electronics led to chip shortages, impacting sectors from automotive to consumer electronics. The author emphasizes the need for enhanced supply chain resilience through better market intelligence, risk management, and strategic investments to mitigate future disruptions and reduce dependency on limited suppliers.",https://www.thebci.org/news/the-supply-chain-disruption-still-matters.html,The Business Continuity Institute (BCI),The Business Continuity Institute (BCI),20210310T002439,https://www.thebci.org/static/e5d589d3-bded-4ab7-8a1b4e65c439429f/SupplyChainStillMattersWebsite.png,-0.226974,Somewhat-Bearish,0.626725,-0.232174,Somewhat-Bearish
NVDA,Nvidia vs. AMD: Compare GPU offerings,"This article compares the GPU offerings from Nvidia and AMD, focusing on their use in large data centers for tasks like machine learning and high-performance computing. It delves into the specifications of Nvidia's A100 and AMD's Instinct MI100 GPUs, including memory, processing units, and software ecosystems like CUDA and ROCm. The article concludes by noting Nvidia's lead in AI acceleration, AMD's strong competition in HPC, and the impending entry of Intel into the GPU market.",https://www.techtarget.com/searchdatacenter/tip/Nvidia-vs-AMD-Compare-GPU-offerings,TechTarget,TechTarget,20210310T234152,https://www.techtarget.com/visuals/German/article/tug-of-war-competitors-fotolia_searchsitetablet_520X173.jpg,0.057409,Neutral,0.982254,0.098000,Neutral
NVDA,NVIDIA Merlin Accelerates Recommender Workflows with .4 Release,"The NVIDIA Merlin .4 release introduces a new API and enhanced inference support to simplify recommender workflows for data scientists and machine learning engineers. Merlin, an open-source framework, leverages deep learning with components like NVTabular, HugeCTR, and Triton Inference Server to build relevant recommenders on large datasets. This update addresses challenges such as slow pipelines and large embedding tables, aiming to accelerate the development and deployment of deep learning recommenders.",https://developer.nvidia.com/blog/nvidia-merlin-accelerates-recommender-workflows-with-4-release/,NVIDIA Developer,NVIDIA Developer,20210311T001017,https://developer-blogs.nvidia.com/wp-content/uploads/2021/03/Merline-featured.png,0.80564,Bullish,1.000000,0.831187,Bullish
NVDA,HP ZBook Firefly 14 G7 review: A compact and durable entry-level mobile workstation,"The HP ZBook Firefly 14 G7 is presented as a compact and durable entry-level mobile workstation, featuring a 14-inch display with up to 4K resolution and powered by 10th-generation Intel Core i7 processors with Nvidia Quadro graphics. While praised for its robust build, compact design, and several useful features like a high-quality webcam and comfortable keyboard, its moderate battery life, especially with the 4K screen option, is noted as a drawback. The review highlights its suitability for light mobile workstation tasks but cautions against demanding applications due to battery constraints.",https://www.zdnet.com/product/hp-zbook-firefly-14-g8-mobile-workstation-14-core-i7-1185g7-16-gb-ram-512-gb-ssd-us/,ZDNET,ZDNET,20210311T235930,https://www.zdnet.com/a/img/2021/03/11/ccaa139b-b9de-4831-b4df-4ec6d59da2ad/hp-zbook-firefly-14-g7-header.jpg,0.131949,Neutral,0.615264,0.123296,Neutral
NVDA,A $69 Million NFT,"This article discusses the booming NFT market, highlighted by Beeple's $69 million sale at Christie's, alongside other notable NFT sales and crypto-adjacent investing trends by institutions like JPMorgan and Simplify U.S. Equity PLUS Bitcoin ETF. It also covers significant regulatory developments in the U.S. concerning DAOs and token classification, an upcoming Ethereum upgrade (EIP 1559), and critical tax implications for NFT investors, emphasizing short-term vs. long-term capital gains and the ""collectibles"" classification.",https://unchainedcrypto.com/a-69-million-nft/,unchainedcrypto.com,unchainedcrypto.com,20210312T033000,,0.241104,Somewhat-Bullish,0.646080,0.235401,Somewhat-Bullish
NVDA,Semiconductors as a shield for Taiwan?,"Taiwan's independence is significantly bolstered by its semiconductor industry, particularly Taiwan Semiconductor Manufacturing Company (TSMC). TSMC's critical role in the global supply chain for microprocessors provides Taiwan with a strategic advantage, deterring China from invasion due to potential economic repercussions and compelling the United States to protect its access to these vital technologies. The company's capabilities and importance make a military conflict over Taiwan highly costly for both China and the US, thus acting as a powerful ""silicon shield.""",https://www.aspistrategist.org.au/semiconductors-as-a-shield-for-taiwan/,The Strategist | ASPI's analysis and commentary site,The Strategist | ASPI's analysis and commentary site,20210316T002352,https://www.aspistrategist.org.au/wp-content/uploads/2021/03/waferr003_2510_7OdY_0.jpg,0.119978,Neutral,0.739236,0.125177,Neutral
NVDA,Qualcomm Completes Acquisition of NUVIA,"Qualcomm Incorporated announced the completion of its acquisition of NUVIA for $1.4 billion. This acquisition aims to enhance Qualcomm's CPU roadmap, integrating next-generation CPUs across various products including smartphones, laptops, and automotive systems. The first Qualcomm Snapdragon platforms featuring these new internally designed CPUs are expected to sample in the second half of 2022.",https://www.techpowerup.com/279808/qualcomm-completes-acquisition-of-nuvia,TechPowerUp,TechPowerUp,20210316T181200,,0.132234,Neutral,0.593629,-0.107069,Neutral
NVDA,"Fidelity Magellan ETF ETF Price, Holdings, & News (BATS:FMAG)","The Fidelity Magellan ETF (FMAG) is an actively managed, non-transparent ETF that invests in fundamentally selected firms globally, tracking the S&P 500 TR USD index. Launched in February 2021, the fund has assets under management of $266.85 million and a net expense ratio of 0.59%. Its top holdings include major tech companies like NVIDIA, Microsoft, and Amazon.com.",https://www.marketbeat.com/stocks/BATS/FMAG/,MarketBeat,MarketBeat,20210317T011023,NULL,0.255516,Somewhat-Bullish,0.741024,0.343720,Somewhat-Bullish
NVDA,Accelerate Time to Insight with Fast Streaming of Data to AI applications,"This article discusses how traditional storage methods can hinder AI workflows and introduces NetApp's EF-Series AI solution. It highlights how the EF-Series AI, integrated with NVIDIA DGX systems and BeeGFS, provides ultra-low latency and high bandwidth storage to accelerate AI applications and deep learning training, offering scalability and reliability for demanding workloads.",https://www.netapp.com/blog/ef-series-ai/,NetApp,NetApp,20210318T000959,https://www.netapp.com/media/Blog-Title_tcm19-39692.jpg?v=57235,0.333587,Somewhat-Bullish,0.898756,0.431773,Bullish
NVDA,"Google debuts A2 VMs powered by Nvidia A100 GPUs, its largest cloud instances yet","Google has announced the general availability of its new Compute Engine A2 virtual machines, powered by Nvidia's Ampere A100 Tensor Core GPUs. These A2 VMs are notable for being the first in the world to integrate up to 16 Nvidia A100 GPUs into a single instance, making them the most powerful single-node GPU offering from any public cloud provider. Designed for demanding machine learning and high-performance computing workloads, Google claims they offer significant performance improvements and cost efficiencies compared to previous generations.",https://siliconangle.com/2021/03/18/google-debuts-a2-vms-powered-nvidia-a100-gpus-largest-cloud-instances-yet/,SiliconANGLE,SiliconANGLE,20210318T001016,https://d15shllkswkct0.cloudfront.net/wp-content/blogs.dir/1/files/2021/03/pasted-image-0-800x399.png,0.309318,Somewhat-Bullish,1.000000,0.424976,Bullish
NVDA,QYLG Stock Price | Global X Nasdaq 100 Covered Call & Growth ETF,"This article provides comprehensive information about the Global X Nasdaq 100 Covered Call & Growth ETF (QYLG), including its current stock price, trading exchange (NASDAQ), and key financial metrics like dividend yield, expense ratio, and market capitalization. It also features technical analysis indicators and a list of its top holdings, offering a detailed overview for potential investors.",https://www.investing.com/etfs/qylg,Investing.com,Investing.com,20210318T084041,,0.258129,Somewhat-Bullish,0.726280,0.226071,Somewhat-Bullish
NVDA,AMD says it won't try and stop crypto miners from using its graphics cards,"AMD has announced it will not restrict cryptocurrency miners from using its graphics cards, a strategy that contrasts sharply with rival Nvidia's efforts to limit GPU processing power for mining. This decision comes as GPU demand from both gamers and miners has led to frequent shortages. Nvidia previously attempted to curb mining on its RTX 3060 GPU but accidentally released a driver that bypassed the restriction.",https://www.theblock.co/linked/98878/amd-crypto-mining-gpu-2021,The Block,The Block,20210319T234152,"https://www.tbstat.com/cdn-cgi/image/f=avif,q=50/wp/uploads/2019/10/20191022_Mining-GPU-Daily-1200x675.jpg",0.074877,Neutral,0.801729,-0.224553,Somewhat-Bearish
NVDA,"TESL Simplify Volt TSLA Revolution ETF ETF Price, Holdings, & News (NYSEARCA:VCAR)","This article provides detailed information on the TESL Simplify Volt TSLA Revolution ETF (VCAR), including its current price, key statistics, holdings, and recent news. The ETF focuses on companies involved in autonomous driving and actively manages a portfolio of global stocks, utilizing options for leveraged performance. As of March 17, 2026, VCAR was trading at $14.35, representing a 21.7% decrease since the beginning of the year, and holds a significant portion of its assets in Tesla stock.",https://www.marketbeat.com/stocks/NYSEARCA/VCAR/,MarketBeat,MarketBeat,20210320T233946,,0.083601,Neutral,0.624177,0.128424,Neutral
NVDA,WUGI Stock Price | Esoterica NextG Economy ETF,"This article provides current and historical financial data for the Esoterica NextG Economy ETF (WUGI), including its current stock price, trading ranges, dividends, and key statistics like expense ratio and market cap. It also details the ETF's holdings, with major positions in companies like Taiwan Semiconductor, NVIDIA, and Broadcom. The fund's profile highlights its investment strategy across communication services and information technology sectors.",https://www.investing.com/etfs/wugi,Investing.com,Investing.com,20210321T080848,,0.303181,Somewhat-Bullish,0.866163,0.421840,Bullish
NVDA,Intel to Spend $20 Billion on 2 New Chip Factories in Arizona. (Published 2021),"Intel's new CEO, Patrick Gelsinger, announced plans to invest $20 billion in two new chip factories in Arizona. This move signifies Intel's commitment to doubling down on chip manufacturing in the U.S. and Europe, aiming to become a major manufacturer for other companies, addressing concerns about component shortages and reliance on Asian factories. The initiative also seeks to regain Intel's footing in the competitive chip production market, where it had previously fallen behind competitors like TSMC and Samsung.",https://www.nytimes.com/2021/03/23/technology/intel-arizona-chip-factories.html,The New York Times,The New York Times,20210323T000116,https://static01.nyt.com/images/2021/04/23/business/23intel/merlin_182692149_7fe2d21b-3560-4bf6-953f-649ee24840d5-articleLarge.jpg?quality=75&auto=webp&disable=upscale,-0.039588,Neutral,0.620036,-0.104787,Neutral
NVDA,Nintendo to Use Faster Nvidia Chips in New 2021 Switch Model,"Nintendo Co. plans to incorporate an upgraded Nvidia Corp. chip with enhanced graphics and processing into a new Switch model for the year-end shopping season. This new iteration will support Nvidia’s Deep Learning Super Sampling (DLSS) technology, allowing for 4K quality visuals when docked to a TV, in addition to an OLED display upgrade. The improvements aim to deliver higher-fidelity graphics more efficiently through AI.",https://www.bloomberg.com/news/articles/2021-03-23/nintendo-to-use-new-nvidia-graphics-chip-in-2021-switch-upgrade,Bloomberg.com,Bloomberg.com,20210323T064000,,0.452211,Bullish,1.000000,0.483066,Bullish
NVDA,Nintendo to use faster Nvidia chips in new 2021 Switch model,"Nintendo plans to introduce a new Switch model for the year-end shopping season that will incorporate an upgraded Nvidia chip. This new chip will feature enhanced graphics and processing capabilities, supporting Nvidia’s Deep Learning Super Sampling (DLSS) technology. This will enable the console to display games at 4K quality when connected to a TV and will also include a better CPU and expanded memory, alongside an anticipated 7-inch OLED screen.",https://www.japantimes.co.jp/news/2021/03/24/business/corporate-business/nintendo-nvidia-switch-chip/,The Japan Times,The Japan Times,20210324T001016,https://www.japantimes.co.jp/uploads/imported_images/uploads/2021/03/np_file_77578.jpeg,0.420345,Bullish,1.000000,0.422995,Bullish
NVDA,SEC is investigating Japanese investment giant SoftBank for market manipulation,"The U.S. Securities and Exchange Commission is investigating SoftBank Group Corp. for alleged market manipulation. The investigation reportedly concerns SoftBank's role in stoking a tech stock rally in August through massive call option purchases, which generated a reported $4 billion profit. While the exact grounds for the investigation are not fully disclosed, it is tied to allegations of stock manipulation.",https://siliconangle.com/2021/03/24/sec-investigating-japanese-investment-giant-softbank-market-manipulation/,SiliconANGLE,SiliconANGLE,20210324T001017,https://d15shllkswkct0.cloudfront.net/wp-content/blogs.dir/1/files/2020/12/softbank.jpg,0.110896,Neutral,0.839092,0.261952,Somewhat-Bullish
NVDA,Why is Nvidia a better investment than Intel in a virus-hit market?,"This article compares Nvidia (NASDAQ: NVDA) and Intel (NASDAQ: INTC) as investments in a market heavily impacted by supply chain issues and increased demand for digital services. It highlights Nvidia's stronger profitability and revenue growth in the past year, driven by its GPU portfolio and expansion into data centers, making it a stronger buy recommendation despite higher relative valuation. In contrast, Intel, while still a dominant player, faces weaker guidance and an uncertain short-term outlook, with its stock viewed as a riskier investment at present.",https://news.alphastreet.com/why-nvidia-is-a-better-investment-than-intel-in-virus-hit-market/,AlphaStreet,AlphaStreet,20210324T205220,,0.125128,Neutral,1.000000,0.400020,Bullish
NVDA,"Palo Alto Networks (PANW) Stock Live Price, Chart & News","This article provides live stock price, chart, and news for Palo Alto Networks (PANW). It includes current and historical performance data, fundamental metrics, company information, and recent news headlines related to the company. The page also offers quick links to various stock-related information such as price prediction, brokers, dividends, and earnings.",https://coincodex.com/stock/PANW/,CoinCodex,CoinCodex,20210324T205714,,0.107235,Neutral,0.633690,0.043930,Neutral
NVDA,Arrow Electronics to Distribute NVIDIA’s Professional Visualization Portfolio,"Arrow Electronics has finalized an agreement with NVIDIA to distribute its professional visualization product portfolio. This partnership aims to integrate NVIDIA's high-performance visual computing solutions with Arrow's comprehensive services, including design engineering, integration, and post-support. The collaboration seeks to accelerate time to market for AI solutions in rapidly evolving sectors like product design, architecture, media, entertainment, and scientific visualization, especially amidst the shift to remote work.",https://www.eetasia.com/arrow-electronics-to-distribute-nvidias-professional-visualization-portfolio/,EE Times Asia,EE Times Asia,20210324T234243,https://www.eetasia.com/wp-content/uploads/sites/2/2021/03/NVIDIA-design-visualization-virtual-gpu-solutions-banner-2560-ud.jpg?w=600,0.423585,Bullish,0.900823,0.448453,Bullish
NVDA,China EV maker Nio halts production for 5 days on chip shortage,Chinese electric vehicle manufacturer Nio has announced a five-day halt in production due to a global shortage of semiconductor chips. This decision highlights the widespread impact of the chip scarcity on the automotive industry. Nio is one of several EV makers affected by supply chain disruptions.,https://www.autonews.com/manufacturing/china-ev-maker-nio-halts-production-5-days-chip-shortage/,Automotive News,Automotive News,20210326T075600,https://www.autonews.com/resizer/v2/ONE32THEZBFQLPQZAOS4UVOV3I.jpg?smart=true&auth=f40b51e1d689e4c3247297ffc23e46ab743d51fc86421108acc78ce201d549df&width=3000&height=1687,-0.100678,Neutral,0.649197,-0.113745,Neutral
NVDA,HUT 8 Expands Mining Capacity with $30 Million USD Purchase of NVIDIA CMPs,"Hut 8 Mining Corp. has announced a $30 million USD investment in NVIDIA CMPs to significantly boost its mining capabilities, increasing its aggregate operating rate by approximately 1600 Gigahash. This acquisition, with full deployment expected by summer 2021, aims to diversify Hut 8's revenue streams by mining alternative blockchain networks and exploring high-performance computing applications, while still receiving payouts in Bitcoin. The move strengthens Hut 8's strategy for immediate and long-term revenue growth.",https://www.newswire.ca/news-releases/hut-8-expands-mining-capacity-with-30-million-usd-purchase-of-nvidia-cmps-848451479.html,Newswire Canada,Newswire Canada,20210326T235942,https://rt.newswire.ca/rt.gif?NewsItemId=C2519&Transmission_Id=202103260730CANADANWCANADAPR_C2519&DateId=20210326,0.457885,Bullish,0.879239,0.488405,Bullish
NVDA,Miner Hut 8 Purchases $30 Million of Nvidia CMPs,"Canadian Bitcoin miner Hut 8 has purchased $30 million worth of Nvidia CMPs (GPUs) to expand its mining capabilities beyond just Bitcoin. This move allows for versatility in mining various cryptocurrencies, participation in staking and DeFi, and potential repurposing for High-Performance Computing. The purchase reflects a broader trend among miners to diversify their operations and holdings in the current bull run.",https://beincrypto.com/miner-hut-8-purchases-30-million-of-nvidia-cmps/,BeInCrypto,BeInCrypto,20210328T235942,https://assets.beincrypto.com/img/7eSaVBlo5Jl2imH0OmLrHoV8yPo%3D/smart/25a945c65c5340e3bd13bc9a1d1da42b,0.255493,Somewhat-Bullish,0.831388,0.272798,Somewhat-Bullish
NVDA,US chip giant Nvidia to recruit 600 engineers in Israel to boost AI prowess,"Nvidia, the US gaming and computer graphics giant, announced plans to hire 600 hardware and software engineers and chip designers in Israel. This recruitment drive aims to bolster the company's AI-based technologies. Following its acquisition of Mellanox Technologies, Nvidia already employs over 2,400 people across seven R&D centers in Israel, making it the company's largest R&D operation outside the US.",https://www.timesofisrael.com/us-chip-giant-nvidia-to-recruit-600-engineers-in-israel-to-boost-ai-prowess/,The Times of Israel,The Times of Israel,20210329T001016,https://static-cdn.toi-media.com/www/uploads/2021/03/-ומייסד-אנבידיה-גנסן-הואנג-קרדיט-צילום-באדיבות-אנבידיה-e1617007247895-640x400.jpg,0.237423,Somewhat-Bullish,1.000000,0.434779,Bullish
NVDA,Chip giant Nvidia set to recruit 600 new employees in Israel,"Chipmaking giant Nvidia plans to recruit 600 new employees in Israel across its local development centers, primarily for software specialization. This move follows its 2019 acquisition of Mellanox and intensifies the competition for tech talent in the country. Nvidia's Israeli development center is the largest outside the U.S., and the company is heavily involved in the local startup ecosystem.","https://www.calcalistech.com/ctech/articles/0,7340,L-3901979,00.html",CTech,CTech,20210329T001016,https://pic1.calcalist.co.il/PicServer3/2021/03/28/1069598/1NL.jpg,0.448958,Bullish,1.000000,0.427906,Bullish
NVDA,Integrating with Telephone Networks to Enable Real-Time AI Services,"Ribbon Communications, in collaboration with NVIDIA, developed a solution to analyze contact center calls in real-time using advanced AI. The Ribbon AI gateway acts as a secure bridge converting Real-time Transport Protocol (RTP) audio streams into an AI-acceptable audio format for transcription and analysis. This architecture allows businesses to dynamically control call handling using REST APIs for applications like regulatory compliance, fraud analysis, and sentiment analysis, addressing critical limitations of delayed call recording analysis.",https://developer.nvidia.com/blog/integrating-with-telephone-networks-to-enable-real-time-ai-services/,NVIDIA Developer,NVIDIA Developer,20210329T210624,,0.381377,Bullish,0.874463,0.347127,Somewhat-Bullish
NVDA,Arm unveils Armv9 architecture for its next generation of processor chips,"Arm Holdings Ltd. has introduced its new Armv9 CPU architecture, the first major update in a decade, focusing on enhanced performance and security. The architecture is optimized for specialized workloads like AI and digital signal processing, integrating Scalable Vector Expansion technology to achieve over 30% performance gains in future mobile and server chips. Armv9 also features a Confidential Compute Architecture with ""Realms"" to secure data during processing, addressing a critical need for end-to-end data security in modern computing environments.",https://siliconangle.com/2021/03/30/arm-unveils-armv9-architecture-next-generation-processor-chips/,SiliconANGLE,SiliconANGLE,20210330T001016,https://d15shllkswkct0.cloudfront.net/wp-content/blogs.dir/1/files/2021/03/2c1fa490-55a5-4696-aa59-04f5fa01aa8f.jpg,0.049051,Neutral,0.318263,0.041749,Neutral
NVDA,Arm’s v9 Architecture Explains Why Nvidia Needs To Buy It,"This article explores why Nvidia's $40 billion acquisition of Arm Holdings, initially questioned, makes strategic sense following Arm's v9 architecture announcement. The v9 architecture's focus on integrating vector math, matrix math, and digital signal processing into CPUs, alongside new security features and a ""Realms"" memory partitioning system, suggests a future where specialized, highly integrated compute on-device is paramount. Nvidia's move to acquire Arm is positioned as a bet on this evolving compute landscape, where a single, malleable architecture can support a vast array of devices from IoT to datacenters, potentially limiting the expansion of hybrid CPU-GPU models for certain workloads.",https://www.nextplatform.com/2021/03/30/arms-v9-architecture-explains-why-nvidia-needs-to-buy-it/,The Next Platform,The Next Platform,20210330T193616,,0.074032,Neutral,1.000000,0.441480,Bullish
NVDA,Volvo partners with Aurora for hub-to-hub autonomous trucking,"Volvo Group has selected Aurora as its primary technology partner for developing autonomous, hub-to-hub trucking solutions in North America, making it the last major truck manufacturer to choose such a partner. This partnership builds on previous quiet collaborations since 2018 and aims to integrate Aurora's Driver software with Volvo's technology for a ""trucking-as-a-service"" model. Aurora continues to expand its portfolio, having recently acquired Uber's Advanced Technologies Group and partnering with PACCAR.",https://www.freightwaves.com/news/volvo-partners-with-aurora-for-hub-to-hub-autonomous-trucking,FreightWaves,FreightWaves,20210330T193635,,0.280082,Somewhat-Bullish,0.597281,0.288868,Somewhat-Bullish
NVDA,What HR tools are NVIDIA using to hire 600 Israelis?,"NVIDIA is set to hire 600 new employees in Israel, increasing its headcount by 25%. Gideon Rosenberg, NVIDIA's HR leader, discusses the tools and strategies they use for recruitment, including Textio for inclusive job descriptions and LinkedIn Recruiter licenses. The company also shares its experience adapting to the pandemic, its plans for onboarding new hires, and its intention to adopt a hybrid work model post-Covid-19.","https://www.calcalistech.com/ctech/articles/0,7340,L-3902411,00.html",CTech,CTech,20210331T165300,,0.404086,Bullish,1.000000,0.415934,Bullish
NVDA,Taiwan chip giant plans big investment as rivalry intensifies,Taiwan Semiconductor Manufacturing Co (TSMC) announced plans to invest US$100 billion over the next three years to significantly expand its chip fabrication capacity. This massive investment comes as the company faces booming demand for advanced semiconductors and aims to maintain its leading position in the industry amid a global chip supply crunch. Other major players like Intel and Samsung are also heavily investing in semiconductor foundries to meet increasing demand.,https://www.scmp.com/tech/tech-war/article/3128060/tsmc-spend-us100-billion-over-three-years-grow-chip-capacity,South China Morning Post,South China Morning Post,20210402T102400,https://cdn.i-scmp.com/sites/default/files/styles/1020x680/public/d8/images/canvas/2021/04/02/5867dafc-c332-4a6b-9125-43984c051158_62fd9bbc.jpg?itok=o86NAy5R&v=1617330251,0.210905,Somewhat-Bullish,0.624787,0.117138,Neutral
NVDA,Hyundai likely to briefly halt 2nd plant; Grandeur sedan affected,"Hyundai Motor Co. plans to briefly suspend operations at its Asan plant from April 7 due to a shortage of power control units (PCUs), affecting production of Sonata and Grandeur sedans. This is the second plant suspension announced by Hyundai, following a similar halt at its Ulsan plant for issues with chips for Kona SUVs and PE modules for IONIQ 5s. The widespread disruptions highlight the automotive industry's increasing dependence on semiconductors for various vehicle technologies.",https://www.kedglobal.com/factory-suspension/newsView/ked202104050018,KED Global,KED Global,20210405T190107,https://www.kedglobal.com/data/ked/image/2021/04/05/ked202104050037.700x.0.jpg,0.08019,Neutral,0.552707,0.100501,Neutral
NVDA,Intel Launches Its Most Advanced Performance Data Center Platform,"Intel has launched its 3rd Gen Intel Xeon Scalable processors (code-named “Ice Lake”), marking its most advanced performance data center platform. These processors offer an average 46% increase in performance for popular data center workloads, alongside built-in AI acceleration and advanced security features. The platform is optimized for a broad range of applications across cloud, network, and intelligent edge environments, with significant industry adoption already underway.",https://www.intc.com/news-events/press-releases/detail/1457/intel-launches-its-most-advanced-performance-data-center,www.intc.com,www.intc.com,20210406T110000,,0.215474,Somewhat-Bullish,0.604934,0.138250,Neutral
NVDA,Good Signs for MoonShine: Animation Studio Elevates Virtual Production and Collaboration With NVIDIA Omniverse,"MoonShine Animation, a leading Taiwanese animation and VFX company, successfully adopted NVIDIA Omniverse and RTX Virtual Workstation during the COVID-19 pandemic to enable remote work and enhance virtual production. This transition allowed their artists to collaborate in real-time with photorealistic simulations, significantly reducing production costs and impressing audiences at events like CES. The integration of NVIDIA technologies streamlined their workflow, making virtual production more practical and efficient.",https://blogs.nvidia.com/blog/moonshine-animation-omniverse/,NVIDIA Blog,NVIDIA Blog,20210406T232151,https://blogs.nvidia.com/wp-content/uploads/2021/04/moonshine.jpg,0.027404,Neutral,0.333071,0.024333,Neutral
NVDA,The Alienware m15 Ryzen Edition R5 is an AMD-NVIDIA combo over a decade in the making,"The Alienware m15 Ryzen Edition R5 is announced, marking the first Alienware notebook in over a decade to combine AMD processors with NVIDIA graphics. This gaming laptop features Ryzen 5000 series CPUs and NVIDIA RTX 30-series GPUs, along with other advancements like 3200Mhz DDR4 memory and a CHERRY-based mechanical keyboard. It will be available starting April 7th in China, April 20th in the US, and May 4th globally, with select configurations beginning at $1793.98.",https://www.windowscentral.com/alienware-m15-ryzen-edition-r5-officially-announced,Windows Central,Windows Central,20210407T193539,,0.234976,Somewhat-Bullish,0.641109,0.201423,Somewhat-Bullish
NVDA,"Nvidia announces Omniverse Enterprise suite for real-time, photorealistic graphics design","Nvidia introduced Omniverse Enterprise, a new suite designed for real-time collaborative 3D design and graphics rendering. This platform enables geographically dispersed teams to work together on complex projects, leveraging photorealistic rendering and real-time ray tracing. Key components include Omniverse Nucleus, Connectors for third-party apps, and Nvidia's own Create and View applications, with companies like BMW Group and Ericsson already using it for digital twin creation and 5G network simulation.",https://siliconangle.com/2021/04/12/nvidia-announces-omniverse-enterprise-suite-photo-realistic-graphics-design-real-time/,SiliconANGLE,SiliconANGLE,20210412T120000,,0.245328,Somewhat-Bullish,1.000000,0.422048,Bullish
NVDA,"Nvidia debuts Grace, its first data center CPU for advanced AI workloads","Nvidia has launched Grace, its first Arm-based data center CPU, specifically designed to handle the demanding requirements of advanced AI workloads like natural language processing and drug discovery. Grace is intended to work in conjunction with Nvidia's GPUs to deliver significantly higher performance than current systems, and will power future supercomputers like the Alps project at the Swiss National Computing Center. The company also announced other AI initiatives, including the cloud-native DGX SuperPOD and the Jarvis conversational AI framework.",https://siliconangle.com/2021/04/12/nvidia-debuts-grace-first-data-center-cpu-advanced-ai-workloads/,SiliconANGLE,SiliconANGLE,20210412T122000,NULL,0.176275,Somewhat-Bullish,1.000000,0.410470,Bullish
NVDA,"Nvidia steps up competition with Intel and AMD with first data-center CPU, based on Arm","Nvidia introduced its first data-center CPU, named Grace, which is based on Arm technology, intensifying its competition with Intel and AMD in the artificial-intelligence market. This move comes as Nvidia awaits approval for its $40 billion acquisition of Arm Holdings PLC, demonstrating its strategy for future AI business. The new CPU bundle for servers enters a market traditionally dominated by Intel and AMD.",https://www.marketwatch.com/story/nvidia-steps-up-competition-with-intel-and-amd-with-first-data-center-cpu-based-on-arm-11618246263?gaa_at=eafs&gaa_n=AWEtsqdPo-mcpnOQdo6vXlHd_8UA9BQn9WOUbujp7Z0Wq0D1UC3XWm43AISO&gaa_ts=6907c309&gaa_sig=xKsE4FmBo8PCjP2MTulluMQ1rLo6IzYFkvYcbwEk9BU77sA15m3izITuNRLhR2bBY6KWMKg1-hfJWhgKOPpQDg%3D%3D,MarketWatch,MarketWatch,20210412T125000,,0.112737,Neutral,1.000000,0.424077,Bullish
NVDA,"Nvidia steps up competition with Intel and AMD with first data-center CPU, based on Arm","Nvidia introduced its first data-center CPU, named Grace, which is based on Arm technology, intensifying its competition with Intel and AMD in the artificial intelligence and data-center market. This move comes as Nvidia awaits approval for its $40 billion acquisition of Arm Holdings PLC, showcasing its strategy to leverage licensed technology for future AI business. The new CPU, announced at Nvidia's annual GTC developers conference, aims to challenge the dominance of Intel and AMD in the server CPU space.",https://www.marketwatch.com/story/nvidia-steps-up-competition-with-intel-and-amd-with-first-data-center-cpu-based-on-arm-11618246263?gaa_at=eafs&gaa_n=AWEtsqf-kdjHd--7qtVKYMLuE81kSEk-ZYxp8TDQaD7V856m16eeLU0Ch-Il&gaa_ts=6907b5da&gaa_sig=foEfAv3Vuahci8txU906Q8JSiXqKgdzcjzfdO4lYBG7nh0GHykeXBRqsytprWo7KXCWYzldWiQZP3uxQysL24g%3D%3D,MarketWatch,MarketWatch,20210412T125000,,0.205182,Somewhat-Bullish,0.944264,0.437333,Bullish
NVDA,"Nvidia steps up competition with Intel and AMD with first data-center CPU, based on Arm","Nvidia introduced its first data-center CPU, named Grace, based on Arm technology, aiming to intensify its competition with Intel and AMD in the artificial-intelligence market. This move signals Nvidia's commitment to the chip-making sector, leveraging technology from its acquisition target, Arm Holdings PLC, to tap into the growing AI business. The announcement was made during Nvidia’s annual GTC developers conference by CEO Jensen Huang.",https://www.marketwatch.com/story/nvidia-steps-up-competition-with-intel-and-amd-with-first-data-center-cpu-based-on-arm-11618246263?gaa_at=eafs&gaa_n=AWEtsqeMkx_oZ6RZntNC0ZNJLaBIeau8kw9HbGeU49Mu7G-axBI03yXcSuT8&gaa_ts=6907b5e7&gaa_sig=YsaM9ac08uFY7UHBxsmHzrV1Q8GqWNwT4Mvvi3F_X_7BfGzpTimETplnxWwTDINST-JSP-MKOD-QfwuWC8xrGA%3D%3D,MarketWatch,MarketWatch,20210412T125000,,-0.063149,Neutral,0.965691,0.344944,Somewhat-Bullish
NVDA,Nvidia to directly challenge Intel with Arm-based 'Grace' server chip,"Nvidia Corp announced its plan to develop an Arm-based server processor chip called ""Grace,"" directly challenging Intel in the data center market. This move intensifies competition with Intel and adds complexity to the antitrust review of Nvidia's $40 billion acquisition of Arm. The new server chip, expected in 2023, is designed for artificial intelligence algorithms, further solidifying Nvidia's focus on AI computing.",https://www.reuters.com/technology/nvidia-directly-challenge-intel-with-arm-based-grace-server-chip-2021-04-12/,Reuters,Reuters,20210412T173100,https://www.reuters.com/resizer/v2/https%3A%2F%2Fcloudfront-us-east-2.images.arcpublishing.com%2Freuters%2FBXFKDXXQWNP4RBYBDB73Y23T5M.jpg?auth=d28d022b72458e0be2cbff501099ee063dcd2f3dbf5b13aa421e427d11756592&width=1200&height=628&format=jpeg&quality=85&smart=true,0.076632,Neutral,0.875765,0.318532,Somewhat-Bullish
NVDA,"Swiss National Supercomputing Centre, Hewlett Packard Enterprise and NVIDIA Announce World’s Most Powerful AI-Capable Supercomputer","The Swiss National Supercomputing Centre (CSCS), Hewlett Packard Enterprise (HPE), and NVIDIA announced the creation of ""Alps,"" which is expected to be the world's most powerful AI-capable supercomputer when it comes online in 2023. This system will replace CSCS’s existing Piz Daint supercomputer and serve a broad community of researchers, offering 7x faster AI capabilities than current leading systems. Alps will be built by HPE using the new HPE Cray EX supercomputer product line, featuring NVIDIA HGX supercomputing platform including NVIDIA GPUs and the new Arm-based NVIDIA Grace CPU, enabling breakthrough research across various scientific fields.",https://nvidianews.nvidia.com/news/swiss-national-supercomputing-centre-hewlett-packard-enterprise-and-nvidia-announce-worlds-most-powerful-ai-capable-supercomputer,NVIDIA Newsroom,NVIDIA Newsroom,20210412T202743,,0.446183,Bullish,0.919472,0.439909,Bullish
NVDA,NVIDIA and Global Computer Makers Launch Industry-Standard Enterprise Server Platforms for AI,"NVIDIA introduced new NVIDIA-Certified Systems designed to bring AI capabilities to organizations using industry-standard enterprise data center infrastructure. These systems, featuring NVIDIA AI Enterprise software certified for VMware vSphere 7, allow businesses to run virtualized AI applications on existing servers. The launch includes new NVIDIA A30 and A10 GPUs to support mainstream AI and graphics workloads, with computer makers like Atos, Dell Technologies, and Supermicro offering these NVIDIA EGX platform-enabled servers.",https://nvidianews.nvidia.com/news/nvidia-and-global-computer-makers-launch-industry-standard-enterprise-server-platforms-for-ai,NVIDIA Newsroom,NVIDIA Newsroom,20210412T205218,,0.009182,Neutral,0.314806,0.029567,Neutral
NVDA,NVIDIA Announces CPU for Giant AI and High Performance Computing Workloads,"NVIDIA has announced its first data center CPU, Grace, an Arm-based processor designed to deliver 10x the performance of today’s fastest servers for complex AI and high-performance computing workloads. This specialized processor targets advanced applications with enormous datasets and massive memory requirements, making NVIDIA a ""three-chip company"" alongside its GPUs and DPUs. The Swiss National Supercomputing Centre and Los Alamos National Laboratory are among the first to plan Grace-powered supercomputers, expected online in 2023.",https://nvidianews.nvidia.com/news/nvidia-announces-cpu-for-giant-ai-and-high-performance-computing-workloads,NVIDIA Newsroom,NVIDIA Newsroom,20210412T205219,,0.284088,Somewhat-Bullish,1.000000,0.467238,Bullish
NVDA,NVIDIA Partners with Schrödinger to Further Accelerate Drug Discovery Worldwide,"NVIDIA is partnering with Schrödinger to accelerate drug discovery by integrating Schrödinger's computational platform with NVIDIA DGX SuperPOD systems and NVIDIA Clara Discovery. This collaboration aims to enhance the speed and accuracy of evaluating billions of molecules for therapeutics, making advanced drug discovery tools accessible to the entire pharmaceutical industry, from startups to multinational corporations. The initiative will leverage NVIDIA's GPU technology to optimize Schrödinger's physics-based modeling and machine learning capabilities.",https://nvidianews.nvidia.com/news/nvidia-partners-with-schrodinger-to-further-accelerate-drug-discovery-worldwide,NVIDIA Newsroom,NVIDIA Newsroom,20210412T211148,,0.423279,Bullish,0.911246,0.426157,Bullish
NVDA,"Impact Shares NAACP Minority Empowerment ETF (NACP) Stock Price, Quote, News & History","This article provides detailed financial information, news, and historical data for the Impact Shares NAACP Minority Empowerment ETF (NACP). It includes key statistics like AUM, dividend, volume, and P/E ratio, along with recent news and a FAQ section covering how to buy, competitors, and dividend information. The ETF focuses on investing in large and mid-capitalization companies that empower minorities, aiming for similar risk and return characteristics to the Morningstar US Large-Mid Cap Index.",https://www.benzinga.com/quote/NACP,Benzinga,Benzinga,20210412T214816,https://image-util.benzinga.com/api/v2/logos/file/image/1722388/mark_composite_light__629c4e9f3ca4c5e5590b88b7c916f5bb.png?height=60&max_width=&width=60&x-bz-cred=sb~wxmlEtLqp6f7KBc6jCo3DSlLWfPXI5GMePhdDugklRxger05o7NmWrSQuIixtRl44ULyN5Rpw1LzI7Y1um5O1ve-nfDxoD5hth8xNT2UbY1mQi82Bmhrd7j019MbGYYxHy8cnp0YijGsvzmErFPxSo9-W-Ux&x-bz-exp=1776981014&x-bz-security-isin=&x-bz-security-symbol=NACP&x-bz-signature=feacaa0a1f7c31e76a0896399cfc925e37d50645d05564b36f76187a662fbd6e,0.086278,Neutral,0.607468,0.328040,Somewhat-Bullish
NVDA,"The future of work, phase two: what to expect","Cisco leaders and customers discuss the future of work, emphasizing how cloud technology, improved communication, and hybrid models will shape a more flexible, inclusive, and secure environment. The pandemic accelerated the adoption of these changes, highlighting the importance of digital agility, employee well-being, and seamless, secure collaborative experiences for businesses, education, and healthcare.",https://newsroom.cisco.com/c/r/newsroom/en/us/a/y2021/m04/the-future-of-work-phase-two.html,Cisco Newsroom,Cisco Newsroom,20210412T230018,https://newsroom.cisco.com/c/dam/r/newsroom/en/us/migrated-assets/cio-wroundtable-wrap-up-feature_800x450_thumb_040621-gif-2152474-1-0.gif,0.328618,Somewhat-Bullish,0.626306,0.339397,Somewhat-Bullish
NVDA,"Nvidia Reveals Arm-Based Data Center CPU To Take On Intel, AMD","Nvidia has unveiled Grace, an Arm-based data center CPU designed to compete with Intel and AMD in AI and high-performance computing. Grace, expected in early 2023, promises 10 times faster AI performance than AMD's EPYC CPUs and is a key component of Nvidia's expanded data center strategy, which now includes GPUs, DPUs, and CPUs. This move comes as Nvidia progresses with its acquisition of Arm and aims to provide an optimal architecture for trillion-parameter AI models.",https://www.crn.com/news/components-peripherals/nvidia-reveals-arm-based-data-center-cpu-to-take-on-intel-amd,CRN,CRN,20210412T231110,,-0.01497,Neutral,1.000000,0.472421,Bullish
NVDA,"Cisco, Salesforce take top 2 spots in Fortune's 2021 Best Companies to Work For list","Cisco and Salesforce secured the top two positions on Fortune's 2021 Best Companies to Work For list. Despite narratives of an exodus from the Bay Area, nearly 20% of the companies recognized on Fortune's list for 2021 are headquartered in the region. Intuit, headquartered in Mountain View, also made it to the list at the No. 11 spot.",https://www.bizjournals.com/sanjose/news/2021/04/12/fortune-best-places-to-work.html,The Business Journals,The Business Journals,20210412T231314,https://media.bizj.us/view/img/10459570/intuit-12-071217*900xx5500-3094-0-287.jpg,0.387641,Bullish,0.636023,0.333305,Somewhat-Bullish
NVDA,Lloyds Shares: Dividend Outlook for 2022 and 2023,"This article examines the dividend outlook for Lloyds shares for 2022 and 2023, analyzing its recent share price performance and future dividend payments. It details the interim 2022 dividend and predicts the final 2022 dividend's ex-dividend and payment dates, along with implications for investors. The article also provides historical dividend data and context regarding the PRA's previous directive to suspend bank dividends during the pandemic.",https://www.ig.com/uk/news-and-trade-ideas/lloyds-share-price--implications-of-the-upcoming-ex-dividend-dat-210413,IG,IG,20210412T231731,https://a.c-dn.net/c/content/dam/publicsites/igcom/uk/images/news-article-image-folder/BG_lloyds_bank_987987844.jpg/jcr:content/renditions/original-size.webp,0.215942,Somewhat-Bullish,0.636256,0.309876,Somewhat-Bullish
NVDA,NVIDIA Extends Data Center Infrastructure Processing Roadmap with BlueField-3,"NVIDIA announced its next-generation data processing unit (DPU), BlueField-3, designed to provide advanced software-defined networking, storage, and cybersecurity acceleration for data centers. Optimized for AI and cloud-native environments, BlueField-3 offloads up to 300 CPU cores worth of infrastructure services, creating ""zero-trust"" environments. The DPU is supported by the NVIDIA DOCA SDK and is being integrated by major server manufacturers and cloud service providers.",https://nvidianews.nvidia.com/news/nvidia-extends-data-center-infrastructure-processing-roadmap-with-bluefield-3,NVIDIA Newsroom,NVIDIA Newsroom,20210412T232150,https://s3.amazonaws.com/cms.ipressroom.com/219/files/202104/60747121ed6ae5012eda8d7e_de1fc5a3-5999-45a8-9992-06161078ff8/de1fc5a3-5999-45a8-9992-06161078ff8_mid.jpg,0.355125,Bullish,1.000000,0.431559,Bullish
NVDA,"NVIDIA Unveils NVIDIA DRIVE Atlan, an AI Data Center on Wheels for Next-Gen Autonomous Vehicles","NVIDIA has unveiled NVIDIA DRIVE Atlan, its next-generation AI-enabled processor for autonomous vehicles, designed to deliver over 1,000 trillion operations per second (TOPS) for automakers' 2025 models. This system-on-a-chip integrates AI and software with advanced computing, networking, and security, including an NVIDIA BlueField DPU for data-center-grade security. DRIVE Atlan will provide robust compute capabilities for software-defined, upgradeable vehicles and extends NVIDIA's DRIVE family alongside existing Xavier and Orin processors.",https://nvidianews.nvidia.com/news/nvidia-unveils-nvidia-drive-atlan-an-ai-data-center-on-wheels-fornext-gen-autonomous-vehicles,NVIDIA Newsroom,NVIDIA Newsroom,20210412T232150,https://s3.amazonaws.com/cms.ipressroom.com/219/files/202104/60747ccaed6ae52fda15d982_af15daf8-40c4-4c4d-9fab-ae451f373ea/af15daf8-40c4-4c4d-9fab-ae451f373ea_mid.jpg,0.833031,Bullish,1.000000,0.829051,Bullish
NVDA,"NVIDIA Announces New DGX SuperPOD, the First Cloud-Native, Multi-Tenant Supercomputer, Opening World of AI to Enterprise","NVIDIA has unveiled the new DGX SuperPOD, a cloud-native, multi-tenant AI supercomputer incorporating NVIDIA BlueField-2 DPUs for enhanced security and performance. This system, along with NVIDIA Base Command software, allows enterprises to securely share and operate their AI infrastructure for diverse applications like conversational AI, drug discovery, and autonomous vehicles. NVIDIA also introduced a subscription offering for the DGX Station A100, aiming to make AI development more accessible to a broader range of businesses and research institutions.",https://nvidianews.nvidia.com/news/nvidia-announces-new-dgx-superpod-the-first-cloud-native-multi-tenant-supercomputer-opening-world-of-ai-to-enterprise,NVIDIA Newsroom,NVIDIA Newsroom,20210412T232150,https://s3.amazonaws.com/cms.ipressroom.com/219/files/202104/60747112ed6ae5012eda8d79_297e12c0-01d5-41b0-9213-dcb7f5829bc/297e12c0-01d5-41b0-9213-dcb7f5829bc_mid.jpg,0.367691,Bullish,1.000000,0.460239,Bullish
NVDA,NVIDIA Launches Omniverse Design Collaboration and Simulation Platform for Enterprises,"NVIDIA has announced the general availability of NVIDIA Omniverse Enterprise, a platform enabling global 3D design teams to collaborate in real-time within a shared virtual space. This platform facilitates seamless work on complex projects for geographically dispersed teams, eliminating the need for in-person meetings or file exchanges. Major companies like BMW Group, Foster + Partners, and WPP are already leveraging Omniverse Enterprise for applications ranging from factory digital twins to virtual ad production, highlighting its transformative potential across various industries.",https://nvidianews.nvidia.com/news/nvidia-launches-omniverse-design-collaboration-and-simulation-platform-for-enterprises,NVIDIA Newsroom,NVIDIA Newsroom,20210412T232150,https://s3.amazonaws.com/cms.ipressroom.com/219/files/202104/60746c5eed6ae559e7be91d5_69a44861-2fe0-44a7-8d57-2d8b1dc954b/69a44861-2fe0-44a7-8d57-2d8b1dc954b_mid.jpg,0.189039,Somewhat-Bullish,1.000000,0.479642,Bullish
NVDA,Top Robotaxi Companies Hail Rides on NVIDIA DRIVE,"NVIDIA's CEO Jensen Huang announced at GTC that several leading robotaxi companies, including Cruise, Zoox, DiDi, Oxbotica, Pony.ai, and AutoX, are developing their Level 4/5 autonomous systems using the NVIDIA DRIVE platform. The article emphasizes the significant opportunity for robotaxis to transform transportation by providing safer and more efficient mobility services, projecting that they could account for over 5% of global vehicle miles traveled by 2030. These companies leverage NVIDIA's high-performance, end-to-end AI compute capabilities to manage the immense data and software complexity required for fully autonomous operations.",https://blogs.nvidia.com/blog/robotaxi-companies-hail-rides-nvidia-drive/,NVIDIA Blog,NVIDIA Blog,20210412T232151,https://blogs.nvidia.com/wp-content/uploads/2021/04/robotaxi_blog.jpg,0.406369,Bullish,1.000000,0.473280,Bullish
NVDA,"Drug Discovery Gets Jolt of AI via NVIDIA Collaborations with AstraZeneca, U of Florida Health","NVIDIA is collaborating with AstraZeneca and UF Health on AI research projects using transformer neural networks to accelerate drug discovery. AstraZeneca is developing a generative AI model for chemical structures with NVIDIA's Cambridge-1 supercomputer, while UF Health is using NVIDIA’s Megatron framework to create GatorTron, a large clinical language model. These initiatives, along with new NGC applications and partnerships, aim to leverage AI and supercomputing to speed up pharmaceutical research and medical innovation.",https://blogs.nvidia.com/blog/ai-drug-discovery-astrazeneca-university-florida-health/,NVIDIA Blog,NVIDIA Blog,20210412T232151,https://blogs.nvidia.com/wp-content/uploads/2021/04/hc-gtc21-astra-zen-uf-announcement-blog-header-1260x680-r4.jpg,0.034028,Neutral,0.300711,0.011134,Neutral
NVDA,"Volvo Cars, Zoox, SAIC and More Join Growing Range of Autonomous Vehicle Makers Using New NVIDIA DRIVE Solutions","NVIDIA announced that its NVIDIA DRIVE solutions are being adopted by a growing number of leading transportation companies, including Volvo Cars, Zoox, and SAIC, for next-generation AI-based autonomous vehicles. The company's design-win pipeline for NVIDIA DRIVE now exceeds $8 billion over the next six years, covering various vehicle types from cars to robotaxis and new energy vehicles. Volvo Cars will use NVIDIA DRIVE Orin in its upcoming XC90, while other companies like Zoox, DiDi, Faraday Future, VinFast, Nio, Li Auto, Xpeng, Navistar, FAW, and Volvo Autonomous Solutions are also integrating NVIDIA DRIVE for advanced autonomous capabilities in their vehicles.",https://nvidianews.nvidia.com/news/volvo-cars-zoox-saic-and-more-join-growing-range-of-autonomous-vehicle-makers-using-new-nvidia-drive-solutions,NVIDIA Newsroom,NVIDIA Newsroom,20210412T232151,https://s3.amazonaws.com/cms.ipressroom.com/219/files/202104/60747f30ed6ae57acb7e52ee_e2d400d7-9307-48a2-a3bc-fbe0362d746/e2d400d7-9307-48a2-a3bc-fbe0362d746_mid.jpg,0.415561,Bullish,1.000000,0.415565,Bullish
NVDA,"NVIDIA CEO Introduces Software, Silicon, Supercomputers ‘for the Da Vincis of Our Time’","NVIDIA CEO Jensen Huang unveiled a comprehensive vision for the future at GTC, highlighting advancements in AI, automotive, robotics, and virtual worlds. He introduced new hardware like the Grace data center CPU, BlueField-3 DPU, and NVIDIA Atlan for automotive, alongside significant software developments such as NVIDIA AI, Omniverse, and various AI acceleration libraries. Huang emphasized NVIDIA's evolution into a computing platform company offering solutions across GPUs, CPUs, and DPUs, and a robust software ecosystem to empower researchers and enterprises.",https://blogs.nvidia.com/blog/gtc-keynote/?ncid=so-yout-499822,NVIDIA Blog,NVIDIA Blog,20210412T232151,https://blogs.nvidia.com/wp-content/uploads/2021/04/NVIDIA-CEO-Jensen-Huang-GTC21-Keynote.jpg,0.338241,Somewhat-Bullish,1.000000,0.829671,Bullish
NVDA,NVIDIA Launches Morpheus to Bring AI-Driven Automation to Cybersecurity Industry,"NVIDIA has introduced Morpheus, an AI-driven application framework designed to enhance cybersecurity by providing accelerated AI capabilities for real-time threat detection and prevention. This framework, powered by NVIDIA GPUs and BlueField DPUs, enables comprehensive monitoring of data center transactions and allows organizations to analyze all network packets at line-rate speed. Morpheus aims to help cybersecurity providers develop AI solutions that can instantly detect and eliminate sophisticated cyber breaches, collaborating with industry leaders to integrate these advanced offerings.",https://nvidianews.nvidia.com/news/nvidia-launches-morpheus-to-bring-ai-driven-automation-to-cybersecurity-industry,NVIDIA Newsroom,NVIDIA Newsroom,20210412T232151,https://s3.amazonaws.com/cms.ipressroom.com/219/files/202104/6074781aed6ae571d7f747f5_bd2502ec-3f32-48ed-a845-937fcbf63e1/bd2502ec-3f32-48ed-a845-937fcbf63e1_mid.jpg,0.306432,Somewhat-Bullish,1.000000,0.499853,Bullish
NVDA,An Engine of Innovation: Sony Levels Up for the AI Era,"Sony is significantly enhancing its AI capabilities by installing an NVIDIA DGX SuperPOD in its R&D Center to accelerate machine learning efforts across its diverse product portfolio. This move allows internal developers to focus on AI innovation without cloud cost concerns, leading to faster training times for advanced applications like super-resolution imaging. Sony is leveraging NVIDIA's hardware and software, including NGC containers and CUDA, to power its AI pipeline for products ranging from smartphones and robotics to imaging chips and professional drones.",https://blogs.nvidia.com/blog/sony-ai-dgx-superpod/,NVIDIA Blog,NVIDIA Blog,20210412T233057,https://blogs.nvidia.com//wp-content/uploads/2021/04/Sony-logo-on-blue-Web-x1280.jpg,0.389743,Bullish,0.903257,0.305748,Somewhat-Bullish
NVDA,Data processing units accelerate infrastructure performance,"Data processing units (DPUs) are emerging as a critical technology in data centers, offloading networking and communication tasks from CPUs to enhance infrastructure performance. This article explains how DPUs work, highlights key vendors like Fungible, Nvidia, AWS, and Nebulon, and discusses their role in software-defined infrastructure and future enterprise adoption.",https://www.techtarget.com/searchdatacenter/feature/Data-processing-units-accelerate-infrastructure-performance,TechTarget,TechTarget,20210413T212710,,0.17275,Somewhat-Bullish,0.867706,0.426087,Bullish
NVDA,"NVIDIA, BMW Blend Reality, Virtual Worlds to Demonstrate Factory of the Future","NVIDIA and BMW are collaborating to create future factories using digital twins and NVIDIA Omniverse Enterprise. This technology enables global 3D design teams to work together in a shared virtual space, integrating AI, robotics, and edge computing. The collaboration aims to revolutionize manufacturing processes by improving planning efficiency, worker ergonomics, and robotic automation, ultimately reducing planning times by 30%.",https://blogs.nvidia.com/blog/nvidia-bmw-factory-future/,NVIDIA Blog,NVIDIA Blog,20210413T232151,https://blogs.nvidia.com/wp-content/uploads/2021/04/FoF-Factory-Floor-1.png,0.329885,Somewhat-Bullish,1.000000,0.499164,Bullish
NVDA,Synopsys Tackles SoC Design with Unified Circuit Simulation Flow,"Synopsys has launched PrimeSim Continuum, a unified circuit simulation workflow designed to address the increasing complexity and scale of heterogeneous System-on-Chip (SoC) designs across various applications. This all-in-one solution integrates multiple simulation engines including PrimeSim SPICE, PrimeSim Pro, PrimeSim HSPICE, and PrimeSim XA, providing a seamless simulation experience with improved productivity and ease of use. PrimeSim Continuum leverages next-generation architectures and heterogeneous computing to optimize resource utilization, aiming to reduce verification times from days to hours, as demonstrated by early access customers like Kioxia and partners like Samsung and Nvidia.",https://www.eetimes.com/synopsys-tackles-soc-design-with-unified-circuit-simulation-flow/,EE Times,EE Times,20210420T233042,https://i0.wp.com/eetimes.com/wp-content/uploads/Synopsys-PrimeSim_Continuum-addressing-complexity.jpg?resize=640%2C360&ssl=1,0.21669,Somewhat-Bullish,0.819685,0.267971,Somewhat-Bullish
NVDA,"NVIDIA Sets AI Inference Records, Introduces A30 and A10 GPUs for Enterprise Servers","NVIDIA announced its AI inference platform, featuring new A30 and A10 GPUs for mainstream servers, has achieved record-setting performance in all MLPerf benchmark categories. These GPUs offer high performance and low power consumption for enterprise AI inference, training, graphics, and traditional computing workloads, with major server manufacturers expected to integrate them soon. The platform's success highlights NVIDIA's commitment to democratizing AI, extended by its software stack and Multi-Instance GPU capability.",https://nvidianews.nvidia.com/news/nvidia-sets-ai-inference-records-introduces-a30-and-a10-gpus-for-enterprise-servers,NVIDIA Newsroom,NVIDIA Newsroom,20210421T231110,https://s3.amazonaws.com/cms.ipressroom.com/219/files/202104/60805aabed6ae54a31d7f729_fdc04008-7dca-4be5-92ee-d18e7d16153/fdc04008-7dca-4be5-92ee-d18e7d16153_mid.jpg,0.272778,Somewhat-Bullish,1.000000,0.493922,Bullish
NVDA,Cultivating AI: AgTech Industry Taps NVIDIA GPUs to Protect the Planet,"The agricultural technology (AgTech) industry is increasingly using NVIDIA GPUs to tackle critical environmental and agricultural challenges. Startups and researchers are deploying AI-powered solutions, from protecting bee colonies from parasites and preventing crop diseases like citrus greening, to reducing chemical use through precision spraying and improving dairy farm efficiency. This move demonstrates a significant positive social impact, leveraging AI to address issues ranging from food security to environmental sustainability.",https://blogs.nvidia.com/blog/agtech-industry-taps-nvidia-gpus-to-protect-the-planet/,NVIDIA Blog,NVIDIA Blog,20210422T232151,https://blogs.nvidia.com/wp-content/uploads/2021/04/sunflower.jpg,0.04268,Neutral,0.348236,0.042338,Neutral
NVDA,Leaked tests show Nvidia's CMP 40HX mining card performing close to an RTX 3060,"Nvidia's CMP 40HX mining card is reportedly performing close to an RTX 3060 in leaked tests. Asus was able to optimize the card's hash rate for Ethereum mining to over 43 MH/s, a significant increase from the advertised 36 MH/s. This improved performance, combined with a projected retail price of around $699, might encourage miners to purchase the CMP 40HX instead of the consumer-geared RTX 3060, leaving more RTX 3060 cards available for gamers.",https://www.techspot.com/news/89449-leaked-tests-show-nvidia-cmp-40hx-mining-card.html,TechSpot,TechSpot,20210426T231130,https://www.techspot.com/images2/news/bigimage/2021/04/2021-04-26-image-18.jpg,0.098452,Neutral,0.924239,0.347156,Somewhat-Bullish
NVDA,"Arm details new data center chips, says Oracle, Alibaba will use them","Arm Ltd revealed new details about its next-generation data center technology, with its ""N2"" Neoverse computing cores expected to be about 40% faster and ""V1"" cores 50% faster than previous methods for AI tasks. Oracle Corp and Alibaba Group Holding are set to use these new Arm-based chips, signaling a growing push into the data center processor market long dominated by Intel and AMD. This move is seen as crucial for Nvidia Corp's $40 billion acquisition of Arm, which is currently under national security review.",https://www.reuters.com/technology/arm-details-new-data-center-chips-says-oracle-alibaba-will-use-them-2021-04-27/,Reuters,Reuters,20210427T130600,https://www.reuters.com/resizer/v2/https://cloudfront-us-east-2.images.arcpublishing.com/reuters/YQ4J3P32XRL4XNAJ6O56CEXQXM.JPG?auth=d991b3ecb53cd864f1d41870bb1412b1897d264627d3b94a287df5d45d315f60&width=1200&height=628&smart=true,0.172994,Somewhat-Bullish,0.830377,0.262835,Somewhat-Bullish
NVDA,Intel vs Advanced Micro Devices (AMD),"This article analyzes the long-standing rivalry between Intel and AMD, comparing their historical market dominance, recent performance, financial health, and future outlook. It highlights AMD's recent surge due to TSMC's advanced chip manufacturing, challenging Intel's traditional leadership. The author concludes by positioning AMD as a growth play and Intel as a value play, considering potential comebacks and ongoing industry challenges like chip shortages.",https://drwealth.com/intel-vs-amd/,Dr Wealth,Dr Wealth,20210427T193539,,0.052999,Neutral,0.576275,0.054927,Neutral
NVDA,Arm Puts Some Muscle Into Future Neoverse Server CPU Designs,"Arm is unveiling details about its future Neoverse V1 (""Zeus"") and N2 (""Perseus"") server CPU designs, aimed at the datacenter and edge. The V1 core is designed for high-performance computing and enterprise workloads, offering significantly better single-threaded integer performance than its predecessor, while the N2 core optimizes for performance per dollar and watt, targeting mainstream infrastructure servers. These new designs, based on the upcoming Armv9-A architecture, highlight Arm's continued push into the server market with tailored solutions.",https://www.nextplatform.com/2021/04/27/arm-puts-some-muscle-into-future-neoverse-server-cpu-designs/,The Next Platform,The Next Platform,20210427T225253,https://www.nextplatform.com/wp-content/uploads/2020/09/arm-neoverse-chip-logo-777x438.jpg,0.265562,Somewhat-Bullish,0.620734,0.246301,Somewhat-Bullish
NVDA,Apple Finally Feels the Effects of the Global Chip Shortage,"Apple Inc. reported strong revenue and record sales in its latest quarter, but warned that the global chip shortage is beginning to impact its business. Executives stated that supply constraints would specifically affect iPad and Mac sales, potentially reducing third-quarter revenue by $3 billion to $4 billion. This marks the first significant impact of the chip shortage on Apple's previously resilient production.",https://www.bloomberg.com/news/articles/2021-04-29/apple-finally-feels-the-global-semiconductor-shortage,Bloomberg.com,Bloomberg.com,20210429T225018,,0.052231,Neutral,0.635524,0.143000,Neutral
NVDA,Crypto ETF | Invest in the Crypto Revolution,"VanEck offers a Crypto ETF (VanEck Blockchain and Crypto Innovators UCITS ETF) designed for investors looking to gain diversified exposure to the rapidly growing blockchain ecosystem. This ETF provides a pure-play approach by investing in companies driving the crypto evolution across various sectors like payment gateways, hardware, exchanges, crypto miners, and blockchain services. The article details the ETF's specifications, rationale for investing, and potential risks associated with the asset class.",https://www.vaneck.com/es/en/crypto-etf/,VanEck,VanEck,20210430T200225,,0.217242,Somewhat-Bullish,0.585976,0.225171,Somewhat-Bullish
NVDA,Crypto ETF | Invest in the Crypto Revolution,"The VanEck Crypto ETF (VanEck Blockchain and Crypto Innovators UCITS ETF) offers investors a diversified and pure-play approach to invest in the rapidly growing blockchain ecosystem. It targets companies involved in various sectors like payment gateways, hardware, exchanges, crypto mining, crypto holding/trading, blockchain patents/services, and banking/asset management. The ETF focuses on liquid, innovative companies worldwide with a dynamic composition reviewed quarterly, while also highlighting the inherent risks associated with such investments, including liquidity, limited diversification, and risks related to smaller companies.",https://www.vaneck.com/dk/en/crypto-etf/,VanEck,VanEck,20210430T233611,https://www.vaneck.com/globalassets/home/ucits/theme/digital-assets/blockchain-companies/crypto-etf-fund-overview.webp,0.177564,Somewhat-Bullish,0.646172,0.225754,Somewhat-Bullish
NVDA,"Aptorum Group (APM) Stock Live Price, Chart & News","This article provides a real-time overview of Aptorum Group (APM) stock performance, including its live price, historical chart, and key financial data. It details the company's profile as a pharmaceutical firm developing therapeutic and diagnostic technologies, with operations in both therapeutics and non-therapeutics segments. The report also includes recent news headlines related to Aptorum Group's stock.",https://coincodex.com/stock/APM/,CoinCodex,CoinCodex,20210502T110903,https://imagedelivery.net/4-5JC1r3VHAXpnrwWHBHRQ/7d450a71-8f85-44b2-51fc-13641eb39800/coin64,-0.163852,Somewhat-Bearish,0.586742,-0.325132,Somewhat-Bearish
NVDA,Apple’s new M1 chip creates a competitive advantage,"Apple has introduced new iMacs and iPad Pros featuring its M1 chip, allowing the company to control its entire technology stack and gain a competitive advantage. This strategy insulates Apple from the global chip shortage affecting other manufacturers reliant on third-party semiconductors. Experts like Richard Barnett highlight that Apple's approach contrasts sharply with the challenges faced by automotive, consumer electronics, and medical device industries.",https://www.digitaljournal.com/tech-science/apples-new-m1-chip-creates-a-competitive-advantage/article,Digital Journal,Digital Journal,20210502T192605,,0.088474,Neutral,0.638178,-0.126552,Neutral
NVDA,SP Funds S&P 500 Sharia Industry Exclusions ETF (SPUS) holdings,"This article details the holdings and key characteristics of the SP Funds S&P 500 Sharia Industry Exclusions ETF (SPUS). It lists the top 10 holdings, sector weightings, and provides an ETF summary including net assets, yield, and index composition. The fund invests in constituents of the S&P 500 Shariah Index, excluding specific sub-industries like Aerospace & Defense and Financial Exchanges.",https://uk.finance.yahoo.com/quote/SPUS/holdings/,Yahoo Finance UK,Yahoo Finance UK,20210502T204145,,0.037636,Neutral,0.943367,0.026815,Neutral
NVDA,Intel to Spend USD $3.5 Billion to Upgrade New Mexico Factory; More Exciting Chips Soon?,"Intel plans to invest $3.5 billion to upgrade its New Mexico factory, aiming to boost domestic chip manufacturing and address the global semiconductor shortage. This move is also a strategic response to competitors like AMD, enabling potentially lower chip costs and increased availability of upcoming products such as the 12th Gen Alder Lake processors and a powerful gaming-grade Xe-HPG graphics card. Intel's investment signals a push towards innovation and expanded in-house production, including custom chips for third-party clients.",https://www.techtimes.com/articles/259809/20210503/intel-3-billion-usd-manufacturing-upgrade.htm,Tech Times,Tech Times,20210503T222452,https://d.techtimes.com/en/full/384719/intel-hq.jpg?w=836&f=28793a0a135d584df6c9572c69005c2c,0.281095,Somewhat-Bullish,0.606820,0.173061,Somewhat-Bullish
NVDA,Intel’s $3.5B New Mexico Campus Upgrade To Boost Next-Gen Chips,"Intel is investing $3.5 billion to upgrade its New Mexico manufacturing site, enabling it to produce next-generation processors with Foveros 3D packaging technology. This investment is part of Intel's new IDM 2.0 strategy, which aims to enhance performance, create jobs, and regain leadership in the chip market. The Foveros technology will allow Intel to stack chip tiles vertically, offering greater flexibility and performance in a smaller footprint.",https://www.crn.com/news/components-peripherals/intel-s-3-5b-new-mexico-campus-upgrade-to-boost-next-gen-chips,CRN,CRN,20210503T222452,,0.197599,Somewhat-Bullish,0.606805,0.103694,Neutral
NVDA,NVIDIA Merlin Latest Enhancements Streamlines Recommender Workflows with .5 Release | NVIDIA Technical Blog,"NVIDIA Merlin's .5 update introduces key enhancements to streamline recommender workflows for machine learning engineers. The update includes a configurable data generator for training, a multi-GPU dataloader, and initial support for session-based recommenders, which are gaining attention for their ability to increase prediction accuracy with dynamic user interests. These additions reinforce NVIDIA's commitment to democratizing and accelerating the development of effective recommender systems.",https://developer.nvidia.com/blog/nvidia-merlin-latest-enhancements-streamlines-recommender-workflows-with-5-release/,NVIDIA Developer,NVIDIA Developer,20210504T223325,https://developer-blogs.nvidia.com/wp-content/uploads/2021/05/NVIDIA-Merlin.png,0.022918,Neutral,0.327976,0.031415,Neutral
NVDA,These Were Nvidia’s 5 Most Highly Compensated Executives Last Year,"Nvidia's top five executives received higher compensation in fiscal year 2021, largely due to increased stock awards and incentive pay tied to the company's strong performance in data center and gaming markets. CEO Jensen Huang was the most compensated, earning $19.3 million, with his and other executives' base salaries slightly increasing due to an extra week in the fiscal year. The article details the compensation breakdown for each of the five highest-paid executives, highlighting the significant growth in their total earnings compared to the previous year.",https://www.crn.com/slide-shows/components-peripherals/these-were-nvidia-s-5-most-highly-compensated-executives-last-year,CRN,CRN,20210505T223325,,0.431648,Bullish,1.000000,0.432946,Bullish
NVDA,STMicroelectronics Tackles the EV Industry with GaN,"STMicroelectronics is focusing on gallium nitride (GaN) technology to enhance efficiency in electric vehicle applications, recognizing its superiority over silicon in high-power scenarios. The company has released a new family of GaN devices called STi2GaN, specifically designed for the automotive industry, which integrates power stages, drivers, and protection within GaN and SiP solutions. This move aligns with STMicroelectronics' earlier commitment to invest in wide-bandgap semiconductors for carbon neutrality goals.",https://www.allaboutcircuits.com/news/stmicroelectronics-tackles-the-ev-industry-with-gan/,All About Circuits,All About Circuits,20210510T212126,,0.323214,Somewhat-Bullish,0.636474,0.210077,Somewhat-Bullish
NVDA,Redwood City startup Mythic scores $70M to challenge Nvidia on AI chips,"Redwood City-based startup Mythic has successfully raised $70 million to further develop its AI chips, positioning itself to challenge market leader Nvidia. Mythic is part of a new wave of semiconductor companies aiming to create chips that outperform existing options for AI tasks. This funding round highlights increasing competition in the AI chip market.",https://www.bizjournals.com/sanjose/news/2021/05/11/mythic-scores-70m-to-challenge-nvidia-on-ai-chips.html,The Business Journals,The Business Journals,20210511T205220,NULL,-0.268228,Somewhat-Bearish,1.000000,-0.257949,Somewhat-Bearish
NVDA,Z by HP Powers Creative Collaboration Everywhere for Today’s Creators,"HP has introduced new ZBook Studio G8, ZBook Fury G8, and ZBook Power G8 mobile workstations, designed for professional creators and power users who need performance, reliability, and versatility in hybrid work environments. These new models offer powerful computing, collaborative tools like ZCentral Remote Boost, and enhanced security features, while also emphasizing sustainability through the use of recycled materials and energy-efficient manufacturing. The ZBook Studio G8 is highlighted as the most powerful mobile workstation of its size, the ZBook Fury G8 as the most expandable and customizable, and the ZBook Power G8 provides an affordable professional-grade option.",https://www.hp.com/us-en/newsroom/press-releases/2021/z-by-hp-powers-collaboration-everywhere.html,HP,HP,20210511T222239,,0.372879,Bullish,0.727239,0.309553,Somewhat-Bullish
NVDA,10 Hot Data Center Technologies And Trends To Watch In 2021,"This article outlines ten significant data center technologies and trends for 2021, driven by the shift to remote work and a digital economy. Key themes include the rise of ""as-a-service"" models, massive investments by public cloud providers, increasing private equity in data centers, and heightened CPU innovation from Intel, AMD, and Nvidia. Additionally, the article highlights the growing importance of automation, sustainability, and edge computing in the data center industry.",https://www.crn.com/slide-shows/data-center/10-hot-data-center-technologies-and-trends-to-watch-in-2021,CRN,CRN,20210511T222519,,0.342376,Somewhat-Bullish,0.880590,0.420984,Bullish
NVDA,NVIDIA Transforms Mainstream Laptops into Gaming Powerhouses with GeForce RTX 30 Series,"NVIDIA has launched a new line of GeForce RTX laptops, powered by the RTX 3050 Ti and 3050 Laptop GPUs, making real-time ray tracing and AI-based DLSS accessible to more gamers and creators starting at $799. These new laptops offer significant performance improvements, including being twice as fast as previous-generation systems, and introduce features like NVIDIA Reflex for low-latency esports and NVIDIA Broadcast for enhanced video conferencing and livestreaming. NVIDIA Studio laptops with RTX 30 Series GPUs also offer up to 2x faster performance for creative applications, empowering artists and video editors.",https://nvidianews.nvidia.com/news/nvidia-transforms-mainstream-laptops-into-gaming-powerhouses-with-geforce-rtx-30-series,NVIDIA Newsroom,NVIDIA Newsroom,20210511T223325,https://s3.amazonaws.com/cms.ipressroom.com/219/files/20214/609bf1f0b3aed37d103d5b40_geforce-rtx-3050-laptop/geforce-rtx-3050-laptop_mid.jpg,0.478744,Bullish,1.000000,0.479270,Bullish
NVDA,WeRide reaches series C at $3.3bn valuation,"WeRide, a China-based autonomous driving technology provider, has secured hundreds of millions of dollars in Series C funding, valuing the company at $3.3 billion. The capital will be used for research and development and commercialization activities. Investors in this round include IDG Capital, Homeric Capital, and Qiming Venture Partners, among others, following previous investments from companies like Yutong Group, SenseTime, and Nvidia.",https://globalventuring.com/blog/2021/05/13/weride-reaches-series-c-at-3-3bn-valuation/,Global Venturing,Global Venturing,20210513T224829,https://globalventuring.com/content/uploads/2025/05/1.png,0.163419,Somewhat-Bullish,0.611088,0.346466,Somewhat-Bullish
NVDA,Insiders reveal one big surprise about a rumored OLED Nintendo Switch Pro,"Rumors suggest an OLED Nintendo Switch Pro is in the works, with industry insiders weighing in on what an OLED screen and a more powerful CPU could mean for the new console. While some believe an OLED screen is a natural evolution and won't significantly impact price, others see it and a new CPU as major upgrades that will improve the handheld experience. The article highlights the speculative nature of these discussions, despite enthusiasm from fans.",https://www.inverse.com/gaming/nintendo-switch-pro-oled-rumors-insiders,Inverse,Inverse,20210514T205644,,0.249168,Somewhat-Bullish,0.632665,0.141250,Neutral
NVDA,S Korea unveils US$450bn chipmaking master plan,"South Korea has announced a monumental US$450 billion investment plan over the next decade to build the world’s largest chipmaking base, involving key players like Samsung Electronics and SK Hynix. This initiative, dubbed the ""K-semiconductor belt,"" aims to boost semiconductor research and production, enhance the nation's advanced logic chip capabilities, and reduce reliance on external manufacturers, amidst a global race for chip dominance and ongoing supply shortages. The government will support the industry with significant tax breaks, infrastructure improvements, and training programs to compete with global leaders like TSMC.",https://www.taipeitimes.com/News/biz/archives/2021/05/14/2003757366,Taipei Times,Taipei Times,20210514T222840,https://img.taipeitimes.com/images/2021/05/14/p10-210514-304.jpg,0.176582,Somewhat-Bullish,0.685027,0.175292,Somewhat-Bullish
NVDA,Three Partners Named Top Rising Stars in M&A by The Deal,"Latham & Watkins partners Daniel Breslin, Saad Khanani, and Victoria VanStekelenburg have been recognized by The Deal as ""Top Rising Stars: Class of 2021"" in Mergers & Acquisitions. The article highlights their significant contributions to major M&A transactions, their individual deal-making philosophies, and their involvement in firm initiatives like training and diversity. Each partner shared insights into what drives their engagement and success in the M&A field.",https://www.lw.com/en/news/2021/05/three-partners-named-top-rising-stars-ma-4433555061,Latham & Watkins LLP,Latham & Watkins LLP,20210520T221216,https://contenthub.lw.com/api/public/content/4eeb8aa6e20c4ce6a03dc7d8252a8dc4?v=30c10fb8&t=750x225,0.238612,Somewhat-Bullish,0.817277,0.328261,Somewhat-Bullish
NVDA,NVIDIA and Palo Alto Networks Deliver Unprecedented Firewall Performance for 5G Cloud-Native Security with DPU Acceleration,"NVIDIA and Palo Alto Networks have partnered to create a high-performance cybersecurity solution for 5G cloud-native environments. Their joint offering combines the Palo Alto Next-Generation Firewall with the NVIDIA BlueField-2 Data Processing Unit (DPU) to achieve up to 100Gb/s throughput with 80% traffic offload. This collaboration results in a 6X throughput increase over traditional host-based firewall solutions, addressing the demanding security needs of modern 5G networks.",https://developer.nvidia.com/blog/nvidia-and-palo-alto-networks-deliver-unprecedented-firewall-performance-for-5g-cloud-native-security-with-dpu-acceleration/,NVIDIA Developer,NVIDIA Developer,20210520T223500,https://developer-blogs.nvidia.com/wp-content/uploads/2021/05/NVIDIA-and-Palo-Alto-Networks-featured-image.png,0.470116,Bullish,0.939437,0.499996,Bullish
NVDA,"Nvidia sets 4-for-1 stock split, shares rise","Nvidia Corp announced a four-for-one stock split to make its shares more affordable for investors, causing its stock to rise by 3%. This move follows similar splits by Apple and Tesla last year, with Nvidia's split requiring stockholder approval in June and effective mid-July.",https://www.reuters.com/technology/nvidia-sets-4-for-1-stock-split-shares-rise-2021-05-21/,Reuters,Reuters,20210521T134300,,0.245531,Somewhat-Bullish,1.000000,0.422027,Bullish
NVDA,"NVIDIA Announces Four-for-One Stock Split, Pending Stockholder Approval at Annual Meeting Set for June 3","NVIDIA announced a four-for-one stock split in the form of a stock dividend, pending stockholder approval at its annual meeting on June 3. The split aims to make stock ownership more accessible to investors and employees. If approved, stockholders of record on June 21, 2021, will receive three additional shares for every share held, with trading on a split-adjusted basis expected to begin on July 20.",https://nvidianews.nvidia.com/news/nvidia-announces-four-for-one-stock-split-pending-stockholder-approval-at-annual-meeting-set-for-june-3,NVIDIA Newsroom,NVIDIA Newsroom,20210521T205219,,0.408116,Bullish,1.000000,0.410023,Bullish
NVDA,Putting the Chip Shortage into the Context of Long-Term Trends,"The article analyzes the current global semiconductor shortage, attributing it to supply chain rigidities, high barriers to entry, and geopolitical tensions exacerbated by COVID-19. It highlights the long-term trends driving increased semiconductor demand, such as 5G, AI, and electric vehicles, and discusses how governments and companies are responding to secure future supply chains and potentially re-shore manufacturing.",https://www.globalxetfs.com/articles/putting-the-chip-shortage-into-the-context-of-long-term-trends/,Global X ETFs,Global X ETFs,20210524T195659,,0.322465,Somewhat-Bullish,0.745283,0.314277,Somewhat-Bullish
NVDA,May 2021 Product Update -What’s New,"The May 2021 Fusion 360 product update introduces several new features and improvements across usability, sketching & modeling, electronics, generative design, and manufacturing. Key enhancements include Augmented Reality support via USDz export, a revamped Learning Panel, and expanded learning content for Fusion 360 Extensions. The update also brings significant advancements in electronics design with Stop Mask support in 3D PCB, improved display dialogs, and new library parts, alongside new generative design capabilities like Transparent View and enhanced manufacturing support for Formlabs and SLM Solutions 3D printers, plus machine simulation as a preview feature.",https://www.autodesk.com/products/fusion-360/blog/may-2021-product-update-whats-new/,Autodesk,Autodesk,20210524T220250,https://www.autodesk.com/products/fusion-360/blog/wp-content/uploads/2020/02/UPDATE-BANNER-2-1-1024x320.png,0.37473,Bullish,0.618537,0.319281,Somewhat-Bullish
NVDA,"Samsung, TSMC up ante in US foundry competition","The world's two largest foundry chipmakers, TSMC and Samsung Electronics, are engaged in fierce competition to expand their presence in the US, driven by significant investment plans. Samsung announced a $17 billion investment for a US factory, following TSMC's $12 billion Arizona plant. This rivalry, coupled with Intel's entry into the foundry business, intensifies the competition in the advanced chip manufacturing market, with both companies risking substantial losses if they fail to secure enough clients for their costly new facilities.",https://www.kedglobal.com/foundry-competition/newsView/ked202105240005,KED Global,KED Global,20210524T220403,https://www.kedglobal.com/data/ked/image/2021/05/24/ked202105240010.700x.0.jpg,0.117814,Neutral,0.634498,0.112410,Neutral
NVDA,SOXX Versus SOXL Semiconductor ETF Forecast: Which Is a Better Buy?,"This article compares two semiconductor ETFs, SOXX and SOXL, to determine which might be a better investment. SOXL is a leveraged ETF offering 3x daily returns, leading to higher performance during bull markets but also higher risk. SOXX is a plain ETF for risk-averse, long-term investors, with both ETFs holding similar top companies and having a positive medium-term outlook despite the cyclical nature of the industry.",https://marketrealist.com/p/soxl-vs-soxx-semiconductor-etf-forecast/,Market Realist,Market Realist,20210525T105900,,0.291781,Somewhat-Bullish,0.621187,0.344903,Somewhat-Bullish
NVDA,"Nvidia sold $155 million in crypto mining chips last quarter, but PC gaming remains its biggest market","Nvidia reported $155 million in revenue from its new cryptocurrency mining processors (CMPs) in the last quarter, with projected sales of $400 million for the current quarter. Despite these figures, CEO Jensen Huang emphasizes that PC gaming remains the company's primary and most important market, generating $2.76 billion in revenue. The introduction of CMP chips is intended to protect the supply of graphics cards for gamers by diverting crypto miners from purchasing gaming-specific GPUs.",https://www.cnbc.com/2021/05/26/nvidia-pc-gaming-still-more-important-than-crypto-for-revenue.html,CNBC,CNBC,20210526T195300,https://image.cnbcfm.com/api/v1/image/106888905-16220653444ED5-FM-A-BLOCK-052621.jpg?v=1622065343&w=750&h=422&vtcrop=y,0.3372,Somewhat-Bullish,1.000000,0.312325,Somewhat-Bullish
NVDA,NVIDIA Announces Financial Results for First Quarter Fiscal 2022,"NVIDIA reported record revenue of $5.66 billion for the first quarter of fiscal 2022, an 84% increase year-over-year, driven by strong growth in its Gaming and Data Center platforms. The company also announced a four-for-one stock split and provided an optimistic outlook for the second quarter, projecting revenue of $6.30 billion. Key highlights include advancements in Gaming with new RTX GPUs and DLSS adoption, and significant innovations in Data Center and Automotive sectors.",https://nvidianews.nvidia.com/news/nvidia-announces-financial-results-for-first-quarter-fiscal-2022,NVIDIA Newsroom,NVIDIA Newsroom,20210526T205219,,0.491256,Bullish,1.000000,0.508561,Bullish
NVDA,Stock of the week - NVIDIA (27.05.2021),"NVIDIA (NVDA.US) reported record first-quarter fiscal 2022 results, exceeding revenue and EPS expectations, driven by strong performance in Gaming, Data Center, and Professional Visualization platforms. The company also announced an upbeat Q2 forecast and a 4-for-1 stock split, which is seen as a bullish signal for investors. The growth is significantly boosted by the gaming sector during the pandemic and the increasing demand for its graphics cards by cryptocurrency miners.",https://www.xtb.com/int/market-analysis/news-and-research/stock-of-the-week-nvidia-27-05-2021,XTB.com,XTB.com,20210527T121600,,0.382125,Bullish,1.000000,0.464524,Bullish
NVDA,Vision Fund loss slashes Masayoshi Son’s 2020 salary by 52%,"SoftBank Group founder and CEO Masayoshi Son's salary was more than halved in 2020 to 100 million yen ($0.9 million), a 52% decrease from 2019, largely attributed to the Vision Fund's substantial losses in the 2019 financial year. However, with SoftBank posting a record-breaking net profit of 4.99 trillion yen in FY 2020, Son's salary is anticipated to rebound significantly in the current year. The article also notes recent investments by SoftBank's Vision Fund in companies like Yanolja and Balance Hero.",https://www.kedglobal.com/venture-capital/newsView/ked202105280017,KED Global,KED Global,20210528T223325,https://www.kedglobal.com/data/ked/image/2021/05/28/ked202105280037.700x.0.jpg,0.140119,Neutral,0.806477,0.111504,Neutral
NVDA,How Nvidia plans to own the data center with AI,"Nvidia aims to revolutionize enterprise computing by making data centers run 10 times faster at one-tenth the cost, leveraging its strong position in AI architectures. The company plans to disrupt Intel's x86 dominance through Arm-based architectures, integrated chip designs, and a compelling software consumption model. The article highlights Nvidia's strategic moves, financial standing, and the potential impact of its proposed acquisition of Arm Ltd. on the data center market.",https://siliconangle.com/2021/05/29/nvidia-plans-data-center-ai/,SiliconANGLE,SiliconANGLE,20210529T143700,,0.154651,Somewhat-Bullish,1.000000,0.474615,Bullish
NVDA,Rain pelts down in Taiwan to provide drought relief,"Taiwan is experiencing significant rainfall with ""extremely heavy rain"" advisories issued for central counties and ""heavy rain"" advisories for other regions. This rain provides some relief for the country's severe drought, with chip manufacturers like TSMC and UMC anticipating water restrictions to potentially be mitigated. Meteorologists predict continued strong fronts and thunderstorms through early next week before rainfall intensity may decrease.",https://www.taiwannews.com.tw/news/4212905,Taiwan News,Taiwan News,20210530T110700,https://image.taiwannews.com.tw/2021%2F05%2F30%2F785e5557598e4297b06c7265846a0d2e.jpg,0.135564,Neutral,0.596570,0.137129,Neutral
NVDA,NVIDIA AI Enterprise Software Drives New Wave of Certified Systems from World’s Leading Manufacturers,"NVIDIA announced a significant expansion of its NVIDIA-Certified Systems program, featuring dozens of new servers from leading manufacturers that are certified to run NVIDIA AI Enterprise software. These systems, including high-volume x86 servers, are designed to bring the power of AI to various industries by supporting demanding workloads in traditional data centers and hybrid clouds. The expansion also includes new servers equipped with BlueField-2 DPUs for enhanced security and upcoming Arm CPU servers for high-performance AI computing.",https://nvidianews.nvidia.com/news/nvidia-ai-enterprise-software-drives-new-wave-of-certified-systemsfrom-worlds-leading-manufacturers,NVIDIA Newsroom,NVIDIA Newsroom,20210531T222241,https://s3.amazonaws.com/cms.ipressroom.com/219/files/20215/60b6a699b3aed331511284b8_NVIDIA+EGX+Platform+for+NVIDIA-Certified+Systems/NVIDIA+EGX+Platform+for+NVIDIA-Certified+Systems_mid.jpg,0.321696,Somewhat-Bullish,1.000000,0.428019,Bullish
NVDA,NVIDIA Base Command Platform Provides Enterprises with Fast Path to Scale Production AI,"NVIDIA announced the Base Command Platform, a cloud-hosted development hub designed to help enterprises streamline AI projects from prototype to production. This platform, available through a monthly subscription with NetApp, offers access to NVIDIA DGX SuperPOD AI supercomputers and NetApp data management. Google Cloud plans to integrate the platform into its marketplace, promoting a hybrid AI experience.",https://nvidianews.nvidia.com/news/nvidia-base-command-platform-provides-enterprises-with-fast-pathto-scale-production-ai,NVIDIA Newsroom,NVIDIA Newsroom,20210531T223308,https://s3.amazonaws.com/cms.ipressroom.com/219/files/20215/60b6a66cb3aed3624c127d66_NVIDIA+Base+Command+Platform/NVIDIA+Base+Command+Platform_mid.jpg,0.411335,Bullish,0.970706,0.441715,Bullish
NVDA,NVIDIA Partners Unveil New Servers Featuring NVIDIA BlueField DPUs,"Several top server manufacturers, including ASUS, Dell Technologies, GIGABYTE, QCT, and Supermicro, announced new systems at COMPUTEX 2021 featuring NVIDIA BlueField-2 Data Processing Units (DPUs). These DPUs enhance server performance, security, and manageability by offloading networking, storage, and cybersecurity tasks from the CPU, making more resources available for applications. The servers are designed for various enterprise applications and can be easily programmed using the NVIDIA DOCA SDK, with DPU-accelerated servers expected to be available later this year.",https://blogs.nvidia.com/blog/new-bluefield-dpu-servers/,NVIDIA Blog,NVIDIA Blog,20210531T223325,https://blogs.nvidia.com/wp-content/uploads/2021/05/egx-rack.jpg,0.452619,Bullish,1.000000,0.807925,Bullish
NVDA,It’s Time for Ti: NVIDIA Introduces Gaming Flagship — the GeForce RTX 3080 Ti,"NVIDIA has announced two new additions to its GeForce RTX family: the GeForce RTX 3080 Ti and GeForce RTX 3070 Ti. The RTX 3080 Ti, launching June 3rd at $1,199, is touted as the new flagship gaming GPU, offering 1.5x faster performance than previous generations and catering to demanding modern games and creative applications. The RTX 3070 Ti, available next week starting at $599, also delivers significant performance improvements over its predecessors.",https://nvidianews.nvidia.com/news/its-time-for-ti-nvidia-introduces-gaming-flagship-the-geforce-rtx-3080-ti,NVIDIA Newsroom,NVIDIA Newsroom,20210531T223325,https://s3.amazonaws.com/cms.ipressroom.com/219/files/202106/60b5c5cded6ae549cd412207_58972754-3366-4d8c-8485-5d74c8d2d44/58972754-3366-4d8c-8485-5d74c8d2d44_mid.jpg,0.244886,Somewhat-Bullish,0.993208,0.529540,Bullish
NVDA,AMD shows how FidelityFX Super Resolution beats out NVIDIA's DLSS,"AMD announced FidelityFX Super Resolution (FSR) at Computex 2021, an image upscaling technology designed to boost frame rates and resolution. FSR directly competes with NVIDIA's DLSS but offers broader compatibility, supporting a wide range of AMD GPUs and even some NVIDIA GeForce cards. The technology, which provides up to a 2.5 times increase in performance mode, is expected to launch on June 22, 2021.",https://www.windowscentral.com/amd-unveils-fidelityfx-super-resolution-its-answer-nvidias-dlss,Windows Central,Windows Central,20210601T193539,,0.235788,Somewhat-Bullish,0.857737,0.127438,Neutral
NVDA,NVIDIA Announces Upcoming Events for Financial Community,"NVIDIA announced its participation in several upcoming financial community events in June 2021, including the Evercore ISI Inaugural TMT Conference, BofA 2021 Global Technology Conference, and Nasdaq 44th Investor Conference. Interested parties can access live audio webcasts of these presentations and replays on NVIDIA's investor relations website. The company also reiterated its role in pioneering accelerated computing and AI, highlighting its impact on various industries.",https://nvidianews.nvidia.com/news/nvidia-announces-upcoming-events-for-financial-community-6843293,NVIDIA Newsroom,NVIDIA Newsroom,20210601T214311,https://s3.amazonaws.com/cms.ipressroom.com/219/files/201910/5dc092aa2cfac24ba40e9c30_NVIDIA-Endeavor-building-logo/NVIDIA-Endeavor-building-logo_mid.jpg,0.157957,Somewhat-Bullish,1.000000,0.209236,Somewhat-Bullish
NVDA,TSMC Throws The Ball In Intel’s Court By Showcasing Customized Chipmaking Technologies,"TSMC announced new customized semiconductor nodes, N5A for automotive and N6RF for communications, at its online technology symposium. This move aims to solidify TSMC's position as a contract chip manufacturer by offering specialized processes, directly challenging Intel's plans to enter the contract manufacturing space. TSMC emphasized its commitment to not competing with its customers, differentiating itself from other potential foundries.",https://wccftech.com/tsmc-throws-the-ball-in-intels-court-by-showcasing-customized-chipmaking-technologies/,Wccftech,Wccftech,20210602T150400,https://cdn.wccftech.com/wp-content/uploads/2021/06/N5A-740x416.png,0.163959,Somewhat-Bullish,0.661564,0.147864,Neutral
NVDA,How to View Your Fusion 360 Designs in AR with USDz File Format,"Fusion 360 has introduced support for the USDz file format, enabling users to view their 3D designs in augmented reality (AR) directly from iOS mobile devices. This feature allows designers to preview designs in real-life environments, assess scale and aesthetics, and communicate concepts more effectively to clients and stakeholders. The article explains what USDz is, how to export files from Fusion 360, and highlights the benefits of using AR for design visualization.",https://www.autodesk.com/products/fusion-360/blog/how-to-view-your-fusion-360-designs-in-ar-with-usdz-file-format/,Autodesk,Autodesk,20210602T210843,https://www.autodesk.com/products/fusion-360/blog/wp-content/uploads/2021/06/2021-06-01_09-34-21-1024x576.jpg,0.280858,Somewhat-Bullish,0.615570,0.213688,Somewhat-Bullish
NVDA,Here to stay: Implications and opportunities from Taiwan’s semiconductor edge,"Taiwan's semiconductor industry dominance stems from decades of government policy and private sector innovation, creating a thriving ecosystem. This leadership is sustained by aggressive R&D investments and high barriers to entry, making it difficult for new competitors to catch up. Structural demand drivers like 5G, AI, and EVs are expected to fuel continued growth in semiconductor sales, presenting attractive opportunities for active investors within Taiwan's broader semiconductor ecosystem.",https://www.eastspring.com/sg/insights/here-to-stay-implications-and-opportunities-from-taiwan-s-semiconductor-edge,Eastspring Investments,Eastspring Investments,20210602T214646,https://img.eastspring.com/images/librariesprovider6/eastspring-perspectives/market-insights/2021/d-here-to-stay-implications-and-opportunities.jpg,0.401929,Bullish,0.602435,0.537766,Bullish
NVDA,People camped out at Bakersfield Best Buy for upcoming graphics card,"Nearly one hundred people camped out at the Bakersfield Best Buy on Rosedale Highway for NVIDIA’s latest graphics card, the GeForce RTX 3080 Ti Founders Edition. The card was set to be released on Thursday at select Best Buy stores nationwide, with customers lining up due to global chip shortages and high demand. Employees planned to hand out tickets at 7:30 a.m., guaranteeing purchase at 9 a.m. for those who received one.",https://bakersfieldnow.com/news/local/long-lines-at-bakersfield-best-buy-for-upcoming-graphics-card,KBAK,KBAK,20210602T214800,,0.195032,Somewhat-Bullish,0.902535,0.231141,Somewhat-Bullish
NVDA,Super Micro Computer To Double Their Manufacturing Capacity To Meet Worldwide Server And Storage Demands,"Super Micro Computer, Inc. is doubling its manufacturing capacity at its US and Taiwan campuses to meet the growing global demand for servers and storage driven by Cloud, AI, and 5G/Edge technologies. This expansion aims to increase production to over two million servers per year by mid-2021 and enable the company to ship fully tested racks directly to customers. Supermicro will offer a range of application-optimized systems, including those supporting the latest Intel and AMD processors, NVIDIA GPUs, and liquid cooling options, to accommodate various workloads.",https://www.securityinformed.com/news/super-micro-computer-double-manufacturing-capacity-co-12611-ga-co-14411-ga.1656514897.html,Security Informed,Security Informed,20210602T215210,https://www.securityinformed.com/img/logo-us.png,0.372829,Bullish,0.620129,0.345382,Somewhat-Bullish
NVDA,AMD extends FidelityFX Super Resolution to RX 470 and RX 480,"AMD is extending its FidelityFX Super Resolution (FSR) technology to older graphics cards, specifically the Radeon RX 470 and RX 480 GPUs, dating back to 2016. This digital upscaling technology is designed to improve game performance and visuals without requiring significant processing power, and it will also work with a wide range of other AMD and some NVIDIA GeForce cards. FSR is expected to launch on June 22, 2021, offering performance boosts for both high-end and older hardware.",https://www.windowscentral.com/amd-extends-fidelityfx-super-resolution-older-gpus,Windows Central,Windows Central,20210604T193539,https://www.windowscentral.com/sites/wc_live/files/styles/inline_content_box/public/field/image/2021/06/xfx-rx-480-rs.jpg,0.151901,Somewhat-Bullish,0.813051,-0.109075,Neutral
NVDA,Marvell Extends PAM4 DSP Cloud Data Center Leadership with Industry's First Integrated Solution,"Marvell has announced its Atlas 50Gbps PAM4 DSP chipset solution, which integrates transimpedance amplifiers and laser drivers into a single mainstream CMOS technology solution. This advancement significantly reduces power consumption by 25% and simplifies the supply chain for high-performance cloud data centers, computing, and AI applications. The Atlas DSP platform is designed for high-volume markets, offering cost-effective, highly integrated, and reliable technology essential for massive data center growth.",https://www.prnewswire.com/news-releases/marvell-extends-pam4-dsp-cloud-data-center-leadership-with-industrys-first-integrated-solution-301306389.html,PR Newswire,PR Newswire,20210607T214018,,0.201039,Somewhat-Bullish,0.636273,0.110971,Neutral
NVDA,Tilling AI: Startup Digs into Autonomous Electric Tractors for Organics,"Ztractor, founded by Bakur Kvezereli, is an autonomous electric tractor startup utilizing NVIDIA's Jetson edge AI platform to address labor shortages, pesticide issues, and energy costs in organic farming. The company offers tractors equipped with numerous sensors and cameras that collect data to improve crop conditions, increase yields, and enhance efficiency, positioning the agricultural machine industry for an ""electric revolution"" similar to the automotive sector. Ztractor's technology, which enables tasks like precision weeding and soil preparation, aims to make organic farming more competitive and sustainable.",https://blogs.nvidia.com/blog/startup-digs-into-autonomous-electric-tractors-for-organics/,NVIDIA Blog,NVIDIA Blog,20210607T214311,https://blogs.nvidia.com/wp-content/uploads/2021/06/Ztractors.jpg,0.326481,Somewhat-Bullish,1.000000,0.434729,Bullish
NVDA,New Cadence Allegro X Design Platform Revolutionizes System Design,"Cadence Design Systems introduces the Allegro X Design Platform, an integrated engineering solution for system design that unifies schematic, layout, analysis, collaboration, and data management. This new platform, built on Allegro and OrCAD technology, aims to significantly streamline the design process for engineers, offering up to 4X productivity improvements through enhanced integration, cloud capabilities, and ML-driven advancements. It supports complex multi-domain designs (EM, thermal, SI/PI) and leverages GPU technology for accelerated performance.",https://www.businesswire.com/news/home/20210608005239/en/New-Cadence-Allegro-X-Design-Platform-Revolutionizes-System-Design,Business Wire,Business Wire,20210608T195636,,0.765568,Bullish,0.617071,0.611945,Bullish
NVDA,"Opinion: AMD’s stock has been left behind, but not for long — here’s why","The article argues that Advanced Micro Devices (AMD) stock is a good buy despite its significant past gains, as it hasn't fully rebounded from a recent dip unlike other semiconductor stocks like Nvidia. The author attributes this potential for future growth to AMD's new cutting-edge products and a key acquisition.",https://www.marketwatch.com/story/amds-stock-has-been-left-behind-but-not-for-long-heres-why-11623343634?gaa_at=eafs&gaa_n=AWEtsqfhMsWpAGrWX_llarwZA-xvjuQ07brGJ_4DT9x_Rw8WkquWzNBm9lai&gaa_ts=6907b5da&gaa_sig=7k_laZw-LvptSoA5lv6-H9AqCRhWEYOJg2M6d4U-Bz9GnYVqoAe6VW0G4W5U59cg8pScxKbsXYzxWnLxQSclcg%3D%3D,MarketWatch,MarketWatch,20210610T124700,,0.266956,Somewhat-Bullish,0.645367,0.131954,Neutral
NVDA,"NVIDIA to Acquire DeepMap, Enhancing Mapping Solutions for the AV Industry","NVIDIA has acquired DeepMap, a startup focused on creating high-definition maps for autonomous vehicles, to enhance its mapping products and accelerate full self-driving expertise. DeepMap's technology provides centimeter-level precision mapping and continuous updates, crucial for autonomous vehicles to navigate safely and accurately. This acquisition strengthens NVIDIA's DRIVE platform by improving localization capabilities for AVs.",https://blogs.nvidia.com/blog/nvidia-deepmap-mapping-drive-platform/,NVIDIA Blog,NVIDIA Blog,20210610T205219,,0.476945,Bullish,1.000000,0.452604,Bullish
NVDA,Report: Intel has offered $2B+ to acquire chip startup SiFive,"Intel Corp. has reportedly offered over $2 billion to acquire SiFive Inc., a chip startup specializing in processor technology based on the open-source RISC-V instruction set architecture. This potential acquisition would be one of Intel's largest recent deals, following its 2019 purchase of Habana Labs. The move could position Intel to address future demand for open-source chip designs, especially given concerns surrounding Nvidia's acquisition of Arm.",https://siliconangle.com/2021/06/10/report-intel-offered-2b-acquire-chip-startup-sifive/,SiliconANGLE,SiliconANGLE,20210610T213322,https://d15shllkswkct0.cloudfront.net/wp-content/blogs.dir/1/files/2021/06/intel-1.png,0.063809,Neutral,0.894120,-0.118754,Neutral
NVDA,Invest in ETFs,"VanEck offers a variety of ETFs covering timeless themes like global equity, gold miners, and real estate, as well as smart themes such as semiconductors, video gaming, esports, and hydrogen. Each ETF is designed to support different investment goals but comes with specific risks that investors should carefully assess against their individual objectives. The article emphasizes conducting due diligence by referring to relevant documentation like the prospectus and Key Information Document (KID) before investing.",https://www.vaneck.com/uk/en/invest-in-etfs/,VanEck,VanEck,20210611T193634,,0.232477,Somewhat-Bullish,0.611652,0.238925,Somewhat-Bullish
NVDA,Rumor: Intel May Buy RISC-V CPU Designer SiFive to Fend off ARM,"A rumor suggests Intel is considering purchasing RISC-V CPU design company SiFive for $2.1 billion. This acquisition could provide Intel with a significant stake in the expanding RISC-V market, complementing its foundry efforts and potentially positioning RISC-V alongside x86 in specific market segments. The move is also seen as a strategic response to Nvidia's potential acquisition of ARM, allowing Intel to hedge its bets in the evolving CPU landscape, though SiFive's open-source nature means other companies could still develop RISC-V CPUs.",https://www.extremetech.com/computing/323647-rumor-intel-may-buy-risc-v-cpu-designer-sifive-to-fend-off-arm,ExtremeTech,ExtremeTech,20210611T213322,https://i.extremetech.com/imagery/content-types/03cUrKL2hxjd6mIOy5caoNz/hero-image.fit_lim.v1678673194.jpg,0.161011,Somewhat-Bullish,0.637679,0.109596,Neutral
NVDA,Nvidia acquires DeepMap as it builds out its end-to-end autonomous driving stack,"Nvidia has announced its acquisition of DeepMap Inc., a startup specializing in mapping technology for autonomous vehicles. This acquisition aims to enhance Nvidia's comprehensive suite of solutions for the autonomous driving sector, which already includes chips, software tools, and simulation platforms. The integration of DeepMap's technology will allow Nvidia to strengthen its competitive position against rivals like Intel's Mobileye unit by improving its mapping capabilities for self-driving cars.",https://siliconangle.com/2021/06/11/nvidia-acquires-deepmap-builds-end-end-autonomous-driving-stack/,SiliconANGLE,SiliconANGLE,20210611T214310,https://d15shllkswkct0.cloudfront.net/wp-content/blogs.dir/1/files/2021/06/nvidia.png,0.298811,Somewhat-Bullish,1.000000,0.462340,Bullish
NVDA,New Semiconductor ETF Follows Famous SOX Index,"The Invesco PHLX Semiconductor ETF (SOXQ) has launched, tracking the PHLX SOX Semiconductor Sector Index (SOX), which comprises 30 components integral to disruptive technologies like NVIDIA and Qualcomm. Despite a global semiconductor shortage, the SOX index has outperformed the Nasdaq-100 and S&P 500 this year, showcasing strong growth in revenue and net income for its large-cap constituents. This new ETF offers investors exposure to the long-term growth potential of the semiconductor industry, driven by demand from everyday consumer items and advanced technologies like AI and cloud computing.",https://etfdb.com/nasdaq-portfolio-solutions-content-hub/new-semiconductor-etf-follows-famous-sox-index/,ETF Database,ETF Database,20210611T215249,https://etfdb.com/media/W1siZiIsIjIwMjEvMTEvMDIvM3BqNmg2bG85eV9OYXNkYXFfT3ZlcmxheV9VcGRhdGVfMV8ucG5nIl1d/Nasdaq%20Overlay_Update%20%281%29.png,0.243208,Somewhat-Bullish,0.861405,0.405024,Bullish
NVDA,"Invesco PHLX Semiconductor ETF (SOXQ) Stock Price, Quote, News & History","This page provides a comprehensive overview of the Invesco PHLX Semiconductor ETF (SOXQ), including its current stock price, key statistics, news, and historical data. It details the ETF's sector, assets under management, dividend information, and top holdings, along with recent news articles about related semiconductor companies like Intel and Advanced Micro Devices. The page also includes an FAQ section answering common investor questions about buying SOXQ, its competitors, and future outlook.",https://www.benzinga.com/quote/SOXQ,Benzinga,Benzinga,20210612T183957,https://image-util.benzinga.com/api/v2/logos/file/image/914208/mark_composite_light__e3571157a97d6a5a6530bed5d5a1a0cf.png?height=60&max_width=&width=60&x-bz-cred=sb~BftIvz2Ai7XFWJYhsKw9QdZgT360OKey0L_3ARyrZcX6EnJzDr8BRD5Qcb9wv304UkQ-Ed2Yr6tJ__HVCfcH_iK-sWfWuouGp83sUho9qrniKJiahIAZvp2tdRdfqlwaTwq8p22EWViXSWMM1X82z8t-LRU1&x-bz-exp=1778265606&x-bz-security-isin=&x-bz-security-symbol=SOXQ&x-bz-signature=9e4fe80c5a5efbba834d39d547137cabafbc011f8c3322871b02783e564aaba,0.306296,Somewhat-Bullish,0.617042,0.320303,Somewhat-Bullish
NVDA,Invesco PHLX Semiconductor ETF,"The Invesco PHLX Semiconductor ETF (SOXQ) tracks a market-cap weighted index of 30 large U.S.-listed semiconductor companies, offering a competitive expense ratio. Launched in June 2021, it aims to provide investors with exposure to the semiconductor industry, including memory chips, microprocessors, and integrated circuits. The ETF's holdings analysis, performance metrics, and ESG scores are detailed, alongside comparisons with alternative technology and semiconductor ETFs.",https://etfdb.com/etf/SOXQ/,ETF Database,ETF Database,20210614T083950,,0.258848,Somewhat-Bullish,0.812174,0.320871,Somewhat-Bullish
NVDA,Trash to Cash: Recyclers Tap Startup with World’s Largest Recycling Network to Freshen Up Business Prospects,"AMP Robotics, founded by Matanya Horowitz, uses AI powered by NVIDIA GPUs to improve the efficiency and accuracy of recycling. The startup addresses the challenge of contaminated recyclables and the high costs associated with manual sorting by deploying robotic arms that utilize computer vision to identify and sort various materials with high precision. This technology helps recyclers increase purity, reduce operational costs, and generate more revenue from sorted materials.",https://blogs.nvidia.com/blog/recyclers-tap-startup-worlds-largest-recycling-network-to-freshen-up-business-prospects/,NVIDIA Blog,NVIDIA Blog,20210614T214311,https://blogs.nvidia.com/wp-content/uploads/2021/06/Amp.jpg,0.021122,Neutral,0.340353,0.016818,Neutral
NVDA,Taiwan Semiconductor Is the World’s Most Important Chip Maker. How to Play the Stock.,"The article highlights Taiwan Semiconductor (TSMC) as the world's most critical chipmaker, responsible for approximately 60% of outsourced chip manufacturing and 90% of the industry's profits. It notes that the ongoing semiconductor shortage has emphasized the importance of chips across various sectors, from simple components to high-end processors. The article then addresses how investors can approach this significant stock.",https://www.barrons.com/articles/taiwan-semi-stock-51623366589?gaa_at=eafs&gaa_n=AWEtsqc46L4UBLEypwCt8GPildrKXH_LixJkaYUR7o1x1KEY5nuznAFc6iXG&gaa_ts=699b7f0e&gaa_sig=sfXRHn08XrfyYzxnlDX94es_lsDsAVeENOYfNBO_bvWNUIa4-Ej5w5sx3AQskgFHfrMoV4UAhNzTUXYIt-XoMw%3D%3D,Barron's,Barron's,20210614T215628,https://images.barrons.com/im-352255/?width=700&height=467,0.357769,Bullish,0.649124,0.344648,Somewhat-Bullish
NVDA,"Dimensional U.S. Core Equity 2 ETF ETF Price, Holdings, & News (NYSEARCA:DFAC)","This article provides details on the Dimensional U.S. Core Equity 2 ETF (NYSEARCA:DFAC), an exchange-traded fund that invests in U.S. equities with a tilt towards small-cap companies. As of March 25, 2026, the ETF has a price of $39.21, assets under management of $40.41 billion, and a net expense ratio of 0.17%. The ETF's top holdings include major tech companies like NVIDIA, Apple, and Microsoft.",https://www.marketbeat.com/stocks/NYSEARCA/DFAC/,MarketBeat,MarketBeat,20210615T063915,,0.100595,Neutral,0.625915,0.120666,Neutral
NVDA,Dimensional U.S. Core Equity 2 ETF,"The Dimensional U.S. Core Equity 2 ETF (DFAC) is an actively managed ETF with $45.16 billion in assets, an expense ratio of 0.17%, and an inception date of June 14, 2021. It focuses on U.S. total market equities with a multi-cap strategy and currently has top holdings in major tech companies like NVIDIA, Apple, and Microsoft. The ETF has shown strong performance over 1-year and 3-year periods compared to its category average and targets an ESG score of 6.35/10.",https://etfdb.com/etf/DFAC/,ETF Database,ETF Database,20210615T133840,,0.350192,Bullish,0.872194,0.335387,Somewhat-Bullish
NVDA,"Bernstein recommends Sea, says Singapore-based internet company is a 'super app in the making'","Bernstein recommends Sea Ltd., calling the Singapore-based internet company a ""super app in the making"" and initiating coverage with an outperform rating and a $350 price target. The investment firm believes Sea's strong execution track record ensures its dominance in various verticals, particularly highlighting the potential of its e-commerce arm, Shopee, to reach breakeven by 2025. Key drivers for the stock are expected to be Shopee's expansion in Latin America and grocery in Southeast Asia, leading to increased profitability.",https://www.cnbc.com/2021/06/16/bernstein-recommends-sea-says-singapore-based-internet-company-is-a-super-app-in-the-making.html,CNBC,CNBC,20210616T060200,,0.356494,Bullish,0.624059,0.737476,Bullish
NVDA,Nvidia Share Price: Why Stock Split Means ‘Nothing’ to CNBC's Jim Cramer,"Nvidia's stock split, recently approved by shareholders, is set to make shares more accessible by reducing the price per share while increasing the number of shares held by investors. Despite a rally following the announcement, CNBC's Jim Cramer believes the split ""does nothing"" to increase Nvidia's appeal, arguing that investors should focus on company fundamentals rather than stock gimmicks. Analysts currently maintain a ""buy"" rating on Nvidia, with an average price target that suggests a slight downside from its recent trading price, though one analyst sees significant upside potential in its gaming business.",https://www.ig.com/en/news-and-trade-ideas/why-nvidia_s-stock-split-does-nothing-for-its-appeal-210617,IG Group,IG Group,20210616T214310,https://a.c-dn.net/c/content/dam/publicsites/igcom/uk/images/news-article-image-folder/bg_nvidia_326521854.jpg/jcr:content/renditions/original-size.webp,0.072684,Neutral,0.959515,0.068550,Neutral
NVDA,This is Grand Theft Auto as made by AI,"AI researchers have utilized Nvidia's GameGAN neural network to create ""GAN Theft Auto,"" an entirely AI-generated version of Grand Theft Auto V. The playable demo showcases an AI-generated highway scene that, despite being pixelated, demonstrates impressive details like shadows and reflections, all without human-coded graphics. This project offers a glimpse into a future where entire games, or portions thereof, could be concocted by AI.",https://www.pcgamer.com/this-is-grand-theft-auto-as-made-by-ai/,PC Gamer,PC Gamer,20210621T215643,https://img.youtube.com/vi/udPY5rQVoW0/maxresdefault.jpg,0.189254,Somewhat-Bullish,0.863801,0.349863,Somewhat-Bullish
NVDA,Hewlett Packard Enterprise Acquires AI Company Determined AI to Focus on Accelerating Machine Learning,"Hewlett Packard Enterprise (HPE) has acquired AI startup Determined AI to accelerate machine learning models. Determined AI, founded by UC Berkeley researchers, specializes in open-source machine learning platforms that significantly reduce computation time for AI model training. This acquisition aims to combine HPE's high-performance computing with Determined AI's technology to simplify AI development and shorten time to market.",https://gigazine.net/gsc_news/en/20210622-hpe-acquires-determined-ai/,GIGAZINE,GIGAZINE,20210622T111500,https://i.gzn.jp/img/2021/06/22/hpe-acquires-determined-ai/00.jpg,0.199482,Somewhat-Bullish,0.596103,0.134085,Neutral
NVDA,Longtime Intel exec Navin Shenoy leaves as chipmaker restructures data center business,"Longtime Intel executive Navin Shenoy is departing the company as CEO Pat Gelsinger implements a major restructuring of its critical data center business, creating two new units. The Data Platform Group is being split into a Datacenter and AI group led by Sandra Rivera, and a Network and Edge Group led by Nick McKeown. Additionally, Intel is forming a Software and Advanced Technology Group and an Accelerated Computing Systems and Graphics Group, led by Greg Lavender and Raja Koduri respectively, to better compete with rivals like Nvidia, Arm Ltd., Qualcomm Corp., and Advanced Micro Devices Inc.",https://siliconangle.com/2021/06/22/longtime-intel-exec-navin-shenoy-leaves-chipmaker-restructures-data-center-business/,SiliconANGLE,SiliconANGLE,20210622T202200,,0.08018,Neutral,0.872358,0.243575,Somewhat-Bullish
NVDA,"Intel Restructuring: Navin Shenoy Out; New Software, GPU Units","Intel CEO Pat Gelsinger has announced a major restructuring of the company, leading to the departure of top data center executive Navin Shenoy. The Data Platform Group is being split into two new business units, and two new divisions, the Software and Advanced Technology Group and the Accelerated Computing Systems and Graphics Group, are being formed. These changes aim to accelerate Intel's pace in regaining technology leadership, with new leaders appointed to head the reorganized groups.",https://www.crn.com/news/components-peripherals/intel-restructuring-navin-shenoy-out-new-software-gpu-units,CRN Magazine,CRN Magazine,20210622T203153,,0.174088,Somewhat-Bullish,0.616901,0.124187,Neutral
NVDA,Unity acquires Pixyz Software,"Unity Technologies has acquired France-based Pixyz Software, a specialist in 3D data optimization, for an undisclosed sum. Pixyz's technology, which helps developers import and edit 3D models in real-time, will be integrated into Unity's Create segment, but will continue to charge a separate subscription. This acquisition is part of Unity's strategy to expand its business through targeted takeovers, enhancing its offerings for both gaming and industrial customers.",https://www.gamesindustry.biz/unity-acquires-pixyz-software,GamesIndustry.biz,GamesIndustry.biz,20210622T212727,,0.20053,Somewhat-Bullish,0.606061,0.122750,Neutral
NVDA,GlobalFoundries to open new fab in Singapore,"GlobalFoundries is investing $4 billion to build a new semiconductor fabrication plant in Singapore, aiming to expand its manufacturing capacity amidst a global chip shortage. The facility, expected to roll out its first production wafers in Q1 2023, will create 1,000 high-value jobs and strengthen Singapore's position in advanced manufacturing. This expansion is designed to meet surging demand driven by 5G, IoT, and cloud computing.",https://www.computerweekly.com/news/252502813/GlobalFoundries-to-open-new-fab-in-Singapore,Computer Weekly,Computer Weekly,20210622T212831,https://www.computerweekly.com/visuals/LeMagIT/hero_article/Fotolia_76174022_Silicon_wafer_searchsitetablet_520X173.jpg,0.522302,Bullish,0.605349,0.517266,Bullish
NVDA,3D interactive tour of ONTAP AI,"NetApp offers a 3D interactive tour of its ONTAP AI proven architecture, which combines NVIDIA DGX systems with NetApp cloud-connected all-flash storage to accelerate AI workloads. The tour allows users to explore various configurations, including NVIDIA DGX A100 servers and NetApp AFF A400 and A800 storage systems, with detailed views of individual components. This solution is designed to streamline data flow and speed up analytics, training, and inference across a data fabric from edge to core to cloud.",https://www.netapp.com/blog/3d-interactive-tour-of-ontap-ai/,NetApp,NetApp,20210622T214248,https://www.netapp.com/media/DMXD2279-hero-940x784_tcm19-55763.jpg?v=106307,0.327908,Somewhat-Bullish,0.857538,0.324450,Somewhat-Bullish
NVDA,NVIDIA Fleet Command Scales Edge AI Services for Enterprises,"NVIDIA has launched its Fleet Command managed edge AI services platform, designed to simplify the deployment and management of AI applications across thousands of locations for enterprises. This SaaS platform helps businesses securely roll out and manage AI applications on NVIDIA-Certified Systems, reducing IT burden and accelerating the adoption of AI in various industries. Early adopters include leading companies in retail, healthcare, and logistics, using Fleet Command to improve operational efficiency and address complex challenges in edge AI deployment.",https://nvidianews.nvidia.com/news/nvidia-fleet-command-scales-edge-ai-services-for-enterprises,NVIDIA Newsroom,NVIDIA Newsroom,20210622T214310,https://s3.amazonaws.com/cms.ipressroom.com/219/files/20215/60d16d39b3aed377e3446133_NVIDIA-Fleet-Command/NVIDIA-Fleet-Command_mid.jpg,0.32997,Somewhat-Bullish,1.000000,0.433537,Bullish
NVDA,NVIDIA Announces Instant AI Infrastructure for Enterprises,"NVIDIA has launched AI LaunchPad, a program that provides enterprises with immediate access to NVIDIA-powered infrastructure and software to streamline the entire AI lifecycle. Digital infrastructure leader Equinix is the first partner, offering NVIDIA-powered hybrid-cloud solutions globally that deploy in minutes. This initiative aims to simplify AI deployment for businesses by providing a comprehensive, ready-to-use hybrid-cloud platform.",https://nvidianews.nvidia.com/news/nvidia-announces-instant-ai-infrastructure-for-enterprises,NVIDIA Newsroom,NVIDIA Newsroom,20210622T214311,https://s3.amazonaws.com/cms.ipressroom.com/219/files/20215/60d16d41b3aed377e5446410_NVIDIA-AI-LaunchPad/NVIDIA-AI-LaunchPad_mid.jpg,0.302944,Somewhat-Bullish,1.000000,0.482978,Bullish
NVDA,Tesla Unveils Top AV Training Supercomputer Powered by NVIDIA A100 GPUs,"Tesla has unveiled its in-house supercomputer, powered by 5,760 NVIDIA A100 Tensor Core GPUs, to train deep neural networks for its Autopilot and self-driving capabilities. This system achieves an industry-leading 1.8 exaflops of performance, making it one of the top five supercomputers globally. The supercomputer is crucial for processing massive datasets from Tesla's fleet of over a million vehicles, allowing for continuous iteration and refinement of their autonomous driving AI.",https://blogs.nvidia.com/blog/tesla-av-training-supercomputer-nvidia-a100-gpus/,NVIDIA Blog,NVIDIA Blog,20210622T215630,https://blogs.nvidia.com/wp-content/uploads/2021/06/Tesla_Supercomputer-1280x680.jpg,0.431427,Bullish,0.886005,0.400727,Bullish
NVDA,"HPE should add bank card swipe to on-prem cloud for growth, says analyst","A disruptive technology analyst suggests that HPE's on-premises cloud solutions, like GreenLake, should incorporate credit card payment options to offer developers greater flexibility and agility, mimicking public cloud advantages. This would enable easy scaling of workloads and position HPE to capitalize on the shift of data and compute to the edge. The article emphasizes the importance of edge computing, detailing the challenges and opportunities for on-prem vendors, and also touches on the future of the semiconductor industry with increased competition.",https://siliconangle.com/2021/06/23/hpe-should-add-bank-card-swipe-to-on-prem-cloud-for-growth-says-analyst-hpediscover/,SiliconANGLE,SiliconANGLE,20210623T213105,https://d15shllkswkct0.cloudfront.net/wp-content/blogs.dir/1/files/2021/06/Patrick-Moorhead-HPE-Discover-2021.jpg,0.362345,Bullish,0.622610,0.300835,Somewhat-Bullish
NVDA,Nvidia’s Vid2Vid Cameo AI brings 2D photos to life in video calls,"Nvidia has introduced Vid2Vid Cameo, a deep learning model that enables users to display a chosen 2D image or avatar during video calls, animated by their real-time movements and facial expressions. This AI technology, soon available in the Nvidia Maxine SDK, aims to enhance professionalism, reduce bandwidth consumption, and minimize video call jitter and lag. It works by mapping 20 key facial points from a live video feed to a reference image, then synthesizing a new video stream on the receiver's end, requiring significantly less bandwidth than traditional video.",https://siliconangle.com/2021/06/24/nvidias-vid2vid-cameo-ai-brings-2d-photos-life-video-calls/,SiliconANGLE,SiliconANGLE,20210624T214311,https://d15shllkswkct0.cloudfront.net/wp-content/blogs.dir/1/files/2021/06/EMBARGOED-Vid2Vid-Cameo-Image.jpg,0.435025,Bullish,1.000000,0.415242,Bullish
NVDA,Volvo plans to add lidar as standard equipment in electric XC90 SUV next year,"Volvo Cars announced plans to make lidar sensors standard equipment in its electric XC90 SUV starting next year, a strategic move to enhance safety and autonomous driving. This decision positions Volvo differently from rivals like Tesla, which rely solely on cameras. Luminar Technologies Inc. will supply the Iris lidar and Sentinel software for this integration.",https://m.economictimes.com/magazines/panache/volvo-plans-to-add-lidar-as-standard-equipment-in-electric-xc90-suv-next-year/articleshow/83834933.cms,The Economic Times,The Economic Times,20210625T133700,,-0.048647,Neutral,0.619788,0.120728,Neutral
NVDA,"ACGR ETF Profile: Dividends, Returns (BOATS:ACGR)","The ACGR ETF (American Century Large Cap Growth ETF) is an actively managed fund that invests in large-cap stocks, utilizing a multi-factor model combining financial and ESG scores. The ETF holds a diversified portfolio primarily in Electronic Technology and Technology Services, with significant exposure to North America. It pays quarterly dividends and has an expense ratio of 0.39%.",https://www.tradingview.com/symbols/BOATS-ACGR/profile/,TradingView,TradingView,20210628T054052,https://s3-symbol-logo.tradingview.com/american-century-diversified--big.svg,0.275054,Somewhat-Bullish,0.601720,0.329722,Somewhat-Bullish
NVDA,Nvidia’s takeover of Arm gets support from Broadcom and other chip heavyweights,"Broadcom, MediaTek, and Marvell have publicly expressed their support for Nvidia's $40 billion acquisition of Arm, despite scrutiny from antitrust regulators and concerns from rivals like Qualcomm, Google, and Microsoft. These chip heavyweights cite assurances from Nvidia regarding increased investment in Arm's technology and continued fair access for the industry. The support comes as Nvidia and Arm CEOs argue the deal is necessary to meet growing demand and accelerate technological roadmaps in the semiconductor industry amidst a global chip shortage.",https://www.cnbc.com/2021/06/28/nvidias-takeover-of-arm-gets-support-from-broadcom-mediatek-marvell.html,CNBC,CNBC,20210628T111800,,0.064131,Neutral,1.000000,0.268456,Somewhat-Bullish
NVDA,Boost performance with NVIDIA Magnum IO GPUDirect Storage,"This article discusses how NVIDIA Magnum IO GPUDirect Storage (MIO GDS) can significantly boost performance for AI and data-intensive workloads by enabling direct data transfers between GPU memory and storage, bypassing the CPU. It highlights NetApp's AI solutions for NVIDIA DGX A100 systems, explaining how NetApp AFF and EF-Series arrays with BeeGFS integrate to leverage GDS for improved bandwidth and lower latency. The author, Mike McNamara, emphasizes the benefits for various industries and NetApp's role as a key NVIDIA partner in delivering these high-performance storage solutions.",https://www.netapp.com/blog/boost-performance-with-nvidia-magnum-io-gpudirect-storage/,NetApp,NetApp,20210628T214248,https://www.netapp.com/media/boost-hero-940x784_tcm19-56276.jpg?v=93574,0.403723,Bullish,0.915223,0.421081,Bullish
NVDA,NVIDIA and Global Partners Launch New HGX A100 Systems to Accelerate Industrial AI and HPC,"NVIDIA has enhanced its HGX AI supercomputing platform with new technologies designed to accelerate industrial AI and High-Performance Computing (HPC). The updates include the NVIDIA A100 80GB PCIe GPU, NVIDIA NDR 400G InfiniBand networking, and NVIDIA Magnum IO GPUDirect Storage software, aiming to deliver extreme performance for innovation. Partners like Atos, Dell Technologies, and Hewlett Packard Enterprise are integrating these advancements into their next-generation systems, leveraging the platform to address complex challenges in various industries.",https://nvidianews.nvidia.com/news/nvidia-and-global-partners-launch-new-hgx-a100-systems-to-accelerate-industrial-ai-and-hpc,NVIDIA Newsroom,NVIDIA Newsroom,20210628T214310,https://s3.amazonaws.com/cms.ipressroom.com/219/files/20215/60d97e71b3aed377e5447f97_NVIDIA-HGX-Platform/NVIDIA-HGX-Platform_mid.jpg,0.321861,Somewhat-Bullish,1.000000,0.496369,Bullish
NVDA,Nvidia integrates Arm processors with its 5G edge infrastructure platform,"Nvidia has announced the integration of Arm processors into its Nvidia Aerial A100 AI-on-5G platform, expanding its capabilities for 5G applications at the network edge. This move provides more choice for users, as the platform previously supported only x86-based CPUs from Intel. Additionally, Nvidia is partnering with Google LLC to establish an AI-on-5G Innovation Lab, aiming to accelerate the adoption and development of solutions on this combined AI and 5G platform.",https://siliconangle.com/2021/06/28/nvidia-integrates-arm-cpus-5g-edge-infrastructure-platform/,SiliconANGLE,SiliconANGLE,20210628T214311,https://d15shllkswkct0.cloudfront.net/wp-content/blogs.dir/1/files/2021/06/Nvidia-arm-5g-EDGE.png,0.297578,Somewhat-Bullish,1.000000,0.405204,Bullish
NVDA,Graphcore brings new competition to Nvidia in latest MLPerf AI benchmarks,"Graphcore, a UK-based startup, has demonstrated competitive performance against industry giants Nvidia and Google in the latest MLPerf AI benchmarks. While not securing the top spot in any test, Graphcore's results are significant when considering the fewer chips used and its commercial availability, positioning it as a viable alternative in the AI training market. Despite Nvidia's claims of ""cherry-picking"" comparisons and maintaining a strong overall lead, Graphcore emphasizes the economic advantage and scalability of its IPU systems.",https://www.zdnet.com/article/graphcore-brings-new-competition-to-nvidia-in-latest-mlperf-ai-benchmarks/,ZDNET,ZDNET,20210630T100000,https://www.zdnet.com/a/img/resize/55ba06b76601a6fbce6824d8ad24ff688b5de128/2021/06/30/af021708-3cd7-4136-a6fb-48d2c0bb412c/graphcore-nvidia-comparison-crop-layout-for-twitter.jpg?auto=webp&width=1280,0.144372,Neutral,1.000000,0.135124,Neutral
NVDA,"Invesco S&P 500 QVM Multi-factor ETF ETF Price, Holdings, & News (NYSEARCA:QVML)","The Invesco S&P 500 QVM Multi-factor ETF (QVML) is an exchange-traded fund that tracks a market-cap-weighted index of the top 90% of S&P 500 stocks based on quality, value, and momentum factors. Launched on June 30, 2021, and managed by Invesco, QVML currently has $1.54 billion in assets under management and a net expense ratio of 0.11%. Its stock has increased by 14.1% year-to-date, trading at $45.84, and its top holdings include major tech companies like NVIDIA, Apple, and Alphabet.",https://www.marketbeat.com/stocks/NYSEARCA/QVML/,MarketBeat,MarketBeat,20210630T131505,https://www.marketbeat.com/img/logos/thumbnail/invesco-sp-500-qvm-multi-factor-etf-logo.png?s=thumb&v=20221208101613,0.129694,Neutral,0.639097,0.107060,Neutral
NVDA,Texas Instruments to buy semiconductor factory in $900 million deal,"Texas Instruments announced it will acquire Micron Technology Inc.'s semiconductor factory in Lehi, Utah, for $900 million in cash. This acquisition will be TI's fourth 300-millimeter wafer facility, strengthening its manufacturing capabilities and supply chain control amid a global chip shortage. The company expects the plant to begin generating revenue in the first quarter of 2023, following an investment of approximately $75 million per quarter in 2022.",https://www.dallasnews.com/business/2021/06/30/texas-instruments-to-buy-semiconductor-factory-in-900-million-deal/,Dallas News,Dallas News,20210630T173400,,0.244282,Somewhat-Bullish,0.615780,0.235839,Somewhat-Bullish
NVDA,"D-MARKET Electronic Services & Trading (HEPS) Stock Price, News & Analysis $HEPS","This article provides an analysis of D-MARKET Electronic Services & Trading (HEPS) stock, including its current price, analyst ratings, and financial performance. It highlights the company's e-commerce operations in Turkey, its various services like Hepsiburada Market and Hepsipay, and key financial metrics. The consensus analyst rating is ""Reduce"" with a price target of $3.07, and the company does not currently pay a dividend.",https://www.marketbeat.com/stocks/NASDAQ/HEPS/,MarketBeat,MarketBeat,20210701T023943,,0.061697,Neutral,0.601361,0.146298,Neutral
NVDA,Advisor Ross Gerber Launches Active 'Roaring '20s' ETF,"Advisor Ross Gerber, president and CEO of Gerber Kawasaki Wealth and Investment Management, has launched an actively managed ETF called the AdvisorShares Gerber Kawasaki ETF (GK). This new ETF will focus on nine investment themes Gerber believes will thrive in the post-COVID economy, offering investors access to his stock-picking expertise in a tax-efficient structure. Gerber emphasizes that the ETF is designed as a core growth fund for long-term investors, not a ""get-rich-quick"" scheme, and aims to provide a smoother ride than more volatile single-theme funds.",https://www.wealthmanagement.com/etfs/advisor-ross-gerber-launches-active-roaring-20s-etf,WealthManagement.com,WealthManagement.com,20210701T202154,,0.352264,Bullish,0.609430,0.305806,Somewhat-Bullish
NVDA,Focus: Qualcomm's new CEO eyes dominance in the laptop markets,"Qualcomm's new CEO, Cristiano Amon, plans to challenge Apple's dominance in the laptop market by developing energy-efficient chips with the help of former Apple chip architects. The company is also focusing on revenue growth from China for its smartphone chip business despite political tensions and aims to leverage its Nuvia acquisition to push 5G connectivity into laptops, providing custom-designed chips to compete with Apple. Amon also faces the challenge of potentially losing Apple as a modem chip customer and improving Qualcomm's brand recognition among consumers.",https://www.reuters.com/technology/qualcomms-new-ceo-eyes-dominance-laptop-markets-2021-07-01/,Reuters,Reuters,20210702T010900,https://www.reuters.com/resizer/v2/https%3A%2F%2Fcloudfront-us-east-2.images.arcpublishing.com%2Freuters%2FVOWKUMW7QZIMRN2F75E4D4Q7QI.jpg?auth=d0840b3c69c6f849d448aa7d92cc94f58c7e997a6e1cb2f5b5f25a58eaf39a9c&width=1200&height=630&quality=85&smart=true,0.013441,Neutral,0.634629,-0.115727,Neutral
NVDA,"AvePoint (AVPT) Stock Price, News & Analysis","This article provides a comprehensive overview of AvePoint (AVPT) stock, including its current price, analyst ratings, financial health, earnings, and news sentiment. AvePoint specializes in data management and compliance solutions for Microsoft 365, with analysts giving it a ""Moderate Buy"" consensus rating and projecting significant upside potential. The company's stock has faced a recent downturn, but future earnings growth is expected.",https://www.marketbeat.com/stocks/NASDAQ/AVPT/,MarketBeat,MarketBeat,20210705T061041,,0.335757,Somewhat-Bullish,0.600753,0.349125,Somewhat-Bullish
NVDA,"NVIDIA Launches UK’s Most Powerful Supercomputer, for Research in AI and Healthcare","NVIDIA has launched Cambridge-1, the UK's most powerful supercomputer, to accelerate AI and simulation research in digital biology and healthcare. This $100 million investment will support projects with key partners like AstraZeneca and GSK to advance drug discovery, understand brain diseases, and improve genomic accuracy. The supercomputer is a NVIDIA DGX SuperPOD cluster, powered by 100% renewable energy, and aims to generate £600 million in economic value over the next decade.",https://nvidianews.nvidia.com/news/nvidia-launches-uks-most-powerful-supercomputer-for-research-in-ai-and-healthcare,NVIDIA Newsroom,NVIDIA Newsroom,20210706T202109,https://s3.amazonaws.com/cms.ipressroom.com/219/files/20216/60e4a915b3aed32f57468a22_nvidia-cambridge-1-supercomputer/nvidia-cambridge-1-supercomputer_mid.jpg,0.418455,Bullish,1.000000,0.430977,Bullish
NVDA,NVIDIA debuts supercomputer for healthcare and AI research,"NVIDIA has launched the Cambridge-1, acclaimed as the UK's most powerful supercomputer, with a $100 million investment aimed at healthcare applications. The supercomputer will utilize AI to advance drug development, explore dementia causes, and identify genomic disease risk factors. AstraZeneca and GSK are among the early users, leveraging its capabilities for chemical structure modeling, digital pathology, and genetic validation of drug targets.",https://www.drugdiscoverytrends.com/nvidia-debuts-supercomputer-for-healthcare-and-ai-research/,www.drugdiscoverytrends.com,www.drugdiscoverytrends.com,20210706T202109,https://www.drugdiscoverytrends.com/wp-content/uploads/2021/07/NVidia-300x195.jpg,0.471246,Bullish,0.966750,0.473230,Bullish
NVDA,Intel Corporation names Shlomit Weiss as co-General Manager of its Design Engineering Group,"Shlomit Weiss is returning to Intel as Senior Vice President and co-General Manager of its Design Engineering Group, where she will oversee chip development for client computers. Weiss, who previously spent 28 years at Intel and most recently served as Senior VP for Silicon Engineering at Nvidia, will work from Israel alongside Sunil Shenoy. She brings extensive experience, having been recognized for developing Intel's Dual-Core processor architecture and leading the Sky Lake processor development.","https://www.calcalistech.com/ctech/articles/0,7340,L-3911847,00.html",CTech,CTech,20210707T080400,,0.292774,Somewhat-Bullish,0.622735,0.115624,Neutral
NVDA,Nvidia launches $100M Cambridge-1 supercomputer to support healthcare research,"Nvidia has launched Cambridge-1, a $100 million supercomputer in the U.K. dedicated to life sciences research. It is the fastest supercomputer in the U.K., offering eight petaflops with Linpack and 400 petaflops for AI workloads, powered entirely by renewable energy. The system will support various research projects with partners like AstraZeneca, GSK, King's College London, Guy’s and St Thomas’ NHS Foundation Trust, and Oxford Nanopore Technologies, focusing on drug discovery, disease understanding, and algorithm improvement.",https://siliconangle.com/2021/07/07/nvidia-launches-100m-cambridge-1-supercomputer-support-healthcare-research/,SiliconANGLE,SiliconANGLE,20210707T204951,https://d15shllkswkct0.cloudfront.net/wp-content/blogs.dir/1/files/2021/07/nvidia.png,0.048693,Neutral,0.305837,0.020462,Neutral
NVDA,Qualcomm and InterDigital among founders of new US 6G initiative,"A new 6G initiative named 6G@UT has been launched in the US, based at the University of Texas in Austin, with key founders including Qualcomm, InterDigital, AT&T, Nvidia, and Samsung. This initiative aims to advance 6G research with a strong focus on embedding machine learning and sensing technologies, anticipating a future where AI/ML will fundamentally transform wireless communications. The founding members emphasize the importance of collaborative research to develop intelligent networks capable of providing advanced services and supporting futuristic applications like holographic calls and immersive AR/VR.",https://www.telecoms.com/5g-6g/qualcomm-and-interdigital-among-founders-of-new-us-6g-initiative,Telecoms,Telecoms,20210708T203940,https://eu-images.contentstack.com/v3/assets/blt3d4d54955bda84c0/blt15a5134256e5305b/654ce32e2e70d4040a85f875/6G-technologies.jpg?width=1280&auto=webp&quality=80&format=jpg&disable=upscale,0.36752,Bullish,0.616894,0.338099,Somewhat-Bullish
NVDA,"JPMorgan U.S. Research Enhanced Large Cap ETF ETF Price, Holdings, & News (NYSEARCA:JUSA)","The JPMorgan U.S. Research Enhanced Large Cap ETF (JUSA) is an actively managed ETF focusing on large-cap US equities, launched on July 7, 2021, and managed by JPMorgan Chase. The ETF has seen a 7.6% increase in its stock price since the beginning of the year and currently has $204.68 million in assets under management. Its top holdings include major technology companies like NVIDIA, Apple, Microsoft, and Amazon.com.",https://www.marketbeat.com/stocks/NYSEARCA/JUSA/,MarketBeat,MarketBeat,20210709T150902,,0.315129,Somewhat-Bullish,0.603634,0.346112,Somewhat-Bullish
NVDA,Ash Bhalgat Author Page,"This page introduces Ash Bhalgat, Senior Director of AI Networking and Security Solutions at NVIDIA, detailing his 25 years of high-tech experience at companies like Cisco and Polycom. It highlights his expertise in various technologies, including data centers, AI, and cybersecurity. The page also features articles he's associated with, such as collaborations between NVIDIA and F5, and NVIDIA and Palo Alto Networks, to enhance AI efficiency and cyber defenses.",https://blogs.nvidia.com/blog/author/abhalgat/,NVIDIA Blog,NVIDIA Blog,20210712T203327,https://blogs.nvidia.com/wp-content/uploads/2021/07/Picture1.png,0.29776,Somewhat-Bullish,1.000000,0.439335,Bullish
NVDA,NVIDIA and Palo Alto Networks Boost Cyber Defenses with DPU Acceleration,"NVIDIA and Palo Alto Networks have partnered to enhance cybersecurity by accelerating Palo Alto Networks' virtual next-generation firewall (NGFW) with NVIDIA's BlueField data processing unit (DPU). This collaboration significantly boosts firewall performance by offloading packet filtering and forwarding, achieving a 5x performance increase and enabling intelligent traffic offload. The new solution allows for comprehensive security coverage across all servers without compromising network speed, addressing the rising costs and sophistication of cybercrime.",https://blogs.nvidia.com/blog/palo-alto-networks-cyber-defenses/,NVIDIA Blog,NVIDIA Blog,20210712T204951,https://blogs.nvidia.com/wp-content/uploads/2021/07/pan-feature.jpg,0.43022,Bullish,1.000000,0.443299,Bullish
NVDA,AutoX Unveils Full Self-Driving System Powered by NVIDIA DRIVE,"AutoX has launched its ""Gen5"" self-driving system, designed specifically for robotaxis and powered by NVIDIA DRIVE automotive-grade GPUs, achieving up to 2,200 TOPS of AI compute performance. This system enables full self-driving mobility services without a safety driver, as demonstrated in Shenzhen, China, and is central to AutoX's plans for a global robotaxi rollout. The Gen5 system utilizes 28 cameras, six lidar sensors, and 4D radar to navigate complex urban environments, with NVIDIA Ampere architecture GPUs providing the necessary processing power for advanced AI.",https://blogs.nvidia.com/blog/autox-full-self-driving-nvidia-drive/,NVIDIA Blog,NVIDIA Blog,20210712T204951,https://blogs.nvidia.com/wp-content/uploads/2021/07/AutoX_blog.jpg,0.31777,Somewhat-Bullish,1.000000,0.496990,Bullish
NVDA,Is Nvidia Stock A Buy Now Before Its Stock Split? (NASDAQ:NVDA),"NVIDIA has announced a stock split effective July 20, which historically can lead to short-term price movements. While growth and valuation are long-term drivers, NVIDIA is well-positioned for future growth but its shares are currently historically expensive. The article explores whether NVIDIA is a buy before its upcoming stock split, considering both its growth prospects and current valuation.",https://seekingalpha.com/article/4438814-nvidia-stock-buy-before-stock-split,Seeking Alpha,Seeking Alpha,20210712T204951,https://static.seekingalpha.com/cdn/s3/uploads/getty_images/1250581414/image_1250581414.jpg?io=getty-c-w750,0.284759,Somewhat-Bullish,1.000000,0.238875,Somewhat-Bullish
NVDA,Nvidia reveals how its BlueField DPUs boost Palo Alto Networks' virtual firewall performance,"Palo Alto Networks and Nvidia detailed their collaboration on a massively accelerated virtual next-generation firewall (NGFW) that uses Nvidia's BlueField-2 Data Processing Units (DPUs) to offload network traffic inspection from server CPUs, significantly boosting performance. The VM-Series NGFW can achieve 100 gigabytes per second throughput, a five-times improvement over CPU-only firewalls, by utilizing the DPUs for intelligent traffic filtering and offloading uninspectable or unnecessary traffic. This approach allows server CPUs to focus on compute tasks and optimizes firewall efficiency without compromising security.",https://siliconangle.com/2021/07/12/nvidia-reveals-bluefield-dpus-boost-palo-alto-networks-virtual-firewall-performance/,SiliconANGLE,SiliconANGLE,20210712T204951,https://d15shllkswkct0.cloudfront.net/wp-content/blogs.dir/1/files/2021/07/nvidia-bluefield-dpu-palo-alto.png,0.437675,Bullish,0.966614,0.465487,Bullish
NVDA,XYLG Stock Price | Global X S&P 500 Covered Call & Growth ETF,"This page provides detailed information about the Global X S&P 500 Covered Call & Growth ETF (XYLG), including its current stock price, trading exchange (NYSE), and key statistics like dividend yield, expense ratio, and market cap. It also offers insights into its performance, top holdings, and technical analysis, making it a comprehensive resource for potential investors.",https://www.investing.com/etfs/xylg,Investing.com,Investing.com,20210713T071013,https://i-invdn-com.investing.com/companies_logos/125702_1721899419.png,0.188762,Somewhat-Bullish,0.606757,0.301192,Somewhat-Bullish
NVDA,What’s fuelling growth in the Global X Autonomous & Electric Vehicles ETF?,"The Global X Autonomous & Electric Vehicles ETF (DRIV) has shown significant growth, fueled by increasing demand for electric and autonomous vehicles and government initiatives supporting green energy. Top holdings include Nvidia, Alphabet, Microsoft, Apple, and Toyota, reflecting investment in both hardware and software for this disruptive technology. Despite potential challenges like volatility and supply chain issues, analysts believe the ETF offers diversified exposure to the booming EV sector.",https://www.cmcmarkets.com/en-au/opto/whats-fuelling-growth-in-the-global-x-autonomouselectric-vehicles-etf,CMC Markets,CMC Markets,20210713T213946,https://assets.cmcmarkets.com/images/VW-EV-1207.jpg,0.320366,Somewhat-Bullish,0.896549,0.480861,Bullish
NVDA,PTC Collaborates with NVIDIA and NetApp to Launch AI Integration Hub,"PTC System (S) Pte Ltd has launched an AI Integration Hub in collaboration with NVIDIA and NetApp to help enterprises leverage AI and data science. The hub is built on NetApp ONTAP AI, combining NVIDIA DGX systems and NetApp All Flash FAS, and aims to accelerate the deployment of AI applications by offering free testing services. This initiative, supported by key executives from PTC, NetApp, and NVIDIA, seeks to boost AI adoption across the Asia-Pacific region, including Singapore, by providing high-performance computing infrastructure and simplified AI deployment paths.",https://www.macaubusiness.com/ptc-collaborates-with-nvidia-and-netapp-to-launch-ai-integration-hub/,Macau Business,Macau Business,20210714T205207,,0.308756,Somewhat-Bullish,0.933423,0.410257,Bullish
NVDA,Intel exploring deal to buy US chipmaker GlobalFoundries for $30B,"Intel Corp. is reportedly in talks to acquire chipmaker GlobalFoundries Inc. for up to $30 billion, which would be Intel's largest acquisition to date. The potential deal aligns with Intel CEO Pat Gelsinger's strategy to bolster the company's chip production capabilities and compete with industry leaders like TSMC. Analysts note the acquisition could offer immediate benefits to Intel by providing access to more fabs, while GlobalFoundries' owners would secure a significant payday without the uncertainty of an IPO.",https://siliconangle.com/2021/07/15/intel-exploring-deal-buy-u-s-chip-maker-globalfoundries-30b/,SiliconANGLE,SiliconANGLE,20210715T203500,https://siliconangle.com/files/2016/07/GlobalFoundries.jpg,0.083711,Neutral,0.623354,0.144213,Neutral
NVDA,Intel is in talks to buy GlobalFoundries for about $30 billion,"Intel is reportedly in discussions to acquire GlobalFoundries for approximately $30 billion, a move that would significantly boost Intel's strategy to become a major contract chip manufacturer. This potential acquisition aligns with Intel CEO Pat Gelsinger's push to expand chip-making capabilities for other companies, a market currently dominated by Taiwan Semiconductor Manufacturing Co. The deal, if it materializes, would be Intel's largest acquisition ever, although GlobalFoundries is also considering an initial public offering.",https://www.foxbusiness.com/technology/intel-is-in-talks-to-buy-globalfoundries-for-about-30-billion,Fox Business,Fox Business,20210715T215500,,0.168889,Somewhat-Bullish,0.604033,0.146209,Neutral
NVDA,AEye’s LiDAR to be Available on The NVIDIA DRIVE Autonomous Vehicle Platform,"AEye, Inc. announced its adaptive, intelligent LiDAR solutions will be available on the NVIDIA DRIVE autonomous vehicle platform. This collaboration will provide ADAS and AV developers with advanced tools to enhance data quality for Level 2+ to Level 5 autonomous driving applications. Both companies emphasize that intelligence and AI-driven sensing are crucial for developing safer and high-performing autonomous systems.",https://www.autofutures.tv/topics/aeye-s-lidar-to-be-available-on-the-nvidia-drive-autonomous-vehicle-platform/s/a89b4bf5-7add-4d93-bcd4-d81637e385a9,Auto Futures,Auto Futures,20210716T204152,,0.285756,Somewhat-Bullish,0.937926,0.347932,Somewhat-Bullish
NVDA,AdvisorShares Gerber Kawasaki ETF,"This page provides a detailed profile of the AdvisorShares Gerber Kawasaki ETF (GK), including its current price, category, expenses, holdings, and performance metrics. It also offers insights into its ESG scores, sector allocation, and volatility analysis. The article serves as a comprehensive resource for financial advisors and investors tracking this specific active ETF.",https://etfdb.com/etf/GK/,ETF Database,ETF Database,20210719T070922,,0.307218,Somewhat-Bullish,0.698093,0.333182,Somewhat-Bullish
NVDA,Best Buy Is Selling Nvidia RTX 30 Series GPUs At MSRP Tomorrow,"Best Buy stores nationwide will be selling Nvidia RTX 30 series graphics cards at their original MSRP starting tomorrow, July 20th. Due to severe shortages and price inflation, this offers a rare opportunity for customers to purchase these GPUs at normal prices. Best Buy will be implementing a ticketing system at participating stores to manage demand and discourage scalping.",https://www.gamespot.com/articles/best-buy-is-selling-nvidia-rtx-30-series-gpus-at-msrp-tomorrow/1100-6494134/,GameSpot,GameSpot,20210719T115300,https://www.gamespot.com/a/uploads/original/1585/15853545/3857758-screenshot2021-07-19at20.18.50.png,0.173015,Somewhat-Bullish,0.828103,0.342261,Somewhat-Bullish
NVDA,Nvidia Stock’s Surge Makes Chip Maker 10th-Biggest U.S. Listed Company,"Nvidia Corp. has become the 10th-largest U.S. public company due to a surge in its stock, driven by the post-pandemic boom in the semiconductor business. The company's shares have increased by nearly 80% over the past year, resulting in a market value of approximately $453 billion. This valuation exceeds the combined market capitalization of its rivals Intel Corp. and Broadcom Inc.",https://www.wsj.com/finance/stocks/nvidia-stocks-surge-makes-chip-maker-10th-biggest-u-s-listed-company-11626696001?gaa_at=eafs&gaa_n=AWEtsqf066w9ANOYx4y699_umQJL2ptPMUTMOLYzU_dsww3QYijxkHjE9hWf&gaa_ts=6907c7ab&gaa_sig=TR-48UT8cUYSO-bNG-Ocl0EyqvIOc7Y23ehEGygCARMq4wmuoonIVMxRq7AHeCGUDLNwGHwxR4SBEo7Y6twb7A%3D%3D,The Wall Street Journal,The Wall Street Journal,20210719T205218,,0.262426,Somewhat-Bullish,1.000000,0.487075,Bullish
NVDA,"Newcomer Viridi Funds Launches Clean Energy Crypto Mining ETF, 'RIGZ'","Viridi Funds has launched its first ETF, the Viridi Cleaner Energy Crypto-Mining & Semiconductor ETF (RIGZ), offering investors exposure to environmentally sustainable cryptocurrency. The actively managed fund will invest in companies across the crypto mining industry and infrastructure, including semiconductor producers, mining rig manufacturers, and crypto mining companies. RIGZ aims to align purpose and profit by focusing on sustainable practices within the growing crypto ecosystem, particularly in North America where over 50% of Bitcoin mining uses renewable energy sources.",https://www.etftrends.com/newcomer-viridi-funds-launches-clean-energy-crypto-mining-etf-rigz/,ETF Trends,ETF Trends,20210720T202237,,0.189641,Somewhat-Bullish,0.618447,0.111070,Neutral
NVDA,Chip design giant Cadence launches AI platform to speed processor development,"Cadence Design Systems Inc. has launched Cerebrus Intelligent Chip Explorer, an AI platform designed to accelerate processor development and enhance the productivity of semiconductor engineers. The platform utilizes machine learning, specifically reinforcement learning, to automate and optimize various stages of chip design, including register-transfer level development and floorplan creation. Early adopters like Renesas Electronics Corp. and Samsung Electronics Co. Ltd.'s foundry business have already seen significant improvements in chip performance.",https://siliconangle.com/2021/07/22/chip-design-giant-cadence-launches-ai-platform-speed-processor-development/,SiliconANGLE,SiliconANGLE,20210722T201907,https://d15shllkswkct0.cloudfront.net/wp-content/blogs.dir/1/files/2021/07/cadence.jpg,0.341903,Somewhat-Bullish,0.648019,0.226050,Somewhat-Bullish
NVDA,Intel CEO Says Chip Shortage Could Stretch Into 2023,"Intel CEO Pat Gelsinger believes the global semiconductor shortage could extend into 2023, joining a growing consensus that supply chain disruptions will persist. The shortage is impacting various industries, leading to rising prices and production delays for goods ranging from consumer gadgets to automobiles. While some easing is expected later this year, a full return to supply-and-demand balance in the semiconductor industry could take one to two years due to the time required to build manufacturing capacity.",https://www.wsj.com/business/earnings/intel-intc-2q-earnings-report-2021-11626899296?gaa_at=eafs&gaa_n=AWEtsqcTqwMhJlj7sGiaR6IRfnR0ZwCIG9UOw2SntalEu0JRwM5XFGpzm1lY&gaa_ts=6907c2fd&gaa_sig=eLGEa4rBPCOxj8dkLHRFTyIxYB_yQ_aP4svybOUDtd6gQY_34Nj63GHxZR3HpXyuSexkLfxkG0OAt4lAyaHkrQ%3D%3D,The Wall Street Journal,The Wall Street Journal,20210722T203153,,-0.134495,Neutral,0.603398,-0.117847,Neutral
NVDA,Cyberpower Hyper Liquid Ultra RTX PC,"This article reviews Cyberpower's high-end Hyper Liquid Ultra RTX PC, priced at £4,899. It highlights the system's powerful components, including a watercooled AMD Ryzen 9 5950X and Nvidia GeForce RTX 3080 Ti, and critically assesses its build and performance. While praising the component selection generally, the review points out areas for improvement such as the motherboard choice, idle noise levels, and RGB control.",https://bit-tech.net/reviews/tech/pcs/cyberpower-pc-review/1/,Bit-Tech,Bit-Tech,20210723T141500,https://bit-tech.net/media/image/2021/7/1f74a57a-a784-4b56-81bd-2b7e66aaae21.jpeg,0.237378,Somewhat-Bullish,0.721185,0.339377,Somewhat-Bullish
NVDA,FTC changes course on prior approval for reattempted mergers,"The Federal Trade Commission (FTC) has voted to rescind a 1995 policy statement, allowing them to routinely require prior approval for reattempted mergers and prior notice for mergers below the Hart-Scott-Rodino (HSR) threshold. This move, initiated by FTC Chairman Lina Khan and following President Biden's executive order, aims to bolster protections against unlawful mergers and acquisitions by removing the need for new, time-consuming investigations into deals previously deemed anticompetitive. While supported by a 3-2 vote, Commissioner Noah Phillips expressed concerns that ignoring market changes could hinder normal market operations.",https://www.techtarget.com/searchcio/news/252504443/FTC-changes-course-on-prior-approval-for-reattempted-mergers,TechTarget,TechTarget,20210723T210254,https://www.techtarget.com/rms/onlineimages/legal_g1134366930_searchsitetablet_520X173.jpg,0.060382,Neutral,0.609084,0.131780,Neutral
NVDA,"As global demand for microchips surges, tech giants go all-in on Israel","Amid a global surge in microchip demand and a component shortage, major tech companies like Google, Microsoft, Facebook, Intel, and Nvidia are establishing or expanding chip design operations in Israel. The country is benefiting from its strong R&D capabilities and skilled workforce in semiconductor design. This trend is attracting increased venture capital investment, despite challenges like a shortage of engineers and rising salaries.",https://www.timesofisrael.com/as-global-demand-for-microchips-surges-tech-giants-go-all-in-on-israel/,The Times of Israel,The Times of Israel,20210726T204951,https://static-cdn.toi-media.com/www/uploads/2021/07/iStock-899744620-e1626722082895-1024x640.jpg,0.354223,Bullish,0.801959,0.344066,Somewhat-Bullish
NVDA,Upcoming DL RecSys Summit: Develop and Optimize Deep Learning Recommender Systems,"NVIDIA, Facebook, and TensorFlow are hosting a summit on July 29 to discuss best practices for developing and optimizing deep learning recommender systems. The event will feature sessions covering high-performance model training, architectural optimization, and using TensorFlow Recommenders. Experts from these companies will share insights to help engineers and data scientists build effective recommender systems.",https://developer.nvidia.com/blog/upcoming-dl-recsys-summit-develop-and-optimize-deep-learning-recommender-systems/,NVIDIA Developer,NVIDIA Developer,20210726T204951,https://developer-blogs.nvidia.com/wp-content/uploads/2021/07/Deep-Learning-RecSys-Summit-featured.jpg,0.031459,Neutral,0.320617,0.039887,Neutral
NVDA,"Intel to build Qualcomm chips, aims to catch foundry rivals by 2025","Intel announced its factories will begin building chips for Qualcomm and Amazon, aiming to regain its leadership in chip manufacturing by 2025 against rivals like TSMC and Samsung. The company outlined a new roadmap with five chipmaking technologies and a revised naming scheme to reflect its competitive standing. This move signifies Intel's commitment to overcoming past delays and establishing itself as a leading foundry.",https://www.reuters.com/technology/intel-build-qualcomm-chips-aims-catch-foundry-rivals-by-2025-2021-07-26/,Reuters,Reuters,20210726T215600,https://www.reuters.com/resizer/v2/https%3A%2F%2Ffilter.reuters.com%2Fstatic%2F1983059039.jpg?auth=a770732df3010b42c676231908d3e230,0.144893,Neutral,0.624135,0.053241,Neutral
NVDA,ANNUAL REPORT 2021 Arm: Business Strategy,"Arm's 2021 annual report highlights its business strategy as a leader in semiconductor technology, emphasizing its licensing model and significant investments in R&D since being acquired by SoftBank Group in 2016. The report details how these investments are leading to increasing revenue growth, particularly from 5G smartphone sales and the emerging Arm-based server chip market, despite challenges like the COVID-19 pandemic. It also touches on future growth drivers, including new markets like IoT and autonomous vehicles, and the planned sale of Arm to NVIDIA.",https://group.softbank/en/ir/financials/annual_reports/2021/message/segars,ソフトバンクグループ株式会社,ソフトバンクグループ株式会社,20210728T193616,,0.27579,Somewhat-Bullish,0.834008,0.109180,Neutral
NVDA,Corsair One a200 gaming PC review,"The Corsair One a200 is a compact gaming PC that combines an AMD Ryzen 9 5900X CPU and an Nvidia GeForce RTX 3080 GPU in a small form factor, delivering excellent 4K gaming performance. Despite its size, it manages impressive thermal performance for the GPU due to a dual-liquid cooling system, although the CPU runs a bit hot. The PC is praised for its powerful components, ease of setup, and quiet operation, though its upgradeability is limited compared to larger systems.",https://www.pcgamer.com/corsair-a200-gaming-pc-review/,PC Gamer,PC Gamer,20210728T202733,https://cdn.mos.cms.futurecdn.net/Vt5p3NaaQiLRR8Ub87jf8X.jpg,0.342342,Somewhat-Bullish,0.796672,0.334148,Somewhat-Bullish
NVDA,OpenAI debuts new AI programming language for creating neural networks,"OpenAI has released Triton 1.0, a new programming language designed to simplify and accelerate the creation of high-speed machine learning algorithms, especially those running on Nvidia GPUs. Triton automates complex code optimizations previously requiring extensive CUDA experience, thereby speeding up AI projects and enabling more efficient algorithm development. It optimizes data movement between GPU memory, data distribution across SRAM circuits, and calculation distribution across CUDA cores.",https://siliconangle.com/2021/07/28/openai-debuts-new-ai-programming-language-creating-neural-networks/,SiliconANGLE,SiliconANGLE,20210728T204951,https://d15shllkswkct0.cloudfront.net/wp-content/blogs.dir/1/files/2021/07/openai.png,0.208736,Somewhat-Bullish,0.888740,0.299872,Somewhat-Bullish
NVDA,AI on the bench: Cadence offers machine learning to smooth chip design,"Cadence Design Systems has released Cerebrus Intelligent Chip Explorer, a new software program that uses machine learning to automate aspects of chip design. This tool aims to enhance human productivity by an order of magnitude and improve chip quality metrics like power, performance, and area (PPA) by up to 20%. Cerebrus leverages reinforcement learning to run numerous experiments simultaneously, assisting designers in finding optimal solutions for increasingly complex chip architectures.",https://www.zdnet.com/article/ai-on-the-bench-cadence-offers-machine-learning-to-smooth-chip-design/,ZDNET,ZDNET,20210802T101900,https://www.zdnet.com/a/img/resize/3d19016b7aab723340fc7b4eff3ca37807dfc282/2021/08/02/7b902741-4f4e-4956-a908-b36b1b7dacf0/slide-8-cerebrus-press-deck-071921-embargoed-until-jul-22.jpg?auto=webp&width=1280,0.333072,Somewhat-Bullish,0.647893,0.346236,Somewhat-Bullish
NVDA,NVIDIA Advances Instant AI with North American Availability of Base Command Platform,"NVIDIA has announced the North American availability of its Base Command Platform, a hosted AI development hub providing instant access to NVIDIA DGX SuperPOD supercomputers. This platform, hosted by Equinix and part of the NVIDIA AI LaunchPad program, is designed for enterprises with large-scale, multi-user AI workflows, enabling them to accelerate AI projects from prototype to production. Adobe is an early adopter, exploring its potential to streamline machine learning development, and the platform is supported by partners like NetApp and Weights & Biases for integrated data management and MLOps tools.",https://nvidianews.nvidia.com/news/nvidia-advances-instant-ai-with-north-american-availability-of-base-command-platform,NVIDIA Newsroom,NVIDIA Newsroom,20210802T195917,https://s3.amazonaws.com/cms.ipressroom.com/219/files/202108/6107ece7ed6ae5746fcf10a9_e63bf61d-2056-4e2a-9693-8ad755f7a25/e63bf61d-2056-4e2a-9693-8ad755f7a25_mid.jpg,0.340448,Somewhat-Bullish,1.000000,0.472063,Bullish
NVDA,U.K. Considers Blocking Nvidia Takeover of Arm Over Security,The U.K. government is reportedly considering blocking Nvidia's $40 billion acquisition of Arm Ltd. due to potential national security concerns. This move could complicate Nvidia's push to expand its presence in the semiconductor market through the deal with Japan's SoftBank Group Corp.,https://www.bloomberg.com/news/articles/2021-08-03/u-k-considers-blocking-nvidia-s-takeover-of-arm-over-security,Bloomberg.com,Bloomberg.com,20210803T151300,,-0.159655,Somewhat-Bearish,0.954420,-0.317190,Somewhat-Bearish
NVDA,The U.K. may block Nvidia’s acquisition of Arm over security risks,"The U.K. government is considering blocking Nvidia's $40 billion acquisition of Arm Ltd. due to potential national security concerns. The Competition and Markets Authority (CMA) delivered an assessment with worrying implications, leading the U.K. to be inclined to reject the takeover or impose strict conditions. Arm's critical role in the semiconductor industry and Nvidia's status as a direct competitor to many of Arm's customers are central to the concerns, prompting Nvidia to state its commitment to addressing any issues the U.K. government may have.",https://fortune.com/2021/08/03/uk-block-nvidia-arm-acquisition-security-risk/,Fortune,Fortune,20210803T195917,,-0.166924,Somewhat-Bearish,1.000000,-0.206915,Somewhat-Bearish
NVDA,Zero Waste with Taste: Startup Uses AI to Drive Sustainable Fashion,"Heartdub, an AI startup and NVIDIA Inception member, is revolutionizing the fashion industry by using AI to create virtual garments and reduce waste. Their software digitizes textiles and simulates how clothes appear on the human body, significantly cutting down on physical samples, R&D costs, and lead times. This technology aims to help companies achieve zero-waste manufacturing and allows consumers to visualize clothing on digital avatars based on their own measurements.",https://blogs.nvidia.com/blog/inception-heartdub-ai-startup/,NVIDIA Blog,NVIDIA Blog,20210804T195917,https://blogs.nvidia.com/wp-content/uploads/2021/08/heartdub.gif,0.825238,Bullish,1.000000,0.809498,Bullish
NVDA,Microchip Technology sees record sales as computer chip supply issues persist,"Microchip Technology (MCHP) reported record-setting sales at the beginning of its 2022 fiscal year, driven by the ongoing global demand for computer chips. CEO Ganesh Moorthy indicated that the entire semiconductor supply chain remains constrained, suggesting that chip shortages will extend into 2022. The company, based in Chandler, is experiencing strong demand amidst an industry-wide supply crunch.",https://www.bizjournals.com/phoenix/news/2021/08/04/microchip-technology-record-quarterly-sales.html,The Business Journals,The Business Journals,20210804T204252,,0.298673,Somewhat-Bullish,0.591021,0.195437,Somewhat-Bullish
NVDA,NVIDIA maintains dominant position in 2020 market for AI processors for cloud and data center,"NVIDIA maintained its dominant position in the 2020 global market for AI processors used in cloud and data centers, holding an 80.6% share of global revenue. The company generated $3.2 billion in cloud and data center AI processor revenue, up from $1.8 billion in 2019, primarily due to its leadership in GPU-derived chips. Omdia predicts that alternative suppliers will gain significant market share in the coming years despite NVIDIA's current advantage.",https://omdia.tech.informa.com/pr/2021/aug/nvidia-maintains-dominant-position-in-2020-market-for-ai-processors-for-cloud-and-data-center,Omdia,Omdia,20210804T205219,,0.231616,Somewhat-Bullish,1.000000,0.492212,Bullish
NVDA,Colorful Releases Special Edition iGame RTX 3070 LHR For Bilibili E-Sports Team,"Colorful has released a special edition iGame RTX 3070 LHR graphics card exclusively for China's Bilibili E-Sports team and market. This unique card features a 12-pin power connection and a dual-fan design similar to RTX 3080 and RTX 3090 Founders Edition cards. It offers a slight overclocking boost and a low hash rate, tailored for the e-sports segment in specified regions.",https://wccftech.com/colorful-releases-special-edition-igame-rtx-3070-lhr-for-bilibili-e-sports-team/,Wccftech,Wccftech,20210805T193136,https://cdn.wccftech.com/wp-content/uploads/2021/04/Colorful-GeForce-RTX-3060-iGame-Bilibili-Edition-Graphics-Card-740x389.jpg,0.204498,Somewhat-Bullish,0.602734,0.213949,Somewhat-Bullish
NVDA,Qualcomm Bids Against Magna For Veoneer,"Qualcomm has made a $4.6 billion offer to acquire Swedish automotive technology supplier Veoneer, outbidding Magna International's previous $3.8 billion proposal. This move aligns with Qualcomm's strategy to expand its presence in the automotive market, particularly in ADAS and autonomous control systems, leveraging their existing collaboration with Veoneer. The acquisition would allow Qualcomm to offer a complete hardware and software stack to various automotive players, enhancing its growing automotive revenue stream.",https://www.forbes.com/sites/tiriasresearch/2021/08/05/qualcomm-bids-against-magna-for-veoneer/,Forbes,Forbes,20210805T195530,https://imageio.forbes.com/specials-images/imageserve/610c21f0e3faeefe584537a9/Qualcomm-log-of-a-self-driving-car/0x0.jpg?width=960,0.106042,Neutral,0.588369,-0.144547,Neutral
NVDA,Cattle-ist for the Future: Plainsight Revolutionizes Livestock Management with AI,"Plainsight, an NVIDIA Metropolis partner, is leveraging vision AI and NVIDIA GPUs to revolutionize livestock management. Their system improves accuracy in cattle counting and health monitoring, reducing financial losses and enhancing overall operational efficiency for companies like JBS USA. Beyond managing livestock, Plainsight is also collaborating with CattlePass to use vision AI for tracking cattle on the blockchain, creating digital assets with verifiable ownership and transparent lifecycle records.",https://blogs.nvidia.com/blog/plainsight-cattle-management-ai/,NVIDIA Blog,NVIDIA Blog,20210806T195917,https://blogs.nvidia.com/wp-content/uploads/2021/08/Plainsight-Licensed-Banner_AdobeStock_283109721-1-1280x762.jpeg,0.349685,Somewhat-Bullish,1.000000,0.462280,Bullish
NVDA,All AI Do Is Win: NVIDIA Research Nabs ‘Best in Show’ With Digital Avatars at SIGGRAPH,"NVIDIA Research received the ‘Best in Show’ award at SIGGRAPH 2021 for their digital avatar technology, which integrates four AI models. This technology allows for the creation of lifelike virtual characters from a single photo, natural 3D facial animation, and text-to-speech conversion. The innovative tools aim to simplify the creation of digital avatars for various applications, including videoconferencing and storytelling.",https://blogs.nvidia.com/blog/siggraph-real-time-live-demo/,NVIDIA Blog,NVIDIA Blog,20210810T195917,https://blogs.nvidia.com/wp-content/uploads/2021/08/realtimelive_2-1280x720.jpg,0.617827,Bullish,1.000000,0.853015,Bullish
NVDA,What Is the Metaverse?,"NVIDIA CEO Jensen Huang defines the metaverse as Web 3.0, the ""3D internet,"" a network of connected, persistent, virtual worlds that will extend 2D web pages into 3D spaces. The article highlights how NVIDIA Omniverse, built on Pixar's Universal Scene Description (USD), is enabling the creation and connection of these worlds, facilitating applications like digital twins for various industries, from fashion to manufacturing and climate prediction. The metaverse is envisioned to grow exponentially, requiring new computing models and serving as a platform for humans and AI to collaborate, particularly in robotics and industrial automation.",https://blogs.nvidia.com/blog/what-is-the-metaverse/,NVIDIA Blog,NVIDIA Blog,20210810T195917,https://blogs.nvidia.com/wp-content/uploads/2021/08/nvidia-omniverse-1280x720.jpg,0.512371,Bullish,1.000000,0.712357,Bullish
NVDA,From Our Kitchen to Yours: NVIDIA Omniverse Changes the Way Industries Collaborate,"This article details how NVIDIA Omniverse revolutionized the creation of NVIDIA's GTC keynote, enabling distributed teams to collaborate on complex 3D scenes and simulations. It highlights Omniverse's use in creating photorealistic visuals, advanced physics simulations, and a ""digital twin"" of a BMW factory, ultimately crafting a compelling narrative for the event, including a virtual Jensen Huang. The piece emphasizes Omniverse's potential to transform industry collaboration and simulation.",https://blogs.nvidia.com/blog/omniverse-making-of-gtc/,NVIDIA Blog,NVIDIA Blog,20210811T195917,https://blogs.nvidia.com/wp-content/uploads/2021/08/kitchen-OV-header.jpg,0.025668,Neutral,0.305935,0.021708,Neutral
NVDA,Nvidia CEO Jensen Huang will receive the chip industry's top award,"Nvidia CEO Jensen Huang is being recognized with the Semiconductor Industry Association's prestigious Robert Noyce Award. The award acknowledges Nvidia's significant contributions across gaming, self-driving cars, and scientific computing. Huang will receive the honor at a dinner ceremony in November.",https://www.bizjournals.com/sanjose/news/2021/08/12/nvidia-ceo-huang-to-get-chip-industrys-top-award.html,The Business Journals,The Business Journals,20210812T205220,,0.267035,Somewhat-Bullish,1.000000,0.435737,Bullish
NVDA,"Nvidia earnings will be a data-center show, but don’t miss the software on the side stage","Nvidia's upcoming earnings report is expected to heavily feature its data-center sales, with analysts projecting a significant increase. Despite its reputation for chip manufacturing, the article suggests that Nvidia's valuation warrants attention to its software contributions. The company's CEO previously highlighted strong demand for its data-center GPUs.",https://www.marketwatch.com/story/nvidia-earnings-will-be-a-data-center-show-but-dont-miss-the-software-on-the-side-stage-11629131020?gaa_at=eafs&gaa_n=AWEtsqdQcUGFpQUObf6ULrPI7vwS-FFHcjgqYPOBp5kxKC25cRBX86KSucpi&gaa_ts=6907c7ab&gaa_sig=eZZVLzIi1g5IulDZFAsfJGvgaahtyywV_idw3GS-aXYtCLJbdMK0Ua-RXs7fKp8fJ0HUh14PVDWo8GEfwXuEjQ%3D%3D,MarketWatch,MarketWatch,20210816T122300,,0.41025,Bullish,1.000000,0.428093,Bullish
NVDA,"Nvidia earnings will be a data-center show, but don’t miss the software on the side stage","Nvidia's upcoming second-quarter earnings report is expected to heavily feature data-center sales, with analysts predicting a significant rise in server-chip sales. However, the article highlights the increasing importance of Nvidia's software in its overall valuation, suggesting it should be compared more with software companies. While hardware is key, the software supporting Nvidia's graphics processing chips is a critical, often overlooked, aspect of its market position.",https://www.marketwatch.com/story/nvidia-earnings-will-be-a-data-center-show-but-dont-miss-the-software-on-the-side-stage-11629131020?gaa_at=eafs&gaa_n=AWEtsqfsdeisajc80jQKQOq4A-dSpEMH-Unja6ivSzPi8nBroucJLAMBSPj4&gaa_ts=6907b5ec&gaa_sig=cayU12WLCqxEjA_jSDYaBmALIN_-JcwDauvfTUh8lZMfergXvW2ctG4OYR10__u8Jk_0W-unyyxloHK7wqDu4w%3D%3D,MarketWatch,MarketWatch,20210816T122300,,0.177819,Somewhat-Bullish,1.000000,0.349716,Somewhat-Bullish
NVDA,Rambus Innovates 8.4 Gbps HBM3-ready Memory Subsystem,"Rambus Inc. has announced its HBM3-ready memory interface subsystem, featuring a fully-integrated PHY and digital controller that supports data rates up to 8.4 Gbps, delivering over 1 terabyte per second of bandwidth. This solution aims to meet the demanding memory bandwidth requirements of AI/ML training and high-performance computing (HPC) applications, building on Rambus's expertise in high-speed signaling and 2.5D memory system architecture. The company also provides interposer and package reference designs to accelerate customers' product development.",https://www.techpowerup.com/285651/rambus-innovates-8-4-gbps-hbm3-ready-memory-subsystem,TechPowerUp,TechPowerUp,20210816T230100,https://www.techpowerup.com/img/MfGVuOhFKltylShF_thm.jpg,0.31041,Somewhat-Bullish,0.632545,0.305945,Somewhat-Bullish
NVDA,Nvidia Q2 FY 2022 Earnings Report Preview: What to Look For,"This article previews Nvidia's Q2 FY 2022 earnings report, highlighting expectations for robust growth in adjusted EPS and revenue, though at a slower pace than the previous quarter. Investors will be closely watching the company's gross margin, a key indicator of profitability, which is expected to rise. The report details Nvidia's significant sales surge fueled by demand for processors and the semiconductor shortage, and its expansion into AI, machine learning, and data-center services.",https://www.investopedia.com/nvidia-q2-fy2022-earnings-report-preview-5197682,Investopedia,Investopedia,20210817T120300,,0.536957,Bullish,1.000000,0.511535,Bullish
NVDA,"Rambus Outs HBM3 Details: 1.075 TBps of Bandwidth, 16 Channels, 16-Hi Stacks","Rambus has unveiled new details about its HBM3-ready combined PHY and memory controller, revealing specifications that promise a significant leap in memory performance. The new HBM3 standard could achieve up to 8.4 Gbps-per-pin, 1.075 TB/s of throughput, and support for 16 channels and 16-Hi memory stacks, more than doubling the capacity and bandwidth of HBM2E. These advancements are expected to radically speed up future GPUs and SoCs, with the first chips leveraging this design anticipated in late 2022 or early 2023.",https://www.tomshardware.com/news/rambus-shares-hbm3-details-1075-tbps-of-bandwidth-16-channels-16-hi-stacks,Tom's Hardware,Tom's Hardware,20210817T210653,,0.333931,Somewhat-Bullish,0.695310,0.309399,Somewhat-Bullish
NVDA,"TSMC overtakes Tencent to become Asia's most valuable company, as China crackdown takes a toll","Taiwan Semiconductor Manufacturing Company (TSMC) has surpassed Chinese tech giant Tencent to become Asia's most valuable firm, largely due to Beijing's ongoing regulatory crackdown on its domestic tech sector. While Tencent and Alibaba have seen their market capitalizations plummet, TSMC has benefited from a global semiconductor shortage and increased demand from various industries. TSMC plans to invest $100 billion over the next three years to increase production capacity.",https://www.cnbc.com/2021/08/18/taiwan-tsmc-valuation-overtakes-tencent-amid-chinas-tech-crackdown.html,CNBC,CNBC,20210818T201159,,0.226301,Somewhat-Bullish,0.601964,0.330125,Somewhat-Bullish
NVDA,Tesla unveils chip to train A.I. models inside its data centers,"Tesla has unveiled a custom D1 chip designed for training artificial-intelligence networks in its data centers, which is part of its Dojo supercomputer system. An employee stated it will be the fastest AI-training computer, aiming to process extensive computing work for models that recognize items from car camera feeds. Tesla also continues to offer and develop its ""Full Self-Driving Capability"" for vehicles, despite criticism regarding its level of autonomy and recent investigations.",https://www.cnbc.com/2021/08/19/tesla-unveils-dojo-d1-chip-at-ai-day.html,CNBC,CNBC,20210819T110900,https://image.cnbcfm.com/api/v1/image/106930292-16293721911629372188-18143723562-1080pnbcnews.jpg?v=1629372191&w=750&h=422&vtcrop=y,0.299054,Somewhat-Bullish,0.636345,0.231004,Somewhat-Bullish
NVDA,Intel CEO Calls Chip Maker ‘Willing Buyer’ as Semiconductor Industry Consolidates,"Intel CEO Pat Gelsinger has stated that the company is a ""willing buyer"" as the semiconductor industry consolidates. He plans to use mergers and acquisitions to support Intel's revival strategy. Gelsinger expects consolidation to continue in the industry and sees Intel as a key consolidator.",https://www.wsj.com/tech/intel-ceo-calls-chip-maker-willing-buyer-as-industry-consolidates-11629382046?gaa_at=eafs&gaa_n=AWEtsqdI_kJwj-3lpWuhmylJxQ5odpRIroBZrR-MvurWyoTJJQnlVuzJoNcW&gaa_ts=6907c30d&gaa_sig=T1i9cBNJsteU9HnF_BTZk1hUGhz95tPbiMpZA7fARPAWE2g19JmM8MAr03tD5u5Drn4j1DhRjoIfCE4EYTZtCw%3D%3D,The Wall Street Journal,The Wall Street Journal,20210819T203154,,0.141122,Neutral,0.617799,0.132393,Neutral
NVDA,8 Semiconductor Stocks to Watch as Google Makes Its Own Chips,"The article discusses eight semiconductor stocks to watch as major tech companies like Google begin developing their own chips, signaling a shift in the industry. It highlights the reasons behind this trend, such as companies better understanding their product goals, and then details specific companies in the semiconductor sector. Each company profile includes its core business, stock performance, and a ""Portfolio Grader"" rating.",https://investorplace.com/2021/08/8-semiconductor-stocks-to-watch-as-google-makes-its-own-chips/,InvestorPlace,InvestorPlace,20210820T105900,https://investorplace.com/wp-content/uploads/2019/07/semiconductor-stocks-0509-768x432.jpg,0.305799,Somewhat-Bullish,0.761026,0.409657,Bullish
NVDA,Spear Alpha ETF,"This page provides comprehensive information on the Spear Alpha ETF (SPRX), including its profile, price, dividend, valuation, expenses, holdings, performance, and ESG scores. It details the ETF's structure, expense ratio, inception date (August 2, 2021), and its categorization within Technology Equities and the Equity: Global Broad Thematic segment. The report also offers comparisons with alternative ETFs and peer averages in various metrics, catering to investors and financial professionals looking for in-depth analysis of SPRX.",https://etfdb.com/etf/SPRX/,ETF Database,ETF Database,20210821T224004,,0.382638,Bullish,0.565664,0.431737,Bullish
NVDA,Synopsys design software uses AI to make chips 26% more efficient,"Synopsys Inc. announced that its AI software, DSO.ai, helped a customer achieve a 26% gain in the power efficiency of a computer chip, a significant improvement usually associated with new manufacturing technology. This AI system integrates with Synopsys's chip design suite to optimize speed, power efficiency, and cost, with companies like Samsung and Renesas already utilizing it. The latest advancement allows the AI to consider the software running on a chip for further optimization.",https://www.israelhayom.com/2021/08/23/synopsys-design-software-uses-ai-to-make-chips-26-more-efficient/,www.israelhayom.com,www.israelhayom.com,20210823T150000,,0.313447,Somewhat-Bullish,0.610498,0.134685,Neutral
NVDA,Unstung Heroes: Startup’s AI-Powered Tomato Pollinator Gives Bees a Break,"Arugga, an Israeli startup, has developed AI-powered robots that use computer vision and air pulses to pollinate greenhouse tomatoes, mimicking bumblebees. These robots aim to replace ""manufactured"" bumblebees currently used in commercial greenhouses, offering improvements in yield and operational efficiency, especially in regions where bee imports are restricted. Arugga utilizes NVIDIA technology for its computer vision system and plans to expand the robots' capabilities to include pest detection and plant treatment, transforming agricultural practices.",https://blogs.nvidia.com/blog/arugga-tomato-pollinator-bumblebees/,NVIDIA Blog,NVIDIA Blog,20210823T195917,https://blogs.nvidia.com/wp-content/uploads/2021/08/arugga-founders.jpg,0.434309,Bullish,1.000000,0.411976,Bullish
NVDA,"XRMI ETF Profile: Dividends, Returns (AMEX:XRMI)","This article provides a detailed profile of the Global X S&P 500 Risk Managed Income ETF (XRMI), outlining its key statistics, investment strategy, and performance. It covers the fund's expense ratio, dividend yield, and how it uses an options collar strategy to manage risk and generate income. The profile also lists top holdings, asset allocation, and answers frequently asked questions regarding its dividends, AUM, and performance.",https://www.tradingview.com/symbols/AMEX-XRMI/profile/,TradingView,TradingView,20210824T031028,https://s3-symbol-logo.tradingview.com/global-x--big.svg,0.149106,Neutral,0.615178,0.122908,Neutral
NVDA,Nvidia Announces GA of AI Enterprise on VMware vSphere and Standard Servers,"NVIDIA has announced the general availability of NVIDIA AI Enterprise, a suite of AI tools and frameworks designed to virtualize AI workloads on VMware vSphere and NVIDIA-Certified Systems. This initiative aims to make AI transformative power accessible to a broader range of enterprises by leveraging mainstream data center servers. Several system makers and Domino Data Lab are supporting this launch, with early adopters already utilizing the software in various industries like automotive, education, finance, and healthcare.",https://insidehpc.com/2021/08/nvidia-announces-ga-of-ai-enterprise-on-vmware-vsphere-and-standard-servers/,insidehpc.com,insidehpc.com,20210824T211641,,0.349497,Somewhat-Bullish,0.990194,0.488372,Bullish
NVDA,Global X S&P 500 Tail Risk ETF Holdings,"This article details the holdings of the Global X S&P 500 Tail Risk ETF (XTR), which was established on August 25, 2021, by Global X. The ETF, with $3.96 million in AUM and 504 holdings, focuses on large-cap equities and aims to protect against significant market downtrends by purchasing quarterly Index put options. The primary holdings include major tech companies like NVIDIA, Apple, Microsoft, Amazon, and Alphabet.",https://www.quiverquant.com/etf/Global%20X%20S&P%20500%20Tail%20Risk%20ETF,Quiver Quantitative,Quiver Quantitative,20210825T091059,,0.104357,Neutral,0.825786,0.105749,Neutral
NVDA,A massive restock of Nvidia RTX 30-series GPUs is happening at Best Buy today,"Best Buy stores across the US are holding a major in-store restock of Nvidia RTX 30-series graphics cards on August 26, 2021. The restock will include highly sought-after GPUs like the RTX 3080 Ti, RTX 3080, RTX 3070, RTX 3070 Ti, RTX 3060 Ti, and RTX 3090, with approximately 17,000 units available in total. Customers hoping to purchase a card should arrive early, as tickets guaranteeing a GPU will be distributed starting at 7:30 AM local time, and items are limited to one per customer.",https://www.pcgamer.com/a-massive-restock-of-nvidia-rtx-30-series-gpus-is-happening-at-best-buy-tomorrow/,PC Gamer,PC Gamer,20210825T193053,https://cdn.mos.cms.futurecdn.net/AXtaUjPszqEgpLkXJZb2H5.jpg,0.313808,Somewhat-Bullish,0.821545,0.341610,Somewhat-Bullish
NVDA,NVIDIA Turbocharges Extreme-Scale AI for Argonne National Laboratory’s Polaris Supercomputer,"NVIDIA announced that the Polaris supercomputer at the U.S. Department of Energy’s Argonne National Laboratory will be powered by its accelerated computing platform. Equipped with 2,240 NVIDIA A100 Tensor Core GPUs, Polaris is designed to achieve nearly 1.4 exaflops of AI performance and will facilitate scientific breakthroughs in extreme-scale AI, including research in cancer treatments, clean energy, and particle physics. This supercomputer will also prepare researchers for Aurora, Argonne’s forthcoming exascale system, and be accessible to the broader scientific community.",https://nvidianews.nvidia.com/news/nvidia-turbocharges-extreme-scale-ai-for-argonne-national-laboratorys-polaris-supercomputer,NVIDIA Newsroom,NVIDIA Newsroom,20210825T195917,https://s3.amazonaws.com/cms.ipressroom.com/219/files/20217/61258ed1b3aed3114e5b62ed_ACLF-Polaris-Rendering-1600x900-R1/ACLF-Polaris-Rendering-1600x900-R1_mid.jpg,0.401413,Bullish,1.000000,0.445867,Bullish
NVDA,Western Digital reportedly in advanced talks to merge with Kioxia,"Western Digital is reportedly in advanced talks to merge with Kioxia Holdings Corp in a deal valued at over $20 billion, which would significantly consolidate the flash storage industry. This potential acquisition would create a giant comparable in size to Samsung in the semiconductor market. The two companies already have a long-standing partnership, including joint ventures in 3D NAND manufacturing.",https://www.techspot.com/news/90951-western-digital-reportedly-advanced-talks-merge-kioxia.html,TechSpot,TechSpot,20210825T201455,https://www.techspot.com/images2/news/bigimage/2021/08/2021-08-25-image-28.jpg,0.171421,Somewhat-Bullish,0.635923,0.126154,Neutral
NVDA,Synopsys' AI-Assisted EDA Tools Aim To Cut GPU Design Costs in Half,"Synopsys' new AI-assisted Electronic Design Automation (EDA) tools promise to significantly reduce the cost and time required for chip design, particularly for GPUs. The DSO.ai platform can optimize various aspects of chip design, potentially cutting development time from 24 months to 24 weeks and reducing costs by as much as 50%. Companies like Samsung, Google, and Nvidia are already adopting this technology, which could also democratize chip development for smaller firms.",https://www.tomshardware.com/news/synopsys-ai-eda-gpu-design-costs,Tom's Hardware,Tom's Hardware,20210825T211652,https://cdn.mos.cms.futurecdn.net/4wLwD6d5W9g2f2u5T9qT4j-1200-80.jpg,0.332306,Somewhat-Bullish,0.721375,0.336540,Somewhat-Bullish
NVDA,Global X NASDAQ 100 Tail Risk ETF Holdings,"This article details the holdings of the Global X NASDAQ 100 Tail Risk ETF (QTR), which was established on August 25, 2021, and focuses on large-cap equities. The ETF aims to mitigate ""tail risk"" by investing in NASDAQ 100 stocks and purchasing quarterly index put options. It lists the top holdings including NVIDIA, Apple, Microsoft, and Amazon, along with recent changes in its portfolio.",https://www.quiverquant.com/etf/Global%20X%20NASDAQ%20100%20Tail%20Risk%20ETF,Quiver Quantitative,Quiver Quantitative,20210825T233957,,0.142135,Neutral,0.924451,0.112904,Neutral
NVDA,NVIDIA Stock Price and Forecast: Why is NVDA stock going up?,"NVIDIA stock continues to rise, hitting new all-time highs despite broader market nervousness ahead of the Jackson Hole symposium. A Reuters report about the US Department of Energy purchasing a supercomputer with Nvidia chips is cited as a catalyst. The article also touches on concerns from the UK's Competition and Markets Authority regarding Nvidia's proposed acquisition of ARM.",https://www.fxstreet.com/amp/news/nvidia-stock-price-and-forecast-why-is-nvda-stock-going-up-202108261059,FXStreet,FXStreet,20210826T105936,,0.42132,Bullish,1.000000,0.455431,Bullish
NVDA,Field of AI: Startup Helps Farmers Reduce Chemicals and Costs,"Greeneye, an Israeli startup founded in 2017, is utilizing AI-driven smart sprayers to help corn and soybean farmers in the U.S. reduce their reliance on herbicides. By precisely targeting weeds, their technology can decrease herbicide use by up to 90%, mitigating costs and environmental contamination. Greeneye is supported by NVIDIA's Jetson edge AI platform and is a member of the NVIDIA Inception accelerator program.",https://blogs.nvidia.com/blog/greeneye-helps-farmers-reduce-chemicals-and-costs/,NVIDIA Blog,NVIDIA Blog,20210826T195917,https://blogs.nvidia.com/wp-content/uploads/2021/08/Greeneye2-1280x720.jpg,0.343102,Somewhat-Bullish,1.000000,0.471315,Bullish
NVDA,Giving Virtual Dressing Rooms a Makeover with Computer Vision,"Revery.ai is transforming virtual dressing rooms using a deep learning model and computer vision powered by NVIDIA RTX GPUs and PyTorch. This technology processes millions of garment images weekly, allowing shoppers to virtually try on clothes from existing catalogs, capturing details like texture and shading. Revery.ai aims to digitize all garments, integrate with shoppers' wardrobes, and provide inclusive personalization options like varied body shapes and skin tones for an immersive online shopping experience.",https://developer.nvidia.com/blog/giving-virtual-dressing-rooms-a-makeover-with-computer-vision/,NVIDIA Developer,NVIDIA Developer,20210827T195917,https://developer-blogs.nvidia.com/wp-content/uploads/2021/08/Screen-Shot-2021-08-27-at-1.57.41-PM-copy-1024x576.jpg,0.415482,Bullish,0.888957,0.434706,Bullish
NVDA,The Chip Has Hit The Fan,"TSMC is delaying its 3-nanometer chip process until the second half of 2022 and plans to increase prices for both advanced (7nm, 5nm) and older chip processes (55nm, 40nm, 28nm, 16nm). These changes are influenced by the complexity of advanced chip manufacturing, supply chain issues exacerbated by the pandemic, and high demand. The article also discusses potential challenges from competitors like Intel and Samsung and the broader geopolitical implications of chip manufacturing dependence.",https://www.nextplatform.com/2021/08/27/the-chip-has-hit-the-fan/,The Next Platform,The Next Platform,20210827T201159,https://www.nextplatform.com/wp-content/uploads/2021/07/TSMC_HQ_89s-1030x438.jpg,-0.077423,Neutral,0.636818,0.134783,Neutral
NVDA,"SPDR Galaxy Hedged Digital Asset Ecosystem ETF ETF Price, Holdings, & News (NASDAQ:HECO)","The SPDR Galaxy Hedged Digital Asset Ecosystem ETF (HECO) is an actively managed exchange-traded fund that invests in companies involved in the blockchain and crypto industries, leveraging ETFs and futures contracts for crypto exposure, and an options overlay strategy. Launched on September 9, 2024, by State Street, the ETF has $79.77 million in assets under management and a net expense ratio of 0.90%. Its top holdings include Riot Platforms, Keel Infrastructure, and Cleanspark, with its share price having increased by 54.7% year-to-date.",https://www.marketbeat.com/stocks/NASDAQ/HECO/,MarketBeat,MarketBeat,20210827T231155,,0.122303,Neutral,0.625806,0.140219,Neutral
NVDA,Musk Said to Oppose Nvidia’s Planned Takeover of Arm: Telegraph,"Elon Musk reportedly has concerns regarding Nvidia's proposed acquisition of semiconductor designer Arm, citing competition issues. The information comes from the Telegraph, which referenced multiple sources. This opposition highlights potential regulatory and competitive hurdles for the significant tech merger.",https://www.bloomberg.com/news/articles/2021-08-28/musk-said-to-oppose-nvidia-s-planned-takeover-of-arm-telegraph,Bloomberg.com,Bloomberg.com,20210828T185200,,-0.22009,Somewhat-Bearish,1.000000,-0.220027,Somewhat-Bearish
NVDA,Duos Technologies Uses AI-Powered Inspection to Help Railway Operators Stay on Track,"Duos Technologies is using an NVIDIA GPU-accelerated AI railcar inspection system to significantly reduce the likelihood of train derailments caused by mechanical defects. The system, called rip, can inspect trains moving at full speed and detect a variety of issues, improving safety and efficiency while reducing inspection times. Duos's technology operates at the edge, processing large amounts of data daily, and the company aims to expand its reach and have its AI technology sanctioned by government regulators to revolutionize railway operations.",https://blogs.nvidia.com/blog/duos-technologies-ai-railcar-inspection/,NVIDIA Blog,NVIDIA Blog,20210830T195917,https://blogs.nvidia.com/wp-content/uploads/2021/08/duos-railyard.jpg,0.256912,Somewhat-Bullish,0.871490,0.739321,Bullish
NVDA,New Game Ready Driver Released,"NVIDIA has released a new Game Ready driver that includes support for 6 new G-SYNC Compatible gaming displays and 24 new GeForce Experience Optimal Playable Setting profiles. Gamers can download this driver through GeForce Experience to enjoy smoother, optimized gameplay and enhanced visual experiences on supported titles and monitors. The update also validates several OLED and IPS displays for G-SYNC compatibility, expanding choices for high-quality gaming setups.",https://www.nvidia.com/en-us/geforce/news/august-31-2021-game-ready-driver/,NVIDIA,NVIDIA,20210831T195917,,0.446164,Bullish,1.000000,0.423834,Bullish
NVDA,Semiconductor ETF,"The VanEck Semiconductor UCITS ETF provides targeted exposure to the semiconductor sector, crucial for the ongoing ""fourth industrial revolution"" encompassing AI, 5G, and IoT. This ETF, the first of its kind in Europe, invests in pure-play semiconductor companies globally, focusing on those generating at least half their revenue from semiconductors. It highlights the high barriers to entry in the semiconductor industry, which protect profit margins for leading manufacturers.",https://www.vaneck.com/nl/en/semiconductor-etf/,VanEck,VanEck,20210902T183923,https://www.vaneck.com/globalassets/home/ucits/theme/semiconductors/semiconductor-etf-fund-overview.webp,0.354548,Bullish,0.874714,0.307014,Somewhat-Bullish
NVDA,Down to a Science: How Johnson & Johnson Boosts Its Business With MLOps,"Johnson & Johnson is actively integrating data science and Machine Learning Operations (MLOps) into its business to enhance manufacturing, clinical trial enrollment, and forecasting. The company emphasizes ""decision science"" to derive actionable insights from models and has established a Data Science Council and ""bilingual data scientists"" to bridge domain expertise with data science skills. This strategy, supported by powerful AI infrastructure from platforms like NVIDIA GPU-accelerated Domino Data Lab, has already demonstrated significant impact, such as improving forecasting accuracy in its vision care business and boosting revenue.",https://blogs.nvidia.com/blog/johnson-and-johnson-domino-data-science-mlops/,NVIDIA Blog,NVIDIA Blog,20210902T190049,https://blogs.nvidia.com/wp-content/uploads/2021/09/accelerated-data-science-j-and-j-1938602-r1-2.jpg,0.291072,Somewhat-Bullish,0.831049,0.310763,Somewhat-Bullish
NVDA,"PayPal, Workday Lead New Names On IBD Breakout Stocks Index","PayPal (PYPL) and Workday (WDAY) are identified as leading growth stocks on the IBD Breakout Stocks Index, both charging toward new buy points. Their inclusion also highlights the IBD Breakout Opportunities ETF (BOUT), which is also demonstrating breakout potential. JPMorgan recently downgraded PayPal, citing a slower-than-expected turnaround under its new CEO.",https://www.investors.com/research/breakout-stocks-technical-analysis/paypal-stock-workday-stock-lead-growth-stocks-on-bout-etf/,Investor's Business Daily,Investor's Business Daily,20210908T190948,https://www.investors.com/wp-content/uploads/2019/03/stock-Paypal-08-shutter-640x360.jpg,0.108258,Neutral,0.605622,0.125036,Neutral
NVDA,"Toyota Motor cuts 2021-22 vehicle output on chip shortage, COVID-19","Toyota Motor Corp has reduced its full-year production outlook for the fiscal year ending March 31, 2022, by 300,000 vehicles, from 9.30 million to 9 million, due to the global semiconductor chip shortage and increased COVID-19 cases in Southeast Asia. This reduction will result in 400,000 fewer vehicles produced in September and October, impacting automotive steel demand and leading to further closures of manufacturing lines in Japan. Toyota remains uncertain about production beyond November but notes that current demand for its vehicles is very strong.",https://eurometal.net/toyota-motor-cuts-2021-22-vehicle-output-on-chip-shortage-covid-19/,EUROMETAL,EUROMETAL,20210913T192011,https://eurometal.net/wp-content/uploads/3eb292cc-2dd7-11ea-8334-1a17c6a14ef4_image_hires_032017-1.jpeg,-0.362032,Bearish,0.610559,-0.317035,Somewhat-Bearish
NVDA,Keycorp Stock Shows Rising Relative Strength Amid Surging Profit Growth,"Keycorp (KEY) saw its Relative Strength (RS) Rating increase to 77 due to strong earnings reports, including a 205% and 350% surge in year-over-year profit growth. Despite a fractional dip in its stock price reflecting market consolidation, the upgrade highlights the super-regional bank's positive momentum.",https://www.investors.com/news/stock-upgrades-keycorp-shows-rising-relative-strength-3/,Investor's Business Daily,Investor's Business Daily,20210914T191500,,0.071765,Neutral,0.614697,-0.146903,Neutral
NVDA,Synopsys PrimeSim Continuum Accelerates Design of Hyper-Convergent ICs,"Synopsys has launched PrimeSim Continuum, a unified workflow for circuit simulation technologies, to accelerate the creation and signoff of hyper-convergent designs. This solution provides 10X runtime improvements with golden signoff accuracy through next-generation SPICE and FastSPICE architectures and GPU acceleration technology. Industry leaders like Kioxia, Samsung Electronics, and NVIDIA have praised PrimeSim Continuum for its ability to handle complex designs, improve performance, and reduce verification times for memory, analog, and mixed-signal verification.",https://www.eetasia.com/synopsys-primesim-continuum-accelerates-design-of-hyper-convergent-ics/,EE Times Asia,EE Times Asia,20210914T191730,https://www.eetasia.com/wp-content/uploads/sites/2/2021/09/primesim-continuum-newsroom-850x510.jpg.imgw_.850.x.jpg?w=600,0.271902,Somewhat-Bullish,0.639983,0.267643,Somewhat-Bullish
NVDA,HPE finds second new CTO in 16 months with Fidelma Russo,"HPE has appointed Fidelma Russo, formerly of VMware, as its new Chief Technology Officer, marking the second CTO change in 16 months. Russo's extensive background in cloud services, software, and infrastructure is expected to drive innovation for HPE's GreenLake edge-to-cloud platform. This move signals HPE's strategic shift towards cloud-centric solutions to compete with off-premises rivals, despite strong Q3 financials attributed partly to increased hardware prices.",https://www.theregister.com/2021/09/15/hpe_new_cto/,The Register,The Register,20210915T185730,https://regmedia.co.uk/2017/02/09/fidelma_russo.jpg?x=442&y=295&infer_y=1,0.288013,Somewhat-Bullish,0.649034,0.327129,Somewhat-Bullish
NVDA,Manufacturing the Future of AI with Edge Computing | NVIDIA Technical Blog,"This article discusses how edge computing is transforming the manufacturing industry by integrating IoT sensors and AI to improve operational efficiency and productivity. It highlights the benefits of edge AI, such as ultra-low latency processing, enhanced security, and bandwidth savings, and explores various use cases including predictive maintenance, quality control, equipment effectiveness, yield optimization, factory floor optimization, supply chain analytics, and worker safety. The author emphasizes that edge computing enables real-time decision-making on the factory floor, minimizing downtime and maximizing output.",https://developer.nvidia.com/blog/manufacturing-the-future-of-ai-with-edge-computing/,NVIDIA Developer,NVIDIA Developer,20210915T190849,https://developer-blogs.nvidia.com/wp-content/uploads/2021/09/jetson-jaxi-industrial-1280x680-1-1024x544.jpg,0.332414,Somewhat-Bullish,1.000000,0.471927,Bullish
NVDA,Jensen Huang: The 100 Most Influential People of 2021,"Jensen Huang, CEO of Nvidia, has been named one of TIME's 100 Most Influential People of 2021. He is recognized for his pivotal role in advancing artificial intelligence through the development of Graphics Processing Units (GPUs), which transformed computing capabilities for complex AI tasks. His technical prowess, compassionate leadership, and support for education have positioned Nvidia to continue driving technological advancements in the AI era.",https://time.com/collections/100-most-influential-people-2021/6095971/jensen-huang/,Time Magazine,Time Magazine,20210915T190849,https://time.com/redesign/_next/image/?url=https%3A%2F%2Fapi.time.com%2Fwp-content%2Fuploads%2F2020%2F09%2FTIM210927_T100.Cover_.JensenHuang.jpg%3Fquality%3D85%26%23038%3Bw%3D560&w=1200&q=75,0.609187,Bullish,1.000000,0.900633,Bullish
NVDA,"NVIDIA to Drive “Advances for Decades to Come,” TIME Magazine Writes","TIME magazine has recognized NVIDIA CEO Jensen Huang as one of the most influential people of 2021, highlighting NVIDIA's significant impact on artificial intelligence. Andrew Ng's article in TIME emphasizes how Huang's strategic decision to adapt GPUs for general-purpose computing tasks laid the foundation for much of today's AI advancements. The article credits Huang's technical expertise and leadership for positioning NVIDIA to continue driving technological progress in AI for many decades.",https://blogs.nvidia.com/blog/nvidia-time-100-most-influential/,NVIDIA Blog,NVIDIA Blog,20210915T190849,https://blogs.nvidia.com/wp-content/uploads/2021/09/jensen-cover-on-white-crop-tight-1280x674.png,0.408209,Bullish,1.000000,0.449545,Bullish
NVDA,Shares of this obscure chip component supplier have surged by over 1200% in the past three years,"Shares of Nan Ya Printed Circuit Board Corp., an obscure Taiwanese company that supplies essential Ajinomoto build-up film (ABF) substrates for chipmaking, have surged over 1200% in the past three years. This surge is due to ABF substrate becoming a critical bottleneck in the semiconductor industry, with supply expected to remain constrained until at least 2025. Major tech companies are struggling to secure enough of this component, leading to increased profits and investment for substrate manufacturers.",https://fortune.com/2021/09/16/chip-shortage-supplier-component-abf-substrate-shares/,Fortune,Fortune,20210916T123700,https://fortune.com/img-assets/wp-content/uploads/2025/10/GettyImages-1778707567_9edfae-e1761768890427.jpg?format=webp&w=1440&q=100,0.190507,Somewhat-Bullish,0.714262,0.296355,Somewhat-Bullish
NVDA,Nvidia ERISA Lawsuit Dismissed With Leave to Amend,"A U.S. District Court has dismissed an ERISA fiduciary breach lawsuit against Nvidia Corp. but granted the plaintiffs leave to amend and refile their complaint within 30 days. The court supported the plaintiffs' Constitutional standing but found their arguments regarding plan mismanagement, particularly concerning higher-cost share classes and the failure to consider collective investment trusts, insufficient without further detail. The dismissal came after the court agreed that the plaintiffs had failed to demonstrate imprudence in Nvidia's selection and retention of certain investment options, citing an ""obvious, alternative explanation"" related to revenue-sharing fees covering administrative costs.",https://www.plansponsor.com/nvidia-erisa-lawsuit-dismissed-leave-amend/,plansponsor,plansponsor,20210917T190849,https://si-interactive.s3.amazonaws.com/prod/plansponsor-com/wp-content/uploads/2021/09/17123440/PS-091721-NVIDIA-lawsuit-coverage-1145164401-960x540.jpg,0.030888,Neutral,0.318142,0.013253,Neutral
NVDA,"AltShares Event-Driven ETF ETF Price, Holdings, & News (NYSEARCA:EVNT)","The AltShares Event-Driven ETF (EVNT) is an actively managed exchange-traded fund launched on December 31, 2014, that invests in equity and debt securities of companies affected by corporate events. It currently trades at $11.75, up 1.8% year-to-date, with $10.89 million in assets under management and a net expense ratio of 1.31%. The fund's top institutional investor is Sonoma Allocations LLC, and its holdings include CyberArk Software, Electronic Arts, and various money market portfolios.",https://www.marketbeat.com/stocks/NYSEARCA/EVNT/,MarketBeat,MarketBeat,20210918T185239,,0.245144,Somewhat-Bullish,0.604425,0.332199,Somewhat-Bullish
NVDA,DFAX Stock Price | Dimensional World ex U.S. Core Equity 2 ETF,"This article provides detailed information on the Dimensional World ex U.S. Core Equity 2 ETF (DFAX), including its current stock price, trading exchange (NYSE), and key financial metrics. It also covers the ETF's historical performance, dividend yield, expense ratio, and top holdings, offering a comprehensive overview for potential investors.",https://www.investing.com/etfs/dfax,Investing.com,Investing.com,20210920T173946,,-0.144799,Neutral,0.550580,-0.165427,Somewhat-Bearish
NVDA,Embark Testing Cummins Inc.’s Automatic Powertrain Control in Self-Driving Trucks,Embark Trucks Inc. is collaborating with Cummins to integrate Cummins' automated driving system (ADS) powertrain interface into Embark's self-driving trucks. This partnership aims to enhance fuel efficiency and performance of autonomous systems by utilizing Cummins' ADEPT™ powertrain features with Embark's platform-agnostic Universal Interface (EUI). The collaboration also includes engineering support from Cummins and data sharing from Embark's testing to further develop these technologies.,https://www.businesswire.com/news/home/20210921005410/en/Embark-Testing-Cummins-Inc.s-Automatic-Powertrain-Control-in-Self-Driving-Trucks,Business Wire,Business Wire,20210921T013946,https://mms.businesswire.com/media/20210921005410/en/908163/4/Cummins_1_webready.jpg?download=1,0.254188,Somewhat-Bullish,0.559976,0.202290,Somewhat-Bullish
NVDA,Trash Talk: Startup’s AI-Driven Detection System Primed to Take a Bite Out of Global Waste,"Recycleye, a London-based computer vision startup, is leveraging AI to significantly boost global recycling rates. By automating and enhancing the precision of waste material identification, their system aims to increase the capacity for recycling companies and improve overall recovery rates. The company, part of the NVIDIA Inception accelerator program, has successfully partnered with major waste management firms and energy leaders, developing tools like the WasteNet database and using NVIDIA's Deep Learning SDKs to achieve accuracy exceeding human vision in waste sorting.",https://blogs.nvidia.com/blog/recycleye-ai-waste-recycling-jetson/,NVIDIA Blog,NVIDIA Blog,20210921T190849,https://blogs.nvidia.com/wp-content/uploads/2021/09/recycleye-1280x680-1.jpg,0.337757,Somewhat-Bullish,1.000000,0.496235,Bullish
NVDA,Furthering NVIDIA Performance Leadership with MLPerf Inference 1.1 Results,"NVIDIA demonstrated leading performance in the MLPerf Inference 1.1 benchmark across data center and edge categories with its A100 and A30 Tensor Core GPUs, outperforming CPU-only servers by up to 104x. This performance allows for the use of larger, more complex models in real-time applications and was significantly boosted by software optimizations in TensorRT 8 and NVIDIA Triton Inference Server. Additionally, NVIDIA made the first-ever datacenter category submissions with a GPU-accelerated Arm-based server, achieving new performance records and proving the readiness of the NVIDIA Arm software ecosystem.",https://developer.nvidia.com/blog/furthering-nvidia-performance-leadership-with-mlperf-inference-1-1-results/,NVIDIA Developer,NVIDIA Developer,20210922T190849,https://developer-blogs.nvidia.com/wp-content/uploads/2021/09/mlperf-september-announcement-1-1024x536.png,0.463358,Bullish,1.000000,0.461836,Bullish
NVDA,"NVIDIA Calls UK AI Strategy “Important Step,” Will Open Cambridge-1 Supercomputer to UK Healthcare Startups","NVIDIA has welcomed the U.K. government's AI Strategy and announced that its Cambridge-1 supercomputer will be made accessible to U.K. healthcare startups. This initiative aims to accelerate drug discovery and the development of innovative products and services by providing startups with access to powerful computing resources and NVIDIA's Inception program. Peptone, a U.K. biotech company, is among the first to utilize Cambridge-1 for developing therapies for inflammatory diseases.",https://nvidianews.nvidia.com/news/nvidia-calls-uk-ai-strategy-important-step-will-open-cambridge-1-supercomputer-to-uk-healthcare-startups,NVIDIA Newsroom,NVIDIA Newsroom,20210922T190849,https://s3.amazonaws.com/cms.ipressroom.com/219/files/20216/60e4a915b3aed32f57468a22_nvidia-cambridge-1-supercomputer/nvidia-cambridge-1-supercomputer_mid.jpg,0.402259,Bullish,1.000000,0.426614,Bullish
NVDA,"Virtual prototyping tool for mobile, automotive and hyperscale systems","Cadence Design Systems has launched Helium Studio, a virtual and hybrid prototyping platform designed to accelerate the development and verification of complex systems for mobile, automotive, and hyperscale applications. This tool allows early software bring-up and co-verification, significantly reducing design times for GPUs and 5G chips by enabling software and RTL bug fixing pre-silicon. It integrates with Cadence's existing verification engines, offering a unified debug experience and high throughput for developers.",https://www.eenewseurope.com/en/virtual-prototyping-tool-for-mobile-automotive-and-hyperscale-systems/,eeNews Europe,eeNews Europe,20210922T195636,,0.789629,Bullish,0.843966,0.746182,Bullish
NVDA,Intel breaks ground on $20bn Arizona chip plants in battle with TSMC,"Intel has begun construction on two new chip plants in Arizona, a $20 billion investment aimed at increasing its manufacturing capacity and competing more effectively with Taiwan Semiconductor Manufacturing Co. (TSMC). This move aligns with Washington's efforts to strengthen the domestic semiconductor industry. The new U.S. fabs are expected to become fully operational in 2024, contributing to Intel's strategy to attract customers currently served by its Taiwanese rival.",https://asia.nikkei.com/business/tech/semiconductors/intel-breaks-ground-on-20bn-arizona-chip-plants-in-battle-with-tsmc,Nikkei Asia,Nikkei Asia,20210925T192102,https://images.ft.com/v3/image/raw/https%3A%2F%2Fcms-image-bucket-productionv3-ap-northeast-1-a7d2.s3.ap-northeast-1.amazonaws.com%2Fimages%2F1%2F1%2F5%2F1%2F36581511-1-eng-GB%2FIntel-Arizona-Construction-1.jpg?width=780&fit=cover&gravity=faces&dpr=2&quality=medium&source=nar-cms&format=auto,0.144976,Neutral,0.628833,0.123641,Neutral
NVDA,New Report Highlights Strength of U.S. Semiconductor Industry and Continued Challenges,"A new report from the Semiconductor Industry Association (SIA) details the strong global market share and R&D investment of the U.S. semiconductor industry, while also highlighting significant challenges like the ongoing global chip shortage and decreasing domestic manufacturing capacity. The report urges Congress and the White House to fund the CHIPS for America Act and consider an investment tax credit (FABS Act) to enhance U.S. semiconductor production and innovation. These measures are deemed crucial for maintaining America's economic competitiveness, national security, and technological leadership.",https://www.semiconductors.org/new-report-highlights-strength-of-u-s-semiconductor-industry-and-continued-challenges/,Semiconductor Industry Association | SIA,Semiconductor Industry Association | SIA,20210927T120000,https://www.semiconductors.org/wp-content/uploads/2021/09/Cover_2021-SIA-State-of-the-Industry-Report-795x1024.png,0.31777,Somewhat-Bullish,0.968961,0.424556,Bullish
NVDA,Kodiak Robotics Unveils Its Next-Generation Autonomous Truck with Plans to More than Double Its Self-Driving Fleet,"Kodiak Robotics announced its fourth-generation autonomous truck featuring Luminar's Iris LiDAR, ZF Full Range Radar, Hesai 360-degree scanning LiDARs, Cummins X15 TM Series engines, Bridgestone Americas smart-sensing tire technology, and the NVIDIA DRIVE platform. These new trucks prioritize modularity, discreet sensor integration, and enhanced reliability to enable scaled production and easier maintenance. Kodiak plans to more than double its self-driving fleet with 15 new PACCAR trucks, expanding its freight delivery business in Texas and potentially other U.S. corridors.",https://www.prnewswire.com/news-releases/kodiak-robotics-unveils-its-next-generation-autonomous-truck-with-plans-to-more-than-double-its-self-driving-fleet-301386504.html,PR Newswire,PR Newswire,20210928T090000,,0.226211,Somewhat-Bullish,0.626264,0.274357,Somewhat-Bullish
NVDA,"Quick on Their Fleet: Kodiak Builds Flexible, High-Performance Self-Driving Trucks on NVIDIA DRIVE","Kodiak Robotics has unveiled its fourth-generation self-driving truck, powered by NVIDIA DRIVE Orin. The trucks feature a lightweight mapping strategy and a discreet, modular hardware design to achieve level 4 self-driving capabilities, focusing on flexibility and live perception rather than detailed pre-constructed maps. This approach addresses the high demand for delivery and the shortage of drivers in the trucking industry.",https://blogs.nvidia.com/blog/kodiak-self-driving-trucks-nvidia-drive/,NVIDIA Blog,NVIDIA Blog,20210928T203655,,0.480512,Bullish,0.944942,0.710881,Bullish
NVDA,Dr. Morris Chang,"Dr. Morris Chang is celebrated for his profound global impact through the establishment of Taiwan Semiconductor Manufacturing Company (TSMC). His vision for TSMC addressed the gap where semiconductor design companies lacked manufacturing capacity, leading to the creation of one of the world's most successful semiconductor firms. TSMC, under Chang's leadership, produces over 12 million semiconductor wafers annually for hundreds of clients and employs over 51,000 workers, embedding values like integrity and innovation into its core.",https://asiasociety.org/asia-game-changer-awards/dr-morris-chang,Asia Society,Asia Society,20210929T192101,https://asiasociety.org/sites/default/files/styles/1200w/public/2021-09/Morris%20Chang.jpg,0.567835,Bullish,0.633613,0.535660,Bullish
NVDA,"FLNC: Fluence Energy Inc - Ordinary Shares - Class A Latest Stock Price, Analysis, News and Trading Ideas","This page provides an overview of Fluence Energy Inc's (FLNC) stock, including its latest stock price, market capitalization, volume, and other key financial metrics. It also features recent news mentions related to FLNC, highlighting an Overnight rally due to a potential partnership with Nvidia. The page serves as a hub for investors to find real-time data, news, and community discussions about the company.",https://stocktwits.com/symbol/FLNC,Stocktwits,Stocktwits,20210930T051042,,0.379215,Bullish,0.749290,0.320593,Somewhat-Bullish
NVDA,Intel’s new neuromorphic Loihi 2 chip brings tenfold performance boost,"Intel has launched Loihi 2, its new neuromorphic processor, which boasts a tenfold performance increase over its predecessor and is built using the pre-production Intel 4 manufacturing process leveraging extreme ultraviolet lithography (EUV). This chip, designed to mimic the human brain, features one million artificial neurons and aims to accelerate AI models with greater energy efficiency than traditional CPUs. Intel is also open-sourcing Lava, a framework to help developers build neuromorphic applications for the chip, marking a significant step towards commercialization in the AI chip market.",https://siliconangle.com/2021/09/30/intels-new-neuromorphic-loihi-2-chip-brings-tenfold-performance-boost/,SiliconANGLE,SiliconANGLE,20210930T185925,https://d15shllkswkct0.cloudfront.net/wp-content/blogs.dir/1/files/2021/09/intel.png,0.320652,Somewhat-Bullish,0.616762,0.209130,Somewhat-Bullish
NVDA,Shoot From the Stars: Startup Provides Early Detection of Wildfires From Space,"OroraTech, an NVIDIA Inception member and spinoff from the Technical University of Munich, is revolutionizing wildfire detection and monitoring using satellite data, ground-based cameras, and AI. The Munich-based startup aims to detect every fire within 30 minutes, significantly reducing CO2 emissions and damage. This year, OroraTech plans to launch its own AI nanosatellites equipped with NVIDIA Jetson Xavier NX to provide even faster, real-time data for immediate action.",https://blogs.nvidia.com/blog/ororatech-wildfires-from-space/,NVIDIA Blog,NVIDIA Blog,20210930T190849,https://blogs.nvidia.com/wp-content/uploads/2021/09/Slide1.jpeg,0.332228,Somewhat-Bullish,0.889309,0.320238,Somewhat-Bullish
NVDA,"CORSAIR Debuts their new XENEON 32QHD165 Gaming Monitor, featuring an ultra-slim 32-inch QHD screen","CORSAIR has launched its new XENEON 32QHD165 Gaming Monitor, featuring a 32-inch QHD IPS LED screen with a 165Hz refresh rate and compatibility with AMD FreeSync Premium and NVIDIA G-SYNC. The monitor is designed for gamers and creators, offering excellent color accuracy, HDR400 support, and integration with CORSAIR iCUE and Elgato Stream Deck software. It also boasts a versatile design with a unique stand featuring a 1/4"" threading for mounting accessories and comprehensive connectivity options.",https://gamingtrend.com/news/corsair-debuts-their-new-xeneon-32qhd165-gaming-monitor-featuring-an-ultra-slim-32-inch-qhd-screen/,GamingTrend,GamingTrend,20210930T200135,,0.359577,Bullish,0.708416,0.318902,Somewhat-Bullish
NVDA,UK-based Ferroglobe eyes restart plan for silicon metal facility in Selma,"Ferroglobe PLC's subsidiary, Globe Metallurgical Inc. (GMI), is planning to restart its silicon metal facility in Selma, Alabama, due to favorable market conditions. The company aims to resume operation of one furnace in December and a second by March 2022, creating about 100 new local jobs. This move is part of Ferroglobe's strategic turnaround plan and has the support of Alabama state officials, who view it as a significant economic boost for the region.",https://alabamanewscenter.com/2021/10/03/uk-based-ferroglobe-eyes-restart-plan-for-silicon-metal-facility-in-selma/,Alabama News Center,Alabama News Center,20211003T180449,https://alabamanewscenter.com/wp-content/uploads/2021/09/Ferroglobe-Feature.png,0.186013,Somewhat-Bullish,0.603036,0.235590,Somewhat-Bullish
NVDA,GINN's Got the Goods of Quality Disruptive Companies,"The article highlights the Goldman Sachs Innovate Equity ETF (GINN) as a strong investment opportunity, particularly for those seeking exposure to high-quality, disruptive growth companies. Despite the S&P 500 Technology Index's flat performance in the third quarter, GINN focuses on larger, mature yet innovative companies with high return on equity (ROE), such as Nvidia, Apple, and Microsoft. The fund's significant allocation to technology and healthcare sectors, combined with its emphasis on quality traits and R&D-focused companies, positions it well for continued upside.",https://www.etftrends.com/future-etfs-channel/ginns-got-the-goods-of-quality-disruptive-companies/,ETF Trends,ETF Trends,20211004T082450,https://www.etftrends.com/wp-content/uploads/2025/10/FutureETFs_masthead_overlay_1600x121.png,0.321053,Somewhat-Bullish,0.716902,0.300424,Somewhat-Bullish
NVDA,Unlocking the Promise of 5G,"This article discusses the transformative potential of 5G technology, highlighting its enhanced performance compared to 4G LTE, including higher bandwidth, lower latency, and increased reliability. It details how F5 Networks and NVIDIA are collaborating to enable service providers to deploy 5G, leveraging solutions like network functions virtualization and NVIDIA's SmartNIC adapters for optimized data plane performance. The article also touches upon key market trends driving 5G adoption and the timeline for its widespread rollout.",https://developer.nvidia.com/blog/unlocking-the-promise-of-5g/,NVIDIA Developer,NVIDIA Developer,20211005T180034,https://developer-blogs.nvidia.com/wp-content/uploads/2021/03/Capture-19.jpeg,0.417,Bullish,0.853127,0.420645,Bullish
NVDA,Nvidia joins $100M funding round for MLOps startup Domino Data Lab,"Domino Data Lab, an MLOps startup, secured $100 million in funding from Great Hill Partners, Nvidia Corp., and existing investors. The company plans to deepen its partnership with Nvidia, integrating its platform with Nvidia's AI systems and seeking certification for Nvidia AI Enterprise. This investment will enable Domino Data Lab to expand its team and further develop its platform, which helps enterprises manage and deploy AI models, addressing challenges like infrastructure provisioning, software management, and talent recruitment in the competitive MLOps market.",https://siliconangle.com/2021/10/05/nvidia-joins-100m-funding-round-mlops-startup-domino-data-lab/,SiliconANGLE,SiliconANGLE,20211005T181739,https://d15shllkswkct0.cloudfront.net/wp-content/blogs.dir/1/files/2021/10/Image-1.png,0.458018,Bullish,1.000000,0.491840,Bullish
NVDA,Nvidia offers EU concessions over $54 billion Arm deal,"Nvidia has offered concessions to the EU antitrust regulator regarding its $54 billion acquisition of British chip designer Arm. The deal has raised concerns within the semiconductor industry about Arm's neutrality as a technology supplier. The EU will now seek feedback before deciding whether to approve the deal, demand more concessions, or open a formal investigation.",https://www.reuters.com/technology/nvidia-offers-eu-concessions-over-arm-buy-2021-10-06/,Reuters,Reuters,20211006T151900,https://www.reuters.com/resizer/v2/https%3A%2F%2Fcloudfront-us-east-2.images.arcpublishing.com%2Freuters%2FVOWBPB3X5FPWPMWJ74H2O6OZXU.jpg?auth=e26466f8e775102ab3ad78bb4b711e74f1b4c3e804c6eddb8d672f06b9dd632b&width=1200&height=630&quality=80&smart=true,-0.083919,Neutral,1.000000,-0.229275,Somewhat-Bearish
NVDA,NVIDIA AI Enterprise,"NetApp, NVIDIA, and VMware have partnered to offer an enterprise-class AI solution, addressing the complexities of managing AI infrastructure. This collaboration leverages NVIDIA AI Enterprise, a cloud-native software suite optimized for VMware vSphere on NVIDIA-Certified Systems, and NetApp's enterprise-class storage. The integrated solution facilitates rapid deployment, management, and scaling of AI workloads in hybrid cloud environments, exemplified by NetApp's GPU-enabled Lab on Demand.",https://www.netapp.com/blog/enterprise-ai-nvidia-vmware/,NetApp,NetApp,20211007T181717,https://www.netapp.com/media/Netapp-NVIDIA-VMWorld-HERO-940x784_tcm19-61728.jpg,0.463367,Bullish,0.859114,0.470713,Bullish
NVDA,"Oski Technology, an Expert in Formal Verification, Joins NVIDIA","NVIDIA announced the acquisition of Oski Technology, a company specializing in formal verification methods. This acquisition aims to significantly increase NVIDIA's investment and commitment to formal verification strategies, which are crucial for ensuring the correctness of complex modern processors and new autonomous machine applications. Oski, known for its leading-edge work and expertise, has been a long-time partner of NVIDIA, and most of its employees will join NVIDIA, expanding NVIDIA's engineering presence in India.",https://blogs.nvidia.com/blog/oski-formal-verification/,NVIDIA,NVIDIA,20211008T181740,https://blogs.nvidia.com/wp-content/uploads/2021/10/oski-technology-logo_highres.jpg,0.349666,Somewhat-Bullish,1.000000,0.449520,Bullish
NVDA,China’s Robotaxis Hit the Road,"China is making significant strides in the development and deployment of robotaxis, with several leading companies actively testing and expanding their services. These companies, including AutoX, Baidu Apollo, Momenta, Pony.ai, and WeRide, are moving from trials with safety drivers to driverless operations, integrating advanced technologies like 5G-based C-V2X systems. The long-term strategy involves expanding robotaxi services and applying their underlying technology to other mobility solutions like autonomous buses and last-mile delivery.",https://www.eetasia.com/chinas-robotaxis-hit-the-road/,EE Times Asia,EE Times Asia,20211011T183416,https://www.eetimes.com/wp-content/uploads/Screen-Shot-2021-10-09-at-11.28.58-AM.png?w=640&resize=640%2C592,0.41002,Bullish,0.579089,0.352423,Bullish
NVDA,Understanding the Buzz Around the BUZZ ETF,"The article discusses the VanEck Vectors Social Sentiment ETF (BUZZ), which debuted in March 2021 and capitalizes on the ""meme stock"" phenomenon. It examines BUZZ's methodology, noting that its longer lookback period means it doesn't solely focus on highly speculative meme stocks like GameStop and AMC. Instead, BUZZ's portfolio includes quality names like AMD, Apple, Nvidia, and Pfizer, and exhibits low single-stock risk.",https://etfdb.com/tactical-allocation-content-hub/understanding-the-buzz-around-the-buzz-etf/,ETF Database,ETF Database,20211012T053040,https://etfdb.com/media/W1siZiIsIjIwMjEvMTAvMTIvNHRva3E1d205MV9WYW5FY2tfU29jaWFsX1NlbnRpbWVudF9FVEYucG5nIl0sWyJwIiwidGh1bWIiLCI3NTB4XHUwMDNlIl1d/VanEck%20Social%20Sentiment%20ETF.png,0.322508,Somewhat-Bullish,0.733487,0.300874,Somewhat-Bullish
NVDA,EU to investigate Nvidia's $54 bln ARM bid after remedies fall short - sources,"The EU is expected to launch an extended antitrust investigation into Nvidia's $54 billion bid for British chip designer ARM. This comes after remedies offered by Nvidia last week failed to address competition concerns, marking a second setback for the company after a similar warning from Britain's antitrust agency. The European Commission is scheduled to end its preliminary review on October 27, initiating a four-month investigation.",https://www.reuters.com/technology/eu-open-probe-into-nvidias-54-billion-bid-arm-sources-2021-10-12/,Reuters,Reuters,20211012T100300,https://www.reuters.com/resizer/v2/https%3A%2F%2Fcloudfront-us-east-2.images.arcpublishing.com%2Freuters%2FDUFPG74WLZNUNH4XW6X4R5X3LY.jpg?auth=645b41cf1332a4ae39f4d7ff43ec3413eb981881775fe2e92c219a16f0629676&width=1920&quality=80,-0.358329,Bearish,1.000000,-0.709567,Bearish
NVDA,Advanced Micro Devices Inc. stock outperforms market on strong trading day,"Shares of Advanced Micro Devices Inc. (AMD) rallied 3.92% on Wednesday, outperforming the S&P 500 Index and the Dow Jones Industrial Average. The stock closed below its 52-week high but outperformed competitors like NVIDIA Corp. and Intel Corp. Trading volume for AMD was slightly below its 50-day average.",https://www.marketwatch.com/story/advanced-micro-devices-inc-stock-outperforms-market-on-strong-trading-day-01634157390-84f44434dcb2?gaa_at=eafs&gaa_n=AWEtsqcx8PpGcJxqafgaI6OoJA12ttowo2kIYCHm4m60P_kW7NMwmQHQ8OdF&gaa_ts=699b4448&gaa_sig=BgYHWccO199Kd1KQ3E64kNI5vKz3ErjwncYKohWwaKlRF-gaQfAAZMybSzHAGSgkzAAcwey2LwZTRHUfR4rf7g%3D%3D,MarketWatch,MarketWatch,20211013T163600,https://images.mktw.net/im-220105?width=700&height=466,0.344705,Somewhat-Bullish,0.609184,0.312795,Somewhat-Bullish
NVDA,Multi-Access Edge Computing: The Future of IoT & Connected Vehicles,"The article discusses the growing prevalence of IoT devices and the challenge of processing the vast amount of data they generate, especially in the automotive industry. It highlights how Multi-Access Edge Computing (MEC), originally developed by telecommunications companies, offers a solution by processing data closer to the source, significantly reducing latency and improving reliability. MEC is presented as crucial for the future of connected vehicles, enabling new services, enhancing customer experience, and allowing for new revenue streams for OEMs.",https://www.epam.com/insights/blogs/multi-access-edge-computing-the-future-of-iot-and-connected-vehicles,EPAM,EPAM,20211013T175842,https://www.epam.com/etc/designs/epam-core/images/common/logo-print.png,0.317163,Somewhat-Bullish,0.608394,0.280852,Somewhat-Bullish
NVDA,MLOps startup Weights & Biases valued at $1B after fresh $135M funding round,"Weights & Biases Inc., an MLOps startup whose software aids in AI model development for companies like OpenAI and Nvidia, has secured $135 million in Series C funding. This investment values the company at $1 billion, bringing its total funding to date to $200 million. The platform enhances developer productivity by streamlining the organization and processing of project data and optimizing AI model configuration settings through Bayesian optimization.",https://siliconangle.com/2021/10/13/mlops-startup-weights-biases-worth-1b-fresh-135m-funding-round/,SiliconANGLE,SiliconANGLE,20211013T181739,https://d15shllkswkct0.cloudfront.net/wp-content/blogs.dir/1/files/2021/10/1.png,0.319868,Somewhat-Bullish,0.859206,0.342762,Somewhat-Bullish
NVDA,Lenovo Extends Exclusive Lenovo Legion PC and Monitor Partnership with Apex Legends Global Series,"Lenovo has renewed its exclusive partnership with the Apex Legends Global Series (ALGS), providing over 400 high-performance Lenovo Legion PCs and gaming monitors for its esports competitors. This collaboration aims to power transformational gaming experiences and gather user insights from elite players to inform future product development. The partnership emphasizes Lenovo's commitment to high-performance gaming equipment and its vision in the growing esports industry.",https://news.lenovo.com/pressroom/press-releases/legion-pc-and-monitor-partnership-with-apex-legends-global-series/,Lenovo StoryHub,Lenovo StoryHub,20211014T175715,https://news.lenovo.com/wp-content/uploads/2021/10/AGLS-Lenovo-Legion_hero-lockup_1024x577-new-look-out-on-Oct-22.jpg,0.37499,Bullish,0.612181,0.319635,Somewhat-Bullish
NVDA,Looks Can Be Perceiving: Startups Build Highly Accurate Perception Software on NVIDIA DRIVE,"This article highlights how startups are developing highly accurate perception software for autonomous vehicles using NVIDIA DRIVE AGX. Companies like aiMotive, Stradvision, Phantom AI, and CalmCar are leveraging the platform's high-performance, energy-efficient AI compute to enable robust object detection and safe navigation, even in challenging conditions. The platform integrates various sensor data, offering scalable solutions for both fully autonomous and AI-assisted driving systems.",https://blogs.nvidia.com/blog/startups-perception-software-nvidia-drive/,NVIDIA Blog,NVIDIA Blog,20211014T181740,https://blogs.nvidia.com/wp-content/uploads/2020/01/ActiveLearning.jpg,0.492891,Bullish,1.000000,0.472958,Bullish
NVDA,"Franklin Intelligent Machines ETF ETF Price, Holdings, & News (BATS:IQM) $IQM","The Franklin Intelligent Machines ETF (IQM) is an actively managed exchange-traded fund that invests in global equity securities of companies relevant to intelligent machines. Launched on February 25, 2020, and managed by Franklin Templeton, the ETF has $86.60 million in assets under management and a net expense ratio of 0.50%. Its top holdings include NVIDIA, Broadcom, and Taiwan Semiconductor Manufacturing.",https://www.marketbeat.com/stocks/BATS/IQM/,MarketBeat,MarketBeat,20211016T173934,,0.280564,Somewhat-Bullish,0.892334,0.345201,Somewhat-Bullish
NVDA,Check out Cipher Mining Equity Warrant Exp 26th Aug 2026's stock price (CIFRW) in real time,"This article provides real-time stock information for Cipher Mining Equity Warrant Exp 26th Aug 2026 (CIFRW), including its current price, historical performance metrics, key financial stats, and recent news. It highlights the company's profile as an industrial-scale data center construction and operations firm focused on bitcoin mining and high-performance computing, along with insights from analyst calls.",https://www.cnbc.com/quotes/CIFRW,CNBC,CNBC,20211018T030906,NULL,0.065838,Neutral,0.649435,0.132612,Neutral
NVDA,Is Cyngn IPO (CYN) Stock a Good Buy?,"Cyngn (CYN) made its IPO debut on October 20, 2021, focusing on developing autonomous driving software for commercial industrial vehicles. While the company addresses a massive total addressable market by aiming to improve safety, increase productivity, and lower costs in industrial settings, it launched as a pre-revenue entity. This means investing in CYN stock carries significant risk despite its compelling narrative and potential to disrupt industrial sectors, requiring long-term patience from investors.",https://www.benzinga.com/money/cyngn-stock,Benzinga,Benzinga,20211020T175500,,0.096465,Neutral,0.600909,-0.145875,Neutral
NVDA,"S&P 500 rises to record close, posts 7th straight day of gains on better-than-expected earnings","The S&P 500 reached a new record close, marking its seventh consecutive day of gains, driven by strong quarterly earnings reports and year-end optimism. Despite some concerns about inflation and Fed bond tapering, corporate profits have largely exceeded expectations, with notable performances from Tesla, HP Inc., and other tech companies. The positive economic news, including a drop in jobless claims, contributed to the market's rally, though IBM's revenue miss stood out as a laggard.",https://www.cnbc.com/2021/10/20/stock-market-futures-open-to-close-news.html,CNBC,CNBC,20211020T175634,https://image.cnbcfm.com/api/v1/image/106793795-1605183158840NYSE-Floor--Veterans-Day-Photo-201111-PRESS-6-jpg?v=1605183333&w=750&h=422&vtcrop=y,0.153199,Somewhat-Bullish,0.607799,0.303694,Somewhat-Bullish
NVDA,"Micron announces big changes, expansive plans. What we know about the impact on Boise","Micron Technology Inc. plans to invest over $150 billion in memory-manufacturing capacity and R&D over the next decade, with potential impacts on its Boise headquarters. While Boise is the primary R&D center for DRAM and employs 5,600 people, the company remains vague about specific expansion plans in the city, pending U.S. government incentives like the Chips for America Act and the FABS Act to offset higher domestic manufacturing costs. This investment comes amid a global computing-chip shortage and aims to secure Micron's position in the semiconductor market.",https://www.idahostatesman.com/news/business/article255145387.html,Idaho Statesman,Idaho Statesman,20211020T181526,,0.16632,Somewhat-Bullish,0.607188,0.123162,Neutral
NVDA,Why Micron Needs to Build in Boise!,"Micron, the third-largest private employer in Idaho, announced a $150 billion global investment in memory chip manufacturing and R&D, showing interest in expanding facilities within the U.S. The article advocates for Micron to invest some of these funds locally in Boise, highlighting its historical commitment to the company and Idaho's pro-business environment. It also mentions Micron's importance as the only American-based chip manufacturer and its past expansions in Virginia and Taiwan.",https://kidotalkradio.com/why-micron-needs-to-build-in-boise/,KIDO Talk Radio,KIDO Talk Radio,20211020T181527,https://townsquare.media/site/658/files/2021/10/attachment-micron12.jpg?w=980&q=75,0.283765,Somewhat-Bullish,0.630300,0.210307,Somewhat-Bullish
NVDA,Aruba introduces the distributed data center switch,"Aruba has partnered with Pensando to unveil the CX 10000, a 48-port L2/L3 Ethernet switch featuring embedded Pensando ASICs for security services, load balancing, and firewalls. This distributed data center switch allows companies to build a switching fabric across multiple locations and integrates security directly at the leaf level to enhance performance. While it pushes for a change in traditional separate management of switching and security, analysts predict a significant future market for such integrated distributed switches, especially for large enterprises.",https://www.techtarget.com/searchnetworking/news/252508382/Aruba-introduces-the-distributed-data-center-switch,TechTarget,TechTarget,20211020T202744,,0.256194,Somewhat-Bullish,0.629185,0.149765,Neutral
NVDA,NVIDIA Introduces the Next Generation in Cloud Gaming,"NVIDIA has announced its next-generation cloud gaming platform, GeForce NOW, which will offer GeForce RTX 3080-class gaming performance through a new high-performance membership tier. This tier leverages NVIDIA's SuperPOD architecture, providing significant graphical horsepower and enabling high resolutions, fast frame rates, and low latency across various devices. The service provides access to over 1,100 games, including many popular free-to-play and upcoming titles with RTX ON.",https://nvidianews.nvidia.com/news/nvidia-introduces-the-next-generation-in-cloud-gaming,NVIDIA Newsroom,NVIDIA Newsroom,20211021T181739,https://s3.amazonaws.com/cms.ipressroom.com/219/files/20219/6170edfbb3aed351e5a2cbb0_GeForce+NOW+SuperPOD/GeForce+NOW+SuperPOD_mid.jpg,0.293379,Somewhat-Bullish,1.000000,0.411016,Bullish
NVDA,SPBC Stock Price | Simplify U.S. Equity PLUS GBTC ETF,"This article provides detailed information about the Simplify U.S. Equity PLUS GBTC ETF (SPBC), including its current stock price, trading exchange (NASDAQ), and key statistics like volume, market cap, and expense ratio. It also covers the ETF's dividend yield, investment strategy, and recent news, noting that the fund invests in U.S. equities and Bitcoin. Technical analysis indicators are also presented for short-term and long-term views.",https://www.investing.com/etfs/spbc-nasdaq,Investing.com,Investing.com,20211022T103956,,-0.19634,Somewhat-Bearish,0.641114,-0.145568,Neutral
NVDA,Diversification away from Taiwan chipmakers is necessary,"The article discusses the global reliance on Taiwan's chipmakers, particularly TSMC, amidst a worldwide chip shortage. It highlights efforts by South Korea, China, and the U.S. (Intel, GlobalFoundries) to diversify semiconductor production, acknowledging the difficulties due to high capital investment and technological complexity. The author concludes that while diversification is necessary, it will be a challenging and time-consuming process given Taiwan's established and highly specialized chipmaking ecosystem.",https://www.forbesindia.com/article/essec-business-school/diversification-away-from-taiwan-chipmakers-is-necessary/71173/1,Forbes India,Forbes India,20211025T154100,"https://images.forbesindia.com/blog/wp-content/uploads/media/images/2021/Oct/img_170381_semiconductor.jpg?im=Resize,width=600,aspect=fit,type=normal",0.033987,Neutral,0.604627,0.016004,Neutral
NVDA,Nvidia Gets a Price Target Boost. Bitcoin’s Impact on Gaming May Be Ending.,"Piper Sandler has become more bullish on Nvidia, boosting its price target for the company. This comes amid signs that the influence of Bitcoin mining on Nvidia's gaming business might be diminishing. Nvidia is a major producer of graphics processing units (GPUs).",https://www.barrons.com/articles/nvidia-gets-a-price-target-boost-bitcoins-impact-on-gaming-may-be-ending-51635167986?gaa_at=eafs&gaa_n=AWEtsqdV0Nw0JRFe2_9ERm7Izr2uC_FyT8O_1Vgy-Pdgk7N55oMzgqLgRUFC&gaa_ts=699b4c6c&gaa_sig=jSja6putIhA8TwfD4d48B3K5Rys81_i4lTi5WbR0I3kZtVCIWb2AsZgd-larXC98XdRFaY6xxJkkd60nhDQt0w%3D%3D,Barron's,Barron's,20211025T182025,https://images.barrons.com/im-392288?width=639&height=426,0.227878,Somewhat-Bullish,0.914796,0.414268,Bullish
NVDA,AMD Grows Revenue In Sixth Straight Quarter Reveal Q3 2021 Results,"Advanced Micro Devices (NASDAQ:AMD) reported significant revenue growth for its third fiscal quarter of 2021, marking its sixth consecutive quarter of revenue increase, driven primarily by its Enterprise, Embedded and Semi-custom segment. The company recorded $4.3 billion in net sales, representing a 54% annual and 12% sequential growth, with strong contributions from data center and custom-design chips. Despite a sequential drop in cash flows due to investments in long-term supply chain capacity, AMD doubled its operating income and achieved a 78% annual net income growth, with projections for continued revenue and gross margin improvement in the current quarter.",https://wccftech.com/amd-grows-revenue-in-sixth-straight-quarter-reveal-q3-2021-results/,Wccftech,Wccftech,20211026T181400,,0.269804,Somewhat-Bullish,0.614057,0.106869,Neutral
NVDA,Intel teams with Google Cloud to develop new class of data center chip,"Intel Corp and Google Cloud have collaborated to create ""Mount Evans,"" a new class of chip called an ""infrastructure processing unit"" (IPU) aimed at optimizing cloud computing data centers. This chip separates and speeds up overhead tasks like setting up virtual machines, improving efficiency and security. Intel hopes to make this IPU an industry standard beyond Google, with both companies working on releasing free software tools.",https://www.reuters.com/technology/intel-teams-with-google-cloud-develop-new-class-data-center-chip-2021-10-27/,Reuters,Reuters,20211027T171000,NULL,0.239832,Somewhat-Bullish,0.643883,0.145424,Neutral
NVDA,Invesco ESG NASDAQ 100 ETF,"This page provides a comprehensive guide to the Invesco ESG NASDAQ 100 ETF (QQMG), detailing its profile, price, dividend, valuation, expense ratio, holdings, and performance metrics. It includes vital information like its inception date, index tracked, assets under management, and comparisons to alternative ETFs. The report also highlights the ETF's ESG themes and scores, geographical exposure, sector allocation, and volatility analysis.",https://etfdb.com/etf/QQMG/,ETF Database,ETF Database,20211029T100916,,0.348799,Somewhat-Bullish,0.823010,0.306750,Somewhat-Bullish
NVDA,Aktueller SIMPLIFY VOLATILITY PREMIUM ETF INTRADAY Kurs heute,"This article provides the current intraday course for the SIMPLIFY VOLATILITY PREMIUM ETF, showing its performance on June 26, 2026, with a slight increase. It also includes comparative data against major indices like DAX, EURO STOXX 50, and S&P 500, along with performance metrics over various timeframes and related investment themes and videos.",https://www.onvista.de/index/SIMPLIFY-VOLATILITY-PREMIUM-ETF-INTRADAY-Index-335017918,Onvista,Onvista,20211101T050922,,0.11671,Neutral,0.610583,0.148828,Neutral
NVDA,India to push manufacturing of semiconductors,"India plans to boost domestic semiconductor manufacturing with significant capital and production-linked incentives. This initiative, driven by the Prime Minister's Office, aims to address the global chip shortage exacerbated by the COVID-19 pandemic and geopolitical tensions, which severely impacted industries like the auto sector. The government seeks to attract investors by providing financial support and tax reductions, anticipating a surge in semiconductor demand as India's electronics production rapidly grows.",https://www.passionateinmarketing.com/india-to-push-manufacturing-of-semiconductors/,Passionate In Marketing,Passionate In Marketing,20211103T173857,https://pimwp.s3-accelerate.amazonaws.com/2021/11/chips-696x392.jpg,0.26478,Somewhat-Bullish,0.564766,0.235187,Somewhat-Bullish
NVDA,Investing in Mark Zuckerberg’s vision of the Metaverse with an ETF,"This article discusses investing in Mark Zuckerberg's vision of the Metaverse following Facebook's rebranding to Meta. It explains what the Metaverse is, how investors can gain exposure through companies involved in its creation like Roblox and Unity Software, and highlights the Roundhill Ball Metaverse ETF (NYSE:META) which tracks a basket of such stocks. The article also provides information on thematic ETFs and the fund manager, Roundhill Investments.",https://www.thearmchairtrader.com/metaverse-etf-roundhill-investments/,The Armchair Trader,The Armchair Trader,20211103T204637,,0.242807,Somewhat-Bullish,0.610054,0.304078,Somewhat-Bullish
NVDA,Nvidia Hits Record High as Stock Surge Nears 120% This Year,"Nvidia Corp. stock rallied to a record high, extending its 2021 advance to nearly 130%. The chipmaker's shares rose 12% in its sixth consecutive positive session, making it the biggest gainer in the Philadelphia Stock Exchange Semiconductor Index. Wells Fargo also raised its price target on Nvidia, citing opportunities in the metaverse.",https://www.bloomberg.com/news/articles/2021-11-04/nvidia-extends-rally-as-year-s-surge-nears-120-ahead-of-results,Bloomberg.com,Bloomberg.com,20211104T153800,,0.815711,Bullish,1.000000,0.812980,Bullish
NVDA,Arista Gains Big on Cloud Boom,"Arista Networks experienced significant stock gains following strong earnings and boosted guidance, driven by increased capital spending from hyperscalers like Meta and Microsoft. The company also continues to gain market share from competitors like Cisco in both data center, cloud, and campus networking segments, indicating a robust cloud boom across the industry. Other infrastructure vendors like NVIDIA, Amazon Web Services, and Broadcom are also seeing growth.",https://www.futuriom.com/articles/news/arista-gains-big-on-cloud-boom/2021/11,Futuriom,Futuriom,20211104T193553,,0.664025,Bullish,0.720606,0.706540,Bullish
NVDA,GOI to launch a mega-billion plan for semiconductor manufacturers,"The Indian government is set to introduce a significant capital and production-linked incentive (PLI) scheme to boost domestic semiconductor manufacturing, addressing global chip shortages. This initiative involves discussions with major global chipmakers like TSMC and Intel, offering financial support, tariff cuts, and leveraging programs like SPECS. The move aims to capitalize on rising domestic demand, project electronic production to reach $350-400 billion by 2025, and attract investments following China's ""Plus One"" policy.",https://www.passionateinmarketing.com/goi-to-launch-a-mega-billion-plan-for-semiconductor-manufacturers/,Passionate In Marketing,Passionate In Marketing,20211105T173857,https://pimwp.s3-accelerate.amazonaws.com/2021/11/shutterstock_1167488926-696x464.jpg,0.233135,Somewhat-Bullish,0.632362,0.324454,Somewhat-Bullish
NVDA,How Intel plans to catch Samsung and TSMC and regain its dominance in the chip market,"Intel CEO Pat Gelsinger has outlined an ambitious plan to regain dominance in the chip market by 2025, aiming to surpass competitors Samsung and TSMC. The strategy involves significant investment in new fabrication plants globally, totaling over $44 billion, and opening Intel's fabs to other companies through Intel Foundry Services. This move addresses past production missteps and aims to leverage government subsidies like the CHIPS Act to boost U.S. chip manufacturing.",https://www.cnbc.com/2021/11/06/how-intel-plans-to-catch-up-to-samsung-and-tsmc-with-44-billion-of-new-global-chip-fabs.html,CNBC,CNBC,20211106T171526,https://image.cnbcfm.com/api/v1/image/106971780-1636150739690-GettyImages-1187294928.jpg?v=1658147193&w=750&h=422&vtcrop=y,0.149667,Neutral,0.622518,0.129393,Neutral
NVDA,EXPLAINED: What is Metaverse and Why Facebook/ Meta Thinks it's the Future of Internet,"This article explains the concept of the metaverse, why Facebook (now Meta) views it as the future of the internet, and what its potential applications are. It details how the metaverse would work, from virtual interactions and business opportunities to the technologies being developed to build it, while also touching on data privacy concerns.",https://www.news18.com/news/tech/explained-what-is-metaverse-and-why-facebook-meta-thinks-its-the-future-of-internet-4416881.html,News18,News18,20211108T104000,,0.156445,Somewhat-Bullish,0.609579,0.109676,Neutral
NVDA,"AMD Blitzes Intel, Nvidia With New Faster EPYC, Instinct Chips","AMD announced new EPYC CPUs and Instinct GPUs aimed at challenging Intel and Nvidia in data center workloads for high-performance computing and AI. The new EPYC processors (Milan-X) feature 3D chiplet technology to triple L3 cache, dramatically increasing performance, especially for technical computing. The Instinct MI200 series GPUs are positioned as ""the world's fastest HPC and AI accelerator,"" promising up to 4.9 times faster HPC and 20 percent faster AI performance compared to Nvidia’s A100 GPU.",https://www.crn.com/news/components-peripherals/amd-blitzes-intel-nvidia-with-new-faster-epyc-instinct-chips,CRN,CRN,20211108T171327,,0.284599,Somewhat-Bullish,0.906315,0.237970,Somewhat-Bullish
NVDA,"AMD lands Meta as customer and takes on Nvidia, sending shares up 11%","Advanced Micro Devices (AMD) shares rose 11% after announcing Meta Platforms Inc. as a new data center chip customer, intensifying its competition with Intel. AMD also unveiled new chips, including the MI200 for AI and machine learning to challenge Nvidia, and the Bergamo processor for cloud computing to compete with Ampere Computing. These strategic moves bolster AMD's market position against larger rivals and secure its presence with major cloud providers.",https://www.reuters.com/technology/amd-lands-meta-customer-takes-aim-nvidia-with-new-supercomputing-chips-2021-11-08/,Reuters,Reuters,20211108T215000,https://www.reuters.com/resizer/v2/L63R6B3GJJNG7JJS4MCEE2R2BQ.JPG?auth=4d4f826338b0051e70e1762c2f6d2f9d501068808162eaae8b71d2b8265a7114,0.275779,Somewhat-Bullish,0.740578,0.263672,Somewhat-Bullish
NVDA,Innoviz Perception Solution Supported on NVIDIA DRIVE Platform,"Innoviz Technologies announced that its advanced perception solution is now supported on the NVIDIA DRIVE platform, integrating its LiDAR sensor and perception software into NVIDIA's end-to-end AI platform for autonomous vehicles. This collaboration allows Innoviz's technology to enable object detection, tracking, and classification, as well as obstacle detection and calibration, and is integrated with NVIDIA DRIVE Sim for development and validation. The partnership aims to accelerate the development and deployment of autonomous vehicles by providing customer access to Innoviz's LiDAR solutions within the NVIDIA DRIVE ecosystem.",https://www.prnewswire.com/news-releases/innoviz-perception-solution-supported-on-nvidia-drive-platform-301419414.html,PR Newswire,PR Newswire,20211109T043000,,0.32092,Somewhat-Bullish,0.927455,0.321593,Somewhat-Bullish
NVDA,Supermicro Enhances Broadest Portfolio of Edge to Cloud AI Systems with Accelerated Inferencing and New Intelligent Fabric Support,"Supermicro announced enhancements to its AI GPU server portfolio, integrating new NVIDIA Ampere-family GPUs to deliver up to 10x faster AI inference performance and 3x faster training. These systems are designed for a wide range of applications from edge computing to cloud environments, critical for uses like autonomous driving, video streaming, and cloud gaming. Supermicro also introduced its Universal GPU Platform and systems supporting the new NVIDIA Quantum-2 InfiniBand product line, alongside optimized solutions for NVIDIA Omniverse Enterprise.",https://www.prnewswire.com/news-releases/supermicro-enhances-broadest-portfolio-of-edge-to-cloud-ai-systems-with-accelerated-inferencing-and-new-intelligent-fabric-support-301419355.html,PR Newswire,PR Newswire,20211109T043500,,0.40277,Bullish,0.850187,0.432150,Bullish
NVDA,"Nvidia picks Luminar's lidar for self-driving tech, sending its shares up 15%",Luminar Technologies Inc. saw its stock jump 15% after Nvidia announced it would use Luminar's lidar technology for its self-driving platforms. This news coincided with Nvidia's annual GTC conference. Luminar has also recently partnered with Volvo and is expanding into the Chinese market.,https://www.bizjournals.com/sanjose/news/2021/11/09/luminar-stock-soars-on-nvidia-partnership.html,The Business Journals,The Business Journals,20211109T141400,,0.393394,Bullish,0.838305,0.335428,Somewhat-Bullish
NVDA,NVIDIA Announces Omniverse Replicator Synthetic-Data-Generation Engine for Training AIs,"NVIDIA has announced Omniverse Replicator, a powerful synthetic-data-generation engine designed to produce physically simulated synthetic data for training deep neural networks. The first applications, NVIDIA DRIVE Sim and NVIDIA Isaac Sim, will accelerate the development of autonomous vehicles and robots by generating diverse and accurate datasets that cover rare or dangerous scenarios. This technology aims to augment real-world data, enabling developers to create high-quality AI models and generate ground truth data that is challenging for humans to label.",https://nvidianews.nvidia.com/news/nvidia-announces-omniverse-replicator-synthetic-data-generation-engine-for-training-ais,NVIDIA Newsroom,NVIDIA Newsroom,20211109T172510,https://s3.amazonaws.com/cms.ipressroom.com/219/files/202110/61895d69b3aed353ae7dbecb_nvidia-omniverse-replicator/nvidia-omniverse-replicator_mid.jpg,0.470443,Bullish,1.000000,0.466082,Bullish
NVDA,"A First-Class Experience, for Every Car: Meet NVIDIA DRIVE Concierge and Chauffeur, Built With Omniverse Avatar","NVIDIA has introduced DRIVE Concierge and DRIVE Chauffeur, AI platforms designed to enhance safety, convenience, and intelligence in personal vehicles. DRIVE Concierge acts as an intelligent in-car assistant using NVIDIA Omniverse Avatar for real-time conversational AI, while DRIVE Chauffeur is an AI-assisted driving platform capable of handling urban and highway traffic autonomously. Both systems work in conjunction to transform the driving experience, making it safer and more enjoyable.",https://blogs.nvidia.com/blog/drive-chauffeur-and-concierge/,NVIDIA Blog,NVIDIA Blog,20211109T172511,https://blogs.nvidia.com/wp-content/uploads/2021/11/Concierge_Chauffeur_blog.jpg,0.485691,Bullish,0.998221,0.482445,Bullish
NVDA,NVIDIA DRIVE Hyperion Combines Orin With Best-in-Class Sensor Architecture for Production-Ready Platform,"NVIDIA has announced its DRIVE Hyperion 8 platform, a production-ready computer architecture and sensor set for full self-driving systems, available for 2024 vehicle models. The platform leverages two NVIDIA DRIVE Orin systems-on-a-chip for redundancy and ample compute, supported by a comprehensive sensor suite from leading suppliers like Continental, Hella, Luminar, Sony, and Valeo. Designed to be open and modular, DRIVE Hyperion 8 aims to accelerate the development and deployment of safe and robust autonomous vehicles.",https://blogs.nvidia.com/blog/drive-hyperion-orin-production-ready-platform/,NVIDIA Blog,NVIDIA Blog,20211109T172511,https://blogs.nvidia.com/wp-content/uploads/2021/11/Hyperion_GTC_blog.jpg,0.38403,Bullish,1.000000,0.467657,Bullish
NVDA,NVIDIA Announces Platform for Creating AI Avatars,"NVIDIA has introduced Omniverse Avatar, a new AI platform designed for creating interactive AI avatars capable of engaging in real-time conversations. This platform integrates several NVIDIA technologies, including speech AI, computer vision, natural language understanding, and simulation, enabling avatars to see, speak, and comprehend human intent. Omniverse Avatar is intended to revolutionize customer service interactions across various industries by providing customizable AI assistants.",https://nvidianews.nvidia.com/news/nvidia-announces-platform-for-creating-ai-avatars,NVIDIA Newsroom,NVIDIA Newsroom,20211109T172511,https://s3.amazonaws.com/cms.ipressroom.com/219/files/202110/6185a0d4b3aed353ac7db817_toy-jhh/toy-jhh_mid.jpg,0.81596,Bullish,1.000000,0.822476,Bullish
NVDA,NVIDIA Opens New Portals Into Virtual Worlds With Expanded Omniverse Ecosystem and Capabilities,"NVIDIA has expanded its Omniverse ecosystem with new features and partnerships, enhancing its physically accurate 3D virtual world platform. The updates include AR, VR, multi-GPU rendering, and new technologies like Omniverse Avatar and Replicator, alongside integrations with Bentley Systems and Esri for industrial digital-twin applications. Omniverse Enterprise has also reached general availability, enabling real-time collaboration for global 3D design teams across various industries.",https://blogs.nvidia.com/blog/expanded-omniverse-ecosystem/,NVIDIA Blog,NVIDIA Blog,20211109T172511,https://blogs.nvidia.com/wp-content/uploads/2021/11/omniverse-buggy.jpg,0.258974,Somewhat-Bullish,1.000000,0.437117,Bullish
NVDA,NVIDIA Brings AI to the Supply Chain,"NVIDIA has introduced NVIDIA cuOpt AI software to help optimize the $9 trillion logistics industry amidst global supply chain disruptions. This software uses AI to improve route planning, warehouse operations, and fleet management, aiming to reduce delivery costs and enhance efficiency. Domino's Pizza has already seen promising results using cuOpt for real-time delivery optimization.",https://blogs.nvidia.com/blog/cuopt-ai-software-supply-chain/,NVIDIA Blog,NVIDIA Blog,20211109T172511,https://blogs.nvidia.com/wp-content/uploads/2021/11/reopt-ai-software-supply-chain.jpg,0.463224,Bullish,1.000000,0.439711,Bullish
NVDA,NVIDIA Brings Large Language AI Models to Enterprises Worldwide,"NVIDIA has introduced new tools to enable enterprises worldwide to develop and deploy large language models (LLMs) for domain-specific AI applications. This includes the NVIDIA NeMo Megatron framework for training LLMs with trillions of parameters, the customizable Megatron 530B LLM, and the NVIDIA Triton Inference Server with multi-GPU, multinode functionality. These technologies aim to simplify the creation and deployment of advanced language-based AI, making it accessible for various industries and scientific research.",https://nvidianews.nvidia.com/news/nvidia-brings-large-language-ai-models-to-enterprises-worldwide,NVIDIA Newsroom,NVIDIA Newsroom,20211109T172511,https://s3.amazonaws.com/cms.ipressroom.com/219/files/202110/6189868bb3aed353a67db82d_large-language-model-nemo-megatron/large-language-model-nemo-megatron_mid.jpg,0.820307,Bullish,0.996606,0.785038,Bullish
NVDA,Luminar Lidar Selected for NVIDIA DRIVE Hyperion Autonomous Vehicle Reference Platform,"Luminar's lidar solution has been selected to be part of the sensor suite in the NVIDIA DRIVE Hyperion autonomous vehicle reference platform, which aims to accelerate the development of autonomous consumer vehicles with production starting in 2024. The platform will utilize Luminar's long-range Iris lidar for Level 3 highway driving, integrating it with NVIDIA’s high-performance compute and AI software. This collaboration is expected to provide automakers with an advanced platform for next-generation safety and autonomous capabilities.",https://www.businesswire.com/news/home/20211109005556/en/Luminar-Lidar-Selected-for-NVIDIA-DRIVE-Hyperion-Autonomous-Vehicle-Reference-Platform,Business Wire,Business Wire,20211109T204138,https://mms.businesswire.com/media/20211109005556/en/925345/23/Luminar_Iris.jpg,0.351048,Bullish,0.887028,0.319496,Somewhat-Bullish
NVDA,"CoreWeave, Specialized Cloud Provider, Raises $50 Million in New Capital from Magnetar","CoreWeave, a specialized cloud provider focused on NVIDIA GPU-accelerated workloads, announced it has raised $50 million from Magnetar Capital to expand its infrastructure. This funding follows a period of significant growth for CoreWeave, with its total revenues on track to triple in 2021 and its cloud business experiencing 271% growth in the last three months. The investment will enable CoreWeave to further scale its offerings for high-performance computing, catering to diverse needs such as VFX rendering, machine learning, and digital assets.",https://www.prnewswire.com/news-releases/coreweave-specialized-cloud-provider-raises-50-million-in-new-capital-from-magnetar-301420451.html,PR Newswire,PR Newswire,20211110T090500,,0.247119,Somewhat-Bullish,0.828169,0.429134,Bullish
NVDA,AMD wins Meta as a data centre customer,"Advanced Micro Devices (AMD) has secured Meta (formerly Facebook) as a data centre chip customer, leading to an 11% surge in AMD's shares. This win highlights AMD's growing market presence against competitors like Nvidia and Intel, especially with the launch of new chips like the MI200 for AI and machine learning, and ""Bergamo"" for cloud computing. The deal adds Meta to AMD's list of major clients, which already includes Google Cloud, Amazon Web Services, and Microsoft Azure.",https://datacentremagazine.com/data-centres/amd-wins-meta-data-centre-customer,Data Centre Magazine,Data Centre Magazine,20211110T165320,https://assets.bizclikmedia.net/138/a8ccc3a921fb5b91be3cb81d0cd90a68:1d4c0157e773b674ae0223477b7de190/433105-amd-headquarters-santa-clara-1260x709-jpg.webp,0.222691,Somewhat-Bullish,0.622065,0.135064,Neutral
NVDA,Nvidia CEO: ‘We don’t have any magic bullets’ to deal with chip shortage,"Nvidia CEO Jensen Huang stated that the global chip shortage is not expected to end soon, with demand continuing to outstrip supply through the next year. He noted that while Nvidia is fortunate to have diverse suppliers, there are no ""magic bullets"" to navigate the supply chain issues. Huang believes that the increased demand for chips, driven by factors like remote work and gaming, represents a permanent shift rather than a temporary trend.",https://finance.yahoo.com/news/nvidia-ceo-we-dont-have-any-magic-bullets-to-deal-with-chip-shortage-212549454.html,Yahoo Finance,Yahoo Finance,20211110T172510,https://s.yimg.com/ny/api/res/1.2/_DW_.WWOqvq87NzgzBmKFA--/YXBwaWQ9aGlnaGxhbmRlcjt3PTk2MDtoPTY0MQ--/https://s.yimg.com/os/creatr-uploaded-images/2021-04/9b18c2c0-9d39-11eb-bdd6-367b2cb68c01,-0.06978,Neutral,0.996684,-0.239270,Somewhat-Bearish
NVDA,Aeva and Luminar deals show lidar gaining traction,"Aeva and Luminar, two lidar companies that recently went public via SPACs, are gaining traction in the autonomous vehicle industry. Aeva has partnered with Fabrinet for mass production of its chip-scale lidar modules, while Luminar's lidar has been selected for Nvidia's DRIVE Hyperion platform. Another lidar startup, Ouster, also reported a significant increase in sales and plans to launch a new automotive lidar platform.",https://optics.org/news/12/11/12,Optics.org,Optics.org,20211110T201648,,0.186195,Somewhat-Bullish,0.911811,0.300804,Somewhat-Bullish
NVDA,TSMC and Sony partner to build US$7bn chip factory in Japan,"Taiwan Semiconductor Manufacturing Company (TSMC) and Sony have announced a joint venture to build a $7 billion chip plant in Japan, aiming for mass production by 2024. The new factory in Kumamoto will be TSMC's first in Japan, creating 1,500 high-tech jobs and producing 45,000 12-inch wafers per month to address the global semiconductor shortage. Sony will invest $500 million for a 20% equity stake, with significant funding also provided by the Japanese government.",https://technologymagazine.com/digital-transformation/tsmc-and-sony-partner-build-usdollar7bn-chip-factory-japan,Technology Magazine,Technology Magazine,20211110T212705,,0.308553,Somewhat-Bullish,0.564210,0.255012,Somewhat-Bullish
NVDA,Samsung Announces Availability of Its Leading-Edge 2.5D Integration ‘H-Cube’ Solution for High Performance Applications,"Samsung Electronics has announced the availability of its new Hybrid-Substrate Cube (H-Cube) technology, a 2.5D packaging solution for high-performance computing (HPC), AI, data center, and network products. Developed in collaboration with Samsung Electro-Mechanics and Amkor Technology, H-Cube uses an advanced silicon interposer and hybrid-substrate structure to efficiently integrate up to six HBMs, providing a cost-effective solution for large-area packaging challenges. This innovation seeks to address increasing integration requirements and substrate supply constraints in the semiconductor industry.",https://news.samsung.com/global/samsung-announces-availability-of-its-leading-edge-2-5d-integration-h-cube-solution-for-high-performance-applications,Samsung Global Newsroom,Samsung Global Newsroom,20211111T165322,https://img.global.news.samsung.com/global/wp-content/uploads/2021/11/H-Cube_2.5D_main1.jpg,0.27079,Somewhat-Bullish,0.635296,0.303071,Somewhat-Bullish
NVDA,NVIDIA highlights healthcare AI innovations,"NVIDIA announced new AI technologies and tools designed to transform healthcare, including the Clara Holoscan platform for software-defined medical devices. The company's CEO, Jensen Huang, emphasized how AI and physics machine learning will revolutionize medical instruments and drug discovery. The article details how Clara Holoscan accelerates data processing in medical devices and highlights Clara Discovery's role in speeding up drug discovery by overcoming molecular simulation bottlenecks.",https://physicsworld.com/a/nvidia-highlights-healthcare-ai-innovations/,Physics World,Physics World,20211111T172510,https://physicsworld.com/wp-content/uploads/2021/11/Clara-Holoscan-635x357.jpg,0.817654,Bullish,1.000000,0.841543,Bullish
NVDA,"Sony slashes PlayStation 5 production target amid chip shortage, supply chain challenges: report","Sony has reportedly lowered its PlayStation 5 production target for the current fiscal year due to global chip shortages and supply chain disruptions. The company now expects to produce about 15 million PS5s, down from an earlier target of over 16 million, impacting availability during the holiday season. Sony is investing in a new chip factory in Japan with Taiwan Semiconductor Manufacturing Company (TSMC) to ease future supply constraints, while rival Nintendo has also revised its sales forecast downwards due to similar issues.",https://www.foxbusiness.com/technology/sony-ps5-production-chip-shortage-supply-chain,Fox Business,Fox Business,20211111T173432,https://a57.foxnews.com/static.foxbusiness.com/foxbusiness.com/content/uploads/2021/07/931/523/PlayStation-5.png?ve=1&tl=1,-0.295933,Somewhat-Bearish,0.556315,-0.256528,Somewhat-Bearish
NVDA,COLORFUL Unveils GeForce RTX 3070 Customization Series Graphics Cards,"COLORFUL has launched its new GeForce RTX 3070 Customization Series graphics cards, designed to replace its Bilibili Edition. The series includes the RTX 3070 and RTX 3070 Ti custom OC variants, featuring a two-sided cooling structure and magnetic interchangeable backplate covers for personalization. These cards are currently listed on COLORFUL's website but are expected to be available only in Chinese markets.",https://wccftech.com/colorful-unveils-geforce-rtx-3070-customization-series-graphics-cards/,Wccftech,Wccftech,20211112T070300,https://cdn.wccftech.com/wp-content/uploads/2021/11/COLORFUL-GeForce-RTX-3070-Ti-8GB-iGame-Customization-OC1-740x555.jpg,0.086448,Neutral,0.820429,0.225018,Somewhat-Bullish
NVDA,Nvidia CEO Huang: We could make ARM successful in ‘all other areas of computing’,"Nvidia CEO Jensen Huang believes that even if the acquisition of ARM doesn't go through, Nvidia will continue to thrive by supporting a diverse range of CPUs, seeing opportunities for accelerated computing wherever CPUs are present. Huang also highlighted that integrating ARM with Nvidia could significantly boost ARM's research and development efforts, helping it succeed in various computing sectors beyond its current dominance in mobile devices. The deal faces significant regulatory hurdles in multiple countries, and its outcome will determine the future of the proposed merger.",https://finance.yahoo.com/news/nvidia-ceo-huang-we-could-make-arm-successful-in-all-other-areas-of-computing-203037850.html,Yahoo Finance,Yahoo Finance,20211112T172511,https://s.yimg.com/ny/api/res/1.2/IzEdCD4Z.auLjRbWPGrm7g--/YXBwaWQ9aGlnaGxhbmRlcjt3PTk2MDtoPTYzMQ--/https://s.yimg.com/os/creatr-images/2019-01/faa60780-104a-11e9-bf1b-52c7ef53dac0,0.078449,Neutral,1.000000,0.112406,Neutral
NVDA,"Nvidia CEO: The metaverse will be 'much, much bigger than the physical world'","Nvidia CEO Jensen Huang believes the metaverse will far surpass the physical world in scale and economic activity. He envisions an internet where virtual creations and training for AI and robotics will be significantly larger than real-world counterparts. Nvidia's Omniverse platform is central to this vision, enabling businesses to create digital twins for various applications, including 5G network layout and autonomous driving simulation.",https://finance.yahoo.com/news/nvidia-ceo-the-metaverse-will-be-much-much-bigger-than-the-physical-world-174256652.html,Yahoo Finance,Yahoo Finance,20211112T172511,,0.299696,Somewhat-Bullish,0.976416,0.449005,Bullish
NVDA,"OALC ETF Profile: Dividends, Returns (BOATS:OALC)","This article provides a detailed profile of the OneAscent Large Cap Core ETF (OALC), highlighting its investment strategy, holdings, and financial performance. OALC actively invests in US large-cap stocks, utilizing values-based screening and fundamental analysis, with a particular focus on corporate and social responsibility. The ETF, issued by Oneascent Holdings LLC, has an expense ratio of 0.49% and pays annual dividends, with its major sector allocations in Electronic Technology and Technology Services.",https://www.tradingview.com/symbols/BOATS-OALC/profile/,TradingView,TradingView,20211115T031126,https://s3-symbol-logo.tradingview.com/unified-series-trust--big.svg,0.253156,Somewhat-Bullish,0.619771,0.306074,Somewhat-Bullish
NVDA,"OALC ETF Profile: Dividends, Returns (AMEX:OALC)","This article provides a detailed profile of the OneAscent Large Cap Core ETF (OALC), highlighting its investment strategy, holdings, and financial performance. OALC actively invests in US large-cap stocks using a values-based screening and fundamental analysis process. The ETF holds 99.63% in stocks, primarily in Electronic Technology and Technology Services, and its assets under management (AUM) are $245.16 million.",https://www.tradingview.com/symbols/AMEX-OALC/profile/,TradingView,TradingView,20211115T081332,https://s3-symbol-logo.tradingview.com/unified-series-trust--big.svg,0.266703,Somewhat-Bullish,0.636752,0.325605,Somewhat-Bullish
NVDA,Startup Embark Trucks Now Publicly Traded,"Embark Trucks Inc., an autonomous truck software developer, has completed its business combination with Northern Genesis Acquisition Corp. II and is now publicly traded on the Nasdaq Capital Market under the ticker symbols EMBK and EMBKW. The company, co-founded by CEO Alex Rodrigues (26), aims to commercialize self-driving trucks in the U.S. Sun Belt by 2024, leveraging its OEM-agnostic software and recent partnerships with industry leaders.",https://www.ttnews.com/articles/startup-embark-trucks-now-publicly-traded,Transport Topics,Transport Topics,20211115T103000,https://www.ttnews.com/sites/default/files/styles/article_full_width_image/public/images/articles/rodrigues-bb-1200.jpg,0.379208,Bullish,0.607571,0.348233,Somewhat-Bullish
NVDA,Unity launches ‘metaverse’ platforms to simulate robot deployments,"Unity has introduced two new products, Unity Simulation Pro and Unity SystemGraph, designed to simulate AI and robotics deployments for virtual testing and analysis. These platforms allow engineers to emulate robotics systems and sensors, and test them at accelerated rates, significantly reducing costs and development time. The move aligns with Unity's pivot from video game engines to enterprise 3D tools and an ""industrial metaverse"" concept, with real-world applications shown by collaborations with the Allen Institute of AI, Carnegie Mellon University, and Volvo.",https://aibusiness.com/verticals/unity-launches-metaverse-platforms-to-simulate-robot-deployments,AI Business,AI Business,20211115T173829,https://eu-images.contentstack.com/v3/assets/blt6b0f74e5591baa03/blte4944c2974d92144/63197618e92c682aaa97537d/8259.jpg?width=1280&auto=webp&quality=80&format=jpg&disable=upscale,0.318909,Somewhat-Bullish,0.609929,0.312268,Somewhat-Bullish
NVDA,New VinFast VF e35 electric SUV revealed as Tesla Model Y rival,"Vietnamese brand VinFast is set to debut its new VF e35 electric SUV at the LA Auto Show, targeting rivals like the Volkswagen ID.4 and Tesla Model Y. Designed by Pininfarina, the VF e35 will offer a range of up to 250 miles and level 3 autonomous driving capabilities, with deliveries expected to begin next year. The vehicle aims to be competitively priced in Western markets.",https://www.autoexpress.co.uk/news/356570/new-vinfast-vf-e35-electric-suv-revealed-tesla-model-y-rival,Auto Express,Auto Express,20211115T213156,,0.030898,Neutral,0.611073,0.136463,Neutral
NVDA,"OneAscent Large Cap Core ETF ETF Price, Holdings, & News (NYSEARCA:OALC)","The OneAscent Large Cap Core ETF (OALC) is an actively managed ETF investing in US large-cap companies based on value-based philosophy and fundamental evaluation. Launched on November 16, 2021, the fund seeks capital appreciation and has seen a 19.2% increase in stock value this year, trading at $42.25. Its top holdings include major tech companies like NVIDIA, Microsoft, and Amazon, with assets under management totaling $259.30 million.",https://www.marketbeat.com/stocks/NYSEARCA/OALC/,MarketBeat,MarketBeat,20211116T121611,,0.310128,Somewhat-Bullish,0.621932,0.307779,Somewhat-Bullish
NVDA,"Qualcomm, diversifying from mobile phones, to supply chips for BMW self-driving cars","Qualcomm announced that it will supply chips for BMW's next generation of driver-assistance and self-driving systems, marking a significant diversification beyond its core mobile phone chip business. This move underscores Qualcomm's strategic expansion into the automotive sector, aiming to challenge competitors like Nvidia and Intel in the self-driving technology market. The new chips will be used in BMW's ""Neue Klasse"" series of cars, with production slated to begin in 2025.",https://www.reuters.com/business/autos-transportation/qualcomm-diversifying-mobiles-supply-chips-bmw-self-driving-cars-2021-11-16/,Reuters,Reuters,20211116T184700,https://www.reuters.com/resizer/v2/https%3A%2F%2Fcloudfront-us-east-2.images.arcpublishing.com%2Freuters%2FDDJGBB3M2BLB7M4Z5SABCGYJPM.jpg?auth=f00e9641775f0a0d4cfd80e1a8e1e793910c25a0a3845a70921ccf8730ce97fb&w=960&h=540&auto=webp&quality=80,0.329064,Somewhat-Bullish,0.614506,0.344131,Somewhat-Bullish
NVDA,"Chipmaker Nvidia forecasts robust revenue on AI, metaverse buzz","Nvidia Corp forecasted fourth-quarter revenue above Wall Street expectations, driven by growth in its data center business and investments in artificial intelligence and the metaverse. The company's shares rose significantly following the news, reflecting strong demand for its graphics and AI chips in gaming, data centers, and autonomous vehicles. Nvidia's Q3 revenue also surpassed estimates, with significant rises in its gaming and data center units.",https://www.aljazeera.com/economy/2021/11/17/chipmaker-nvidia-forecasts-robust-revenue-on-ai-metaverse-buzz,Al Jazeera,Al Jazeera,20211117T170000,,0.024594,Neutral,0.324143,0.032914,Neutral
NVDA,Texas Instruments to begin construction next year on new 300-mm semiconductor wafer fabrication plants,"Texas Instruments (TI) announced plans to begin construction in 2022 on new 300-millimeter semiconductor wafer fabrication plants (""fabs"") in Sherman, Texas. This North Texas site could accommodate up to four fabs, with the first two starting construction next year. The investment, potentially reaching $30 billion, aims to meet future demand in industrial and automotive markets and strengthen TI's manufacturing capabilities.",https://www.prnewswire.com/news-releases/texas-instruments-to-begin-construction-next-year-on-new-300-mm-semiconductor-wafer-fabrication-plants-301426677.html,PR Newswire,PR Newswire,20211117T173828,,0.207789,Somewhat-Bullish,0.610177,0.241529,Somewhat-Bullish
NVDA,NVIDIA Corporation (NVDA) Q3 2021 Earnings Call Transcript,"NVIDIA reported an outstanding Q3 2021 with record revenue of $7.1 billion, up 50% year-on-year, driven by strong performance in Gaming, Data Center, and Professional Visualization. The company highlighted the expansion of its RTX technology in gaming and creative applications, the growing adoption of Omniverse for digital twins and AI avatars, and significant advancements in its Data Center business with AI inference and enterprise solutions. NVIDIA also addressed the status of its proposed acquisition of Arm and provided a positive outlook for future growth, particularly in the Data Center segment.",https://www.fool.com/earnings/call-transcripts/2021/11/18/nvidia-corporation-nvda-q3-2021-earnings-call-tran/,The Motley Fool,The Motley Fool,20211118T030000,https://g.foolcdn.com/image/?url=https%3A%2F%2Fg.foolcdn.com%2Feditorial%2Fimages%2F838921%2Fnvidia-headquarters-outside-with-black-nvidia-sign-with-nvidia-logo.jpg&w=3840&op=resize,0.294297,Somewhat-Bullish,1.000000,0.447082,Bullish
NVDA,Enphase Energy CEO Says You Should 'Stop Doing Stupid Things',"Enphase Energy CEO Badrinarayanan Kothandaraman, 48, has led a significant financial turnaround for the solar products maker by applying principles of thrift and simplicity learned from his upbringing in India. His strategy focused on cutting costs, boosting gross margins, and fostering strong supplier and customer relationships, including a shift to competitively bidding for components and moving engineering staff to India. Under his leadership, Enphase joined the S&P 500, with revenue and share prices seeing substantial growth, driven by its microinverter technology and expansion into energy storage.",https://www.investors.com/news/management/leaders-and-success/enphase-ceo-energy-ls-badrinarayanan-kothandaraman/,Investor's Business Daily,Investor's Business Daily,20211118T080000,,0.084312,Neutral,0.614454,0.105064,Neutral
NVDA,"Ford, GlobalFoundries say they will work together to boost chip supply","Ford Motor Co. and chip manufacturer GlobalFoundries Inc. announced a non-binding agreement to boost chip supplies for Ford's vehicles and the U.S. auto industry. The collaboration will explore increasing production capacity for Ford's current lineup and conduct joint research and development on crucial chips for future cars, such as battery-management systems and self-driving technologies. This initiative aims to address the global chip shortage that has impacted vehicle production and represents Ford's strategy to vertically integrate key technologies.",https://www.reuters.com/business/autos-transportation/ford-globalfoundries-say-they-will-work-together-boost-chip-supply-2021-11-18/,Reuters,Reuters,20211118T142200,https://www.reuters.com/resizer/v2/Y2IOWQDU7JP4PAJZDQ4MBPTCC4.jpg?auth=8e85dbaa0b6a9ab03c2c73125c166ba3764846ea0489eae350177c589ab328a1&width=1080&quality=80,0.099263,Neutral,0.609117,-0.107948,Neutral
NVDA,"NVDA Earnings: Nvidia Q3 profit, revenue beat Street view amid strong chip demand","Nvidia Corporation reported a significant 50% increase in third-quarter revenues, surpassing Wall Street expectations for both earnings and revenue. This growth was driven by strong demand for data-center and gaming chips, with adjusted earnings reaching $1.17 per share and net income climbing to $2.46 billion. Record revenues from gaming, data center, and professional visualization platforms contributed to the strong financial performance.",https://news.alphastreet.com/nvda-earnings-nvidia-q3-profit-revenue-beat-street-view-amid-strong-chip-demand/,AlphaStreet News,AlphaStreet News,20211118T172511,https://cdn.news.alphastreet.com/wp-content/uploads/2021/11/04180709/Nvidia-Q3-2022-earnings-infographic-748x1024.jpg,0.511566,Bullish,1.000000,0.537187,Bullish
NVDA,NVIDIA CEO Receives Semiconductor Industry’s Top Honor,"Jensen Huang, CEO of NVIDIA, was awarded the Semiconductor Industry Association's (SIA) highest honor, the Robert N. Noyce award, for his pioneering work in accelerated computing. The award ceremony highlighted NVIDIA's significant impact on the industry and AI development. Huang shared his journey from early programming to founding NVIDIA and his vision for advanced computing applications like Earth-2 for climate science.",https://blogs.nvidia.com/blog/noyce-award-sia/,NVIDIA Blog,NVIDIA Blog,20211118T172511,https://blogs.nvidia.com/wp-content/uploads/2021/11/Noyce-and-JHH-1-1280x681.jpg,0.310995,Somewhat-Bullish,1.000000,0.818851,Bullish
NVDA,Qualcomm CEO Cristiano Amon Elected Chair of Semiconductor Industry Association,"Cristiano Amon, President and CEO of Qualcomm Incorporated, has been elected as the 2022 chair of the Semiconductor Industry Association (SIA). Matt Johnson, President of Silicon Labs, was elected SIA vice chair. Amon's extensive background in engineering and leadership roles at Qualcomm, including shaping its 5G strategy and business diversification, positions him to lead the SIA in advocating for policies that promote industry growth, innovation, national security, and global technology leadership.",https://www.semiconductors.org/qualcomm-ceo-cristiano-amon-elected-chair-of-semiconductor-industry-association/,Semiconductor Industry Association,Semiconductor Industry Association,20211118T173000,https://www.semiconductors.org/wp-content/uploads/2018/05/Cristiano-Amon_Qualcomm_resized.jpeg,0.381096,Bullish,0.601444,0.342970,Somewhat-Bullish
NVDA,Global X signals intent in Europe with seven thematic ETF launches,"Global X has launched seven new thematic ETFs in Europe, expanding its UCITS range to 12 products. These ETFs cover various themes including autonomous vehicles, clean tech, cybersecurity, e-commerce, fintech, IoT, and robotics/AI, with TERs ranging from 0.50% to 0.60%. This move signifies Global X's robust growth and commitment to offering targeted exposure to disruptive global themes for European investors.",https://www.etfstream.com/articles/global-x-signals-intent-in-europe-with-seven-thematic-etf-launches,ETF Stream,ETF Stream,20211118T192700,,0.207834,Somewhat-Bullish,0.596427,0.260567,Somewhat-Bullish
NVDA,Nvidia jumps after big data centre growth boosts outlook,"Nvidia's stock jumped after the company reported strong revenue forecasts, driven by significant growth in its data center segment. While gaming chip sales remain strong, and the company sees potential in the metaverse and cryptocurrency mining, its proposed acquisition of Arm Ltd. faces regulatory challenges. Nvidia's market capitalization has soared, placing it among the top S&P 500 companies.",https://mybroadband.co.za/news/cloud-hosting/423392-nvidia-jumps-after-big-data-centre-growth-boosts-outlook.html,MyBroadband,MyBroadband,20211118T205220,,0.355602,Bullish,1.000000,0.801511,Bullish
NVDA,Habana Labs AI Training Solution Featuring Supermicro X12 Gaudi AI Training Server With DDN AI400X2 Storage System,"Habana Labs, an Intel company, has announced a new enterprise AI training solution that combines the Supermicro X12 Gaudi AI training server with the DDN AI400X2 storage system. This collaboration aims to provide a cost-efficient, scalable, and easy-to-use solution that eliminates storage bottlenecks and optimizes AI compute capacity utilization. The integrated system is designed to address the increasing demand for AI training and model rebuilding while keeping costs down for enterprise customers.",https://www.storagenewsletter.com/2021/11/26/habana-labs-ai-training-solution-featuring-supermicro-x12-gaudi-ai-training-server-with-ddn-ai400x2-storage-system/,StorageNewsletter,StorageNewsletter,20211126T173403,https://www.storagenewsletter.com/wp-content/uploads/2021/11/Habana-Labs-AI-PROCESSOR-300x241.jpg,0.18829,Somewhat-Bullish,0.552747,0.123475,Neutral
NVDA,NVIDIA BlueField DPU Ecosystem Expands as Partners Introduce Joint Solutions,"NVIDIA has expanded its BlueField DPU ecosystem by introducing the DOCA 1.2 software framework, enabling partners to develop zero-trust solutions. Industry leaders like Red Hat, Juniper Networks, F5, Excelero, and DDN are integrating their technologies with BlueField DPUs and the DOCA architecture to enhance cybersecurity and storage performance. The DOCA software framework is currently available for early access, providing developers with the tools to accelerate software-defined management services.",https://developer.nvidia.com/blog/nvidia-bluefield-dpu-ecosystem-expands-as-partners-introduce-joint-solutions/,NVIDIA Developer,NVIDIA Developer,20211129T170820,https://developer-blogs.nvidia.com/wp-content/uploads/2021/11/NVIDIA-DOCA-BlueField-Partners-featured.png,0.271734,Somewhat-Bullish,1.000000,0.441956,Bullish
NVDA,Federated Learning With FLARE: NVIDIA Brings Collaborative AI to Healthcare and Beyond,"NVIDIA has open-sourced NVIDIA FLARE, a software development kit designed to facilitate federated learning, particularly in data-sensitive fields like healthcare. This technology enables collaborative AI model training without centralizing proprietary datasets, addressing issues of data scarcity, privacy, and bias. FLARE supports various federated learning architectures and is already being integrated into healthcare AI platforms and projects to accelerate research and development across multiple industries.",https://blogs.nvidia.com/blog/federated-learning-ai-nvidia-flare/,NVIDIA Blog,NVIDIA Blog,20211129T172511,https://blogs.nvidia.com/wp-content/uploads/2021/11/HC-Promo-Package-NVIDIA-Flare-blog-2050854-corpblog-1280x620-r1.jpg,0.481735,Bullish,1.000000,0.480624,Bullish
NVDA,AutoSens Awards AEye Founder and Chief Technology Officer Luis Dussan the 2020 Vision Award,"AEye founder and CTO Luis Dussan has been honored with the 2020 Vision Award by AutoSens for his significant contributions to the vehicle perception ecosystem. Dussan's background in military targeting systems informed his development of AEye's adaptive LiDAR, which uses AI and edge processing to enhance perception for autonomous vehicles. This technology focuses on moving complexity to software to deliver higher quality information with less data, improving situational awareness and detection probability.",https://www.samoaobserver.ws/category/technology/95269,Samoa Observer,Samoa Observer,20211130T120000,https://samoa-observer-prd.s3.ap-southeast-2.amazonaws.com/store/35f28cee41a6f6a87294f59ac476ca55.jpg,0.520376,Bullish,0.646776,0.312798,Somewhat-Bullish
NVDA,META ETF: 10 Things to Know About the Roundhill Ball Metaverse ETF,"The Roundhill Ball Metaverse ETF (METV) is gaining investor attention due to increased interest in Metaverse-focused ETFs, especially with new launches in the space. Launched on June 30, 2021, METV invests in companies related to the Metaverse, such as computing, networking, and virtual platform firms, aiming to track the performance of the Ball Metaverse Index. The ETF currently holds 40 companies, including potential exposure to Nvidia, Roblox, and Tencent, and has an expense ratio of 0.75%.",https://investorplace.com/2021/11/meta-etf-10-things-to-know-about-the-roundhill-ball-metaverse-etf/,InvestorPlace,InvestorPlace,20211130T124200,https://investorplace.com/wp-content/uploads/2021/11/metaverse-1600-300x169.jpg,-0.069152,Neutral,0.640726,0.102967,Neutral
NVDA,"Amazon's cloud unit launches new chips to take on Intel, Nvidia","Amazon Web Services (AWS) has introduced two new custom computing chips, Graviton3 and Trainium, aimed at competing with offerings from Intel, AMD, and Nvidia. AWS claims its new chips offer better performance per dollar and lower costs for machine learning model training compared to its rivals. This move signals AWS's continued drive to develop its own hardware and intensify competition in the cloud computing and chip markets.",https://www.reuters.com/technology/amazons-cloud-unit-launches-new-chips-take-intel-nvidia-2021-11-30/,Reuters,Reuters,20211130T215400,https://www.reuters.com/resizer/v2/https%3A%2F%2Fcloudfront-us-east-2.images.arcpublishing.com%2Freuters%2FVF7327E7KBLCZD5D65A4N6B7EI.JPG?auth=d28387342fb2f6cd150160a0a52f9547d79b97a315e101f33f6ecda6a4c6a6de&width=1200&height=630&quality=80&smart=true,-0.042248,Neutral,0.864787,-0.330846,Somewhat-Bearish
NVDA,How a Stanford couple created Taiwan’s best-known AI start-up,"This article details how a Stanford couple, Chih-Han Yu and Winnie Lee, founded Appier, Taiwan's first AI unicorn. After eight failed attempts and nearly two decades, their company, which develops AI-based precision marketing solutions, went public on the Tokyo Stock Exchange in March, becoming a success story for both Taiwan's tech scene and Japan's IPO market.",https://www.scmp.com/tech/tech-trends/article/3157914/how-stanford-couple-taiwan-created-islands-first-ai-unicorn-after,South China Morning Post,South China Morning Post,20211201T070000,,0.227953,Somewhat-Bullish,0.633539,0.333145,Somewhat-Bullish
NVDA,U.S. Sues to Block Nvidia’s $40 Billion Chip Takeover of Arm,"U.S. antitrust officials have sued to block Nvidia's proposed $40 billion acquisition of Arm Ltd., arguing the deal would stifle innovation in the semiconductor industry. The Federal Trade Commission stated that the takeover would give Nvidia undue control over chip designs used across various technology sectors, impacting its rivals and potentially leading to higher prices. This challenge comes amidst a global chip shortage.",https://www.bloomberg.com/news/articles/2021-12-02/u-s-sues-to-block-nvidia-deal-for-chip-designer-arm,Bloomberg.com,Bloomberg.com,20211202T110000,,-0.350133,Bearish,1.000000,-0.383397,Bearish
NVDA,FTC Sues To Block $40 Billion Nvidia - Arm Computer Chip Deal,"The Federal Trade Commission has sued to block Nvidia's $40 billion acquisition of chip designer Arm Ltd., citing concerns that the deal would stifle competition and innovation in the semiconductor industry. Regulators in the U.K. and EU are also investigating the proposed merger. Nvidia, based in Santa Clara, California, vowed to contest the lawsuit and preserve Arm's open licensing model.",https://www.cbsnews.com/sanfrancisco/news/nvidia-arm-ltd-chip-deal-ftc-lawsuit/,CBS News,CBS News,20211202T142800,,-0.31047,Somewhat-Bearish,0.953175,-0.340965,Somewhat-Bearish
NVDA,FTC Challenges Nvidia’s Deal for Arm Holdings,"The Federal Trade Commission has filed a lawsuit to block Nvidia Corp.'s proposed acquisition of Arm Holdings. The FTC argues that the semiconductor deal is anticompetitive, signaling a potentially aggressive antitrust enforcement effort under Chairwoman Lina Khan. This legal challenge initiates a significant antitrust campaign by the agency.",https://www.wsj.com/tech/ftc-challenges-nvidias-40-billion-deal-for-arm-11638476876?gaa_at=eafs&gaa_n=AWEtsqeOIs88sVfs_-j6v9InjQ3uCF98rsREFEpeTpBJj63d8p52twc0kdYR&gaa_ts=699b330d&gaa_sig=pg6BsxKRZUkAHaL7KVTahPPFJCiKCfEk9B8Q31trx9ohE86Uel93mJFeEoeyK5gsuMkF6yO413o8EFjUbv4xYw%3D%3D,The Wall Street Journal,The Wall Street Journal,20211202T163213,,-0.639779,Bearish,0.935970,-0.637269,Bearish
NVDA,U.S. sues to block Nvidia’s $40-billion chip takeover of Arm,"U.S. antitrust officials have sued to block Nvidia's proposed $40-billion acquisition of Arm Ltd., citing concerns that the deal would stifle innovation and undermine competition in the semiconductor industry. The Federal Trade Commission argues that the merger would grant Nvidia excessive control over chip designs widely used across various technologies. The acquisition, initially valued at $40 billion in September 2020, has faced regulatory hurdles globally due to Arm's critical role as a technology licensor to hundreds of companies including Nvidia's rivals.",https://www.latimes.com/business/story/2021-12-02/u-s-sues-to-block-nvidias-40-billion-chip-takeover-of-arm,Los Angeles Times,Los Angeles Times,20211202T171900,,0.014133,Neutral,1.000000,-0.392964,Bearish
NVDA,US sues to block Nvidia deal to buy British chipmaker Arm,"The United States Federal Trade Commission (FTC) has sued to block Nvidia's planned $75bn acquisition of British chip design provider Arm, citing concerns that the deal would give Nvidia control over crucial computing technology and design relied upon by competitors. The FTC argues that the merger could undermine competition, leading to reduced product quality, less innovation, higher prices, and limited choices for consumers. Despite the legal challenge and opposition from other regulators, Nvidia shares remained largely unchanged due to investor focus on its growing data center business.",https://www.aljazeera.com/economy/2021/12/2/us-sues-to-block-nvidia-deal-to-british-chip-maker-arm,Al Jazeera,Al Jazeera,20211202T205219,https://www.aljazeera.com/wp-content/uploads/2021/08/2021-02-24T204958Z_1817293529_RC2QVL9U37U6_RTRMADP_3_NVIDIA-OUTLOOK.JPG?w=770&resize=770%2C513,0.005875,Neutral,0.301947,0.028694,Neutral
NVDA,"Regulators in US, UK, EU All Alarmed By Chip Maker Nvidia’s $40B Deal to Buy Chip Designer","Regulators in the U.S., U.K., and E.U. are expressing alarm over Nvidia Corporation's $40 billion proposed acquisition of chip designer Arm Ltd. The U.S. Federal Trade Commission (FTC) has filed a lawsuit to block the deal, citing concerns that it would grant Nvidia too much power and stifle competition and innovation in the semiconductor industry. Nvidia, however, maintains that the merger would benefit the industry, promote competition, and preserve Arm's open licensing model.",https://www.newsweek.com/regulators-us-uk-eu-all-alarmed-chip-maker-nvidias-40b-deal-buy-chip-designer-1655659,Newsweek,Newsweek,20211202T224700,,-0.213445,Somewhat-Bearish,1.000000,-0.412192,Bearish
NVDA,"Nvidia's $40 billion Arm acquisition is now ‘highly unlikely’ to go through, analyst says","Gartner semiconductor analyst Alan Priestley believes Nvidia's $40 billion acquisition of U.K. chip designer Arm is ""highly unlikely"" to be completed due to increasing regulatory probes in multiple regions. The deal, initially expected by March 2022, faces antitrust concerns from regulators and industry rivals who fear it could restrict access to Arm's neutral chip designs. If the acquisition fails, SoftBank, Arm's current owner, is expected to pursue an initial public offering (IPO) for the company.",https://www.cnbc.com/2021/12/03/nvidias-arm-acquisition-highly-unlikely-to-go-through-analyst-says.html,CNBC,CNBC,20211203T041800,https://image.cnbcfm.com/api/v1/image/106938439-Capture27.JPG?v=1631097857&w=750&h=422&vtcrop=y,-0.41054,Bearish,1.000000,-0.411301,Bearish
NVDA,U.S. FTC sues to block Nvidia deal to buy Arm,"The U.S. Federal Trade Commission (FTC) has sued to block Nvidia Corp's more than $80 billion acquisition of British chip technology provider Arm, citing concerns that the deal would give Nvidia undue control over crucial computing technology and designs. This move complicates an already challenging regulatory path for the acquisition, which has faced opposition from the chip industry and scrutiny from British and European Union regulators. The FTC argues the merger would harm competition, reduce innovation, and lead to higher prices by giving Nvidia the ability and incentive to undermine competitors who rely on Arm's technology.",https://www.reuters.com/technology/us-ftc-sues-block-40-billion-nvidia-deal-buy-arm-2021-12-02/,Reuters,Reuters,20211203T053200,https://www.reuters.com/resizer/v2/https%3A%2F%2Fcloudfront-us-east-2.images.arcpublishing.com%2Freuters%2FHJ73K2J74ZI4HDQ2Q5S7325F2E.jpg?auth=ea1f349c259838af291d34f0c406830588661fc8a264a2b2512f43a9959dc3b4&width=1200&height=628&quality=85&smart=true,-0.076034,Neutral,1.000000,-0.293060,Somewhat-Bearish
NVDA,US challenges Nvidia takeover of chip designer Arm,"The US Federal Trade Commission (FTC) has challenged Nvidia's proposed acquisition of chip designer Arm, arguing it would give Nvidia too much control over crucial computing technology and harm competition. Nvidia had planned to complete the deal by March 2022 and stated it would work to prove the transaction's benefits to the industry. The acquisition has already faced scrutiny and legal challenges from regulators in the UK and Europe.",https://www.bbc.com/news/technology-59521091,BBC,BBC,20211203T160055,https://ichef.bbci.co.uk/news/480/cpsprodpb/86A1/production/_121956443_gettyimages-1232957935.jpg.webp,-0.229568,Somewhat-Bearish,1.000000,-0.408780,Bearish
NVDA,Is Texas America’s Rising Semiconductor Hotspot?,"Texas is rapidly becoming a major hub for semiconductor development, attracting large corporations like Samsung and Tesla due to its business-friendly climate, lack of corporate and personal income taxes, and abundant skilled workforce. The state boasts a robust academic system and ample space for development, making it an ideal location for the expansion of semiconductor manufacturing. With significant investments from companies like Texas Instruments and Samsung, coupled with state and potential federal incentives, Texas aims to solidify its position as a self-sufficient leader in the semiconductor industry and create thousands of new jobs.",https://www.allaboutcircuits.com/news/is-texas-americas-rising-semiconductor-hotspot/,All About Circuits,All About Circuits,20211203T164551,https://www.allaboutcircuits.com/uploads/articles/Breakdown_of_U.S_._exports__2.jpg,0.351718,Bullish,0.625356,0.337847,Somewhat-Bullish
NVDA,Nasdaq dives over 2% as tech stocks slide at end of volatile week,"Wall Street's major indexes, particularly the Nasdaq, experienced a significant decline as tech stocks slid at the end of a volatile week. This downturn was influenced by mixed jobs data, uncertainty surrounding the Omicron coronavirus variant, and the Federal Reserve's policy tightening signals. Major tech companies such as Apple, Meta Platforms, Alphabet, Amazon, Microsoft, Nvidia, and Tesla all saw their shares fall, contributing to the broader market dip.",https://www.reuters.com/markets/europe/futures-edge-lower-ahead-payrolls-report-2021-12-03/,Reuters,Reuters,20211204T010800,,0.25313,Somewhat-Bullish,0.616752,0.438904,Bullish
NVDA,Nvidia metaverse future bright even as Arm may slip from grasp,"Nvidia's acquisition of British chip technology provider Arm faces significant hurdles, with the U.S. Federal Trade Commission suing to block the deal and analysts doubting its completion. Despite this potential setback, Nvidia's future prospects remain strong, driven by its focus on artificial intelligence (AI) and the metaverse, areas where it is a leading player. The company's data center business is thriving as internet companies invest heavily in augmented and virtual reality technologies.",https://www.nippon.com/en/news/reu20211204KBN2II1IB/,nippon.com,nippon.com,20211204T163213,https://www.nippon.com/en/ncommon/contents/news/1359874/1359874.jpg,0.159194,Somewhat-Bullish,1.000000,0.228449,Somewhat-Bullish
NVDA,"EU regulators pause investigation into Nvidia, ARM deal","EU antitrust regulators have temporarily halted their investigation into Nvidia's bid for British chip designer ARM, awaiting more information. This pause follows the U.S. Federal Trade Commission's lawsuit to block the deal and the EU's previous warning that the acquisition could harm competition. The delay is similar to others seen during the COVID-19 pandemic due to data gathering challenges.",https://www.reuters.com/markets/deals/eu-regulators-pause-investigation-into-nvidia-arm-deal-2021-12-06/,Reuters,Reuters,20211206T070700,https://www.reuters.com/resizer/v2/27QDCFVYMNJK5C7S4VVW4NGX2E.jpg?auth=7864ccd327f8018f7c126cc86506d96c0044bb0fef3c4bbb768d98a13c23fca1&width=1080&quality=80,-0.244295,Somewhat-Bearish,1.000000,-0.234519,Somewhat-Bearish
NVDA,"U.S. says Nvidia-Arm deal harms market for networking, self-driving car chips",The U.S. Federal Trade Commission (FTC) has argued that Nvidia's $80 billion acquisition of Arm Ltd. would harm competition in emerging markets for self-driving car chips and data processing units. The FTC believes that chip companies relying on Arm would hesitate to work closely with it due to fears of Nvidia accessing their product plans. Nvidia maintains the deal will benefit the industry and promote competition against Intel's x86 architecture.,https://www.reuters.com/technology/us-says-nvidia-arm-deal-harms-market-networking-self-driving-car-chips-2021-12-07/,Reuters,Reuters,20211207T004100,https://www.reuters.com/resizer/v2/U4I3LW5Z4NK5XD3QVCGL5T6TCU.jpg?auth=962565134c19e2bc93035d09c2d909f7476f97f7e50f8fcc890a7301c89d0987&width=1920&quality=80,-0.042233,Neutral,1.000000,-0.314688,Somewhat-Bearish
NVDA,Intel plans to take self-driving car unit public in the U.S. in mid-2022,"Intel announced its plan to take its self-driving car unit, Mobileye, public in the U.S. in mid-2022 through an IPO. Intel acquired Mobileye for $15.3 billion in 2017, and the IPO is expected to value Mobileye at over $50 billion, creating value for Intel shareholders who will remain majority owners. This move aims to give Mobileye more visibility and help fund Intel's expansion plans, including building new chip plants.",https://www.cnbc.com/2021/12/07/intel-plans-to-take-self-driving-car-unit-public-in-the-us-in-2022.html,CNBC,CNBC,20211207T062600,,0.143131,Neutral,0.646625,0.180098,Somewhat-Bullish
NVDA,Intel plans to take self-driving car unit Mobileye public,"Intel announced its plan to take its self-driving car unit, Mobileye, public in the United States by mid-2022. This deal could value Mobileye at over $50 billion, with Intel intending to retain majority ownership and Mobileye's executive team. The move aims to build on Mobileye's innovation track record and unlock value for shareholders, as Intel faces pressure from activist investors regarding its chip manufacturing operations.",https://www.reuters.com/markets/us/intel-list-shares-self-driving-car-unit-mobileye-wsj-2021-12-07/,Reuters,Reuters,20211207T083700,https://www.reuters.com/resizer/v2/W_R4X96V3BK7DDYS4L337APZHM.JPG?experimental=true&auth=31fd2f694a53ae6354b67ab7c96a41f6e2b9c7aa61a0b771343015409e5a1b3c,0.200147,Somewhat-Bullish,0.623483,0.134934,Neutral
NVDA,Accelerating Financial Services With AI,"This article highlights how AI is transforming the financial services industry, from traditional banks to fintechs. It showcases various use cases such as preventing fraud, automating insurance claims, and accelerating trading strategies, featuring companies like Capital One, Intuit, Square, Ping An, CAPE Analytics, and Applica. The article emphasizes AI's role in improving customer service, reducing costs, and enhancing efficiency across different financial sectors.",https://blogs.nvidia.com/blog/ai-accelerating-financial-services/,NVIDIA Blog,NVIDIA Blog,20211208T160813,https://blogs.nvidia.com/wp-content/uploads/2021/12/fsi-i-am-ai-intuit.jpg,0.277873,Somewhat-Bullish,0.613844,0.210230,Somewhat-Bullish
NVDA,"BlackRock Future U.S. Themes ETF ETF Price, Holdings, & News (NYSEARCA:BTHM)","The BlackRock Future U.S. Themes ETF (BTHM) is an actively managed ETF launched on December 14, 2021, focusing on US stocks that provide exposure to emerging and structural themes. As of May 4, 2026, it trades at $40.71, reflecting a 5.6% increase since January 2026, and has assets under management of $7.89 million with a net expense ratio of 0.60%. Its top holdings include NVIDIA, Apple, and Microsoft.",https://www.marketbeat.com/stocks/NYSEARCA/BTHM/,MarketBeat,MarketBeat,20211214T073845,,0.262476,Somewhat-Bullish,0.896300,0.315940,Somewhat-Bullish
NVDA,Research at Microsoft 2021: Collaborating for real-world change,"This article details Microsoft Research's 2021 initiatives, emphasizing a shift towards addressing global challenges like climate change, healthcare equity, and digital divides through collaborative innovation. It highlights advancements in AI, such as large language models and computer vision, and showcases efforts in fostering hybrid work, enabling accessibility, and promoting societal resilience and sustainability. The report also underscores the importance of trustworthy AI development, privacy preservation, and engaging with the global research community through fellowships and partnerships.",https://www.microsoft.com/en-us/research/blog/research-at-microsoft-2021-collaborating-for-real-world-change/,Microsoft,Microsoft,20211215T162947,https://www.microsoft.com/en-us/research/wp-content/uploads/2021/12/1400x788_EOY_no_logo_still-scaled.jpg,0.594253,Bullish,0.615457,0.342906,Somewhat-Bullish
NVDA,"Intel to invest $7 billion in new plant in Malaysia, creating 9,000 jobs","Intel Chief Executive Pat Gelsinger announced a $7 billion investment to build a new chip-packaging and testing factory in Malaysia, creating over 4,000 Intel jobs and more than 5,000 construction jobs. This expansion aims to address the global semiconductor shortage, which Gelsinger expects to persist into 2023. The new advanced packaging facility is projected to begin production in 2024.",https://www.cnbc.com/2021/12/16/intel-to-invest-7-billion-in-new-malaysia-plant-creating-9000-jobs.html,CNBC,CNBC,20211215T215700,,0.174567,Somewhat-Bullish,0.562670,0.176497,Somewhat-Bullish
NVDA,HSBC raises Taiwan outlook over semiconductor industry,"HSBC's global private banking and wealth management division has an optimistic outlook for Taiwan, primarily due to the anticipated continued growth of the semiconductor sector driven by global digitalization. While semiconductor earnings per share growth might slow in the coming year due to a high comparison base, demand is expected to remain strong, especially with new applications for the metaverse. However, PGIM Securities Investment Trust Enterprise Co projected single-digit profit growth for local companies next year, with the electronics sector performing well but conventional industries facing rising raw material costs and the shipping sector struggling with persistent port congestion.",https://www.taipeitimes.com/News/biz/archives/2021/12/16/2003769654,Taipei Times,Taipei Times,20211216T162047,https://img.taipeitimes.com/images/2021/12/16/P12-211216-004.jpg,0.369022,Bullish,0.723973,0.342875,Somewhat-Bullish
NVDA,Desktop computers and All-in-One PCs,"HP offers a wide range of desktop computers and All-in-One PCs designed for various uses, including work, entertainment, gaming, and creative tasks. The article highlights new AI PC models like the HP OmniDesk and OmniStudio X, alongside established lines such as HP Pavilion, Envy, OMEN, and VICTUS, detailing their specifications and intended applications. Customers can filter choices by use case, series, operating system, product type, and screen size to find the perfect device.",https://www.hp.com/us-en/desktops-and-all-in-ones.html,HP,HP,20211216T202746,,0.301549,Somewhat-Bullish,0.646460,0.332100,Somewhat-Bullish
NVDA,NIO3 Stock Fund Price and Chart — LSE:NIO3,"This article provides detailed information on the Leverage Shares 3x Long NIO ETP (NIO3) traded on the London Stock Exchange. It covers performance data, key statistics like Assets Under Management (AUM) and expense ratio, and details about the fund's issuer and investment strategy. The article also includes technical analysis, seasonal trends, and frequently asked questions about ETFs and NIO3's specific characteristics.",https://www.tradingview.com/symbols/LSE-NIO3/,TradingView,TradingView,20211217T013919,https://s3-symbol-logo.tradingview.com/leverage-shares--big.svg,0.181373,Somewhat-Bullish,0.623270,0.308972,Somewhat-Bullish
NVDA,TSMC introduces new chip technology for datacenters,"TSMC has introduced a new semiconductor manufacturing technology called N4X, specifically designed for High Performance Computing (HPC) products. This new process, part of the N5 family, offers significant performance boosts and leverages TSMC's 5nm volume production experience. HPC is identified as TSMC's fastest-growing business segment, and the N4X is expected to enter risk production by the first half of 2023.",https://www.techzine.eu/news/infrastructure/69914/tsmc-introduces-new-chip-technology-for-datacenters/,Techzine Global,Techzine Global,20211217T112200,https://www.techzine.eu/wp-content/uploads/2019/09/tsmc-3-768x401.jpg,0.432538,Bullish,0.617322,0.316500,Somewhat-Bullish
NVDA,"Investor Alert for Week Ended December 17, 2021","This investor alert discusses the emerging metaverse, Web 3.0, and its potential to revolutionize various sectors including social interaction, commerce, and gaming, comparing its disruptive potential to the early internet. It covers investment opportunities in hardware, software, NFTs, and virtual real estate within this digital ecosystem. Additionally, the report provides an overview of performance and opportunities in airline, emerging markets, energy & natural resources, domestic equities, and crypto sectors, alongside a gold market update.",https://www.usfunds.com/resource/the-metaverse-is-a-1-trillion-revenue-opportunity-heres-how-to-invest/,USFunds,USFunds,20211217T161908,https://www.usfunds.com/app/uploads/2021/12/metaverse-trillion-opportunity.gif,0.332162,Somewhat-Bullish,0.632341,0.347089,Somewhat-Bullish
NVDA,"Hesai Technology to exhibit at CES 2022, showcasing its complete portfolio of cutting-edge LiDAR solutions","Hesai Technology, a leader in LiDAR technology, announced its participation in CES 2022 to showcase its full range of LiDAR solutions. The exhibition will feature live demonstrations of their sensors for various applications, including autonomous driving and robotics, and will unveil a new automotive-grade, hybrid solid-state LiDAR for ADAS. Hesai's LiDARs are widely adopted globally by leading autonomous driving developers, OEMs, and robotics companies.",https://telematicswire.net/hesai-technology-to-exhibit-at-ces-2022-showcasing-its-complete-portfolio-of-cutting-edge-lidar-solutions/,Telematics Wire,Telematics Wire,20211217T163520,https://telematicswire.net/wp-content/uploads/2021/12/849.png,0.298839,Somewhat-Bullish,0.620297,0.380286,Bullish
NVDA,Federated learning: Intelligence versus privacy—can we have both?,"This article discusses federated learning (FL) as a solution for machine learning at scale while addressing data privacy concerns. It highlights FL's benefits in industries like banking and healthcare, enabling shared AI model training without sharing sensitive data. The article also covers design challenges related to privacy in FL and how NetApp's infrastructure solutions can help in data protection and governance.",https://www.netapp.com/blog/federated-learning-intelligence-vs-privacy/,NetApp,NetApp,20211217T205206,,0.35361,Bullish,0.637212,0.317738,Somewhat-Bullish
NVDA,"3D Machine Vision Market size worth $ 2.55 Billion, Globally, by 2028 at 10.02% CAGR: Verified Market Research®","The global 3D Machine Vision Market was valued at USD 1.45 Billion in 2020 and is projected to reach USD 2.55 Billion by 2028, exhibiting a CAGR of 10.02% from 2021 to 2028. This growth is driven by increasing demand for quality inspection and automation, particularly in industrial sectors and vision-guided robotic systems. The market is also benefiting from technological advancements, such as OMRON Corporation's FH-series of Vision System, and the growing need for automated quality assurance in a post-COVID-19 manufacturing landscape.",https://www.prnewswire.co.uk/news-releases/3d-machine-vision-market-size-worth-2-55-billion-globally-by-2028-at-10-02-cagr-verified-market-research-r--822579405.html,PR Newswire UK,PR Newswire UK,20211220T141500,https://mma.prnewswire.com/media/1315349/Verified_Market_Research_Logo.jpg,0.326107,Somewhat-Bullish,0.637462,0.349780,Somewhat-Bullish
NVDA,Intel Corp. stock underperforms Monday when compared to competitors,"Intel Corp. (INTC) stock dropped 2.02% on Monday, closing at $49.60, during a generally poor trading day for the stock market. This performance placed Intel below its 52-week high and saw it underperform compared to competitors like NVIDIA Corp., Texas Instruments Inc., and Qualcomm Inc. Trading volume was also below its 50-day average.",https://www.marketwatch.com/story/intel-corp-stock-underperforms-monday-when-compared-to-competitors-01640037695-dbac706ffa00?gaa_at=eafs&gaa_n=AWEtsqcYGCG7zdt1r6NrObgJCp0W7AOnz967tAU4W3N756swfRD3iT2l7ISS&gaa_ts=699b3310&gaa_sig=30KeWfTd9vBX0sBZgnbZa5iasyJ_NTYBk0kanCtEl3wfc-XFoSgC1LdPO-_2FpVC9vfRFHY2ZPhPb2ZZcR-I8w%3D%3D,MarketWatch,MarketWatch,20211220T170100,https://images.mktw.net/im-220105?width=700&height=466,-0.238103,Somewhat-Bearish,0.814494,-0.189204,Somewhat-Bearish
NVDA,Nvidia claims record-breaking BlueField-2 DPU performance tests,"Nvidia's BlueField-2 DPUs have demonstrated record-breaking performance in benchmark tests, achieving 41.5 million IOPS. These specialized chips offload infrastructure administration tasks from CPUs, significantly improving overall server performance and efficiency. The company's tests show that BlueField-2 DPUs offer over four times faster input/output operations per second than competing chips, enabling better performance for various enterprise workloads.",https://siliconangle.com/2021/12/21/nvidia-claims-record-breaking-bluefield-2-dpu-performance-tests/,SiliconANGLE,SiliconANGLE,20211221T162042,https://d15shllkswkct0.cloudfront.net/wp-content/blogs.dir/1/files/2021/12/nvidia-bluefield-2.png,0.226656,Somewhat-Bullish,1.000000,0.436992,Bullish
NVDA,Market Breadth Showcases Equal-Weight Benefits,"The article discusses the benefits of equal-weight strategies in investing, particularly highlighted by current market breadth where a few large-cap tech stocks are dominating the S&P 500. It suggests that while cap-weighted indices show strong performance due to these few stocks, equal-weight ETFs like RSP offer better diversification and can outperform when market leadership narrows, as demonstrated by its recent performance against the S&P 500.",https://etfdb.com/portfolio-strategies-content-hub/market-breadth-showcases-equal-weight-benefits/,ETF Database,ETF Database,20211222T163833,https://etfdb.com/media/W1siZiIsIjIwMjUvMDkvMDUvZmRmd2QwM2prX1BvcnRmb2xpb19TdHJhdGVnaWVzX21hc3RoZWFkX292ZXJsYXlfMTYwMHgxMjFfMngucG5nIl1d/Portfolio_Strategies_masthead_overlay_1600x121%402x.png,-0.06927,Neutral,0.741520,-0.211117,Somewhat-Bearish
NVDA,Here are the top-performing technology stocks of 2021,"This article highlights the top-performing technology stocks of 2021, despite a challenging end to the year for the sector. It focuses on companies like Upstart, Synaptics, Asana, Fortinet, and Nvidia, detailing their impressive growth, revenue figures, and contributions to areas like online lending, IoT, collaboration software, cybersecurity, and high-performance computing. The report underscores how specific companies thrived amidst broader market volatility, with several achieving triple-digit gains.",https://www.cnbc.com/2021/12/24/these-are-the-best-technology-stocks-of-2021.html,CNBC,CNBC,20211224T090000,,0.449541,Bullish,0.832847,0.361943,Bullish
NVDA,"Hyperfine (HYPR) Stock Price, News & Analysis","Hyperfine, Inc. (NASDAQ: HYPR) is a medical technology company focused on portable neuroimaging systems, with its flagship Swoop® MRI system designed for bedside use. The company's stock is currently priced at $1.69, having increased by 72.6% this year, and holds a consensus ""Hold"" rating from analysts with an average price target of $1.78. Recent news includes forming a Global Neurosurgery Advisory Council and joining the Russell 2000® and 3000® Indexes.",https://www.marketbeat.com/stocks/NASDAQ/HYPR/,MarketBeat,MarketBeat,20211228T104113,,0.297832,Somewhat-Bullish,0.607861,0.311254,Somewhat-Bullish
NVDA,"Apple, Meta, Nvidia Take Top Weightings in ProShares’ Metaverse ETF Filing","ProShares, a major ETF issuer, is seeking to launch a metaverse-themed ETF which will track an index comprising public companies involved in metaverse technologies. Notably, Apple, Nvidia, and Meta (formerly Facebook) will hold the top three weighted positions in this new fund. This move follows the increasing investor interest in the metaverse sector, with the global metaverse ETF market reaching $2.2 billion.",https://decrypt.co/89463/apple-meta-nvidia-take-top-weightings-proshares-metaverse-etf-filing,Decrypt,Decrypt,20211229T134014,https://img.decrypt.co/insecure/rs:fit:2048:0:0:0/plain/https://cdn.decrypt.co/wp-content/uploads/2021/12/metaverse-gID_6.jpg@webp,0.200561,Somewhat-Bullish,0.902251,0.347483,Somewhat-Bullish
NVDA,Intel appoints 10 Israeli executives to senior global positions,"Intel Corporation has appointed 10 Israeli executives to senior global positions, including Karin Eibschitz-Segal as a global corporate vice president, making her the second Israeli woman to hold such a role. The appointments highlight Intel's appreciation for its Israeli human capital and come amidst a global semiconductor shortage, underscoring Israel's growing importance in the tech industry. Intel is the largest private employer in Israel, with significant development centers and manufacturing plants.",https://www.timesofisrael.com/intel-appoints-10-israeli-executives-to-senior-global-positions/,The Times of Israel,The Times of Israel,20211229T155700,,0.2183,Somewhat-Bullish,0.681522,0.149826,Neutral
NVDA,ProShares Plans To Launch ETF Focused On Metaverse,"ProShares, known for launching the first Bitcoin ETF in the U.S., has filed with the SEC to create a new metaverse-focused ETF called the ProShares Metaverse Theme ETF. This ETF aims to track the Solactive Metaverse Theme Index, which includes companies involved in metaverse technologies like Apple, Nvidia, and Meta. This development follows similar moves by Canadian companies and reflects the growing trend of global companies entering the metaverse and NFT space.",https://voi.id/hi/amp/119014,VOI.id,VOI.id,20211230T001045,,0.233759,Somewhat-Bullish,0.650602,0.287359,Somewhat-Bullish
NVDA,These are the best-performing S&P 500 and Nasdaq-100 stocks of 2021,"This article highlights the top-performing stocks in the S&P 500 and Nasdaq-100 for 2021, detailing how the stock market's performance surprised many investors. Key performers included oil producers, Moderna, Ford, and Nvidia. The piece notes Ford's significant 137.5% return after its transition to EVs.",https://www.marketwatch.com/story/these-are-the-best-performing-s-p-500-and-nasdaq-100-stocks-of-2021-11640874815?gaa_at=eafs&gaa_n=AWEtsqdL-DJGCJ1mmy5K-7-DwS4nUkE4tqj_YoGS4h5AtesKT5fazqgIhfq1&gaa_ts=699b2b9e&gaa_sig=Vh1ipmrg6K_T8RDaawC7Wu85XfcPvaj4A5C8F2gyOdM7USFaLokIKoHT7bNYuxHSgUKTcugE0SsZvYTCg91R-w%3D%3D,MarketWatch,MarketWatch,20211230T093300,https://images.mktw.net/im-459874?width=1260&height=842,0.176806,Somewhat-Bullish,0.612021,0.324263,Somewhat-Bullish
