ticker,title,summary,url,source,source_domain,time_published,banner_image,overall_sentiment_score,overall_sentiment_label,relevance_score,ticker_sentiment_score,ticker_sentiment_label
TSLA,"We got a peek at the KB Home ProjeKt, the smart house of the future. Here's what we found.","At CES 2019, KB Home unveiled the Builder KB Home ProjeKt, a full-scale prototype smart home showcasing over 400 integrated gadgets. This concept house features Tesla Powerwall, Google Home, movable walls, and indoor gardens, demonstrating a vision for future living focusing on health, wellness, flexibility, and sustainability. Although the initial cost is high, KB Home anticipates these advanced features will become more affordable with wider adoption.",https://www.usatoday.com/story/tech/columnist/2019/01/07/ces-2019-tesla-google-whirlpool-kohler-kb-projekt-smart-home/2483453002/,USA Today,USA Today,20190107T004138,,0.37515,Bullish,0.626919,0.305128,Somewhat-Bullish
TSLA,Israeli company leads flying car ‘buzz’ ahead of major tech show,"Israeli company NFT Inc. is set to unveil its flying car prototype at the Consumer Electronics Show (CES) in Las Vegas. The company aims to create an affordable flying car, dubbed the ""Model T of flying cars,"" capable of vertical takeoff/landing and auto-pilot, with a projected price tag of $50,000. While many hurdles remain, such as cost, regulation, and battery life, NFT Inc. envisions door-to-door transport with FAA approval by 2024.",https://www.timesofisrael.com/israeli-company-leads-flying-car-buzz-ahead-of-major-tech-show/,The Times of Israel,The Times of Israel,20190107T011900,https://www.timesofisrael.com/timesofisrael.com/wp-content/uploads/2019/01/Cartivator_AFP.jpg,0.066177,Neutral,0.623167,0.112609,Neutral
TSLA,Tesla breaks ground on gigafactory in Shanghai - Xinhua | English.news.cn,"Tesla broke ground on its Shanghai Gigafactory, marking its first plant outside the U.S. and the first foreign carmaker to benefit from a new policy allowing wholly-owned subsidiaries in China. This factory, with an annual capacity of 500,000 electric cars and an investment of over 50 billion yuan, is expected to significantly lower Tesla's costs and prices in the world's largest electric car market. The move is also anticipated to create a ""catfish effect,"" pushing domestic Chinese carmakers to accelerate technological upgrading.",http://www.xinhuanet.com/english/2019-01/07/c_137726534.htm,新华网,新华网,20190107T202809,,0.415085,Bullish,1.000000,0.434225,Bullish
TSLA,NXP and Qualcomm fighting it out in China auto IT sector,"Following the failed US$44 billion merger between Qualcomm and NXP Semiconductors, the two chip giants are now competing directly in China's rapidly expanding automotive technology sector. NXP emphasizes its strong OEM relationships in China and focus on system solutions, while Qualcomm, a smartphone chip leader, introduces new chips for digital dashboards, intensifying their rivalry in the world's largest car market. The competition is highlighted by China's push for ""intelligent"" electric vehicles and tighter emission standards.",https://www.scmp.com/tech/big-tech/article/2181319/nxp-and-qualcomm-are-duking-it-out-worlds-biggest-car-market-after,South China Morning Post,South China Morning Post,20190109T210300,,0.120461,Neutral,0.641280,0.129298,Neutral
TSLA,"Ford, Volkswagen join forces on developing electric and self-driving technology","Ford Motor Company and Volkswagen AG have announced a global alliance to develop and invest in electric vehicles, self-driving technology, and mobility services. This partnership, unveiled at the Detroit auto show, aims to boost competitiveness, create significant savings, and leverage the strengths of both companies without involving cross-ownership. They will co-manufacture commercial vans and medium-sized pickups beginning in 2022, with a focus on fending off tech companies in the evolving mobility landscape.",https://abcnews.go.com/Business/ford-volkswagen-join-forces-developing-electric-driving-technology/story?id=60386898,"ABC News - Breaking News, Latest News and Videos","ABC News - Breaking News, Latest News and Videos",20190115T102300,,0.339843,Somewhat-Bullish,0.624224,0.209991,Somewhat-Bullish
TSLA,"Developers of Driverless Cars Taking A More Cautious, Low-Key Approach","The driverless car industry is adopting a more cautious and low-key approach after previous bold claims and incidents like the fatal Uber crash. Companies like Aptiv, Toyota, and Waymo are emphasizing safety and more restrained deployments, focusing on specific routes and lower speeds, with full autonomy taking longer to achieve. The article highlights the increased recognition of the complexity and challenges involved in industrializing autonomous vehicle technology.",https://programbusiness.com/news/developers-driverless-cars-taking-more-cautious-low-key-approach/,Program Business,Program Business,20190117T234706,,-0.137569,Neutral,0.639004,-0.222097,Somewhat-Bearish
TSLA,WiTricity Acquires Qualcomm Halo To Accelerate EV Charging Adoption,"WiTricity has acquired certain technology platform and IP assets from Qualcomm Inc. and Qualcomm Technologies Inc., including over 1,500 patents related to wireless charging. This acquisition aims to streamline technology development for EV charging, making it seamless and efficient for automakers and drivers. Qualcomm Inc. will become a minority shareholder in WiTricity, and the move is expected to accelerate the commercialization and standardization of wireless EV charging globally.",https://www.aftermarketnews.com/witricity-acquires-qualcomm-halo-to-accelerate-ev-charging-adoption/,aftermarketNews,aftermarketNews,20190211T011119,,0.302717,Somewhat-Bullish,0.633682,0.344564,Somewhat-Bullish
TSLA,"Dogs are cool, especially in Teslas with new Dog Mode","Tesla has introduced a new ""Dog Mode"" feature for its vehicles, which keeps the air conditioner running to ensure pets are safe on hot days, even when the car is off. The car's display will inform passersby that the owner will return soon. This feature, along with a new ""Sentry Mode"" for security, highlights unique capabilities of electric cars.",https://fox47.com/news/auto-matters/dogs-are-cool-especially-in-teslas-with-new-dog-mode,WMSN,WMSN,20190215T102700,,0.448745,Bullish,1.000000,0.444220,Bullish
TSLA,The CEO of General Motors makes a stop at the Toledo Transmission plant,GM CEO Mary Barra visited the Toledo Transmission plant to discuss the state of business and connect with employees. She addressed employee concerns about plant closings and incidents of racist graffiti. Barra also reaffirmed GM's commitment to manufacturing in the U.S. and its zero-tolerance policy for intimidating behavior.,https://www.13abc.com/content/news/The-head-of-General-Motors-makes-a-stop-at-Toledo-Transmission-506060801.html,WTVG,WTVG,20190219T165200,,0.070176,Neutral,0.596288,0.022351,Neutral
TSLA,"Vehicle shipping firm to operate Tesla warehouse in Kenilworth, Blau & Berg says","A 14,100-square-foot property in Kenilworth, New Jersey, will serve as a warehouse and shipping point for Tesla vehicles. LNR Auto Transport will operate the space on behalf of Tesla Inc., handling servicing and transportation of Tesla vehicles from California to New Jersey for delivery to dealers and clients. The Blau & Berg Co. brokered the transaction, representing both LNR Auto Transport and Dana Development Co. LLC.",https://re-nj.com/vehicle-shipping-firm-to-operate-tesla-warehouse-in-kenilworth-blau-berg-says/,Real Estate NJ,Real Estate NJ,20190220T013145,,0.443853,Bullish,1.000000,0.447631,Bullish
TSLA,Tesla Model 3 Loses Consumer Reports Recommendation,"The Tesla Model 3 has lost its recommendation from Consumer Reports due to owner complaints about reliability issues, including loose-fitting exterior parts and defective glass. This caused Tesla's brand ranking to drop significantly. The magazine typically withdraws recommendations for vehicles with persistent quality concerns despite high customer satisfaction.",https://www.ttnews.com/articles/tesla-model-3-loses-consumer-reports-recommendation,Transport Topics,Transport Topics,20190221T163000,,-0.44685,Bearish,1.000000,-0.448133,Bearish
TSLA,Lucid Motors is working on an electric SUV that may debut this year,"Electric vehicle startup Lucid Motors is developing an SUV and plans to unveil its design as early as summer, while its first car, the Lucid Air sedan, is set for production in late 2020. The company's CTO confirmed plans for future models beyond the Air, capitalizing on its versatile platform. This development is partly driven by a $1 billion investment from Saudi Arabia's Public Investment Fund, though US government approval is still pending.",https://www.theverge.com/2019/2/21/18235019/lucid-motors-electric-suv-ev-saudi-arabia,The Verge,The Verge,20190221T223400,https://cdn.vox-cdn.com/thumbor/yT0_d68c9gQ_k9X4rD4R-iW4rM8=/0x0:2040x1360/1200x675/filters:focal(857x517:1183x843)/cdn.vox-cdn.com/uploads/chorus_image/image/63143586/lucid_air_verge_krales_2142.0.0.jpg,0.075596,Neutral,0.619877,0.104605,Neutral
TSLA,Nio CEO touts its electric cars as ‘ticket to a new lifestyle’,"William Li, CEO of Chinese electric-car maker Nio Inc., states that his company's vehicles are more than just luxury cars; they represent a lifestyle and a status symbol for the growing middle and upper class in China. Nio aims to be seen as a lifestyle company with its electric cars serving as a ticket to a new way of living. This perspective was shared during an interview on ""60 Minutes.""",https://www.marketwatch.com/story/nio-ceo-touts-its-electric-cars-as-ticket-to-a-new-lifestyle-2019-02-24?gaa_at=eafs&gaa_n=AWEtsqdB1Rql6U4kQtalrwu7thrmPby-5Z_RQCJL4gvuzKSSzfmGE1wqqiWS&gaa_ts=690800f8&gaa_sig=2g6hF8X0jXPt4AZABdcq5XJSx2Eta3maVjpCTwqvB7C7BQqbuw8456HO3Onpy5PNuIFO8NRRVftAisPoUzr1_Q%3D%3D,MarketWatch,MarketWatch,20190224T205900,,0.324822,Somewhat-Bullish,0.613261,0.121519,Neutral
TSLA,SEC Says Tesla Chief Elon Musk's Tweets Violated Court Settlement,"The SEC has accused Tesla CEO Elon Musk of violating a court settlement by tweeting about Tesla's production numbers without prior approval. This action follows a previous settlement where Musk was stripped of his chairman title and fined for misleading investors. The SEC has asked a federal judge to hold Musk in contempt, giving him until March 11 to respond.",https://www.southcarolinapublicradio.org/2019-02-25/sec-says-tesla-chief-elon-musks-tweets-violated-court-settlement,South Carolina Public Radio,South Carolina Public Radio,20190225T220100,,-0.347412,Somewhat-Bearish,1.000000,-0.337815,Somewhat-Bearish
TSLA,Meet Elon Tusk: Tesla Chief Changes Twitter Display Name,"Elon Musk, CEO of Tesla, changed his Twitter display name to ""Elon Tusk"" amidst a series of late-night tweets where he also announced upcoming news from Tesla. This social media activity followed charges from the U.S. Securities and Exchange Commission earlier in the week, leading Musk to accuse the regulator of failing to understand Tesla's annual reports. Tesla is also facing a $920 million convertible bond repayment due a day after his promised news release.",https://www.voanews.com/a/meet-elon-tusk-tesla-chief-changes-twitter-display-name/4806298.html,VOA - Voice of America English News,VOA - Voice of America English News,20190227T121200,,0.045711,Neutral,0.334826,0.042168,Neutral
TSLA,Landlords to Tesla: You’re Still on the Hook for Your Store Leases,"Tesla's plans to close most of its retail stores and shift to online-only sales are facing a significant challenge from landlords. Landlords show no signs of easily releasing Tesla from its existing store leases, potentially seeking court injunctions to prevent premature store closures. Many shopping center landlords haven't even been informed by Tesla about whether their specific store locations will be shut down.",https://www.wsj.com/articles/landlords-to-tesla-youre-still-on-the-hook-for-your-store-leases-11552059041?gaa_at=eafs&gaa_n=AWEtsqdmHeXP2xf2s22lZt4PKfh-m7Qu-w73JROpXFeFnKjdj4vWrWP86g0z&gaa_ts=69080929&gaa_sig=qY4ZNdOh6lIb7YNvGDjoMxnUyW86mbDkX9JLIHPSSbZ9SYY9tWZWoKzoup6RNrbgVDjPQYtEkxWAxAN1318skw%3D%3D,The Wall Street Journal,The Wall Street Journal,20190308T013145,,-0.283766,Somewhat-Bearish,1.000000,-0.264035,Somewhat-Bearish
TSLA,Elon Musk Set to Unveil a New Tesla for the Masses—the Model Y SUV,"Elon Musk is preparing to unveil the Model Y compact sport-utility vehicle, aiming to expand Tesla's market beyond luxury buyers. This new all-electric compact SUV is crucial for Tesla's transition into a mass-market car company, following recent price cuts for the Model 3 sedan. The success of the Model Y is seen as critical for the automaker's future.",https://www.wsj.com/articles/elon-musk-set-to-unveil-a-new-tesla-for-the-massesthe-model-y-suv-11552474803?gaa_at=eafs&gaa_n=AWEtsqfhywA9meiJX3AB7XCdWRDBS3ZV0CdicHM4WLeny7Zu71baavv2DbG4&gaa_ts=69080924&gaa_sig=l1d_Fmh5mCkbMPB63_82Wqkj5vpdxmYRdTov02HIM9GleBfFZ5sLE3WIkaxm7hhIkVe88Mb5a447ijApajahCA%3D%3D,The Wall Street Journal,The Wall Street Journal,20190313T013145,,0.309371,Somewhat-Bullish,1.000000,0.308133,Somewhat-Bullish
TSLA,Tesla debuts Model Y crossover,"Tesla has officially debuted its Model Y crossover, a vehicle seen as crucial for the company's expansion into the mainstream market and to generate revenue to manage its debts. The Model Y shares architectural elements with the Model 3, features a similar interior, and has a starting price of $47,000 for the long-range version, with a standard model expected in 2021. CEO Elon Musk emphasized that Tesla's goal extends to prompting other automakers to venture into electric vehicles.",https://www.detroitnews.com/picture-gallery/business/autos/2019/03/15/tesla-debuts-model-y-crossover/3171909002/,The Detroit News,The Detroit News,20190314T013146,,0.114492,Neutral,1.000000,0.113353,Neutral
TSLA,"Tesla unveils Model Y as electric vehicle race heats up, price starts at $39,000","Tesla Inc. unveiled its Model Y electric sports utility vehicle, with CEO Elon Musk announcing a long-range version priced at $47,000 with a 300-mile range and a standard version at $39,000 with a 230-mile range available in 2021. The compact SUV, built on the Model 3 platform, is positioned to compete in the fastest-growing segment in the U.S. and China, despite warnings from ratings companies like Fitch about incumbent carmakers catching up. Musk anticipates an easier production ramp for the Model Y due to shared parts with the Model 3, aiming for 1 million vehicles produced within 12 months.",https://www.reuters.com/article/technology/tesla-unveils-model-y-as-electric-vehicle-race-heats-up-price-starts-at-39000-idUSKCN1QV2UK/,Reuters,Reuters,20190315T050300,,0.106958,Neutral,1.000000,0.141607,Neutral
TSLA,"Tesla Unveils Model Y Crossover, but Delivery Time Reignites Cash Concerns","Tesla's unveiling of the Model Y crossover, with deliveries not expected for another 18 months, has led to renewed concerns about the company's cash position among analysts. The decision to require larger $2,500 pre-orders and the delayed delivery timeline are seen as strategies to conserve cash, potentially impacting Model 3 momentum and indicating a precarious financial situation for Tesla.",https://www.ttnews.com/articles/tesla-unveils-model-y-crossover-delivery-time-reignites-cash-concerns,Transport Topics,Transport Topics,20190315T111500,,-0.403859,Bearish,1.000000,-0.419996,Bearish
TSLA,"The Automotive Industry: Comparing the Cultures of Ford, General Motors, Honda, Tesla and Toyota","This article compares the company cultures of five major automotive manufacturers: Ford, General Motors, Honda, Tesla, and Toyota, based on employee-submitted data. It evaluates them across categories such as Company Culture, CEO satisfaction, Compensation, Perks & Benefits, Diversity, and Outlook. The analysis reveals a tie between Tesla and Ford as overall winners, highlighting their strengths in different cultural aspects.",https://www.comparably.com/blog/the-automotive-industry-comparing-the-cultures-of-ford-general-motors-honda-tesla-and-toyota/,Comparably,Comparably,20190320T002720,,0.172664,Somewhat-Bullish,0.927430,0.302441,Somewhat-Bullish
TSLA,Would-Be Tesla Rival Soars After Snagging First Bull Rating,"ElectraMeccanica Vehicles (SOLO) saw its stock climb significantly after receiving its first analyst rating, a ""speculative buy"" from Benchmark analyst Bill Sutherland. The rating highlights the potential of the company's one-person electric vehicle, the SOLO, noting that 83% of cars on the highway typically have only one occupant, indicating a large addressable market. This initial bullish rating suggests the Canadian small-cap company is beginning to attract Wall Street attention as it aims to compete in the electric vehicle market.",https://www.bloomberg.com/news/articles/2019-03-20/electrameccanica-gets-first-rating-ahead-of-production-ramp,Bloomberg.com,Bloomberg.com,20190320T111500,,0.512049,Bullish,0.637707,0.316731,Somewhat-Bullish
TSLA,"Tesla sues Zoox, claims ex-workers stole trade secrets","Tesla has filed lawsuits against former employees for allegedly stealing trade secrets related to its Autopilot system and sharing them with rival companies like Xpeng Motors and Zoox Inc. This comes amid a broader U.S. crackdown on Chinese corporate espionage, with Apple also having faced similar issues regarding employee theft of autonomous vehicle technology. Xpeng denies involvement in any wrongdoing and states it respects intellectual property rights, while also confirming an internal investigation into the allegations.",https://www.detroitnews.com/story/business/autos/mobility/2019/03/21/tesla-sues-zoox-claims-ex-workers-stole-trade-secrets/39239029/,The Detroit News,The Detroit News,20190321T014146,,-0.407216,Bearish,0.948308,-0.347762,Somewhat-Bearish
TSLA,"Tesla sues former employees for allegedly stealing data, Autopilot source code","Tesla Inc. has filed a lawsuit against a former engineer, Guangzhi Cao, for allegedly copying Autopilot source code before joining Chinese self-driving car startup Xiaopeng Motors. Separately, Tesla also sued four former employees and U.S. self-driving car startup Zoox Inc. for stealing proprietary information related to warehousing and logistics. Xiaopeng Motors has stated it's investigating the allegations against Cao, while Tesla continues to protect its intellectual property in the competitive self-driving car market.",https://www.reuters.com/article/business/tesla-sues-former-employees-for-allegedly-stealing-data-autopilot-source-code-idUSKCN1R21QG/,Reuters,Reuters,20190321T221100,https://www.reuters.com/resizer/v2/https%3A%2F%2Fdata.reuters.com%2Fimage%2Fapi%2Fv1%2Fimage%2Fdownload%2FGNV30M00F1X3Z.jpg%3Furl%3Dhttps%253A%252F%252Fdata.reuters.com%252Fimage%252Fapi%252Fv1%252Fimage%252Fdownload%252FGNV30M00F1X3Z.jpg.jpg%26width%3D673%26height%3D450%26resize_type%3Dcontain%26bgcolor%3D000000%26quality%3D80,-0.234261,Somewhat-Bearish,1.000000,-0.329097,Somewhat-Bearish
TSLA,G.M. Plans New Electric Vehicle Made at Chevy Bolt Plant (Published 2019),"General Motors announced plans to produce a new electric vehicle at its Orion Township, Michigan plant, adding 400 jobs and investing $300 million. This move is part of the company's broader strategy to expand its electric car lineup and compete in the growing EV market, which is seeing increased competition from companies like Ford and a slowdown in sales for Tesla. The announcement comes after President Trump criticized GM for plant closures, but GM stated it has job openings and is relocating employees from idled factories.",https://www.nytimes.com/2019/03/22/business/general-motors-electric-vehicle.html,The New York Times,The New York Times,20190322T002718,,0.118216,Neutral,0.629679,-0.101714,Neutral
TSLA,"Tesla starts Hardware 3 rollout: Enhanced Summon, red-light warnings","Tesla has begun rolling out its new Hardware 3, bringing Enhanced Summon and red-light warnings to owners. This update also includes features like yielding to merging cars and faster Supercharging, with the company also addressing browser vulnerabilities and preparing for further Full Self-Driving capabilities.",https://fox47.com/news/auto-matters/tesla-starts-hardware-3-rollout-enhanced-summon-red-light-warnings,WMSN,WMSN,20190326T094300,,0.416867,Bullish,0.993333,0.383663,Bullish
TSLA,'My friends thought I was going to fail': Cathie Wood on launching Ark,"Cathie Wood recounts the skepticism she faced from friends when launching Ark Investment Management in 2014 after a 12-year career at AllianceBernstein. Despite the doubts, Wood was confident in her decision to build a firm focused on innovative disruptors, recognizing a significant unmet market need. Today, Ark Investment Management manages $7.4 billion in assets, establishing itself as a disruptor through its investment vehicles, holdings, and leadership.",https://citywire.com/pro-buyer/news/my-friends-thought-i-was-going-to-fail-cathie-wood-on-launching-ark/a1210917,Citywire,Citywire,20190404T234713,,0.427045,Bullish,0.640776,0.319566,Somewhat-Bullish
TSLA,"Howes: Tesla turmoil, legal tangles undermine EV leadership","Tesla's market position is facing significant challenges due to plummeting sales of its high-margin models and struggles to profit from the Model 3. Founder Elon Musk's ongoing legal battles with the SEC are also a major concern for investors, threatening the company's market value. Competitors from traditional automakers and Chinese EV players are rapidly emerging, further challenging Tesla's once-dominant luxury EV space.",https://www.detroitnews.com/story/business/columnists/daniel-howes/2019/04/05/tesla-turmoil-threatens-ev-leadership-musk/3367511002/,The Detroit News,The Detroit News,20190405T013146,,-0.611045,Bearish,1.000000,-0.614679,Bearish
TSLA,Tilson on Tesla: 'This is the beginning of the end',"Prominent short seller Whitney Tilson, founder of Empire Financial Research, has gone bearish on Tesla stock, predicting a decline to $100 by year-end. This stance follows Tesla's Q1 sales miss, a 31% drop from the previous quarter, which Tilson views as ""the beginning of the end."" He cites increasing competition from European carmakers and doubts about sustained demand amidst the ""wave of competition"" as key reasons for his bearish outlook, despite Elon Musk's ""teflon"" reputation with investors.",https://finance.yahoo.com/news/tesla-problems-tilson-short-122837178.html,Yahoo Finance,Yahoo Finance,20190405T013146,https://s.yimg.com/uu/api/res/1.2/n3x0gZ6M1tqS4.I5z91qzg--~B/aD0zNTYxO3c9NTMzOTthcHBpZD15dGFjaHlvbg--/https://media-mbst-pub-ue1.s3.amazonaws.com/creatr-images/2019-04/0ee56d10-5716-11e9-bfac-d6c6a461b426,-0.402952,Bearish,1.000000,-0.387864,Bearish
TSLA,Opinion: Tesla and Elon Musk are creating a credibility problem,"MarketWatch's opinion piece argues that Tesla and Elon Musk are facing a credibility problem, evidenced by recent vehicle-delivery data. The company delivered 63,000 vehicles in the first quarter, significantly missing analyst expectations of 76,000, which caused an 8% stock drop. This comes as Musk was in federal court regarding his tweets and an agreement with U.S. regulators.",https://www.marketwatch.com/story/tesla-and-elon-musk-are-creating-a-credibility-problem-2019-04-04?gaa_at=eafs&gaa_n=AWEtsqepuiHIqC3-oxqdReh8JrBESNwF9v09b-KyDwv8N8At943odcdn1lyM&gaa_ts=69080938&gaa_sig=oUYc0TXvX-uqjF9o2rMvCmrA1aOxpzh2BtvtkAWXdpITmczRZNgRWne0WtA_MMaVDvhs8xhQH-5XIPoQm2tTeg%3D%3D,MarketWatch,MarketWatch,20190407T094400,,0.006397,Neutral,0.328587,0.017006,Neutral
TSLA,David Einhorn's Greenlight says Tesla 'on the brink' of failure,"David Einhorn's Greenlight Capital renewed its criticism of Elon Musk and Tesla Inc., stating the electric car company appears to be ""on the brink"" of failure again due to issues like lack of demand, price cuts, and layoffs. Greenlight, which is short Tesla stock, noted its funds gained 11 percent in Q1 2019 despite a challenging environment for value stocks, and questioned whether Tesla would overcome its current challenges. The hedge fund highlighted Musk's unfulfilled promises regarding profitability and cash flow.",https://www.reuters.com/article/world/david-einhorns-greenlight-says-tesla-on-the-brink-of-failure-idUSKCN1RO1XY/,Reuters,Reuters,20190413T002000,,-0.165164,Somewhat-Bearish,1.000000,-0.429677,Bearish
TSLA,EV charging stations coming to Shoppers World,"Shoppers World plans to install six electric vehicle charging stations, with two more near the AMC movie theater, in partnership with Volta. These stations will offer free charging subsidized by advertisements displayed on large LED screens, similar to those at Natick Mall. The project required Planning Board approval due to the advertising displays and represents an emerging use not previously covered by signage regulations.",https://www.wickedlocal.com/story/bulletin-tab/2019/04/14/ev-charging-stations-coming-to/5440181007/,Wicked Local,Wicked Local,20190414T012136,,0.169471,Somewhat-Bullish,0.618772,0.107237,Neutral
TSLA,Tesla holdings slashed by T. Rowe Price funds in latest cuts by investor,"T. Rowe Price funds significantly cut their Tesla Inc holdings in the first quarter of 2019, selling off 92 percent of their prior positions. This move by one of Tesla's largest investors follows a previous reduction in the fourth quarter of 2018. The cuts occurred during a difficult period for Tesla, marked by a drop in Model 3 deliveries and CEO Elon Musk's legal battle with the SEC.",https://www.reuters.com/article/business/tesla-holdings-slashed-by-t-rowe-price-funds-in-latest-cuts-by-investor-idUSKCN1RU08R/,Reuters,Reuters,20190418T030900,https://www.reuters.com/resizer/v2/W3K2Y24IURJGPN3J65TNYT6J2Y.JPG?auth=d9472e6162383c2ad2c355c27633eac1e5c01b44ec06915ad36fc19d5c643958&quality=80&width=800&height=499&smart=true,-0.390703,Bearish,0.923502,-0.436829,Bearish
TSLA,iShares Self-driving EV & Tech ETF,"This page provides a detailed profile of the iShares Self-driving EV & Tech ETF (IDRV), including its price, performance, holdings, expenses, and ESG scores. The ETF tracks the NYSE FactSet Global Autonomous Driving and Electric Vehicle Index and focuses on large-cap equities in the global mobility sector. It also includes comparative data against category averages and segment averages for various financial metrics.",https://etfdb.com/etf/IDRV/,ETF Database,ETF Database,20190420T123909,,0.114615,Neutral,0.624978,0.135243,Neutral
TSLA,9 Reasons General Motors Should Dump GMC (And 12 Reasons They Shouldn't),"This article examines the arguments for and against General Motors (GM) discontinuing its GMC brand. It outlines nine reasons why GM might consider shutting down GMC, such as declining sales in 2018, higher manufacturing costs for GMC trucks compared to Chevrolet counterparts, and brand overlap. Conversely, the article presents twelve reasons why GMC should remain, primarily focusing on the significant profitability of GMC trucks and their distinct market positioning.",https://www.hotcars.com/reasons-general-motors-should-dump-gmc-and-reasons-they-shouldnt/,HotCars,HotCars,20190423T002718,,0.049812,Neutral,0.593799,0.132605,Neutral
TSLA,"Ford to Invest $500 Million in Rivian, a Tesla Rival (Published 2019)","Ford Motor has agreed to invest $500 million in Rivian, an electric-car start-up seen as a potential rival to Tesla. This partnership aims to accelerate Ford's electric vehicle development and streamline its operations, while Rivian prepares to launch its own electric pickup truck and SUV. The investment highlights the changing dynamics in the auto industry with newcomers gaining ground through technological advancements.",https://www.nytimes.com/2019/04/24/business/ford-rivian-investment.html,The New York Times,The New York Times,20190424T001659,,0.173888,Somewhat-Bullish,0.719692,0.122406,Neutral
TSLA,Tesla investors brace for grim quarterly results,"Tesla is expected to report a significant loss for the first quarter of 2019 after delivering fewer vehicles than anticipated. Analysts are concerned about declining Model 3 sales, difficulties in international expansion, and the impact of reduced federal tax credits, with some predicting an ""outright disaster"" for Q1 earnings. Despite the grim outlook, some analysts suggest a market bounce if Tesla manages to exceed lowered expectations.",https://www.nbcnews.com/business/autos/tesla-investors-brace-grim-quarterly-results-n997916,NBC News,NBC News,20190424T100800,https://media-cldnry.s-nbcnews.com/image/upload/t_nbcnews-fp-1200-630/newscms/2019_17/2827101/190423-elon-musk-tesla-1-ac-838p.jpg,-0.411834,Bearish,1.000000,-0.448859,Bearish
TSLA,"Tesla to Create Own Insurance Product, Says Musk","During an earnings call, Elon Musk announced that Tesla is developing its own insurance product, aiming to launch it in about a month to address higher insurance rates for its vehicles. Musk stated that Tesla's direct knowledge of customer risk profiles would allow it to offer more compelling rates, potentially adjusting premiums based on driving behavior. This move follows previous attempts to partner with insurers like Liberty Mutual, and comes amidst analyst concerns about distractions from Tesla's core business and recent financial losses.",https://www.insurancejournal.com/news/national/2019/04/26/524842.htm,Insurance Journal,Insurance Journal,20190426T013145,,0.049722,Neutral,1.000000,-0.215737,Somewhat-Bearish
TSLA,Tesla Delays Production of Semi Truck Until 2020,"Tesla has announced that production of its Semi truck will be delayed until 2020, with plans to build it at its factory near Reno, Nev. The company also reported a significant first-quarter loss of $702.1 million, more than double what analysts predicted, as sales slumped by 31%. Despite the loss, CEO Elon Musk anticipates increased demand and profit margins in the coming quarters due to updated products and pricing, and expects to return to profitability in the third quarter.",https://www.ttnews.com/articles/tesla-delays-production-semi-truck-until-2020,Transport Topics,Transport Topics,20190426T150000,,-0.151031,Somewhat-Bearish,1.000000,-0.400259,Bearish
TSLA,Cereal Killer: Kellogg’s Must Transform Its Company to Survive—Will It Succeed?,"This article analyzes Kellogg's need for significant transformation to survive and thrive amidst changing consumer preferences and declining U.S. cereal demand. It discusses CEO Steve Cahillane's ""Deploy for Growth"" strategy, recent divestitures and acquisitions, and proposes bold recommendations including divestment of most U.S. cereal brands, capabilities-driven M&A, and radical innovation in food production and delivery, emphasizing a shift from a ""Day Two"" to a ""Day One"" company culture.",https://observer.com/2019/05/kellogg-cereal-company-transformation-survival/,Observer,Observer,20190501T070000,,-0.099318,Neutral,0.553162,0.208209,Somewhat-Bullish
TSLA,Elon Musk owes $507 million to banks helping Tesla raise capital,"Elon Musk personally owes $507 million to Wall Street banks involved in Tesla's recent stock and debt sale, a figure backed by his significant stake in the electric car maker. This amount is lower than the $624 million disclosed in 2017, with Goldman Sachs, Morgan Stanley, and Bank of America being the primary lenders. The article highlights potential conflicts of interest for these banks and the risk of Musk being forced to sell shares if Tesla's stock price declines further.",https://www.cnbc.com/2019/05/03/elon-musk-owes-507-million-to-banks-helping-tesla-raise-capital.html,CNBC,CNBC,20190503T024900,,0.050875,Neutral,1.000000,0.114941,Neutral
TSLA,Tesla raises $2.35 billion in boosted debt and stock offerings,"Tesla Inc. successfully raised $2.35 billion through boosted debt and stock offerings, exceeding initial plans and alleviating near-term liquidity concerns. The capital raise, which included $750 million in common stock and $1.6 billion in convertible bonds, sparked a relief rally for the company's stock and bonds. This funding will help Tesla repay debt, finance Model 3 shipments to Europe, and cover potential cash burn from softening demand, as the company invests in new vehicles and a factory in Shanghai.",https://www.latimes.com/business/la-fi-tesla-raises-cash-20190503-story.html,Los Angeles Times,Los Angeles Times,20190503T105900,,0.241407,Somewhat-Bullish,1.000000,0.424363,Bullish
TSLA,"Tesla Raises $2.35 Billion in Boosted Debt, Stock Offerings","Tesla Inc. has successfully raised $2.35 billion through boosted debt and stock offerings, significantly exceeding its initial targets. This capital infusion, consisting of $750 million in common stock and $1.6 billion from convertible bonds, is expected to alleviate near-term liquidity concerns for the electric car manufacturer. The move has sparked a relief rally in Tesla's stock and bonds, leading analysts to view it as a positive step for the company's financial stability and access to capital markets.",https://www.ttnews.com/articles/tesla-raises-235-billion-boosted-debt-stock-offerings,Transport Topics,Transport Topics,20190503T133000,,0.430189,Bullish,1.000000,0.413916,Bullish
TSLA,"‘I Worry Much More About Progressive’ Than Tesla, Buffett Says","Warren Buffett expressed greater concern about competition from Progressive than from Tesla in the insurance business, dismissing the idea that auto companies have an inherent advantage in pricing insurance. He highlighted Progressive's superior loss ratio compared to Berkshire Hathaway's GEICO, while also praising Ajit Jain's unique talent in assessing and pricing complex, unconventional insurance contracts. Buffett reiterated the significant value of Berkshire's insurance operations, emphasizing their integration within the larger company.",https://www.carriermanagement.com/news/2019/05/06/192999.htm,Carrier Management,Carrier Management,20190506T010640,,0.149142,Neutral,0.603413,0.146571,Neutral
TSLA,Tesla may be about to lose a key group of investors that have stuck with the struggling stock,"Tesla's recent pivot towards autonomous driving, highlighted by CEO Elon Musk's statements during an investor call, may alienate long-term growth investors who anticipated profitability from high-volume auto sales. While a recent $2.7 billion stock and bond offering provided a temporary relief rally, Barclays analyst Brian Johnson suggests the focus on autonomy pushes out the timeline for investor payoff, potentially causing ""rational bulls"" to reassess their investment in the struggling stock.",https://www.cnbc.com/2019/05/07/tesla-may-be-about-to-lose-a-key-group-of-investors-that-have-stuck-with-the-struggling-stock.html,CNBC,CNBC,20190507T091900,,-0.076384,Neutral,0.953120,-0.282442,Somewhat-Bearish
TSLA,Greenlight Capital (GLRE) Q1 2019 Earnings Call Transcript,"Greenlight Capital Re (GLRE) reported a net income of $5.9 million for Q1 2019, contrasting with a loss in the previous year, driven by a 6.2% return on its investment portfolio. Despite growth in underwriting and investment performance, the company faced significant losses from reserve increases in its auto insurance class, primarily due to adverse events in Florida from 2015-2018. CEO Simon Burton and President David Einhorn discussed these challenges, along with market improvements in other reinsurance classes and their negative outlook on Tesla shares.",https://www.fool.com/earnings/call-transcripts/2019/05/08/greenlight-capital-glre-q1-2019-earnings-call-tran.aspx,The Motley Fool,The Motley Fool,20190508T092400,https://g.foolcdn.com/image/?url=https%3A%2F%2Fg.foolcdn.com%2Feditorial%2Fimages%2F1%2Ffeatured-transcript-logo-template.jpg&w=3840&op=resize,0.089313,Neutral,0.847067,-0.419415,Bearish
TSLA,Tesla wants to cut size of board from 11 directors to 7,"Tesla plans to reduce the size of its board of directors from 11 to seven members, a move aimed at making the board more nimble and efficient. This decision follows increased scrutiny of the board and comes after CEO Elon Musk's tweet about taking the company private. The company is also proposing other corporate governance changes, including shortening directors' terms and dropping a supermajority voting requirement.",https://spectrumlocalnews.com/us/snplus/ap-top-news/2019/04/20/tesla-wants-to-cut-size-of-board-from-11-directors-to-7,Spectrum News,Spectrum News,20190509T144600,,-0.142509,Neutral,0.959830,-0.123611,Neutral
TSLA,"|Tesla Faces 1st Trial Stemming From Allegedly Unsafe Workplace Conditions, CVN To Webcast Live","The first trial against Tesla Inc. stemming from allegedly unsafe workplace conditions is set to begin in California, with Courtroom View Network webcasting live. Plaintiff Teodora Tapia, a former janitor, is seeking at least $14 million in damages after suffering severe injuries in a 2014 incident due to an unfamiliar Tesla contractor operating a vehicle. Tesla has admitted liability, leaving a jury to determine the compensation amount for Tapia's alleged permanent disability.",https://blog.cvn.com/tesla-faces-1st-trial-stemming-from-allegedly-unsafe-workplace-conditions-cvn-to-webcast-live,CVN News,CVN News,20190510T145055,,-0.30647,Somewhat-Bearish,0.960309,-0.324971,Somewhat-Bearish
TSLA,"Global X Cloud Computing ETF (CLOU) Price, Holdings, & News","This article provides detailed information about the Global X Cloud Computing ETF (CLOU), including its current price, key statistics, holdings, news headlines, and frequently asked questions. It also outlines the fund's inception date, management, expense ratio, and primary focus on the cloud computing industry, benchmarked against the Indxx Global Cloud Computing index.",https://www.marketbeat.com/stocks/NASDAQ/CLOU/,MarketBeat,MarketBeat,20190514T094019,https://www.marketbeat.com/img/logos/thumbnail/global-x-cloud-computing-etf-global-x-cloud-computing-etf-logo.png?s=thumb&v=20210709123926,0.344619,Somewhat-Bullish,0.602339,0.349336,Somewhat-Bullish
TSLA,Cree Selected as Silicon Carbide Partner for the Volkswagen Group FAST Program,"Cree, Inc. has been selected as the exclusive silicon carbide partner for the Volkswagen Group’s “Future Automotive Supply Tracks” (FAST) Initiative. This partnership aims to accelerate the transition to electric vehicles by utilizing Cree's silicon carbide technology, enabling longer range, faster charging, and improved efficiency for Volkswagen's future EV models. The collaboration involves working with tier one and power module suppliers to engineer silicon carbide-based solutions.",https://kommunikasjon.ntb.no/pressemelding/17864798/cree-selected-as-silicon-carbide-partner-for-the-volkswagen-group-fast-program?publisherId=17847018,NTB Kommunikasjon,NTB Kommunikasjon,20190514T150000,,0.362519,Bullish,0.631516,0.238153,Somewhat-Bullish
TSLA,Exclusive: Tesla's solar factory is exporting most of its cells - document,"A report based on Reuters' review of documents reveals that the majority of solar cells produced at Tesla's New York factory are being exported rather than used in its ""Solar Roof"" product as intended. This highlights Tesla's struggles in the U.S. solar business following its 2016 acquisition of SolarCity. Panasonic, Tesla's partner at the factory, is increasingly selling cells to foreign buyers due to low demand from Tesla, raising questions about the viability of Tesla's solar division.",https://www.reuters.com/article/world/exclusive-teslas-solar-factory-is-exporting-most-of-its-cells-document-idUSKCN1SL1GR/,Reuters,Reuters,20190515T153900,https://www.reuters.com/resizer/v2/https%3A%2F%2Fichef.bbci.co.uk%2Fnews%2F976%2Fcpsprodpb%2FD307%2Fproduction%2F_132225675_gettyimages-1886121453.jpg?w=800&h=450&fm=jpg&rect=108%2C0%2C2000%2C1125,-0.287475,Somewhat-Bearish,1.000000,-0.274973,Somewhat-Bearish
TSLA,"Tesla shares could drop to $10 in a worst-case scenario, Morgan Stanley says","Morgan Stanley cut its worst-case forecast for Tesla stock from $97 to $10, citing concerns over the company's debt load and geopolitical exposure, particularly regarding Chinese demand. Despite this, the firm maintained its main price target of $230 and a bull-case forecast of $391, suggesting Tesla's strategic value remains high. Other firms like Baird also lowered their estimates, while T. Rowe Price significantly reduced its holdings, reflecting broader investor concerns amidst Tesla's recent poor quarterly performance and stock decline.",https://www.cnbc.com/2019/05/21/morgan-stanley-tesla-shares-could-drop-to-10-in-worst-case-scenario.html,CNBC,CNBC,20190521T060600,,-0.109857,Neutral,1.000000,-0.489748,Bearish
TSLA,General Motors designs a new “brain and nervous system” for its vehicles,"General Motors has developed an entirely new electronic architecture for its vehicles, designed to handle the demands of future connected, autonomous, and electric cars. This new ""brain and nervous system"" offers significantly higher bandwidth and processing power, enabling advanced features like ADAS, higher resolution displays, and over-the-air updates, with a strong focus on cybersecurity. The system will debut in the Cadillac CT5 and will be progressively rolled out across GM's lineup.",https://arstechnica.com/cars/2019/05/general-motors-designs-a-new-brain-and-nervous-system-for-its-vehicles/,Ars Technica,Ars Technica,20190521T080500,,0.383165,Bullish,0.629982,0.203089,Somewhat-Bullish
TSLA,Tesla’s ‘extreme’ success in Norway becomes a double-edged sword,"Tesla's rapid success in Norway, a leading electric vehicle market, has created a double-edged sword as the company struggles to scale its operations to meet demand. This has led to an increase in customer complaints about service and quality issues, particularly with the new Model 3. Despite efforts to double customer service staff and open new centers, Tesla faces challenges in handling its extreme growth rate in the country.",https://www.latimes.com/business/la-fi-tesla-norway-growth-20190523-story.html,Los Angeles Times,Los Angeles Times,20190523T050000,https://ca-times.brightspotcdn.com/dims4/default/0cf8f24/2147483647/strip/true/crop/650x433+0+0/resize/1200x800!/quality/75/?url=https%3A%2F%2Fcalifornia-times-brightspot.s3.amazonaws.com%2F09%2F2f%2Fccf074d246069e2c60c87023023e%2Fla-fi-tesla-norway-20190523-2.jpg,-0.196097,Somewhat-Bearish,0.978386,-0.206325,Somewhat-Bearish
TSLA,Opinion: Fans of Tesla’s stock might find the car maker’s bonds a profitable investment,,https://www.marketwatch.com/story/fans-of-teslas-stock-might-find-the-car-makers-bonds-a-profitable-investment-2019-05-21?gaa_at=eafs&gaa_n=AWEtsqcz3S9WJ1Af82C8doyNJq9d9DRp3QP1jBtfBcPXEZ14wLI4VCqcQzX0&gaa_ts=6908032f&gaa_sig=tVW45mE09TmA_IkW74Y8_Xqx183T6JnB5HlO9LZaKFZdmYkUPh86yaboGCSRjAO41iU2jt3OSg0DZnGO-3QvHQ%3D%3D,MarketWatch,MarketWatch,20190523T100400,,0.246855,Somewhat-Bullish,1.000000,0.431784,Bullish
TSLA,Is it time to revive the rumors that Apple will buy Tesla? Here’s why one expert thinks so,"Marketing professor Scott Galloway believes that Tesla Inc. is ""coming undone"" and will be ripe for acquisition in the near future. He specifically suggests that Apple Inc. could be the acquiring company amidst Tesla's recent struggles. This revives long-standing rumors about a potential acquisition of the electric-car maker.",https://www.marketwatch.com/story/is-it-time-to-revive-the-rumors-that-apple-will-buy-tesla-heres-why-one-expert-thinks-so-2019-05-22?gaa_at=eafs&gaa_n=AWEtsqdDImu5gziZvQKQLvNvO8KzjZKkRWmEuyQrlVwPD3OA2tAtyDzR9G-z&gaa_ts=69080924&gaa_sig=psmQ6C0HJzuWGTY1uvZed9r4aCaFqO83pEo-5qh9GBI03vxPlej47SL4Bo_VAnpDT1MaPDymH--gFiZGIIUp6A%3D%3D,MarketWatch,MarketWatch,20190527T101900,,-0.121909,Neutral,0.962192,-0.308740,Somewhat-Bearish
TSLA,Tesla's Biggest Bull Just Posted Its Valuation Model -- and There's a Huge Flaw in It,"This article critiques ARK Invest's valuation model for Tesla, highlighting a significant flaw in its ""auto-only"" bear case. While ARK's bull case relies heavily on the future of autonomous robo-taxis, the author argues that the valuation method for the automotive segment alone is based on a ""ludicrous multiple"" that overstates Tesla's profitability compared to peers. The piece concludes that Tesla must disrupt the mobility industry beyond just car sales for the aggressive bull case to materialize.",https://www.fool.com/investing/2019/05/29/teslas-biggest-bull-just-posted-its-valuation-mode.aspx,The Motley Fool,The Motley Fool,20190530T144400,,-0.082593,Neutral,1.000000,-0.331651,Somewhat-Bearish
TSLA,"Tesla opens orders for made-in-China Model 3, lowers price","Tesla has begun taking orders for its made-in-China Model 3 vehicles, setting the base price at 328,000 yuan ($47,523), which is 49,000 yuan cheaper than imported versions. These cars will be built at Tesla's Gigafactory in Shanghai and are expected to be delivered within 6 to 10 months. The move aims to bolster Tesla's competitiveness in China, reduce delivery times, and avoid import tariffs amid trade tensions, especially after a significant drop in deliveries and share prices earlier this year.",https://www.detroitnews.com/story/business/autos/mobility/2019/05/30/tesla-opens-orders-made-china-model-lowers-price/39531595/,The Detroit News,The Detroit News,20190531T013145,,0.256204,Somewhat-Bullish,1.000000,0.294469,Somewhat-Bullish
TSLA,"Elon Musk Reveals Tesla Pickup Truck's Price: ‘Well Under $50,000’","Elon Musk has revealed the anticipated price point for Tesla's upcoming electric pickup truck, stating it will be ""well under $50,000,"" possibly starting at $49,000. This pricing strategy aims to challenge rivals like Rivian's R1T, which has a higher price tag, and target a broader demographic. Musk also detailed some expected features, including high towing capacity, long range, and advanced technology, positioning it against traditional pickups and sports cars.",https://www.ibtimes.com/elon-musk-reveals-tesla-pickup-trucks-price-well-under-50000-2797070,International Business Times,International Business Times,20190602T231100,,0.078141,Neutral,0.904169,0.282330,Somewhat-Bullish
TSLA,Tesla Faces Skepticism About Depth of Demand,"Tesla is facing skepticism regarding the depth of consumer demand for its vehicles after years of focusing on production. The company's first-quarter deliveries fell 31% compared to the previous quarter, raising concerns about its sales-growth goals and the market for its high-priced sedans. This slowdown challenges Tesla's previous growth narrative.",https://www.wsj.com/articles/tesla-careens-from-growth-story-to-demand-worries-11559564700?gaa_at=eafs&gaa_n=AWEtsqdUp7zVz7UEAIZs9s5hQfa6o2AqQsbCNBotrgAUecjAY6Ayj6m6D7se&gaa_ts=69080924&gaa_sig=KwYEWuvmADMvqAtIbkpQ3fK8NSzcznF-gLDu20u5QkNRhakSEOh0AV3NeB27--0nkazRxqXtKZtv7y1naIUr9g%3D%3D,The Wall Street Journal,The Wall Street Journal,20190603T013145,,-0.345364,Somewhat-Bearish,0.994503,-0.303852,Somewhat-Bearish
TSLA,"GM, FCA strike a deal with Tesla that consumers subsidize","General Motors and Fiat Chrysler Automobiles are purchasing federal greenhouse gas credits from Tesla to meet national emissions standards, a practice that industry observers argue is ultimately subsidized by consumers buying gasoline-powered cars. Tesla has earned nearly $2 billion from selling these regulatory credits since 2010, enabling traditional automakers to comply with environmental regulations. Critics suggest this system leads to higher car prices for everyone and provides significant subsidies to Tesla buyers through tax credits and avoided sales tax.",https://www.freep.com/story/money/cars/general-motors/2019/06/05/gm-fca-deal-tesla-consumers-subsidize/1338589001/,Detroit Free Press,Detroit Free Press,20190605T013145,,0.033441,Neutral,0.321684,0.004497,Neutral
TSLA,"Early on, Elon Musk gave Tesla a '10% chance of success'","Elon Musk revealed that he initially gave Tesla only a ""10% chance of success"" in its early days, feeling pessimistic about its prospects. He recounted the widespread skepticism about electric cars and highlighted numerous close calls where the company almost failed. Despite Tesla's current challenges, Musk remains committed to its mission of sustainable transport and energy generation.",https://www.cnbc.com/2019/06/06/early-on-elon-musk-gave-tesla-a-10percent-chance-of-success.html,CNBC,CNBC,20190606T111600,,-0.110661,Neutral,1.000000,-0.132715,Neutral
TSLA,Tesla’s delivery numbers change multiple times between filings,"Tesla's vehicle production and delivery numbers are frequently updated and changed after each quarter-end, raising concerns about the accuracy of its accounting practices. This issue is compounded by high turnover within the company's accounting department. These discrepancies could indicate weaknesses in Tesla's financial reporting and disclosure controls.",https://www.marketwatch.com/story/teslas-production-delivery-numbers-change-multiple-times-between-filings-2019-06-17?gaa_at=eafs&gaa_n=AWEtsqfwAQwalUoAvaF4vBDA_-NFrDsVCWzP_wELNW_n-5LRlvIiascC8lJI&gaa_ts=6908092b&gaa_sig=r9BKVCwUxRk7XhTXuSbij132SiT9PPG8JrXFrGzzFIfjFf-j-U4UfbiIodvjbH-XBhJmbmlr2FMOLoQm3vztYA%3D%3D,MarketWatch,MarketWatch,20190617T143900,,-0.426608,Bearish,1.000000,-0.429570,Bearish
TSLA,"Tesla Must Go ‘All Out’ to Set Deliveries Record, CEO Elon Musk Says","Tesla CEO Elon Musk has stated that the company is on track for a record-breaking quarter in vehicle deliveries, but will need an ""all out"" effort in the final days of the month to achieve it. Despite concerns about demand and a slump in share prices this year, Musk expressed confidence that Tesla can hit its delivery targets. The company is pushing to get cars to the right locations and fulfill orders before the end of the quarter.",https://www.ttnews.com/articles/tesla-must-go-all-out-set-deliveries-record-ceo-elon-musk-says,Transport Topics,Transport Topics,20190626T121500,,0.081119,Neutral,1.000000,0.080784,Neutral
TSLA,EV startup Lucid Motors snaps up Tesla’s former production executive,"Lucid Motors, an electric vehicle startup backed by Saudi Arabia’s sovereign wealth fund, has hired Peter Hochholdinger, Tesla's former top production executive, to lead its global manufacturing operations. This strategic hire comes as Lucid prepares to produce its first electric vehicle, the Lucid Air, and as Tesla faces ongoing production challenges with its Model 3 and upcoming Model Y. Hochholdinger's extensive experience from Audi and Tesla is expected to provide crucial institutional knowledge for Lucid's manufacturing efforts.",https://techcrunch.com/2019/07/01/ev-startup-lucid-motors-snaps-up-teslas-former-production-executive/,TechCrunch,TechCrunch,20190701T113300,,-0.099295,Neutral,0.997308,-0.125135,Neutral
TSLA,"TSLQ: Tradr 2X Short TSLA Daily ETF Latest Stock Price, Analysis, News and Trading Ideas","This page provides current information for TSLQ, the Tradr 2X Short TSLA Daily ETF. It includes the latest stock price data, such as volume, 52-week high/low, 50-day moving average, and previous close. Additionally, the page features sections for news, sentiment, fundamentals, and discussions related to TSLQ.",https://stocktwits.com/symbol/TSLQ,Stocktwits,Stocktwits,20190706T174053,,-0.175079,Somewhat-Bearish,0.854440,-0.199122,Somewhat-Bearish
TSLA,Former Tesla employee admits uploading Autopilot source code to his iCloud,"A former Tesla employee, Guangzhi Cao, admitted in a court filing to uploading Autopilot source code to his personal iCloud account in late 2018. Tesla has sued Cao for allegedly stealing trade secrets and taking them to Chinese EV startup Xiaopeng Motors (XPeng), where he is now the ""head of perception."" While Cao denies stealing sensitive information, he admits to creating backup copies and zip files of Autopilot source code, and deleting files and browser history before leaving Tesla.",https://www.theverge.com/2019/7/10/20689468/tesla-autopilot-trade-secret-theft-guangzhi-cao-xpeng-xiaopeng-motors-lawsuit-filing,The Verge,The Verge,20190710T222700,https://cdn.vox-cdn.com/thumbor/Pq_3P26-E_1x-FqF_CgGf22Vf0o=/0x146:2040x1214/fit-in/1200x630/cdn.vox-cdn.com/uploads/chorus_asset/file/13247065/acastro_180927_1777_tesla_0001.jpg,-0.009186,Neutral,0.927659,0.302109,Somewhat-Bullish
TSLA,5 Automobile ETFs That Could Rev Up,"This article explores five exchange-traded funds (ETFs) that offer exposure to the automotive sector, suggesting they could perform well if the global economy remains strong. It highlights both traditional auto ETFs and those focused on related industries like palladium for catalytic converters, lithium for EV batteries, and autonomous/electric vehicle technology. The article provides details on each ETF's expense ratio, holdings, and investment thesis.",https://investorplace.com/2019/07/5-auto-etfs-that-could-rev-up/,InvestorPlace,InvestorPlace,20190711T133000,https://investorplace.com/wp-content/uploads/2019/07/carz_etfs_1600.jpg,0.249195,Somewhat-Bullish,0.632986,0.339282,Somewhat-Bullish
TSLA,Tesla to Apple: Help us nail robocar-secrets thief,"Tesla is seeking Apple's help in a lawsuit against a former engineer accused of stealing confidential Autopilot files before joining Chinese startup XMotors.ai, a subsidiary of Xpeng. Both Tesla and Apple suspect their former autonomous technology engineers defected to Xpeng with proprietary information. Tesla has subpoenaed Apple, suggesting a shared interest in prosecuting alleged intellectual property theft by individuals moving to Xpeng.",https://www.detroitnews.com/story/business/autos/2019/07/11/tesla-apple-help-us-nail-robocar-secrets-thief/39678619/,The Detroit News,The Detroit News,20190711T234125,,0.021781,Neutral,0.908598,0.129891,Neutral
TSLA,"This new business from Amazon represents a '$100 billion opportunity,' Morgan Stanley says","Morgan Stanley estimates that Amazon's Project Kuiper, a planned network of 3,236 satellites to provide global high-speed internet, could represent a ""$100 billion opportunity."" This projection is based on the firm's expectation that the overall space economy will grow to over $1 trillion in the next 20 years. Project Kuiper positions Amazon to compete with companies like SpaceX in the race to build next-generation internet satellite networks, with analyst Adam Jonas highlighting Jeff Bezos's increasing financial commitment to space ventures through Blue Origin.",https://www.cnbc.com/2019/07/15/morgan-stanley-amazon-project-kuiper-could-be-a-100-billion-business.html,CNBC,CNBC,20190715T132500,,0.141973,Neutral,0.647017,0.037394,Neutral
TSLA,Tesla’s latest Model 3 price cut reinforces doubts about demand for its vehicles,"Tesla Inc. has reduced the base price of its Model 3 sedan in the U.S. following a halving of federal tax credits, sparking concerns about sustained sales without incentive support. Analysts suggest the price cuts are to maintain demand amidst declining average selling prices and a shift towards the more affordable Model 3. Tesla has also adjusted prices for vehicles shipped to China and streamlined its global vehicle lineup.",https://www.latimes.com/business/story/2019-07-16/teslas-latest-model-3-price-cut,Los Angeles Times,Los Angeles Times,20190716T125500,,-0.406801,Bearish,1.000000,-0.408160,Bearish
TSLA,Lotus Evija hypercar revealed,,https://www.carsales.com.au/editorial/details/lotus-evija-hypercar-revealed-119518/,Carsales,Carsales,20190717T004640,,0.278659,Somewhat-Bullish,0.601781,0.132160,Neutral
TSLA,GM's driverless-taxi delay shows hype may outpace reality,"General Motors Co.'s autonomous-vehicle unit, GM Cruise LLC, has indefinitely delayed its plan to deploy driverless taxis in San Francisco, acknowledging that the technology isn't yet ready due to engineering and safety concerns. This delay fuels skepticism about the rapid deployment of self-driving cars and highlights the challenges in building public trust after recent accidents involving autonomous vehicles. Experts suggest that a cautious approach is necessary, as widespread deployment suitable for all conditions could still be 15 years away.",https://www.detroitnews.com/story/business/autos/general-motors/2019/07/24/gm-delays-driverless-taxis-over-safety-concerns/1813618001/,The Detroit News,The Detroit News,20190724T002720,,-0.236719,Somewhat-Bearish,0.618941,-0.220829,Somewhat-Bearish
TSLA,Tesla Tech Chief’s Exit Is Latest High-Profile Departure,"Tesla Inc. shares fell significantly after a disappointing earnings report and the announcement that longtime Chief Technology Officer JB Straubel is leaving to take on an advisory role. Investors were unnerved by a bigger-than-expected second-quarter loss, despite the company reiterating its vehicle delivery guidance. Drew Baglino is taking over Straubel's responsibilities, a move anticipated by some observers.",https://www.wsj.com/articles/tesla-tech-chiefs-exit-is-latest-high-profile-departure-11564052982?gaa_at=eafs&gaa_n=AWEtsqd9u5RJgAvXYggSiuguWanNUHUPRnWsvN9mDwcT9I87A--PhM91vFvb&gaa_ts=69080936&gaa_sig=zhrUSTsoOckjGzWj-jTbdwlkvq4__AeigcZuaf8725Wqy6FQ2y8Ye9wVkaRX9qJn-7vS8lA83SkrSkXmLu8WZw%3D%3D,The Wall Street Journal,The Wall Street Journal,20190725T013146,,-0.263697,Somewhat-Bearish,1.000000,-0.298650,Somewhat-Bearish
TSLA,EV tax credit fight sparks lobbying frenzy,"Automakers, electric utilities, and environmentalists are intensely lobbying to extend the federal EV tax credit through the ""Driving America Forward Act,"" arguing it's crucial for market growth and emissions reduction. This effort faces strong opposition from the oil industry and conservative groups who view the credit as an unnecessary subsidy. The debate highlights the economic and environmental stakes involved in shaping the future of electric vehicle adoption in the US.",https://www.eenews.net/articles/ev-tax-credit-fight-sparks-lobbying-frenzy/,E&E News by POLITICO,E&E News by POLITICO,20190731T071800,,0.109394,Neutral,1.000000,0.231151,Somewhat-Bullish
TSLA,Clean Energy Stocks & ETFs For Socially Conscious Investors,"As social responsibility gains prominence, both corporations and private investors are seeking ways to align their assets with their values, particularly in the clean energy sector. This article highlights UPS's significant commitment to renewable natural gas and suggests various clean energy ETFs like TAN, ICLN, and QCLN as smart investment choices for socially conscious investors. These ETFs offer exposure to solar, wind, and other emerging clean energy technologies.",https://www.etftrends.com/smart-beta-channel/clean-energy-stocks-and-etfs-for-socially-conscious-investors/,ETF Trends,ETF Trends,20190802T000153,,0.287155,Somewhat-Bullish,0.620076,0.182380,Somewhat-Bullish
TSLA,Newly formed Lordstown Motors Corp. moves on plans to buy GM plant,"Newly formed Lordstown Motors Corp., founded by Workhorse Group Inc. founder Steve Burns, is working to purchase General Motors Co.'s Lordstown plant. The company aims to raise $300 million to repurpose the plant for building electric commercial pickups and potentially U.S. Postal Service delivery trucks. The plan faces hurdles, including the need for UAW consent and skepticism about Lordstown Motors' financial capacity, given Workhorse's past sales figures.",https://www.detroitnews.com/story/business/autos/general-motors/2019/08/02/new-lordstown-motors-makes-moves-buy-gm-plant/1881561001/,The Detroit News,The Detroit News,20190802T002718,,0.104895,Neutral,0.642828,0.141349,Neutral
TSLA,Tesla scrutinized by U.S. agency over Model 3 safety claims,"The U.S. National Highway Traffic Safety Administration (NHTSA) scrutinized Tesla over Model 3 safety claims, issuing a cease-and-desist letter regarding the company's advertising statements about the vehicle's injury probability. NHTSA also subpoenaed Tesla for information on several crashes, including one involving Autopilot. The agency stated that Tesla's claims were inconsistent with its advertising guidelines and had previously raised similar issues with the Model S.",https://www.latimes.com/business/story/2019-08-07/tesla-nhtsa-model-3-safety,Los Angeles Times,Los Angeles Times,20190807T121100,https://www.latimes.com/to_replace_with_actual_image_link.jpg,-0.389531,Bearish,1.000000,-0.427520,Bearish
TSLA,Tesla has a huge incentive to deploy self-driving tech. But is the world ready?,"Tesla is aggressively pushing to deploy its Full Self-Driving (FSD) technology, driven by both Elon Musk's vision of a moral imperative and the financial incentive of unlocking hundreds of millions in deferred revenue. However, this aggressive timeline raises concerns among auto industry executives and safety advocates about premature deployment leading to accidents, damaging public trust, and confusing consumers about the technology's actual capabilities. The article questions whether Tesla's FSD is truly ready and highlights the lack of clarity surrounding its functionality and regulatory challenges.",https://www.latimes.com/business/story/2019-08-08/tesla-full-self-driving-fsd-technology,Los Angeles Times,Los Angeles Times,20190809T060000,,-0.054596,Neutral,0.970172,-0.206010,Somewhat-Bearish
TSLA,"ARK Invest CEO Cathie Wood: ""We're Pretty Excited About Tesla""","ARK Invest CEO Cathie Wood expressed strong excitement for Tesla (TSLA) despite negative market sentiment, highlighting its potential for increasing gross margins and its lead in autonomous technology. She believes the market undervalues Tesla compared to competitors like Google's Waymo and predicts that tech companies will dominate the autonomous sector. Wood also noted the market's inability to properly value Tesla, contrasting it with past tech bubbles.",https://www.etftrends.com/innovative-etfs-channel/ark-invest-ceo-cathie-wood-pretty-excited-about-tesla/,ETF Trends,ETF Trends,20190813T003623,,0.497833,Bullish,0.921942,0.504652,Bullish
TSLA,Is Tesla’s executive turnover really high? This analyst sets out to find the answer,"A Bernstein analysis suggests that Tesla Inc. experiences a significantly higher rate of executive turnover compared to similar companies. The analysis indicates that churn among top echelons at the Silicon Valley car manufacturer is ""dramatically higher."" This follows scrutiny on Wall Street regarding employee departures, highlighted by the recent exit of CTO J.B. Straubel.",https://www.marketwatch.com/story/is-teslas-executive-turnover-really-high-this-analyst-sets-out-to-find-the-answer-2019-08-14?gaa_at=eafs&gaa_n=AWEtsqcEJdKToPFKSZVtEy0G_YZGU-sCfRtERRFWlPOgQMq8d-nyO15wm4jG&gaa_ts=69080927&gaa_sig=OM-BYG624i3F1AhNRI1SApv_FaOP_f3f3S8BRxlFI93DASR7u8ZLnmiF0uH8Dt8TOw3RVO5Ik1hW1MPd22uMfQ%3D%3D,MarketWatch,MarketWatch,20190814T125000,,-0.222869,Somewhat-Bearish,1.000000,-0.245458,Somewhat-Bearish
TSLA,Walmart Says Tesla Solar Panels Set Fires Atop Stores (Published 2019),"Walmart is suing Tesla for breach of contract, alleging that at least seven rooftop fires at its stores between 2012 and 2018 were due to faulty solar panels installed by Tesla's solar business. The lawsuit contends ""widespread, systemic negligence"" in the installation and maintenance of solar systems at over 200 Walmart locations. Walmart is seeking damages and the removal of all Tesla solar power systems from its stores.",https://www.nytimes.com/2019/08/20/business/walmart-tesla-lawsuit-fires.html,The New York Times,The New York Times,20190820T014115,,-0.656962,Bearish,0.849373,-0.741788,Bearish
TSLA,ElectraMeccanica hires former Tesla program manager David Neace as sales director,"ElectraMeccanica Vehicles Corp has appointed David Neace, a former Tesla program manager, as its new director of sales. Neace will be responsible for establishing the corporate dealership network, developing fleet sales, and increasing market presence for the company's compact electric vehicle, the SOLO. The SOLO, a three-wheel, one-seater EV costing $16,250, is set to be released in Los Angeles later this year.",https://www.proactiveinvestors.com/companies/news/901159/electrameccanica-hires-former-tesla-program-manager-david-neace-as-sales-director-901159.html,Proactive financial news,Proactive financial news,20190820T104000,,0.227724,Somewhat-Bullish,0.747991,0.120339,Neutral
TSLA,"Tesla solar panels caused fires at 7 Walmart stores, retailer alleges","Walmart Inc. has sued Tesla Inc., alleging that faulty solar panels installed by Tesla's energy unit caused fires at seven of its stores. Walmart claims Tesla exhibited ""widespread, systemic negligence"" and failed to adhere to industry standards in installation, operation, and maintenance. The retailer is seeking for Tesla to remove all panels from its stores and pay damages.",https://www.latimes.com/business/story/2019-08-20/tesla-solar-panels-caused-fires-at-7-walmart-stores-retailer-alleges,Los Angeles Times,Los Angeles Times,20190820T155800,https://ca-times.brightspotcdn.com/dims4/default/972dd47/2147483647/strip/true/crop/2999x2000+0+0/resize/1200x800!/quality/75/?url=https%3A%2F%2Fcalifornia-times-brightspot.s3.amazonaws.com%2F09%2F25%2Fd3809fb2461aac4ba7d86f9919f2%2Fet-solar-power-financing-20170425.jpg,-0.283492,Somewhat-Bearish,1.000000,-0.408189,Bearish
TSLA,Trump attacks Ford Motor for not backing fuel economy rollback,"President Trump criticized Ford Motor Co. for backing a deal with California on stricter fuel economy standards, calling their executives ""foolish"" for not supporting his administration's plan to roll back Obama-era rules. Ford, along with Honda, BMW, and Volkswagen, reached a voluntary agreement with California, which has fuel efficiency rules stricter than Trump's proposal but looser than Obama's. Environmentalists and many states reject Trump's analysis that his proposed rule would boost vehicle safety or dramatically reduce car prices, arguing it would increase greenhouse gas emissions and oil consumption.",https://www.reuters.com/article/business/trump-attacks-ford-motor-for-not-backing-fuel-economy-rollback-idUSKCN1VB1TV/,Reuters,Reuters,20190822T031800,https://www.reuters.com/resizer/v2/https%3A%2F%2Fcloudfront-us-east-2.images.arcpublishing.com%2Freuters%2FWWLYD6L4V5LBPEI3R3EBF22LCI.jpg?auth=d0ea184081c7f9999321e06fe3f62804b08d24921f008f10738d82f7c00e120d&amp;width=1200&amp;height=628&amp;smart=true,0.058457,Neutral,0.561942,0.062515,Neutral
TSLA,Teardown: Tesla Model 3 center touchscreen display (2017-19 model),"This article provides a teardown analysis of the Tesla Model 3's center touchscreen display (2017-19 model), highlighting its key specifications, major components, and manufacturing cost. The display, supplied by LG Display, serves as the central control for almost all vehicle functions. The analysis identifies various semiconductor components from companies like Cypress Semiconductor, Texas Instruments, Renesas Electronics, and Rohm Co Ltd.",https://electronics360.globalspec.com/article/14039/teardown-tesla-model-3-center-touchscreen-display-2017-19-model,Electronics360,Electronics360,20190823T004642,,0.177918,Somewhat-Bullish,0.944434,0.306315,Somewhat-Bullish
TSLA,Philly unions worked to keep Tesla Solar out of the city. Now Walmart sues Tesla for solar panels that set its stores on fire.,"Walmart Inc. has sued Tesla Inc. over solar panels installed by Tesla Solar, alleging shoddy workmanship led to seven fires at Walmart stores across several states and threatened 241 other stores. This lawsuit challenges claims of renewable energy promotion by both companies and casts a negative light on Tesla, which has been facing financial difficulties and executive departures. Interestingly, Philadelphia unions had previously prevented Tesla Solar from operating in the city.",https://www.inquirer.com/business/walmart-tesla-fires-stores-lawsuit-unions-philadelphia-20190825.html,Inquirer.com,Inquirer.com,20190825T055900,,-0.620815,Bearish,0.946364,-0.635066,Bearish
TSLA,"Tesla, the data company","This article highlights Tesla's unique approach to leveraging artificial intelligence and machine learning, positioning it as a leading ""data company"" rather than just an automaker. It details how Tesla uses data from its 600,000 vehicles on the road to continuously train and improve its neural networks for autonomous driving, emphasizing its ""shadow mode"" testing and significant lead in accumulated real-world driving data compared to competitors. The piece also discusses the future of Mobility as a Service (MaaS) and Tesla's strategic entry into this market.",https://www.cio.com/article/220555/tesla-the-data-company.html,www.cio.com,www.cio.com,20190828T013146,,0.408699,Bullish,1.000000,0.439983,Bullish
TSLA,Tesla just started selling auto insurance,"Tesla has launched its own auto insurance program in California, aiming to offer rates up to 30% lower than traditional insurers due to its extensive knowledge of its vehicles. This move could also support CEO Elon Musk's vision of a future fleet of driverless taxis, which would require commercial insurance coverage. The company sees this as a new revenue stream, despite its recent financial losses, and plans to expand nationwide, initially covering personal use with commercial policies to follow.",https://www.latimes.com/business/story/2019-08-28/tesla-is-selling-car-insurance-to-owners-of-its-vehicles-in-california,Los Angeles Times,Los Angeles Times,20190829T154800,,0.025607,Neutral,1.000000,0.021379,Neutral
TSLA,Tesla batteries are keeping Zimbabwe’s economy running,"Zimbabwe is relying on Tesla's Powerwall batteries to combat severe daily power outages, which are essential for maintaining the country's economy that heavily depends on mobile and digital transactions. Mobile phone operator Econet is deploying 520 Powerwall batteries across its base stations, with plans to expand this solution to other power-starved African nations. These $6,500 lithium-ion batteries, charged by solar energy, can power a station for up to 10 hours, providing a critical alternative to scarce diesel generators.",https://www.aljazeera.com/economy/2019/9/2/tesla-batteries-are-keeping-zimbabwes-economy-running,Al Jazeera,Al Jazeera,20190902T013146,,0.629165,Bullish,1.000000,0.627035,Bullish
TSLA,"Howes: Amid auto talks, Ford lays claim to being 'America's auto company'","Amid upcoming UAW contract talks, Ford Motor Co. is strategically emphasizing its position as ""America's auto company,"" contrasting with competitors like GM which build more vehicles abroad. Executive Chairman Bill Ford highlighted that Ford builds more vehicles and employs more hourly workers in the U.S. than any other automaker. This positioning is seen as an asset in negotiations and a defense against potential political criticism, as Ford leads in U.S. production and exports while minimizing non-NAFTA imports compared to GM and FCA.",https://www.detroitnews.com/story/business/columnists/daniel-howes/2019/09/06/ford-claims-title-americas-automaker/2221334001/,The Detroit News,The Detroit News,20190906T001658,,0.083564,Neutral,0.616140,0.055867,Neutral
TSLA,Tesla and insurance - Everything you need to know,"This article details Tesla's foray into the auto insurance industry with the launch of Tesla Insurance, aiming to offer lower rates to its vehicle owners. It covers the motivations behind this move, including high traditional insurance premiums for Teslas, and the initial rollout in California. The piece also includes reactions from insurance industry experts and giants like Warren Buffett, who expressed skepticism, alongside views supporting Tesla's initiative due to its advanced safety technology.",https://www.insurancebusinessmag.com/us/guides/tesla-and-insurance--everything-you-need-to-know-177272.aspx,Insurance Business America,Insurance Business America,20190906T013144,,0.081784,Neutral,1.000000,0.112470,Neutral
TSLA,"ARK Industrial ETF Morphing Into Autonomous Tech, Robotics ETF","The ARK Industrial Innovation ETF (ARKQ) is changing its name to ""ARK Autonomous Technology & Robotics ETF"" to reflect its updated investment objective. This change allows the $172 million fund to focus more on the fast-growing robotics and artificial intelligence markets, aligning with ARK Investment Management's strategy of investing in disruptive innovation. The rebranding emphasizes autonomous vehicles, robotics, 3D printing, and energy storage technologies, with a particular focus on the automated future.",https://www.etftrends.com/tactical-allocation-channel/ark-industrial-etf-will-morph-into-autonomous-tech-robotics-etf/,ETF Trends,ETF Trends,20190909T234713,NULL,0.229585,Somewhat-Bullish,0.726828,0.308916,Somewhat-Bullish
TSLA,Ford Reveals Electrified Vehicle Line-Up that will Surpass Conventional Petrol and Diesel by 2022,"Ford unveiled its most comprehensive line-up of electrified vehicles at the Frankfurt Motor Show, anticipating that electrified models will surpass conventional petrol and diesel sales in Europe by the end of 2022. The company plans to launch 17 electrified vehicles in Europe by 2024, including mild-hybrid, full-hybrid, plug-in hybrid, and all-electric options. Ford is also partnering with energy suppliers and NewMotion to provide seamless charging solutions, including home wall box installations, green energy tariffs, and access to over 118,000 public charging points across Europe.",https://media.ford.com/content/fordmedia/feu/en/news/2019/09/10/Frankfurt-2019.html,Ford From the Road,Ford From the Road,20190910T001657,,0.330825,Somewhat-Bullish,0.598984,0.235252,Somewhat-Bullish
TSLA,General Motors vs. Tesla: Software Engineer Pay,"This article compares software engineer salaries at General Motors and Tesla, highlighting the significant pay gap. It discusses the competitive landscape for autonomous driving talent and notes that tech companies like Facebook, Amazon, and Google offer substantially higher compensation packages, posing a challenge for traditional auto manufacturers like GM in attracting top talent. The piece underscores the ""talent war"" in the autonomous vehicle space and the necessity of high compensation to secure skilled engineers.",https://www.dice.com/career-advice/general-motors-tesla-software-engineer,Dice,Dice,20190917T002720,,0.035386,Neutral,0.903791,0.126221,Neutral
TSLA,"Tesla, Elon Musk found to have engaged in unfair labor practices with rules and tweet","A judge has ruled that Tesla Inc. and CEO Elon Musk engaged in unfair labor practices by attempting to impede union organizing efforts at its Fremont, California, factory. The ruling specifies that Tesla established rules against labor law, unfairly terminated employees, interrogated them about union activities, and suggested joining a union would be futile. Musk is required to read the findings aloud to employees at the factory.",https://www.marketwatch.com/story/tesla-elon-musk-found-to-have-engaged-in-unfair-labor-practices-with-rules-and-tweet-2019-09-27?gaa_at=eafs&gaa_n=AWEtsqdbDFOEBFEFhRpzocwUoj8ugzYuelEJMvsXlc8HHGAcXgxRUW-kRcJR&gaa_ts=69080929&gaa_sig=CzzgfwACiIHhBzEAq9aRK32Z4Vc0AcTUenzH-CuC4-sW86dqH_nlQ8NNj7ABKUW9hG9--MAxUF8XITxZJA2Rfg%3D%3D,MarketWatch,MarketWatch,20190929T124700,,-0.707438,Bearish,1.000000,-0.740698,Bearish
TSLA,China’s Tesla Rival Just Had a Nightmare Week. It May Get Worse,"NIO Inc. investors are facing more bad news as Sanford C. Bernstein slashed its price target for the Chinese electric-vehicle maker to 90 cents from $1.70, the first to go below $1. The company has lost over 70% of its market capitalization since its IPO a year ago, with shares falling as much as 13% on Monday after a 42% slide last week. The new price target is almost 50% below its current price.",https://www.bloomberg.com/news/articles/2019-09-30/after-nio-s-nightmare-week-bernstein-sees-stock-rout-worsening,Bloomberg.com,Bloomberg.com,20190930T065700,,-0.444136,Bearish,0.646958,-0.123950,Neutral
TSLA,Sigma Lithium Announces a Positive Feasibility Study with,"Sigma Lithium announced positive results for its Feasibility Study on the Xuxa deposit, projecting a life-of-mine net revenue of US$1.4 billion and an EBITDA of US$690 million. The study highlights an after-tax NPV of US$249 million and low operating costs of US$238 per tonne for battery-grade lithium concentrate, positioning the Project as economically compelling. The company plans to commence detailed engineering soon, with construction targeting March 2020, aiming for full operational status as a sustainable lithium producer by 2021.",https://www.globenewswire.com/news-release/2019/10/01/1923210/0/en/Sigma-Lithium-Announces-a-Positive-Feasibility-Study-with-Forecast-LOM-Net-Revenue-of-US-1-4-Billion-and-EBITDA-of-US-690-Million-for-the-High-Grade-Low-Cost-Xuxa-Deposit.html,GlobeNewswire,GlobeNewswire,20191001T074300,,0.406433,Bullish,0.637327,0.214063,Somewhat-Bullish
TSLA,Lithium at two-year low hobbles US bid to loosen China’s grip on market,"Low lithium prices, currently at a two-year low, are hindering efforts by US miners to establish a domestic lithium supply chain and challenge China's dominance in the market. While financing new mines is challenging due to falling prices and stricter regulations, analysts predict a significant increase in lithium demand by 2023, potentially leading to a market deficit that major producers alone cannot fulfill. Companies like Piedmont Lithium and Standard Lithium are pursuing new technologies and projects in the US, but face hurdles in securing funding and approvals to meet future battery manufacturing needs.",https://www.mining.com/web/lithium-at-two-year-low-hobbles-us-bid-to-loosen-chinas-grip-on-market/,Mining.com,Mining.com,20191001T125900,,0.052409,Neutral,0.738491,0.131040,Neutral
TSLA,Four Emerging Transportation Trends that Could Change the Future of Shipping,"This article explores four emerging transportation trends—Hyperloop, Uber Freight, Autonomous Vehicles, and Precision Scheduled Railroading—and their potential impacts on freight shipping. It discusses how each technology or operational change could transform the industry, addressing challenges like driver shortages and efficiency while also acknowledging their current limitations and future possibilities. The piece suggests that while some advancements are still nascent, others like modernized rail systems already offer reliable and evolving shipping solutions.",https://www.up.com/customers/track-record/tr100819-emerging-transportation-trends.htm,Union Pacific,Union Pacific,20191005T013218,,0.144085,Neutral,0.611444,0.136486,Neutral
TSLA,Tesla Needs Its Battery Maker. A Culture Clash Threatens Their Relationship.,,https://www.wsj.com/articles/tesla-needs-its-battery-maker-a-culture-clash-threatens-their-relationship-11570550526?gaa_at=eafs&gaa_n=AWEtsqeb3QznBT-G11G2lun1agRGs0FYJ7TLJDvV12WK1rXMzpvur69reDhW&gaa_ts=69080933&gaa_sig=eqRPUxMTh8YI_DwzFFupgLILQh6qORMaZyfJBLuVivURpIhncdOknNFbd-Xc-11IGjbAegEtaN0xoM3EMYEnMA%3D%3D,The Wall Street Journal,The Wall Street Journal,20191008T120200,,-0.337809,Somewhat-Bearish,1.000000,-0.329562,Somewhat-Bearish
TSLA,Hydrogen power: Toyota takes on Tesla with alternative fuel,"Toyota has unveiled a redesigned hydrogen-power fuel cell car, the Mirai, aiming to revive demand for the technology and compete with battery-powered electric vehicles from companies like Tesla. Despite the environmental benefits of fuel cells, their market adoption has been hindered by a lack of refueling stations and safety concerns. Toyota hopes its new ""fun to drive"" model, with improved range and lower production costs, will attract buyers, though it faces an uphill battle against the booming electric car market.",https://www.aljazeera.com/economy/2019/10/11/hydrogen-power-toyota-takes-on-tesla-with-alternative-fuel,Al Jazeera,Al Jazeera,20191011T013144,,-0.02582,Neutral,0.893927,-0.227405,Somewhat-Bearish
TSLA,Brand Breakdown 002 TESLA,,https://www.lexology.com/library/detail.aspx?g=c333adfb-3d1e-4eef-9415-6cf290a3071c,Lexology,Lexology,20191017T013146,,0.263165,Somewhat-Bullish,0.956676,0.421798,Bullish
TSLA,"Rio to produce lithium in California, joining electric car battery race","Rio Tinto Group is beginning pilot production of lithium in California, utilizing waste piles from a 90-year-old mining site in Boron to produce lithium carbonate for electric car batteries. This initiative positions Rio to potentially become the largest domestic supplier of battery-grade lithium in the U.S., with plans for a significant expansion if trials continue to be successful. The move highlights the company's commitment to the electric vehicle battery market, despite competitors focusing on other commodities and a recent dip in lithium prices.",https://www.detroitnews.com/story/business/autos/2019/10/22/rio-produce-lithium-california-joining-electric-car-battery-race/40378651/,The Detroit News,The Detroit News,20191022T234626,,0.124575,Neutral,0.710266,0.149853,Neutral
TSLA,Tesla Stock Is on Fire and Shorts Are Feeling the Heat,"Tesla Inc. (TSLA) shares surged over 20% after the company reported better-than-expected Q3 earnings, returned to profitability, and had positive free cash flow. This positive news created significant heat for short sellers, wiping out a large portion of their year-to-date profits, as many had been betting against the company. Although short interest has been decreasing, the rally is described more as a ""lingering hug"" rather than a classic short squeeze due to the gradual nature of short covering.",https://www.investopedia.com/tesla-shorts-shrink-their-positions-4774048,Investopedia,Investopedia,20191024T070900,,0.324938,Somewhat-Bullish,1.000000,0.472309,Bullish
TSLA,Stopping Global Warming Will Cost $50 Trillion: Morgan Stanley Report,"A Morgan Stanley report estimates that $50 trillion in investment will be needed over the next three decades to stop global warming and achieve net-zero carbon emissions by 2050. This monumental investment will be allocated across five key areas of zero-carbon technology: renewables, electric vehicles, carbon capture and storage, hydrogen, and biofuels. The report also highlights specific companies poised to benefit from this spending and cautions about significant global GDP loss if climate targets are not met.",https://www.forbes.com/sites/sergeiklebnikov/2019/10/24/stopping-global-warming-will-cost-50-trillion-morgan-stanley-report/,Forbes,Forbes,20191024T140800,,0.139058,Neutral,0.819314,0.303138,Somewhat-Bullish
TSLA,"Elon Musk makes good on Tesla ‘short burn of the century,’ 18 months later","Tesla Inc.'s surprise quarterly profit led to a significant surge in its stock price, impacting short sellers with $1.36 billion in mark-to-market losses. This event fulfills Elon Musk's ""short burn of the century"" prediction from May 2018, eighteen months later than his tweet. The stock rally caused a sharp turnabout for bears who had previously seen profitable short positions against Tesla.",https://www.latimes.com/business/story/2019-10-24/elon-musk-makes-good-on-tesla-short-burn-of-the-century-18-months-later,Los Angeles Times,Los Angeles Times,20191024T144400,https://ca-times.brightspotcdn.com/dims4/default/1f3c3a9/2147483647/strip/true/crop/3831x2554+0+0/resize/1200x800!/quality/75/?url=https%3A%2F%2Fcalifornia-times-brightspot.s3.amazonaws.com%2F09%2F28%2F8f2a9e554109867af7c6d66e768e%2Fla-photos-1-sitemob-1114562-me-musk-b-1.jpg,0.088902,Neutral,1.000000,0.427722,Bullish
TSLA,"Tesla confirms Model Y ahead of schedule, launch in summer 2020","Tesla has officially moved up the launch of its Model Y electric crossover to summer 2020, with production potentially starting as early as next year. This acceleration is partly due to efficiencies gained from building Gigafactory Shanghai, where trial production for the Model 3 has also begun ahead of schedule. The company reported a profitable quarter, strengthened Model 3 gross margins, and plans for limited volumes of the Tesla Semi in 2020, while expecting to exceed 360,000 global deliveries in 2019.",https://fox47.com/news/auto-matters/tesla-confirms-model-y-ahead-of-schedule-launch-in-summer-2020,WMSN,WMSN,20191025T102200,,0.460372,Bullish,1.000000,0.464147,Bullish
TSLA,Inside Tesla’s exclusive charging lounge,"Tesla has created an exclusive charging lounge in Kettleman City, California, offering a premium, members-only experience to its owners while their vehicles charge. This lounge provides amenities like high-end vending machines, coffee, and a clean, clubby atmosphere, selling customers on the Tesla brand and lifestyle. While some owners appreciate the luxury and community feel, others question the long-term necessity of such lounges as charging times become shorter.",https://www.eenews.net/articles/inside-teslas-exclusive-charging-lounge/,E&E News by POLITICO,E&E News by POLITICO,20191028T072900,,0.086609,Neutral,1.000000,0.408726,Bullish
TSLA,Tesla Model 3 Owners Tell Us What Elon Musk Got Right and Wrong,"A comprehensive survey of nearly 5,000 Tesla Model 3 owners by Bloomberg reveals a significant improvement in the car's quality, with defects nearly halved. While early models faced issues like paint and misaligned panels, owner satisfaction remains high for performance and design, although some software features received criticism. The survey aims to track Tesla's manufacturing consistency as it transitions to a high-volume global producer.",https://www.bloomberg.com/graphics/2019-tesla-model-3-survey/,Bloomberg.com,Bloomberg.com,20191029T050000,,0.110303,Neutral,1.000000,0.223121,Somewhat-Bullish
TSLA,Elon Musk says shifting SolarCity workers helped Tesla stay afloat,"Elon Musk stated that he redirected SolarCity employees to work on the Model 3 program to prevent Tesla's bankruptcy, a revelation made during a lawsuit over Tesla's 2016 acquisition of SolarCity. He admitted that hindsight suggests letting SolarCity execute independently might have been better due to the immense difficulty of the Model 3 program. The article also details the ongoing shareholder lawsuit and Musk's combative deposition regarding the SolarCity deal's alleged bailout nature.",https://www.detroitnews.com/story/business/autos/2019/10/30/elon-musk-says-shifting-solarcity-workers-helped-tesla-stay-afloat/40496719/,The Detroit News,The Detroit News,20191030T013146,,0.062129,Neutral,1.000000,0.149049,Neutral
TSLA,"Tesla’s solar-roof sales will grow ‘like kelp on steroids,’ Musk vows","Tesla CEO Elon Musk predicts explosive growth for the company's solar-roof sales, comparing it to ""kelp on steroids."" He announced plans to install 1,000 solar roofs per week within months, marking a significant push into the energy sector alongside Tesla's electric vehicle business. The new $35,000 solar roofs are a key part of this expansion, demonstrating Tesla's ambition to integrate sustainable energy solutions into homes.",https://www.marketwatch.com/story/teslas-solar-roof-sales-will-grow-like-kelp-on-steroids-musk-vows-2019-10-27?gaa_at=eafs&gaa_n=AWEtsqd6LOnaJPPYGOQlWIah55PL1zVpb8U_v2YnQmhhn-QOuoprZFBKuQKD&gaa_ts=69080922&gaa_sig=DTWfeKtNpZ5rYtAF-ipqFNWPZdWon6ZQEO6lEXBi1w7fVaOKP98c3wOSF0hYnbTodlALdAt82VxQ0vVrRqOvFw%3D%3D,MarketWatch,MarketWatch,20191030T102000,,0.417619,Bullish,1.000000,0.434886,Bullish
TSLA,Tesla Reaches Preliminary Battery-Supply Deal With CATL,"Tesla Inc. has reportedly reached a preliminary, non-binding agreement with CATL to supply batteries for its cars made in China starting next year. The companies are also discussing expanding their relationship globally, following a meeting between Elon Musk and CATL Chairman Zeng Yuqun in August. A final agreement is anticipated by mid-2020.",https://www.bloomberg.com/news/articles/2019-11-05/tesla-is-said-to-reach-preliminary-battery-supply-deal-with-catl,Bloomberg.com,Bloomberg.com,20191105T203000,,0.326199,Somewhat-Bullish,1.000000,0.308084,Somewhat-Bullish
TSLA,GM sells its Lordstown Assembly plant to electric truck start-up,"General Motors has sold its Lordstown Assembly plant in Ohio to Lordstown Motors, an investment group backed by electric truck maker Workhorse Group. Lordstown Motors plans to build the Endurance electric pickup at the facility, aiming for fleet sales and using experienced workers. GM also announced plans for a battery cell plant in the area, potentially creating more jobs, while Lordstown Motors and Workhorse have an intellectual property licensing agreement for the truck.",https://www.freep.com/story/money/cars/general-motors/2019/11/07/gm-lordstown-assembly-workhorse/2521887001/,Detroit Free Press,Detroit Free Press,20191107T002719,,0.103957,Neutral,0.646490,0.126872,Neutral
TSLA,Nio Could Be In For More Pain As Industry Association Issues Bleak EV Sales Forecast,"Nio (NIO) shares dropped after the China Association of Automobile Manufacturers (CAAM) reported a significant year-over-year decline in electric vehicle sales for the fourth consecutive month in October. This bleak forecast, attributed to weaker consumer demand and reduced subsidies, suggests continued pressure on the NEV market in China, despite Nio's recent individual sales rebound.",https://finance.yahoo.com/news/nio-could-more-pain-industry-201720167.html,Yahoo Finance,Yahoo Finance,20191111T005641,,-0.052095,Neutral,0.580114,0.127050,Neutral
TSLA,An ETF to Consider as Alphabet Shuts Down Self-Driving Car Project,"Alphabet's Waymo is relocating its Austin self-driving car operations to Detroit and Phoenix due to challenges in commercializing the technology. This move comes after Morgan Stanley cut Waymo's valuation by 40%. Despite these setbacks, investors can still tap into the self-driving and electric vehicle market through the iShares Self-Driving EV and Tech ETF (NYSEArca: IDRV).",https://www.etftrends.com/innovative-etfs-channel/an-etf-to-consider-as-alphabet-shuts-down-self-driving-car-project-in-austin-texas/,ETF Trends,ETF Trends,20191111T012637,NULL,-0.084731,Neutral,0.600028,0.103722,Neutral
TSLA,SmartETFs Launch Smart Transportation & Technology ETF ‘MOTO’,"SmartETFs Funds has launched a new actively managed ETF, the SmartETFs Smart Transportation & Technology ETF (MOTO), which invests in companies benefiting from the transportation revolution, including electric and autonomous vehicles. The ETF is fully transparent, invests globally in approximately 35 equally weighted positions, and aims for long-term capital appreciation. CEO Jim Atkinson emphasizes that active management is crucial to adapt to the rapidly changing technology landscape, acknowledging the difficulty in predicting long-term winners in this competitive sector.",https://www.etftrends.com/innovative-etfs-content-hub/smartetfs-launch-smart-transportation-technology-etf-moto/,ETF Trends,ETF Trends,20191115T075752,https://www.etftrends.com/wp-content/uploads/2025/10/Innovative_ETFs_Invesco_masthead_overlay_1600x121@2x-1.png,0.311139,Somewhat-Bullish,0.611969,0.346438,Somewhat-Bullish
TSLA,Tesla ‘cyberpunk’ electric pick-up truck has Detroit in sight,"Tesla is set to unveil its ""cyberpunk"" electric pick-up truck, aiming to challenge Detroit's automakers in the lucrative truck and SUV market. The truck is expected to combine the performance of a Porsche 911 with the functionality of a Ford F-150 and debut in late 2021 or early 2022 with a starting price under $50,000. Ford and GM are also developing their own electric trucks and SUVs to compete with Tesla and meet emissions standards.",https://www.aljazeera.com/economy/2019/11/21/tesla-cyberpunk-electric-pick-up-truck-has-detroit-in-sight,Al Jazeera,Al Jazeera,20191121T013146,,0.178414,Somewhat-Bullish,1.000000,0.209464,Somewhat-Bullish
TSLA,"2025 Tesla Cybertruck Review, Pricing, and Specs","The 2025 Tesla Cybertruck is an otherworldly electric pickup known for its polarizing styling and bleeding-edge technology, offering giggle-producing acceleration and a natural driving feel despite its size. It's available in AWD (593-hp) and Beast (834-hp) models, with a claimed towing capacity of 11,000 pounds. Despite its unique look, it's described as a surprisingly nice-to-drive and reasonably practical full-size electric pickup, with a range extender option expected in mid-2025.",https://www.caranddriver.com/tesla/cybertruck,Car and Driver,Car and Driver,20191122T013146,,0.19336,Somewhat-Bullish,1.000000,0.274421,Somewhat-Bullish
TSLA,"Tesla’s Cybertruck looks weird, financial analysts say, but it could find fans","Financial analysts are divided on Tesla's newly unveiled Cybertruck. While some bulls believe its ""impressive feature"" will attract a large audience despite its unusual appearance, bearish analysts are skeptical, questioning its broad appeal and even suggesting that the infamous broken windows incident was a deliberate stunt. The debate centers on who will ultimately buy the angular, stainless steel pickup truck beyond Tesla's core fanbase and whether it can compete with traditional manufacturers.",https://www.marketwatch.com/story/teslas-cybertruck-looks-weird-financial-analysts-say-but-it-could-find-fans-2019-11-22?gaa_at=eafs&gaa_n=AWEtsqd2ltccHSslxuKRjNux6bqJD3QvfBH2tXpknkojqQfAjH3KAwof1K1M&gaa_ts=69080936&gaa_sig=Wqh7x5WNXGgNSXuzBzRUZ7wbc1oW9eBdk7d628CVYP0g20rDZJoCj8e1GaHBxDU8O77JqYxTFAxAnoaxUmWdMQ%3D%3D,MarketWatch,MarketWatch,20191122T165700,,0.036628,Neutral,0.309298,0.026235,Neutral
TSLA,"Tesla shares motor up as Musk says Cybertruck orders hit 200,000","Tesla's shares rose after CEO Elon Musk announced 200,000 pre-orders for the Cybertruck, despite a mixed reception at its launch event. The pre-order deposit was set at a low $100, which helped drive a flood of reservations. Musk has been actively promoting the Cybertruck on Twitter to boost sales.",https://www.aljazeera.com/economy/2019/11/25/tesla-shares-motor-up-as-musk-says-cybertruck-orders-hit-200000,Al Jazeera,Al Jazeera,20191125T013146,,0.005051,Neutral,0.324190,0.002109,Neutral
TSLA,"Despite Unveiling Issues, Elon Musk Says Tesla Pickup Truck Orders Hit 200,000","Tesla's Cybertruck orders reached 200,000 despite a flawed unveiling where two windows shattered. CEO Elon Musk confirmed the numbers, highlighting the company's strategy of taking fully refundable deposits for future products, even though previous unveiled vehicles like the Semi and Roadster are not yet in production. The high order numbers underscore strong demand, though Tesla had previously stopped reporting reservation figures.",https://www.ttnews.com/articles/despite-unveiling-issues-elon-musk-says-pickup-truck-orders-hit-200000,Transport Topics,Transport Topics,20191125T110000,,0.060365,Neutral,1.000000,0.149669,Neutral
TSLA,PPG adds adhesives lab in Cleveland,"PPG Industries Inc. has opened a new advanced automotive adhesives and sealants laboratory in Cleveland, investing in new technologies to support automotive OEMs developing hybrid-electric, electric, and autonomous vehicles. The lab will focus on developing new chemistries for bonding diverse materials used in lightweighting, which is crucial for enhancing electric vehicle range. This strategic move aims to strengthen PPG's position in the adhesives and sealants market and facilitate career growth for its employees by exposing them to a wide range of automotive products.",https://www.rubbernews.com/expansion/ppg-adds-adhesives-lab-cleveland,Rubber News,Rubber News,20191125T121900,,0.368387,Bullish,0.597183,0.334380,Somewhat-Bullish
TSLA,Kroger vs. Wegmans,"This article compares two different approaches to brand building by examining Kroger and Wegmans. Kroger, a larger supermarket chain, focuses on paid advertising and a new agency to control its message, while Wegmans, a smaller company, thrives on free media and viral publicity. The article explores the pros and cons of each strategy and how companies can build their brand.",https://therobinreport.com/kroger-vs-wegmans/,The Robin Report,The Robin Report,20191126T004212,,-0.186053,Somewhat-Bearish,0.610712,-0.349301,Somewhat-Bearish
TSLA,El lugar más árido del planeta está amenazado por culpa de la gran demanda de vehículos eléctricos y teléfonos inteligentes,"The Atacama Desert in Chile, the driest place on Earth, is facing severe threats due to the high demand for lithium used in electric vehicles and smartphones. Lithium extraction processes extensively exploit the desert's scarce water resources, causing irreparable damage to the fragile ecosystem and endangering indigenous communities and native wildlife. Despite scientific evidence and local community complaints about reduced water levels and environmental degradation, mining companies and the Chilean government have largely dismissed these concerns, prioritizing economic interests over environmental protection.",https://climatica.coop/la-sed-de-litio-amenaza-atacama/,climatica.coop,climatica.coop,20191129T012218,,-0.059128,Neutral,0.609570,0.112080,Neutral
TSLA,Xpeng P7 Electric Sedan Shines At Guangzhou Motor Show,"Xpeng's P7 sports sedan was a highlight at the Guangzhou Motor Show, with its full interior reveal and pricing announced between RMB 270,000 – 370,000 ($38,400 - $52,600 US). The P7, Xpeng's second offering after the G3 SUV, is positioned as a competitor to the Tesla Model 3 in China, boasting advanced autonomous driving features and impressive performance figures. Customer deliveries in China are expected in Q2 2020, with over 15,000 pre-orders already received.",https://insideevs.com/news/384849/xpeng-p7-reveal-guangzhou-motor-show/,InsideEVs,InsideEVs,20191130T180400,,0.483246,Bullish,0.731405,0.305889,Somewhat-Bullish
TSLA,EV startup Lucid starts construction of Arizona plant,"Lucid Motors has begun construction on the first phase of its vehicle assembly plant in Casa Grande, Arizona, backed by a $1 billion investment from Saudi Arabia. This initial phase, costing over $300 million, is expected to be completed by late 2020 and will produce the Lucid Air, a Tesla Model S competitor. The company plans to invest over $700 million by the middle of the next decade for additional models, including an SUV.",https://www.motorauthority.com/news/1125292_ev-startup-lucid-starts-construction-of-arizona-plant,Motor Authority,Motor Authority,20191203T004619,,0.203514,Somewhat-Bullish,0.720603,0.103873,Neutral
TSLA,"CEOs of Microsoft, Apple, Google and more urge Trump administration to stay in Paris climate deal","73 leaders from major companies like Microsoft, Apple, Google, and Tesla, alongside labor unions, signed a letter urging the Trump administration to remain in the Paris Agreement on climate change. They argue that staying in the agreement will strengthen U.S. competitiveness, create jobs, and foster innovation. This appeal comes after the Trump administration initiated withdrawal from the accord, with notable absences from the signatory list including Amazon's Jeff Bezos and Facebook's Mark Zuckerberg.",https://www.geekwire.com/2019/ceos-microsoft-apple-google-urge-trump-administration-stay-paris-climate-deal/,GeekWire,GeekWire,20191203T091700,,0.207439,Somewhat-Bullish,0.634946,0.215985,Somewhat-Bullish
TSLA,Leasing License Offers Tesla a Way Around Connecticut Law,"Tesla has found a way to operate in Connecticut by leasing its electric vehicles from its Milford site, circumventing state laws that bar the direct sale of manufacturer vehicles. This strategy leverages a leasing license, which Tesla is eligible for, despite continued opposition from the Connecticut Automotive Retailers Association that argues it violates state law. The move allows Tesla to showcase its vehicles and offer demonstration drives to residents considering a lease.",https://www.govtech.com/transportation/Leasing-License-Offers-Tesla-a-Way-Around-Connecticut-Law.html,GovTech,GovTech,20191219T013145,,0.257628,Somewhat-Bullish,1.000000,0.262503,Somewhat-Bullish
TSLA,Bilibili looks beyond anime to mainstream entertainment,"Bilibili is actively expanding beyond its traditional anime, comic, and games (ACG) content to establish itself as a mainstream entertainment platform. This expansion includes securing exclusive streaming rights for a major e-sports event and planning a large-scale New Year's Eve show, aiming to reach a market capitalization of $10 billion. The company is also building its content ecosystem through initiatives like paid courses and supporting music content creators.",https://technode.com/2019/12/20/bilibili-looks-beyond-anime-to-mainstream-entertainment/,TechNode,TechNode,20191220T235224,,0.236096,Somewhat-Bullish,0.745334,0.277305,Somewhat-Bullish
TSLA,Rivian Gets $1.3 Billion Investment in Electric Truck Venture (Published 2019),"Rivian, an electric-vehicle start-up backed by Amazon and Ford, announced a $1.3 billion investment led by T. Rowe Price. This funding round, the largest for Rivian to date, brings its total investments for 2019 to $2.85 billion as it prepares to launch its truck and SUV and compete with Tesla. The investment highlights confidence in Rivian's strategy and products, but also its significant capital needs.",https://www.nytimes.com/2019/12/23/business/rivian-truck-investment.html,The New York Times,The New York Times,20191223T013137,,0.266883,Somewhat-Bullish,0.626935,0.118608,Neutral
TSLA,Tesla Shares Race Past $420 Buyout Figure,"Tesla Inc. shares surged past $420, a symbolic price that CEO Elon Musk once proposed for taking the company private. This rally signifies a major turnaround in investor confidence, as the stock had previously closed as low as $178.97 this year. The rise is attributed to a surprising third-quarter profit, the unveiling of the Cybertruck, and progress in Model 3 production in China.",https://www.wsj.com/articles/tesla-shares-race-past-420-buyout-figure-11577127592?gaa_at=eafs&gaa_n=AWEtsqeBsqxs9OlnFv7yz5Stp00jFePqWbxojdEqsA6vfIN1X7rTPjHRr466&gaa_ts=69080922&gaa_sig=-UDt1SEodCz2JxeweJxRJXrXy9Iuy8gxJ9iWB6gLzPR5oliSdBGK6Yf71f1Jk4nYQWuD9dJTF1V-pRABAKvIbQ%3D%3D,The Wall Street Journal,The Wall Street Journal,20191223T013144,,0.457419,Bullish,1.000000,0.458754,Bullish
TSLA,Exclusive: Tesla to take new $1.4 billion loan from Chinese banks for Shanghai factory - sources,"Tesla has secured a new 10 billion yuan ($1.4 billion), five-year loan facility from a consortium of Chinese banks for its Shanghai Gigafactory. This loan will partially roll over an existing 3.5 billion yuan debt and fund factory operations. The deal strengthens Tesla's position in the Chinese market, as the factory aims to produce at least 1,000 Model 3 cars weekly by the end of the year.",https://www.reuters.com/article/technology/exclusive-tesla-to-take-new-14-billion-loan-from-chinese-banks-for-shanghai-f-idUSKBN1YR0TH/,Reuters,Reuters,20191223T203800,https://www.reuters.com/resizer/v2/https%3A%2F%2Fcloudfront-us-east-2.images.arcpublishing.com%2Freuters%2FGE754V3FZFOWPNCHCJW4V4A27A.jpg?auth=d91f42d2fb2d352cde3ddf604ec601d365dfade5521b33948b8c5ef79919b52a&width=960&quality=80,0.42011,Bullish,1.000000,0.428628,Bullish
TSLA,Tesla confirms it secured $1.6 billion in financing for Gigafactory Shanghai,"Tesla has officially confirmed securing $1.6 billion in financing from Chinese banks for its Gigafactory Shanghai operations. This financing includes a secured term loan of up to RMB 9.0 billion and an unsecured revolving loan of up to RMB 2.25 billion, a portion of which was used to repay an existing bridge loan. The remaining funds are intended for the expansion of Gigafactory 3 and the production of more components locally, including the upcoming Model Y.",https://electrek.co/2019/12/26/tesla-secures-billion-financing-gigafactory-china/,Electrek,Electrek,20191226T182600,,0.432526,Bullish,1.000000,0.438993,Bullish
TSLA,Tesla Secures $1.29 Billion Loan from Chinese Banks for Shanghai Factory,"Tesla Inc. has secured a secured term loan facility of up to 9 billion yuan ($1.29 billion) and an unsecured revolving loan facility of up to 2.25 billion yuan from Chinese banks. These loans are designated for its Shanghai car plant, which is crucial for increasing sales in the Chinese auto market and avoiding import tariffs. The funds will also be used to repay existing debt.",https://www.voanews.com/a/economy-business_tesla-secures-129-billion-loan-chinese-banks-shanghai-factory/6181689.html,VOA - Voice of America English News,VOA - Voice of America English News,20191226T194800,,0.302991,Somewhat-Bullish,1.000000,0.446353,Bullish
TSLA,Tesla lines up $1.6bn in financing for its Shanghai Gigafactory,"Tesla has secured $1.6 billion in new financing from state-backed Chinese lenders for its Shanghai Gigafactory, which will double its Model 3 production capacity. This financing, offered on preferential terms, highlights China's support for Tesla amidst a challenging market for domestic EV startups. The plant aims to supply the massive Chinese automotive market while bypassing shipping costs and tariff uncertainties.",https://www.ft.com/content/598b04cc-286d-11ea-9a4f-963f0ec7e134,Financial Times,Financial Times,20191227T013145,,0.415267,Bullish,1.000000,0.405603,Bullish
TSLA,The Car I Most Want to Drive in 2020 Isn’t a Car at All,"The author expresses a strong desire to drive the Tesla Cybertruck in 2020, despite official production starting in 2021, hoping for a prototype experience. The article highlights the Cybertruck's significant impact on public imagination and its potential to indicate the future direction of the electric truck market. It contrasts with the author's previous review of 2019 cars, focusing on this singular anticipated vehicle.",https://www.bloomberg.com/news/articles/2019-12-27/tesla-cybertruck-is-the-car-i-most-want-to-drive-in-2020,Bloomberg.com,Bloomberg.com,20191227T101500,,0.234937,Somewhat-Bullish,1.000000,0.229238,Somewhat-Bullish
TSLA,Tesla Set to Deliver First China-Built Car in Milestone for Musk,"Tesla Inc. is set to begin delivering its first China-built Model 3 sedans on December 30, marking a significant milestone for Elon Musk's company as it expands into the world's largest electric-vehicle market. The Shanghai Gigafactory, Tesla's first plant outside the U.S., has quickly moved from groundbreaking to production, with the first 15 units going to company employees. This move, coupled with tax exemptions and government subsidies for locally built cars, is crucial for Tesla's profitability and global expansion plans, though analysts note that parts are still largely imported for assembly.",https://www.ttnews.com/articles/tesla-set-deliver-first-china-built-car-milestone-musk,Transport Topics,Transport Topics,20191227T173000,https://www.ttnews.com/sites/default/files/images/articles/tesla-shanghai-1200_1.jpg,0.44044,Bullish,1.000000,0.420699,Bullish
TSLA,Tesla falls as Cowen sees deliveries hurt by ‘demand saturation’,"Tesla shares fell after Cowen analysts suggested that vehicle deliveries might miss the company's annual target due to ""demand saturation"" for the Model 3 in most mature markets, despite increased expectations for the Netherlands and China. Cowen also raised concerns about potential pricing and mix issues affecting Tesla's fourth-quarter margins and profitability, as well as long-term demand skepticism in China. This view contrasts with Wedbush's optimism regarding Tesla's prospects in China.",https://www.detroitnews.com/story/business/autos/2019/12/30/tesla-falls-cowen-sees-deliveries-hurt-demand-saturation/40909267/,The Detroit News,The Detroit News,20191230T000623,,-0.235572,Somewhat-Bearish,1.000000,-0.417237,Bearish
TSLA,Tesla delivers first cars made at China gigafactory,"Tesla Inc. made its first deliveries of cars built at its Shanghai Gigafactory on Monday, marking a significant milestone for the electric-car company. The initial 15 recipients of the China-made Model 3 vehicles are Tesla employees. This event follows a period where Tesla's stock reached record highs.",https://www.marketwatch.com/story/tesla-delivers-first-cars-made-at-china-gigafactory-2019-12-29?gaa_at=eafs&gaa_n=AWEtsqcwpD7OdyMK0tOAmkBcGeg66m3d3whPoViN0Bq8xiywxfc5dAgr4UjD&gaa_ts=69080931&gaa_sig=O363E6n3GEW8LrHkHWLFtO8ys6tFYpeawT3w_ajoFC_AtX4G1JvbmtK7QnEOIP-yVwe_R0ysNGjF1W9rivwvUA%3D%3D,MarketWatch,MarketWatch,20191230T071300,,0.498899,Bullish,1.000000,0.454881,Bullish
