ticker,Date,target,dataset_type,model_name,model_variant,threshold,probability,prediction
AAPL,2023-10-16,0,hybrid,lightgbm,tuned_optimized_threshold,0.4,0.4439590373687796,1
MSFT,2023-10-16,0,hybrid,lightgbm,tuned_optimized_threshold,0.4,0.6032324576927308,1
NVDA,2023-10-16,0,hybrid,lightgbm,tuned_optimized_threshold,0.4,0.49308353582004605,1
TSLA,2023-10-16,1,hybrid,lightgbm,tuned_optimized_threshold,0.4,0.6163751747549232,1
AAPL,2023-10-17,0,hybrid,lightgbm,tuned_optimized_threshold,0.4,0.6899138930960634,1
MSFT,2023-10-17,0,hybrid,lightgbm,tuned_optimized_threshold,0.4,0.5430881546153238,1
NVDA,2023-10-17,0,hybrid,lightgbm,tuned_optimized_threshold,0.4,0.48556334713389604,1
TSLA,2023-10-17,0,hybrid,lightgbm,tuned_optimized_threshold,0.4,0.6761693811374605,1
AAPL,2023-10-18,0,hybrid,lightgbm,tuned_optimized_threshold,0.4,0.5769832234423148,1
MSFT,2023-10-18,1,hybrid,lightgbm,tuned_optimized_threshold,0.4,0.6137739598861626,1
NVDA,2023-10-18,0,hybrid,lightgbm,tuned_optimized_threshold,0.4,0.6635665935624985,1
TSLA,2023-10-18,0,hybrid,lightgbm,tuned_optimized_threshold,0.4,0.5646656627421528,1
AAPL,2023-10-19,0,hybrid,lightgbm,tuned_optimized_threshold,0.4,0.7005724091863571,1
MSFT,2023-10-19,0,hybrid,lightgbm,tuned_optimized_threshold,0.4,0.6992611979272377,1
NVDA,2023-10-19,0,hybrid,lightgbm,tuned_optimized_threshold,0.4,0.47603028696742633,1
TSLA,2023-10-19,0,hybrid,lightgbm,tuned_optimized_threshold,0.4,0.6629728554755725,1
AAPL,2023-10-20,1,hybrid,lightgbm,tuned_optimized_threshold,0.4,0.5770815789887007,1
MSFT,2023-10-20,1,hybrid,lightgbm,tuned_optimized_threshold,0.4,0.6204359022648777,1
NVDA,2023-10-20,1,hybrid,lightgbm,tuned_optimized_threshold,0.4,0.5447633951389836,1
TSLA,2023-10-20,1,hybrid,lightgbm,tuned_optimized_threshold,0.4,0.6677329240313562,1
AAPL,2023-10-23,1,hybrid,lightgbm,tuned_optimized_threshold,0.4,0.42996476528477545,1
MSFT,2023-10-23,1,hybrid,lightgbm,tuned_optimized_threshold,0.4,0.4698995468959342,1
NVDA,2023-10-23,1,hybrid,lightgbm,tuned_optimized_threshold,0.4,0.3719241984565537,0
TSLA,2023-10-23,1,hybrid,lightgbm,tuned_optimized_threshold,0.4,0.549793584723267,1
AAPL,2023-10-24,0,hybrid,lightgbm,tuned_optimized_threshold,0.4,0.6970767555243426,1
MSFT,2023-10-24,1,hybrid,lightgbm,tuned_optimized_threshold,0.4,0.6567020466960622,1
NVDA,2023-10-24,0,hybrid,lightgbm,tuned_optimized_threshold,0.4,0.6028988943543055,1
TSLA,2023-10-24,0,hybrid,lightgbm,tuned_optimized_threshold,0.4,0.3745409120761748,0
AAPL,2023-10-25,0,hybrid,lightgbm,tuned_optimized_threshold,0.4,0.681753287155111,1
MSFT,2023-10-25,0,hybrid,lightgbm,tuned_optimized_threshold,0.4,0.4332110424949059,1
NVDA,2023-10-25,0,hybrid,lightgbm,tuned_optimized_threshold,0.4,0.6657690897842239,1
TSLA,2023-10-25,0,hybrid,lightgbm,tuned_optimized_threshold,0.4,0.5594660587588628,1
AAPL,2023-10-26,1,hybrid,lightgbm,tuned_optimized_threshold,0.4,0.7131952465072664,1
MSFT,2023-10-26,1,hybrid,lightgbm,tuned_optimized_threshold,0.4,0.47057011840417023,1
NVDA,2023-10-26,1,hybrid,lightgbm,tuned_optimized_threshold,0.4,0.6734428796408602,1
TSLA,2023-10-26,1,hybrid,lightgbm,tuned_optimized_threshold,0.4,0.5095473032527771,1
AAPL,2023-10-27,1,hybrid,lightgbm,tuned_optimized_threshold,0.4,0.5396867875418709,1
MSFT,2023-10-27,1,hybrid,lightgbm,tuned_optimized_threshold,0.4,0.4351454925513615,1
NVDA,2023-10-27,1,hybrid,lightgbm,tuned_optimized_threshold,0.4,0.6009743241188367,1
TSLA,2023-10-27,0,hybrid,lightgbm,tuned_optimized_threshold,0.4,0.4553709541152968,1
AAPL,2023-10-30,1,hybrid,lightgbm,tuned_optimized_threshold,0.4,0.6660245866135417,1
MSFT,2023-10-30,1,hybrid,lightgbm,tuned_optimized_threshold,0.4,0.3804249779864193,0
NVDA,2023-10-30,0,hybrid,lightgbm,tuned_optimized_threshold,0.4,0.5790068673681367,1
TSLA,2023-10-30,1,hybrid,lightgbm,tuned_optimized_threshold,0.4,0.7105139708365379,1
AAPL,2023-10-31,1,hybrid,lightgbm,tuned_optimized_threshold,0.4,0.6436039973153255,1
MSFT,2023-10-31,1,hybrid,lightgbm,tuned_optimized_threshold,0.4,0.5424691647231145,1
NVDA,2023-10-31,1,hybrid,lightgbm,tuned_optimized_threshold,0.4,0.6631050257586768,1
TSLA,2023-10-31,1,hybrid,lightgbm,tuned_optimized_threshold,0.4,0.485899531661484,1
AAPL,2023-11-01,1,hybrid,lightgbm,tuned_optimized_threshold,0.4,0.7233600094587308,1
MSFT,2023-11-01,1,hybrid,lightgbm,tuned_optimized_threshold,0.4,0.20384141391679278,0
NVDA,2023-11-01,1,hybrid,lightgbm,tuned_optimized_threshold,0.4,0.574988191536893,1
TSLA,2023-11-01,1,hybrid,lightgbm,tuned_optimized_threshold,0.4,0.5284106750941304,1
AAPL,2023-11-02,0,hybrid,lightgbm,tuned_optimized_threshold,0.4,0.5678906175786048,1
MSFT,2023-11-02,1,hybrid,lightgbm,tuned_optimized_threshold,0.4,0.3980871347047902,0
NVDA,2023-11-02,1,hybrid,lightgbm,tuned_optimized_threshold,0.4,0.5853406822707713,1
TSLA,2023-11-02,1,hybrid,lightgbm,tuned_optimized_threshold,0.4,0.3931137345987997,0
AAPL,2023-11-03,1,hybrid,lightgbm,tuned_optimized_threshold,0.4,0.6379246385882693,1
MSFT,2023-11-03,1,hybrid,lightgbm,tuned_optimized_threshold,0.4,0.5447118152126142,1
NVDA,2023-11-03,1,hybrid,lightgbm,tuned_optimized_threshold,0.4,0.5802274266338269,1
TSLA,2023-11-03,0,hybrid,lightgbm,tuned_optimized_threshold,0.4,0.5692332447723818,1
AAPL,2023-11-06,1,hybrid,lightgbm,tuned_optimized_threshold,0.4,0.4250433999644978,1
MSFT,2023-11-06,1,hybrid,lightgbm,tuned_optimized_threshold,0.4,0.39752067077931363,0
NVDA,2023-11-06,1,hybrid,lightgbm,tuned_optimized_threshold,0.4,0.5011714957717865,1
TSLA,2023-11-06,1,hybrid,lightgbm,tuned_optimized_threshold,0.4,0.5633336795940629,1
AAPL,2023-11-07,1,hybrid,lightgbm,tuned_optimized_threshold,0.4,0.49816680140005015,1
MSFT,2023-11-07,1,hybrid,lightgbm,tuned_optimized_threshold,0.4,0.27764037789599183,0
NVDA,2023-11-07,1,hybrid,lightgbm,tuned_optimized_threshold,0.4,0.554708165394233,1
TSLA,2023-11-07,0,hybrid,lightgbm,tuned_optimized_threshold,0.4,0.5857847676716748,1
AAPL,2023-11-08,0,hybrid,lightgbm,tuned_optimized_threshold,0.4,0.5027325104001649,1
MSFT,2023-11-08,0,hybrid,lightgbm,tuned_optimized_threshold,0.4,0.4166663814177337,1
NVDA,2023-11-08,1,hybrid,lightgbm,tuned_optimized_threshold,0.4,0.5411449024015202,1
TSLA,2023-11-08,0,hybrid,lightgbm,tuned_optimized_threshold,0.4,0.6682376970094135,1
AAPL,2023-11-09,1,hybrid,lightgbm,tuned_optimized_threshold,0.4,0.3757561838507882,0
MSFT,2023-11-09,1,hybrid,lightgbm,tuned_optimized_threshold,0.4,0.30302857385978416,0
NVDA,2023-11-09,1,hybrid,lightgbm,tuned_optimized_threshold,0.4,0.38416982746692335,0
TSLA,2023-11-09,1,hybrid,lightgbm,tuned_optimized_threshold,0.4,0.5462681081277954,1
AAPL,2023-11-10,0,hybrid,lightgbm,tuned_optimized_threshold,0.4,0.4359092053632727,1
MSFT,2023-11-10,0,hybrid,lightgbm,tuned_optimized_threshold,0.4,0.6288934994414518,1
NVDA,2023-11-10,1,hybrid,lightgbm,tuned_optimized_threshold,0.4,0.5072158207964031,1
TSLA,2023-11-10,1,hybrid,lightgbm,tuned_optimized_threshold,0.4,0.627308986820135,1
AAPL,2023-11-13,1,hybrid,lightgbm,tuned_optimized_threshold,0.4,0.4717875628767102,1
MSFT,2023-11-13,1,hybrid,lightgbm,tuned_optimized_threshold,0.4,0.2965459408415765,0
NVDA,2023-11-13,1,hybrid,lightgbm,tuned_optimized_threshold,0.4,0.4857761492152256,1
TSLA,2023-11-13,1,hybrid,lightgbm,tuned_optimized_threshold,0.4,0.5649004772188113,1
AAPL,2023-11-14,1,hybrid,lightgbm,tuned_optimized_threshold,0.4,0.4775577297133279,1
MSFT,2023-11-14,1,hybrid,lightgbm,tuned_optimized_threshold,0.4,0.391825444174147,0
NVDA,2023-11-14,0,hybrid,lightgbm,tuned_optimized_threshold,0.4,0.46345910454500355,1
TSLA,2023-11-14,1,hybrid,lightgbm,tuned_optimized_threshold,0.4,0.6968605831494329,1
AAPL,2023-11-15,1,hybrid,lightgbm,tuned_optimized_threshold,0.4,0.5257493741146056,1
MSFT,2023-11-15,1,hybrid,lightgbm,tuned_optimized_threshold,0.4,0.5591369486090323,1
NVDA,2023-11-15,1,hybrid,lightgbm,tuned_optimized_threshold,0.4,0.5279899021575969,1
TSLA,2023-11-15,0,hybrid,lightgbm,tuned_optimized_threshold,0.4,0.6406714554158809,1
AAPL,2023-11-16,0,hybrid,lightgbm,tuned_optimized_threshold,0.4,0.5193002761363855,1
MSFT,2023-11-16,0,hybrid,lightgbm,tuned_optimized_threshold,0.4,0.3176412831891762,0
NVDA,2023-11-16,0,hybrid,lightgbm,tuned_optimized_threshold,0.4,0.5600678564261492,1
TSLA,2023-11-16,1,hybrid,lightgbm,tuned_optimized_threshold,0.4,0.6174786550513718,1
AAPL,2023-11-17,1,hybrid,lightgbm,tuned_optimized_threshold,0.4,0.544106437017832,1
MSFT,2023-11-17,1,hybrid,lightgbm,tuned_optimized_threshold,0.4,0.270956641023823,0
NVDA,2023-11-17,1,hybrid,lightgbm,tuned_optimized_threshold,0.4,0.420289248064815,1
TSLA,2023-11-17,1,hybrid,lightgbm,tuned_optimized_threshold,0.4,0.5177666414875862,1
AAPL,2023-11-20,0,hybrid,lightgbm,tuned_optimized_threshold,0.4,0.35791939271824014,0
MSFT,2023-11-20,0,hybrid,lightgbm,tuned_optimized_threshold,0.4,0.0992975591842869,0
NVDA,2023-11-20,0,hybrid,lightgbm,tuned_optimized_threshold,0.4,0.2139415346324394,0
TSLA,2023-11-20,1,hybrid,lightgbm,tuned_optimized_threshold,0.4,0.4891384422329424,1
AAPL,2023-11-21,1,hybrid,lightgbm,tuned_optimized_threshold,0.4,0.5149165624519798,1
MSFT,2023-11-21,1,hybrid,lightgbm,tuned_optimized_threshold,0.4,0.16342858450714948,0
NVDA,2023-11-21,0,hybrid,lightgbm,tuned_optimized_threshold,0.4,0.5530242737840004,1
TSLA,2023-11-21,0,hybrid,lightgbm,tuned_optimized_threshold,0.4,0.6432649750391045,1
AAPL,2023-11-22,0,hybrid,lightgbm,tuned_optimized_threshold,0.4,0.5847108123720908,1
MSFT,2023-11-22,0,hybrid,lightgbm,tuned_optimized_threshold,0.4,0.5571487194926842,1
NVDA,2023-11-22,0,hybrid,lightgbm,tuned_optimized_threshold,0.4,0.5343165568751636,1
TSLA,2023-11-22,1,hybrid,lightgbm,tuned_optimized_threshold,0.4,0.6975864526136483,1
AAPL,2023-11-24,0,hybrid,lightgbm,tuned_optimized_threshold,0.4,0.6255446061937947,1
MSFT,2023-11-24,1,hybrid,lightgbm,tuned_optimized_threshold,0.4,0.3953228349525183,0
NVDA,2023-11-24,1,hybrid,lightgbm,tuned_optimized_threshold,0.4,0.6485427967099459,1
TSLA,2023-11-24,1,hybrid,lightgbm,tuned_optimized_threshold,0.4,0.60336330722075,1
AAPL,2023-11-27,1,hybrid,lightgbm,tuned_optimized_threshold,0.4,0.5679450721287937,1
MSFT,2023-11-27,1,hybrid,lightgbm,tuned_optimized_threshold,0.4,0.5196447918511486,1
NVDA,2023-11-27,0,hybrid,lightgbm,tuned_optimized_threshold,0.4,0.768999037271803,1
TSLA,2023-11-27,1,hybrid,lightgbm,tuned_optimized_threshold,0.4,0.6255529744474742,1
AAPL,2023-11-28,0,hybrid,lightgbm,tuned_optimized_threshold,0.4,0.6017065119747357,1
MSFT,2023-11-28,0,hybrid,lightgbm,tuned_optimized_threshold,0.4,0.18123309168536417,0
NVDA,2023-11-28,1,hybrid,lightgbm,tuned_optimized_threshold,0.4,0.612253208583497,1
TSLA,2023-11-28,0,hybrid,lightgbm,tuned_optimized_threshold,0.4,0.5118713792430651,1
AAPL,2023-11-29,1,hybrid,lightgbm,tuned_optimized_threshold,0.4,0.6348384178179091,1
MSFT,2023-11-29,1,hybrid,lightgbm,tuned_optimized_threshold,0.4,0.29529004500266803,0
NVDA,2023-11-29,0,hybrid,lightgbm,tuned_optimized_threshold,0.4,0.5281793891859587,1
TSLA,2023-11-29,0,hybrid,lightgbm,tuned_optimized_threshold,0.4,0.6466676875185421,1
AAPL,2023-11-30,1,hybrid,lightgbm,tuned_optimized_threshold,0.4,0.6571425612332645,1
MSFT,2023-11-30,0,hybrid,lightgbm,tuned_optimized_threshold,0.4,0.47077236800175454,1
NVDA,2023-11-30,0,hybrid,lightgbm,tuned_optimized_threshold,0.4,0.7120144887083665,1
TSLA,2023-11-30,0,hybrid,lightgbm,tuned_optimized_threshold,0.4,0.5550209825903647,1
AAPL,2023-12-01,0,hybrid,lightgbm,tuned_optimized_threshold,0.4,0.5276299317772166,1
MSFT,2023-12-01,0,hybrid,lightgbm,tuned_optimized_threshold,0.4,0.22908079373895346,0
NVDA,2023-12-01,0,hybrid,lightgbm,tuned_optimized_threshold,0.4,0.5406865397219384,1
TSLA,2023-12-01,0,hybrid,lightgbm,tuned_optimized_threshold,0.4,0.6274192217802036,1
AAPL,2023-12-04,1,hybrid,lightgbm,tuned_optimized_threshold,0.4,0.6379778139842965,1
MSFT,2023-12-04,1,hybrid,lightgbm,tuned_optimized_threshold,0.4,0.3015525094176703,0
NVDA,2023-12-04,1,hybrid,lightgbm,tuned_optimized_threshold,0.4,0.5720828339180491,1
TSLA,2023-12-04,1,hybrid,lightgbm,tuned_optimized_threshold,0.4,0.46663881271132046,1
AAPL,2023-12-05,0,hybrid,lightgbm,tuned_optimized_threshold,0.4,0.5504579187578822,1
MSFT,2023-12-05,0,hybrid,lightgbm,tuned_optimized_threshold,0.4,0.14103938329832577,0
NVDA,2023-12-05,0,hybrid,lightgbm,tuned_optimized_threshold,0.4,0.3766487506979904,0
TSLA,2023-12-05,1,hybrid,lightgbm,tuned_optimized_threshold,0.4,0.533110608434704,1
AAPL,2023-12-06,1,hybrid,lightgbm,tuned_optimized_threshold,0.4,0.5819047011366271,1
MSFT,2023-12-06,1,hybrid,lightgbm,tuned_optimized_threshold,0.4,0.5958964801592876,1
NVDA,2023-12-06,1,hybrid,lightgbm,tuned_optimized_threshold,0.4,0.5426110479189472,1
TSLA,2023-12-06,1,hybrid,lightgbm,tuned_optimized_threshold,0.4,0.6020262622434864,1
AAPL,2023-12-07,1,hybrid,lightgbm,tuned_optimized_threshold,0.4,0.5832089119499014,1
MSFT,2023-12-07,1,hybrid,lightgbm,tuned_optimized_threshold,0.4,0.1773693743885947,0
NVDA,2023-12-07,1,hybrid,lightgbm,tuned_optimized_threshold,0.4,0.5246945802472336,1
TSLA,2023-12-07,1,hybrid,lightgbm,tuned_optimized_threshold,0.4,0.5540835119355944,1
AAPL,2023-12-08,0,hybrid,lightgbm,tuned_optimized_threshold,0.4,0.5594018555934976,1
MSFT,2023-12-08,0,hybrid,lightgbm,tuned_optimized_threshold,0.4,0.41441741779632907,1
NVDA,2023-12-08,0,hybrid,lightgbm,tuned_optimized_threshold,0.4,0.49357554814012916,1
TSLA,2023-12-08,0,hybrid,lightgbm,tuned_optimized_threshold,0.4,0.5580482725282286,1
AAPL,2023-12-11,1,hybrid,lightgbm,tuned_optimized_threshold,0.4,0.5887616335518758,1
MSFT,2023-12-11,1,hybrid,lightgbm,tuned_optimized_threshold,0.4,0.4486091137863856,1
NVDA,2023-12-11,1,hybrid,lightgbm,tuned_optimized_threshold,0.4,0.3102553544035714,0
TSLA,2023-12-11,0,hybrid,lightgbm,tuned_optimized_threshold,0.4,0.5276384085307039,1
AAPL,2023-12-12,1,hybrid,lightgbm,tuned_optimized_threshold,0.4,0.5374689717448038,1
MSFT,2023-12-12,0,hybrid,lightgbm,tuned_optimized_threshold,0.4,0.30630020119851054,0
NVDA,2023-12-12,1,hybrid,lightgbm,tuned_optimized_threshold,0.4,0.5108499308532595,1
TSLA,2023-12-12,1,hybrid,lightgbm,tuned_optimized_threshold,0.4,0.5436739956155994,1
AAPL,2023-12-13,1,hybrid,lightgbm,tuned_optimized_threshold,0.4,0.5676056021601007,1
MSFT,2023-12-13,0,hybrid,lightgbm,tuned_optimized_threshold,0.4,0.2885866350400971,0
NVDA,2023-12-13,1,hybrid,lightgbm,tuned_optimized_threshold,0.4,0.3668570105779806,0
TSLA,2023-12-13,1,hybrid,lightgbm,tuned_optimized_threshold,0.4,0.5730212403947773,1
AAPL,2023-12-14,0,hybrid,lightgbm,tuned_optimized_threshold,0.4,0.47554057638202746,1
MSFT,2023-12-14,1,hybrid,lightgbm,tuned_optimized_threshold,0.4,0.589839853649916,1
NVDA,2023-12-14,1,hybrid,lightgbm,tuned_optimized_threshold,0.4,0.529794778111894,1
TSLA,2023-12-14,1,hybrid,lightgbm,tuned_optimized_threshold,0.4,0.5403987111752419,1
AAPL,2023-12-15,0,hybrid,lightgbm,tuned_optimized_threshold,0.4,0.4713764593215084,1
MSFT,2023-12-15,1,hybrid,lightgbm,tuned_optimized_threshold,0.4,0.3568466421277258,0
NVDA,2023-12-15,1,hybrid,lightgbm,tuned_optimized_threshold,0.4,0.5111312974083814,1
TSLA,2023-12-15,0,hybrid,lightgbm,tuned_optimized_threshold,0.4,0.5411791999901773,1
AAPL,2023-12-18,1,hybrid,lightgbm,tuned_optimized_threshold,0.4,0.5626783012413236,1
MSFT,2023-12-18,1,hybrid,lightgbm,tuned_optimized_threshold,0.4,0.5660576925474863,1
NVDA,2023-12-18,0,hybrid,lightgbm,tuned_optimized_threshold,0.4,0.5305398602195202,1
TSLA,2023-12-18,1,hybrid,lightgbm,tuned_optimized_threshold,0.4,0.6616929083294885,1
AAPL,2023-12-19,0,hybrid,lightgbm,tuned_optimized_threshold,0.4,0.472874114926361,1
MSFT,2023-12-19,0,hybrid,lightgbm,tuned_optimized_threshold,0.4,0.22030646063503725,0
NVDA,2023-12-19,0,hybrid,lightgbm,tuned_optimized_threshold,0.4,0.5288562136898237,1
TSLA,2023-12-19,0,hybrid,lightgbm,tuned_optimized_threshold,0.4,0.5347505805937228,1
AAPL,2023-12-20,0,hybrid,lightgbm,tuned_optimized_threshold,0.4,0.6238995238660786,1
MSFT,2023-12-20,1,hybrid,lightgbm,tuned_optimized_threshold,0.4,0.5630386325495962,1
NVDA,2023-12-20,1,hybrid,lightgbm,tuned_optimized_threshold,0.4,0.46785709439466705,1
TSLA,2023-12-20,1,hybrid,lightgbm,tuned_optimized_threshold,0.4,0.6080560818591758,1
AAPL,2023-12-21,0,hybrid,lightgbm,tuned_optimized_threshold,0.4,0.6872570791846888,1
MSFT,2023-12-21,1,hybrid,lightgbm,tuned_optimized_threshold,0.4,0.38889573678740036,0
NVDA,2023-12-21,0,hybrid,lightgbm,tuned_optimized_threshold,0.4,0.5969706366359124,1
TSLA,2023-12-21,0,hybrid,lightgbm,tuned_optimized_threshold,0.4,0.5774000750761454,1
AAPL,2023-12-22,0,hybrid,lightgbm,tuned_optimized_threshold,0.4,0.5658837185588279,1
MSFT,2023-12-22,1,hybrid,lightgbm,tuned_optimized_threshold,0.4,0.14842778654176692,0
NVDA,2023-12-22,1,hybrid,lightgbm,tuned_optimized_threshold,0.4,0.45558041429174545,1
TSLA,2023-12-22,1,hybrid,lightgbm,tuned_optimized_threshold,0.4,0.6360839234671332,1
AAPL,2023-12-26,1,hybrid,lightgbm,tuned_optimized_threshold,0.4,0.6043691182669338,1
MSFT,2023-12-26,0,hybrid,lightgbm,tuned_optimized_threshold,0.4,0.37352562748263773,0
NVDA,2023-12-26,1,hybrid,lightgbm,tuned_optimized_threshold,0.4,0.5172333902840822,1
TSLA,2023-12-26,1,hybrid,lightgbm,tuned_optimized_threshold,0.4,0.586380962943041,1
AAPL,2023-12-27,1,hybrid,lightgbm,tuned_optimized_threshold,0.4,0.46508111296784915,1
MSFT,2023-12-27,1,hybrid,lightgbm,tuned_optimized_threshold,0.4,0.3534559039478912,0
NVDA,2023-12-27,1,hybrid,lightgbm,tuned_optimized_threshold,0.4,0.49467723827817267,1
TSLA,2023-12-27,0,hybrid,lightgbm,tuned_optimized_threshold,0.4,0.5195898105277182,1
AAPL,2023-12-28,0,hybrid,lightgbm,tuned_optimized_threshold,0.4,0.6186157645923847,1
MSFT,2023-12-28,1,hybrid,lightgbm,tuned_optimized_threshold,0.4,0.28270473665200185,0
NVDA,2023-12-28,0,hybrid,lightgbm,tuned_optimized_threshold,0.4,0.5335936887321049,1
TSLA,2023-12-28,0,hybrid,lightgbm,tuned_optimized_threshold,0.4,0.6167461579781902,1
AAPL,2023-12-29,0,hybrid,lightgbm,tuned_optimized_threshold,0.4,0.5809308372780859,1
MSFT,2023-12-29,0,hybrid,lightgbm,tuned_optimized_threshold,0.4,0.3827610784582457,0
NVDA,2023-12-29,0,hybrid,lightgbm,tuned_optimized_threshold,0.4,0.49607763437768954,1
TSLA,2023-12-29,0,hybrid,lightgbm,tuned_optimized_threshold,0.4,0.47451734049365096,1
AAPL,2024-01-02,0,hybrid,lightgbm,tuned_optimized_threshold,0.4,0.6252703036780682,1
MSFT,2024-01-02,0,hybrid,lightgbm,tuned_optimized_threshold,0.4,0.3742039017878428,0
NVDA,2024-01-02,0,hybrid,lightgbm,tuned_optimized_threshold,0.4,0.5033969509019004,1
TSLA,2024-01-02,0,hybrid,lightgbm,tuned_optimized_threshold,0.4,0.5763160020286764,1
AAPL,2024-01-03,0,hybrid,lightgbm,tuned_optimized_threshold,0.4,0.6137872758218553,1
MSFT,2024-01-03,0,hybrid,lightgbm,tuned_optimized_threshold,0.4,0.42205082275928174,1
NVDA,2024-01-03,1,hybrid,lightgbm,tuned_optimized_threshold,0.4,0.44122854899013325,1
TSLA,2024-01-03,0,hybrid,lightgbm,tuned_optimized_threshold,0.4,0.5903326752295854,1
AAPL,2024-01-04,0,hybrid,lightgbm,tuned_optimized_threshold,0.4,0.6906621999310846,1
MSFT,2024-01-04,0,hybrid,lightgbm,tuned_optimized_threshold,0.4,0.5204031928034623,1
NVDA,2024-01-04,1,hybrid,lightgbm,tuned_optimized_threshold,0.4,0.6094117286780515,1
TSLA,2024-01-04,0,hybrid,lightgbm,tuned_optimized_threshold,0.4,0.6612143867999991,1
AAPL,2024-01-05,1,hybrid,lightgbm,tuned_optimized_threshold,0.4,0.6484435945487694,1
MSFT,2024-01-05,1,hybrid,lightgbm,tuned_optimized_threshold,0.4,0.09059795678921057,0
NVDA,2024-01-05,1,hybrid,lightgbm,tuned_optimized_threshold,0.4,0.5930901036092342,1
TSLA,2024-01-05,1,hybrid,lightgbm,tuned_optimized_threshold,0.4,0.6057931313654669,1
AAPL,2024-01-08,0,hybrid,lightgbm,tuned_optimized_threshold,0.4,0.4924665997122422,1
MSFT,2024-01-08,1,hybrid,lightgbm,tuned_optimized_threshold,0.4,0.3307101264359809,0
NVDA,2024-01-08,1,hybrid,lightgbm,tuned_optimized_threshold,0.4,0.6529649947598691,1
TSLA,2024-01-08,0,hybrid,lightgbm,tuned_optimized_threshold,0.4,0.5256215059107658,1
AAPL,2024-01-09,1,hybrid,lightgbm,tuned_optimized_threshold,0.4,0.499652756603453,1
MSFT,2024-01-09,1,hybrid,lightgbm,tuned_optimized_threshold,0.4,0.42183976225486947,1
NVDA,2024-01-09,1,hybrid,lightgbm,tuned_optimized_threshold,0.4,0.5126411370910937,1
TSLA,2024-01-09,0,hybrid,lightgbm,tuned_optimized_threshold,0.4,0.6329203540205262,1
AAPL,2024-01-10,0,hybrid,lightgbm,tuned_optimized_threshold,0.4,0.579052563199163,1
MSFT,2024-01-10,1,hybrid,lightgbm,tuned_optimized_threshold,0.4,0.4900602200137564,1
NVDA,2024-01-10,1,hybrid,lightgbm,tuned_optimized_threshold,0.4,0.5986522339931118,1
TSLA,2024-01-10,0,hybrid,lightgbm,tuned_optimized_threshold,0.4,0.6407252066064959,1
AAPL,2024-01-11,1,hybrid,lightgbm,tuned_optimized_threshold,0.4,0.6221823937518925,1
MSFT,2024-01-11,1,hybrid,lightgbm,tuned_optimized_threshold,0.4,0.23762842123085015,0
NVDA,2024-01-11,0,hybrid,lightgbm,tuned_optimized_threshold,0.4,0.5419245573617809,1
TSLA,2024-01-11,0,hybrid,lightgbm,tuned_optimized_threshold,0.4,0.5126089545488145,1
AAPL,2024-01-12,0,hybrid,lightgbm,tuned_optimized_threshold,0.4,0.6498495912454471,1
MSFT,2024-01-12,1,hybrid,lightgbm,tuned_optimized_threshold,0.4,0.34996180815051947,0
NVDA,2024-01-12,1,hybrid,lightgbm,tuned_optimized_threshold,0.4,0.6369477343138884,1
TSLA,2024-01-12,1,hybrid,lightgbm,tuned_optimized_threshold,0.4,0.6317807244727581,1
AAPL,2024-01-16,0,hybrid,lightgbm,tuned_optimized_threshold,0.4,0.6795334803157759,1
MSFT,2024-01-16,0,hybrid,lightgbm,tuned_optimized_threshold,0.4,0.19504355197149595,0
NVDA,2024-01-16,0,hybrid,lightgbm,tuned_optimized_threshold,0.4,0.40953168165154935,1
TSLA,2024-01-16,0,hybrid,lightgbm,tuned_optimized_threshold,0.4,0.5290122609580392,1
AAPL,2024-01-17,1,hybrid,lightgbm,tuned_optimized_threshold,0.4,0.5414089320680913,1
MSFT,2024-01-17,1,hybrid,lightgbm,tuned_optimized_threshold,0.4,0.3863157090471953,0
NVDA,2024-01-17,1,hybrid,lightgbm,tuned_optimized_threshold,0.4,0.4692749250802892,1
TSLA,2024-01-17,0,hybrid,lightgbm,tuned_optimized_threshold,0.4,0.424909074478606,1
AAPL,2024-01-18,1,hybrid,lightgbm,tuned_optimized_threshold,0.4,0.46660956684785015,1
MSFT,2024-01-18,1,hybrid,lightgbm,tuned_optimized_threshold,0.4,0.24299769348973593,0
NVDA,2024-01-18,1,hybrid,lightgbm,tuned_optimized_threshold,0.4,0.5950908411078576,1
TSLA,2024-01-18,1,hybrid,lightgbm,tuned_optimized_threshold,0.4,0.5529294571591405,1
AAPL,2024-01-19,1,hybrid,lightgbm,tuned_optimized_threshold,0.4,0.5705902642365077,1
MSFT,2024-01-19,0,hybrid,lightgbm,tuned_optimized_threshold,0.4,0.25192754622392655,0
NVDA,2024-01-19,1,hybrid,lightgbm,tuned_optimized_threshold,0.4,0.41684102494114955,1
TSLA,2024-01-19,0,hybrid,lightgbm,tuned_optimized_threshold,0.4,0.5129548057572331,1
AAPL,2024-01-22,1,hybrid,lightgbm,tuned_optimized_threshold,0.4,0.5672855231222225,1
MSFT,2024-01-22,1,hybrid,lightgbm,tuned_optimized_threshold,0.4,0.3679308895775159,0
NVDA,2024-01-22,1,hybrid,lightgbm,tuned_optimized_threshold,0.4,0.5858090810128175,1
TSLA,2024-01-22,1,hybrid,lightgbm,tuned_optimized_threshold,0.4,0.5684029578399346,1
AAPL,2024-01-23,0,hybrid,lightgbm,tuned_optimized_threshold,0.4,0.6311262153268717,1
MSFT,2024-01-23,1,hybrid,lightgbm,tuned_optimized_threshold,0.4,0.2585101484209694,0
NVDA,2024-01-23,1,hybrid,lightgbm,tuned_optimized_threshold,0.4,0.4994143687312673,1
TSLA,2024-01-23,0,hybrid,lightgbm,tuned_optimized_threshold,0.4,0.6480400656190975,1
AAPL,2024-01-24,0,hybrid,lightgbm,tuned_optimized_threshold,0.4,0.4628454122750033,1
MSFT,2024-01-24,1,hybrid,lightgbm,tuned_optimized_threshold,0.4,0.3256954541808385,0
NVDA,2024-01-24,1,hybrid,lightgbm,tuned_optimized_threshold,0.4,0.4613227392792504,1
TSLA,2024-01-24,0,hybrid,lightgbm,tuned_optimized_threshold,0.4,0.6539552433505817,1
AAPL,2024-01-25,0,hybrid,lightgbm,tuned_optimized_threshold,0.4,0.47329591612039107,1
MSFT,2024-01-25,0,hybrid,lightgbm,tuned_optimized_threshold,0.4,0.29081984710948083,0
NVDA,2024-01-25,0,hybrid,lightgbm,tuned_optimized_threshold,0.4,0.5245269789017389,1
TSLA,2024-01-25,1,hybrid,lightgbm,tuned_optimized_threshold,0.4,0.7015594919481686,1
AAPL,2024-01-26,0,hybrid,lightgbm,tuned_optimized_threshold,0.4,0.611963434274775,1
MSFT,2024-01-26,1,hybrid,lightgbm,tuned_optimized_threshold,0.4,0.6140390010955955,1
NVDA,2024-01-26,1,hybrid,lightgbm,tuned_optimized_threshold,0.4,0.5541071128558309,1
TSLA,2024-01-26,1,hybrid,lightgbm,tuned_optimized_threshold,0.4,0.5606154080543091,1
AAPL,2024-01-29,0,hybrid,lightgbm,tuned_optimized_threshold,0.4,0.5349140635290677,1
MSFT,2024-01-29,0,hybrid,lightgbm,tuned_optimized_threshold,0.4,0.41054007844088086,1
NVDA,2024-01-29,1,hybrid,lightgbm,tuned_optimized_threshold,0.4,0.44209215699933535,1
TSLA,2024-01-29,1,hybrid,lightgbm,tuned_optimized_threshold,0.4,0.4709997368193801,1
AAPL,2024-01-30,0,hybrid,lightgbm,tuned_optimized_threshold,0.4,0.43505118970908446,1
MSFT,2024-01-30,0,hybrid,lightgbm,tuned_optimized_threshold,0.4,0.2792425604303583,0
NVDA,2024-01-30,0,hybrid,lightgbm,tuned_optimized_threshold,0.4,0.3726628647441409,0
TSLA,2024-01-30,0,hybrid,lightgbm,tuned_optimized_threshold,0.4,0.5355420555213141,1
AAPL,2024-01-31,1,hybrid,lightgbm,tuned_optimized_threshold,0.4,0.5824388952182818,1
MSFT,2024-01-31,1,hybrid,lightgbm,tuned_optimized_threshold,0.4,0.4044036010729903,1
NVDA,2024-01-31,1,hybrid,lightgbm,tuned_optimized_threshold,0.4,0.48369967485055243,1
TSLA,2024-01-31,1,hybrid,lightgbm,tuned_optimized_threshold,0.4,0.5000772312323735,1
AAPL,2024-02-01,0,hybrid,lightgbm,tuned_optimized_threshold,0.4,0.5123223718005647,1
MSFT,2024-02-01,1,hybrid,lightgbm,tuned_optimized_threshold,0.4,0.3486840751719357,0
NVDA,2024-02-01,1,hybrid,lightgbm,tuned_optimized_threshold,0.4,0.4161407551407052,1
TSLA,2024-02-01,0,hybrid,lightgbm,tuned_optimized_threshold,0.4,0.5004263252808474,1
AAPL,2024-02-02,1,hybrid,lightgbm,tuned_optimized_threshold,0.4,0.550635158544698,1
MSFT,2024-02-02,0,hybrid,lightgbm,tuned_optimized_threshold,0.4,0.3897125495691794,0
NVDA,2024-02-02,1,hybrid,lightgbm,tuned_optimized_threshold,0.4,0.500308038281149,1
TSLA,2024-02-02,0,hybrid,lightgbm,tuned_optimized_threshold,0.4,0.4266020864128601,1
AAPL,2024-02-05,1,hybrid,lightgbm,tuned_optimized_threshold,0.4,0.5661037673223666,1
MSFT,2024-02-05,0,hybrid,lightgbm,tuned_optimized_threshold,0.4,0.38197533073205087,0
NVDA,2024-02-05,0,hybrid,lightgbm,tuned_optimized_threshold,0.4,0.5072721615222434,1
TSLA,2024-02-05,1,hybrid,lightgbm,tuned_optimized_threshold,0.4,0.5440683844661787,1
AAPL,2024-02-06,1,hybrid,lightgbm,tuned_optimized_threshold,0.4,0.3464476717346264,0
MSFT,2024-02-06,1,hybrid,lightgbm,tuned_optimized_threshold,0.4,0.6218254503976203,1
NVDA,2024-02-06,1,hybrid,lightgbm,tuned_optimized_threshold,0.4,0.6016421699940238,1
TSLA,2024-02-06,1,hybrid,lightgbm,tuned_optimized_threshold,0.4,0.5947964659206193,1
AAPL,2024-02-07,0,hybrid,lightgbm,tuned_optimized_threshold,0.4,0.4173349511412362,1
MSFT,2024-02-07,1,hybrid,lightgbm,tuned_optimized_threshold,0.4,0.5030063598397535,1
NVDA,2024-02-07,0,hybrid,lightgbm,tuned_optimized_threshold,0.4,0.5460821591924448,1
TSLA,2024-02-07,1,hybrid,lightgbm,tuned_optimized_threshold,0.4,0.3302506370296941,0
AAPL,2024-02-08,1,hybrid,lightgbm,tuned_optimized_threshold,0.4,0.6191986746885255,1
MSFT,2024-02-08,1,hybrid,lightgbm,tuned_optimized_threshold,0.4,0.5885944920383499,1
NVDA,2024-02-08,1,hybrid,lightgbm,tuned_optimized_threshold,0.4,0.5723133956224891,1
TSLA,2024-02-08,1,hybrid,lightgbm,tuned_optimized_threshold,0.4,0.548553543582501,1
AAPL,2024-02-09,0,hybrid,lightgbm,tuned_optimized_threshold,0.4,0.49917781160548536,1
MSFT,2024-02-09,0,hybrid,lightgbm,tuned_optimized_threshold,0.4,0.3237969528219185,0
NVDA,2024-02-09,1,hybrid,lightgbm,tuned_optimized_threshold,0.4,0.401354465690571,1
TSLA,2024-02-09,0,hybrid,lightgbm,tuned_optimized_threshold,0.4,0.5511201731840722,1
AAPL,2024-02-12,0,hybrid,lightgbm,tuned_optimized_threshold,0.4,0.670637193493979,1
MSFT,2024-02-12,0,hybrid,lightgbm,tuned_optimized_threshold,0.4,0.5946244811872865,1
NVDA,2024-02-12,0,hybrid,lightgbm,tuned_optimized_threshold,0.4,0.3991192462309744,0
TSLA,2024-02-12,0,hybrid,lightgbm,tuned_optimized_threshold,0.4,0.6777942084783559,1
AAPL,2024-02-13,0,hybrid,lightgbm,tuned_optimized_threshold,0.4,0.6372943874692343,1
MSFT,2024-02-13,1,hybrid,lightgbm,tuned_optimized_threshold,0.4,0.4682028463594497,1
NVDA,2024-02-13,1,hybrid,lightgbm,tuned_optimized_threshold,0.4,0.4120548627169765,1
TSLA,2024-02-13,1,hybrid,lightgbm,tuned_optimized_threshold,0.4,0.6038147538586978,1
AAPL,2024-02-14,0,hybrid,lightgbm,tuned_optimized_threshold,0.4,0.6316686590683052,1
MSFT,2024-02-14,0,hybrid,lightgbm,tuned_optimized_threshold,0.4,0.5190427152741764,1
NVDA,2024-02-14,0,hybrid,lightgbm,tuned_optimized_threshold,0.4,0.2774742463119996,0
TSLA,2024-02-14,1,hybrid,lightgbm,tuned_optimized_threshold,0.4,0.40879827665060864,1
AAPL,2024-02-15,0,hybrid,lightgbm,tuned_optimized_threshold,0.4,0.5111080211612108,1
MSFT,2024-02-15,0,hybrid,lightgbm,tuned_optimized_threshold,0.4,0.23768679193160624,0
NVDA,2024-02-15,0,hybrid,lightgbm,tuned_optimized_threshold,0.4,0.5031998923168947,1
TSLA,2024-02-15,0,hybrid,lightgbm,tuned_optimized_threshold,0.4,0.442907250112388,1
AAPL,2024-02-16,0,hybrid,lightgbm,tuned_optimized_threshold,0.4,0.7164982314282422,1
MSFT,2024-02-16,0,hybrid,lightgbm,tuned_optimized_threshold,0.4,0.6444948583827659,1
NVDA,2024-02-16,0,hybrid,lightgbm,tuned_optimized_threshold,0.4,0.6175508578152978,1
TSLA,2024-02-16,0,hybrid,lightgbm,tuned_optimized_threshold,0.4,0.5890821697722154,1
AAPL,2024-02-20,1,hybrid,lightgbm,tuned_optimized_threshold,0.4,0.6813662034248815,1
MSFT,2024-02-20,0,hybrid,lightgbm,tuned_optimized_threshold,0.4,0.4791991392862765,1
NVDA,2024-02-20,0,hybrid,lightgbm,tuned_optimized_threshold,0.4,0.38390668226427305,0
TSLA,2024-02-20,1,hybrid,lightgbm,tuned_optimized_threshold,0.4,0.5029572934507263,1
AAPL,2024-02-21,1,hybrid,lightgbm,tuned_optimized_threshold,0.4,0.6161111070596765,1
MSFT,2024-02-21,1,hybrid,lightgbm,tuned_optimized_threshold,0.4,0.5103098435976344,1
NVDA,2024-02-21,1,hybrid,lightgbm,tuned_optimized_threshold,0.4,0.6816383764357687,1
TSLA,2024-02-21,1,hybrid,lightgbm,tuned_optimized_threshold,0.4,0.5986280525061362,1
AAPL,2024-02-22,0,hybrid,lightgbm,tuned_optimized_threshold,0.4,0.637593187749531,1
MSFT,2024-02-22,0,hybrid,lightgbm,tuned_optimized_threshold,0.4,0.3813086019663293,0
NVDA,2024-02-22,1,hybrid,lightgbm,tuned_optimized_threshold,0.4,0.5432936686476046,1
TSLA,2024-02-22,0,hybrid,lightgbm,tuned_optimized_threshold,0.4,0.3723885585138993,0
AAPL,2024-02-23,0,hybrid,lightgbm,tuned_optimized_threshold,0.4,0.7873935098085484,1
MSFT,2024-02-23,0,hybrid,lightgbm,tuned_optimized_threshold,0.4,0.5933764024358745,1
NVDA,2024-02-23,1,hybrid,lightgbm,tuned_optimized_threshold,0.4,0.49546553504687274,1
TSLA,2024-02-23,1,hybrid,lightgbm,tuned_optimized_threshold,0.4,0.3878229299521916,0
AAPL,2024-02-26,1,hybrid,lightgbm,tuned_optimized_threshold,0.4,0.6690599962968391,1
MSFT,2024-02-26,0,hybrid,lightgbm,tuned_optimized_threshold,0.4,0.22149128349329028,0
NVDA,2024-02-26,0,hybrid,lightgbm,tuned_optimized_threshold,0.4,0.2915374738655776,0
TSLA,2024-02-26,1,hybrid,lightgbm,tuned_optimized_threshold,0.4,0.41477529251137085,1
AAPL,2024-02-27,0,hybrid,lightgbm,tuned_optimized_threshold,0.4,0.5940542618261294,1
MSFT,2024-02-27,1,hybrid,lightgbm,tuned_optimized_threshold,0.4,0.34714214461190807,0
NVDA,2024-02-27,0,hybrid,lightgbm,tuned_optimized_threshold,0.4,0.5498492231247804,1
TSLA,2024-02-27,1,hybrid,lightgbm,tuned_optimized_threshold,0.4,0.5965819579283088,1
AAPL,2024-02-28,0,hybrid,lightgbm,tuned_optimized_threshold,0.4,0.6925574468592429,1
MSFT,2024-02-28,1,hybrid,lightgbm,tuned_optimized_threshold,0.4,0.3326567206694776,0
NVDA,2024-02-28,1,hybrid,lightgbm,tuned_optimized_threshold,0.4,0.5396928574726747,1
TSLA,2024-02-28,0,hybrid,lightgbm,tuned_optimized_threshold,0.4,0.5641039376622168,1
AAPL,2024-02-29,0,hybrid,lightgbm,tuned_optimized_threshold,0.4,0.7207978217233038,1
MSFT,2024-02-29,1,hybrid,lightgbm,tuned_optimized_threshold,0.4,0.2345394200620562,0
NVDA,2024-02-29,1,hybrid,lightgbm,tuned_optimized_threshold,0.4,0.6476316494682921,1
TSLA,2024-02-29,1,hybrid,lightgbm,tuned_optimized_threshold,0.4,0.620552296681923,1
AAPL,2024-03-01,0,hybrid,lightgbm,tuned_optimized_threshold,0.4,0.709528256762344,1
MSFT,2024-03-01,0,hybrid,lightgbm,tuned_optimized_threshold,0.4,0.23684516866343835,0
NVDA,2024-03-01,1,hybrid,lightgbm,tuned_optimized_threshold,0.4,0.5154509551144217,1
TSLA,2024-03-01,0,hybrid,lightgbm,tuned_optimized_threshold,0.4,0.5717917510271865,1
AAPL,2024-03-04,0,hybrid,lightgbm,tuned_optimized_threshold,0.4,0.8168002231604461,1
MSFT,2024-03-04,0,hybrid,lightgbm,tuned_optimized_threshold,0.4,0.2335275044899838,0
NVDA,2024-03-04,1,hybrid,lightgbm,tuned_optimized_threshold,0.4,0.5893558371200913,1
TSLA,2024-03-04,0,hybrid,lightgbm,tuned_optimized_threshold,0.4,0.6181496214539631,1
AAPL,2024-03-05,0,hybrid,lightgbm,tuned_optimized_threshold,0.4,0.6269119578293083,1
MSFT,2024-03-05,0,hybrid,lightgbm,tuned_optimized_threshold,0.4,0.5225000320694353,1
NVDA,2024-03-05,1,hybrid,lightgbm,tuned_optimized_threshold,0.4,0.5457237972483368,1
TSLA,2024-03-05,0,hybrid,lightgbm,tuned_optimized_threshold,0.4,0.5696697167399664,1
AAPL,2024-03-06,0,hybrid,lightgbm,tuned_optimized_threshold,0.4,0.7291066476604966,1
MSFT,2024-03-06,1,hybrid,lightgbm,tuned_optimized_threshold,0.4,0.5090205283033281,1
NVDA,2024-03-06,1,hybrid,lightgbm,tuned_optimized_threshold,0.4,0.5373556091971212,1
TSLA,2024-03-06,1,hybrid,lightgbm,tuned_optimized_threshold,0.4,0.5368551924736625,1
AAPL,2024-03-07,1,hybrid,lightgbm,tuned_optimized_threshold,0.4,0.7628289582941782,1
MSFT,2024-03-07,0,hybrid,lightgbm,tuned_optimized_threshold,0.4,0.2877648529320751,0
NVDA,2024-03-07,0,hybrid,lightgbm,tuned_optimized_threshold,0.4,0.2523591700324982,0
TSLA,2024-03-07,0,hybrid,lightgbm,tuned_optimized_threshold,0.4,0.5147653158191401,1
AAPL,2024-03-08,1,hybrid,lightgbm,tuned_optimized_threshold,0.4,0.5559622065045358,1
MSFT,2024-03-08,0,hybrid,lightgbm,tuned_optimized_threshold,0.4,0.4539235249149715,1
NVDA,2024-03-08,0,hybrid,lightgbm,tuned_optimized_threshold,0.4,0.34578271513817627,0
TSLA,2024-03-08,1,hybrid,lightgbm,tuned_optimized_threshold,0.4,0.5942052156838659,1
AAPL,2024-03-11,1,hybrid,lightgbm,tuned_optimized_threshold,0.4,0.5545577149362663,1
MSFT,2024-03-11,1,hybrid,lightgbm,tuned_optimized_threshold,0.4,0.38650372134552485,0
NVDA,2024-03-11,1,hybrid,lightgbm,tuned_optimized_threshold,0.4,0.3878307192193836,0
TSLA,2024-03-11,0,hybrid,lightgbm,tuned_optimized_threshold,0.4,0.46237422095614905,1
AAPL,2024-03-12,0,hybrid,lightgbm,tuned_optimized_threshold,0.4,0.6051841422489256,1
MSFT,2024-03-12,0,hybrid,lightgbm,tuned_optimized_threshold,0.4,0.3100328102156265,0
NVDA,2024-03-12,0,hybrid,lightgbm,tuned_optimized_threshold,0.4,0.4163763390773785,1
TSLA,2024-03-12,0,hybrid,lightgbm,tuned_optimized_threshold,0.4,0.5636487207721822,1
AAPL,2024-03-13,1,hybrid,lightgbm,tuned_optimized_threshold,0.4,0.743156990202491,1
MSFT,2024-03-13,1,hybrid,lightgbm,tuned_optimized_threshold,0.4,0.3518179338752004,0
NVDA,2024-03-13,0,hybrid,lightgbm,tuned_optimized_threshold,0.4,0.33827950607880286,0
TSLA,2024-03-13,0,hybrid,lightgbm,tuned_optimized_threshold,0.4,0.530546043900256,1
AAPL,2024-03-14,0,hybrid,lightgbm,tuned_optimized_threshold,0.4,0.5366165717362565,1
MSFT,2024-03-14,0,hybrid,lightgbm,tuned_optimized_threshold,0.4,0.33217742021341584,0
NVDA,2024-03-14,0,hybrid,lightgbm,tuned_optimized_threshold,0.4,0.6307536212935643,1
TSLA,2024-03-14,1,hybrid,lightgbm,tuned_optimized_threshold,0.4,0.6012477698090061,1
AAPL,2024-03-15,1,hybrid,lightgbm,tuned_optimized_threshold,0.4,0.6260669005420127,1
MSFT,2024-03-15,1,hybrid,lightgbm,tuned_optimized_threshold,0.4,0.4311087601598215,1
NVDA,2024-03-15,1,hybrid,lightgbm,tuned_optimized_threshold,0.4,0.5020356199725616,1
TSLA,2024-03-15,1,hybrid,lightgbm,tuned_optimized_threshold,0.4,0.6394497413485312,1
AAPL,2024-03-18,1,hybrid,lightgbm,tuned_optimized_threshold,0.4,0.6218849477865555,1
MSFT,2024-03-18,1,hybrid,lightgbm,tuned_optimized_threshold,0.4,0.2915897835884493,0
NVDA,2024-03-18,1,hybrid,lightgbm,tuned_optimized_threshold,0.4,0.36994094984247694,0
TSLA,2024-03-18,0,hybrid,lightgbm,tuned_optimized_threshold,0.4,0.4114028069199998,1
AAPL,2024-03-19,1,hybrid,lightgbm,tuned_optimized_threshold,0.4,0.5728691546756838,1
MSFT,2024-03-19,1,hybrid,lightgbm,tuned_optimized_threshold,0.4,0.3022150232949151,0
NVDA,2024-03-19,1,hybrid,lightgbm,tuned_optimized_threshold,0.4,0.47186587047529116,1
TSLA,2024-03-19,1,hybrid,lightgbm,tuned_optimized_threshold,0.4,0.6213299320735384,1
AAPL,2024-03-20,0,hybrid,lightgbm,tuned_optimized_threshold,0.4,0.652012714439918,1
MSFT,2024-03-20,1,hybrid,lightgbm,tuned_optimized_threshold,0.4,0.30072757254151594,0
NVDA,2024-03-20,1,hybrid,lightgbm,tuned_optimized_threshold,0.4,0.41662416532261143,1
TSLA,2024-03-20,0,hybrid,lightgbm,tuned_optimized_threshold,0.4,0.519337142728255,1
AAPL,2024-03-21,1,hybrid,lightgbm,tuned_optimized_threshold,0.4,0.5276163751570202,1
MSFT,2024-03-21,0,hybrid,lightgbm,tuned_optimized_threshold,0.4,0.5349028441502307,1
NVDA,2024-03-21,1,hybrid,lightgbm,tuned_optimized_threshold,0.4,0.40370138007026735,1
TSLA,2024-03-21,0,hybrid,lightgbm,tuned_optimized_threshold,0.4,0.2058189917387846,0
AAPL,2024-03-22,0,hybrid,lightgbm,tuned_optimized_threshold,0.4,0.5109899193602219,1
MSFT,2024-03-22,0,hybrid,lightgbm,tuned_optimized_threshold,0.4,0.4036616678740195,1
NVDA,2024-03-22,1,hybrid,lightgbm,tuned_optimized_threshold,0.4,0.5035210382865674,1
TSLA,2024-03-22,1,hybrid,lightgbm,tuned_optimized_threshold,0.4,0.5036668958550087,1
AAPL,2024-03-25,0,hybrid,lightgbm,tuned_optimized_threshold,0.4,0.5752033652811125,1
MSFT,2024-03-25,0,hybrid,lightgbm,tuned_optimized_threshold,0.4,0.19059479394081943,0
NVDA,2024-03-25,0,hybrid,lightgbm,tuned_optimized_threshold,0.4,0.5654572571250617,1
TSLA,2024-03-25,1,hybrid,lightgbm,tuned_optimized_threshold,0.4,0.621214829949059,1
AAPL,2024-03-26,1,hybrid,lightgbm,tuned_optimized_threshold,0.4,0.6310330709218086,1
MSFT,2024-03-26,0,hybrid,lightgbm,tuned_optimized_threshold,0.4,0.5201069872381855,1
NVDA,2024-03-26,0,hybrid,lightgbm,tuned_optimized_threshold,0.4,0.5378300686066992,1
TSLA,2024-03-26,1,hybrid,lightgbm,tuned_optimized_threshold,0.4,0.42699020204520083,1
AAPL,2024-03-27,0,hybrid,lightgbm,tuned_optimized_threshold,0.4,0.5193681721451154,1
MSFT,2024-03-27,0,hybrid,lightgbm,tuned_optimized_threshold,0.4,0.39006838833183494,0
NVDA,2024-03-27,1,hybrid,lightgbm,tuned_optimized_threshold,0.4,0.6567424417701558,1
TSLA,2024-03-27,0,hybrid,lightgbm,tuned_optimized_threshold,0.4,0.5907522055743081,1
AAPL,2024-03-28,0,hybrid,lightgbm,tuned_optimized_threshold,0.4,0.5323859155598717,1
MSFT,2024-03-28,1,hybrid,lightgbm,tuned_optimized_threshold,0.4,0.3155239037361843,0
NVDA,2024-03-28,1,hybrid,lightgbm,tuned_optimized_threshold,0.4,0.4118341731447465,1
TSLA,2024-03-28,0,hybrid,lightgbm,tuned_optimized_threshold,0.4,0.6038234155501985,1
AAPL,2024-04-01,0,hybrid,lightgbm,tuned_optimized_threshold,0.4,0.6801134783709938,1
MSFT,2024-04-01,0,hybrid,lightgbm,tuned_optimized_threshold,0.4,0.23238773222083303,0
NVDA,2024-04-01,0,hybrid,lightgbm,tuned_optimized_threshold,0.4,0.41465082111060036,1
TSLA,2024-04-01,0,hybrid,lightgbm,tuned_optimized_threshold,0.4,0.5085412293212019,1
AAPL,2024-04-02,1,hybrid,lightgbm,tuned_optimized_threshold,0.4,0.5754705228671643,1
MSFT,2024-04-02,0,hybrid,lightgbm,tuned_optimized_threshold,0.4,0.4141925550748112,1
NVDA,2024-04-02,0,hybrid,lightgbm,tuned_optimized_threshold,0.4,0.6927919383924184,1
TSLA,2024-04-02,1,hybrid,lightgbm,tuned_optimized_threshold,0.4,0.6285732383337586,1
AAPL,2024-04-03,0,hybrid,lightgbm,tuned_optimized_threshold,0.4,0.5901260278280346,1
MSFT,2024-04-03,0,hybrid,lightgbm,tuned_optimized_threshold,0.4,0.434396413559588,1
NVDA,2024-04-03,0,hybrid,lightgbm,tuned_optimized_threshold,0.4,0.539265125992854,1
TSLA,2024-04-03,1,hybrid,lightgbm,tuned_optimized_threshold,0.4,0.5447054573341253,1
AAPL,2024-04-04,1,hybrid,lightgbm,tuned_optimized_threshold,0.4,0.6737721984511235,1
MSFT,2024-04-04,1,hybrid,lightgbm,tuned_optimized_threshold,0.4,0.47350933984243043,1
NVDA,2024-04-04,1,hybrid,lightgbm,tuned_optimized_threshold,0.4,0.6104540746418268,1
TSLA,2024-04-04,0,hybrid,lightgbm,tuned_optimized_threshold,0.4,0.5335004440231116,1
AAPL,2024-04-05,0,hybrid,lightgbm,tuned_optimized_threshold,0.4,0.6002113243666027,1
MSFT,2024-04-05,0,hybrid,lightgbm,tuned_optimized_threshold,0.4,0.3892722050011696,0
NVDA,2024-04-05,0,hybrid,lightgbm,tuned_optimized_threshold,0.4,0.4060784992182738,1
TSLA,2024-04-05,1,hybrid,lightgbm,tuned_optimized_threshold,0.4,0.5935341418060471,1
AAPL,2024-04-08,1,hybrid,lightgbm,tuned_optimized_threshold,0.4,0.6930734511072603,1
MSFT,2024-04-08,1,hybrid,lightgbm,tuned_optimized_threshold,0.4,0.33508668373685063,0
NVDA,2024-04-08,0,hybrid,lightgbm,tuned_optimized_threshold,0.4,0.5641721425331416,1
TSLA,2024-04-08,1,hybrid,lightgbm,tuned_optimized_threshold,0.4,0.292229390790997,0
AAPL,2024-04-09,0,hybrid,lightgbm,tuned_optimized_threshold,0.4,0.6385028216810905,1
MSFT,2024-04-09,0,hybrid,lightgbm,tuned_optimized_threshold,0.4,0.5091537499671943,1
NVDA,2024-04-09,1,hybrid,lightgbm,tuned_optimized_threshold,0.4,0.5542911581762773,1
TSLA,2024-04-09,0,hybrid,lightgbm,tuned_optimized_threshold,0.4,0.33153587170922577,0
AAPL,2024-04-10,1,hybrid,lightgbm,tuned_optimized_threshold,0.4,0.6557983054317033,1
MSFT,2024-04-10,1,hybrid,lightgbm,tuned_optimized_threshold,0.4,0.15836692769650185,0
NVDA,2024-04-10,1,hybrid,lightgbm,tuned_optimized_threshold,0.4,0.6012271399478836,1
TSLA,2024-04-10,1,hybrid,lightgbm,tuned_optimized_threshold,0.4,0.6165126946686987,1
AAPL,2024-04-11,1,hybrid,lightgbm,tuned_optimized_threshold,0.4,0.44663074488130133,1
MSFT,2024-04-11,0,hybrid,lightgbm,tuned_optimized_threshold,0.4,0.49344671561155806,1
NVDA,2024-04-11,0,hybrid,lightgbm,tuned_optimized_threshold,0.4,0.6323787441670748,1
TSLA,2024-04-11,0,hybrid,lightgbm,tuned_optimized_threshold,0.4,0.44372810725499895,1
AAPL,2024-04-12,0,hybrid,lightgbm,tuned_optimized_threshold,0.4,0.5283840598082956,1
MSFT,2024-04-12,0,hybrid,lightgbm,tuned_optimized_threshold,0.4,0.3798776945586544,0
NVDA,2024-04-12,0,hybrid,lightgbm,tuned_optimized_threshold,0.4,0.5766818394440425,1
TSLA,2024-04-12,0,hybrid,lightgbm,tuned_optimized_threshold,0.4,0.5398558874002525,1
AAPL,2024-04-15,0,hybrid,lightgbm,tuned_optimized_threshold,0.4,0.46014368542148293,1
MSFT,2024-04-15,1,hybrid,lightgbm,tuned_optimized_threshold,0.4,0.580962175745195,1
NVDA,2024-04-15,1,hybrid,lightgbm,tuned_optimized_threshold,0.4,0.4814702692721736,1
TSLA,2024-04-15,0,hybrid,lightgbm,tuned_optimized_threshold,0.4,0.2984772134012094,0
AAPL,2024-04-16,0,hybrid,lightgbm,tuned_optimized_threshold,0.4,0.4948343644660507,1
MSFT,2024-04-16,0,hybrid,lightgbm,tuned_optimized_threshold,0.4,0.5068033263387117,1
NVDA,2024-04-16,0,hybrid,lightgbm,tuned_optimized_threshold,0.4,0.46118696764862394,1
TSLA,2024-04-16,0,hybrid,lightgbm,tuned_optimized_threshold,0.4,0.6296186706083079,1
AAPL,2024-04-17,0,hybrid,lightgbm,tuned_optimized_threshold,0.4,0.615327669431534,1
MSFT,2024-04-17,0,hybrid,lightgbm,tuned_optimized_threshold,0.4,0.22699803208261726,0
NVDA,2024-04-17,1,hybrid,lightgbm,tuned_optimized_threshold,0.4,0.6053078025816673,1
TSLA,2024-04-17,0,hybrid,lightgbm,tuned_optimized_threshold,0.4,0.5850747103849735,1
AAPL,2024-04-18,0,hybrid,lightgbm,tuned_optimized_threshold,0.4,0.6457028372808488,1
MSFT,2024-04-18,0,hybrid,lightgbm,tuned_optimized_threshold,0.4,0.5223084828166633,1
NVDA,2024-04-18,0,hybrid,lightgbm,tuned_optimized_threshold,0.4,0.48533268073452146,1
TSLA,2024-04-18,0,hybrid,lightgbm,tuned_optimized_threshold,0.4,0.5019523136920019,1
AAPL,2024-04-19,1,hybrid,lightgbm,tuned_optimized_threshold,0.4,0.3120211424088317,0
MSFT,2024-04-19,1,hybrid,lightgbm,tuned_optimized_threshold,0.4,0.4470347420739164,1
NVDA,2024-04-19,1,hybrid,lightgbm,tuned_optimized_threshold,0.4,0.5010048030037126,1
TSLA,2024-04-19,0,hybrid,lightgbm,tuned_optimized_threshold,0.4,0.5707135979655419,1
AAPL,2024-04-22,1,hybrid,lightgbm,tuned_optimized_threshold,0.4,0.6408814090591631,1
MSFT,2024-04-22,1,hybrid,lightgbm,tuned_optimized_threshold,0.4,0.31295518486658275,0
NVDA,2024-04-22,1,hybrid,lightgbm,tuned_optimized_threshold,0.4,0.4816323249035639,1
TSLA,2024-04-22,1,hybrid,lightgbm,tuned_optimized_threshold,0.4,0.704513105091533,1
AAPL,2024-04-23,1,hybrid,lightgbm,tuned_optimized_threshold,0.4,0.5508384866909274,1
MSFT,2024-04-23,1,hybrid,lightgbm,tuned_optimized_threshold,0.4,0.2318744161187673,0
NVDA,2024-04-23,0,hybrid,lightgbm,tuned_optimized_threshold,0.4,0.4546895204282157,1
TSLA,2024-04-23,1,hybrid,lightgbm,tuned_optimized_threshold,0.4,0.4752921137487554,1
AAPL,2024-04-24,1,hybrid,lightgbm,tuned_optimized_threshold,0.4,0.5684596076286378,1
MSFT,2024-04-24,0,hybrid,lightgbm,tuned_optimized_threshold,0.4,0.37805702833575805,0
NVDA,2024-04-24,1,hybrid,lightgbm,tuned_optimized_threshold,0.4,0.7631148935092301,1
TSLA,2024-04-24,1,hybrid,lightgbm,tuned_optimized_threshold,0.4,0.32121048018181036,0
AAPL,2024-04-25,0,hybrid,lightgbm,tuned_optimized_threshold,0.4,0.5817033022115284,1
MSFT,2024-04-25,1,hybrid,lightgbm,tuned_optimized_threshold,0.4,0.19868819566534174,0
NVDA,2024-04-25,1,hybrid,lightgbm,tuned_optimized_threshold,0.4,0.6091381512458384,1
TSLA,2024-04-25,0,hybrid,lightgbm,tuned_optimized_threshold,0.4,0.4675421282529059,1
AAPL,2024-04-26,1,hybrid,lightgbm,tuned_optimized_threshold,0.4,0.6611421232009171,1
MSFT,2024-04-26,0,hybrid,lightgbm,tuned_optimized_threshold,0.4,0.39310693738014535,0
NVDA,2024-04-26,1,hybrid,lightgbm,tuned_optimized_threshold,0.4,0.5411753619241486,1
TSLA,2024-04-26,1,hybrid,lightgbm,tuned_optimized_threshold,0.4,0.5168799316042829,1
AAPL,2024-04-29,0,hybrid,lightgbm,tuned_optimized_threshold,0.4,0.5201724221418808,1
MSFT,2024-04-29,0,hybrid,lightgbm,tuned_optimized_threshold,0.4,0.36176202680664155,0
NVDA,2024-04-29,0,hybrid,lightgbm,tuned_optimized_threshold,0.4,0.4441269260388617,1
TSLA,2024-04-29,0,hybrid,lightgbm,tuned_optimized_threshold,0.4,0.44369123177912423,1
AAPL,2024-04-30,0,hybrid,lightgbm,tuned_optimized_threshold,0.4,0.520502065931462,1
MSFT,2024-04-30,1,hybrid,lightgbm,tuned_optimized_threshold,0.4,0.4803004427963269,1
NVDA,2024-04-30,0,hybrid,lightgbm,tuned_optimized_threshold,0.4,0.4742507390311424,1
TSLA,2024-04-30,0,hybrid,lightgbm,tuned_optimized_threshold,0.4,0.6628873950470262,1
AAPL,2024-05-01,1,hybrid,lightgbm,tuned_optimized_threshold,0.4,0.6072353915563401,1
MSFT,2024-05-01,1,hybrid,lightgbm,tuned_optimized_threshold,0.4,0.6295294250139453,1
NVDA,2024-05-01,1,hybrid,lightgbm,tuned_optimized_threshold,0.4,0.5130103884131815,1
TSLA,2024-05-01,1,hybrid,lightgbm,tuned_optimized_threshold,0.4,0.4943213744701842,1
AAPL,2024-05-02,1,hybrid,lightgbm,tuned_optimized_threshold,0.4,0.5273204940551562,1
MSFT,2024-05-02,1,hybrid,lightgbm,tuned_optimized_threshold,0.4,0.3902360569743558,0
NVDA,2024-05-02,1,hybrid,lightgbm,tuned_optimized_threshold,0.4,0.40897257654855423,1
TSLA,2024-05-02,1,hybrid,lightgbm,tuned_optimized_threshold,0.4,0.7202277624703904,1
AAPL,2024-05-03,0,hybrid,lightgbm,tuned_optimized_threshold,0.4,0.4632031036301317,1
MSFT,2024-05-03,1,hybrid,lightgbm,tuned_optimized_threshold,0.4,0.3561174718031913,0
NVDA,2024-05-03,1,hybrid,lightgbm,tuned_optimized_threshold,0.4,0.49078784368667067,1
TSLA,2024-05-03,1,hybrid,lightgbm,tuned_optimized_threshold,0.4,0.5970501481467299,1
AAPL,2024-05-06,1,hybrid,lightgbm,tuned_optimized_threshold,0.4,0.6541421953281849,1
MSFT,2024-05-06,0,hybrid,lightgbm,tuned_optimized_threshold,0.4,0.5325297419567545,1
NVDA,2024-05-06,0,hybrid,lightgbm,tuned_optimized_threshold,0.4,0.25623938639759525,0
TSLA,2024-05-06,0,hybrid,lightgbm,tuned_optimized_threshold,0.4,0.5566449908002302,1
AAPL,2024-05-07,1,hybrid,lightgbm,tuned_optimized_threshold,0.4,0.4782508663137126,1
MSFT,2024-05-07,1,hybrid,lightgbm,tuned_optimized_threshold,0.4,0.29783480130159706,0
NVDA,2024-05-07,0,hybrid,lightgbm,tuned_optimized_threshold,0.4,0.35023629170592335,0
TSLA,2024-05-07,0,hybrid,lightgbm,tuned_optimized_threshold,0.4,0.5744808027783688,1
AAPL,2024-05-08,1,hybrid,lightgbm,tuned_optimized_threshold,0.4,0.4873938971247334,1
MSFT,2024-05-08,1,hybrid,lightgbm,tuned_optimized_threshold,0.4,0.2097889707816957,0
NVDA,2024-05-08,0,hybrid,lightgbm,tuned_optimized_threshold,0.4,0.42727750000062015,1
TSLA,2024-05-08,0,hybrid,lightgbm,tuned_optimized_threshold,0.4,0.5183296192704521,1
AAPL,2024-05-09,0,hybrid,lightgbm,tuned_optimized_threshold,0.4,0.4554542084208309,1
MSFT,2024-05-09,1,hybrid,lightgbm,tuned_optimized_threshold,0.4,0.35571609869854126,0
NVDA,2024-05-09,1,hybrid,lightgbm,tuned_optimized_threshold,0.4,0.4241153395585833,1
TSLA,2024-05-09,0,hybrid,lightgbm,tuned_optimized_threshold,0.4,0.5364538794892603,1
AAPL,2024-05-10,1,hybrid,lightgbm,tuned_optimized_threshold,0.4,0.5774340287367734,1
MSFT,2024-05-10,0,hybrid,lightgbm,tuned_optimized_threshold,0.4,0.45233355507831147,1
NVDA,2024-05-10,1,hybrid,lightgbm,tuned_optimized_threshold,0.4,0.4992595603598251,1
TSLA,2024-05-10,1,hybrid,lightgbm,tuned_optimized_threshold,0.4,0.5962204096297943,1
AAPL,2024-05-13,1,hybrid,lightgbm,tuned_optimized_threshold,0.4,0.5357884165284397,1
MSFT,2024-05-13,1,hybrid,lightgbm,tuned_optimized_threshold,0.4,0.6102796236472181,1
NVDA,2024-05-13,1,hybrid,lightgbm,tuned_optimized_threshold,0.4,0.6244111347344814,1
TSLA,2024-05-13,1,hybrid,lightgbm,tuned_optimized_threshold,0.4,0.5959200656365489,1
AAPL,2024-05-14,1,hybrid,lightgbm,tuned_optimized_threshold,0.4,0.47622519783380834,1
MSFT,2024-05-14,1,hybrid,lightgbm,tuned_optimized_threshold,0.4,0.26654653020418867,0
NVDA,2024-05-14,1,hybrid,lightgbm,tuned_optimized_threshold,0.4,0.41939652282317347,1
TSLA,2024-05-14,0,hybrid,lightgbm,tuned_optimized_threshold,0.4,0.5245776859347758,1
AAPL,2024-05-15,1,hybrid,lightgbm,tuned_optimized_threshold,0.4,0.5208220947544512,1
MSFT,2024-05-15,0,hybrid,lightgbm,tuned_optimized_threshold,0.4,0.31334625667621246,0
NVDA,2024-05-15,0,hybrid,lightgbm,tuned_optimized_threshold,0.4,0.6335270987138748,1
TSLA,2024-05-15,1,hybrid,lightgbm,tuned_optimized_threshold,0.4,0.5441038120549629,1
AAPL,2024-05-16,1,hybrid,lightgbm,tuned_optimized_threshold,0.4,0.5859079861310591,1
MSFT,2024-05-16,0,hybrid,lightgbm,tuned_optimized_threshold,0.4,0.25505963656883185,0
NVDA,2024-05-16,0,hybrid,lightgbm,tuned_optimized_threshold,0.4,0.5055165216304871,1
TSLA,2024-05-16,1,hybrid,lightgbm,tuned_optimized_threshold,0.4,0.6229492147331819,1
AAPL,2024-05-17,1,hybrid,lightgbm,tuned_optimized_threshold,0.4,0.5970929731263734,1
MSFT,2024-05-17,1,hybrid,lightgbm,tuned_optimized_threshold,0.4,0.2628718473456912,0
NVDA,2024-05-17,1,hybrid,lightgbm,tuned_optimized_threshold,0.4,0.6289480971417972,1
TSLA,2024-05-17,0,hybrid,lightgbm,tuned_optimized_threshold,0.4,0.5770380388345012,1
AAPL,2024-05-20,1,hybrid,lightgbm,tuned_optimized_threshold,0.4,0.3770570628935149,0
MSFT,2024-05-20,1,hybrid,lightgbm,tuned_optimized_threshold,0.4,0.3315035751203062,0
NVDA,2024-05-20,1,hybrid,lightgbm,tuned_optimized_threshold,0.4,0.587565875340005,1
TSLA,2024-05-20,1,hybrid,lightgbm,tuned_optimized_threshold,0.4,0.4087931257308823,1
AAPL,2024-05-21,0,hybrid,lightgbm,tuned_optimized_threshold,0.4,0.2687767067534217,0
MSFT,2024-05-21,1,hybrid,lightgbm,tuned_optimized_threshold,0.4,0.1428988475210269,0
NVDA,2024-05-21,0,hybrid,lightgbm,tuned_optimized_threshold,0.4,0.593205118825949,1
TSLA,2024-05-21,0,hybrid,lightgbm,tuned_optimized_threshold,0.4,0.34518099705673094,0
AAPL,2024-05-22,0,hybrid,lightgbm,tuned_optimized_threshold,0.4,0.5459094597571218,1
MSFT,2024-05-22,0,hybrid,lightgbm,tuned_optimized_threshold,0.4,0.0986769997242775,0
NVDA,2024-05-22,1,hybrid,lightgbm,tuned_optimized_threshold,0.4,0.7313637012623275,1
TSLA,2024-05-22,0,hybrid,lightgbm,tuned_optimized_threshold,0.4,0.567838066336236,1
AAPL,2024-05-23,1,hybrid,lightgbm,tuned_optimized_threshold,0.4,0.5155012679770689,1
MSFT,2024-05-23,1,hybrid,lightgbm,tuned_optimized_threshold,0.4,0.39892929013145295,0
NVDA,2024-05-23,1,hybrid,lightgbm,tuned_optimized_threshold,0.4,0.5705651612240701,1
TSLA,2024-05-23,1,hybrid,lightgbm,tuned_optimized_threshold,0.4,0.5895334411441483,1
AAPL,2024-05-24,1,hybrid,lightgbm,tuned_optimized_threshold,0.4,0.57100529364163,1
MSFT,2024-05-24,1,hybrid,lightgbm,tuned_optimized_threshold,0.4,0.2355708526468281,0
NVDA,2024-05-24,1,hybrid,lightgbm,tuned_optimized_threshold,0.4,0.32426377491332803,0
TSLA,2024-05-24,0,hybrid,lightgbm,tuned_optimized_threshold,0.4,0.4688737893022615,1
AAPL,2024-05-28,1,hybrid,lightgbm,tuned_optimized_threshold,0.4,0.33653929366232804,0
MSFT,2024-05-28,0,hybrid,lightgbm,tuned_optimized_threshold,0.4,0.612230020084039,1
NVDA,2024-05-28,1,hybrid,lightgbm,tuned_optimized_threshold,0.4,0.432043028683354,1
TSLA,2024-05-28,0,hybrid,lightgbm,tuned_optimized_threshold,0.4,0.4674136465073718,1
AAPL,2024-05-29,1,hybrid,lightgbm,tuned_optimized_threshold,0.4,0.5912652308058721,1
MSFT,2024-05-29,0,hybrid,lightgbm,tuned_optimized_threshold,0.4,0.5590361587343016,1
NVDA,2024-05-29,0,hybrid,lightgbm,tuned_optimized_threshold,0.4,0.5404016513461559,1
TSLA,2024-05-29,1,hybrid,lightgbm,tuned_optimized_threshold,0.4,0.5522872375058615,1
AAPL,2024-05-30,1,hybrid,lightgbm,tuned_optimized_threshold,0.4,0.5659560201905744,1
MSFT,2024-05-30,1,hybrid,lightgbm,tuned_optimized_threshold,0.4,0.5307458562035176,1
NVDA,2024-05-30,0,hybrid,lightgbm,tuned_optimized_threshold,0.4,0.4921996935760843,1
TSLA,2024-05-30,0,hybrid,lightgbm,tuned_optimized_threshold,0.4,0.5270205169810399,1
AAPL,2024-05-31,1,hybrid,lightgbm,tuned_optimized_threshold,0.4,0.5433853728523497,1
MSFT,2024-05-31,0,hybrid,lightgbm,tuned_optimized_threshold,0.4,0.22822126604066742,0
NVDA,2024-05-31,1,hybrid,lightgbm,tuned_optimized_threshold,0.4,0.5518672908255814,1
TSLA,2024-05-31,0,hybrid,lightgbm,tuned_optimized_threshold,0.4,0.5164950270788591,1
AAPL,2024-06-03,1,hybrid,lightgbm,tuned_optimized_threshold,0.4,0.533746647246659,1
MSFT,2024-06-03,1,hybrid,lightgbm,tuned_optimized_threshold,0.4,0.2942510815009207,0
NVDA,2024-06-03,1,hybrid,lightgbm,tuned_optimized_threshold,0.4,0.48339050905645153,1
TSLA,2024-06-03,0,hybrid,lightgbm,tuned_optimized_threshold,0.4,0.4591447890284337,1
AAPL,2024-06-04,1,hybrid,lightgbm,tuned_optimized_threshold,0.4,0.41257556822840413,1
MSFT,2024-06-04,1,hybrid,lightgbm,tuned_optimized_threshold,0.4,0.5301642595526751,1
NVDA,2024-06-04,1,hybrid,lightgbm,tuned_optimized_threshold,0.4,0.4203018674508256,1
TSLA,2024-06-04,1,hybrid,lightgbm,tuned_optimized_threshold,0.4,0.4523430366627604,1
AAPL,2024-06-05,0,hybrid,lightgbm,tuned_optimized_threshold,0.4,0.5318969302769527,1
MSFT,2024-06-05,1,hybrid,lightgbm,tuned_optimized_threshold,0.4,0.2828467491535013,0
NVDA,2024-06-05,0,hybrid,lightgbm,tuned_optimized_threshold,0.4,0.3565431790165259,0
TSLA,2024-06-05,1,hybrid,lightgbm,tuned_optimized_threshold,0.4,0.5295494807978092,1
AAPL,2024-06-06,1,hybrid,lightgbm,tuned_optimized_threshold,0.4,0.5740251461528095,1
MSFT,2024-06-06,0,hybrid,lightgbm,tuned_optimized_threshold,0.4,0.2869826741297734,0
NVDA,2024-06-06,0,hybrid,lightgbm,tuned_optimized_threshold,0.4,0.362205808598151,0
TSLA,2024-06-06,0,hybrid,lightgbm,tuned_optimized_threshold,0.4,0.5517921689451271,1
AAPL,2024-06-07,0,hybrid,lightgbm,tuned_optimized_threshold,0.4,0.5670509124948387,1
MSFT,2024-06-07,1,hybrid,lightgbm,tuned_optimized_threshold,0.4,0.3058037519811133,0
NVDA,2024-06-07,1,hybrid,lightgbm,tuned_optimized_threshold,0.4,0.38069730294297516,0
TSLA,2024-06-07,0,hybrid,lightgbm,tuned_optimized_threshold,0.4,0.6729076430284275,1
AAPL,2024-06-10,1,hybrid,lightgbm,tuned_optimized_threshold,0.4,0.6308024904105962,1
MSFT,2024-06-10,1,hybrid,lightgbm,tuned_optimized_threshold,0.4,0.3028904880573287,0
NVDA,2024-06-10,0,hybrid,lightgbm,tuned_optimized_threshold,0.4,0.4617765873719102,1
TSLA,2024-06-10,0,hybrid,lightgbm,tuned_optimized_threshold,0.4,0.5606421780282627,1
AAPL,2024-06-11,1,hybrid,lightgbm,tuned_optimized_threshold,0.4,0.5973050106491551,1
MSFT,2024-06-11,1,hybrid,lightgbm,tuned_optimized_threshold,0.4,0.4390222020622344,1
NVDA,2024-06-11,1,hybrid,lightgbm,tuned_optimized_threshold,0.4,0.3388802285586906,0
TSLA,2024-06-11,1,hybrid,lightgbm,tuned_optimized_threshold,0.4,0.5207037636749136,1
AAPL,2024-06-12,1,hybrid,lightgbm,tuned_optimized_threshold,0.4,0.5948923602881389,1
MSFT,2024-06-12,1,hybrid,lightgbm,tuned_optimized_threshold,0.4,0.3887850460872719,0
NVDA,2024-06-12,1,hybrid,lightgbm,tuned_optimized_threshold,0.4,0.4656855422670494,1
TSLA,2024-06-12,1,hybrid,lightgbm,tuned_optimized_threshold,0.4,0.35660603934269214,0
AAPL,2024-06-13,0,hybrid,lightgbm,tuned_optimized_threshold,0.4,0.55412924910314,1
MSFT,2024-06-13,1,hybrid,lightgbm,tuned_optimized_threshold,0.4,0.3552944369356653,0
NVDA,2024-06-13,1,hybrid,lightgbm,tuned_optimized_threshold,0.4,0.5714178425544788,1
TSLA,2024-06-13,0,hybrid,lightgbm,tuned_optimized_threshold,0.4,0.4985071109248422,1
AAPL,2024-06-14,1,hybrid,lightgbm,tuned_optimized_threshold,0.4,0.4683811257763478,1
MSFT,2024-06-14,1,hybrid,lightgbm,tuned_optimized_threshold,0.4,0.27157416362277037,0
NVDA,2024-06-14,0,hybrid,lightgbm,tuned_optimized_threshold,0.4,0.5253867616173692,1
TSLA,2024-06-14,1,hybrid,lightgbm,tuned_optimized_threshold,0.4,0.5359081276295583,1
AAPL,2024-06-17,0,hybrid,lightgbm,tuned_optimized_threshold,0.4,0.4115690239211861,1
MSFT,2024-06-17,0,hybrid,lightgbm,tuned_optimized_threshold,0.4,0.22516052326097236,0
NVDA,2024-06-17,1,hybrid,lightgbm,tuned_optimized_threshold,0.4,0.317623860294122,0
TSLA,2024-06-17,0,hybrid,lightgbm,tuned_optimized_threshold,0.4,0.3176599401521939,0
AAPL,2024-06-18,0,hybrid,lightgbm,tuned_optimized_threshold,0.4,0.45838940275005696,1
MSFT,2024-06-18,0,hybrid,lightgbm,tuned_optimized_threshold,0.4,0.4124306829092996,1
NVDA,2024-06-18,0,hybrid,lightgbm,tuned_optimized_threshold,0.4,0.4906472986803054,1
TSLA,2024-06-18,0,hybrid,lightgbm,tuned_optimized_threshold,0.4,0.5279586285657154,1
AAPL,2024-06-20,0,hybrid,lightgbm,tuned_optimized_threshold,0.4,0.1678855893434151,0
MSFT,2024-06-20,1,hybrid,lightgbm,tuned_optimized_threshold,0.4,0.28319026248800533,0
NVDA,2024-06-20,0,hybrid,lightgbm,tuned_optimized_threshold,0.4,0.549286170970369,1
TSLA,2024-06-20,1,hybrid,lightgbm,tuned_optimized_threshold,0.4,0.5168209082536871,1
AAPL,2024-06-21,1,hybrid,lightgbm,tuned_optimized_threshold,0.4,0.4869909927659897,1
MSFT,2024-06-21,0,hybrid,lightgbm,tuned_optimized_threshold,0.4,0.30617590113384274,0
NVDA,2024-06-21,0,hybrid,lightgbm,tuned_optimized_threshold,0.4,0.5875802017699527,1
TSLA,2024-06-21,0,hybrid,lightgbm,tuned_optimized_threshold,0.4,0.6104533627047911,1
AAPL,2024-06-24,1,hybrid,lightgbm,tuned_optimized_threshold,0.4,0.5061217754066407,1
MSFT,2024-06-24,1,hybrid,lightgbm,tuned_optimized_threshold,0.4,0.4358891883939646,1
NVDA,2024-06-24,1,hybrid,lightgbm,tuned_optimized_threshold,0.4,0.4528247624625867,1
TSLA,2024-06-24,1,hybrid,lightgbm,tuned_optimized_threshold,0.4,0.5867691208347742,1
AAPL,2024-06-25,1,hybrid,lightgbm,tuned_optimized_threshold,0.4,0.35758758932288637,0
MSFT,2024-06-25,1,hybrid,lightgbm,tuned_optimized_threshold,0.4,0.24865507099598144,0
NVDA,2024-06-25,1,hybrid,lightgbm,tuned_optimized_threshold,0.4,0.4963026631190716,1
TSLA,2024-06-25,1,hybrid,lightgbm,tuned_optimized_threshold,0.4,0.633125136128995,1
AAPL,2024-06-26,1,hybrid,lightgbm,tuned_optimized_threshold,0.4,0.41653699744433803,1
MSFT,2024-06-26,1,hybrid,lightgbm,tuned_optimized_threshold,0.4,0.21745370497167232,0
NVDA,2024-06-26,0,hybrid,lightgbm,tuned_optimized_threshold,0.4,0.5415084703206595,1
TSLA,2024-06-26,1,hybrid,lightgbm,tuned_optimized_threshold,0.4,0.4103297839228428,1
AAPL,2024-06-27,0,hybrid,lightgbm,tuned_optimized_threshold,0.4,0.3393981349674416,0
MSFT,2024-06-27,0,hybrid,lightgbm,tuned_optimized_threshold,0.4,0.4955321264808558,1
NVDA,2024-06-27,0,hybrid,lightgbm,tuned_optimized_threshold,0.4,0.5003483664347458,1
TSLA,2024-06-27,1,hybrid,lightgbm,tuned_optimized_threshold,0.4,0.5232628882203375,1
AAPL,2024-06-28,1,hybrid,lightgbm,tuned_optimized_threshold,0.4,0.36021213639198624,0
MSFT,2024-06-28,1,hybrid,lightgbm,tuned_optimized_threshold,0.4,0.3290255815467283,0
NVDA,2024-06-28,1,hybrid,lightgbm,tuned_optimized_threshold,0.4,0.5943852919710756,1
TSLA,2024-06-28,1,hybrid,lightgbm,tuned_optimized_threshold,0.4,0.6131152797558966,1
AAPL,2024-07-01,1,hybrid,lightgbm,tuned_optimized_threshold,0.4,0.4559792390740857,1
MSFT,2024-07-01,1,hybrid,lightgbm,tuned_optimized_threshold,0.4,0.46470660129865643,1
NVDA,2024-07-01,0,hybrid,lightgbm,tuned_optimized_threshold,0.4,0.4988993153369979,1
TSLA,2024-07-01,1,hybrid,lightgbm,tuned_optimized_threshold,0.4,0.4738047816855775,1
AAPL,2024-07-02,1,hybrid,lightgbm,tuned_optimized_threshold,0.4,0.3527427670009482,0
MSFT,2024-07-02,1,hybrid,lightgbm,tuned_optimized_threshold,0.4,0.37236387848497293,0
NVDA,2024-07-02,1,hybrid,lightgbm,tuned_optimized_threshold,0.4,0.3965266783914746,0
TSLA,2024-07-02,1,hybrid,lightgbm,tuned_optimized_threshold,0.4,0.5187490378458806,1
AAPL,2024-07-03,1,hybrid,lightgbm,tuned_optimized_threshold,0.4,0.390887453154104,0
MSFT,2024-07-03,1,hybrid,lightgbm,tuned_optimized_threshold,0.4,0.4085118750624275,1
NVDA,2024-07-03,0,hybrid,lightgbm,tuned_optimized_threshold,0.4,0.43732930554745164,1
TSLA,2024-07-03,1,hybrid,lightgbm,tuned_optimized_threshold,0.4,0.7088464127622566,1
AAPL,2024-07-05,1,hybrid,lightgbm,tuned_optimized_threshold,0.4,0.478963908241319,1
MSFT,2024-07-05,0,hybrid,lightgbm,tuned_optimized_threshold,0.4,0.5271880488338357,1
NVDA,2024-07-05,1,hybrid,lightgbm,tuned_optimized_threshold,0.4,0.4122263851529711,1
TSLA,2024-07-05,1,hybrid,lightgbm,tuned_optimized_threshold,0.4,0.7897971367727887,1
AAPL,2024-07-08,1,hybrid,lightgbm,tuned_optimized_threshold,0.4,0.4255929018579267,1
MSFT,2024-07-08,0,hybrid,lightgbm,tuned_optimized_threshold,0.4,0.43816826647688395,1
NVDA,2024-07-08,1,hybrid,lightgbm,tuned_optimized_threshold,0.4,0.46937645412058115,1
TSLA,2024-07-08,1,hybrid,lightgbm,tuned_optimized_threshold,0.4,0.5737378802866281,1
AAPL,2024-07-09,1,hybrid,lightgbm,tuned_optimized_threshold,0.4,0.4076733087298609,1
MSFT,2024-07-09,1,hybrid,lightgbm,tuned_optimized_threshold,0.4,0.3705513990965979,0
NVDA,2024-07-09,1,hybrid,lightgbm,tuned_optimized_threshold,0.4,0.6032382917828385,1
TSLA,2024-07-09,1,hybrid,lightgbm,tuned_optimized_threshold,0.4,0.5234239063839347,1
AAPL,2024-07-10,0,hybrid,lightgbm,tuned_optimized_threshold,0.4,0.3089654507787355,0
MSFT,2024-07-10,0,hybrid,lightgbm,tuned_optimized_threshold,0.4,0.4095426491453505,1
NVDA,2024-07-10,0,hybrid,lightgbm,tuned_optimized_threshold,0.4,0.5006971374412593,1
TSLA,2024-07-10,0,hybrid,lightgbm,tuned_optimized_threshold,0.4,0.6185483224885394,1
AAPL,2024-07-11,1,hybrid,lightgbm,tuned_optimized_threshold,0.4,0.29659231091354243,0
MSFT,2024-07-11,0,hybrid,lightgbm,tuned_optimized_threshold,0.4,0.6610279241870314,1
NVDA,2024-07-11,1,hybrid,lightgbm,tuned_optimized_threshold,0.4,0.6411193748511876,1
TSLA,2024-07-11,1,hybrid,lightgbm,tuned_optimized_threshold,0.4,0.5493682794957794,1
AAPL,2024-07-12,1,hybrid,lightgbm,tuned_optimized_threshold,0.4,0.38779487106555643,0
MSFT,2024-07-12,1,hybrid,lightgbm,tuned_optimized_threshold,0.4,0.15651100429056872,0
NVDA,2024-07-12,0,hybrid,lightgbm,tuned_optimized_threshold,0.4,0.5446360976811222,1
TSLA,2024-07-12,1,hybrid,lightgbm,tuned_optimized_threshold,0.4,0.5048596225895858,1
AAPL,2024-07-15,1,hybrid,lightgbm,tuned_optimized_threshold,0.4,0.4171777345533657,1
MSFT,2024-07-15,0,hybrid,lightgbm,tuned_optimized_threshold,0.4,0.2370717179061318,0
NVDA,2024-07-15,0,hybrid,lightgbm,tuned_optimized_threshold,0.4,0.5238095969971895,1
TSLA,2024-07-15,1,hybrid,lightgbm,tuned_optimized_threshold,0.4,0.5336170047530122,1
AAPL,2024-07-16,0,hybrid,lightgbm,tuned_optimized_threshold,0.4,0.4223102652706325,1
MSFT,2024-07-16,0,hybrid,lightgbm,tuned_optimized_threshold,0.4,0.387576755810349,0
NVDA,2024-07-16,0,hybrid,lightgbm,tuned_optimized_threshold,0.4,0.5256947026468052,1
TSLA,2024-07-16,0,hybrid,lightgbm,tuned_optimized_threshold,0.4,0.5874701198957868,1
AAPL,2024-07-17,0,hybrid,lightgbm,tuned_optimized_threshold,0.4,0.34638363241257036,0
MSFT,2024-07-17,0,hybrid,lightgbm,tuned_optimized_threshold,0.4,0.7342252209631047,1
NVDA,2024-07-17,1,hybrid,lightgbm,tuned_optimized_threshold,0.4,0.40333065426173176,1
TSLA,2024-07-17,1,hybrid,lightgbm,tuned_optimized_threshold,0.4,0.4957388524095042,1
AAPL,2024-07-18,1,hybrid,lightgbm,tuned_optimized_threshold,0.4,0.4235441052568992,1
MSFT,2024-07-18,0,hybrid,lightgbm,tuned_optimized_threshold,0.4,0.6248673564355609,1
NVDA,2024-07-18,0,hybrid,lightgbm,tuned_optimized_threshold,0.4,0.3360482870126326,0
TSLA,2024-07-18,0,hybrid,lightgbm,tuned_optimized_threshold,0.4,0.510206370737268,1
AAPL,2024-07-19,0,hybrid,lightgbm,tuned_optimized_threshold,0.4,0.40448201934270683,1
MSFT,2024-07-19,1,hybrid,lightgbm,tuned_optimized_threshold,0.4,0.6249497344999757,1
NVDA,2024-07-19,1,hybrid,lightgbm,tuned_optimized_threshold,0.4,0.6277598147449495,1
TSLA,2024-07-19,1,hybrid,lightgbm,tuned_optimized_threshold,0.4,0.650466879592867,1
AAPL,2024-07-22,1,hybrid,lightgbm,tuned_optimized_threshold,0.4,0.4871663142884603,1
MSFT,2024-07-22,1,hybrid,lightgbm,tuned_optimized_threshold,0.4,0.6387917578799988,1
NVDA,2024-07-22,0,hybrid,lightgbm,tuned_optimized_threshold,0.4,0.40259613415325607,1
TSLA,2024-07-22,0,hybrid,lightgbm,tuned_optimized_threshold,0.4,0.7433651495370328,1
AAPL,2024-07-23,0,hybrid,lightgbm,tuned_optimized_threshold,0.4,0.4834249465367527,1
MSFT,2024-07-23,0,hybrid,lightgbm,tuned_optimized_threshold,0.4,0.39619428301107745,0
NVDA,2024-07-23,0,hybrid,lightgbm,tuned_optimized_threshold,0.4,0.5220612469423865,1
TSLA,2024-07-23,0,hybrid,lightgbm,tuned_optimized_threshold,0.4,0.5693754507826593,1
AAPL,2024-07-24,0,hybrid,lightgbm,tuned_optimized_threshold,0.4,0.43275728321584694,1
MSFT,2024-07-24,0,hybrid,lightgbm,tuned_optimized_threshold,0.4,0.5993847402318468,1
NVDA,2024-07-24,0,hybrid,lightgbm,tuned_optimized_threshold,0.4,0.42687224228755244,1
TSLA,2024-07-24,1,hybrid,lightgbm,tuned_optimized_threshold,0.4,0.8316064061266467,1
AAPL,2024-07-25,1,hybrid,lightgbm,tuned_optimized_threshold,0.4,0.520654029687342,1
MSFT,2024-07-25,1,hybrid,lightgbm,tuned_optimized_threshold,0.4,0.6762002761987673,1
NVDA,2024-07-25,1,hybrid,lightgbm,tuned_optimized_threshold,0.4,0.4684516821456255,1
TSLA,2024-07-25,0,hybrid,lightgbm,tuned_optimized_threshold,0.4,0.7536009421162131,1
AAPL,2024-07-26,1,hybrid,lightgbm,tuned_optimized_threshold,0.4,0.5306008987899099,1
MSFT,2024-07-26,1,hybrid,lightgbm,tuned_optimized_threshold,0.4,0.20857476099056804,0
NVDA,2024-07-26,0,hybrid,lightgbm,tuned_optimized_threshold,0.4,0.5217680270196926,1
TSLA,2024-07-26,1,hybrid,lightgbm,tuned_optimized_threshold,0.4,0.4814971682436507,1
AAPL,2024-07-29,1,hybrid,lightgbm,tuned_optimized_threshold,0.4,0.544494148681239,1
MSFT,2024-07-29,0,hybrid,lightgbm,tuned_optimized_threshold,0.4,0.4021108027838198,1
NVDA,2024-07-29,0,hybrid,lightgbm,tuned_optimized_threshold,0.4,0.4592183580398047,1
TSLA,2024-07-29,0,hybrid,lightgbm,tuned_optimized_threshold,0.4,0.4388151287594603,1
AAPL,2024-07-30,1,hybrid,lightgbm,tuned_optimized_threshold,0.4,0.6358016401165774,1
MSFT,2024-07-30,0,hybrid,lightgbm,tuned_optimized_threshold,0.4,0.39097144121473476,0
NVDA,2024-07-30,1,hybrid,lightgbm,tuned_optimized_threshold,0.4,0.6256965244357183,1
TSLA,2024-07-30,1,hybrid,lightgbm,tuned_optimized_threshold,0.4,0.42792098739382317,1
AAPL,2024-07-31,0,hybrid,lightgbm,tuned_optimized_threshold,0.4,0.5321348064368321,1
MSFT,2024-07-31,0,hybrid,lightgbm,tuned_optimized_threshold,0.4,0.4580289722651567,1
NVDA,2024-07-31,0,hybrid,lightgbm,tuned_optimized_threshold,0.4,0.5664173774809391,1
TSLA,2024-07-31,0,hybrid,lightgbm,tuned_optimized_threshold,0.4,0.39899582259672506,0
AAPL,2024-08-01,1,hybrid,lightgbm,tuned_optimized_threshold,0.4,0.5876406453634282,1
MSFT,2024-08-01,0,hybrid,lightgbm,tuned_optimized_threshold,0.4,0.4000477631965462,1
NVDA,2024-08-01,0,hybrid,lightgbm,tuned_optimized_threshold,0.4,0.6064941984407896,1
TSLA,2024-08-01,0,hybrid,lightgbm,tuned_optimized_threshold,0.4,0.49793479174442495,1
AAPL,2024-08-02,0,hybrid,lightgbm,tuned_optimized_threshold,0.4,0.36061190716375424,0
MSFT,2024-08-02,0,hybrid,lightgbm,tuned_optimized_threshold,0.4,0.44809199440174335,1
NVDA,2024-08-02,0,hybrid,lightgbm,tuned_optimized_threshold,0.4,0.43798808852975923,1
TSLA,2024-08-02,0,hybrid,lightgbm,tuned_optimized_threshold,0.4,0.6338737076504402,1
AAPL,2024-08-05,0,hybrid,lightgbm,tuned_optimized_threshold,0.4,0.5893209978889794,1
MSFT,2024-08-05,1,hybrid,lightgbm,tuned_optimized_threshold,0.4,0.6606883076934084,1
NVDA,2024-08-05,1,hybrid,lightgbm,tuned_optimized_threshold,0.4,0.7610671757856045,1
TSLA,2024-08-05,1,hybrid,lightgbm,tuned_optimized_threshold,0.4,0.6667403654143393,1
AAPL,2024-08-06,1,hybrid,lightgbm,tuned_optimized_threshold,0.4,0.49141923434820906,1
MSFT,2024-08-06,0,hybrid,lightgbm,tuned_optimized_threshold,0.4,0.3704752669942842,0
NVDA,2024-08-06,0,hybrid,lightgbm,tuned_optimized_threshold,0.4,0.4278460778026907,1
TSLA,2024-08-06,0,hybrid,lightgbm,tuned_optimized_threshold,0.4,0.45049780618670976,1
AAPL,2024-08-07,1,hybrid,lightgbm,tuned_optimized_threshold,0.4,0.6086386905236922,1
MSFT,2024-08-07,1,hybrid,lightgbm,tuned_optimized_threshold,0.4,0.5870919524316878,1
NVDA,2024-08-07,1,hybrid,lightgbm,tuned_optimized_threshold,0.4,0.7216482563350812,1
TSLA,2024-08-07,1,hybrid,lightgbm,tuned_optimized_threshold,0.4,0.5400160053653973,1
AAPL,2024-08-08,1,hybrid,lightgbm,tuned_optimized_threshold,0.4,0.48829723131975633,1
MSFT,2024-08-08,1,hybrid,lightgbm,tuned_optimized_threshold,0.4,0.37222114730433586,0
NVDA,2024-08-08,0,hybrid,lightgbm,tuned_optimized_threshold,0.4,0.4864280397303507,1
TSLA,2024-08-08,1,hybrid,lightgbm,tuned_optimized_threshold,0.4,0.4581885236635751,1
AAPL,2024-08-09,1,hybrid,lightgbm,tuned_optimized_threshold,0.4,0.5043398203729137,1
MSFT,2024-08-09,1,hybrid,lightgbm,tuned_optimized_threshold,0.4,0.31744971286945456,0
NVDA,2024-08-09,1,hybrid,lightgbm,tuned_optimized_threshold,0.4,0.6060283933592395,1
TSLA,2024-08-09,0,hybrid,lightgbm,tuned_optimized_threshold,0.4,0.5244448279923836,1
AAPL,2024-08-12,1,hybrid,lightgbm,tuned_optimized_threshold,0.4,0.5038438239173436,1
MSFT,2024-08-12,1,hybrid,lightgbm,tuned_optimized_threshold,0.4,0.419882349971387,1
NVDA,2024-08-12,1,hybrid,lightgbm,tuned_optimized_threshold,0.4,0.3798861661824322,0
TSLA,2024-08-12,1,hybrid,lightgbm,tuned_optimized_threshold,0.4,0.6082931777457298,1
AAPL,2024-08-13,1,hybrid,lightgbm,tuned_optimized_threshold,0.4,0.40281665072556877,1
MSFT,2024-08-13,1,hybrid,lightgbm,tuned_optimized_threshold,0.4,0.3189162415460851,0
NVDA,2024-08-13,1,hybrid,lightgbm,tuned_optimized_threshold,0.4,0.40054778231871774,1
TSLA,2024-08-13,0,hybrid,lightgbm,tuned_optimized_threshold,0.4,0.28944051039405194,0
AAPL,2024-08-14,1,hybrid,lightgbm,tuned_optimized_threshold,0.4,0.6395366882861613,1
MSFT,2024-08-14,1,hybrid,lightgbm,tuned_optimized_threshold,0.4,0.4046650759987986,1
NVDA,2024-08-14,1,hybrid,lightgbm,tuned_optimized_threshold,0.4,0.5376336879764577,1
TSLA,2024-08-14,1,hybrid,lightgbm,tuned_optimized_threshold,0.4,0.5682164854031819,1
AAPL,2024-08-15,1,hybrid,lightgbm,tuned_optimized_threshold,0.4,0.47920332508204905,1
MSFT,2024-08-15,0,hybrid,lightgbm,tuned_optimized_threshold,0.4,0.1593002939643968,0
NVDA,2024-08-15,1,hybrid,lightgbm,tuned_optimized_threshold,0.4,0.4543598661528943,1
TSLA,2024-08-15,1,hybrid,lightgbm,tuned_optimized_threshold,0.4,0.48570017758764666,1
AAPL,2024-08-16,0,hybrid,lightgbm,tuned_optimized_threshold,0.4,0.4644513027354999,1
MSFT,2024-08-16,1,hybrid,lightgbm,tuned_optimized_threshold,0.4,0.5795418620692653,1
NVDA,2024-08-16,1,hybrid,lightgbm,tuned_optimized_threshold,0.4,0.4534427744730546,1
TSLA,2024-08-16,1,hybrid,lightgbm,tuned_optimized_threshold,0.4,0.3040578774878865,0
AAPL,2024-08-19,1,hybrid,lightgbm,tuned_optimized_threshold,0.4,0.6031345113807088,1
MSFT,2024-08-19,1,hybrid,lightgbm,tuned_optimized_threshold,0.4,0.27253506962695484,0
NVDA,2024-08-19,0,hybrid,lightgbm,tuned_optimized_threshold,0.4,0.42875909127224504,1
TSLA,2024-08-19,0,hybrid,lightgbm,tuned_optimized_threshold,0.4,0.4955599302669413,1
AAPL,2024-08-20,0,hybrid,lightgbm,tuned_optimized_threshold,0.4,0.6246341578706242,1
MSFT,2024-08-20,0,hybrid,lightgbm,tuned_optimized_threshold,0.4,0.2521272221939495,0
NVDA,2024-08-20,1,hybrid,lightgbm,tuned_optimized_threshold,0.4,0.5410681870736073,1
TSLA,2024-08-20,1,hybrid,lightgbm,tuned_optimized_threshold,0.4,0.6339481139031807,1
AAPL,2024-08-21,0,hybrid,lightgbm,tuned_optimized_threshold,0.4,0.6799132017063136,1
MSFT,2024-08-21,0,hybrid,lightgbm,tuned_optimized_threshold,0.4,0.3160467707942256,0
NVDA,2024-08-21,0,hybrid,lightgbm,tuned_optimized_threshold,0.4,0.5510113336786631,1
TSLA,2024-08-21,0,hybrid,lightgbm,tuned_optimized_threshold,0.4,0.5876763208143274,1
AAPL,2024-08-22,1,hybrid,lightgbm,tuned_optimized_threshold,0.4,0.6155489885722178,1
MSFT,2024-08-22,1,hybrid,lightgbm,tuned_optimized_threshold,0.4,0.3404670221029022,0
NVDA,2024-08-22,1,hybrid,lightgbm,tuned_optimized_threshold,0.4,0.5379169485899088,1
TSLA,2024-08-22,1,hybrid,lightgbm,tuned_optimized_threshold,0.4,0.48317176937931244,1
AAPL,2024-08-23,1,hybrid,lightgbm,tuned_optimized_threshold,0.4,0.6303829102330698,1
MSFT,2024-08-23,0,hybrid,lightgbm,tuned_optimized_threshold,0.4,0.3456957326933113,0
NVDA,2024-08-23,0,hybrid,lightgbm,tuned_optimized_threshold,0.4,0.42611907444486397,1
TSLA,2024-08-23,0,hybrid,lightgbm,tuned_optimized_threshold,0.4,0.49119113146181087,1
AAPL,2024-08-26,1,hybrid,lightgbm,tuned_optimized_threshold,0.4,0.6452535470031427,1
MSFT,2024-08-26,1,hybrid,lightgbm,tuned_optimized_threshold,0.4,0.33317968434839834,0
NVDA,2024-08-26,1,hybrid,lightgbm,tuned_optimized_threshold,0.4,0.5495055938014338,1
TSLA,2024-08-26,0,hybrid,lightgbm,tuned_optimized_threshold,0.4,0.5787165758324221,1
AAPL,2024-08-27,0,hybrid,lightgbm,tuned_optimized_threshold,0.4,0.6192761362289989,1
MSFT,2024-08-27,0,hybrid,lightgbm,tuned_optimized_threshold,0.4,0.3149510976994984,0
NVDA,2024-08-27,0,hybrid,lightgbm,tuned_optimized_threshold,0.4,0.5765388065716898,1
TSLA,2024-08-27,0,hybrid,lightgbm,tuned_optimized_threshold,0.4,0.47876946580499863,1
AAPL,2024-08-28,1,hybrid,lightgbm,tuned_optimized_threshold,0.4,0.683523764228157,1
MSFT,2024-08-28,1,hybrid,lightgbm,tuned_optimized_threshold,0.4,0.3757228882471746,0
NVDA,2024-08-28,0,hybrid,lightgbm,tuned_optimized_threshold,0.4,0.2608457867670643,0
TSLA,2024-08-28,1,hybrid,lightgbm,tuned_optimized_threshold,0.4,0.40698194958645617,1
AAPL,2024-08-29,0,hybrid,lightgbm,tuned_optimized_threshold,0.4,0.5525439854105151,1
MSFT,2024-08-29,1,hybrid,lightgbm,tuned_optimized_threshold,0.4,0.2748960706001641,0
NVDA,2024-08-29,1,hybrid,lightgbm,tuned_optimized_threshold,0.4,0.5329441956436332,1
TSLA,2024-08-29,1,hybrid,lightgbm,tuned_optimized_threshold,0.4,0.6336628228985866,1
AAPL,2024-08-30,0,hybrid,lightgbm,tuned_optimized_threshold,0.4,0.6666171541805543,1
MSFT,2024-08-30,0,hybrid,lightgbm,tuned_optimized_threshold,0.4,0.4978742878142776,1
NVDA,2024-08-30,0,hybrid,lightgbm,tuned_optimized_threshold,0.4,0.3372873328382496,0
TSLA,2024-08-30,0,hybrid,lightgbm,tuned_optimized_threshold,0.4,0.5057601217785364,1
AAPL,2024-09-03,0,hybrid,lightgbm,tuned_optimized_threshold,0.4,0.6166888487092234,1
MSFT,2024-09-03,0,hybrid,lightgbm,tuned_optimized_threshold,0.4,0.25241557403238085,0
NVDA,2024-09-03,0,hybrid,lightgbm,tuned_optimized_threshold,0.4,0.25319914899345836,0
TSLA,2024-09-03,1,hybrid,lightgbm,tuned_optimized_threshold,0.4,0.40351879754793635,1
AAPL,2024-09-04,1,hybrid,lightgbm,tuned_optimized_threshold,0.4,0.6049061031383377,1
MSFT,2024-09-04,0,hybrid,lightgbm,tuned_optimized_threshold,0.4,0.33904628639376067,0
NVDA,2024-09-04,1,hybrid,lightgbm,tuned_optimized_threshold,0.4,0.5939804043195259,1
TSLA,2024-09-04,1,hybrid,lightgbm,tuned_optimized_threshold,0.4,0.4999905381332653,1
AAPL,2024-09-05,0,hybrid,lightgbm,tuned_optimized_threshold,0.4,0.48227966931868327,1
MSFT,2024-09-05,0,hybrid,lightgbm,tuned_optimized_threshold,0.4,0.28397267885886024,0
NVDA,2024-09-05,0,hybrid,lightgbm,tuned_optimized_threshold,0.4,0.4320740329149088,1
TSLA,2024-09-05,0,hybrid,lightgbm,tuned_optimized_threshold,0.4,0.44851104810230324,1
AAPL,2024-09-06,1,hybrid,lightgbm,tuned_optimized_threshold,0.4,0.5947726261690011,1
MSFT,2024-09-06,1,hybrid,lightgbm,tuned_optimized_threshold,0.4,0.6287036920955419,1
NVDA,2024-09-06,1,hybrid,lightgbm,tuned_optimized_threshold,0.4,0.41927245025526333,1
TSLA,2024-09-06,1,hybrid,lightgbm,tuned_optimized_threshold,0.4,0.6776408623744685,1
AAPL,2024-09-09,0,hybrid,lightgbm,tuned_optimized_threshold,0.4,0.6187787129473986,1
MSFT,2024-09-09,1,hybrid,lightgbm,tuned_optimized_threshold,0.4,0.31358066462758055,0
NVDA,2024-09-09,1,hybrid,lightgbm,tuned_optimized_threshold,0.4,0.46972327811628684,1
TSLA,2024-09-09,1,hybrid,lightgbm,tuned_optimized_threshold,0.4,0.5204981958690441,1
AAPL,2024-09-10,1,hybrid,lightgbm,tuned_optimized_threshold,0.4,0.4709950383078877,1
MSFT,2024-09-10,1,hybrid,lightgbm,tuned_optimized_threshold,0.4,0.54401936425878,1
NVDA,2024-09-10,1,hybrid,lightgbm,tuned_optimized_threshold,0.4,0.48188590514770363,1
TSLA,2024-09-10,1,hybrid,lightgbm,tuned_optimized_threshold,0.4,0.5942834118592443,1
AAPL,2024-09-11,1,hybrid,lightgbm,tuned_optimized_threshold,0.4,0.4254857955999677,1
MSFT,2024-09-11,1,hybrid,lightgbm,tuned_optimized_threshold,0.4,0.30680045295075237,0
NVDA,2024-09-11,1,hybrid,lightgbm,tuned_optimized_threshold,0.4,0.5287233635062079,1
TSLA,2024-09-11,1,hybrid,lightgbm,tuned_optimized_threshold,0.4,0.4998558232907407,1
AAPL,2024-09-12,0,hybrid,lightgbm,tuned_optimized_threshold,0.4,0.5268792298867655,1
MSFT,2024-09-12,1,hybrid,lightgbm,tuned_optimized_threshold,0.4,0.3636544500854567,0
NVDA,2024-09-12,0,hybrid,lightgbm,tuned_optimized_threshold,0.4,0.5749674570206846,1
TSLA,2024-09-12,1,hybrid,lightgbm,tuned_optimized_threshold,0.4,0.4846352047170797,1
AAPL,2024-09-13,0,hybrid,lightgbm,tuned_optimized_threshold,0.4,0.5391399738522935,1
MSFT,2024-09-13,1,hybrid,lightgbm,tuned_optimized_threshold,0.4,0.4373547147148243,1
NVDA,2024-09-13,0,hybrid,lightgbm,tuned_optimized_threshold,0.4,0.6202979043287266,1
TSLA,2024-09-13,0,hybrid,lightgbm,tuned_optimized_threshold,0.4,0.7269103426261223,1
AAPL,2024-09-16,1,hybrid,lightgbm,tuned_optimized_threshold,0.4,0.5192786772387195,1
MSFT,2024-09-16,1,hybrid,lightgbm,tuned_optimized_threshold,0.4,0.49775189504577727,1
NVDA,2024-09-16,0,hybrid,lightgbm,tuned_optimized_threshold,0.4,0.5050824031640222,1
TSLA,2024-09-16,1,hybrid,lightgbm,tuned_optimized_threshold,0.4,0.4721882113228725,1
AAPL,2024-09-17,1,hybrid,lightgbm,tuned_optimized_threshold,0.4,0.5977297776801543,1
MSFT,2024-09-17,0,hybrid,lightgbm,tuned_optimized_threshold,0.4,0.3903271841465783,0
NVDA,2024-09-17,0,hybrid,lightgbm,tuned_optimized_threshold,0.4,0.6185930612604452,1
TSLA,2024-09-17,0,hybrid,lightgbm,tuned_optimized_threshold,0.4,0.5321038711024778,1
AAPL,2024-09-18,1,hybrid,lightgbm,tuned_optimized_threshold,0.4,0.4939734183509218,1
MSFT,2024-09-18,1,hybrid,lightgbm,tuned_optimized_threshold,0.4,0.29407352174040496,0
NVDA,2024-09-18,1,hybrid,lightgbm,tuned_optimized_threshold,0.4,0.38816759151499935,0
TSLA,2024-09-18,1,hybrid,lightgbm,tuned_optimized_threshold,0.4,0.5793117955433315,1
AAPL,2024-09-19,0,hybrid,lightgbm,tuned_optimized_threshold,0.4,0.7506745844311313,1
MSFT,2024-09-19,0,hybrid,lightgbm,tuned_optimized_threshold,0.4,0.430446693289945,1
NVDA,2024-09-19,0,hybrid,lightgbm,tuned_optimized_threshold,0.4,0.5986838947206417,1
TSLA,2024-09-19,0,hybrid,lightgbm,tuned_optimized_threshold,0.4,0.5652840435514209,1
AAPL,2024-09-20,0,hybrid,lightgbm,tuned_optimized_threshold,0.4,0.6872270859563137,1
MSFT,2024-09-20,0,hybrid,lightgbm,tuned_optimized_threshold,0.4,0.2660514049135988,0
NVDA,2024-09-20,1,hybrid,lightgbm,tuned_optimized_threshold,0.4,0.5074045847573698,1
TSLA,2024-09-20,1,hybrid,lightgbm,tuned_optimized_threshold,0.4,0.5882597969362751,1
AAPL,2024-09-23,1,hybrid,lightgbm,tuned_optimized_threshold,0.4,0.5743002629885543,1
MSFT,2024-09-23,0,hybrid,lightgbm,tuned_optimized_threshold,0.4,0.3064043268825204,0
NVDA,2024-09-23,1,hybrid,lightgbm,tuned_optimized_threshold,0.4,0.34262558504897656,0
TSLA,2024-09-23,1,hybrid,lightgbm,tuned_optimized_threshold,0.4,0.4897991644507471,1
AAPL,2024-09-24,0,hybrid,lightgbm,tuned_optimized_threshold,0.4,0.5143594128283174,1
MSFT,2024-09-24,1,hybrid,lightgbm,tuned_optimized_threshold,0.4,0.4614102930348501,1
NVDA,2024-09-24,1,hybrid,lightgbm,tuned_optimized_threshold,0.4,0.5262406827072404,1
TSLA,2024-09-24,1,hybrid,lightgbm,tuned_optimized_threshold,0.4,0.5628946579095515,1
AAPL,2024-09-25,1,hybrid,lightgbm,tuned_optimized_threshold,0.4,0.532580162055371,1
MSFT,2024-09-25,0,hybrid,lightgbm,tuned_optimized_threshold,0.4,0.2705022542180281,0
NVDA,2024-09-25,1,hybrid,lightgbm,tuned_optimized_threshold,0.4,0.6609737753233046,1
TSLA,2024-09-25,0,hybrid,lightgbm,tuned_optimized_threshold,0.4,0.6889223380680288,1
AAPL,2024-09-26,1,hybrid,lightgbm,tuned_optimized_threshold,0.4,0.549195954198266,1
MSFT,2024-09-26,0,hybrid,lightgbm,tuned_optimized_threshold,0.4,0.2390671158705368,0
NVDA,2024-09-26,0,hybrid,lightgbm,tuned_optimized_threshold,0.4,0.511055927080688,1
TSLA,2024-09-26,1,hybrid,lightgbm,tuned_optimized_threshold,0.4,0.7170380646815637,1
AAPL,2024-09-27,1,hybrid,lightgbm,tuned_optimized_threshold,0.4,0.4201487473767323,1
MSFT,2024-09-27,1,hybrid,lightgbm,tuned_optimized_threshold,0.4,0.2774788678967506,0
NVDA,2024-09-27,1,hybrid,lightgbm,tuned_optimized_threshold,0.4,0.4954223046287173,1
TSLA,2024-09-27,1,hybrid,lightgbm,tuned_optimized_threshold,0.4,0.7411664558964249,1
AAPL,2024-09-30,0,hybrid,lightgbm,tuned_optimized_threshold,0.4,0.6116808272180919,1
MSFT,2024-09-30,0,hybrid,lightgbm,tuned_optimized_threshold,0.4,0.13464440255361587,0
NVDA,2024-09-30,0,hybrid,lightgbm,tuned_optimized_threshold,0.4,0.14988434431272804,0
TSLA,2024-09-30,0,hybrid,lightgbm,tuned_optimized_threshold,0.4,0.8565475691801687,1
AAPL,2024-10-01,1,hybrid,lightgbm,tuned_optimized_threshold,0.4,0.5337231249638057,1
MSFT,2024-10-01,0,hybrid,lightgbm,tuned_optimized_threshold,0.4,0.5742858364185134,1
NVDA,2024-10-01,1,hybrid,lightgbm,tuned_optimized_threshold,0.4,0.550454576517141,1
TSLA,2024-10-01,0,hybrid,lightgbm,tuned_optimized_threshold,0.4,0.6920665010557497,1
AAPL,2024-10-02,0,hybrid,lightgbm,tuned_optimized_threshold,0.4,0.676639687892246,1
MSFT,2024-10-02,0,hybrid,lightgbm,tuned_optimized_threshold,0.4,0.47908012643421805,1
NVDA,2024-10-02,1,hybrid,lightgbm,tuned_optimized_threshold,0.4,0.4050527812115285,1
TSLA,2024-10-02,0,hybrid,lightgbm,tuned_optimized_threshold,0.4,0.8166536875231536,1
AAPL,2024-10-03,1,hybrid,lightgbm,tuned_optimized_threshold,0.4,0.6783632673428716,1
MSFT,2024-10-03,0,hybrid,lightgbm,tuned_optimized_threshold,0.4,0.35364597145704724,0
NVDA,2024-10-03,1,hybrid,lightgbm,tuned_optimized_threshold,0.4,0.5774785798363359,1
TSLA,2024-10-03,1,hybrid,lightgbm,tuned_optimized_threshold,0.4,0.33802998801218054,0
AAPL,2024-10-04,0,hybrid,lightgbm,tuned_optimized_threshold,0.4,0.5544234061028288,1
MSFT,2024-10-04,0,hybrid,lightgbm,tuned_optimized_threshold,0.4,0.21984070468168815,0
NVDA,2024-10-04,1,hybrid,lightgbm,tuned_optimized_threshold,0.4,0.6042021881071311,1
TSLA,2024-10-04,0,hybrid,lightgbm,tuned_optimized_threshold,0.4,0.3975654196296077,0
AAPL,2024-10-07,1,hybrid,lightgbm,tuned_optimized_threshold,0.4,0.7041777085210874,1
MSFT,2024-10-07,1,hybrid,lightgbm,tuned_optimized_threshold,0.4,0.28704986373945557,0
NVDA,2024-10-07,1,hybrid,lightgbm,tuned_optimized_threshold,0.4,0.5038661355398163,1
TSLA,2024-10-07,1,hybrid,lightgbm,tuned_optimized_threshold,0.4,0.5056259395880061,1
AAPL,2024-10-08,1,hybrid,lightgbm,tuned_optimized_threshold,0.4,0.5610264338575477,1
MSFT,2024-10-08,1,hybrid,lightgbm,tuned_optimized_threshold,0.4,0.35360684345030946,0
NVDA,2024-10-08,0,hybrid,lightgbm,tuned_optimized_threshold,0.4,0.5184243418478324,1
TSLA,2024-10-08,0,hybrid,lightgbm,tuned_optimized_threshold,0.4,0.44406174706588053,1
AAPL,2024-10-09,0,hybrid,lightgbm,tuned_optimized_threshold,0.4,0.6095247158652123,1
MSFT,2024-10-09,0,hybrid,lightgbm,tuned_optimized_threshold,0.4,0.3297513257697412,0
NVDA,2024-10-09,1,hybrid,lightgbm,tuned_optimized_threshold,0.4,0.5094989024435854,1
TSLA,2024-10-09,0,hybrid,lightgbm,tuned_optimized_threshold,0.4,0.23406432488505954,0
AAPL,2024-10-10,0,hybrid,lightgbm,tuned_optimized_threshold,0.4,0.5764862784778785,1
MSFT,2024-10-10,1,hybrid,lightgbm,tuned_optimized_threshold,0.4,0.4271808203365016,1
NVDA,2024-10-10,0,hybrid,lightgbm,tuned_optimized_threshold,0.4,0.5326035484607584,1
TSLA,2024-10-10,0,hybrid,lightgbm,tuned_optimized_threshold,0.4,0.41346033053937886,1
AAPL,2024-10-11,1,hybrid,lightgbm,tuned_optimized_threshold,0.4,0.597312791784845,1
MSFT,2024-10-11,1,hybrid,lightgbm,tuned_optimized_threshold,0.4,0.4450052820037756,1
NVDA,2024-10-11,1,hybrid,lightgbm,tuned_optimized_threshold,0.4,0.5790704815817479,1
TSLA,2024-10-11,1,hybrid,lightgbm,tuned_optimized_threshold,0.4,0.5309766766551491,1
AAPL,2024-10-14,1,hybrid,lightgbm,tuned_optimized_threshold,0.4,0.6709628751939307,1
MSFT,2024-10-14,0,hybrid,lightgbm,tuned_optimized_threshold,0.4,0.21675355717779424,0
NVDA,2024-10-14,0,hybrid,lightgbm,tuned_optimized_threshold,0.4,0.4711026856661391,1
TSLA,2024-10-14,1,hybrid,lightgbm,tuned_optimized_threshold,0.4,0.5109205372785411,1
AAPL,2024-10-15,0,hybrid,lightgbm,tuned_optimized_threshold,0.4,0.732794354225149,1
MSFT,2024-10-15,0,hybrid,lightgbm,tuned_optimized_threshold,0.4,0.417669168157769,1
NVDA,2024-10-15,1,hybrid,lightgbm,tuned_optimized_threshold,0.4,0.45030201183654234,1
TSLA,2024-10-15,1,hybrid,lightgbm,tuned_optimized_threshold,0.4,0.6567775154408764,1
AAPL,2024-10-16,1,hybrid,lightgbm,tuned_optimized_threshold,0.4,0.7188624971663329,1
MSFT,2024-10-16,1,hybrid,lightgbm,tuned_optimized_threshold,0.4,0.693996086975105,1
NVDA,2024-10-16,1,hybrid,lightgbm,tuned_optimized_threshold,0.4,0.4921145534099183,1
TSLA,2024-10-16,0,hybrid,lightgbm,tuned_optimized_threshold,0.4,0.568637015371692,1
AAPL,2024-10-17,1,hybrid,lightgbm,tuned_optimized_threshold,0.4,0.539499016552083,1
MSFT,2024-10-17,1,hybrid,lightgbm,tuned_optimized_threshold,0.4,0.44938811259052774,1
NVDA,2024-10-17,1,hybrid,lightgbm,tuned_optimized_threshold,0.4,0.22063748717107895,0
TSLA,2024-10-17,0,hybrid,lightgbm,tuned_optimized_threshold,0.4,0.6152282195605707,1
AAPL,2024-10-18,1,hybrid,lightgbm,tuned_optimized_threshold,0.4,0.5723514265391207,1
MSFT,2024-10-18,1,hybrid,lightgbm,tuned_optimized_threshold,0.4,0.5942623972865608,1
NVDA,2024-10-18,1,hybrid,lightgbm,tuned_optimized_threshold,0.4,0.4900649300280546,1
TSLA,2024-10-18,0,hybrid,lightgbm,tuned_optimized_threshold,0.4,0.5513268250980798,1
AAPL,2024-10-21,0,hybrid,lightgbm,tuned_optimized_threshold,0.4,0.5020614718585169,1
MSFT,2024-10-21,1,hybrid,lightgbm,tuned_optimized_threshold,0.4,0.32296420469256865,0
NVDA,2024-10-21,0,hybrid,lightgbm,tuned_optimized_threshold,0.4,0.40837074968229337,1
TSLA,2024-10-21,0,hybrid,lightgbm,tuned_optimized_threshold,0.4,0.4691088392457062,1
AAPL,2024-10-22,0,hybrid,lightgbm,tuned_optimized_threshold,0.4,0.5514693266750832,1
MSFT,2024-10-22,0,hybrid,lightgbm,tuned_optimized_threshold,0.4,0.39210217803409425,0
NVDA,2024-10-22,0,hybrid,lightgbm,tuned_optimized_threshold,0.4,0.5121582231207512,1
TSLA,2024-10-22,0,hybrid,lightgbm,tuned_optimized_threshold,0.4,0.5189911939282199,1
AAPL,2024-10-23,0,hybrid,lightgbm,tuned_optimized_threshold,0.4,0.5375435575796266,1
MSFT,2024-10-23,1,hybrid,lightgbm,tuned_optimized_threshold,0.4,0.4285345251057382,1
NVDA,2024-10-23,1,hybrid,lightgbm,tuned_optimized_threshold,0.4,0.5342218537138447,1
TSLA,2024-10-23,1,hybrid,lightgbm,tuned_optimized_threshold,0.4,0.6586552474501587,1
AAPL,2024-10-24,1,hybrid,lightgbm,tuned_optimized_threshold,0.4,0.5879724350138431,1
MSFT,2024-10-24,1,hybrid,lightgbm,tuned_optimized_threshold,0.4,0.5104895938938947,1
NVDA,2024-10-24,1,hybrid,lightgbm,tuned_optimized_threshold,0.4,0.47807899501621043,1
TSLA,2024-10-24,1,hybrid,lightgbm,tuned_optimized_threshold,0.4,0.4607333979870769,1
AAPL,2024-10-25,1,hybrid,lightgbm,tuned_optimized_threshold,0.4,0.42069439844627515,1
MSFT,2024-10-25,0,hybrid,lightgbm,tuned_optimized_threshold,0.4,0.3142918902675935,0
NVDA,2024-10-25,0,hybrid,lightgbm,tuned_optimized_threshold,0.4,0.6511886797223471,1
TSLA,2024-10-25,0,hybrid,lightgbm,tuned_optimized_threshold,0.4,0.6055325608780208,1
AAPL,2024-10-28,1,hybrid,lightgbm,tuned_optimized_threshold,0.4,0.34660155420413,0
MSFT,2024-10-28,1,hybrid,lightgbm,tuned_optimized_threshold,0.4,0.7092923051980171,1
NVDA,2024-10-28,1,hybrid,lightgbm,tuned_optimized_threshold,0.4,0.287747535602368,0
TSLA,2024-10-28,0,hybrid,lightgbm,tuned_optimized_threshold,0.4,0.648927548423438,1
AAPL,2024-10-29,0,hybrid,lightgbm,tuned_optimized_threshold,0.4,0.5016844229930726,1
MSFT,2024-10-29,1,hybrid,lightgbm,tuned_optimized_threshold,0.4,0.30365132333681194,0
NVDA,2024-10-29,0,hybrid,lightgbm,tuned_optimized_threshold,0.4,0.5262894019467766,1
TSLA,2024-10-29,0,hybrid,lightgbm,tuned_optimized_threshold,0.4,0.5776276990438013,1
AAPL,2024-10-30,0,hybrid,lightgbm,tuned_optimized_threshold,0.4,0.5220244952924997,1
MSFT,2024-10-30,0,hybrid,lightgbm,tuned_optimized_threshold,0.4,0.20779209096622298,0
NVDA,2024-10-30,0,hybrid,lightgbm,tuned_optimized_threshold,0.4,0.5590879056122654,1
TSLA,2024-10-30,0,hybrid,lightgbm,tuned_optimized_threshold,0.4,0.5149553906254912,1
AAPL,2024-10-31,0,hybrid,lightgbm,tuned_optimized_threshold,0.4,0.5903794054160956,1
MSFT,2024-10-31,1,hybrid,lightgbm,tuned_optimized_threshold,0.4,0.2819137223181135,0
NVDA,2024-10-31,1,hybrid,lightgbm,tuned_optimized_threshold,0.4,0.4951065108880624,1
TSLA,2024-10-31,0,hybrid,lightgbm,tuned_optimized_threshold,0.4,0.487813964034083,1
AAPL,2024-11-01,0,hybrid,lightgbm,tuned_optimized_threshold,0.4,0.4220694916649564,1
MSFT,2024-11-01,0,hybrid,lightgbm,tuned_optimized_threshold,0.4,0.26500401125476897,0
NVDA,2024-11-01,1,hybrid,lightgbm,tuned_optimized_threshold,0.4,0.22337718164550133,0
TSLA,2024-11-01,0,hybrid,lightgbm,tuned_optimized_threshold,0.4,0.6157439515945305,1
AAPL,2024-11-04,1,hybrid,lightgbm,tuned_optimized_threshold,0.4,0.7411678393509965,1
MSFT,2024-11-04,1,hybrid,lightgbm,tuned_optimized_threshold,0.4,0.37058458126384275,0
NVDA,2024-11-04,1,hybrid,lightgbm,tuned_optimized_threshold,0.4,0.38131631273384714,0
TSLA,2024-11-04,1,hybrid,lightgbm,tuned_optimized_threshold,0.4,0.6361630715692641,1
AAPL,2024-11-05,0,hybrid,lightgbm,tuned_optimized_threshold,0.4,0.6333968305845943,1
MSFT,2024-11-05,1,hybrid,lightgbm,tuned_optimized_threshold,0.4,0.29185454061044175,0
NVDA,2024-11-05,1,hybrid,lightgbm,tuned_optimized_threshold,0.4,0.7249808755465141,1
TSLA,2024-11-05,1,hybrid,lightgbm,tuned_optimized_threshold,0.4,0.5246032804574037,1
AAPL,2024-11-06,1,hybrid,lightgbm,tuned_optimized_threshold,0.4,0.5680553998155419,1
MSFT,2024-11-06,1,hybrid,lightgbm,tuned_optimized_threshold,0.4,0.33411246697635194,0
NVDA,2024-11-06,1,hybrid,lightgbm,tuned_optimized_threshold,0.4,0.5096433490343958,1
TSLA,2024-11-06,1,hybrid,lightgbm,tuned_optimized_threshold,0.4,0.42783354358961706,1
AAPL,2024-11-07,0,hybrid,lightgbm,tuned_optimized_threshold,0.4,0.498202172458782,1
MSFT,2024-11-07,0,hybrid,lightgbm,tuned_optimized_threshold,0.4,0.3543781535164098,0
NVDA,2024-11-07,0,hybrid,lightgbm,tuned_optimized_threshold,0.4,0.5653912148638645,1
TSLA,2024-11-07,1,hybrid,lightgbm,tuned_optimized_threshold,0.4,0.8121679788154996,1
AAPL,2024-11-08,0,hybrid,lightgbm,tuned_optimized_threshold,0.4,0.7023076029985524,1
MSFT,2024-11-08,0,hybrid,lightgbm,tuned_optimized_threshold,0.4,0.43564737417485994,1
NVDA,2024-11-08,0,hybrid,lightgbm,tuned_optimized_threshold,0.4,0.5442049105575502,1
TSLA,2024-11-08,1,hybrid,lightgbm,tuned_optimized_threshold,0.4,0.7167279000967945,1
AAPL,2024-11-11,0,hybrid,lightgbm,tuned_optimized_threshold,0.4,0.6151362536693885,1
MSFT,2024-11-11,1,hybrid,lightgbm,tuned_optimized_threshold,0.4,0.5234866897283923,1
NVDA,2024-11-11,1,hybrid,lightgbm,tuned_optimized_threshold,0.4,0.5189544284117302,1
TSLA,2024-11-11,0,hybrid,lightgbm,tuned_optimized_threshold,0.4,0.8849611521697128,1
AAPL,2024-11-12,1,hybrid,lightgbm,tuned_optimized_threshold,0.4,0.5851738408168341,1
MSFT,2024-11-12,1,hybrid,lightgbm,tuned_optimized_threshold,0.4,0.21612889827494974,0
NVDA,2024-11-12,0,hybrid,lightgbm,tuned_optimized_threshold,0.4,0.6306931297860833,1
TSLA,2024-11-12,1,hybrid,lightgbm,tuned_optimized_threshold,0.4,0.534127052143065,1
AAPL,2024-11-13,1,hybrid,lightgbm,tuned_optimized_threshold,0.4,0.5770389947033778,1
MSFT,2024-11-13,1,hybrid,lightgbm,tuned_optimized_threshold,0.4,0.31226262479711786,0
NVDA,2024-11-13,1,hybrid,lightgbm,tuned_optimized_threshold,0.4,0.536767876551922,1
TSLA,2024-11-13,0,hybrid,lightgbm,tuned_optimized_threshold,0.4,0.502909621707255,1
AAPL,2024-11-14,0,hybrid,lightgbm,tuned_optimized_threshold,0.4,0.5583514488948454,1
MSFT,2024-11-14,0,hybrid,lightgbm,tuned_optimized_threshold,0.4,0.37874460913228947,0
NVDA,2024-11-14,0,hybrid,lightgbm,tuned_optimized_threshold,0.4,0.4934014624446693,1
TSLA,2024-11-14,1,hybrid,lightgbm,tuned_optimized_threshold,0.4,0.4420283006800784,1
AAPL,2024-11-15,1,hybrid,lightgbm,tuned_optimized_threshold,0.4,0.552224271243113,1
MSFT,2024-11-15,1,hybrid,lightgbm,tuned_optimized_threshold,0.4,0.5410942762873193,1
NVDA,2024-11-15,0,hybrid,lightgbm,tuned_optimized_threshold,0.4,0.5977103241284939,1
TSLA,2024-11-15,1,hybrid,lightgbm,tuned_optimized_threshold,0.4,0.5728013085302442,1
AAPL,2024-11-18,1,hybrid,lightgbm,tuned_optimized_threshold,0.4,0.6147011644913077,1
MSFT,2024-11-18,1,hybrid,lightgbm,tuned_optimized_threshold,0.4,0.5621795531436953,1
NVDA,2024-11-18,1,hybrid,lightgbm,tuned_optimized_threshold,0.4,0.39036762974917805,0
TSLA,2024-11-18,1,hybrid,lightgbm,tuned_optimized_threshold,0.4,0.5769193105191119,1
AAPL,2024-11-19,1,hybrid,lightgbm,tuned_optimized_threshold,0.4,0.46322546436684725,1
MSFT,2024-11-19,0,hybrid,lightgbm,tuned_optimized_threshold,0.4,0.15996165506437757,0
NVDA,2024-11-19,0,hybrid,lightgbm,tuned_optimized_threshold,0.4,0.7023003118862285,1
TSLA,2024-11-19,0,hybrid,lightgbm,tuned_optimized_threshold,0.4,0.41001826433772964,1
AAPL,2024-11-20,0,hybrid,lightgbm,tuned_optimized_threshold,0.4,0.5200607172931445,1
MSFT,2024-11-20,0,hybrid,lightgbm,tuned_optimized_threshold,0.4,0.28494620880100896,0
NVDA,2024-11-20,1,hybrid,lightgbm,tuned_optimized_threshold,0.4,0.7772922647812289,1
TSLA,2024-11-20,0,hybrid,lightgbm,tuned_optimized_threshold,0.4,0.27382468354451545,0
AAPL,2024-11-21,1,hybrid,lightgbm,tuned_optimized_threshold,0.4,0.5850971651829601,1
MSFT,2024-11-21,1,hybrid,lightgbm,tuned_optimized_threshold,0.4,0.48912024594850406,1
NVDA,2024-11-21,0,hybrid,lightgbm,tuned_optimized_threshold,0.4,0.4774854701175315,1
TSLA,2024-11-21,1,hybrid,lightgbm,tuned_optimized_threshold,0.4,0.2712188612063474,0
AAPL,2024-11-22,1,hybrid,lightgbm,tuned_optimized_threshold,0.4,0.569563169518066,1
MSFT,2024-11-22,1,hybrid,lightgbm,tuned_optimized_threshold,0.4,0.45800065191043055,1
NVDA,2024-11-22,0,hybrid,lightgbm,tuned_optimized_threshold,0.4,0.5869320874101656,1
TSLA,2024-11-22,0,hybrid,lightgbm,tuned_optimized_threshold,0.4,0.5398231174691053,1
AAPL,2024-11-25,1,hybrid,lightgbm,tuned_optimized_threshold,0.4,0.199062165586539,0
MSFT,2024-11-25,1,hybrid,lightgbm,tuned_optimized_threshold,0.4,0.21514226845436263,0
NVDA,2024-11-25,1,hybrid,lightgbm,tuned_optimized_threshold,0.4,0.29519784385590325,0
TSLA,2024-11-25,0,hybrid,lightgbm,tuned_optimized_threshold,0.4,0.5003531717590916,1
AAPL,2024-11-26,0,hybrid,lightgbm,tuned_optimized_threshold,0.4,0.5453787760102288,1
MSFT,2024-11-26,0,hybrid,lightgbm,tuned_optimized_threshold,0.4,0.31477593498402956,0
NVDA,2024-11-26,0,hybrid,lightgbm,tuned_optimized_threshold,0.4,0.5014382142675589,1
TSLA,2024-11-26,0,hybrid,lightgbm,tuned_optimized_threshold,0.4,0.4158908939121693,1
AAPL,2024-11-27,1,hybrid,lightgbm,tuned_optimized_threshold,0.4,0.5633969435841436,1
MSFT,2024-11-27,1,hybrid,lightgbm,tuned_optimized_threshold,0.4,0.3313182421976675,0
NVDA,2024-11-27,1,hybrid,lightgbm,tuned_optimized_threshold,0.4,0.5884297244024019,1
TSLA,2024-11-27,1,hybrid,lightgbm,tuned_optimized_threshold,0.4,0.3401452902193125,0
AAPL,2024-11-29,1,hybrid,lightgbm,tuned_optimized_threshold,0.4,0.45757257776880944,1
MSFT,2024-11-29,1,hybrid,lightgbm,tuned_optimized_threshold,0.4,0.14290838280334514,0
NVDA,2024-11-29,1,hybrid,lightgbm,tuned_optimized_threshold,0.4,0.3961450964033158,0
TSLA,2024-11-29,1,hybrid,lightgbm,tuned_optimized_threshold,0.4,0.3694634667726456,0
AAPL,2024-12-02,1,hybrid,lightgbm,tuned_optimized_threshold,0.4,0.5254281267362216,1
MSFT,2024-12-02,1,hybrid,lightgbm,tuned_optimized_threshold,0.4,0.27140944952416257,0
NVDA,2024-12-02,1,hybrid,lightgbm,tuned_optimized_threshold,0.4,0.5087243708536968,1
TSLA,2024-12-02,0,hybrid,lightgbm,tuned_optimized_threshold,0.4,0.6819067477951686,1
AAPL,2024-12-03,1,hybrid,lightgbm,tuned_optimized_threshold,0.4,0.5855306295944439,1
MSFT,2024-12-03,1,hybrid,lightgbm,tuned_optimized_threshold,0.4,0.07058797549734143,0
NVDA,2024-12-03,1,hybrid,lightgbm,tuned_optimized_threshold,0.4,0.2496297834558677,0
TSLA,2024-12-03,1,hybrid,lightgbm,tuned_optimized_threshold,0.4,0.2267012860643377,0
AAPL,2024-12-04,1,hybrid,lightgbm,tuned_optimized_threshold,0.4,0.5051752013316215,1
MSFT,2024-12-04,1,hybrid,lightgbm,tuned_optimized_threshold,0.4,0.23660494396042975,0
NVDA,2024-12-04,0,hybrid,lightgbm,tuned_optimized_threshold,0.4,0.5367428534657116,1
TSLA,2024-12-04,1,hybrid,lightgbm,tuned_optimized_threshold,0.4,0.4597506043413732,1
AAPL,2024-12-05,0,hybrid,lightgbm,tuned_optimized_threshold,0.4,0.5452778711561435,1
MSFT,2024-12-05,1,hybrid,lightgbm,tuned_optimized_threshold,0.4,0.24457093602358634,0
NVDA,2024-12-05,0,hybrid,lightgbm,tuned_optimized_threshold,0.4,0.7203504700664003,1
TSLA,2024-12-05,1,hybrid,lightgbm,tuned_optimized_threshold,0.4,0.33371817261863307,0
AAPL,2024-12-06,1,hybrid,lightgbm,tuned_optimized_threshold,0.4,0.34052650912177446,0
MSFT,2024-12-06,1,hybrid,lightgbm,tuned_optimized_threshold,0.4,0.26447267882569947,0
NVDA,2024-12-06,0,hybrid,lightgbm,tuned_optimized_threshold,0.4,0.3849967262990322,0
TSLA,2024-12-06,1,hybrid,lightgbm,tuned_optimized_threshold,0.4,0.35639285889152345,0
AAPL,2024-12-09,1,hybrid,lightgbm,tuned_optimized_threshold,0.4,0.2499156456202769,0
MSFT,2024-12-09,0,hybrid,lightgbm,tuned_optimized_threshold,0.4,0.20368666779512165,0
NVDA,2024-12-09,0,hybrid,lightgbm,tuned_optimized_threshold,0.4,0.279320194188376,0
TSLA,2024-12-09,1,hybrid,lightgbm,tuned_optimized_threshold,0.4,0.3579361047905119,0
AAPL,2024-12-10,0,hybrid,lightgbm,tuned_optimized_threshold,0.4,0.5362162049707118,1
MSFT,2024-12-10,1,hybrid,lightgbm,tuned_optimized_threshold,0.4,0.3048112566381948,0
NVDA,2024-12-10,1,hybrid,lightgbm,tuned_optimized_threshold,0.4,0.1783141491175775,0
TSLA,2024-12-10,1,hybrid,lightgbm,tuned_optimized_threshold,0.4,0.6119103649029227,1
AAPL,2024-12-11,1,hybrid,lightgbm,tuned_optimized_threshold,0.4,0.39376843662036387,0
MSFT,2024-12-11,1,hybrid,lightgbm,tuned_optimized_threshold,0.4,0.3200589091437259,0
NVDA,2024-12-11,0,hybrid,lightgbm,tuned_optimized_threshold,0.4,0.48561669323274675,1
TSLA,2024-12-11,0,hybrid,lightgbm,tuned_optimized_threshold,0.4,0.7606538630826062,1
AAPL,2024-12-12,1,hybrid,lightgbm,tuned_optimized_threshold,0.4,0.48571328971657424,1
MSFT,2024-12-12,0,hybrid,lightgbm,tuned_optimized_threshold,0.4,0.23398914636825707,0
NVDA,2024-12-12,0,hybrid,lightgbm,tuned_optimized_threshold,0.4,0.43919424568903265,1
TSLA,2024-12-12,1,hybrid,lightgbm,tuned_optimized_threshold,0.4,0.32056994018237,0
AAPL,2024-12-13,1,hybrid,lightgbm,tuned_optimized_threshold,0.4,0.5936334294322664,1
MSFT,2024-12-13,1,hybrid,lightgbm,tuned_optimized_threshold,0.4,0.5284483507108692,1
NVDA,2024-12-13,0,hybrid,lightgbm,tuned_optimized_threshold,0.4,0.4820766117327267,1
TSLA,2024-12-13,1,hybrid,lightgbm,tuned_optimized_threshold,0.4,0.48630600593717854,1
AAPL,2024-12-16,1,hybrid,lightgbm,tuned_optimized_threshold,0.4,0.3436279976369161,0
MSFT,2024-12-16,1,hybrid,lightgbm,tuned_optimized_threshold,0.4,0.328041191054988,0
NVDA,2024-12-16,0,hybrid,lightgbm,tuned_optimized_threshold,0.4,0.40286610930322786,1
TSLA,2024-12-16,1,hybrid,lightgbm,tuned_optimized_threshold,0.4,0.4659774734142858,1
AAPL,2024-12-17,0,hybrid,lightgbm,tuned_optimized_threshold,0.4,0.5221829752426853,1
MSFT,2024-12-17,0,hybrid,lightgbm,tuned_optimized_threshold,0.4,0.39444637579386016,0
NVDA,2024-12-17,0,hybrid,lightgbm,tuned_optimized_threshold,0.4,0.4133359013189888,1
TSLA,2024-12-17,0,hybrid,lightgbm,tuned_optimized_threshold,0.4,0.578617672104569,1
AAPL,2024-12-18,1,hybrid,lightgbm,tuned_optimized_threshold,0.4,0.44495995732203475,1
MSFT,2024-12-18,0,hybrid,lightgbm,tuned_optimized_threshold,0.4,0.6465750669437998,1
NVDA,2024-12-18,1,hybrid,lightgbm,tuned_optimized_threshold,0.4,0.5287285356397663,1
TSLA,2024-12-18,0,hybrid,lightgbm,tuned_optimized_threshold,0.4,0.46232627609929533,1
AAPL,2024-12-19,1,hybrid,lightgbm,tuned_optimized_threshold,0.4,0.5244462176778132,1
MSFT,2024-12-19,0,hybrid,lightgbm,tuned_optimized_threshold,0.4,0.6076475844601686,1
NVDA,2024-12-19,1,hybrid,lightgbm,tuned_optimized_threshold,0.4,0.5819056555736747,1
TSLA,2024-12-19,0,hybrid,lightgbm,tuned_optimized_threshold,0.4,0.15742983030133448,0
AAPL,2024-12-20,1,hybrid,lightgbm,tuned_optimized_threshold,0.4,0.5077257309358147,1
MSFT,2024-12-20,0,hybrid,lightgbm,tuned_optimized_threshold,0.4,0.3569856718980079,0
NVDA,2024-12-20,1,hybrid,lightgbm,tuned_optimized_threshold,0.4,0.4395657980996268,1
TSLA,2024-12-20,1,hybrid,lightgbm,tuned_optimized_threshold,0.4,0.31643654304090285,0
AAPL,2024-12-23,1,hybrid,lightgbm,tuned_optimized_threshold,0.4,0.47417393961724946,1
MSFT,2024-12-23,1,hybrid,lightgbm,tuned_optimized_threshold,0.4,0.6753995596155007,1
NVDA,2024-12-23,1,hybrid,lightgbm,tuned_optimized_threshold,0.4,0.505085100404306,1
TSLA,2024-12-23,1,hybrid,lightgbm,tuned_optimized_threshold,0.4,0.15675170371622502,0
AAPL,2024-12-24,1,hybrid,lightgbm,tuned_optimized_threshold,0.4,0.4295523508666017,1
MSFT,2024-12-24,0,hybrid,lightgbm,tuned_optimized_threshold,0.4,0.5718483173807598,1
NVDA,2024-12-24,0,hybrid,lightgbm,tuned_optimized_threshold,0.4,0.541190774823745,1
TSLA,2024-12-24,0,hybrid,lightgbm,tuned_optimized_threshold,0.4,0.48810721866409373,1
AAPL,2024-12-26,0,hybrid,lightgbm,tuned_optimized_threshold,0.4,0.5564232993374786,1
MSFT,2024-12-26,0,hybrid,lightgbm,tuned_optimized_threshold,0.4,0.37308719787202843,0
NVDA,2024-12-26,0,hybrid,lightgbm,tuned_optimized_threshold,0.4,0.6253435711152591,1
TSLA,2024-12-26,0,hybrid,lightgbm,tuned_optimized_threshold,0.4,0.26645397918101915,0
AAPL,2024-12-27,0,hybrid,lightgbm,tuned_optimized_threshold,0.4,0.5117360744062359,1
MSFT,2024-12-27,0,hybrid,lightgbm,tuned_optimized_threshold,0.4,0.2779538851108605,0
NVDA,2024-12-27,1,hybrid,lightgbm,tuned_optimized_threshold,0.4,0.32060692639575067,0
TSLA,2024-12-27,0,hybrid,lightgbm,tuned_optimized_threshold,0.4,0.5493139910473059,1
AAPL,2024-12-30,0,hybrid,lightgbm,tuned_optimized_threshold,0.4,0.5830530391235131,1
MSFT,2024-12-30,0,hybrid,lightgbm,tuned_optimized_threshold,0.4,0.5089386346240133,1
NVDA,2024-12-30,0,hybrid,lightgbm,tuned_optimized_threshold,0.4,0.40229591655907543,1
TSLA,2024-12-30,0,hybrid,lightgbm,tuned_optimized_threshold,0.4,0.43468899280519063,1
AAPL,2024-12-31,0,hybrid,lightgbm,tuned_optimized_threshold,0.4,0.4903106429448637,1
MSFT,2024-12-31,0,hybrid,lightgbm,tuned_optimized_threshold,0.4,0.36111271284652235,0
NVDA,2024-12-31,1,hybrid,lightgbm,tuned_optimized_threshold,0.4,0.6282154699274283,1
TSLA,2024-12-31,0,hybrid,lightgbm,tuned_optimized_threshold,0.4,0.3628097979635504,0
AAPL,2025-01-02,0,hybrid,lightgbm,tuned_optimized_threshold,0.4,0.6206992424000956,1
MSFT,2025-01-02,1,hybrid,lightgbm,tuned_optimized_threshold,0.4,0.5032475329801528,1
NVDA,2025-01-02,1,hybrid,lightgbm,tuned_optimized_threshold,0.4,0.6141310647978181,1
TSLA,2025-01-02,1,hybrid,lightgbm,tuned_optimized_threshold,0.4,0.36348095741297215,0
AAPL,2025-01-03,1,hybrid,lightgbm,tuned_optimized_threshold,0.4,0.5874677656258568,1
MSFT,2025-01-03,1,hybrid,lightgbm,tuned_optimized_threshold,0.4,0.5005424456646951,1
NVDA,2025-01-03,1,hybrid,lightgbm,tuned_optimized_threshold,0.4,0.5355112567207838,1
TSLA,2025-01-03,1,hybrid,lightgbm,tuned_optimized_threshold,0.4,0.4303478304920884,1
AAPL,2025-01-06,0,hybrid,lightgbm,tuned_optimized_threshold,0.4,0.5486176589592641,1
MSFT,2025-01-06,0,hybrid,lightgbm,tuned_optimized_threshold,0.4,0.28709362567829405,0
NVDA,2025-01-06,0,hybrid,lightgbm,tuned_optimized_threshold,0.4,0.7271346166619657,1
TSLA,2025-01-06,0,hybrid,lightgbm,tuned_optimized_threshold,0.4,0.48691695503760096,1
AAPL,2025-01-07,1,hybrid,lightgbm,tuned_optimized_threshold,0.4,0.5521805759969292,1
MSFT,2025-01-07,1,hybrid,lightgbm,tuned_optimized_threshold,0.4,0.48212207995736367,1
NVDA,2025-01-07,0,hybrid,lightgbm,tuned_optimized_threshold,0.4,0.43918658120572235,1
TSLA,2025-01-07,1,hybrid,lightgbm,tuned_optimized_threshold,0.4,0.5426753635885186,1
AAPL,2025-01-08,0,hybrid,lightgbm,tuned_optimized_threshold,0.4,0.5685628047372902,1
MSFT,2025-01-08,0,hybrid,lightgbm,tuned_optimized_threshold,0.4,0.3839442884076219,0
NVDA,2025-01-08,0,hybrid,lightgbm,tuned_optimized_threshold,0.4,0.4146184732511426,1
TSLA,2025-01-08,0,hybrid,lightgbm,tuned_optimized_threshold,0.4,0.3895878568161586,0
AAPL,2025-01-10,0,hybrid,lightgbm,tuned_optimized_threshold,0.4,0.4895560885460798,1
MSFT,2025-01-10,0,hybrid,lightgbm,tuned_optimized_threshold,0.4,0.31249434224267325,0
NVDA,2025-01-10,0,hybrid,lightgbm,tuned_optimized_threshold,0.4,0.40014731667304615,1
TSLA,2025-01-10,1,hybrid,lightgbm,tuned_optimized_threshold,0.4,0.49719738879635667,1
AAPL,2025-01-13,0,hybrid,lightgbm,tuned_optimized_threshold,0.4,0.45327452679714725,1
MSFT,2025-01-13,0,hybrid,lightgbm,tuned_optimized_threshold,0.4,0.37776381832553146,0
NVDA,2025-01-13,0,hybrid,lightgbm,tuned_optimized_threshold,0.4,0.19721069706376682,0
TSLA,2025-01-13,0,hybrid,lightgbm,tuned_optimized_threshold,0.4,0.34064253642190595,0
AAPL,2025-01-14,1,hybrid,lightgbm,tuned_optimized_threshold,0.4,0.6413580563400291,1
MSFT,2025-01-14,1,hybrid,lightgbm,tuned_optimized_threshold,0.4,0.36166436928554196,0
NVDA,2025-01-14,1,hybrid,lightgbm,tuned_optimized_threshold,0.4,0.4813954379863697,1
TSLA,2025-01-14,1,hybrid,lightgbm,tuned_optimized_threshold,0.4,0.3853175206097788,0
AAPL,2025-01-15,0,hybrid,lightgbm,tuned_optimized_threshold,0.4,0.5740241933133295,1
MSFT,2025-01-15,0,hybrid,lightgbm,tuned_optimized_threshold,0.4,0.30710087595701935,0
NVDA,2025-01-15,0,hybrid,lightgbm,tuned_optimized_threshold,0.4,0.46770358821497426,1
TSLA,2025-01-15,0,hybrid,lightgbm,tuned_optimized_threshold,0.4,0.43563312914194413,1
AAPL,2025-01-16,1,hybrid,lightgbm,tuned_optimized_threshold,0.4,0.45902312282797997,1
MSFT,2025-01-16,1,hybrid,lightgbm,tuned_optimized_threshold,0.4,0.558251525210348,1
NVDA,2025-01-16,1,hybrid,lightgbm,tuned_optimized_threshold,0.4,0.547813454567248,1
TSLA,2025-01-16,1,hybrid,lightgbm,tuned_optimized_threshold,0.4,0.41964055009346235,1
AAPL,2025-01-17,0,hybrid,lightgbm,tuned_optimized_threshold,0.4,0.49319076607641393,1
MSFT,2025-01-17,0,hybrid,lightgbm,tuned_optimized_threshold,0.4,0.3758125792437041,0
NVDA,2025-01-17,1,hybrid,lightgbm,tuned_optimized_threshold,0.4,0.5044249898634477,1
TSLA,2025-01-17,0,hybrid,lightgbm,tuned_optimized_threshold,0.4,0.4463004253004531,1
AAPL,2025-01-21,1,hybrid,lightgbm,tuned_optimized_threshold,0.4,0.69525284998252,1
MSFT,2025-01-21,1,hybrid,lightgbm,tuned_optimized_threshold,0.4,0.4136987156138502,1
NVDA,2025-01-21,1,hybrid,lightgbm,tuned_optimized_threshold,0.4,0.508092336854717,1
TSLA,2025-01-21,0,hybrid,lightgbm,tuned_optimized_threshold,0.4,0.21089599861404848,0
AAPL,2025-01-22,0,hybrid,lightgbm,tuned_optimized_threshold,0.4,0.5274461690542744,1
MSFT,2025-01-22,1,hybrid,lightgbm,tuned_optimized_threshold,0.4,0.5582605562778605,1
NVDA,2025-01-22,1,hybrid,lightgbm,tuned_optimized_threshold,0.4,0.5305963822086607,1
TSLA,2025-01-22,0,hybrid,lightgbm,tuned_optimized_threshold,0.4,0.34366759003536645,0
AAPL,2025-01-23,0,hybrid,lightgbm,tuned_optimized_threshold,0.4,0.5721297654628807,1
MSFT,2025-01-23,0,hybrid,lightgbm,tuned_optimized_threshold,0.4,0.3449374392742418,0
NVDA,2025-01-23,0,hybrid,lightgbm,tuned_optimized_threshold,0.4,0.4002111944682402,1
TSLA,2025-01-23,0,hybrid,lightgbm,tuned_optimized_threshold,0.4,0.247009189268213,0
AAPL,2025-01-24,1,hybrid,lightgbm,tuned_optimized_threshold,0.4,0.6382160495712722,1
MSFT,2025-01-24,0,hybrid,lightgbm,tuned_optimized_threshold,0.4,0.4831680861892148,1
NVDA,2025-01-24,0,hybrid,lightgbm,tuned_optimized_threshold,0.4,0.5670291758322747,1
TSLA,2025-01-24,0,hybrid,lightgbm,tuned_optimized_threshold,0.4,0.22787990971853175,0
AAPL,2025-01-27,1,hybrid,lightgbm,tuned_optimized_threshold,0.4,0.5140777373796844,1
MSFT,2025-01-27,1,hybrid,lightgbm,tuned_optimized_threshold,0.4,0.31203423991971974,0
NVDA,2025-01-27,1,hybrid,lightgbm,tuned_optimized_threshold,0.4,0.5144333370070466,1
TSLA,2025-01-27,1,hybrid,lightgbm,tuned_optimized_threshold,0.4,0.4560336063133662,1
AAPL,2025-01-28,1,hybrid,lightgbm,tuned_optimized_threshold,0.4,0.5890091891894753,1
MSFT,2025-01-28,0,hybrid,lightgbm,tuned_optimized_threshold,0.4,0.36285042748120944,0
NVDA,2025-01-28,0,hybrid,lightgbm,tuned_optimized_threshold,0.4,0.3415119261841521,0
TSLA,2025-01-28,0,hybrid,lightgbm,tuned_optimized_threshold,0.4,0.4061082027077827,1
AAPL,2025-01-29,0,hybrid,lightgbm,tuned_optimized_threshold,0.4,0.495271954157574,1
MSFT,2025-01-29,0,hybrid,lightgbm,tuned_optimized_threshold,0.4,0.24537137117560182,0
NVDA,2025-01-29,1,hybrid,lightgbm,tuned_optimized_threshold,0.4,0.6231987629183219,1
TSLA,2025-01-29,1,hybrid,lightgbm,tuned_optimized_threshold,0.4,0.34458451547806956,0
AAPL,2025-01-30,0,hybrid,lightgbm,tuned_optimized_threshold,0.4,0.598330200520117,1
MSFT,2025-01-30,1,hybrid,lightgbm,tuned_optimized_threshold,0.4,0.6229884652391011,1
NVDA,2025-01-30,0,hybrid,lightgbm,tuned_optimized_threshold,0.4,0.4256529778360143,1
TSLA,2025-01-30,1,hybrid,lightgbm,tuned_optimized_threshold,0.4,0.4090643139312114,1
AAPL,2025-01-31,0,hybrid,lightgbm,tuned_optimized_threshold,0.4,0.5658540675023642,1
MSFT,2025-01-31,0,hybrid,lightgbm,tuned_optimized_threshold,0.4,0.37480502268651267,0
NVDA,2025-01-31,0,hybrid,lightgbm,tuned_optimized_threshold,0.4,0.593043699481796,1
TSLA,2025-01-31,0,hybrid,lightgbm,tuned_optimized_threshold,0.4,0.19879485585534304,0
AAPL,2025-02-03,1,hybrid,lightgbm,tuned_optimized_threshold,0.4,0.5776892182698744,1
MSFT,2025-02-03,1,hybrid,lightgbm,tuned_optimized_threshold,0.4,0.3447295169318545,0
NVDA,2025-02-03,1,hybrid,lightgbm,tuned_optimized_threshold,0.4,0.6263483233224915,1
TSLA,2025-02-03,1,hybrid,lightgbm,tuned_optimized_threshold,0.4,0.4695866448073574,1
AAPL,2025-02-04,0,hybrid,lightgbm,tuned_optimized_threshold,0.4,0.552638885921919,1
MSFT,2025-02-04,1,hybrid,lightgbm,tuned_optimized_threshold,0.4,0.45537553986573254,1
NVDA,2025-02-04,1,hybrid,lightgbm,tuned_optimized_threshold,0.4,0.4824393614021339,1
TSLA,2025-02-04,0,hybrid,lightgbm,tuned_optimized_threshold,0.4,0.27505250240954854,0
AAPL,2025-02-05,1,hybrid,lightgbm,tuned_optimized_threshold,0.4,0.6100145497653974,1
MSFT,2025-02-05,1,hybrid,lightgbm,tuned_optimized_threshold,0.4,0.33440510501412246,0
NVDA,2025-02-05,1,hybrid,lightgbm,tuned_optimized_threshold,0.4,0.5953788736218725,1
TSLA,2025-02-05,0,hybrid,lightgbm,tuned_optimized_threshold,0.4,0.4256547346190286,1
AAPL,2025-02-06,0,hybrid,lightgbm,tuned_optimized_threshold,0.4,0.625151134489325,1
MSFT,2025-02-06,0,hybrid,lightgbm,tuned_optimized_threshold,0.4,0.29582883306276986,0
NVDA,2025-02-06,1,hybrid,lightgbm,tuned_optimized_threshold,0.4,0.6357466668053529,1
TSLA,2025-02-06,0,hybrid,lightgbm,tuned_optimized_threshold,0.4,0.43275882142184013,1
AAPL,2025-02-07,1,hybrid,lightgbm,tuned_optimized_threshold,0.4,0.6571680889871894,1
MSFT,2025-02-07,1,hybrid,lightgbm,tuned_optimized_threshold,0.4,0.3708266608974278,0
NVDA,2025-02-07,1,hybrid,lightgbm,tuned_optimized_threshold,0.4,0.45262708893924697,1
TSLA,2025-02-07,0,hybrid,lightgbm,tuned_optimized_threshold,0.4,0.32779576901797347,0
AAPL,2025-02-10,1,hybrid,lightgbm,tuned_optimized_threshold,0.4,0.39652051125454224,0
MSFT,2025-02-10,0,hybrid,lightgbm,tuned_optimized_threshold,0.4,0.4417250712775082,1
NVDA,2025-02-10,0,hybrid,lightgbm,tuned_optimized_threshold,0.4,0.4863347018496381,1
TSLA,2025-02-10,0,hybrid,lightgbm,tuned_optimized_threshold,0.4,0.4297526361757815,1
AAPL,2025-02-11,1,hybrid,lightgbm,tuned_optimized_threshold,0.4,0.578113148366898,1
MSFT,2025-02-11,0,hybrid,lightgbm,tuned_optimized_threshold,0.4,0.2590648332953816,0
NVDA,2025-02-11,0,hybrid,lightgbm,tuned_optimized_threshold,0.4,0.5853669788218616,1
TSLA,2025-02-11,1,hybrid,lightgbm,tuned_optimized_threshold,0.4,0.6986728908053191,1
AAPL,2025-02-12,1,hybrid,lightgbm,tuned_optimized_threshold,0.4,0.6678864504540807,1
MSFT,2025-02-12,1,hybrid,lightgbm,tuned_optimized_threshold,0.4,0.3206844984795036,0
NVDA,2025-02-12,1,hybrid,lightgbm,tuned_optimized_threshold,0.4,0.6251895766257474,1
TSLA,2025-02-12,1,hybrid,lightgbm,tuned_optimized_threshold,0.4,0.5757212079731087,1
AAPL,2025-02-13,1,hybrid,lightgbm,tuned_optimized_threshold,0.4,0.5929287533272024,1
MSFT,2025-02-13,0,hybrid,lightgbm,tuned_optimized_threshold,0.4,0.5963698025873553,1
NVDA,2025-02-13,1,hybrid,lightgbm,tuned_optimized_threshold,0.4,0.5934610713222545,1
TSLA,2025-02-13,0,hybrid,lightgbm,tuned_optimized_threshold,0.4,0.5257108032180502,1
AAPL,2025-02-14,0,hybrid,lightgbm,tuned_optimized_threshold,0.4,0.5602355004201925,1
MSFT,2025-02-14,1,hybrid,lightgbm,tuned_optimized_threshold,0.4,0.5366370263519656,1
NVDA,2025-02-14,1,hybrid,lightgbm,tuned_optimized_threshold,0.4,0.3832865458964829,0
TSLA,2025-02-14,0,hybrid,lightgbm,tuned_optimized_threshold,0.4,0.23778959950785025,0
AAPL,2025-02-18,1,hybrid,lightgbm,tuned_optimized_threshold,0.4,0.30635494842312255,0
MSFT,2025-02-18,1,hybrid,lightgbm,tuned_optimized_threshold,0.4,0.470932569453249,1
NVDA,2025-02-18,0,hybrid,lightgbm,tuned_optimized_threshold,0.4,0.3335025265272646,0
TSLA,2025-02-18,1,hybrid,lightgbm,tuned_optimized_threshold,0.4,0.39309614895701556,0
AAPL,2025-02-19,1,hybrid,lightgbm,tuned_optimized_threshold,0.4,0.5129740615903164,1
MSFT,2025-02-19,1,hybrid,lightgbm,tuned_optimized_threshold,0.4,0.42047179024204273,1
NVDA,2025-02-19,1,hybrid,lightgbm,tuned_optimized_threshold,0.4,0.2733929675760551,0
TSLA,2025-02-19,0,hybrid,lightgbm,tuned_optimized_threshold,0.4,0.2216361057325942,0
AAPL,2025-02-20,0,hybrid,lightgbm,tuned_optimized_threshold,0.4,0.40082029816760045,1
MSFT,2025-02-20,0,hybrid,lightgbm,tuned_optimized_threshold,0.4,0.48085277632332435,1
NVDA,2025-02-20,0,hybrid,lightgbm,tuned_optimized_threshold,0.4,0.5877350828298842,1
TSLA,2025-02-20,0,hybrid,lightgbm,tuned_optimized_threshold,0.4,0.32208914131567795,0
AAPL,2025-02-21,1,hybrid,lightgbm,tuned_optimized_threshold,0.4,0.566336979180623,1
MSFT,2025-02-21,0,hybrid,lightgbm,tuned_optimized_threshold,0.4,0.4452735625108626,1
NVDA,2025-02-21,0,hybrid,lightgbm,tuned_optimized_threshold,0.4,0.5494343587186522,1
TSLA,2025-02-21,0,hybrid,lightgbm,tuned_optimized_threshold,0.4,0.49099523597281425,1
AAPL,2025-02-24,0,hybrid,lightgbm,tuned_optimized_threshold,0.4,0.2603032089123244,0
MSFT,2025-02-24,0,hybrid,lightgbm,tuned_optimized_threshold,0.4,0.4338673327466794,1
NVDA,2025-02-24,0,hybrid,lightgbm,tuned_optimized_threshold,0.4,0.33023566848507313,0
TSLA,2025-02-24,0,hybrid,lightgbm,tuned_optimized_threshold,0.4,0.5963132843364607,1
AAPL,2025-02-25,0,hybrid,lightgbm,tuned_optimized_threshold,0.4,0.6502103395607944,1
MSFT,2025-02-25,1,hybrid,lightgbm,tuned_optimized_threshold,0.4,0.38416639123315416,0
NVDA,2025-02-25,1,hybrid,lightgbm,tuned_optimized_threshold,0.4,0.5112674006006395,1
TSLA,2025-02-25,0,hybrid,lightgbm,tuned_optimized_threshold,0.4,0.7237106781014864,1
AAPL,2025-02-26,0,hybrid,lightgbm,tuned_optimized_threshold,0.4,0.512163833350752,1
MSFT,2025-02-26,0,hybrid,lightgbm,tuned_optimized_threshold,0.4,0.21547454972473534,0
NVDA,2025-02-26,0,hybrid,lightgbm,tuned_optimized_threshold,0.4,0.509214498083803,1
TSLA,2025-02-26,0,hybrid,lightgbm,tuned_optimized_threshold,0.4,0.5487226041860799,1
AAPL,2025-02-27,1,hybrid,lightgbm,tuned_optimized_threshold,0.4,0.436592443560651,1
MSFT,2025-02-27,1,hybrid,lightgbm,tuned_optimized_threshold,0.4,0.5585360740677165,1
NVDA,2025-02-27,1,hybrid,lightgbm,tuned_optimized_threshold,0.4,0.41645619033160314,1
TSLA,2025-02-27,1,hybrid,lightgbm,tuned_optimized_threshold,0.4,0.7151693726905308,1
AAPL,2025-02-28,0,hybrid,lightgbm,tuned_optimized_threshold,0.4,0.6080126147829886,1
MSFT,2025-02-28,0,hybrid,lightgbm,tuned_optimized_threshold,0.4,0.3711395980718106,0
NVDA,2025-02-28,0,hybrid,lightgbm,tuned_optimized_threshold,0.4,0.4683942304526487,1
TSLA,2025-02-28,0,hybrid,lightgbm,tuned_optimized_threshold,0.4,0.6183758291681969,1
AAPL,2025-03-03,0,hybrid,lightgbm,tuned_optimized_threshold,0.4,0.31658476941995467,0
MSFT,2025-03-03,1,hybrid,lightgbm,tuned_optimized_threshold,0.4,0.570311190543438,1
NVDA,2025-03-03,1,hybrid,lightgbm,tuned_optimized_threshold,0.4,0.2713003334585514,0
TSLA,2025-03-03,0,hybrid,lightgbm,tuned_optimized_threshold,0.4,0.639788854112063,1
AAPL,2025-03-04,0,hybrid,lightgbm,tuned_optimized_threshold,0.4,0.34782620450182355,0
MSFT,2025-03-04,1,hybrid,lightgbm,tuned_optimized_threshold,0.4,0.41427157671642545,1
NVDA,2025-03-04,1,hybrid,lightgbm,tuned_optimized_threshold,0.4,0.3723874942991874,0
TSLA,2025-03-04,1,hybrid,lightgbm,tuned_optimized_threshold,0.4,0.5636402263994145,1
AAPL,2025-03-05,0,hybrid,lightgbm,tuned_optimized_threshold,0.4,0.5728523714787032,1
MSFT,2025-03-05,0,hybrid,lightgbm,tuned_optimized_threshold,0.4,0.38640763569118214,0
NVDA,2025-03-05,0,hybrid,lightgbm,tuned_optimized_threshold,0.4,0.5340739151047478,1
TSLA,2025-03-05,0,hybrid,lightgbm,tuned_optimized_threshold,0.4,0.5273324401723678,1
AAPL,2025-03-06,1,hybrid,lightgbm,tuned_optimized_threshold,0.4,0.5175676293065942,1
MSFT,2025-03-06,0,hybrid,lightgbm,tuned_optimized_threshold,0.4,0.46795677663152135,1
NVDA,2025-03-06,1,hybrid,lightgbm,tuned_optimized_threshold,0.4,0.36900011145516204,0
TSLA,2025-03-06,0,hybrid,lightgbm,tuned_optimized_threshold,0.4,0.6653512349176512,1
AAPL,2025-03-07,0,hybrid,lightgbm,tuned_optimized_threshold,0.4,0.5595255897831051,1
MSFT,2025-03-07,0,hybrid,lightgbm,tuned_optimized_threshold,0.4,0.5967750785149425,1
NVDA,2025-03-07,0,hybrid,lightgbm,tuned_optimized_threshold,0.4,0.31529843352262277,0
TSLA,2025-03-07,0,hybrid,lightgbm,tuned_optimized_threshold,0.4,0.546313003412335,1
AAPL,2025-03-10,0,hybrid,lightgbm,tuned_optimized_threshold,0.4,0.3841371793663526,0
MSFT,2025-03-10,1,hybrid,lightgbm,tuned_optimized_threshold,0.4,0.26860569730144057,0
NVDA,2025-03-10,1,hybrid,lightgbm,tuned_optimized_threshold,0.4,0.24086970246034242,0
TSLA,2025-03-10,1,hybrid,lightgbm,tuned_optimized_threshold,0.4,0.7083989618262784,1
AAPL,2025-03-11,0,hybrid,lightgbm,tuned_optimized_threshold,0.4,0.5511201372766167,1
MSFT,2025-03-11,1,hybrid,lightgbm,tuned_optimized_threshold,0.4,0.4978976009796557,1
NVDA,2025-03-11,1,hybrid,lightgbm,tuned_optimized_threshold,0.4,0.40733038147423295,1
TSLA,2025-03-11,1,hybrid,lightgbm,tuned_optimized_threshold,0.4,0.5733146220866514,1
AAPL,2025-03-12,0,hybrid,lightgbm,tuned_optimized_threshold,0.4,0.47464480726089164,1
MSFT,2025-03-12,0,hybrid,lightgbm,tuned_optimized_threshold,0.4,0.5421013392248064,1
NVDA,2025-03-12,0,hybrid,lightgbm,tuned_optimized_threshold,0.4,0.5100029072578812,1
TSLA,2025-03-12,0,hybrid,lightgbm,tuned_optimized_threshold,0.4,0.5136810496093525,1
AAPL,2025-03-13,1,hybrid,lightgbm,tuned_optimized_threshold,0.4,0.6369506007972382,1
MSFT,2025-03-13,1,hybrid,lightgbm,tuned_optimized_threshold,0.4,0.49555211572285324,1
NVDA,2025-03-13,1,hybrid,lightgbm,tuned_optimized_threshold,0.4,0.6059358436788129,1
TSLA,2025-03-13,1,hybrid,lightgbm,tuned_optimized_threshold,0.4,0.7681635070368612,1
AAPL,2025-03-14,1,hybrid,lightgbm,tuned_optimized_threshold,0.4,0.42366246264819446,1
MSFT,2025-03-14,1,hybrid,lightgbm,tuned_optimized_threshold,0.4,0.30194271500224473,0
NVDA,2025-03-14,0,hybrid,lightgbm,tuned_optimized_threshold,0.4,0.4193917775728382,1
TSLA,2025-03-14,0,hybrid,lightgbm,tuned_optimized_threshold,0.4,0.40865583749889506,1
AAPL,2025-03-17,0,hybrid,lightgbm,tuned_optimized_threshold,0.4,0.5591788615932523,1
MSFT,2025-03-17,0,hybrid,lightgbm,tuned_optimized_threshold,0.4,0.5846063884444543,1
NVDA,2025-03-17,0,hybrid,lightgbm,tuned_optimized_threshold,0.4,0.500902376080717,1
TSLA,2025-03-17,0,hybrid,lightgbm,tuned_optimized_threshold,0.4,0.7339525563855721,1
AAPL,2025-03-18,1,hybrid,lightgbm,tuned_optimized_threshold,0.4,0.5339938172774881,1
MSFT,2025-03-18,1,hybrid,lightgbm,tuned_optimized_threshold,0.4,0.4716303124567496,1
NVDA,2025-03-18,1,hybrid,lightgbm,tuned_optimized_threshold,0.4,0.6297664087184862,1
TSLA,2025-03-18,1,hybrid,lightgbm,tuned_optimized_threshold,0.4,0.6997920241799879,1
AAPL,2025-03-19,0,hybrid,lightgbm,tuned_optimized_threshold,0.4,0.5357785016521334,1
MSFT,2025-03-19,0,hybrid,lightgbm,tuned_optimized_threshold,0.4,0.3507201809047934,0
NVDA,2025-03-19,1,hybrid,lightgbm,tuned_optimized_threshold,0.4,0.6551273237594356,1
TSLA,2025-03-19,1,hybrid,lightgbm,tuned_optimized_threshold,0.4,0.5465231844538505,1
AAPL,2025-03-20,1,hybrid,lightgbm,tuned_optimized_threshold,0.4,0.49742332740237766,1
MSFT,2025-03-20,1,hybrid,lightgbm,tuned_optimized_threshold,0.4,0.34959882388672897,0
NVDA,2025-03-20,0,hybrid,lightgbm,tuned_optimized_threshold,0.4,0.443848677249189,1
TSLA,2025-03-20,1,hybrid,lightgbm,tuned_optimized_threshold,0.4,0.4470735740114859,1
AAPL,2025-03-21,1,hybrid,lightgbm,tuned_optimized_threshold,0.4,0.516704861179299,1
MSFT,2025-03-21,1,hybrid,lightgbm,tuned_optimized_threshold,0.4,0.3909933952352405,0
NVDA,2025-03-21,1,hybrid,lightgbm,tuned_optimized_threshold,0.4,0.47514995799434295,1
TSLA,2025-03-21,1,hybrid,lightgbm,tuned_optimized_threshold,0.4,0.49144097762951183,1
AAPL,2025-03-24,1,hybrid,lightgbm,tuned_optimized_threshold,0.4,0.5638224612653238,1
MSFT,2025-03-24,1,hybrid,lightgbm,tuned_optimized_threshold,0.4,0.31639270008651543,0
NVDA,2025-03-24,0,hybrid,lightgbm,tuned_optimized_threshold,0.4,0.47491839990685863,1
TSLA,2025-03-24,1,hybrid,lightgbm,tuned_optimized_threshold,0.4,0.5288427040351881,1
AAPL,2025-03-25,0,hybrid,lightgbm,tuned_optimized_threshold,0.4,0.5333820211786846,1
MSFT,2025-03-25,0,hybrid,lightgbm,tuned_optimized_threshold,0.4,0.22175660775633857,0
NVDA,2025-03-25,0,hybrid,lightgbm,tuned_optimized_threshold,0.4,0.7444711974384961,1
TSLA,2025-03-25,0,hybrid,lightgbm,tuned_optimized_threshold,0.4,0.4674871659311388,1
AAPL,2025-03-26,1,hybrid,lightgbm,tuned_optimized_threshold,0.4,0.6720626645247427,1
MSFT,2025-03-26,1,hybrid,lightgbm,tuned_optimized_threshold,0.4,0.31189432962405017,0
NVDA,2025-03-26,0,hybrid,lightgbm,tuned_optimized_threshold,0.4,0.23779034911949729,0
TSLA,2025-03-26,1,hybrid,lightgbm,tuned_optimized_threshold,0.4,0.75204881378708,1
AAPL,2025-03-27,0,hybrid,lightgbm,tuned_optimized_threshold,0.4,0.6355907313097984,1
MSFT,2025-03-27,0,hybrid,lightgbm,tuned_optimized_threshold,0.4,0.28687997591284725,0
NVDA,2025-03-27,0,hybrid,lightgbm,tuned_optimized_threshold,0.4,0.45413597016492,1
TSLA,2025-03-27,0,hybrid,lightgbm,tuned_optimized_threshold,0.4,0.643252611591362,1
AAPL,2025-03-28,1,hybrid,lightgbm,tuned_optimized_threshold,0.4,0.7671336521976126,1
MSFT,2025-03-28,0,hybrid,lightgbm,tuned_optimized_threshold,0.4,0.6331195244416611,1
NVDA,2025-03-28,0,hybrid,lightgbm,tuned_optimized_threshold,0.4,0.45604294448129795,1
TSLA,2025-03-28,0,hybrid,lightgbm,tuned_optimized_threshold,0.4,0.7287753704807609,1
AAPL,2025-03-31,1,hybrid,lightgbm,tuned_optimized_threshold,0.4,0.6232732037128169,1
MSFT,2025-03-31,1,hybrid,lightgbm,tuned_optimized_threshold,0.4,0.5053044271382955,1
NVDA,2025-03-31,1,hybrid,lightgbm,tuned_optimized_threshold,0.4,0.6053699068227123,1
TSLA,2025-03-31,1,hybrid,lightgbm,tuned_optimized_threshold,0.4,0.676152034333093,1
AAPL,2025-04-01,1,hybrid,lightgbm,tuned_optimized_threshold,0.4,0.6954526224964176,1
MSFT,2025-04-01,0,hybrid,lightgbm,tuned_optimized_threshold,0.4,0.2796934276075827,0
NVDA,2025-04-01,1,hybrid,lightgbm,tuned_optimized_threshold,0.4,0.7225862359180959,1
TSLA,2025-04-01,1,hybrid,lightgbm,tuned_optimized_threshold,0.4,0.5940220103967998,1
AAPL,2025-04-02,0,hybrid,lightgbm,tuned_optimized_threshold,0.4,0.6300906754130408,1
MSFT,2025-04-02,0,hybrid,lightgbm,tuned_optimized_threshold,0.4,0.36364133703498464,0
NVDA,2025-04-02,0,hybrid,lightgbm,tuned_optimized_threshold,0.4,0.6818609077478212,1
TSLA,2025-04-02,0,hybrid,lightgbm,tuned_optimized_threshold,0.4,0.6227590782384951,1
AAPL,2025-04-03,0,hybrid,lightgbm,tuned_optimized_threshold,0.4,0.4607643003467124,1
MSFT,2025-04-03,0,hybrid,lightgbm,tuned_optimized_threshold,0.4,0.5285240497040806,1
NVDA,2025-04-03,0,hybrid,lightgbm,tuned_optimized_threshold,0.4,0.5460962301413572,1
TSLA,2025-04-03,0,hybrid,lightgbm,tuned_optimized_threshold,0.4,0.6444429682854352,1
AAPL,2025-04-04,0,hybrid,lightgbm,tuned_optimized_threshold,0.4,0.6056264416378992,1
MSFT,2025-04-04,0,hybrid,lightgbm,tuned_optimized_threshold,0.4,0.4203649480145556,1
NVDA,2025-04-04,1,hybrid,lightgbm,tuned_optimized_threshold,0.4,0.5350693573347898,1
TSLA,2025-04-04,0,hybrid,lightgbm,tuned_optimized_threshold,0.4,0.5827951198793194,1
AAPL,2025-04-07,0,hybrid,lightgbm,tuned_optimized_threshold,0.4,0.6530581416834312,1
MSFT,2025-04-07,0,hybrid,lightgbm,tuned_optimized_threshold,0.4,0.5928151475199873,1
NVDA,2025-04-07,0,hybrid,lightgbm,tuned_optimized_threshold,0.4,0.49865814266214165,1
TSLA,2025-04-07,0,hybrid,lightgbm,tuned_optimized_threshold,0.4,0.7614991744703608,1
AAPL,2025-04-08,1,hybrid,lightgbm,tuned_optimized_threshold,0.4,0.6021669676203805,1
MSFT,2025-04-08,1,hybrid,lightgbm,tuned_optimized_threshold,0.4,0.5538711300696456,1
NVDA,2025-04-08,1,hybrid,lightgbm,tuned_optimized_threshold,0.4,0.5622849714572479,1
TSLA,2025-04-08,1,hybrid,lightgbm,tuned_optimized_threshold,0.4,0.5947474364435202,1
AAPL,2025-04-09,0,hybrid,lightgbm,tuned_optimized_threshold,0.4,0.437975464251635,1
MSFT,2025-04-09,0,hybrid,lightgbm,tuned_optimized_threshold,0.4,0.3831745279045059,0
NVDA,2025-04-09,0,hybrid,lightgbm,tuned_optimized_threshold,0.4,0.580790758954367,1
TSLA,2025-04-09,0,hybrid,lightgbm,tuned_optimized_threshold,0.4,0.4405593218416163,1
AAPL,2025-04-10,1,hybrid,lightgbm,tuned_optimized_threshold,0.4,0.5089053661913563,1
MSFT,2025-04-10,1,hybrid,lightgbm,tuned_optimized_threshold,0.4,0.40641797670853147,1
NVDA,2025-04-10,1,hybrid,lightgbm,tuned_optimized_threshold,0.4,0.5948564688477518,1
TSLA,2025-04-10,0,hybrid,lightgbm,tuned_optimized_threshold,0.4,0.5900230764320561,1
AAPL,2025-04-11,1,hybrid,lightgbm,tuned_optimized_threshold,0.4,0.4741520616772489,1
MSFT,2025-04-11,0,hybrid,lightgbm,tuned_optimized_threshold,0.4,0.44375601857500385,1
NVDA,2025-04-11,0,hybrid,lightgbm,tuned_optimized_threshold,0.4,0.39791104935677557,0
TSLA,2025-04-11,1,hybrid,lightgbm,tuned_optimized_threshold,0.4,0.633337753835141,1
AAPL,2025-04-14,0,hybrid,lightgbm,tuned_optimized_threshold,0.4,0.33229952902962334,0
MSFT,2025-04-14,0,hybrid,lightgbm,tuned_optimized_threshold,0.4,0.20649980806617516,0
NVDA,2025-04-14,1,hybrid,lightgbm,tuned_optimized_threshold,0.4,0.6350482955201184,1
TSLA,2025-04-14,1,hybrid,lightgbm,tuned_optimized_threshold,0.4,0.49418954380165897,1
AAPL,2025-04-15,0,hybrid,lightgbm,tuned_optimized_threshold,0.4,0.6025864530797111,1
MSFT,2025-04-15,0,hybrid,lightgbm,tuned_optimized_threshold,0.4,0.3153301617299685,0
NVDA,2025-04-15,0,hybrid,lightgbm,tuned_optimized_threshold,0.4,0.40862880663157936,1
TSLA,2025-04-15,0,hybrid,lightgbm,tuned_optimized_threshold,0.4,0.4062865389891272,1
AAPL,2025-04-16,1,hybrid,lightgbm,tuned_optimized_threshold,0.4,0.4827095689002157,1
MSFT,2025-04-16,0,hybrid,lightgbm,tuned_optimized_threshold,0.4,0.4427157994564129,1
NVDA,2025-04-16,0,hybrid,lightgbm,tuned_optimized_threshold,0.4,0.5257563983988253,1
TSLA,2025-04-16,0,hybrid,lightgbm,tuned_optimized_threshold,0.4,0.5856570245107108,1
AAPL,2025-04-17,0,hybrid,lightgbm,tuned_optimized_threshold,0.4,0.4365448977641635,1
MSFT,2025-04-17,0,hybrid,lightgbm,tuned_optimized_threshold,0.4,0.305033403879358,0
NVDA,2025-04-17,0,hybrid,lightgbm,tuned_optimized_threshold,0.4,0.683295821751927,1
TSLA,2025-04-17,0,hybrid,lightgbm,tuned_optimized_threshold,0.4,0.4353330169018203,1
AAPL,2025-04-21,1,hybrid,lightgbm,tuned_optimized_threshold,0.4,0.4951922856229198,1
MSFT,2025-04-21,1,hybrid,lightgbm,tuned_optimized_threshold,0.4,0.4587774008888705,1
NVDA,2025-04-21,1,hybrid,lightgbm,tuned_optimized_threshold,0.4,0.5724915459555199,1
TSLA,2025-04-21,1,hybrid,lightgbm,tuned_optimized_threshold,0.4,0.55678755300361,1
AAPL,2025-04-22,1,hybrid,lightgbm,tuned_optimized_threshold,0.4,0.30681540872159635,0
MSFT,2025-04-22,1,hybrid,lightgbm,tuned_optimized_threshold,0.4,0.24259055267164592,0
NVDA,2025-04-22,1,hybrid,lightgbm,tuned_optimized_threshold,0.4,0.528997561394844,1
TSLA,2025-04-22,1,hybrid,lightgbm,tuned_optimized_threshold,0.4,0.3752366368931882,0
AAPL,2025-04-23,1,hybrid,lightgbm,tuned_optimized_threshold,0.4,0.47991289278168964,1
MSFT,2025-04-23,1,hybrid,lightgbm,tuned_optimized_threshold,0.4,0.31964026756591335,0
NVDA,2025-04-23,1,hybrid,lightgbm,tuned_optimized_threshold,0.4,0.47904516243168793,1
TSLA,2025-04-23,1,hybrid,lightgbm,tuned_optimized_threshold,0.4,0.2767754147137707,0
AAPL,2025-04-24,1,hybrid,lightgbm,tuned_optimized_threshold,0.4,0.44332632341324746,1
MSFT,2025-04-24,1,hybrid,lightgbm,tuned_optimized_threshold,0.4,0.5099124511581453,1
NVDA,2025-04-24,1,hybrid,lightgbm,tuned_optimized_threshold,0.4,0.4414515318201434,1
TSLA,2025-04-24,1,hybrid,lightgbm,tuned_optimized_threshold,0.4,0.2486234731583942,0
AAPL,2025-04-25,1,hybrid,lightgbm,tuned_optimized_threshold,0.4,0.5738827217554372,1
MSFT,2025-04-25,0,hybrid,lightgbm,tuned_optimized_threshold,0.4,0.3395160252763474,0
NVDA,2025-04-25,0,hybrid,lightgbm,tuned_optimized_threshold,0.4,0.501598373238992,1
TSLA,2025-04-25,1,hybrid,lightgbm,tuned_optimized_threshold,0.4,0.6398890796755133,1
AAPL,2025-04-28,1,hybrid,lightgbm,tuned_optimized_threshold,0.4,0.5047345475505675,1
MSFT,2025-04-28,1,hybrid,lightgbm,tuned_optimized_threshold,0.4,0.10433765858022478,0
NVDA,2025-04-28,1,hybrid,lightgbm,tuned_optimized_threshold,0.4,0.4830964802108722,1
TSLA,2025-04-28,1,hybrid,lightgbm,tuned_optimized_threshold,0.4,0.7315226117431696,1
AAPL,2025-04-29,1,hybrid,lightgbm,tuned_optimized_threshold,0.4,0.5421248810832153,1
MSFT,2025-04-29,1,hybrid,lightgbm,tuned_optimized_threshold,0.4,0.3265253893792107,0
NVDA,2025-04-29,0,hybrid,lightgbm,tuned_optimized_threshold,0.4,0.6194628987309675,1
TSLA,2025-04-29,0,hybrid,lightgbm,tuned_optimized_threshold,0.4,0.34510659158504253,0
AAPL,2025-04-30,1,hybrid,lightgbm,tuned_optimized_threshold,0.4,0.6350771166184594,1
MSFT,2025-04-30,1,hybrid,lightgbm,tuned_optimized_threshold,0.4,0.3445894292420119,0
NVDA,2025-04-30,1,hybrid,lightgbm,tuned_optimized_threshold,0.4,0.5723433698471687,1
TSLA,2025-04-30,0,hybrid,lightgbm,tuned_optimized_threshold,0.4,0.7152074824270716,1
AAPL,2025-05-01,0,hybrid,lightgbm,tuned_optimized_threshold,0.4,0.45147440580076476,1
MSFT,2025-05-01,1,hybrid,lightgbm,tuned_optimized_threshold,0.4,0.5831998320324806,1
NVDA,2025-05-01,1,hybrid,lightgbm,tuned_optimized_threshold,0.4,0.5885744352616853,1
TSLA,2025-05-01,1,hybrid,lightgbm,tuned_optimized_threshold,0.4,0.53195324048201,1
AAPL,2025-05-02,0,hybrid,lightgbm,tuned_optimized_threshold,0.4,0.5778475822534339,1
MSFT,2025-05-02,1,hybrid,lightgbm,tuned_optimized_threshold,0.4,0.22482577254003097,0
NVDA,2025-05-02,0,hybrid,lightgbm,tuned_optimized_threshold,0.4,0.6285779652854597,1
TSLA,2025-05-02,0,hybrid,lightgbm,tuned_optimized_threshold,0.4,0.5577311874774518,1
AAPL,2025-05-05,0,hybrid,lightgbm,tuned_optimized_threshold,0.4,0.4665289532796667,1
MSFT,2025-05-05,0,hybrid,lightgbm,tuned_optimized_threshold,0.4,0.3012673314818855,0
NVDA,2025-05-05,0,hybrid,lightgbm,tuned_optimized_threshold,0.4,0.6091139427799297,1
TSLA,2025-05-05,0,hybrid,lightgbm,tuned_optimized_threshold,0.4,0.4569325565415694,1
AAPL,2025-05-06,0,hybrid,lightgbm,tuned_optimized_threshold,0.4,0.5538010878963397,1
MSFT,2025-05-06,1,hybrid,lightgbm,tuned_optimized_threshold,0.4,0.33166773988840575,0
NVDA,2025-05-06,1,hybrid,lightgbm,tuned_optimized_threshold,0.4,0.6022402959400163,1
TSLA,2025-05-06,1,hybrid,lightgbm,tuned_optimized_threshold,0.4,0.32511945991171565,0
AAPL,2025-05-07,1,hybrid,lightgbm,tuned_optimized_threshold,0.4,0.5555307926897921,1
MSFT,2025-05-07,1,hybrid,lightgbm,tuned_optimized_threshold,0.4,0.4519869743200006,1
NVDA,2025-05-07,1,hybrid,lightgbm,tuned_optimized_threshold,0.4,0.5751875880785025,1
TSLA,2025-05-07,1,hybrid,lightgbm,tuned_optimized_threshold,0.4,0.4884082257688292,1
AAPL,2025-05-08,1,hybrid,lightgbm,tuned_optimized_threshold,0.4,0.5037377699075609,1
MSFT,2025-05-08,1,hybrid,lightgbm,tuned_optimized_threshold,0.4,0.1369839119830699,0
NVDA,2025-05-08,0,hybrid,lightgbm,tuned_optimized_threshold,0.4,0.5140029851461385,1
TSLA,2025-05-08,1,hybrid,lightgbm,tuned_optimized_threshold,0.4,0.5299139368359574,1
AAPL,2025-05-09,1,hybrid,lightgbm,tuned_optimized_threshold,0.4,0.5449871436095206,1
MSFT,2025-05-09,1,hybrid,lightgbm,tuned_optimized_threshold,0.4,0.41334455473767334,1
NVDA,2025-05-09,1,hybrid,lightgbm,tuned_optimized_threshold,0.4,0.6130724685408719,1
TSLA,2025-05-09,1,hybrid,lightgbm,tuned_optimized_threshold,0.4,0.6582054858182049,1
AAPL,2025-05-12,1,hybrid,lightgbm,tuned_optimized_threshold,0.4,0.2517908500320022,0
MSFT,2025-05-12,0,hybrid,lightgbm,tuned_optimized_threshold,0.4,0.32384321938497956,0
NVDA,2025-05-12,1,hybrid,lightgbm,tuned_optimized_threshold,0.4,0.2596200938882827,0
TSLA,2025-05-12,1,hybrid,lightgbm,tuned_optimized_threshold,0.4,0.6057702126565452,1
AAPL,2025-05-13,0,hybrid,lightgbm,tuned_optimized_threshold,0.4,0.44943754592739094,1
MSFT,2025-05-13,1,hybrid,lightgbm,tuned_optimized_threshold,0.4,0.6092492186811013,1
NVDA,2025-05-13,1,hybrid,lightgbm,tuned_optimized_threshold,0.4,0.3814422606230771,0
TSLA,2025-05-13,1,hybrid,lightgbm,tuned_optimized_threshold,0.4,0.5773199593923491,1
AAPL,2025-05-14,0,hybrid,lightgbm,tuned_optimized_threshold,0.4,0.5372746449797238,1
MSFT,2025-05-14,1,hybrid,lightgbm,tuned_optimized_threshold,0.4,0.3810101503090933,0
NVDA,2025-05-14,0,hybrid,lightgbm,tuned_optimized_threshold,0.4,0.30655050896055297,0
TSLA,2025-05-14,0,hybrid,lightgbm,tuned_optimized_threshold,0.4,0.5321742406155733,1
AAPL,2025-05-15,0,hybrid,lightgbm,tuned_optimized_threshold,0.4,0.5798630573856933,1
MSFT,2025-05-15,1,hybrid,lightgbm,tuned_optimized_threshold,0.4,0.5124993980418902,1
NVDA,2025-05-15,1,hybrid,lightgbm,tuned_optimized_threshold,0.4,0.4782626563555567,1
TSLA,2025-05-15,1,hybrid,lightgbm,tuned_optimized_threshold,0.4,0.23308767876065903,0
AAPL,2025-05-16,0,hybrid,lightgbm,tuned_optimized_threshold,0.4,0.5077335177106671,1
MSFT,2025-05-16,1,hybrid,lightgbm,tuned_optimized_threshold,0.4,0.5466339443603743,1
NVDA,2025-05-16,1,hybrid,lightgbm,tuned_optimized_threshold,0.4,0.46089747529757413,1
TSLA,2025-05-16,0,hybrid,lightgbm,tuned_optimized_threshold,0.4,0.36939470599875285,0
AAPL,2025-05-19,0,hybrid,lightgbm,tuned_optimized_threshold,0.4,0.6200111490797102,1
MSFT,2025-05-19,0,hybrid,lightgbm,tuned_optimized_threshold,0.4,0.41824988671825525,1
NVDA,2025-05-19,0,hybrid,lightgbm,tuned_optimized_threshold,0.4,0.4096495341374594,1
TSLA,2025-05-19,1,hybrid,lightgbm,tuned_optimized_threshold,0.4,0.5073301945827969,1
AAPL,2025-05-20,0,hybrid,lightgbm,tuned_optimized_threshold,0.4,0.5680045037844615,1
MSFT,2025-05-20,0,hybrid,lightgbm,tuned_optimized_threshold,0.4,0.6679437932916651,1
NVDA,2025-05-20,0,hybrid,lightgbm,tuned_optimized_threshold,0.4,0.4442727307029015,1
TSLA,2025-05-20,0,hybrid,lightgbm,tuned_optimized_threshold,0.4,0.3694916343305802,0
AAPL,2025-05-21,0,hybrid,lightgbm,tuned_optimized_threshold,0.4,0.5622135771391132,1
MSFT,2025-05-21,1,hybrid,lightgbm,tuned_optimized_threshold,0.4,0.4006347468928531,1
NVDA,2025-05-21,1,hybrid,lightgbm,tuned_optimized_threshold,0.4,0.43764211967530453,1
TSLA,2025-05-21,1,hybrid,lightgbm,tuned_optimized_threshold,0.4,0.5295017333667789,1
AAPL,2025-05-22,0,hybrid,lightgbm,tuned_optimized_threshold,0.4,0.6342656868312124,1
MSFT,2025-05-22,0,hybrid,lightgbm,tuned_optimized_threshold,0.4,0.3945878229501073,0
NVDA,2025-05-22,0,hybrid,lightgbm,tuned_optimized_threshold,0.4,0.4622462075821669,1
TSLA,2025-05-22,0,hybrid,lightgbm,tuned_optimized_threshold,0.4,0.3749502823681134,0
AAPL,2025-05-23,1,hybrid,lightgbm,tuned_optimized_threshold,0.4,0.49198889700708004,1
MSFT,2025-05-23,1,hybrid,lightgbm,tuned_optimized_threshold,0.4,0.37277060921765554,0
NVDA,2025-05-23,1,hybrid,lightgbm,tuned_optimized_threshold,0.4,0.5932213313764516,1
TSLA,2025-05-23,1,hybrid,lightgbm,tuned_optimized_threshold,0.4,0.2540014401015631,0
AAPL,2025-05-27,1,hybrid,lightgbm,tuned_optimized_threshold,0.4,0.6587564739414075,1
MSFT,2025-05-27,0,hybrid,lightgbm,tuned_optimized_threshold,0.4,0.27514979795161204,0
NVDA,2025-05-27,0,hybrid,lightgbm,tuned_optimized_threshold,0.4,0.3875383984727157,0
TSLA,2025-05-27,0,hybrid,lightgbm,tuned_optimized_threshold,0.4,0.6724440711921122,1
AAPL,2025-05-28,0,hybrid,lightgbm,tuned_optimized_threshold,0.4,0.4966032237499507,1
MSFT,2025-05-28,1,hybrid,lightgbm,tuned_optimized_threshold,0.4,0.2784753840185859,0
NVDA,2025-05-28,1,hybrid,lightgbm,tuned_optimized_threshold,0.4,0.6033642742237136,1
TSLA,2025-05-28,1,hybrid,lightgbm,tuned_optimized_threshold,0.4,0.33254311478537324,0
AAPL,2025-05-29,1,hybrid,lightgbm,tuned_optimized_threshold,0.4,0.5982696863610776,1
MSFT,2025-05-29,1,hybrid,lightgbm,tuned_optimized_threshold,0.4,0.28952767641544097,0
NVDA,2025-05-29,0,hybrid,lightgbm,tuned_optimized_threshold,0.4,0.49678877294991436,1
TSLA,2025-05-29,0,hybrid,lightgbm,tuned_optimized_threshold,0.4,0.285973932907099,0
AAPL,2025-05-30,1,hybrid,lightgbm,tuned_optimized_threshold,0.4,0.5341678009308289,1
MSFT,2025-05-30,1,hybrid,lightgbm,tuned_optimized_threshold,0.4,0.44307200092816224,1
NVDA,2025-05-30,1,hybrid,lightgbm,tuned_optimized_threshold,0.4,0.3421802083927034,0
TSLA,2025-05-30,0,hybrid,lightgbm,tuned_optimized_threshold,0.4,0.6231235509443346,1
AAPL,2025-06-02,1,hybrid,lightgbm,tuned_optimized_threshold,0.4,0.5572930953966149,1
MSFT,2025-06-02,1,hybrid,lightgbm,tuned_optimized_threshold,0.4,0.3579910276610396,0
NVDA,2025-06-02,1,hybrid,lightgbm,tuned_optimized_threshold,0.4,0.44003777760846174,1
TSLA,2025-06-02,1,hybrid,lightgbm,tuned_optimized_threshold,0.4,0.1593621176969371,0
AAPL,2025-06-03,0,hybrid,lightgbm,tuned_optimized_threshold,0.4,0.6192969643546318,1
MSFT,2025-06-03,1,hybrid,lightgbm,tuned_optimized_threshold,0.4,0.6229835903451871,1
NVDA,2025-06-03,1,hybrid,lightgbm,tuned_optimized_threshold,0.4,0.5010901091803408,1
TSLA,2025-06-03,0,hybrid,lightgbm,tuned_optimized_threshold,0.4,0.31986627887656643,0
AAPL,2025-06-04,0,hybrid,lightgbm,tuned_optimized_threshold,0.4,0.5640207677120107,1
MSFT,2025-06-04,1,hybrid,lightgbm,tuned_optimized_threshold,0.4,0.41815502997654797,1
NVDA,2025-06-04,0,hybrid,lightgbm,tuned_optimized_threshold,0.4,0.1306863034385102,0
TSLA,2025-06-04,0,hybrid,lightgbm,tuned_optimized_threshold,0.4,0.5770956106256451,1
AAPL,2025-06-05,1,hybrid,lightgbm,tuned_optimized_threshold,0.4,0.5836746673326879,1
MSFT,2025-06-05,1,hybrid,lightgbm,tuned_optimized_threshold,0.4,0.4921171789453935,1
NVDA,2025-06-05,1,hybrid,lightgbm,tuned_optimized_threshold,0.4,0.13943799646821115,0
TSLA,2025-06-05,1,hybrid,lightgbm,tuned_optimized_threshold,0.4,0.7490864532990641,1
AAPL,2025-06-06,0,hybrid,lightgbm,tuned_optimized_threshold,0.4,0.5861063478003236,1
MSFT,2025-06-06,1,hybrid,lightgbm,tuned_optimized_threshold,0.4,0.4917612087605429,1
NVDA,2025-06-06,1,hybrid,lightgbm,tuned_optimized_threshold,0.4,0.38009265102052775,0
TSLA,2025-06-06,1,hybrid,lightgbm,tuned_optimized_threshold,0.4,0.6674653984996063,1
AAPL,2025-06-09,1,hybrid,lightgbm,tuned_optimized_threshold,0.4,0.5240334316584693,1
MSFT,2025-06-09,0,hybrid,lightgbm,tuned_optimized_threshold,0.4,0.3542921554701262,0
NVDA,2025-06-09,1,hybrid,lightgbm,tuned_optimized_threshold,0.4,0.4545240040149166,1
TSLA,2025-06-09,1,hybrid,lightgbm,tuned_optimized_threshold,0.4,0.6215872101838278,1
AAPL,2025-06-10,0,hybrid,lightgbm,tuned_optimized_threshold,0.4,0.5133054197518344,1
MSFT,2025-06-10,1,hybrid,lightgbm,tuned_optimized_threshold,0.4,0.37837219812585143,0
NVDA,2025-06-10,0,hybrid,lightgbm,tuned_optimized_threshold,0.4,0.31187126028172596,0
TSLA,2025-06-10,1,hybrid,lightgbm,tuned_optimized_threshold,0.4,0.630908812737856,1
AAPL,2025-06-11,1,hybrid,lightgbm,tuned_optimized_threshold,0.4,0.558991334590979,1
MSFT,2025-06-11,1,hybrid,lightgbm,tuned_optimized_threshold,0.4,0.3461931103857345,0
NVDA,2025-06-11,1,hybrid,lightgbm,tuned_optimized_threshold,0.4,0.4195401653369906,1
TSLA,2025-06-11,0,hybrid,lightgbm,tuned_optimized_threshold,0.4,0.49215525134213584,1
AAPL,2025-06-12,0,hybrid,lightgbm,tuned_optimized_threshold,0.4,0.6483023721230368,1
MSFT,2025-06-12,0,hybrid,lightgbm,tuned_optimized_threshold,0.4,0.37392031369272477,0
NVDA,2025-06-12,0,hybrid,lightgbm,tuned_optimized_threshold,0.4,0.3813937038957065,0
TSLA,2025-06-12,1,hybrid,lightgbm,tuned_optimized_threshold,0.4,0.3615770713841709,0
AAPL,2025-06-13,1,hybrid,lightgbm,tuned_optimized_threshold,0.4,0.6094059090987146,1
MSFT,2025-06-13,1,hybrid,lightgbm,tuned_optimized_threshold,0.4,0.1270876939610107,0
NVDA,2025-06-13,1,hybrid,lightgbm,tuned_optimized_threshold,0.4,0.40587781234235476,1
TSLA,2025-06-13,1,hybrid,lightgbm,tuned_optimized_threshold,0.4,0.5166984789720412,1
AAPL,2025-06-16,0,hybrid,lightgbm,tuned_optimized_threshold,0.4,0.5663052066865736,1
MSFT,2025-06-16,0,hybrid,lightgbm,tuned_optimized_threshold,0.4,0.6097807311202859,1
NVDA,2025-06-16,0,hybrid,lightgbm,tuned_optimized_threshold,0.4,0.20021777343645988,0
TSLA,2025-06-16,0,hybrid,lightgbm,tuned_optimized_threshold,0.4,0.5488808984653105,1
AAPL,2025-06-17,1,hybrid,lightgbm,tuned_optimized_threshold,0.4,0.563915744556355,1
MSFT,2025-06-17,1,hybrid,lightgbm,tuned_optimized_threshold,0.4,0.37084722223218364,0
NVDA,2025-06-17,1,hybrid,lightgbm,tuned_optimized_threshold,0.4,0.30132844995645547,0
TSLA,2025-06-17,1,hybrid,lightgbm,tuned_optimized_threshold,0.4,0.5301893336251234,1
AAPL,2025-06-18,1,hybrid,lightgbm,tuned_optimized_threshold,0.4,0.6796905070273085,1
MSFT,2025-06-18,0,hybrid,lightgbm,tuned_optimized_threshold,0.4,0.38475063787615166,0
NVDA,2025-06-18,0,hybrid,lightgbm,tuned_optimized_threshold,0.4,0.19867481170740706,0
TSLA,2025-06-18,1,hybrid,lightgbm,tuned_optimized_threshold,0.4,0.5475694620933591,1
AAPL,2025-06-20,1,hybrid,lightgbm,tuned_optimized_threshold,0.4,0.535810049488076,1
MSFT,2025-06-20,1,hybrid,lightgbm,tuned_optimized_threshold,0.4,0.0985414997172424,0
NVDA,2025-06-20,1,hybrid,lightgbm,tuned_optimized_threshold,0.4,0.2596274406901561,0
TSLA,2025-06-20,1,hybrid,lightgbm,tuned_optimized_threshold,0.4,0.5224047715677089,1
AAPL,2025-06-23,0,hybrid,lightgbm,tuned_optimized_threshold,0.4,0.39987294643001875,0
MSFT,2025-06-23,1,hybrid,lightgbm,tuned_optimized_threshold,0.4,0.44956454149425173,1
NVDA,2025-06-23,1,hybrid,lightgbm,tuned_optimized_threshold,0.4,0.41830684434913695,1
TSLA,2025-06-23,0,hybrid,lightgbm,tuned_optimized_threshold,0.4,0.8063412025536069,1
AAPL,2025-06-24,1,hybrid,lightgbm,tuned_optimized_threshold,0.4,0.6177542605471806,1
MSFT,2025-06-24,1,hybrid,lightgbm,tuned_optimized_threshold,0.4,0.06923407725416705,0
NVDA,2025-06-24,1,hybrid,lightgbm,tuned_optimized_threshold,0.4,0.5035007362655136,1
TSLA,2025-06-24,0,hybrid,lightgbm,tuned_optimized_threshold,0.4,0.46269050291539743,1
AAPL,2025-06-25,0,hybrid,lightgbm,tuned_optimized_threshold,0.4,0.5898082402659286,1
MSFT,2025-06-25,1,hybrid,lightgbm,tuned_optimized_threshold,0.4,0.3033318606370841,0
NVDA,2025-06-25,1,hybrid,lightgbm,tuned_optimized_threshold,0.4,0.6890456454290262,1
TSLA,2025-06-25,0,hybrid,lightgbm,tuned_optimized_threshold,0.4,0.7109189786593527,1
AAPL,2025-06-26,1,hybrid,lightgbm,tuned_optimized_threshold,0.4,0.6293435127458604,1
MSFT,2025-06-26,0,hybrid,lightgbm,tuned_optimized_threshold,0.4,0.4305962516070632,1
NVDA,2025-06-26,1,hybrid,lightgbm,tuned_optimized_threshold,0.4,0.23978050113085947,0
TSLA,2025-06-26,0,hybrid,lightgbm,tuned_optimized_threshold,0.4,0.5497738716352721,1
AAPL,2025-06-27,1,hybrid,lightgbm,tuned_optimized_threshold,0.4,0.55086998468263,1
MSFT,2025-06-27,1,hybrid,lightgbm,tuned_optimized_threshold,0.4,0.45909101308591277,1
NVDA,2025-06-27,1,hybrid,lightgbm,tuned_optimized_threshold,0.4,0.49066825608721554,1
TSLA,2025-06-27,0,hybrid,lightgbm,tuned_optimized_threshold,0.4,0.5095048947357688,1
AAPL,2025-06-30,1,hybrid,lightgbm,tuned_optimized_threshold,0.4,0.4830415918461806,1
MSFT,2025-06-30,0,hybrid,lightgbm,tuned_optimized_threshold,0.4,0.3963817995558211,0
NVDA,2025-06-30,0,hybrid,lightgbm,tuned_optimized_threshold,0.4,0.38304939189827836,0
TSLA,2025-06-30,0,hybrid,lightgbm,tuned_optimized_threshold,0.4,0.3607180112221619,0
AAPL,2025-07-01,1,hybrid,lightgbm,tuned_optimized_threshold,0.4,0.6503801086281222,1
MSFT,2025-07-01,0,hybrid,lightgbm,tuned_optimized_threshold,0.4,0.18091857536915837,0
NVDA,2025-07-01,1,hybrid,lightgbm,tuned_optimized_threshold,0.4,0.22810967226910717,0
TSLA,2025-07-01,1,hybrid,lightgbm,tuned_optimized_threshold,0.4,0.4850373513660643,1
AAPL,2025-07-02,1,hybrid,lightgbm,tuned_optimized_threshold,0.4,0.6147226552983159,1
MSFT,2025-07-02,1,hybrid,lightgbm,tuned_optimized_threshold,0.4,0.3047199707027524,0
NVDA,2025-07-02,1,hybrid,lightgbm,tuned_optimized_threshold,0.4,0.32824373371928617,0
TSLA,2025-07-02,0,hybrid,lightgbm,tuned_optimized_threshold,0.4,0.5935453401432188,1
AAPL,2025-07-03,0,hybrid,lightgbm,tuned_optimized_threshold,0.4,0.47284303686678136,1
MSFT,2025-07-03,0,hybrid,lightgbm,tuned_optimized_threshold,0.4,0.5167062254282451,1
NVDA,2025-07-03,0,hybrid,lightgbm,tuned_optimized_threshold,0.4,0.40672899741689256,1
TSLA,2025-07-03,0,hybrid,lightgbm,tuned_optimized_threshold,0.4,0.6095753319759157,1
AAPL,2025-07-07,1,hybrid,lightgbm,tuned_optimized_threshold,0.4,0.595400926287935,1
MSFT,2025-07-07,0,hybrid,lightgbm,tuned_optimized_threshold,0.4,0.2948576129834758,0
NVDA,2025-07-07,1,hybrid,lightgbm,tuned_optimized_threshold,0.4,0.3580541261558869,0
TSLA,2025-07-07,1,hybrid,lightgbm,tuned_optimized_threshold,0.4,0.5469703886358329,1
AAPL,2025-07-08,1,hybrid,lightgbm,tuned_optimized_threshold,0.4,0.41985364832999056,1
MSFT,2025-07-08,1,hybrid,lightgbm,tuned_optimized_threshold,0.4,0.3708953986515687,0
NVDA,2025-07-08,1,hybrid,lightgbm,tuned_optimized_threshold,0.4,0.4301928979121177,1
TSLA,2025-07-08,0,hybrid,lightgbm,tuned_optimized_threshold,0.4,0.6066839576718724,1
AAPL,2025-07-09,1,hybrid,lightgbm,tuned_optimized_threshold,0.4,0.33797162941109116,0
MSFT,2025-07-09,0,hybrid,lightgbm,tuned_optimized_threshold,0.4,0.2613619870398542,0
NVDA,2025-07-09,1,hybrid,lightgbm,tuned_optimized_threshold,0.4,0.6087787095052432,1
TSLA,2025-07-09,1,hybrid,lightgbm,tuned_optimized_threshold,0.4,0.5442214960694983,1
AAPL,2025-07-10,0,hybrid,lightgbm,tuned_optimized_threshold,0.4,0.44595427173115665,1
MSFT,2025-07-10,1,hybrid,lightgbm,tuned_optimized_threshold,0.4,0.4162762295870243,1
NVDA,2025-07-10,1,hybrid,lightgbm,tuned_optimized_threshold,0.4,0.37177978351673135,0
TSLA,2025-07-10,1,hybrid,lightgbm,tuned_optimized_threshold,0.4,0.6569042065219751,1
AAPL,2025-07-11,0,hybrid,lightgbm,tuned_optimized_threshold,0.4,0.5731386888107232,1
MSFT,2025-07-11,0,hybrid,lightgbm,tuned_optimized_threshold,0.4,0.5159611044771599,1
NVDA,2025-07-11,0,hybrid,lightgbm,tuned_optimized_threshold,0.4,0.3936574821592842,0
TSLA,2025-07-11,1,hybrid,lightgbm,tuned_optimized_threshold,0.4,0.4898959142922611,1
AAPL,2025-07-14,1,hybrid,lightgbm,tuned_optimized_threshold,0.4,0.5221688315426986,1
MSFT,2025-07-14,1,hybrid,lightgbm,tuned_optimized_threshold,0.4,0.437736672090697,1
NVDA,2025-07-14,1,hybrid,lightgbm,tuned_optimized_threshold,0.4,0.22417626529675203,0
TSLA,2025-07-14,0,hybrid,lightgbm,tuned_optimized_threshold,0.4,0.4721910910722085,1
AAPL,2025-07-15,1,hybrid,lightgbm,tuned_optimized_threshold,0.4,0.4608568077733566,1
MSFT,2025-07-15,0,hybrid,lightgbm,tuned_optimized_threshold,0.4,0.3519522627481126,0
NVDA,2025-07-15,1,hybrid,lightgbm,tuned_optimized_threshold,0.4,0.47258305384500354,1
TSLA,2025-07-15,1,hybrid,lightgbm,tuned_optimized_threshold,0.4,0.4068001787919039,1
AAPL,2025-07-16,0,hybrid,lightgbm,tuned_optimized_threshold,0.4,0.5695844332099668,1
MSFT,2025-07-16,1,hybrid,lightgbm,tuned_optimized_threshold,0.4,0.4347367711587396,1
NVDA,2025-07-16,1,hybrid,lightgbm,tuned_optimized_threshold,0.4,0.40721410119901197,1
TSLA,2025-07-16,0,hybrid,lightgbm,tuned_optimized_threshold,0.4,0.6508892892153609,1
AAPL,2025-07-17,1,hybrid,lightgbm,tuned_optimized_threshold,0.4,0.5833358139815518,1
MSFT,2025-07-17,0,hybrid,lightgbm,tuned_optimized_threshold,0.4,0.20551892185889084,0
NVDA,2025-07-17,0,hybrid,lightgbm,tuned_optimized_threshold,0.4,0.21378744123162638,0
TSLA,2025-07-17,1,hybrid,lightgbm,tuned_optimized_threshold,0.4,0.46810959975020494,1
AAPL,2025-07-18,1,hybrid,lightgbm,tuned_optimized_threshold,0.4,0.6226762350831817,1
MSFT,2025-07-18,1,hybrid,lightgbm,tuned_optimized_threshold,0.4,0.38851309543665113,0
NVDA,2025-07-18,0,hybrid,lightgbm,tuned_optimized_threshold,0.4,0.16821253861857113,0
TSLA,2025-07-18,0,hybrid,lightgbm,tuned_optimized_threshold,0.4,0.7298020872791483,1
AAPL,2025-07-21,1,hybrid,lightgbm,tuned_optimized_threshold,0.4,0.5312820293638421,1
MSFT,2025-07-21,0,hybrid,lightgbm,tuned_optimized_threshold,0.4,0.4104742851034513,1
NVDA,2025-07-21,0,hybrid,lightgbm,tuned_optimized_threshold,0.4,0.15614154432711516,0
TSLA,2025-07-21,1,hybrid,lightgbm,tuned_optimized_threshold,0.4,0.48005131290807906,1
AAPL,2025-07-22,0,hybrid,lightgbm,tuned_optimized_threshold,0.4,0.24378318000830884,0
MSFT,2025-07-22,1,hybrid,lightgbm,tuned_optimized_threshold,0.4,0.26305536390093076,0
NVDA,2025-07-22,1,hybrid,lightgbm,tuned_optimized_threshold,0.4,0.15537249857319244,0
TSLA,2025-07-22,1,hybrid,lightgbm,tuned_optimized_threshold,0.4,0.5477880019704233,1
AAPL,2025-07-23,0,hybrid,lightgbm,tuned_optimized_threshold,0.4,0.5096028384598354,1
MSFT,2025-07-23,1,hybrid,lightgbm,tuned_optimized_threshold,0.4,0.5243207513705911,1
NVDA,2025-07-23,1,hybrid,lightgbm,tuned_optimized_threshold,0.4,0.2526247842726724,0
TSLA,2025-07-23,0,hybrid,lightgbm,tuned_optimized_threshold,0.4,0.5214261759521364,1
AAPL,2025-07-24,1,hybrid,lightgbm,tuned_optimized_threshold,0.4,0.5417483099438127,1
MSFT,2025-07-24,1,hybrid,lightgbm,tuned_optimized_threshold,0.4,0.5568398087698072,1
NVDA,2025-07-24,0,hybrid,lightgbm,tuned_optimized_threshold,0.4,0.3345482098530407,0
TSLA,2025-07-24,1,hybrid,lightgbm,tuned_optimized_threshold,0.4,0.44015447511768846,1
AAPL,2025-07-25,1,hybrid,lightgbm,tuned_optimized_threshold,0.4,0.48671610797501036,1
MSFT,2025-07-25,0,hybrid,lightgbm,tuned_optimized_threshold,0.4,0.3697476304042651,0
NVDA,2025-07-25,1,hybrid,lightgbm,tuned_optimized_threshold,0.4,0.3987082076389105,0
TSLA,2025-07-25,1,hybrid,lightgbm,tuned_optimized_threshold,0.4,0.6188458837651561,1
AAPL,2025-07-28,0,hybrid,lightgbm,tuned_optimized_threshold,0.4,0.45500291814451477,1
MSFT,2025-07-28,1,hybrid,lightgbm,tuned_optimized_threshold,0.4,0.3589461563914471,0
NVDA,2025-07-28,0,hybrid,lightgbm,tuned_optimized_threshold,0.4,0.16608669073048576,0
TSLA,2025-07-28,0,hybrid,lightgbm,tuned_optimized_threshold,0.4,0.7471931979327419,1
AAPL,2025-07-29,0,hybrid,lightgbm,tuned_optimized_threshold,0.4,0.4889339440992664,1
MSFT,2025-07-29,1,hybrid,lightgbm,tuned_optimized_threshold,0.4,0.5624380963840199,1
NVDA,2025-07-29,1,hybrid,lightgbm,tuned_optimized_threshold,0.4,0.29604260627301626,0
TSLA,2025-07-29,0,hybrid,lightgbm,tuned_optimized_threshold,0.4,0.49979171437196573,1
AAPL,2025-07-30,0,hybrid,lightgbm,tuned_optimized_threshold,0.4,0.5571626975616255,1
MSFT,2025-07-30,1,hybrid,lightgbm,tuned_optimized_threshold,0.4,0.2809444022532985,0
NVDA,2025-07-30,0,hybrid,lightgbm,tuned_optimized_threshold,0.4,0.21138113580139398,0
TSLA,2025-07-30,0,hybrid,lightgbm,tuned_optimized_threshold,0.4,0.5358534057626207,1
AAPL,2025-07-31,0,hybrid,lightgbm,tuned_optimized_threshold,0.4,0.40089829388066606,1
MSFT,2025-07-31,0,hybrid,lightgbm,tuned_optimized_threshold,0.4,0.3471350527419131,0
NVDA,2025-07-31,0,hybrid,lightgbm,tuned_optimized_threshold,0.4,0.5329107795385112,1
TSLA,2025-07-31,0,hybrid,lightgbm,tuned_optimized_threshold,0.4,0.517243898158107,1
AAPL,2025-08-01,1,hybrid,lightgbm,tuned_optimized_threshold,0.4,0.5847858695051467,1
MSFT,2025-08-01,1,hybrid,lightgbm,tuned_optimized_threshold,0.4,0.34656340514679335,0
NVDA,2025-08-01,1,hybrid,lightgbm,tuned_optimized_threshold,0.4,0.3367634457425929,0
TSLA,2025-08-01,1,hybrid,lightgbm,tuned_optimized_threshold,0.4,0.24086115985636913,0
AAPL,2025-08-04,0,hybrid,lightgbm,tuned_optimized_threshold,0.4,0.6458709322626414,1
MSFT,2025-08-04,0,hybrid,lightgbm,tuned_optimized_threshold,0.4,0.3229623965074967,0
NVDA,2025-08-04,0,hybrid,lightgbm,tuned_optimized_threshold,0.4,0.3426503341223073,0
TSLA,2025-08-04,0,hybrid,lightgbm,tuned_optimized_threshold,0.4,0.46047060313527216,1
AAPL,2025-08-05,1,hybrid,lightgbm,tuned_optimized_threshold,0.4,0.51289011933356,1
MSFT,2025-08-05,0,hybrid,lightgbm,tuned_optimized_threshold,0.4,0.4799193413057569,1
NVDA,2025-08-05,1,hybrid,lightgbm,tuned_optimized_threshold,0.4,0.13347347360498818,0
TSLA,2025-08-05,1,hybrid,lightgbm,tuned_optimized_threshold,0.4,0.4633350371521133,1
AAPL,2025-08-06,1,hybrid,lightgbm,tuned_optimized_threshold,0.4,0.5610822625128474,1
MSFT,2025-08-06,0,hybrid,lightgbm,tuned_optimized_threshold,0.4,0.3815911224779482,0
NVDA,2025-08-06,1,hybrid,lightgbm,tuned_optimized_threshold,0.4,0.24546145826087265,0
TSLA,2025-08-06,1,hybrid,lightgbm,tuned_optimized_threshold,0.4,0.6707943444860126,1
AAPL,2025-08-07,1,hybrid,lightgbm,tuned_optimized_threshold,0.4,0.4374863837437223,1
MSFT,2025-08-07,1,hybrid,lightgbm,tuned_optimized_threshold,0.4,0.3732914901025726,0
NVDA,2025-08-07,1,hybrid,lightgbm,tuned_optimized_threshold,0.4,0.24147240074865933,0
TSLA,2025-08-07,1,hybrid,lightgbm,tuned_optimized_threshold,0.4,0.607519250281776,1
AAPL,2025-08-08,0,hybrid,lightgbm,tuned_optimized_threshold,0.4,0.5332746636750562,1
MSFT,2025-08-08,0,hybrid,lightgbm,tuned_optimized_threshold,0.4,0.5520973547184959,1
NVDA,2025-08-08,0,hybrid,lightgbm,tuned_optimized_threshold,0.4,0.26589017430856887,0
TSLA,2025-08-08,1,hybrid,lightgbm,tuned_optimized_threshold,0.4,0.4001963260346009,1
AAPL,2025-08-11,1,hybrid,lightgbm,tuned_optimized_threshold,0.4,0.43910946637653797,1
MSFT,2025-08-11,1,hybrid,lightgbm,tuned_optimized_threshold,0.4,0.3879960378127928,0
NVDA,2025-08-11,1,hybrid,lightgbm,tuned_optimized_threshold,0.4,0.1829238706728803,0
TSLA,2025-08-11,1,hybrid,lightgbm,tuned_optimized_threshold,0.4,0.5086832645512602,1
AAPL,2025-08-12,1,hybrid,lightgbm,tuned_optimized_threshold,0.4,0.4605375933873442,1
MSFT,2025-08-12,0,hybrid,lightgbm,tuned_optimized_threshold,0.4,0.7350246901953438,1
NVDA,2025-08-12,0,hybrid,lightgbm,tuned_optimized_threshold,0.4,0.23770247699126731,0
TSLA,2025-08-12,0,hybrid,lightgbm,tuned_optimized_threshold,0.4,0.2969709964703671,0
AAPL,2025-08-13,0,hybrid,lightgbm,tuned_optimized_threshold,0.4,0.4165818786958496,1
MSFT,2025-08-13,1,hybrid,lightgbm,tuned_optimized_threshold,0.4,0.5445887886380222,1
NVDA,2025-08-13,1,hybrid,lightgbm,tuned_optimized_threshold,0.4,0.2509061500648897,0
TSLA,2025-08-13,0,hybrid,lightgbm,tuned_optimized_threshold,0.4,0.3688486524141524,0
AAPL,2025-08-14,0,hybrid,lightgbm,tuned_optimized_threshold,0.4,0.5723413496757556,1
MSFT,2025-08-14,0,hybrid,lightgbm,tuned_optimized_threshold,0.4,0.687774751847943,1
NVDA,2025-08-14,0,hybrid,lightgbm,tuned_optimized_threshold,0.4,0.3829708955256512,0
TSLA,2025-08-14,0,hybrid,lightgbm,tuned_optimized_threshold,0.4,0.5017472616342938,1
AAPL,2025-08-15,0,hybrid,lightgbm,tuned_optimized_threshold,0.4,0.5429898301088113,1
MSFT,2025-08-15,0,hybrid,lightgbm,tuned_optimized_threshold,0.4,0.5019957997178738,1
NVDA,2025-08-15,1,hybrid,lightgbm,tuned_optimized_threshold,0.4,0.3350497336118628,0
TSLA,2025-08-15,1,hybrid,lightgbm,tuned_optimized_threshold,0.4,0.46798468885017613,1
AAPL,2025-08-18,0,hybrid,lightgbm,tuned_optimized_threshold,0.4,0.29609003591405836,0
MSFT,2025-08-18,0,hybrid,lightgbm,tuned_optimized_threshold,0.4,0.4913581769281021,1
NVDA,2025-08-18,0,hybrid,lightgbm,tuned_optimized_threshold,0.4,0.2778844365222671,0
TSLA,2025-08-18,0,hybrid,lightgbm,tuned_optimized_threshold,0.4,0.48716004652160766,1
AAPL,2025-08-19,0,hybrid,lightgbm,tuned_optimized_threshold,0.4,0.5513067525904164,1
MSFT,2025-08-19,0,hybrid,lightgbm,tuned_optimized_threshold,0.4,0.5701050040633393,1
NVDA,2025-08-19,0,hybrid,lightgbm,tuned_optimized_threshold,0.4,0.5626073391815888,1
TSLA,2025-08-19,0,hybrid,lightgbm,tuned_optimized_threshold,0.4,0.3174073735858392,0
AAPL,2025-08-20,0,hybrid,lightgbm,tuned_optimized_threshold,0.4,0.552196868980558,1
MSFT,2025-08-20,0,hybrid,lightgbm,tuned_optimized_threshold,0.4,0.5180869868913897,1
NVDA,2025-08-20,0,hybrid,lightgbm,tuned_optimized_threshold,0.4,0.3907489904123366,0
TSLA,2025-08-20,0,hybrid,lightgbm,tuned_optimized_threshold,0.4,0.492363999676513,1
AAPL,2025-08-21,1,hybrid,lightgbm,tuned_optimized_threshold,0.4,0.5527372633932125,1
MSFT,2025-08-21,1,hybrid,lightgbm,tuned_optimized_threshold,0.4,0.5586792811485134,1
NVDA,2025-08-21,1,hybrid,lightgbm,tuned_optimized_threshold,0.4,0.5226575162900718,1
TSLA,2025-08-21,1,hybrid,lightgbm,tuned_optimized_threshold,0.4,0.4280197939732904,1
AAPL,2025-08-22,0,hybrid,lightgbm,tuned_optimized_threshold,0.4,0.56180486792897,1
MSFT,2025-08-22,0,hybrid,lightgbm,tuned_optimized_threshold,0.4,0.46221648127374537,1
NVDA,2025-08-22,1,hybrid,lightgbm,tuned_optimized_threshold,0.4,0.30930911649407,0
TSLA,2025-08-22,1,hybrid,lightgbm,tuned_optimized_threshold,0.4,0.5551290129575318,1
AAPL,2025-08-25,1,hybrid,lightgbm,tuned_optimized_threshold,0.4,0.6441798448236219,1
MSFT,2025-08-25,0,hybrid,lightgbm,tuned_optimized_threshold,0.4,0.4062414942666832,1
NVDA,2025-08-25,1,hybrid,lightgbm,tuned_optimized_threshold,0.4,0.36980877890421754,0
TSLA,2025-08-25,1,hybrid,lightgbm,tuned_optimized_threshold,0.4,0.30879945676403936,0
AAPL,2025-08-26,1,hybrid,lightgbm,tuned_optimized_threshold,0.4,0.5492841136766982,1
MSFT,2025-08-26,1,hybrid,lightgbm,tuned_optimized_threshold,0.4,0.4493846988954572,1
NVDA,2025-08-26,0,hybrid,lightgbm,tuned_optimized_threshold,0.4,0.46472192484867325,1
TSLA,2025-08-26,0,hybrid,lightgbm,tuned_optimized_threshold,0.4,0.33396450700304875,0
AAPL,2025-08-27,1,hybrid,lightgbm,tuned_optimized_threshold,0.4,0.5744165627251288,1
MSFT,2025-08-27,1,hybrid,lightgbm,tuned_optimized_threshold,0.4,0.38587251192064154,0
NVDA,2025-08-27,0,hybrid,lightgbm,tuned_optimized_threshold,0.4,0.6347655464647026,1
TSLA,2025-08-27,0,hybrid,lightgbm,tuned_optimized_threshold,0.4,0.4107178563708661,1
AAPL,2025-08-28,0,hybrid,lightgbm,tuned_optimized_threshold,0.4,0.5670707356851998,1
MSFT,2025-08-28,0,hybrid,lightgbm,tuned_optimized_threshold,0.4,0.333272201106237,0
NVDA,2025-08-28,0,hybrid,lightgbm,tuned_optimized_threshold,0.4,0.6723806780576759,1
TSLA,2025-08-28,0,hybrid,lightgbm,tuned_optimized_threshold,0.4,0.5160944412571236,1
AAPL,2025-08-29,0,hybrid,lightgbm,tuned_optimized_threshold,0.4,0.583896420829311,1
MSFT,2025-08-29,0,hybrid,lightgbm,tuned_optimized_threshold,0.4,0.33687537588930927,0
NVDA,2025-08-29,0,hybrid,lightgbm,tuned_optimized_threshold,0.4,0.6334427157365268,1
TSLA,2025-08-29,0,hybrid,lightgbm,tuned_optimized_threshold,0.4,0.6065164106300495,1
AAPL,2025-09-02,1,hybrid,lightgbm,tuned_optimized_threshold,0.4,0.4446104759515755,1
MSFT,2025-09-02,1,hybrid,lightgbm,tuned_optimized_threshold,0.4,0.35357248383728684,0
NVDA,2025-09-02,0,hybrid,lightgbm,tuned_optimized_threshold,0.4,0.550716828991945,1
TSLA,2025-09-02,1,hybrid,lightgbm,tuned_optimized_threshold,0.4,0.45457193706990734,1
AAPL,2025-09-03,1,hybrid,lightgbm,tuned_optimized_threshold,0.4,0.5637129071120677,1
MSFT,2025-09-03,1,hybrid,lightgbm,tuned_optimized_threshold,0.4,0.22060323296988124,0
NVDA,2025-09-03,1,hybrid,lightgbm,tuned_optimized_threshold,0.4,0.48460840159193336,1
TSLA,2025-09-03,1,hybrid,lightgbm,tuned_optimized_threshold,0.4,0.5334974593009734,1
AAPL,2025-09-04,0,hybrid,lightgbm,tuned_optimized_threshold,0.4,0.6123415059815805,1
MSFT,2025-09-04,0,hybrid,lightgbm,tuned_optimized_threshold,0.4,0.4226224812761051,1
NVDA,2025-09-04,0,hybrid,lightgbm,tuned_optimized_threshold,0.4,0.4705857156899926,1
TSLA,2025-09-04,1,hybrid,lightgbm,tuned_optimized_threshold,0.4,0.3918518252519941,0
AAPL,2025-09-05,0,hybrid,lightgbm,tuned_optimized_threshold,0.4,0.6666916083352227,1
MSFT,2025-09-05,1,hybrid,lightgbm,tuned_optimized_threshold,0.4,0.6505348172937733,1
NVDA,2025-09-05,1,hybrid,lightgbm,tuned_optimized_threshold,0.4,0.46363472048586096,1
TSLA,2025-09-05,0,hybrid,lightgbm,tuned_optimized_threshold,0.4,0.301347178564091,0
AAPL,2025-09-08,0,hybrid,lightgbm,tuned_optimized_threshold,0.4,0.2365331282275362,0
MSFT,2025-09-08,1,hybrid,lightgbm,tuned_optimized_threshold,0.4,0.4102465828097864,1
NVDA,2025-09-08,1,hybrid,lightgbm,tuned_optimized_threshold,0.4,0.6018327327229954,1
TSLA,2025-09-08,1,hybrid,lightgbm,tuned_optimized_threshold,0.4,0.3222618695105156,0
AAPL,2025-09-09,0,hybrid,lightgbm,tuned_optimized_threshold,0.4,0.45713566078963946,1
MSFT,2025-09-09,1,hybrid,lightgbm,tuned_optimized_threshold,0.4,0.4710183926215961,1
NVDA,2025-09-09,1,hybrid,lightgbm,tuned_optimized_threshold,0.4,0.5291326656971103,1
TSLA,2025-09-09,1,hybrid,lightgbm,tuned_optimized_threshold,0.4,0.44906750734496836,1
AAPL,2025-09-10,1,hybrid,lightgbm,tuned_optimized_threshold,0.4,0.5051036764921877,1
MSFT,2025-09-10,1,hybrid,lightgbm,tuned_optimized_threshold,0.4,0.5744188694284644,1
NVDA,2025-09-10,0,hybrid,lightgbm,tuned_optimized_threshold,0.4,0.4076986844376499,1
TSLA,2025-09-10,1,hybrid,lightgbm,tuned_optimized_threshold,0.4,0.4675929818225212,1
AAPL,2025-09-11,1,hybrid,lightgbm,tuned_optimized_threshold,0.4,0.48686788436494366,1
MSFT,2025-09-11,1,hybrid,lightgbm,tuned_optimized_threshold,0.4,0.36422365298109405,0
NVDA,2025-09-11,1,hybrid,lightgbm,tuned_optimized_threshold,0.4,0.23040607716110037,0
TSLA,2025-09-11,1,hybrid,lightgbm,tuned_optimized_threshold,0.4,0.4857453979938895,1
AAPL,2025-09-12,1,hybrid,lightgbm,tuned_optimized_threshold,0.4,0.5802850861558411,1
MSFT,2025-09-12,1,hybrid,lightgbm,tuned_optimized_threshold,0.4,0.5775632956417043,1
NVDA,2025-09-12,0,hybrid,lightgbm,tuned_optimized_threshold,0.4,0.5407735628131366,1
TSLA,2025-09-12,1,hybrid,lightgbm,tuned_optimized_threshold,0.4,0.6360362119828884,1
AAPL,2025-09-15,1,hybrid,lightgbm,tuned_optimized_threshold,0.4,0.5097015244820928,1
MSFT,2025-09-15,0,hybrid,lightgbm,tuned_optimized_threshold,0.4,0.2574682273867164,0
NVDA,2025-09-15,0,hybrid,lightgbm,tuned_optimized_threshold,0.4,0.3251864954410971,0
TSLA,2025-09-15,1,hybrid,lightgbm,tuned_optimized_threshold,0.4,0.33073284253517843,0
AAPL,2025-09-16,1,hybrid,lightgbm,tuned_optimized_threshold,0.4,0.5842474975337604,1
MSFT,2025-09-16,1,hybrid,lightgbm,tuned_optimized_threshold,0.4,0.3448175043872527,0
NVDA,2025-09-16,0,hybrid,lightgbm,tuned_optimized_threshold,0.4,0.36567717240554753,0
TSLA,2025-09-16,1,hybrid,lightgbm,tuned_optimized_threshold,0.4,0.5273097457018253,1
AAPL,2025-09-17,0,hybrid,lightgbm,tuned_optimized_threshold,0.4,0.654069273658443,1
MSFT,2025-09-17,0,hybrid,lightgbm,tuned_optimized_threshold,0.4,0.4219766107238581,1
NVDA,2025-09-17,1,hybrid,lightgbm,tuned_optimized_threshold,0.4,0.501518642933955,1
TSLA,2025-09-17,0,hybrid,lightgbm,tuned_optimized_threshold,0.4,0.26524044578507905,0
AAPL,2025-09-18,1,hybrid,lightgbm,tuned_optimized_threshold,0.4,0.5770032297316632,1
MSFT,2025-09-18,1,hybrid,lightgbm,tuned_optimized_threshold,0.4,0.4918829550292444,1
NVDA,2025-09-18,1,hybrid,lightgbm,tuned_optimized_threshold,0.4,0.5778689793463739,1
TSLA,2025-09-18,1,hybrid,lightgbm,tuned_optimized_threshold,0.4,0.273659395154904,0
AAPL,2025-09-19,1,hybrid,lightgbm,tuned_optimized_threshold,0.4,0.45179300112048987,1
MSFT,2025-09-19,0,hybrid,lightgbm,tuned_optimized_threshold,0.4,0.1984869874667328,0
NVDA,2025-09-19,1,hybrid,lightgbm,tuned_optimized_threshold,0.4,0.38221538605601846,0
TSLA,2025-09-19,1,hybrid,lightgbm,tuned_optimized_threshold,0.4,0.23407198209529625,0
AAPL,2025-09-22,0,hybrid,lightgbm,tuned_optimized_threshold,0.4,0.4431392859222941,1
MSFT,2025-09-22,0,hybrid,lightgbm,tuned_optimized_threshold,0.4,0.3091806188876447,0
NVDA,2025-09-22,0,hybrid,lightgbm,tuned_optimized_threshold,0.4,0.6132254706911173,1
TSLA,2025-09-22,0,hybrid,lightgbm,tuned_optimized_threshold,0.4,0.3250007045063675,0
AAPL,2025-09-23,0,hybrid,lightgbm,tuned_optimized_threshold,0.4,0.5330597664977044,1
MSFT,2025-09-23,1,hybrid,lightgbm,tuned_optimized_threshold,0.4,0.2909629970260892,0
NVDA,2025-09-23,0,hybrid,lightgbm,tuned_optimized_threshold,0.4,0.5546018531832712,1
TSLA,2025-09-23,1,hybrid,lightgbm,tuned_optimized_threshold,0.4,0.1877323156732353,0
AAPL,2025-09-24,1,hybrid,lightgbm,tuned_optimized_threshold,0.4,0.4604176817344213,1
MSFT,2025-09-24,0,hybrid,lightgbm,tuned_optimized_threshold,0.4,0.2500558595054867,0
NVDA,2025-09-24,1,hybrid,lightgbm,tuned_optimized_threshold,0.4,0.3223861477217289,0
TSLA,2025-09-24,0,hybrid,lightgbm,tuned_optimized_threshold,0.4,0.41118355369015763,1
AAPL,2025-09-25,0,hybrid,lightgbm,tuned_optimized_threshold,0.4,0.4416361706494899,1
MSFT,2025-09-25,1,hybrid,lightgbm,tuned_optimized_threshold,0.4,0.329994337759744,0
NVDA,2025-09-25,1,hybrid,lightgbm,tuned_optimized_threshold,0.4,0.4076100344067147,1
TSLA,2025-09-25,1,hybrid,lightgbm,tuned_optimized_threshold,0.4,0.16651705228831895,0
AAPL,2025-09-26,0,hybrid,lightgbm,tuned_optimized_threshold,0.4,0.26716737205202373,0
MSFT,2025-09-26,1,hybrid,lightgbm,tuned_optimized_threshold,0.4,0.3052084851012432,0
NVDA,2025-09-26,1,hybrid,lightgbm,tuned_optimized_threshold,0.4,0.5236499403052444,1
TSLA,2025-09-26,1,hybrid,lightgbm,tuned_optimized_threshold,0.4,0.5532278786545057,1
AAPL,2025-09-29,1,hybrid,lightgbm,tuned_optimized_threshold,0.4,0.523062141480142,1
MSFT,2025-09-29,1,hybrid,lightgbm,tuned_optimized_threshold,0.4,0.22727905955734556,0
NVDA,2025-09-29,1,hybrid,lightgbm,tuned_optimized_threshold,0.4,0.29669124444887646,0
TSLA,2025-09-29,1,hybrid,lightgbm,tuned_optimized_threshold,0.4,0.3093687570285971,0
AAPL,2025-09-30,1,hybrid,lightgbm,tuned_optimized_threshold,0.4,0.4044246218915877,1
MSFT,2025-09-30,1,hybrid,lightgbm,tuned_optimized_threshold,0.4,0.2636832226821802,0
NVDA,2025-09-30,1,hybrid,lightgbm,tuned_optimized_threshold,0.4,0.49774147001295044,1
TSLA,2025-09-30,1,hybrid,lightgbm,tuned_optimized_threshold,0.4,0.4533873872109399,1
AAPL,2025-10-01,1,hybrid,lightgbm,tuned_optimized_threshold,0.4,0.3640002070435947,0
MSFT,2025-10-01,0,hybrid,lightgbm,tuned_optimized_threshold,0.4,0.14795458380856163,0
NVDA,2025-10-01,1,hybrid,lightgbm,tuned_optimized_threshold,0.4,0.35404973418421826,0
TSLA,2025-10-01,0,hybrid,lightgbm,tuned_optimized_threshold,0.4,0.7025575802711876,1
AAPL,2025-10-02,1,hybrid,lightgbm,tuned_optimized_threshold,0.4,0.29674305615118807,0
MSFT,2025-10-02,1,hybrid,lightgbm,tuned_optimized_threshold,0.4,0.41377173935162925,1
NVDA,2025-10-02,0,hybrid,lightgbm,tuned_optimized_threshold,0.4,0.35780814314159626,0
TSLA,2025-10-02,0,hybrid,lightgbm,tuned_optimized_threshold,0.4,0.49024415852564324,1
AAPL,2025-10-03,0,hybrid,lightgbm,tuned_optimized_threshold,0.4,0.4810827803161239,1
MSFT,2025-10-03,1,hybrid,lightgbm,tuned_optimized_threshold,0.4,0.36190349669665517,0
NVDA,2025-10-03,0,hybrid,lightgbm,tuned_optimized_threshold,0.4,0.6054940606263766,1
TSLA,2025-10-03,1,hybrid,lightgbm,tuned_optimized_threshold,0.4,0.16913989156943368,0
AAPL,2025-10-06,0,hybrid,lightgbm,tuned_optimized_threshold,0.4,0.10756451308713266,0
MSFT,2025-10-06,0,hybrid,lightgbm,tuned_optimized_threshold,0.4,0.16628254273662582,0
NVDA,2025-10-06,0,hybrid,lightgbm,tuned_optimized_threshold,0.4,0.24419743462613802,0
TSLA,2025-10-06,0,hybrid,lightgbm,tuned_optimized_threshold,0.4,0.3064029445994925,0
AAPL,2025-10-07,1,hybrid,lightgbm,tuned_optimized_threshold,0.4,0.3521344511338624,0
MSFT,2025-10-07,1,hybrid,lightgbm,tuned_optimized_threshold,0.4,0.3109027106231601,0
NVDA,2025-10-07,1,hybrid,lightgbm,tuned_optimized_threshold,0.4,0.40923875952658845,1
TSLA,2025-10-07,1,hybrid,lightgbm,tuned_optimized_threshold,0.4,0.2035518000722371,0
AAPL,2025-10-08,0,hybrid,lightgbm,tuned_optimized_threshold,0.4,0.3808896911055123,0
MSFT,2025-10-08,0,hybrid,lightgbm,tuned_optimized_threshold,0.4,0.34288013014059754,0
NVDA,2025-10-08,1,hybrid,lightgbm,tuned_optimized_threshold,0.4,0.4396272985907674,1
TSLA,2025-10-08,0,hybrid,lightgbm,tuned_optimized_threshold,0.4,0.3398202950294389,0
AAPL,2025-10-09,0,hybrid,lightgbm,tuned_optimized_threshold,0.4,0.43261130967591366,1
MSFT,2025-10-09,0,hybrid,lightgbm,tuned_optimized_threshold,0.4,0.41868914529496093,1
NVDA,2025-10-09,0,hybrid,lightgbm,tuned_optimized_threshold,0.4,0.4029349146271896,1
TSLA,2025-10-09,0,hybrid,lightgbm,tuned_optimized_threshold,0.4,0.24388424195115835,0
AAPL,2025-10-10,1,hybrid,lightgbm,tuned_optimized_threshold,0.4,0.4127873041635428,1
MSFT,2025-10-10,1,hybrid,lightgbm,tuned_optimized_threshold,0.4,0.4785587728591958,1
NVDA,2025-10-10,1,hybrid,lightgbm,tuned_optimized_threshold,0.4,0.31913165328389453,0
TSLA,2025-10-10,1,hybrid,lightgbm,tuned_optimized_threshold,0.4,0.37370937719982933,0
AAPL,2025-10-13,1,hybrid,lightgbm,tuned_optimized_threshold,0.4,0.136961859829457,0
MSFT,2025-10-13,0,hybrid,lightgbm,tuned_optimized_threshold,0.4,0.19691009280342675,0
NVDA,2025-10-13,0,hybrid,lightgbm,tuned_optimized_threshold,0.4,0.4162586071651417,1
TSLA,2025-10-13,0,hybrid,lightgbm,tuned_optimized_threshold,0.4,0.530349793953193,1
AAPL,2025-10-14,1,hybrid,lightgbm,tuned_optimized_threshold,0.4,0.35525783798690913,0
MSFT,2025-10-14,0,hybrid,lightgbm,tuned_optimized_threshold,0.4,0.18086515742970968,0
NVDA,2025-10-14,0,hybrid,lightgbm,tuned_optimized_threshold,0.4,0.3711597281720603,0
TSLA,2025-10-14,1,hybrid,lightgbm,tuned_optimized_threshold,0.4,0.3148072429416408,0
AAPL,2025-10-15,0,hybrid,lightgbm,tuned_optimized_threshold,0.4,0.3415202984092823,0
MSFT,2025-10-15,0,hybrid,lightgbm,tuned_optimized_threshold,0.4,0.27368278867674783,0
NVDA,2025-10-15,1,hybrid,lightgbm,tuned_optimized_threshold,0.4,0.4267395981164055,1
TSLA,2025-10-15,0,hybrid,lightgbm,tuned_optimized_threshold,0.4,0.2934348870686868,0
AAPL,2025-10-16,1,hybrid,lightgbm,tuned_optimized_threshold,0.4,0.32436140635851146,0
MSFT,2025-10-16,1,hybrid,lightgbm,tuned_optimized_threshold,0.4,0.24474762061954103,0
NVDA,2025-10-16,1,hybrid,lightgbm,tuned_optimized_threshold,0.4,0.3453908346737838,0
TSLA,2025-10-16,1,hybrid,lightgbm,tuned_optimized_threshold,0.4,0.23966834870057238,0
AAPL,2025-10-17,1,hybrid,lightgbm,tuned_optimized_threshold,0.4,0.5418907742205363,1
MSFT,2025-10-17,1,hybrid,lightgbm,tuned_optimized_threshold,0.4,0.18357559107096383,0
NVDA,2025-10-17,0,hybrid,lightgbm,tuned_optimized_threshold,0.4,0.39642121303802075,0
TSLA,2025-10-17,1,hybrid,lightgbm,tuned_optimized_threshold,0.4,0.3203672449553077,0
AAPL,2025-10-20,1,hybrid,lightgbm,tuned_optimized_threshold,0.4,0.31926672068510714,0
MSFT,2025-10-20,1,hybrid,lightgbm,tuned_optimized_threshold,0.4,0.10131374960253396,0
NVDA,2025-10-20,0,hybrid,lightgbm,tuned_optimized_threshold,0.4,0.3155103651529847,0
TSLA,2025-10-20,0,hybrid,lightgbm,tuned_optimized_threshold,0.4,0.4037099719250216,1
AAPL,2025-10-21,0,hybrid,lightgbm,tuned_optimized_threshold,0.4,0.18351199961131626,0
MSFT,2025-10-21,1,hybrid,lightgbm,tuned_optimized_threshold,0.4,0.32859777621412645,0
NVDA,2025-10-21,0,hybrid,lightgbm,tuned_optimized_threshold,0.4,0.25942664342105115,0
TSLA,2025-10-21,0,hybrid,lightgbm,tuned_optimized_threshold,0.4,0.3919652865896783,0
AAPL,2025-10-22,1,hybrid,lightgbm,tuned_optimized_threshold,0.4,0.6266591615460545,1
MSFT,2025-10-22,1,hybrid,lightgbm,tuned_optimized_threshold,0.4,0.3307023178566476,0
NVDA,2025-10-22,1,hybrid,lightgbm,tuned_optimized_threshold,0.4,0.4445283692878759,1
TSLA,2025-10-22,1,hybrid,lightgbm,tuned_optimized_threshold,0.4,0.5076636686923414,1
AAPL,2025-10-23,1,hybrid,lightgbm,tuned_optimized_threshold,0.4,0.5591505928901153,1
MSFT,2025-10-23,1,hybrid,lightgbm,tuned_optimized_threshold,0.4,0.2694854527919488,0
NVDA,2025-10-23,1,hybrid,lightgbm,tuned_optimized_threshold,0.4,0.31395216826835654,0
TSLA,2025-10-23,0,hybrid,lightgbm,tuned_optimized_threshold,0.4,0.5978743214015495,1
AAPL,2025-10-24,1,hybrid,lightgbm,tuned_optimized_threshold,0.4,0.5480328545940295,1
MSFT,2025-10-24,1,hybrid,lightgbm,tuned_optimized_threshold,0.4,0.2356690174885349,0
NVDA,2025-10-24,1,hybrid,lightgbm,tuned_optimized_threshold,0.4,0.5730869628659249,1
TSLA,2025-10-24,1,hybrid,lightgbm,tuned_optimized_threshold,0.4,0.5201383422852023,1
AAPL,2025-10-27,1,hybrid,lightgbm,tuned_optimized_threshold,0.4,0.3925019343751084,0
MSFT,2025-10-27,1,hybrid,lightgbm,tuned_optimized_threshold,0.4,0.33835560760273253,0
NVDA,2025-10-27,1,hybrid,lightgbm,tuned_optimized_threshold,0.4,0.5793420040349981,1
TSLA,2025-10-27,1,hybrid,lightgbm,tuned_optimized_threshold,0.4,0.5408143526672785,1
AAPL,2025-10-28,1,hybrid,lightgbm,tuned_optimized_threshold,0.4,0.7008413607029893,1
MSFT,2025-10-28,0,hybrid,lightgbm,tuned_optimized_threshold,0.4,0.4045669528897623,1
NVDA,2025-10-28,1,hybrid,lightgbm,tuned_optimized_threshold,0.4,0.431312146988971,1
TSLA,2025-10-28,1,hybrid,lightgbm,tuned_optimized_threshold,0.4,0.40463538466131477,1
AAPL,2025-10-29,1,hybrid,lightgbm,tuned_optimized_threshold,0.4,0.6296147284152296,1
MSFT,2025-10-29,0,hybrid,lightgbm,tuned_optimized_threshold,0.4,0.33500898718552213,0
NVDA,2025-10-29,0,hybrid,lightgbm,tuned_optimized_threshold,0.4,0.44803299406340613,1
TSLA,2025-10-29,0,hybrid,lightgbm,tuned_optimized_threshold,0.4,0.33074193481195796,0
AAPL,2025-10-30,0,hybrid,lightgbm,tuned_optimized_threshold,0.4,0.6383933588665287,1
MSFT,2025-10-30,0,hybrid,lightgbm,tuned_optimized_threshold,0.4,0.3336687980460855,0
NVDA,2025-10-30,0,hybrid,lightgbm,tuned_optimized_threshold,0.4,0.3399630674961429,0
TSLA,2025-10-30,1,hybrid,lightgbm,tuned_optimized_threshold,0.4,0.4369336805515938,1
AAPL,2025-10-31,0,hybrid,lightgbm,tuned_optimized_threshold,0.4,0.5888253313901521,1
MSFT,2025-10-31,0,hybrid,lightgbm,tuned_optimized_threshold,0.4,0.41024605955048815,1
NVDA,2025-10-31,1,hybrid,lightgbm,tuned_optimized_threshold,0.4,0.307918562211847,0
TSLA,2025-10-31,1,hybrid,lightgbm,tuned_optimized_threshold,0.4,0.5846364749273069,1
AAPL,2025-11-03,1,hybrid,lightgbm,tuned_optimized_threshold,0.4,0.2564916828997375,0
MSFT,2025-11-03,0,hybrid,lightgbm,tuned_optimized_threshold,0.4,0.3051164143015586,0
NVDA,2025-11-03,0,hybrid,lightgbm,tuned_optimized_threshold,0.4,0.35344210845910606,0
TSLA,2025-11-03,0,hybrid,lightgbm,tuned_optimized_threshold,0.4,0.26524932075406454,0
AAPL,2025-11-04,1,hybrid,lightgbm,tuned_optimized_threshold,0.4,0.6183014229020509,1
MSFT,2025-11-04,0,hybrid,lightgbm,tuned_optimized_threshold,0.4,0.25585255761128994,0
NVDA,2025-11-04,0,hybrid,lightgbm,tuned_optimized_threshold,0.4,0.46726972291671454,1
TSLA,2025-11-04,1,hybrid,lightgbm,tuned_optimized_threshold,0.4,0.4329916802835184,1
AAPL,2025-11-05,0,hybrid,lightgbm,tuned_optimized_threshold,0.4,0.5702307512419496,1
MSFT,2025-11-05,0,hybrid,lightgbm,tuned_optimized_threshold,0.4,0.21652094190991994,0
NVDA,2025-11-05,0,hybrid,lightgbm,tuned_optimized_threshold,0.4,0.15101209989954253,0
TSLA,2025-11-05,0,hybrid,lightgbm,tuned_optimized_threshold,0.4,0.5795118218105026,1
AAPL,2025-11-06,0,hybrid,lightgbm,tuned_optimized_threshold,0.4,0.5854631132670143,1
MSFT,2025-11-06,0,hybrid,lightgbm,tuned_optimized_threshold,0.4,0.24171784429369209,0
NVDA,2025-11-06,1,hybrid,lightgbm,tuned_optimized_threshold,0.4,0.456446211061776,1
TSLA,2025-11-06,0,hybrid,lightgbm,tuned_optimized_threshold,0.4,0.556420481852229,1
AAPL,2025-11-07,1,hybrid,lightgbm,tuned_optimized_threshold,0.4,0.5782360709572013,1
MSFT,2025-11-07,1,hybrid,lightgbm,tuned_optimized_threshold,0.4,0.29092670790310704,0
NVDA,2025-11-07,1,hybrid,lightgbm,tuned_optimized_threshold,0.4,0.29213402701145347,0
TSLA,2025-11-07,1,hybrid,lightgbm,tuned_optimized_threshold,0.4,0.5540796283954669,1
AAPL,2025-11-10,1,hybrid,lightgbm,tuned_optimized_threshold,0.4,0.1935964148661238,0
MSFT,2025-11-10,1,hybrid,lightgbm,tuned_optimized_threshold,0.4,0.28090904240417053,0
NVDA,2025-11-10,0,hybrid,lightgbm,tuned_optimized_threshold,0.4,0.29300899064149577,0
TSLA,2025-11-10,0,hybrid,lightgbm,tuned_optimized_threshold,0.4,0.48282088469265233,1
AAPL,2025-11-11,0,hybrid,lightgbm,tuned_optimized_threshold,0.4,0.32762966555997264,0
MSFT,2025-11-11,1,hybrid,lightgbm,tuned_optimized_threshold,0.4,0.2961140756534231,0
NVDA,2025-11-11,1,hybrid,lightgbm,tuned_optimized_threshold,0.4,0.7396403481364958,1
TSLA,2025-11-11,0,hybrid,lightgbm,tuned_optimized_threshold,0.4,0.3818677329631209,0
AAPL,2025-11-12,0,hybrid,lightgbm,tuned_optimized_threshold,0.4,0.42232999916955904,1
MSFT,2025-11-12,0,hybrid,lightgbm,tuned_optimized_threshold,0.4,0.5008502026007923,1
NVDA,2025-11-12,0,hybrid,lightgbm,tuned_optimized_threshold,0.4,0.2405580677087371,0
TSLA,2025-11-12,0,hybrid,lightgbm,tuned_optimized_threshold,0.4,0.3627555701751026,0
AAPL,2025-11-13,0,hybrid,lightgbm,tuned_optimized_threshold,0.4,0.2968673044367514,0
MSFT,2025-11-13,1,hybrid,lightgbm,tuned_optimized_threshold,0.4,0.5585484472141364,1
NVDA,2025-11-13,1,hybrid,lightgbm,tuned_optimized_threshold,0.4,0.6566686333541029,1
TSLA,2025-11-13,1,hybrid,lightgbm,tuned_optimized_threshold,0.4,0.5857927388629955,1
AAPL,2025-11-14,0,hybrid,lightgbm,tuned_optimized_threshold,0.4,0.5548952627749112,1
MSFT,2025-11-14,0,hybrid,lightgbm,tuned_optimized_threshold,0.4,0.37235240792608826,0
NVDA,2025-11-14,0,hybrid,lightgbm,tuned_optimized_threshold,0.4,0.4382380478314667,1
TSLA,2025-11-14,1,hybrid,lightgbm,tuned_optimized_threshold,0.4,0.5140474269289329,1
AAPL,2025-11-17,0,hybrid,lightgbm,tuned_optimized_threshold,0.4,0.44562948512389594,1
MSFT,2025-11-17,0,hybrid,lightgbm,tuned_optimized_threshold,0.4,0.24546706617421957,0
NVDA,2025-11-17,0,hybrid,lightgbm,tuned_optimized_threshold,0.4,0.2094410190632282,0
TSLA,2025-11-17,0,hybrid,lightgbm,tuned_optimized_threshold,0.4,0.45373803928241796,1
AAPL,2025-11-18,1,hybrid,lightgbm,tuned_optimized_threshold,0.4,0.5699926583137801,1
MSFT,2025-11-18,0,hybrid,lightgbm,tuned_optimized_threshold,0.4,0.3871561380494396,0
NVDA,2025-11-18,1,hybrid,lightgbm,tuned_optimized_threshold,0.4,0.5702813610198995,1
TSLA,2025-11-18,1,hybrid,lightgbm,tuned_optimized_threshold,0.4,0.33064990446106335,0
AAPL,2025-11-19,0,hybrid,lightgbm,tuned_optimized_threshold,0.4,0.4359402528833397,1
MSFT,2025-11-19,0,hybrid,lightgbm,tuned_optimized_threshold,0.4,0.605156135428596,1
NVDA,2025-11-19,0,hybrid,lightgbm,tuned_optimized_threshold,0.4,0.3312937190550057,0
TSLA,2025-11-19,0,hybrid,lightgbm,tuned_optimized_threshold,0.4,0.3389570966676776,0
AAPL,2025-11-20,1,hybrid,lightgbm,tuned_optimized_threshold,0.4,0.4972159141941834,1
MSFT,2025-11-20,0,hybrid,lightgbm,tuned_optimized_threshold,0.4,0.4089558673119537,1
NVDA,2025-11-20,0,hybrid,lightgbm,tuned_optimized_threshold,0.4,0.5028152577883162,1
TSLA,2025-11-20,0,hybrid,lightgbm,tuned_optimized_threshold,0.4,0.38890517895955795,0
AAPL,2025-11-21,1,hybrid,lightgbm,tuned_optimized_threshold,0.4,0.42621787464647937,1
MSFT,2025-11-21,1,hybrid,lightgbm,tuned_optimized_threshold,0.4,0.48693918823804705,1
NVDA,2025-11-21,1,hybrid,lightgbm,tuned_optimized_threshold,0.4,0.4997555336517565,1
TSLA,2025-11-21,1,hybrid,lightgbm,tuned_optimized_threshold,0.4,0.25762048997266473,0
AAPL,2025-11-24,1,hybrid,lightgbm,tuned_optimized_threshold,0.4,0.28520877193513705,0
MSFT,2025-11-24,1,hybrid,lightgbm,tuned_optimized_threshold,0.4,0.4019083356142057,1
NVDA,2025-11-24,0,hybrid,lightgbm,tuned_optimized_threshold,0.4,0.39724979128320503,0
TSLA,2025-11-24,1,hybrid,lightgbm,tuned_optimized_threshold,0.4,0.3276457373428366,0
AAPL,2025-11-25,1,hybrid,lightgbm,tuned_optimized_threshold,0.4,0.4707920296590564,1
MSFT,2025-11-25,1,hybrid,lightgbm,tuned_optimized_threshold,0.4,0.5560318673827628,1
NVDA,2025-11-25,1,hybrid,lightgbm,tuned_optimized_threshold,0.4,0.6018618161240479,1
TSLA,2025-11-25,1,hybrid,lightgbm,tuned_optimized_threshold,0.4,0.24134835449418982,0
AAPL,2025-11-26,1,hybrid,lightgbm,tuned_optimized_threshold,0.4,0.493953570197703,1
MSFT,2025-11-26,1,hybrid,lightgbm,tuned_optimized_threshold,0.4,0.4956371774455273,1
NVDA,2025-11-26,0,hybrid,lightgbm,tuned_optimized_threshold,0.4,0.4490258160499958,1
TSLA,2025-11-26,1,hybrid,lightgbm,tuned_optimized_threshold,0.4,0.28194857371472065,0
AAPL,2025-11-28,1,hybrid,lightgbm,tuned_optimized_threshold,0.4,0.2822570492555432,0
MSFT,2025-11-28,0,hybrid,lightgbm,tuned_optimized_threshold,0.4,0.30985181899619824,0
NVDA,2025-11-28,1,hybrid,lightgbm,tuned_optimized_threshold,0.4,0.28091334782597943,0
TSLA,2025-11-28,0,hybrid,lightgbm,tuned_optimized_threshold,0.4,0.3988096540857727,0
AAPL,2025-12-01,1,hybrid,lightgbm,tuned_optimized_threshold,0.4,0.3282189254886076,0
MSFT,2025-12-01,1,hybrid,lightgbm,tuned_optimized_threshold,0.4,0.2535113649078512,0
NVDA,2025-12-01,1,hybrid,lightgbm,tuned_optimized_threshold,0.4,0.3290028586211295,0
TSLA,2025-12-01,0,hybrid,lightgbm,tuned_optimized_threshold,0.4,0.36347564244218267,0
AAPL,2025-12-02,0,hybrid,lightgbm,tuned_optimized_threshold,0.4,0.5567650927538867,1
MSFT,2025-12-02,0,hybrid,lightgbm,tuned_optimized_threshold,0.4,0.22994945281144333,0
NVDA,2025-12-02,0,hybrid,lightgbm,tuned_optimized_threshold,0.4,0.3718675603348821,0
TSLA,2025-12-02,1,hybrid,lightgbm,tuned_optimized_threshold,0.4,0.3911092507525513,0
AAPL,2025-12-03,0,hybrid,lightgbm,tuned_optimized_threshold,0.4,0.4676333526961394,1
MSFT,2025-12-03,1,hybrid,lightgbm,tuned_optimized_threshold,0.4,0.6141292130290854,1
NVDA,2025-12-03,1,hybrid,lightgbm,tuned_optimized_threshold,0.4,0.5731435115003226,1
TSLA,2025-12-03,1,hybrid,lightgbm,tuned_optimized_threshold,0.4,0.5651766555667709,1
AAPL,2025-12-04,0,hybrid,lightgbm,tuned_optimized_threshold,0.4,0.5765726840085194,1
MSFT,2025-12-04,1,hybrid,lightgbm,tuned_optimized_threshold,0.4,0.5188178290935104,1
NVDA,2025-12-04,0,hybrid,lightgbm,tuned_optimized_threshold,0.4,0.44121216099706484,1
TSLA,2025-12-04,1,hybrid,lightgbm,tuned_optimized_threshold,0.4,0.31005301002636776,0
AAPL,2025-12-05,0,hybrid,lightgbm,tuned_optimized_threshold,0.4,0.5726077308829591,1
MSFT,2025-12-05,1,hybrid,lightgbm,tuned_optimized_threshold,0.4,0.4635509560838729,1
NVDA,2025-12-05,1,hybrid,lightgbm,tuned_optimized_threshold,0.4,0.4090869756534885,1
TSLA,2025-12-05,0,hybrid,lightgbm,tuned_optimized_threshold,0.4,0.3436261102393395,0
AAPL,2025-12-08,0,hybrid,lightgbm,tuned_optimized_threshold,0.4,0.5304858546538511,1
MSFT,2025-12-08,1,hybrid,lightgbm,tuned_optimized_threshold,0.4,0.5238115141856641,1
NVDA,2025-12-08,0,hybrid,lightgbm,tuned_optimized_threshold,0.4,0.27806087778180083,0
TSLA,2025-12-08,1,hybrid,lightgbm,tuned_optimized_threshold,0.4,0.26855153158123557,0
AAPL,2025-12-09,1,hybrid,lightgbm,tuned_optimized_threshold,0.4,0.253238203262031,0
MSFT,2025-12-09,0,hybrid,lightgbm,tuned_optimized_threshold,0.4,0.2758127462750167,0
NVDA,2025-12-09,0,hybrid,lightgbm,tuned_optimized_threshold,0.4,0.4288942660828951,1
TSLA,2025-12-09,1,hybrid,lightgbm,tuned_optimized_threshold,0.4,0.3988366361893946,0
AAPL,2025-12-10,0,hybrid,lightgbm,tuned_optimized_threshold,0.4,0.4400074801509205,1
MSFT,2025-12-10,1,hybrid,lightgbm,tuned_optimized_threshold,0.4,0.6017990540950625,1
NVDA,2025-12-10,0,hybrid,lightgbm,tuned_optimized_threshold,0.4,0.41392272042684425,1
TSLA,2025-12-10,0,hybrid,lightgbm,tuned_optimized_threshold,0.4,0.45422152939374444,1
AAPL,2025-12-11,1,hybrid,lightgbm,tuned_optimized_threshold,0.4,0.33494819656926617,0
MSFT,2025-12-11,0,hybrid,lightgbm,tuned_optimized_threshold,0.4,0.5721282262605688,1
NVDA,2025-12-11,0,hybrid,lightgbm,tuned_optimized_threshold,0.4,0.35164327415426483,0
TSLA,2025-12-11,1,hybrid,lightgbm,tuned_optimized_threshold,0.4,0.3264842046720411,0
AAPL,2025-12-12,0,hybrid,lightgbm,tuned_optimized_threshold,0.4,0.49517149048615783,1
MSFT,2025-12-12,0,hybrid,lightgbm,tuned_optimized_threshold,0.4,0.33537201640918507,0
NVDA,2025-12-12,1,hybrid,lightgbm,tuned_optimized_threshold,0.4,0.6989590269455827,1
TSLA,2025-12-12,1,hybrid,lightgbm,tuned_optimized_threshold,0.4,0.27576369558198144,0
AAPL,2025-12-15,1,hybrid,lightgbm,tuned_optimized_threshold,0.4,0.19951280450421244,0
MSFT,2025-12-15,1,hybrid,lightgbm,tuned_optimized_threshold,0.4,0.30628518056659815,0
NVDA,2025-12-15,1,hybrid,lightgbm,tuned_optimized_threshold,0.4,0.512574875640744,1
TSLA,2025-12-15,1,hybrid,lightgbm,tuned_optimized_threshold,0.4,0.44301197313265656,1
AAPL,2025-12-16,0,hybrid,lightgbm,tuned_optimized_threshold,0.4,0.3823303122608078,0
MSFT,2025-12-16,0,hybrid,lightgbm,tuned_optimized_threshold,0.4,0.5090645073190124,1
NVDA,2025-12-16,0,hybrid,lightgbm,tuned_optimized_threshold,0.4,0.5209105869041621,1
TSLA,2025-12-16,0,hybrid,lightgbm,tuned_optimized_threshold,0.4,0.556913240170276,1
AAPL,2025-12-17,1,hybrid,lightgbm,tuned_optimized_threshold,0.4,0.4377696050852405,1
MSFT,2025-12-17,1,hybrid,lightgbm,tuned_optimized_threshold,0.4,0.41949495151364335,1
NVDA,2025-12-17,1,hybrid,lightgbm,tuned_optimized_threshold,0.4,0.4902763239431434,1
TSLA,2025-12-17,1,hybrid,lightgbm,tuned_optimized_threshold,0.4,0.47899899997870354,1
AAPL,2025-12-18,1,hybrid,lightgbm,tuned_optimized_threshold,0.4,0.5168808937745845,1
MSFT,2025-12-18,1,hybrid,lightgbm,tuned_optimized_threshold,0.4,0.41051998095934245,1
NVDA,2025-12-18,1,hybrid,lightgbm,tuned_optimized_threshold,0.4,0.5887534503328576,1
TSLA,2025-12-18,0,hybrid,lightgbm,tuned_optimized_threshold,0.4,0.6788793836241163,1
AAPL,2025-12-19,0,hybrid,lightgbm,tuned_optimized_threshold,0.4,0.2669941497776311,0
MSFT,2025-12-19,0,hybrid,lightgbm,tuned_optimized_threshold,0.4,0.3337117014288407,0
NVDA,2025-12-19,1,hybrid,lightgbm,tuned_optimized_threshold,0.4,0.6432210369396439,1
TSLA,2025-12-19,1,hybrid,lightgbm,tuned_optimized_threshold,0.4,0.48934847147735977,1
AAPL,2025-12-22,1,hybrid,lightgbm,tuned_optimized_threshold,0.4,0.3660763452423056,0
MSFT,2025-12-22,1,hybrid,lightgbm,tuned_optimized_threshold,0.4,0.18315630240782907,0
NVDA,2025-12-22,1,hybrid,lightgbm,tuned_optimized_threshold,0.4,0.447826565603996,1
TSLA,2025-12-22,0,hybrid,lightgbm,tuned_optimized_threshold,0.4,0.4321086456554272,1
AAPL,2025-12-23,1,hybrid,lightgbm,tuned_optimized_threshold,0.4,0.2321717254341633,0
MSFT,2025-12-23,1,hybrid,lightgbm,tuned_optimized_threshold,0.4,0.1984504991110345,0
NVDA,2025-12-23,0,hybrid,lightgbm,tuned_optimized_threshold,0.4,0.6473125181269285,1
TSLA,2025-12-23,0,hybrid,lightgbm,tuned_optimized_threshold,0.4,0.3733762804585724,0
AAPL,2025-12-24,0,hybrid,lightgbm,tuned_optimized_threshold,0.4,0.12123877807663393,0
MSFT,2025-12-24,0,hybrid,lightgbm,tuned_optimized_threshold,0.4,0.3530368360928808,0
NVDA,2025-12-24,1,hybrid,lightgbm,tuned_optimized_threshold,0.4,0.39477139509950426,0
TSLA,2025-12-24,0,hybrid,lightgbm,tuned_optimized_threshold,0.4,0.4588875627869936,1
AAPL,2025-12-26,1,hybrid,lightgbm,tuned_optimized_threshold,0.4,0.06073809656957738,0
MSFT,2025-12-26,0,hybrid,lightgbm,tuned_optimized_threshold,0.4,0.21096207815665244,0
NVDA,2025-12-26,0,hybrid,lightgbm,tuned_optimized_threshold,0.4,0.2545023230502305,0
TSLA,2025-12-26,0,hybrid,lightgbm,tuned_optimized_threshold,0.4,0.3053154871778064,0
AAPL,2025-12-29,0,hybrid,lightgbm,tuned_optimized_threshold,0.4,0.18834304778729533,0
MSFT,2025-12-29,1,hybrid,lightgbm,tuned_optimized_threshold,0.4,0.1586843248415439,0
NVDA,2025-12-29,0,hybrid,lightgbm,tuned_optimized_threshold,0.4,0.18440367346730313,0
TSLA,2025-12-29,0,hybrid,lightgbm,tuned_optimized_threshold,0.4,0.47950795712088556,1
