ticker,Date,target,dataset_type,model_name,model_variant,threshold,probability,prediction
AAPL,2023-10-16,0,base,xgboost,tuned_optimized_threshold,0.4,0.6018105,1
MSFT,2023-10-16,0,base,xgboost,tuned_optimized_threshold,0.4,0.603282,1
NVDA,2023-10-16,0,base,xgboost,tuned_optimized_threshold,0.4,0.52151316,1
TSLA,2023-10-16,1,base,xgboost,tuned_optimized_threshold,0.4,0.511995,1
AAPL,2023-10-17,0,base,xgboost,tuned_optimized_threshold,0.4,0.6011021,1
MSFT,2023-10-17,0,base,xgboost,tuned_optimized_threshold,0.4,0.5583359,1
NVDA,2023-10-17,0,base,xgboost,tuned_optimized_threshold,0.4,0.58231616,1
TSLA,2023-10-17,0,base,xgboost,tuned_optimized_threshold,0.4,0.5382849,1
AAPL,2023-10-18,0,base,xgboost,tuned_optimized_threshold,0.4,0.6026685,1
MSFT,2023-10-18,1,base,xgboost,tuned_optimized_threshold,0.4,0.5429736,1
NVDA,2023-10-18,0,base,xgboost,tuned_optimized_threshold,0.4,0.56988716,1
TSLA,2023-10-18,0,base,xgboost,tuned_optimized_threshold,0.4,0.5080257,1
AAPL,2023-10-19,0,base,xgboost,tuned_optimized_threshold,0.4,0.591758,1
MSFT,2023-10-19,0,base,xgboost,tuned_optimized_threshold,0.4,0.591038,1
NVDA,2023-10-19,0,base,xgboost,tuned_optimized_threshold,0.4,0.5173436,1
TSLA,2023-10-19,0,base,xgboost,tuned_optimized_threshold,0.4,0.56796163,1
AAPL,2023-10-20,1,base,xgboost,tuned_optimized_threshold,0.4,0.59630525,1
MSFT,2023-10-20,1,base,xgboost,tuned_optimized_threshold,0.4,0.5586057,1
NVDA,2023-10-20,1,base,xgboost,tuned_optimized_threshold,0.4,0.5247348,1
TSLA,2023-10-20,1,base,xgboost,tuned_optimized_threshold,0.4,0.5501954,1
AAPL,2023-10-23,1,base,xgboost,tuned_optimized_threshold,0.4,0.5810292,1
MSFT,2023-10-23,1,base,xgboost,tuned_optimized_threshold,0.4,0.48882475,1
NVDA,2023-10-23,1,base,xgboost,tuned_optimized_threshold,0.4,0.45052743,1
TSLA,2023-10-23,1,base,xgboost,tuned_optimized_threshold,0.4,0.4977632,1
AAPL,2023-10-24,0,base,xgboost,tuned_optimized_threshold,0.4,0.60317576,1
MSFT,2023-10-24,1,base,xgboost,tuned_optimized_threshold,0.4,0.58403134,1
NVDA,2023-10-24,0,base,xgboost,tuned_optimized_threshold,0.4,0.53951806,1
TSLA,2023-10-24,0,base,xgboost,tuned_optimized_threshold,0.4,0.5018922,1
AAPL,2023-10-25,0,base,xgboost,tuned_optimized_threshold,0.4,0.60977936,1
MSFT,2023-10-25,0,base,xgboost,tuned_optimized_threshold,0.4,0.38540184,0
NVDA,2023-10-25,0,base,xgboost,tuned_optimized_threshold,0.4,0.5580329,1
TSLA,2023-10-25,0,base,xgboost,tuned_optimized_threshold,0.4,0.5037665,1
AAPL,2023-10-26,1,base,xgboost,tuned_optimized_threshold,0.4,0.64701545,1
MSFT,2023-10-26,1,base,xgboost,tuned_optimized_threshold,0.4,0.54495835,1
NVDA,2023-10-26,1,base,xgboost,tuned_optimized_threshold,0.4,0.5458906,1
TSLA,2023-10-26,1,base,xgboost,tuned_optimized_threshold,0.4,0.52363014,1
AAPL,2023-10-27,1,base,xgboost,tuned_optimized_threshold,0.4,0.56508255,1
MSFT,2023-10-27,1,base,xgboost,tuned_optimized_threshold,0.4,0.5068955,1
NVDA,2023-10-27,1,base,xgboost,tuned_optimized_threshold,0.4,0.5131805,1
TSLA,2023-10-27,0,base,xgboost,tuned_optimized_threshold,0.4,0.48683342,1
AAPL,2023-10-30,1,base,xgboost,tuned_optimized_threshold,0.4,0.5885951,1
MSFT,2023-10-30,1,base,xgboost,tuned_optimized_threshold,0.4,0.39522114,0
NVDA,2023-10-30,0,base,xgboost,tuned_optimized_threshold,0.4,0.5330223,1
TSLA,2023-10-30,1,base,xgboost,tuned_optimized_threshold,0.4,0.5270324,1
AAPL,2023-10-31,1,base,xgboost,tuned_optimized_threshold,0.4,0.6178788,1
MSFT,2023-10-31,1,base,xgboost,tuned_optimized_threshold,0.4,0.38176286,0
NVDA,2023-10-31,1,base,xgboost,tuned_optimized_threshold,0.4,0.5926044,1
TSLA,2023-10-31,1,base,xgboost,tuned_optimized_threshold,0.4,0.48098403,1
AAPL,2023-11-01,1,base,xgboost,tuned_optimized_threshold,0.4,0.57429254,1
MSFT,2023-11-01,1,base,xgboost,tuned_optimized_threshold,0.4,0.36572996,0
NVDA,2023-11-01,1,base,xgboost,tuned_optimized_threshold,0.4,0.4969091,1
TSLA,2023-11-01,1,base,xgboost,tuned_optimized_threshold,0.4,0.4618421,1
AAPL,2023-11-02,0,base,xgboost,tuned_optimized_threshold,0.4,0.6126823,1
MSFT,2023-11-02,1,base,xgboost,tuned_optimized_threshold,0.4,0.35669723,0
NVDA,2023-11-02,1,base,xgboost,tuned_optimized_threshold,0.4,0.50109893,1
TSLA,2023-11-02,1,base,xgboost,tuned_optimized_threshold,0.4,0.39974985,0
AAPL,2023-11-03,1,base,xgboost,tuned_optimized_threshold,0.4,0.6209107,1
MSFT,2023-11-03,1,base,xgboost,tuned_optimized_threshold,0.4,0.35015342,0
NVDA,2023-11-03,1,base,xgboost,tuned_optimized_threshold,0.4,0.5374428,1
TSLA,2023-11-03,0,base,xgboost,tuned_optimized_threshold,0.4,0.47096953,1
AAPL,2023-11-06,1,base,xgboost,tuned_optimized_threshold,0.4,0.5724552,1
MSFT,2023-11-06,1,base,xgboost,tuned_optimized_threshold,0.4,0.35841528,0
NVDA,2023-11-06,1,base,xgboost,tuned_optimized_threshold,0.4,0.53971726,1
TSLA,2023-11-06,1,base,xgboost,tuned_optimized_threshold,0.4,0.4941866,1
AAPL,2023-11-07,1,base,xgboost,tuned_optimized_threshold,0.4,0.5470315,1
MSFT,2023-11-07,1,base,xgboost,tuned_optimized_threshold,0.4,0.36304206,0
NVDA,2023-11-07,1,base,xgboost,tuned_optimized_threshold,0.4,0.55173856,1
TSLA,2023-11-07,0,base,xgboost,tuned_optimized_threshold,0.4,0.47021335,1
AAPL,2023-11-08,0,base,xgboost,tuned_optimized_threshold,0.4,0.5592612,1
MSFT,2023-11-08,0,base,xgboost,tuned_optimized_threshold,0.4,0.36080977,0
NVDA,2023-11-08,1,base,xgboost,tuned_optimized_threshold,0.4,0.55449677,1
TSLA,2023-11-08,0,base,xgboost,tuned_optimized_threshold,0.4,0.4924684,1
AAPL,2023-11-09,1,base,xgboost,tuned_optimized_threshold,0.4,0.4922609,1
MSFT,2023-11-09,1,base,xgboost,tuned_optimized_threshold,0.4,0.31927326,0
NVDA,2023-11-09,1,base,xgboost,tuned_optimized_threshold,0.4,0.46437174,1
TSLA,2023-11-09,1,base,xgboost,tuned_optimized_threshold,0.4,0.5341387,1
AAPL,2023-11-10,0,base,xgboost,tuned_optimized_threshold,0.4,0.48714966,1
MSFT,2023-11-10,0,base,xgboost,tuned_optimized_threshold,0.4,0.42681578,1
NVDA,2023-11-10,1,base,xgboost,tuned_optimized_threshold,0.4,0.47900316,1
TSLA,2023-11-10,1,base,xgboost,tuned_optimized_threshold,0.4,0.46989474,1
AAPL,2023-11-13,1,base,xgboost,tuned_optimized_threshold,0.4,0.5389261,1
MSFT,2023-11-13,1,base,xgboost,tuned_optimized_threshold,0.4,0.36308718,0
NVDA,2023-11-13,1,base,xgboost,tuned_optimized_threshold,0.4,0.4904343,1
TSLA,2023-11-13,1,base,xgboost,tuned_optimized_threshold,0.4,0.4783083,1
AAPL,2023-11-14,1,base,xgboost,tuned_optimized_threshold,0.4,0.5232806,1
MSFT,2023-11-14,1,base,xgboost,tuned_optimized_threshold,0.4,0.3861671,0
NVDA,2023-11-14,0,base,xgboost,tuned_optimized_threshold,0.4,0.5026385,1
TSLA,2023-11-14,1,base,xgboost,tuned_optimized_threshold,0.4,0.46102268,1
AAPL,2023-11-15,1,base,xgboost,tuned_optimized_threshold,0.4,0.5216435,1
MSFT,2023-11-15,1,base,xgboost,tuned_optimized_threshold,0.4,0.3785607,0
NVDA,2023-11-15,1,base,xgboost,tuned_optimized_threshold,0.4,0.5104451,1
TSLA,2023-11-15,0,base,xgboost,tuned_optimized_threshold,0.4,0.55135906,1
AAPL,2023-11-16,0,base,xgboost,tuned_optimized_threshold,0.4,0.5302588,1
MSFT,2023-11-16,0,base,xgboost,tuned_optimized_threshold,0.4,0.40882355,1
NVDA,2023-11-16,0,base,xgboost,tuned_optimized_threshold,0.4,0.524834,1
TSLA,2023-11-16,1,base,xgboost,tuned_optimized_threshold,0.4,0.5844641,1
AAPL,2023-11-17,1,base,xgboost,tuned_optimized_threshold,0.4,0.5480167,1
MSFT,2023-11-17,1,base,xgboost,tuned_optimized_threshold,0.4,0.38705423,0
NVDA,2023-11-17,1,base,xgboost,tuned_optimized_threshold,0.4,0.5091778,1
TSLA,2023-11-17,1,base,xgboost,tuned_optimized_threshold,0.4,0.5271369,1
AAPL,2023-11-20,0,base,xgboost,tuned_optimized_threshold,0.4,0.530536,1
MSFT,2023-11-20,0,base,xgboost,tuned_optimized_threshold,0.4,0.3670463,0
NVDA,2023-11-20,0,base,xgboost,tuned_optimized_threshold,0.4,0.5399316,1
TSLA,2023-11-20,1,base,xgboost,tuned_optimized_threshold,0.4,0.5245488,1
AAPL,2023-11-21,1,base,xgboost,tuned_optimized_threshold,0.4,0.5320471,1
MSFT,2023-11-21,1,base,xgboost,tuned_optimized_threshold,0.4,0.35883832,0
NVDA,2023-11-21,0,base,xgboost,tuned_optimized_threshold,0.4,0.55859876,1
TSLA,2023-11-21,0,base,xgboost,tuned_optimized_threshold,0.4,0.5765721,1
AAPL,2023-11-22,0,base,xgboost,tuned_optimized_threshold,0.4,0.54224086,1
MSFT,2023-11-22,0,base,xgboost,tuned_optimized_threshold,0.4,0.38741425,0
NVDA,2023-11-22,0,base,xgboost,tuned_optimized_threshold,0.4,0.57685226,1
TSLA,2023-11-22,1,base,xgboost,tuned_optimized_threshold,0.4,0.5477603,1
AAPL,2023-11-24,0,base,xgboost,tuned_optimized_threshold,0.4,0.5425624,1
MSFT,2023-11-24,1,base,xgboost,tuned_optimized_threshold,0.4,0.40298143,1
NVDA,2023-11-24,1,base,xgboost,tuned_optimized_threshold,0.4,0.5583594,1
TSLA,2023-11-24,1,base,xgboost,tuned_optimized_threshold,0.4,0.5120125,1
AAPL,2023-11-27,1,base,xgboost,tuned_optimized_threshold,0.4,0.55712795,1
MSFT,2023-11-27,1,base,xgboost,tuned_optimized_threshold,0.4,0.3752736,0
NVDA,2023-11-27,0,base,xgboost,tuned_optimized_threshold,0.4,0.561461,1
TSLA,2023-11-27,1,base,xgboost,tuned_optimized_threshold,0.4,0.51947975,1
AAPL,2023-11-28,0,base,xgboost,tuned_optimized_threshold,0.4,0.54367924,1
MSFT,2023-11-28,0,base,xgboost,tuned_optimized_threshold,0.4,0.3566104,0
NVDA,2023-11-28,1,base,xgboost,tuned_optimized_threshold,0.4,0.5375946,1
TSLA,2023-11-28,0,base,xgboost,tuned_optimized_threshold,0.4,0.50382304,1
AAPL,2023-11-29,1,base,xgboost,tuned_optimized_threshold,0.4,0.5507197,1
MSFT,2023-11-29,1,base,xgboost,tuned_optimized_threshold,0.4,0.38430706,0
NVDA,2023-11-29,0,base,xgboost,tuned_optimized_threshold,0.4,0.55228,1
TSLA,2023-11-29,0,base,xgboost,tuned_optimized_threshold,0.4,0.5427709,1
AAPL,2023-11-30,1,base,xgboost,tuned_optimized_threshold,0.4,0.5398115,1
MSFT,2023-11-30,0,base,xgboost,tuned_optimized_threshold,0.4,0.38064253,0
NVDA,2023-11-30,0,base,xgboost,tuned_optimized_threshold,0.4,0.57364446,1
TSLA,2023-11-30,0,base,xgboost,tuned_optimized_threshold,0.4,0.50658065,1
AAPL,2023-12-01,0,base,xgboost,tuned_optimized_threshold,0.4,0.5217898,1
MSFT,2023-12-01,0,base,xgboost,tuned_optimized_threshold,0.4,0.38281107,0
NVDA,2023-12-01,0,base,xgboost,tuned_optimized_threshold,0.4,0.55975133,1
TSLA,2023-12-01,0,base,xgboost,tuned_optimized_threshold,0.4,0.5185964,1
AAPL,2023-12-04,1,base,xgboost,tuned_optimized_threshold,0.4,0.5788437,1
MSFT,2023-12-04,1,base,xgboost,tuned_optimized_threshold,0.4,0.30837268,0
NVDA,2023-12-04,1,base,xgboost,tuned_optimized_threshold,0.4,0.5744243,1
TSLA,2023-12-04,1,base,xgboost,tuned_optimized_threshold,0.4,0.4888955,1
AAPL,2023-12-05,0,base,xgboost,tuned_optimized_threshold,0.4,0.5147374,1
MSFT,2023-12-05,0,base,xgboost,tuned_optimized_threshold,0.4,0.32548273,0
NVDA,2023-12-05,0,base,xgboost,tuned_optimized_threshold,0.4,0.48621944,1
TSLA,2023-12-05,1,base,xgboost,tuned_optimized_threshold,0.4,0.4976032,1
AAPL,2023-12-06,1,base,xgboost,tuned_optimized_threshold,0.4,0.5531663,1
MSFT,2023-12-06,1,base,xgboost,tuned_optimized_threshold,0.4,0.2949443,0
NVDA,2023-12-06,1,base,xgboost,tuned_optimized_threshold,0.4,0.56398594,1
TSLA,2023-12-06,1,base,xgboost,tuned_optimized_threshold,0.4,0.5113201,1
AAPL,2023-12-07,1,base,xgboost,tuned_optimized_threshold,0.4,0.51514095,1
MSFT,2023-12-07,1,base,xgboost,tuned_optimized_threshold,0.4,0.31564668,0
NVDA,2023-12-07,1,base,xgboost,tuned_optimized_threshold,0.4,0.5381049,1
TSLA,2023-12-07,1,base,xgboost,tuned_optimized_threshold,0.4,0.51644635,1
AAPL,2023-12-08,0,base,xgboost,tuned_optimized_threshold,0.4,0.5024419,1
MSFT,2023-12-08,0,base,xgboost,tuned_optimized_threshold,0.4,0.29931086,0
NVDA,2023-12-08,0,base,xgboost,tuned_optimized_threshold,0.4,0.52729774,1
TSLA,2023-12-08,0,base,xgboost,tuned_optimized_threshold,0.4,0.5453868,1
AAPL,2023-12-11,1,base,xgboost,tuned_optimized_threshold,0.4,0.55114603,1
MSFT,2023-12-11,1,base,xgboost,tuned_optimized_threshold,0.4,0.31089932,0
NVDA,2023-12-11,1,base,xgboost,tuned_optimized_threshold,0.4,0.5347753,1
TSLA,2023-12-11,0,base,xgboost,tuned_optimized_threshold,0.4,0.5051221,1
AAPL,2023-12-12,1,base,xgboost,tuned_optimized_threshold,0.4,0.4943456,1
MSFT,2023-12-12,0,base,xgboost,tuned_optimized_threshold,0.4,0.33526894,0
NVDA,2023-12-12,1,base,xgboost,tuned_optimized_threshold,0.4,0.5305538,1
TSLA,2023-12-12,1,base,xgboost,tuned_optimized_threshold,0.4,0.5135565,1
AAPL,2023-12-13,1,base,xgboost,tuned_optimized_threshold,0.4,0.5221284,1
MSFT,2023-12-13,0,base,xgboost,tuned_optimized_threshold,0.4,0.33210653,0
NVDA,2023-12-13,1,base,xgboost,tuned_optimized_threshold,0.4,0.53716063,1
TSLA,2023-12-13,1,base,xgboost,tuned_optimized_threshold,0.4,0.49590102,1
AAPL,2023-12-14,0,base,xgboost,tuned_optimized_threshold,0.4,0.49686292,1
MSFT,2023-12-14,1,base,xgboost,tuned_optimized_threshold,0.4,0.35702392,0
NVDA,2023-12-14,1,base,xgboost,tuned_optimized_threshold,0.4,0.54382193,1
TSLA,2023-12-14,1,base,xgboost,tuned_optimized_threshold,0.4,0.5371958,1
AAPL,2023-12-15,0,base,xgboost,tuned_optimized_threshold,0.4,0.54158396,1
MSFT,2023-12-15,1,base,xgboost,tuned_optimized_threshold,0.4,0.31246874,0
NVDA,2023-12-15,1,base,xgboost,tuned_optimized_threshold,0.4,0.53078204,1
TSLA,2023-12-15,0,base,xgboost,tuned_optimized_threshold,0.4,0.5239803,1
AAPL,2023-12-18,1,base,xgboost,tuned_optimized_threshold,0.4,0.5380878,1
MSFT,2023-12-18,1,base,xgboost,tuned_optimized_threshold,0.4,0.3223097,0
NVDA,2023-12-18,0,base,xgboost,tuned_optimized_threshold,0.4,0.50985867,1
TSLA,2023-12-18,1,base,xgboost,tuned_optimized_threshold,0.4,0.56614816,1
AAPL,2023-12-19,0,base,xgboost,tuned_optimized_threshold,0.4,0.5134487,1
MSFT,2023-12-19,0,base,xgboost,tuned_optimized_threshold,0.4,0.3365567,0
NVDA,2023-12-19,0,base,xgboost,tuned_optimized_threshold,0.4,0.5522882,1
TSLA,2023-12-19,0,base,xgboost,tuned_optimized_threshold,0.4,0.5320831,1
AAPL,2023-12-20,0,base,xgboost,tuned_optimized_threshold,0.4,0.56205726,1
MSFT,2023-12-20,1,base,xgboost,tuned_optimized_threshold,0.4,0.3373069,0
NVDA,2023-12-20,1,base,xgboost,tuned_optimized_threshold,0.4,0.52066016,1
TSLA,2023-12-20,1,base,xgboost,tuned_optimized_threshold,0.4,0.5631355,1
AAPL,2023-12-21,0,base,xgboost,tuned_optimized_threshold,0.4,0.57863045,1
MSFT,2023-12-21,1,base,xgboost,tuned_optimized_threshold,0.4,0.33488873,0
NVDA,2023-12-21,0,base,xgboost,tuned_optimized_threshold,0.4,0.53824496,1
TSLA,2023-12-21,0,base,xgboost,tuned_optimized_threshold,0.4,0.54530346,1
AAPL,2023-12-22,0,base,xgboost,tuned_optimized_threshold,0.4,0.539814,1
MSFT,2023-12-22,1,base,xgboost,tuned_optimized_threshold,0.4,0.3385839,0
NVDA,2023-12-22,1,base,xgboost,tuned_optimized_threshold,0.4,0.5347965,1
TSLA,2023-12-22,1,base,xgboost,tuned_optimized_threshold,0.4,0.56527394,1
AAPL,2023-12-26,1,base,xgboost,tuned_optimized_threshold,0.4,0.5377878,1
MSFT,2023-12-26,0,base,xgboost,tuned_optimized_threshold,0.4,0.3685167,0
NVDA,2023-12-26,1,base,xgboost,tuned_optimized_threshold,0.4,0.5176388,1
TSLA,2023-12-26,1,base,xgboost,tuned_optimized_threshold,0.4,0.54686946,1
AAPL,2023-12-27,1,base,xgboost,tuned_optimized_threshold,0.4,0.49532312,1
MSFT,2023-12-27,1,base,xgboost,tuned_optimized_threshold,0.4,0.3685954,0
NVDA,2023-12-27,1,base,xgboost,tuned_optimized_threshold,0.4,0.5322552,1
TSLA,2023-12-27,0,base,xgboost,tuned_optimized_threshold,0.4,0.5190115,1
AAPL,2023-12-28,0,base,xgboost,tuned_optimized_threshold,0.4,0.52290505,1
MSFT,2023-12-28,1,base,xgboost,tuned_optimized_threshold,0.4,0.38298553,0
NVDA,2023-12-28,0,base,xgboost,tuned_optimized_threshold,0.4,0.52718025,1
TSLA,2023-12-28,0,base,xgboost,tuned_optimized_threshold,0.4,0.54927754,1
AAPL,2023-12-29,0,base,xgboost,tuned_optimized_threshold,0.4,0.5482763,1
MSFT,2023-12-29,0,base,xgboost,tuned_optimized_threshold,0.4,0.3089609,0
NVDA,2023-12-29,0,base,xgboost,tuned_optimized_threshold,0.4,0.5557661,1
TSLA,2023-12-29,0,base,xgboost,tuned_optimized_threshold,0.4,0.4915521,1
AAPL,2024-01-02,0,base,xgboost,tuned_optimized_threshold,0.4,0.5896147,1
MSFT,2024-01-02,0,base,xgboost,tuned_optimized_threshold,0.4,0.3324779,0
NVDA,2024-01-02,0,base,xgboost,tuned_optimized_threshold,0.4,0.54776835,1
TSLA,2024-01-02,0,base,xgboost,tuned_optimized_threshold,0.4,0.5066994,1
AAPL,2024-01-03,0,base,xgboost,tuned_optimized_threshold,0.4,0.58741325,1
MSFT,2024-01-03,0,base,xgboost,tuned_optimized_threshold,0.4,0.31505886,0
NVDA,2024-01-03,1,base,xgboost,tuned_optimized_threshold,0.4,0.5333859,1
TSLA,2024-01-03,0,base,xgboost,tuned_optimized_threshold,0.4,0.5893171,1
AAPL,2024-01-04,0,base,xgboost,tuned_optimized_threshold,0.4,0.5479779,1
MSFT,2024-01-04,0,base,xgboost,tuned_optimized_threshold,0.4,0.29799503,0
NVDA,2024-01-04,1,base,xgboost,tuned_optimized_threshold,0.4,0.53304684,1
TSLA,2024-01-04,0,base,xgboost,tuned_optimized_threshold,0.4,0.5898241,1
AAPL,2024-01-05,1,base,xgboost,tuned_optimized_threshold,0.4,0.53673863,1
MSFT,2024-01-05,1,base,xgboost,tuned_optimized_threshold,0.4,0.28007898,0
NVDA,2024-01-05,1,base,xgboost,tuned_optimized_threshold,0.4,0.5037301,1
TSLA,2024-01-05,1,base,xgboost,tuned_optimized_threshold,0.4,0.5692187,1
AAPL,2024-01-08,0,base,xgboost,tuned_optimized_threshold,0.4,0.4615001,1
MSFT,2024-01-08,1,base,xgboost,tuned_optimized_threshold,0.4,0.31342113,0
NVDA,2024-01-08,1,base,xgboost,tuned_optimized_threshold,0.4,0.47533083,1
TSLA,2024-01-08,0,base,xgboost,tuned_optimized_threshold,0.4,0.5224394,1
AAPL,2024-01-09,1,base,xgboost,tuned_optimized_threshold,0.4,0.5102374,1
MSFT,2024-01-09,1,base,xgboost,tuned_optimized_threshold,0.4,0.2912048,0
NVDA,2024-01-09,1,base,xgboost,tuned_optimized_threshold,0.4,0.51403934,1
TSLA,2024-01-09,0,base,xgboost,tuned_optimized_threshold,0.4,0.5007989,1
AAPL,2024-01-10,0,base,xgboost,tuned_optimized_threshold,0.4,0.5738102,1
MSFT,2024-01-10,1,base,xgboost,tuned_optimized_threshold,0.4,0.3037258,0
NVDA,2024-01-10,1,base,xgboost,tuned_optimized_threshold,0.4,0.5441255,1
TSLA,2024-01-10,0,base,xgboost,tuned_optimized_threshold,0.4,0.51753724,1
AAPL,2024-01-11,1,base,xgboost,tuned_optimized_threshold,0.4,0.6241558,1
MSFT,2024-01-11,1,base,xgboost,tuned_optimized_threshold,0.4,0.3079046,0
NVDA,2024-01-11,0,base,xgboost,tuned_optimized_threshold,0.4,0.5221875,1
TSLA,2024-01-11,0,base,xgboost,tuned_optimized_threshold,0.4,0.46779305,1
AAPL,2024-01-12,0,base,xgboost,tuned_optimized_threshold,0.4,0.6153426,1
MSFT,2024-01-12,1,base,xgboost,tuned_optimized_threshold,0.4,0.25462508,0
NVDA,2024-01-12,1,base,xgboost,tuned_optimized_threshold,0.4,0.58509046,1
TSLA,2024-01-12,1,base,xgboost,tuned_optimized_threshold,0.4,0.5140506,1
AAPL,2024-01-16,0,base,xgboost,tuned_optimized_threshold,0.4,0.5949691,1
MSFT,2024-01-16,0,base,xgboost,tuned_optimized_threshold,0.4,0.2663024,0
NVDA,2024-01-16,0,base,xgboost,tuned_optimized_threshold,0.4,0.5352854,1
TSLA,2024-01-16,0,base,xgboost,tuned_optimized_threshold,0.4,0.54586256,1
AAPL,2024-01-17,1,base,xgboost,tuned_optimized_threshold,0.4,0.6252808,1
MSFT,2024-01-17,1,base,xgboost,tuned_optimized_threshold,0.4,0.2532165,0
NVDA,2024-01-17,1,base,xgboost,tuned_optimized_threshold,0.4,0.59273314,1
TSLA,2024-01-17,0,base,xgboost,tuned_optimized_threshold,0.4,0.57435066,1
AAPL,2024-01-18,1,base,xgboost,tuned_optimized_threshold,0.4,0.5188767,1
MSFT,2024-01-18,1,base,xgboost,tuned_optimized_threshold,0.4,0.30010387,0
NVDA,2024-01-18,1,base,xgboost,tuned_optimized_threshold,0.4,0.54623127,1
TSLA,2024-01-18,1,base,xgboost,tuned_optimized_threshold,0.4,0.578139,1
AAPL,2024-01-19,1,base,xgboost,tuned_optimized_threshold,0.4,0.59111065,1
MSFT,2024-01-19,0,base,xgboost,tuned_optimized_threshold,0.4,0.3141257,0
NVDA,2024-01-19,1,base,xgboost,tuned_optimized_threshold,0.4,0.48659322,1
TSLA,2024-01-19,0,base,xgboost,tuned_optimized_threshold,0.4,0.59722126,1
AAPL,2024-01-22,1,base,xgboost,tuned_optimized_threshold,0.4,0.5597079,1
MSFT,2024-01-22,1,base,xgboost,tuned_optimized_threshold,0.4,0.2914194,0
NVDA,2024-01-22,1,base,xgboost,tuned_optimized_threshold,0.4,0.5134294,1
TSLA,2024-01-22,1,base,xgboost,tuned_optimized_threshold,0.4,0.55709827,1
AAPL,2024-01-23,0,base,xgboost,tuned_optimized_threshold,0.4,0.5834228,1
MSFT,2024-01-23,1,base,xgboost,tuned_optimized_threshold,0.4,0.27126268,0
NVDA,2024-01-23,1,base,xgboost,tuned_optimized_threshold,0.4,0.57104707,1
TSLA,2024-01-23,0,base,xgboost,tuned_optimized_threshold,0.4,0.5696653,1
AAPL,2024-01-24,0,base,xgboost,tuned_optimized_threshold,0.4,0.5840108,1
MSFT,2024-01-24,1,base,xgboost,tuned_optimized_threshold,0.4,0.3094035,0
NVDA,2024-01-24,1,base,xgboost,tuned_optimized_threshold,0.4,0.50442857,1
TSLA,2024-01-24,0,base,xgboost,tuned_optimized_threshold,0.4,0.60506403,1
AAPL,2024-01-25,0,base,xgboost,tuned_optimized_threshold,0.4,0.5791852,1
MSFT,2024-01-25,0,base,xgboost,tuned_optimized_threshold,0.4,0.23588337,0
NVDA,2024-01-25,0,base,xgboost,tuned_optimized_threshold,0.4,0.48665622,1
TSLA,2024-01-25,1,base,xgboost,tuned_optimized_threshold,0.4,0.59719604,1
AAPL,2024-01-26,0,base,xgboost,tuned_optimized_threshold,0.4,0.5618091,1
MSFT,2024-01-26,1,base,xgboost,tuned_optimized_threshold,0.4,0.26031718,0
NVDA,2024-01-26,1,base,xgboost,tuned_optimized_threshold,0.4,0.5069448,1
TSLA,2024-01-26,1,base,xgboost,tuned_optimized_threshold,0.4,0.49685574,1
AAPL,2024-01-29,0,base,xgboost,tuned_optimized_threshold,0.4,0.52900505,1
MSFT,2024-01-29,0,base,xgboost,tuned_optimized_threshold,0.4,0.24333991,0
NVDA,2024-01-29,1,base,xgboost,tuned_optimized_threshold,0.4,0.4906584,1
TSLA,2024-01-29,1,base,xgboost,tuned_optimized_threshold,0.4,0.44955763,1
AAPL,2024-01-30,0,base,xgboost,tuned_optimized_threshold,0.4,0.52816755,1
MSFT,2024-01-30,0,base,xgboost,tuned_optimized_threshold,0.4,0.35057253,0
NVDA,2024-01-30,0,base,xgboost,tuned_optimized_threshold,0.4,0.48665622,1
TSLA,2024-01-30,0,base,xgboost,tuned_optimized_threshold,0.4,0.47004947,1
AAPL,2024-01-31,1,base,xgboost,tuned_optimized_threshold,0.4,0.53344786,1
MSFT,2024-01-31,1,base,xgboost,tuned_optimized_threshold,0.4,0.3550699,0
NVDA,2024-01-31,1,base,xgboost,tuned_optimized_threshold,0.4,0.5235285,1
TSLA,2024-01-31,1,base,xgboost,tuned_optimized_threshold,0.4,0.5146348,1
AAPL,2024-02-01,0,base,xgboost,tuned_optimized_threshold,0.4,0.48088732,1
MSFT,2024-02-01,1,base,xgboost,tuned_optimized_threshold,0.4,0.30961177,0
NVDA,2024-02-01,1,base,xgboost,tuned_optimized_threshold,0.4,0.5136152,1
TSLA,2024-02-01,0,base,xgboost,tuned_optimized_threshold,0.4,0.46972257,1
AAPL,2024-02-02,1,base,xgboost,tuned_optimized_threshold,0.4,0.513081,1
MSFT,2024-02-02,0,base,xgboost,tuned_optimized_threshold,0.4,0.28913015,0
NVDA,2024-02-02,1,base,xgboost,tuned_optimized_threshold,0.4,0.48119593,1
TSLA,2024-02-02,0,base,xgboost,tuned_optimized_threshold,0.4,0.515844,1
AAPL,2024-02-05,1,base,xgboost,tuned_optimized_threshold,0.4,0.4764969,1
MSFT,2024-02-05,0,base,xgboost,tuned_optimized_threshold,0.4,0.31382823,0
NVDA,2024-02-05,0,base,xgboost,tuned_optimized_threshold,0.4,0.49023676,1
TSLA,2024-02-05,1,base,xgboost,tuned_optimized_threshold,0.4,0.5419175,1
AAPL,2024-02-06,1,base,xgboost,tuned_optimized_threshold,0.4,0.43396983,1
MSFT,2024-02-06,1,base,xgboost,tuned_optimized_threshold,0.4,0.2927017,0
NVDA,2024-02-06,1,base,xgboost,tuned_optimized_threshold,0.4,0.49681136,1
TSLA,2024-02-06,1,base,xgboost,tuned_optimized_threshold,0.4,0.47437948,1
AAPL,2024-02-07,0,base,xgboost,tuned_optimized_threshold,0.4,0.4213603,1
MSFT,2024-02-07,1,base,xgboost,tuned_optimized_threshold,0.4,0.30441535,0
NVDA,2024-02-07,0,base,xgboost,tuned_optimized_threshold,0.4,0.4960894,1
TSLA,2024-02-07,1,base,xgboost,tuned_optimized_threshold,0.4,0.44753096,1
AAPL,2024-02-08,1,base,xgboost,tuned_optimized_threshold,0.4,0.5537435,1
MSFT,2024-02-08,1,base,xgboost,tuned_optimized_threshold,0.4,0.26825407,0
NVDA,2024-02-08,1,base,xgboost,tuned_optimized_threshold,0.4,0.51608735,1
TSLA,2024-02-08,1,base,xgboost,tuned_optimized_threshold,0.4,0.45350015,1
AAPL,2024-02-09,0,base,xgboost,tuned_optimized_threshold,0.4,0.5026137,1
MSFT,2024-02-09,0,base,xgboost,tuned_optimized_threshold,0.4,0.2836242,0
NVDA,2024-02-09,1,base,xgboost,tuned_optimized_threshold,0.4,0.48767337,1
TSLA,2024-02-09,0,base,xgboost,tuned_optimized_threshold,0.4,0.44080514,1
AAPL,2024-02-12,0,base,xgboost,tuned_optimized_threshold,0.4,0.55983967,1
MSFT,2024-02-12,0,base,xgboost,tuned_optimized_threshold,0.4,0.28217122,0
NVDA,2024-02-12,0,base,xgboost,tuned_optimized_threshold,0.4,0.5101177,1
TSLA,2024-02-12,0,base,xgboost,tuned_optimized_threshold,0.4,0.5016892,1
AAPL,2024-02-13,0,base,xgboost,tuned_optimized_threshold,0.4,0.5836468,1
MSFT,2024-02-13,1,base,xgboost,tuned_optimized_threshold,0.4,0.32022128,0
NVDA,2024-02-13,1,base,xgboost,tuned_optimized_threshold,0.4,0.5209893,1
TSLA,2024-02-13,1,base,xgboost,tuned_optimized_threshold,0.4,0.47520277,1
AAPL,2024-02-14,0,base,xgboost,tuned_optimized_threshold,0.4,0.5873343,1
MSFT,2024-02-14,0,base,xgboost,tuned_optimized_threshold,0.4,0.30494985,0
NVDA,2024-02-14,0,base,xgboost,tuned_optimized_threshold,0.4,0.5075388,1
TSLA,2024-02-14,1,base,xgboost,tuned_optimized_threshold,0.4,0.45092762,1
AAPL,2024-02-15,0,base,xgboost,tuned_optimized_threshold,0.4,0.6022729,1
MSFT,2024-02-15,0,base,xgboost,tuned_optimized_threshold,0.4,0.29623842,0
NVDA,2024-02-15,0,base,xgboost,tuned_optimized_threshold,0.4,0.5380562,1
TSLA,2024-02-15,0,base,xgboost,tuned_optimized_threshold,0.4,0.40090647,1
AAPL,2024-02-16,0,base,xgboost,tuned_optimized_threshold,0.4,0.62196743,1
MSFT,2024-02-16,0,base,xgboost,tuned_optimized_threshold,0.4,0.29484853,0
NVDA,2024-02-16,0,base,xgboost,tuned_optimized_threshold,0.4,0.55599636,1
TSLA,2024-02-16,0,base,xgboost,tuned_optimized_threshold,0.4,0.50745237,1
AAPL,2024-02-20,1,base,xgboost,tuned_optimized_threshold,0.4,0.6291704,1
MSFT,2024-02-20,0,base,xgboost,tuned_optimized_threshold,0.4,0.3161152,0
NVDA,2024-02-20,0,base,xgboost,tuned_optimized_threshold,0.4,0.5583812,1
TSLA,2024-02-20,1,base,xgboost,tuned_optimized_threshold,0.4,0.49205333,1
AAPL,2024-02-21,1,base,xgboost,tuned_optimized_threshold,0.4,0.5918394,1
MSFT,2024-02-21,1,base,xgboost,tuned_optimized_threshold,0.4,0.29115382,0
NVDA,2024-02-21,1,base,xgboost,tuned_optimized_threshold,0.4,0.58013725,1
TSLA,2024-02-21,1,base,xgboost,tuned_optimized_threshold,0.4,0.46219203,1
AAPL,2024-02-22,0,base,xgboost,tuned_optimized_threshold,0.4,0.6039097,1
MSFT,2024-02-22,0,base,xgboost,tuned_optimized_threshold,0.4,0.33756816,0
NVDA,2024-02-22,1,base,xgboost,tuned_optimized_threshold,0.4,0.52178603,1
TSLA,2024-02-22,0,base,xgboost,tuned_optimized_threshold,0.4,0.45771757,1
AAPL,2024-02-23,0,base,xgboost,tuned_optimized_threshold,0.4,0.6498514,1
MSFT,2024-02-23,0,base,xgboost,tuned_optimized_threshold,0.4,0.31546515,0
NVDA,2024-02-23,1,base,xgboost,tuned_optimized_threshold,0.4,0.5564327,1
TSLA,2024-02-23,1,base,xgboost,tuned_optimized_threshold,0.4,0.52802736,1
AAPL,2024-02-26,1,base,xgboost,tuned_optimized_threshold,0.4,0.64121866,1
MSFT,2024-02-26,0,base,xgboost,tuned_optimized_threshold,0.4,0.33370644,0
NVDA,2024-02-26,0,base,xgboost,tuned_optimized_threshold,0.4,0.5674991,1
TSLA,2024-02-26,1,base,xgboost,tuned_optimized_threshold,0.4,0.45627984,1
AAPL,2024-02-27,0,base,xgboost,tuned_optimized_threshold,0.4,0.59998137,1
MSFT,2024-02-27,1,base,xgboost,tuned_optimized_threshold,0.4,0.3360014,0
NVDA,2024-02-27,0,base,xgboost,tuned_optimized_threshold,0.4,0.56228185,1
TSLA,2024-02-27,1,base,xgboost,tuned_optimized_threshold,0.4,0.49474224,1
AAPL,2024-02-28,0,base,xgboost,tuned_optimized_threshold,0.4,0.6202543,1
MSFT,2024-02-28,1,base,xgboost,tuned_optimized_threshold,0.4,0.33197773,0
NVDA,2024-02-28,1,base,xgboost,tuned_optimized_threshold,0.4,0.5238558,1
TSLA,2024-02-28,0,base,xgboost,tuned_optimized_threshold,0.4,0.5017113,1
AAPL,2024-02-29,0,base,xgboost,tuned_optimized_threshold,0.4,0.61816967,1
MSFT,2024-02-29,1,base,xgboost,tuned_optimized_threshold,0.4,0.34835988,0
NVDA,2024-02-29,1,base,xgboost,tuned_optimized_threshold,0.4,0.54108375,1
TSLA,2024-02-29,1,base,xgboost,tuned_optimized_threshold,0.4,0.54417545,1
AAPL,2024-03-01,0,base,xgboost,tuned_optimized_threshold,0.4,0.62303793,1
MSFT,2024-03-01,0,base,xgboost,tuned_optimized_threshold,0.4,0.32156482,0
NVDA,2024-03-01,1,base,xgboost,tuned_optimized_threshold,0.4,0.54061997,1
TSLA,2024-03-01,0,base,xgboost,tuned_optimized_threshold,0.4,0.54504514,1
AAPL,2024-03-04,0,base,xgboost,tuned_optimized_threshold,0.4,0.69005257,1
MSFT,2024-03-04,0,base,xgboost,tuned_optimized_threshold,0.4,0.32194358,0
NVDA,2024-03-04,1,base,xgboost,tuned_optimized_threshold,0.4,0.5048159,1
TSLA,2024-03-04,0,base,xgboost,tuned_optimized_threshold,0.4,0.5845753,1
AAPL,2024-03-05,0,base,xgboost,tuned_optimized_threshold,0.4,0.68665814,1
MSFT,2024-03-05,0,base,xgboost,tuned_optimized_threshold,0.4,0.41716236,1
NVDA,2024-03-05,1,base,xgboost,tuned_optimized_threshold,0.4,0.48093054,1
TSLA,2024-03-05,0,base,xgboost,tuned_optimized_threshold,0.4,0.5385644,1
AAPL,2024-03-06,0,base,xgboost,tuned_optimized_threshold,0.4,0.6764873,1
MSFT,2024-03-06,1,base,xgboost,tuned_optimized_threshold,0.4,0.36609694,0
NVDA,2024-03-06,1,base,xgboost,tuned_optimized_threshold,0.4,0.46735212,1
TSLA,2024-03-06,1,base,xgboost,tuned_optimized_threshold,0.4,0.5402815,1
AAPL,2024-03-07,1,base,xgboost,tuned_optimized_threshold,0.4,0.67444634,1
MSFT,2024-03-07,0,base,xgboost,tuned_optimized_threshold,0.4,0.32425308,0
NVDA,2024-03-07,0,base,xgboost,tuned_optimized_threshold,0.4,0.45585674,1
TSLA,2024-03-07,0,base,xgboost,tuned_optimized_threshold,0.4,0.48408476,1
AAPL,2024-03-08,1,base,xgboost,tuned_optimized_threshold,0.4,0.6198057,1
MSFT,2024-03-08,0,base,xgboost,tuned_optimized_threshold,0.4,0.31143418,0
NVDA,2024-03-08,0,base,xgboost,tuned_optimized_threshold,0.4,0.57046443,1
TSLA,2024-03-08,1,base,xgboost,tuned_optimized_threshold,0.4,0.49372768,1
AAPL,2024-03-11,1,base,xgboost,tuned_optimized_threshold,0.4,0.57558495,1
MSFT,2024-03-11,1,base,xgboost,tuned_optimized_threshold,0.4,0.32443282,0
NVDA,2024-03-11,1,base,xgboost,tuned_optimized_threshold,0.4,0.45727015,1
TSLA,2024-03-11,0,base,xgboost,tuned_optimized_threshold,0.4,0.45932055,1
AAPL,2024-03-12,0,base,xgboost,tuned_optimized_threshold,0.4,0.60038185,1
MSFT,2024-03-12,0,base,xgboost,tuned_optimized_threshold,0.4,0.3231657,0
NVDA,2024-03-12,0,base,xgboost,tuned_optimized_threshold,0.4,0.4994144,1
TSLA,2024-03-12,0,base,xgboost,tuned_optimized_threshold,0.4,0.518398,1
AAPL,2024-03-13,1,base,xgboost,tuned_optimized_threshold,0.4,0.6608374,1
MSFT,2024-03-13,1,base,xgboost,tuned_optimized_threshold,0.4,0.29692885,0
NVDA,2024-03-13,0,base,xgboost,tuned_optimized_threshold,0.4,0.482109,1
TSLA,2024-03-13,0,base,xgboost,tuned_optimized_threshold,0.4,0.53334093,1
AAPL,2024-03-14,0,base,xgboost,tuned_optimized_threshold,0.4,0.58426166,1
MSFT,2024-03-14,0,base,xgboost,tuned_optimized_threshold,0.4,0.30554175,0
NVDA,2024-03-14,0,base,xgboost,tuned_optimized_threshold,0.4,0.52191293,1
TSLA,2024-03-14,1,base,xgboost,tuned_optimized_threshold,0.4,0.5526483,1
AAPL,2024-03-15,1,base,xgboost,tuned_optimized_threshold,0.4,0.6338488,1
MSFT,2024-03-15,1,base,xgboost,tuned_optimized_threshold,0.4,0.3062887,0
NVDA,2024-03-15,1,base,xgboost,tuned_optimized_threshold,0.4,0.5059002,1
TSLA,2024-03-15,1,base,xgboost,tuned_optimized_threshold,0.4,0.4868627,1
AAPL,2024-03-18,1,base,xgboost,tuned_optimized_threshold,0.4,0.5965839,1
MSFT,2024-03-18,1,base,xgboost,tuned_optimized_threshold,0.4,0.3081157,0
NVDA,2024-03-18,1,base,xgboost,tuned_optimized_threshold,0.4,0.49227408,1
TSLA,2024-03-18,0,base,xgboost,tuned_optimized_threshold,0.4,0.3941597,0
AAPL,2024-03-19,1,base,xgboost,tuned_optimized_threshold,0.4,0.59594804,1
MSFT,2024-03-19,1,base,xgboost,tuned_optimized_threshold,0.4,0.32614192,0
NVDA,2024-03-19,1,base,xgboost,tuned_optimized_threshold,0.4,0.49750754,1
TSLA,2024-03-19,1,base,xgboost,tuned_optimized_threshold,0.4,0.49893594,1
AAPL,2024-03-20,0,base,xgboost,tuned_optimized_threshold,0.4,0.5477586,1
MSFT,2024-03-20,1,base,xgboost,tuned_optimized_threshold,0.4,0.32722682,0
NVDA,2024-03-20,1,base,xgboost,tuned_optimized_threshold,0.4,0.503021,1
TSLA,2024-03-20,0,base,xgboost,tuned_optimized_threshold,0.4,0.49463752,1
AAPL,2024-03-21,1,base,xgboost,tuned_optimized_threshold,0.4,0.60843337,1
MSFT,2024-03-21,0,base,xgboost,tuned_optimized_threshold,0.4,0.3031241,0
NVDA,2024-03-21,1,base,xgboost,tuned_optimized_threshold,0.4,0.49354804,1
TSLA,2024-03-21,0,base,xgboost,tuned_optimized_threshold,0.4,0.50612426,1
AAPL,2024-03-22,0,base,xgboost,tuned_optimized_threshold,0.4,0.5684279,1
MSFT,2024-03-22,0,base,xgboost,tuned_optimized_threshold,0.4,0.2960013,0
NVDA,2024-03-22,1,base,xgboost,tuned_optimized_threshold,0.4,0.5134369,1
TSLA,2024-03-22,1,base,xgboost,tuned_optimized_threshold,0.4,0.523,1
AAPL,2024-03-25,0,base,xgboost,tuned_optimized_threshold,0.4,0.60749453,1
MSFT,2024-03-25,0,base,xgboost,tuned_optimized_threshold,0.4,0.33822146,0
NVDA,2024-03-25,0,base,xgboost,tuned_optimized_threshold,0.4,0.52702945,1
TSLA,2024-03-25,1,base,xgboost,tuned_optimized_threshold,0.4,0.48321006,1
AAPL,2024-03-26,1,base,xgboost,tuned_optimized_threshold,0.4,0.60393375,1
MSFT,2024-03-26,0,base,xgboost,tuned_optimized_threshold,0.4,0.32766253,0
NVDA,2024-03-26,0,base,xgboost,tuned_optimized_threshold,0.4,0.55779964,1
TSLA,2024-03-26,1,base,xgboost,tuned_optimized_threshold,0.4,0.46251822,1
AAPL,2024-03-27,0,base,xgboost,tuned_optimized_threshold,0.4,0.5514325,1
MSFT,2024-03-27,0,base,xgboost,tuned_optimized_threshold,0.4,0.32766253,0
NVDA,2024-03-27,1,base,xgboost,tuned_optimized_threshold,0.4,0.5523252,1
TSLA,2024-03-27,0,base,xgboost,tuned_optimized_threshold,0.4,0.49448845,1
AAPL,2024-03-28,0,base,xgboost,tuned_optimized_threshold,0.4,0.6034209,1
MSFT,2024-03-28,1,base,xgboost,tuned_optimized_threshold,0.4,0.33437273,0
NVDA,2024-03-28,1,base,xgboost,tuned_optimized_threshold,0.4,0.523946,1
TSLA,2024-03-28,0,base,xgboost,tuned_optimized_threshold,0.4,0.5265125,1
AAPL,2024-04-01,0,base,xgboost,tuned_optimized_threshold,0.4,0.6151978,1
MSFT,2024-04-01,0,base,xgboost,tuned_optimized_threshold,0.4,0.3224706,0
NVDA,2024-04-01,0,base,xgboost,tuned_optimized_threshold,0.4,0.55138236,1
TSLA,2024-04-01,0,base,xgboost,tuned_optimized_threshold,0.4,0.5318187,1
AAPL,2024-04-02,1,base,xgboost,tuned_optimized_threshold,0.4,0.6098318,1
MSFT,2024-04-02,0,base,xgboost,tuned_optimized_threshold,0.4,0.3253151,0
NVDA,2024-04-02,0,base,xgboost,tuned_optimized_threshold,0.4,0.5644126,1
TSLA,2024-04-02,1,base,xgboost,tuned_optimized_threshold,0.4,0.533877,1
AAPL,2024-04-03,0,base,xgboost,tuned_optimized_threshold,0.4,0.5712138,1
MSFT,2024-04-03,0,base,xgboost,tuned_optimized_threshold,0.4,0.3144867,0
NVDA,2024-04-03,0,base,xgboost,tuned_optimized_threshold,0.4,0.56894743,1
TSLA,2024-04-03,1,base,xgboost,tuned_optimized_threshold,0.4,0.4862994,1
AAPL,2024-04-04,1,base,xgboost,tuned_optimized_threshold,0.4,0.6036165,1
MSFT,2024-04-04,1,base,xgboost,tuned_optimized_threshold,0.4,0.31532323,0
NVDA,2024-04-04,1,base,xgboost,tuned_optimized_threshold,0.4,0.5743961,1
TSLA,2024-04-04,0,base,xgboost,tuned_optimized_threshold,0.4,0.49803615,1
AAPL,2024-04-05,0,base,xgboost,tuned_optimized_threshold,0.4,0.5804959,1
MSFT,2024-04-05,0,base,xgboost,tuned_optimized_threshold,0.4,0.33246553,0
NVDA,2024-04-05,0,base,xgboost,tuned_optimized_threshold,0.4,0.49525002,1
TSLA,2024-04-05,1,base,xgboost,tuned_optimized_threshold,0.4,0.52570236,1
AAPL,2024-04-08,1,base,xgboost,tuned_optimized_threshold,0.4,0.611177,1
MSFT,2024-04-08,1,base,xgboost,tuned_optimized_threshold,0.4,0.3639203,0
NVDA,2024-04-08,0,base,xgboost,tuned_optimized_threshold,0.4,0.5856626,1
TSLA,2024-04-08,1,base,xgboost,tuned_optimized_threshold,0.4,0.44745776,1
AAPL,2024-04-09,0,base,xgboost,tuned_optimized_threshold,0.4,0.5735817,1
MSFT,2024-04-09,0,base,xgboost,tuned_optimized_threshold,0.4,0.36989412,0
NVDA,2024-04-09,1,base,xgboost,tuned_optimized_threshold,0.4,0.5389358,1
TSLA,2024-04-09,0,base,xgboost,tuned_optimized_threshold,0.4,0.4696352,1
AAPL,2024-04-10,1,base,xgboost,tuned_optimized_threshold,0.4,0.6023281,1
MSFT,2024-04-10,1,base,xgboost,tuned_optimized_threshold,0.4,0.3358951,0
NVDA,2024-04-10,1,base,xgboost,tuned_optimized_threshold,0.4,0.51972693,1
TSLA,2024-04-10,1,base,xgboost,tuned_optimized_threshold,0.4,0.52713215,1
AAPL,2024-04-11,1,base,xgboost,tuned_optimized_threshold,0.4,0.52385426,1
MSFT,2024-04-11,0,base,xgboost,tuned_optimized_threshold,0.4,0.32782316,0
NVDA,2024-04-11,0,base,xgboost,tuned_optimized_threshold,0.4,0.5747638,1
TSLA,2024-04-11,0,base,xgboost,tuned_optimized_threshold,0.4,0.5110245,1
AAPL,2024-04-12,0,base,xgboost,tuned_optimized_threshold,0.4,0.589094,1
MSFT,2024-04-12,0,base,xgboost,tuned_optimized_threshold,0.4,0.3277815,0
NVDA,2024-04-12,0,base,xgboost,tuned_optimized_threshold,0.4,0.5805196,1
TSLA,2024-04-12,0,base,xgboost,tuned_optimized_threshold,0.4,0.4928781,1
AAPL,2024-04-15,0,base,xgboost,tuned_optimized_threshold,0.4,0.5648314,1
MSFT,2024-04-15,1,base,xgboost,tuned_optimized_threshold,0.4,0.3779652,0
NVDA,2024-04-15,1,base,xgboost,tuned_optimized_threshold,0.4,0.6043564,1
TSLA,2024-04-15,0,base,xgboost,tuned_optimized_threshold,0.4,0.53647995,1
AAPL,2024-04-16,0,base,xgboost,tuned_optimized_threshold,0.4,0.57933944,1
MSFT,2024-04-16,0,base,xgboost,tuned_optimized_threshold,0.4,0.30970076,0
NVDA,2024-04-16,0,base,xgboost,tuned_optimized_threshold,0.4,0.5447118,1
TSLA,2024-04-16,0,base,xgboost,tuned_optimized_threshold,0.4,0.5383743,1
AAPL,2024-04-17,0,base,xgboost,tuned_optimized_threshold,0.4,0.6011127,1
MSFT,2024-04-17,0,base,xgboost,tuned_optimized_threshold,0.4,0.30726218,0
NVDA,2024-04-17,1,base,xgboost,tuned_optimized_threshold,0.4,0.618479,1
TSLA,2024-04-17,0,base,xgboost,tuned_optimized_threshold,0.4,0.52543634,1
AAPL,2024-04-18,0,base,xgboost,tuned_optimized_threshold,0.4,0.6136021,1
MSFT,2024-04-18,0,base,xgboost,tuned_optimized_threshold,0.4,0.2887525,0
NVDA,2024-04-18,0,base,xgboost,tuned_optimized_threshold,0.4,0.58345574,1
TSLA,2024-04-18,0,base,xgboost,tuned_optimized_threshold,0.4,0.51268655,1
AAPL,2024-04-19,1,base,xgboost,tuned_optimized_threshold,0.4,0.58667594,1
MSFT,2024-04-19,1,base,xgboost,tuned_optimized_threshold,0.4,0.35185936,0
NVDA,2024-04-19,1,base,xgboost,tuned_optimized_threshold,0.4,0.5737709,1
TSLA,2024-04-19,0,base,xgboost,tuned_optimized_threshold,0.4,0.54215014,1
AAPL,2024-04-22,1,base,xgboost,tuned_optimized_threshold,0.4,0.56967455,1
MSFT,2024-04-22,1,base,xgboost,tuned_optimized_threshold,0.4,0.26861492,0
NVDA,2024-04-22,1,base,xgboost,tuned_optimized_threshold,0.4,0.4751758,1
TSLA,2024-04-22,1,base,xgboost,tuned_optimized_threshold,0.4,0.5536638,1
AAPL,2024-04-23,1,base,xgboost,tuned_optimized_threshold,0.4,0.57219744,1
MSFT,2024-04-23,1,base,xgboost,tuned_optimized_threshold,0.4,0.36962304,0
NVDA,2024-04-23,0,base,xgboost,tuned_optimized_threshold,0.4,0.47571078,1
TSLA,2024-04-23,1,base,xgboost,tuned_optimized_threshold,0.4,0.5078022,1
AAPL,2024-04-24,1,base,xgboost,tuned_optimized_threshold,0.4,0.57219744,1
MSFT,2024-04-24,0,base,xgboost,tuned_optimized_threshold,0.4,0.39909685,0
NVDA,2024-04-24,1,base,xgboost,tuned_optimized_threshold,0.4,0.5273942,1
TSLA,2024-04-24,1,base,xgboost,tuned_optimized_threshold,0.4,0.41446772,1
AAPL,2024-04-25,0,base,xgboost,tuned_optimized_threshold,0.4,0.58247817,1
MSFT,2024-04-25,1,base,xgboost,tuned_optimized_threshold,0.4,0.45537248,1
NVDA,2024-04-25,1,base,xgboost,tuned_optimized_threshold,0.4,0.51713526,1
TSLA,2024-04-25,0,base,xgboost,tuned_optimized_threshold,0.4,0.43767342,1
AAPL,2024-04-26,1,base,xgboost,tuned_optimized_threshold,0.4,0.62353534,1
MSFT,2024-04-26,0,base,xgboost,tuned_optimized_threshold,0.4,0.3763301,0
NVDA,2024-04-26,1,base,xgboost,tuned_optimized_threshold,0.4,0.47695455,1
TSLA,2024-04-26,1,base,xgboost,tuned_optimized_threshold,0.4,0.5001169,1
AAPL,2024-04-29,0,base,xgboost,tuned_optimized_threshold,0.4,0.5727441,1
MSFT,2024-04-29,0,base,xgboost,tuned_optimized_threshold,0.4,0.35466453,0
NVDA,2024-04-29,0,base,xgboost,tuned_optimized_threshold,0.4,0.5711516,1
TSLA,2024-04-29,0,base,xgboost,tuned_optimized_threshold,0.4,0.45450342,1
AAPL,2024-04-30,0,base,xgboost,tuned_optimized_threshold,0.4,0.5850347,1
MSFT,2024-04-30,1,base,xgboost,tuned_optimized_threshold,0.4,0.43692762,1
NVDA,2024-04-30,0,base,xgboost,tuned_optimized_threshold,0.4,0.53615093,1
TSLA,2024-04-30,0,base,xgboost,tuned_optimized_threshold,0.4,0.61432666,1
AAPL,2024-05-01,1,base,xgboost,tuned_optimized_threshold,0.4,0.60671335,1
MSFT,2024-05-01,1,base,xgboost,tuned_optimized_threshold,0.4,0.3892694,0
NVDA,2024-05-01,1,base,xgboost,tuned_optimized_threshold,0.4,0.5913212,1
TSLA,2024-05-01,1,base,xgboost,tuned_optimized_threshold,0.4,0.55099493,1
AAPL,2024-05-02,1,base,xgboost,tuned_optimized_threshold,0.4,0.5499131,1
MSFT,2024-05-02,1,base,xgboost,tuned_optimized_threshold,0.4,0.32218564,0
NVDA,2024-05-02,1,base,xgboost,tuned_optimized_threshold,0.4,0.49249312,1
TSLA,2024-05-02,1,base,xgboost,tuned_optimized_threshold,0.4,0.56747323,1
AAPL,2024-05-03,0,base,xgboost,tuned_optimized_threshold,0.4,0.50915223,1
MSFT,2024-05-03,1,base,xgboost,tuned_optimized_threshold,0.4,0.319746,0
NVDA,2024-05-03,1,base,xgboost,tuned_optimized_threshold,0.4,0.5343995,1
TSLA,2024-05-03,1,base,xgboost,tuned_optimized_threshold,0.4,0.54797316,1
AAPL,2024-05-06,1,base,xgboost,tuned_optimized_threshold,0.4,0.5811274,1
MSFT,2024-05-06,0,base,xgboost,tuned_optimized_threshold,0.4,0.3024261,0
NVDA,2024-05-06,0,base,xgboost,tuned_optimized_threshold,0.4,0.5073879,1
TSLA,2024-05-06,0,base,xgboost,tuned_optimized_threshold,0.4,0.5430301,1
AAPL,2024-05-07,1,base,xgboost,tuned_optimized_threshold,0.4,0.5161327,1
MSFT,2024-05-07,1,base,xgboost,tuned_optimized_threshold,0.4,0.31807384,0
NVDA,2024-05-07,0,base,xgboost,tuned_optimized_threshold,0.4,0.55219096,1
TSLA,2024-05-07,0,base,xgboost,tuned_optimized_threshold,0.4,0.545136,1
AAPL,2024-05-08,1,base,xgboost,tuned_optimized_threshold,0.4,0.52995485,1
MSFT,2024-05-08,1,base,xgboost,tuned_optimized_threshold,0.4,0.3373013,0
NVDA,2024-05-08,0,base,xgboost,tuned_optimized_threshold,0.4,0.5656401,1
TSLA,2024-05-08,0,base,xgboost,tuned_optimized_threshold,0.4,0.47065678,1
AAPL,2024-05-09,0,base,xgboost,tuned_optimized_threshold,0.4,0.4993458,1
MSFT,2024-05-09,1,base,xgboost,tuned_optimized_threshold,0.4,0.32186794,0
NVDA,2024-05-09,1,base,xgboost,tuned_optimized_threshold,0.4,0.50907934,1
TSLA,2024-05-09,0,base,xgboost,tuned_optimized_threshold,0.4,0.47359037,1
AAPL,2024-05-10,1,base,xgboost,tuned_optimized_threshold,0.4,0.5399442,1
MSFT,2024-05-10,0,base,xgboost,tuned_optimized_threshold,0.4,0.3379614,0
NVDA,2024-05-10,1,base,xgboost,tuned_optimized_threshold,0.4,0.5317981,1
TSLA,2024-05-10,1,base,xgboost,tuned_optimized_threshold,0.4,0.49468365,1
AAPL,2024-05-13,1,base,xgboost,tuned_optimized_threshold,0.4,0.49580044,1
MSFT,2024-05-13,1,base,xgboost,tuned_optimized_threshold,0.4,0.32517016,0
NVDA,2024-05-13,1,base,xgboost,tuned_optimized_threshold,0.4,0.53963906,1
TSLA,2024-05-13,1,base,xgboost,tuned_optimized_threshold,0.4,0.4912082,1
AAPL,2024-05-14,1,base,xgboost,tuned_optimized_threshold,0.4,0.5004044,1
MSFT,2024-05-14,1,base,xgboost,tuned_optimized_threshold,0.4,0.34495047,0
NVDA,2024-05-14,1,base,xgboost,tuned_optimized_threshold,0.4,0.5558099,1
TSLA,2024-05-14,0,base,xgboost,tuned_optimized_threshold,0.4,0.47630277,1
AAPL,2024-05-15,1,base,xgboost,tuned_optimized_threshold,0.4,0.5165459,1
MSFT,2024-05-15,0,base,xgboost,tuned_optimized_threshold,0.4,0.36888483,0
NVDA,2024-05-15,0,base,xgboost,tuned_optimized_threshold,0.4,0.5447679,1
TSLA,2024-05-15,1,base,xgboost,tuned_optimized_threshold,0.4,0.46213856,1
AAPL,2024-05-16,1,base,xgboost,tuned_optimized_threshold,0.4,0.5070824,1
MSFT,2024-05-16,0,base,xgboost,tuned_optimized_threshold,0.4,0.3246691,0
NVDA,2024-05-16,0,base,xgboost,tuned_optimized_threshold,0.4,0.58152956,1
TSLA,2024-05-16,1,base,xgboost,tuned_optimized_threshold,0.4,0.460352,1
AAPL,2024-05-17,1,base,xgboost,tuned_optimized_threshold,0.4,0.5494616,1
MSFT,2024-05-17,1,base,xgboost,tuned_optimized_threshold,0.4,0.33605242,0
NVDA,2024-05-17,1,base,xgboost,tuned_optimized_threshold,0.4,0.5483023,1
TSLA,2024-05-17,0,base,xgboost,tuned_optimized_threshold,0.4,0.48738536,1
AAPL,2024-05-20,1,base,xgboost,tuned_optimized_threshold,0.4,0.5303758,1
MSFT,2024-05-20,1,base,xgboost,tuned_optimized_threshold,0.4,0.34599182,0
NVDA,2024-05-20,1,base,xgboost,tuned_optimized_threshold,0.4,0.57026964,1
TSLA,2024-05-20,1,base,xgboost,tuned_optimized_threshold,0.4,0.47843698,1
AAPL,2024-05-21,0,base,xgboost,tuned_optimized_threshold,0.4,0.5303758,1
MSFT,2024-05-21,1,base,xgboost,tuned_optimized_threshold,0.4,0.28133258,0
NVDA,2024-05-21,0,base,xgboost,tuned_optimized_threshold,0.4,0.55479276,1
TSLA,2024-05-21,0,base,xgboost,tuned_optimized_threshold,0.4,0.45010042,1
AAPL,2024-05-22,0,base,xgboost,tuned_optimized_threshold,0.4,0.52034986,1
MSFT,2024-05-22,0,base,xgboost,tuned_optimized_threshold,0.4,0.28162596,0
NVDA,2024-05-22,1,base,xgboost,tuned_optimized_threshold,0.4,0.57933825,1
TSLA,2024-05-22,0,base,xgboost,tuned_optimized_threshold,0.4,0.54438597,1
AAPL,2024-05-23,1,base,xgboost,tuned_optimized_threshold,0.4,0.5100666,1
MSFT,2024-05-23,1,base,xgboost,tuned_optimized_threshold,0.4,0.2952854,0
NVDA,2024-05-23,1,base,xgboost,tuned_optimized_threshold,0.4,0.49894676,1
TSLA,2024-05-23,1,base,xgboost,tuned_optimized_threshold,0.4,0.5544627,1
AAPL,2024-05-24,1,base,xgboost,tuned_optimized_threshold,0.4,0.52926433,1
MSFT,2024-05-24,1,base,xgboost,tuned_optimized_threshold,0.4,0.32123482,0
NVDA,2024-05-24,1,base,xgboost,tuned_optimized_threshold,0.4,0.5289992,1
TSLA,2024-05-24,0,base,xgboost,tuned_optimized_threshold,0.4,0.44485152,1
AAPL,2024-05-28,1,base,xgboost,tuned_optimized_threshold,0.4,0.5370417,1
MSFT,2024-05-28,0,base,xgboost,tuned_optimized_threshold,0.4,0.3297142,0
NVDA,2024-05-28,1,base,xgboost,tuned_optimized_threshold,0.4,0.4799243,1
TSLA,2024-05-28,0,base,xgboost,tuned_optimized_threshold,0.4,0.478113,1
AAPL,2024-05-29,1,base,xgboost,tuned_optimized_threshold,0.4,0.5210564,1
MSFT,2024-05-29,0,base,xgboost,tuned_optimized_threshold,0.4,0.3760217,0
NVDA,2024-05-29,0,base,xgboost,tuned_optimized_threshold,0.4,0.48270458,1
TSLA,2024-05-29,1,base,xgboost,tuned_optimized_threshold,0.4,0.5025696,1
AAPL,2024-05-30,1,base,xgboost,tuned_optimized_threshold,0.4,0.5160818,1
MSFT,2024-05-30,1,base,xgboost,tuned_optimized_threshold,0.4,0.4194791,1
NVDA,2024-05-30,0,base,xgboost,tuned_optimized_threshold,0.4,0.54874676,1
TSLA,2024-05-30,0,base,xgboost,tuned_optimized_threshold,0.4,0.4647768,1
AAPL,2024-05-31,1,base,xgboost,tuned_optimized_threshold,0.4,0.5290865,1
MSFT,2024-05-31,0,base,xgboost,tuned_optimized_threshold,0.4,0.3573569,0
NVDA,2024-05-31,1,base,xgboost,tuned_optimized_threshold,0.4,0.53972197,1
TSLA,2024-05-31,0,base,xgboost,tuned_optimized_threshold,0.4,0.5081051,1
AAPL,2024-06-03,1,base,xgboost,tuned_optimized_threshold,0.4,0.48809645,1
MSFT,2024-06-03,1,base,xgboost,tuned_optimized_threshold,0.4,0.35638946,0
NVDA,2024-06-03,1,base,xgboost,tuned_optimized_threshold,0.4,0.5162772,1
TSLA,2024-06-03,0,base,xgboost,tuned_optimized_threshold,0.4,0.5076897,1
AAPL,2024-06-04,1,base,xgboost,tuned_optimized_threshold,0.4,0.5054246,1
MSFT,2024-06-04,1,base,xgboost,tuned_optimized_threshold,0.4,0.32997948,0
NVDA,2024-06-04,1,base,xgboost,tuned_optimized_threshold,0.4,0.5297002,1
TSLA,2024-06-04,1,base,xgboost,tuned_optimized_threshold,0.4,0.5070564,1
AAPL,2024-06-05,0,base,xgboost,tuned_optimized_threshold,0.4,0.5202943,1
MSFT,2024-06-05,1,base,xgboost,tuned_optimized_threshold,0.4,0.3009002,0
NVDA,2024-06-05,0,base,xgboost,tuned_optimized_threshold,0.4,0.48322877,1
TSLA,2024-06-05,1,base,xgboost,tuned_optimized_threshold,0.4,0.5215587,1
AAPL,2024-06-06,1,base,xgboost,tuned_optimized_threshold,0.4,0.5207386,1
MSFT,2024-06-06,0,base,xgboost,tuned_optimized_threshold,0.4,0.3113743,0
NVDA,2024-06-06,0,base,xgboost,tuned_optimized_threshold,0.4,0.530047,1
TSLA,2024-06-06,0,base,xgboost,tuned_optimized_threshold,0.4,0.4991362,1
AAPL,2024-06-07,0,base,xgboost,tuned_optimized_threshold,0.4,0.50859696,1
MSFT,2024-06-07,1,base,xgboost,tuned_optimized_threshold,0.4,0.32273138,0
NVDA,2024-06-07,1,base,xgboost,tuned_optimized_threshold,0.4,0.540563,1
TSLA,2024-06-07,0,base,xgboost,tuned_optimized_threshold,0.4,0.5234417,1
AAPL,2024-06-10,1,base,xgboost,tuned_optimized_threshold,0.4,0.535468,1
MSFT,2024-06-10,1,base,xgboost,tuned_optimized_threshold,0.4,0.33869225,0
NVDA,2024-06-10,0,base,xgboost,tuned_optimized_threshold,0.4,0.5687485,1
TSLA,2024-06-10,0,base,xgboost,tuned_optimized_threshold,0.4,0.4920044,1
AAPL,2024-06-11,1,base,xgboost,tuned_optimized_threshold,0.4,0.5553865,1
MSFT,2024-06-11,1,base,xgboost,tuned_optimized_threshold,0.4,0.33654422,0
NVDA,2024-06-11,1,base,xgboost,tuned_optimized_threshold,0.4,0.5354208,1
TSLA,2024-06-11,1,base,xgboost,tuned_optimized_threshold,0.4,0.49952325,1
AAPL,2024-06-12,1,base,xgboost,tuned_optimized_threshold,0.4,0.50335145,1
MSFT,2024-06-12,1,base,xgboost,tuned_optimized_threshold,0.4,0.30108505,0
NVDA,2024-06-12,1,base,xgboost,tuned_optimized_threshold,0.4,0.5373002,1
TSLA,2024-06-12,1,base,xgboost,tuned_optimized_threshold,0.4,0.47868395,1
AAPL,2024-06-13,0,base,xgboost,tuned_optimized_threshold,0.4,0.49655443,1
MSFT,2024-06-13,1,base,xgboost,tuned_optimized_threshold,0.4,0.3263267,0
NVDA,2024-06-13,1,base,xgboost,tuned_optimized_threshold,0.4,0.4594777,1
TSLA,2024-06-13,0,base,xgboost,tuned_optimized_threshold,0.4,0.5085844,1
AAPL,2024-06-14,1,base,xgboost,tuned_optimized_threshold,0.4,0.5141405,1
MSFT,2024-06-14,1,base,xgboost,tuned_optimized_threshold,0.4,0.32320645,0
NVDA,2024-06-14,0,base,xgboost,tuned_optimized_threshold,0.4,0.58238965,1
TSLA,2024-06-14,1,base,xgboost,tuned_optimized_threshold,0.4,0.49086845,1
AAPL,2024-06-17,0,base,xgboost,tuned_optimized_threshold,0.4,0.52739275,1
MSFT,2024-06-17,0,base,xgboost,tuned_optimized_threshold,0.4,0.28521642,0
NVDA,2024-06-17,1,base,xgboost,tuned_optimized_threshold,0.4,0.58722323,1
TSLA,2024-06-17,0,base,xgboost,tuned_optimized_threshold,0.4,0.44482076,1
AAPL,2024-06-18,0,base,xgboost,tuned_optimized_threshold,0.4,0.5198551,1
MSFT,2024-06-18,0,base,xgboost,tuned_optimized_threshold,0.4,0.26467884,0
NVDA,2024-06-18,0,base,xgboost,tuned_optimized_threshold,0.4,0.5827135,1
TSLA,2024-06-18,0,base,xgboost,tuned_optimized_threshold,0.4,0.54517156,1
AAPL,2024-06-20,0,base,xgboost,tuned_optimized_threshold,0.4,0.4866237,1
MSFT,2024-06-20,1,base,xgboost,tuned_optimized_threshold,0.4,0.2598543,0
NVDA,2024-06-20,0,base,xgboost,tuned_optimized_threshold,0.4,0.61903906,1
TSLA,2024-06-20,1,base,xgboost,tuned_optimized_threshold,0.4,0.5351194,1
AAPL,2024-06-21,1,base,xgboost,tuned_optimized_threshold,0.4,0.5364913,1
MSFT,2024-06-21,0,base,xgboost,tuned_optimized_threshold,0.4,0.29159895,0
NVDA,2024-06-21,0,base,xgboost,tuned_optimized_threshold,0.4,0.5501889,1
TSLA,2024-06-21,0,base,xgboost,tuned_optimized_threshold,0.4,0.5060988,1
AAPL,2024-06-24,1,base,xgboost,tuned_optimized_threshold,0.4,0.5193547,1
MSFT,2024-06-24,1,base,xgboost,tuned_optimized_threshold,0.4,0.3130178,0
NVDA,2024-06-24,1,base,xgboost,tuned_optimized_threshold,0.4,0.5841992,1
TSLA,2024-06-24,1,base,xgboost,tuned_optimized_threshold,0.4,0.5377567,1
AAPL,2024-06-25,1,base,xgboost,tuned_optimized_threshold,0.4,0.4852573,1
MSFT,2024-06-25,1,base,xgboost,tuned_optimized_threshold,0.4,0.26379743,0
NVDA,2024-06-25,1,base,xgboost,tuned_optimized_threshold,0.4,0.46894923,1
TSLA,2024-06-25,1,base,xgboost,tuned_optimized_threshold,0.4,0.5553926,1
AAPL,2024-06-26,1,base,xgboost,tuned_optimized_threshold,0.4,0.48501697,1
MSFT,2024-06-26,1,base,xgboost,tuned_optimized_threshold,0.4,0.2712215,0
NVDA,2024-06-26,0,base,xgboost,tuned_optimized_threshold,0.4,0.52466214,1
TSLA,2024-06-26,1,base,xgboost,tuned_optimized_threshold,0.4,0.48167288,1
AAPL,2024-06-27,0,base,xgboost,tuned_optimized_threshold,0.4,0.48589826,1
MSFT,2024-06-27,0,base,xgboost,tuned_optimized_threshold,0.4,0.3032825,0
NVDA,2024-06-27,0,base,xgboost,tuned_optimized_threshold,0.4,0.53072685,1
TSLA,2024-06-27,1,base,xgboost,tuned_optimized_threshold,0.4,0.4925983,1
AAPL,2024-06-28,1,base,xgboost,tuned_optimized_threshold,0.4,0.51870346,1
MSFT,2024-06-28,1,base,xgboost,tuned_optimized_threshold,0.4,0.3076228,0
NVDA,2024-06-28,1,base,xgboost,tuned_optimized_threshold,0.4,0.5535474,1
TSLA,2024-06-28,1,base,xgboost,tuned_optimized_threshold,0.4,0.5215699,1
AAPL,2024-07-01,1,base,xgboost,tuned_optimized_threshold,0.4,0.4821047,1
MSFT,2024-07-01,1,base,xgboost,tuned_optimized_threshold,0.4,0.26729524,0
NVDA,2024-07-01,0,base,xgboost,tuned_optimized_threshold,0.4,0.53794205,1
TSLA,2024-07-01,1,base,xgboost,tuned_optimized_threshold,0.4,0.5084284,1
AAPL,2024-07-02,1,base,xgboost,tuned_optimized_threshold,0.4,0.47857434,1
MSFT,2024-07-02,1,base,xgboost,tuned_optimized_threshold,0.4,0.30734864,0
NVDA,2024-07-02,1,base,xgboost,tuned_optimized_threshold,0.4,0.49833545,1
TSLA,2024-07-02,1,base,xgboost,tuned_optimized_threshold,0.4,0.57483697,1
AAPL,2024-07-03,1,base,xgboost,tuned_optimized_threshold,0.4,0.51417464,1
MSFT,2024-07-03,1,base,xgboost,tuned_optimized_threshold,0.4,0.38905346,0
NVDA,2024-07-03,0,base,xgboost,tuned_optimized_threshold,0.4,0.5157592,1
TSLA,2024-07-03,1,base,xgboost,tuned_optimized_threshold,0.4,0.5990155,1
AAPL,2024-07-05,1,base,xgboost,tuned_optimized_threshold,0.4,0.5288757,1
MSFT,2024-07-05,0,base,xgboost,tuned_optimized_threshold,0.4,0.40210584,1
NVDA,2024-07-05,1,base,xgboost,tuned_optimized_threshold,0.4,0.5284104,1
TSLA,2024-07-05,1,base,xgboost,tuned_optimized_threshold,0.4,0.6368496,1
AAPL,2024-07-08,1,base,xgboost,tuned_optimized_threshold,0.4,0.5229644,1
MSFT,2024-07-08,0,base,xgboost,tuned_optimized_threshold,0.4,0.38414583,0
NVDA,2024-07-08,1,base,xgboost,tuned_optimized_threshold,0.4,0.5334372,1
TSLA,2024-07-08,1,base,xgboost,tuned_optimized_threshold,0.4,0.5258334,1
AAPL,2024-07-09,1,base,xgboost,tuned_optimized_threshold,0.4,0.5386173,1
MSFT,2024-07-09,1,base,xgboost,tuned_optimized_threshold,0.4,0.36631584,0
NVDA,2024-07-09,1,base,xgboost,tuned_optimized_threshold,0.4,0.52504665,1
TSLA,2024-07-09,1,base,xgboost,tuned_optimized_threshold,0.4,0.54310286,1
AAPL,2024-07-10,0,base,xgboost,tuned_optimized_threshold,0.4,0.4927833,1
MSFT,2024-07-10,0,base,xgboost,tuned_optimized_threshold,0.4,0.37403652,0
NVDA,2024-07-10,0,base,xgboost,tuned_optimized_threshold,0.4,0.5157356,1
TSLA,2024-07-10,0,base,xgboost,tuned_optimized_threshold,0.4,0.57247275,1
AAPL,2024-07-11,1,base,xgboost,tuned_optimized_threshold,0.4,0.52073526,1
MSFT,2024-07-11,0,base,xgboost,tuned_optimized_threshold,0.4,0.3374338,0
NVDA,2024-07-11,1,base,xgboost,tuned_optimized_threshold,0.4,0.61315763,1
TSLA,2024-07-11,1,base,xgboost,tuned_optimized_threshold,0.4,0.5791927,1
AAPL,2024-07-12,1,base,xgboost,tuned_optimized_threshold,0.4,0.5035408,1
MSFT,2024-07-12,1,base,xgboost,tuned_optimized_threshold,0.4,0.28818026,0
NVDA,2024-07-12,0,base,xgboost,tuned_optimized_threshold,0.4,0.58083117,1
TSLA,2024-07-12,1,base,xgboost,tuned_optimized_threshold,0.4,0.5252156,1
AAPL,2024-07-15,1,base,xgboost,tuned_optimized_threshold,0.4,0.5342515,1
MSFT,2024-07-15,0,base,xgboost,tuned_optimized_threshold,0.4,0.30133367,0
NVDA,2024-07-15,0,base,xgboost,tuned_optimized_threshold,0.4,0.58657384,1
TSLA,2024-07-15,1,base,xgboost,tuned_optimized_threshold,0.4,0.52777386,1
AAPL,2024-07-16,0,base,xgboost,tuned_optimized_threshold,0.4,0.54060715,1
MSFT,2024-07-16,0,base,xgboost,tuned_optimized_threshold,0.4,0.2927292,0
NVDA,2024-07-16,0,base,xgboost,tuned_optimized_threshold,0.4,0.5296566,1
TSLA,2024-07-16,0,base,xgboost,tuned_optimized_threshold,0.4,0.5599013,1
AAPL,2024-07-17,0,base,xgboost,tuned_optimized_threshold,0.4,0.5544925,1
MSFT,2024-07-17,0,base,xgboost,tuned_optimized_threshold,0.4,0.33128574,0
NVDA,2024-07-17,1,base,xgboost,tuned_optimized_threshold,0.4,0.6526822,1
TSLA,2024-07-17,1,base,xgboost,tuned_optimized_threshold,0.4,0.5379251,1
AAPL,2024-07-18,1,base,xgboost,tuned_optimized_threshold,0.4,0.4922401,1
MSFT,2024-07-18,0,base,xgboost,tuned_optimized_threshold,0.4,0.33601132,0
NVDA,2024-07-18,0,base,xgboost,tuned_optimized_threshold,0.4,0.536566,1
TSLA,2024-07-18,0,base,xgboost,tuned_optimized_threshold,0.4,0.52341115,1
AAPL,2024-07-19,0,base,xgboost,tuned_optimized_threshold,0.4,0.52419674,1
MSFT,2024-07-19,1,base,xgboost,tuned_optimized_threshold,0.4,0.3666871,0
NVDA,2024-07-19,1,base,xgboost,tuned_optimized_threshold,0.4,0.5964759,1
TSLA,2024-07-19,1,base,xgboost,tuned_optimized_threshold,0.4,0.55708677,1
AAPL,2024-07-22,1,base,xgboost,tuned_optimized_threshold,0.4,0.5570277,1
MSFT,2024-07-22,1,base,xgboost,tuned_optimized_threshold,0.4,0.35721824,0
NVDA,2024-07-22,0,base,xgboost,tuned_optimized_threshold,0.4,0.46476868,1
TSLA,2024-07-22,0,base,xgboost,tuned_optimized_threshold,0.4,0.6421624,1
AAPL,2024-07-23,0,base,xgboost,tuned_optimized_threshold,0.4,0.54760116,1
MSFT,2024-07-23,0,base,xgboost,tuned_optimized_threshold,0.4,0.3482095,0
NVDA,2024-07-23,0,base,xgboost,tuned_optimized_threshold,0.4,0.5594784,1
TSLA,2024-07-23,0,base,xgboost,tuned_optimized_threshold,0.4,0.59839386,1
AAPL,2024-07-24,0,base,xgboost,tuned_optimized_threshold,0.4,0.52941453,1
MSFT,2024-07-24,0,base,xgboost,tuned_optimized_threshold,0.4,0.35072365,0
NVDA,2024-07-24,0,base,xgboost,tuned_optimized_threshold,0.4,0.6171385,1
TSLA,2024-07-24,1,base,xgboost,tuned_optimized_threshold,0.4,0.7099209,1
AAPL,2024-07-25,1,base,xgboost,tuned_optimized_threshold,0.4,0.54476094,1
MSFT,2024-07-25,1,base,xgboost,tuned_optimized_threshold,0.4,0.37778425,0
NVDA,2024-07-25,1,base,xgboost,tuned_optimized_threshold,0.4,0.5356296,1
TSLA,2024-07-25,0,base,xgboost,tuned_optimized_threshold,0.4,0.592446,1
AAPL,2024-07-26,1,base,xgboost,tuned_optimized_threshold,0.4,0.56666803,1
MSFT,2024-07-26,1,base,xgboost,tuned_optimized_threshold,0.4,0.28687936,0
NVDA,2024-07-26,0,base,xgboost,tuned_optimized_threshold,0.4,0.51247126,1
TSLA,2024-07-26,1,base,xgboost,tuned_optimized_threshold,0.4,0.4880592,1
AAPL,2024-07-29,1,base,xgboost,tuned_optimized_threshold,0.4,0.54756594,1
MSFT,2024-07-29,0,base,xgboost,tuned_optimized_threshold,0.4,0.3635572,0
NVDA,2024-07-29,0,base,xgboost,tuned_optimized_threshold,0.4,0.49400708,1
TSLA,2024-07-29,0,base,xgboost,tuned_optimized_threshold,0.4,0.41706166,1
AAPL,2024-07-30,1,base,xgboost,tuned_optimized_threshold,0.4,0.58062303,1
MSFT,2024-07-30,0,base,xgboost,tuned_optimized_threshold,0.4,0.39383024,0
NVDA,2024-07-30,1,base,xgboost,tuned_optimized_threshold,0.4,0.596259,1
TSLA,2024-07-30,1,base,xgboost,tuned_optimized_threshold,0.4,0.5204383,1
AAPL,2024-07-31,0,base,xgboost,tuned_optimized_threshold,0.4,0.5387419,1
MSFT,2024-07-31,0,base,xgboost,tuned_optimized_threshold,0.4,0.39908075,0
NVDA,2024-07-31,0,base,xgboost,tuned_optimized_threshold,0.4,0.45776153,1
TSLA,2024-07-31,0,base,xgboost,tuned_optimized_threshold,0.4,0.43301272,1
AAPL,2024-08-01,1,base,xgboost,tuned_optimized_threshold,0.4,0.55132365,1
MSFT,2024-08-01,0,base,xgboost,tuned_optimized_threshold,0.4,0.39160982,0
NVDA,2024-08-01,0,base,xgboost,tuned_optimized_threshold,0.4,0.5987894,1
TSLA,2024-08-01,0,base,xgboost,tuned_optimized_threshold,0.4,0.5830819,1
AAPL,2024-08-02,0,base,xgboost,tuned_optimized_threshold,0.4,0.50844294,1
MSFT,2024-08-02,0,base,xgboost,tuned_optimized_threshold,0.4,0.3956905,0
NVDA,2024-08-02,0,base,xgboost,tuned_optimized_threshold,0.4,0.5475693,1
TSLA,2024-08-02,0,base,xgboost,tuned_optimized_threshold,0.4,0.5338982,1
AAPL,2024-08-05,0,base,xgboost,tuned_optimized_threshold,0.4,0.6402508,1
MSFT,2024-08-05,1,base,xgboost,tuned_optimized_threshold,0.4,0.4790616,1
NVDA,2024-08-05,1,base,xgboost,tuned_optimized_threshold,0.4,0.57605165,1
TSLA,2024-08-05,1,base,xgboost,tuned_optimized_threshold,0.4,0.50763535,1
AAPL,2024-08-06,1,base,xgboost,tuned_optimized_threshold,0.4,0.51296103,1
MSFT,2024-08-06,0,base,xgboost,tuned_optimized_threshold,0.4,0.4324648,1
NVDA,2024-08-06,0,base,xgboost,tuned_optimized_threshold,0.4,0.5039919,1
TSLA,2024-08-06,0,base,xgboost,tuned_optimized_threshold,0.4,0.45318127,1
AAPL,2024-08-07,1,base,xgboost,tuned_optimized_threshold,0.4,0.48064473,1
MSFT,2024-08-07,1,base,xgboost,tuned_optimized_threshold,0.4,0.37124592,0
NVDA,2024-08-07,1,base,xgboost,tuned_optimized_threshold,0.4,0.5727092,1
TSLA,2024-08-07,1,base,xgboost,tuned_optimized_threshold,0.4,0.45521408,1
AAPL,2024-08-08,1,base,xgboost,tuned_optimized_threshold,0.4,0.47745124,1
MSFT,2024-08-08,1,base,xgboost,tuned_optimized_threshold,0.4,0.332492,0
NVDA,2024-08-08,0,base,xgboost,tuned_optimized_threshold,0.4,0.4420978,1
TSLA,2024-08-08,1,base,xgboost,tuned_optimized_threshold,0.4,0.39835632,0
AAPL,2024-08-09,1,base,xgboost,tuned_optimized_threshold,0.4,0.4783971,1
MSFT,2024-08-09,1,base,xgboost,tuned_optimized_threshold,0.4,0.3056102,0
NVDA,2024-08-09,1,base,xgboost,tuned_optimized_threshold,0.4,0.5693324,1
TSLA,2024-08-09,0,base,xgboost,tuned_optimized_threshold,0.4,0.48377582,1
AAPL,2024-08-12,1,base,xgboost,tuned_optimized_threshold,0.4,0.47562033,1
MSFT,2024-08-12,1,base,xgboost,tuned_optimized_threshold,0.4,0.32009917,0
NVDA,2024-08-12,1,base,xgboost,tuned_optimized_threshold,0.4,0.5085379,1
TSLA,2024-08-12,1,base,xgboost,tuned_optimized_threshold,0.4,0.5005174,1
AAPL,2024-08-13,1,base,xgboost,tuned_optimized_threshold,0.4,0.49260858,1
MSFT,2024-08-13,1,base,xgboost,tuned_optimized_threshold,0.4,0.29873,0
NVDA,2024-08-13,1,base,xgboost,tuned_optimized_threshold,0.4,0.4237446,1
TSLA,2024-08-13,0,base,xgboost,tuned_optimized_threshold,0.4,0.45892397,1
AAPL,2024-08-14,1,base,xgboost,tuned_optimized_threshold,0.4,0.54103947,1
MSFT,2024-08-14,1,base,xgboost,tuned_optimized_threshold,0.4,0.29306382,0
NVDA,2024-08-14,1,base,xgboost,tuned_optimized_threshold,0.4,0.5645395,1
TSLA,2024-08-14,1,base,xgboost,tuned_optimized_threshold,0.4,0.52454007,1
AAPL,2024-08-15,1,base,xgboost,tuned_optimized_threshold,0.4,0.5232937,1
MSFT,2024-08-15,0,base,xgboost,tuned_optimized_threshold,0.4,0.30084628,0
NVDA,2024-08-15,1,base,xgboost,tuned_optimized_threshold,0.4,0.5943688,1
TSLA,2024-08-15,1,base,xgboost,tuned_optimized_threshold,0.4,0.3935441,0
AAPL,2024-08-16,0,base,xgboost,tuned_optimized_threshold,0.4,0.5353605,1
MSFT,2024-08-16,1,base,xgboost,tuned_optimized_threshold,0.4,0.34453565,0
NVDA,2024-08-16,1,base,xgboost,tuned_optimized_threshold,0.4,0.58762884,1
TSLA,2024-08-16,1,base,xgboost,tuned_optimized_threshold,0.4,0.48539275,1
AAPL,2024-08-19,1,base,xgboost,tuned_optimized_threshold,0.4,0.5660625,1
MSFT,2024-08-19,1,base,xgboost,tuned_optimized_threshold,0.4,0.32492974,0
NVDA,2024-08-19,0,base,xgboost,tuned_optimized_threshold,0.4,0.5470794,1
TSLA,2024-08-19,0,base,xgboost,tuned_optimized_threshold,0.4,0.5047795,1
AAPL,2024-08-20,0,base,xgboost,tuned_optimized_threshold,0.4,0.5549043,1
MSFT,2024-08-20,0,base,xgboost,tuned_optimized_threshold,0.4,0.27905473,0
NVDA,2024-08-20,1,base,xgboost,tuned_optimized_threshold,0.4,0.5556457,1
TSLA,2024-08-20,1,base,xgboost,tuned_optimized_threshold,0.4,0.5325088,1
AAPL,2024-08-21,0,base,xgboost,tuned_optimized_threshold,0.4,0.6044411,1
MSFT,2024-08-21,0,base,xgboost,tuned_optimized_threshold,0.4,0.32962596,0
NVDA,2024-08-21,0,base,xgboost,tuned_optimized_threshold,0.4,0.60269797,1
TSLA,2024-08-21,0,base,xgboost,tuned_optimized_threshold,0.4,0.52797735,1
AAPL,2024-08-22,1,base,xgboost,tuned_optimized_threshold,0.4,0.6122419,1
MSFT,2024-08-22,1,base,xgboost,tuned_optimized_threshold,0.4,0.32800183,0
NVDA,2024-08-22,1,base,xgboost,tuned_optimized_threshold,0.4,0.59039944,1
TSLA,2024-08-22,1,base,xgboost,tuned_optimized_threshold,0.4,0.5755703,1
AAPL,2024-08-23,1,base,xgboost,tuned_optimized_threshold,0.4,0.5865578,1
MSFT,2024-08-23,0,base,xgboost,tuned_optimized_threshold,0.4,0.33238962,0
NVDA,2024-08-23,0,base,xgboost,tuned_optimized_threshold,0.4,0.5191501,1
TSLA,2024-08-23,0,base,xgboost,tuned_optimized_threshold,0.4,0.48415226,1
AAPL,2024-08-26,1,base,xgboost,tuned_optimized_threshold,0.4,0.5950754,1
MSFT,2024-08-26,1,base,xgboost,tuned_optimized_threshold,0.4,0.34107804,0
NVDA,2024-08-26,1,base,xgboost,tuned_optimized_threshold,0.4,0.6010864,1
TSLA,2024-08-26,0,base,xgboost,tuned_optimized_threshold,0.4,0.55448496,1
AAPL,2024-08-27,0,base,xgboost,tuned_optimized_threshold,0.4,0.5769622,1
MSFT,2024-08-27,0,base,xgboost,tuned_optimized_threshold,0.4,0.31551826,0
NVDA,2024-08-27,0,base,xgboost,tuned_optimized_threshold,0.4,0.5995059,1
TSLA,2024-08-27,0,base,xgboost,tuned_optimized_threshold,0.4,0.53754944,1
AAPL,2024-08-28,1,base,xgboost,tuned_optimized_threshold,0.4,0.60709405,1
MSFT,2024-08-28,1,base,xgboost,tuned_optimized_threshold,0.4,0.35584998,0
NVDA,2024-08-28,0,base,xgboost,tuned_optimized_threshold,0.4,0.52136457,1
TSLA,2024-08-28,1,base,xgboost,tuned_optimized_threshold,0.4,0.53352416,1
AAPL,2024-08-29,0,base,xgboost,tuned_optimized_threshold,0.4,0.546208,1
MSFT,2024-08-29,1,base,xgboost,tuned_optimized_threshold,0.4,0.30636507,0
NVDA,2024-08-29,1,base,xgboost,tuned_optimized_threshold,0.4,0.6481209,1
TSLA,2024-08-29,1,base,xgboost,tuned_optimized_threshold,0.4,0.5179794,1
AAPL,2024-08-30,0,base,xgboost,tuned_optimized_threshold,0.4,0.5935652,1
MSFT,2024-08-30,0,base,xgboost,tuned_optimized_threshold,0.4,0.39795393,0
NVDA,2024-08-30,0,base,xgboost,tuned_optimized_threshold,0.4,0.5372196,1
TSLA,2024-08-30,0,base,xgboost,tuned_optimized_threshold,0.4,0.48416287,1
AAPL,2024-09-03,0,base,xgboost,tuned_optimized_threshold,0.4,0.6019986,1
MSFT,2024-09-03,0,base,xgboost,tuned_optimized_threshold,0.4,0.3612899,0
NVDA,2024-09-03,0,base,xgboost,tuned_optimized_threshold,0.4,0.6683761,1
TSLA,2024-09-03,1,base,xgboost,tuned_optimized_threshold,0.4,0.5429815,1
AAPL,2024-09-04,1,base,xgboost,tuned_optimized_threshold,0.4,0.5898382,1
MSFT,2024-09-04,0,base,xgboost,tuned_optimized_threshold,0.4,0.37241644,0
NVDA,2024-09-04,1,base,xgboost,tuned_optimized_threshold,0.4,0.52326286,1
TSLA,2024-09-04,1,base,xgboost,tuned_optimized_threshold,0.4,0.48971286,1
AAPL,2024-09-05,0,base,xgboost,tuned_optimized_threshold,0.4,0.5486422,1
MSFT,2024-09-05,0,base,xgboost,tuned_optimized_threshold,0.4,0.37241644,0
NVDA,2024-09-05,0,base,xgboost,tuned_optimized_threshold,0.4,0.4900978,1
TSLA,2024-09-05,0,base,xgboost,tuned_optimized_threshold,0.4,0.533595,1
AAPL,2024-09-06,1,base,xgboost,tuned_optimized_threshold,0.4,0.55831796,1
MSFT,2024-09-06,1,base,xgboost,tuned_optimized_threshold,0.4,0.36988306,0
NVDA,2024-09-06,1,base,xgboost,tuned_optimized_threshold,0.4,0.5273632,1
TSLA,2024-09-06,1,base,xgboost,tuned_optimized_threshold,0.4,0.60141766,1
AAPL,2024-09-09,0,base,xgboost,tuned_optimized_threshold,0.4,0.531749,1
MSFT,2024-09-09,1,base,xgboost,tuned_optimized_threshold,0.4,0.37738982,0
NVDA,2024-09-09,1,base,xgboost,tuned_optimized_threshold,0.4,0.49464038,1
TSLA,2024-09-09,1,base,xgboost,tuned_optimized_threshold,0.4,0.49612138,1
AAPL,2024-09-10,1,base,xgboost,tuned_optimized_threshold,0.4,0.5547041,1
MSFT,2024-09-10,1,base,xgboost,tuned_optimized_threshold,0.4,0.3462102,0
NVDA,2024-09-10,1,base,xgboost,tuned_optimized_threshold,0.4,0.5329488,1
TSLA,2024-09-10,1,base,xgboost,tuned_optimized_threshold,0.4,0.48235074,1
AAPL,2024-09-11,1,base,xgboost,tuned_optimized_threshold,0.4,0.5261317,1
MSFT,2024-09-11,1,base,xgboost,tuned_optimized_threshold,0.4,0.34864396,0
NVDA,2024-09-11,1,base,xgboost,tuned_optimized_threshold,0.4,0.46327755,1
TSLA,2024-09-11,1,base,xgboost,tuned_optimized_threshold,0.4,0.50913376,1
AAPL,2024-09-12,0,base,xgboost,tuned_optimized_threshold,0.4,0.5208136,1
MSFT,2024-09-12,1,base,xgboost,tuned_optimized_threshold,0.4,0.32629535,0
NVDA,2024-09-12,0,base,xgboost,tuned_optimized_threshold,0.4,0.5480399,1
TSLA,2024-09-12,1,base,xgboost,tuned_optimized_threshold,0.4,0.51456034,1
AAPL,2024-09-13,0,base,xgboost,tuned_optimized_threshold,0.4,0.5395538,1
MSFT,2024-09-13,1,base,xgboost,tuned_optimized_threshold,0.4,0.39144906,0
NVDA,2024-09-13,0,base,xgboost,tuned_optimized_threshold,0.4,0.55092615,1
TSLA,2024-09-13,0,base,xgboost,tuned_optimized_threshold,0.4,0.53935,1
AAPL,2024-09-16,1,base,xgboost,tuned_optimized_threshold,0.4,0.515685,1
MSFT,2024-09-16,1,base,xgboost,tuned_optimized_threshold,0.4,0.3817584,0
NVDA,2024-09-16,0,base,xgboost,tuned_optimized_threshold,0.4,0.5494693,1
TSLA,2024-09-16,1,base,xgboost,tuned_optimized_threshold,0.4,0.5097297,1
AAPL,2024-09-17,1,base,xgboost,tuned_optimized_threshold,0.4,0.52416956,1
MSFT,2024-09-17,0,base,xgboost,tuned_optimized_threshold,0.4,0.31982616,0
NVDA,2024-09-17,0,base,xgboost,tuned_optimized_threshold,0.4,0.57704973,1
TSLA,2024-09-17,0,base,xgboost,tuned_optimized_threshold,0.4,0.51588154,1
AAPL,2024-09-18,1,base,xgboost,tuned_optimized_threshold,0.4,0.47634652,1
MSFT,2024-09-18,1,base,xgboost,tuned_optimized_threshold,0.4,0.27376232,0
NVDA,2024-09-18,1,base,xgboost,tuned_optimized_threshold,0.4,0.57710797,1
TSLA,2024-09-18,1,base,xgboost,tuned_optimized_threshold,0.4,0.5133024,1
AAPL,2024-09-19,0,base,xgboost,tuned_optimized_threshold,0.4,0.51957756,1
MSFT,2024-09-19,0,base,xgboost,tuned_optimized_threshold,0.4,0.26738253,0
NVDA,2024-09-19,0,base,xgboost,tuned_optimized_threshold,0.4,0.5170998,1
TSLA,2024-09-19,0,base,xgboost,tuned_optimized_threshold,0.4,0.47195226,1
AAPL,2024-09-20,0,base,xgboost,tuned_optimized_threshold,0.4,0.57845753,1
MSFT,2024-09-20,0,base,xgboost,tuned_optimized_threshold,0.4,0.3061237,0
NVDA,2024-09-20,1,base,xgboost,tuned_optimized_threshold,0.4,0.55047226,1
TSLA,2024-09-20,1,base,xgboost,tuned_optimized_threshold,0.4,0.5218463,1
AAPL,2024-09-23,1,base,xgboost,tuned_optimized_threshold,0.4,0.557232,1
MSFT,2024-09-23,0,base,xgboost,tuned_optimized_threshold,0.4,0.32569793,0
NVDA,2024-09-23,1,base,xgboost,tuned_optimized_threshold,0.4,0.5241677,1
TSLA,2024-09-23,1,base,xgboost,tuned_optimized_threshold,0.4,0.4893291,1
AAPL,2024-09-24,0,base,xgboost,tuned_optimized_threshold,0.4,0.55434513,1
MSFT,2024-09-24,1,base,xgboost,tuned_optimized_threshold,0.4,0.29502848,0
NVDA,2024-09-24,1,base,xgboost,tuned_optimized_threshold,0.4,0.53619003,1
TSLA,2024-09-24,1,base,xgboost,tuned_optimized_threshold,0.4,0.52550983,1
AAPL,2024-09-25,1,base,xgboost,tuned_optimized_threshold,0.4,0.56830317,1
MSFT,2024-09-25,0,base,xgboost,tuned_optimized_threshold,0.4,0.33510724,0
NVDA,2024-09-25,1,base,xgboost,tuned_optimized_threshold,0.4,0.56547,1
TSLA,2024-09-25,0,base,xgboost,tuned_optimized_threshold,0.4,0.5908126,1
AAPL,2024-09-26,1,base,xgboost,tuned_optimized_threshold,0.4,0.55787975,1
MSFT,2024-09-26,0,base,xgboost,tuned_optimized_threshold,0.4,0.32523274,0
NVDA,2024-09-26,0,base,xgboost,tuned_optimized_threshold,0.4,0.55915993,1
TSLA,2024-09-26,1,base,xgboost,tuned_optimized_threshold,0.4,0.60007304,1
AAPL,2024-09-27,1,base,xgboost,tuned_optimized_threshold,0.4,0.53059906,1
MSFT,2024-09-27,1,base,xgboost,tuned_optimized_threshold,0.4,0.33500755,0
NVDA,2024-09-27,1,base,xgboost,tuned_optimized_threshold,0.4,0.4984395,1
TSLA,2024-09-27,1,base,xgboost,tuned_optimized_threshold,0.4,0.60859007,1
AAPL,2024-09-30,0,base,xgboost,tuned_optimized_threshold,0.4,0.5530027,1
MSFT,2024-09-30,0,base,xgboost,tuned_optimized_threshold,0.4,0.3098599,0
NVDA,2024-09-30,0,base,xgboost,tuned_optimized_threshold,0.4,0.4819045,1
TSLA,2024-09-30,0,base,xgboost,tuned_optimized_threshold,0.4,0.58914024,1
AAPL,2024-10-01,1,base,xgboost,tuned_optimized_threshold,0.4,0.5725548,1
MSFT,2024-10-01,0,base,xgboost,tuned_optimized_threshold,0.4,0.35982674,0
NVDA,2024-10-01,1,base,xgboost,tuned_optimized_threshold,0.4,0.5822911,1
TSLA,2024-10-01,0,base,xgboost,tuned_optimized_threshold,0.4,0.5915165,1
AAPL,2024-10-02,0,base,xgboost,tuned_optimized_threshold,0.4,0.54856807,1
MSFT,2024-10-02,0,base,xgboost,tuned_optimized_threshold,0.4,0.33696163,0
NVDA,2024-10-02,1,base,xgboost,tuned_optimized_threshold,0.4,0.46963263,1
TSLA,2024-10-02,0,base,xgboost,tuned_optimized_threshold,0.4,0.6239587,1
AAPL,2024-10-03,1,base,xgboost,tuned_optimized_threshold,0.4,0.5686077,1
MSFT,2024-10-03,0,base,xgboost,tuned_optimized_threshold,0.4,0.334661,0
NVDA,2024-10-03,1,base,xgboost,tuned_optimized_threshold,0.4,0.50812644,1
TSLA,2024-10-03,1,base,xgboost,tuned_optimized_threshold,0.4,0.5669436,1
AAPL,2024-10-04,0,base,xgboost,tuned_optimized_threshold,0.4,0.5212973,1
MSFT,2024-10-04,0,base,xgboost,tuned_optimized_threshold,0.4,0.2830259,0
NVDA,2024-10-04,1,base,xgboost,tuned_optimized_threshold,0.4,0.52897584,1
TSLA,2024-10-04,0,base,xgboost,tuned_optimized_threshold,0.4,0.50001675,1
AAPL,2024-10-07,1,base,xgboost,tuned_optimized_threshold,0.4,0.5955327,1
MSFT,2024-10-07,1,base,xgboost,tuned_optimized_threshold,0.4,0.29257014,0
NVDA,2024-10-07,1,base,xgboost,tuned_optimized_threshold,0.4,0.5580238,1
TSLA,2024-10-07,1,base,xgboost,tuned_optimized_threshold,0.4,0.4761332,1
AAPL,2024-10-08,1,base,xgboost,tuned_optimized_threshold,0.4,0.50815487,1
MSFT,2024-10-08,1,base,xgboost,tuned_optimized_threshold,0.4,0.27015278,0
NVDA,2024-10-08,0,base,xgboost,tuned_optimized_threshold,0.4,0.5127301,1
TSLA,2024-10-08,0,base,xgboost,tuned_optimized_threshold,0.4,0.42381224,1
AAPL,2024-10-09,0,base,xgboost,tuned_optimized_threshold,0.4,0.57289916,1
MSFT,2024-10-09,0,base,xgboost,tuned_optimized_threshold,0.4,0.29581544,0
NVDA,2024-10-09,1,base,xgboost,tuned_optimized_threshold,0.4,0.5364041,1
TSLA,2024-10-09,0,base,xgboost,tuned_optimized_threshold,0.4,0.43093383,1
AAPL,2024-10-10,0,base,xgboost,tuned_optimized_threshold,0.4,0.57412076,1
MSFT,2024-10-10,1,base,xgboost,tuned_optimized_threshold,0.4,0.2775117,0
NVDA,2024-10-10,0,base,xgboost,tuned_optimized_threshold,0.4,0.53798807,1
TSLA,2024-10-10,0,base,xgboost,tuned_optimized_threshold,0.4,0.47684205,1
AAPL,2024-10-11,1,base,xgboost,tuned_optimized_threshold,0.4,0.5311546,1
MSFT,2024-10-11,1,base,xgboost,tuned_optimized_threshold,0.4,0.3401846,0
NVDA,2024-10-11,1,base,xgboost,tuned_optimized_threshold,0.4,0.5551491,1
TSLA,2024-10-11,1,base,xgboost,tuned_optimized_threshold,0.4,0.60992765,1
AAPL,2024-10-14,1,base,xgboost,tuned_optimized_threshold,0.4,0.5964657,1
MSFT,2024-10-14,0,base,xgboost,tuned_optimized_threshold,0.4,0.31955707,0
NVDA,2024-10-14,0,base,xgboost,tuned_optimized_threshold,0.4,0.5180085,1
TSLA,2024-10-14,1,base,xgboost,tuned_optimized_threshold,0.4,0.48224437,1
AAPL,2024-10-15,0,base,xgboost,tuned_optimized_threshold,0.4,0.57065195,1
MSFT,2024-10-15,0,base,xgboost,tuned_optimized_threshold,0.4,0.3488766,0
NVDA,2024-10-15,1,base,xgboost,tuned_optimized_threshold,0.4,0.5583143,1
TSLA,2024-10-15,1,base,xgboost,tuned_optimized_threshold,0.4,0.49369094,1
AAPL,2024-10-16,1,base,xgboost,tuned_optimized_threshold,0.4,0.6122419,1
MSFT,2024-10-16,1,base,xgboost,tuned_optimized_threshold,0.4,0.37583968,0
NVDA,2024-10-16,1,base,xgboost,tuned_optimized_threshold,0.4,0.5437152,1
TSLA,2024-10-16,0,base,xgboost,tuned_optimized_threshold,0.4,0.46513483,1
AAPL,2024-10-17,1,base,xgboost,tuned_optimized_threshold,0.4,0.5950728,1
MSFT,2024-10-17,1,base,xgboost,tuned_optimized_threshold,0.4,0.3657636,0
NVDA,2024-10-17,1,base,xgboost,tuned_optimized_threshold,0.4,0.5634664,1
TSLA,2024-10-17,0,base,xgboost,tuned_optimized_threshold,0.4,0.49626127,1
AAPL,2024-10-18,1,base,xgboost,tuned_optimized_threshold,0.4,0.57423353,1
MSFT,2024-10-18,1,base,xgboost,tuned_optimized_threshold,0.4,0.3287848,0
NVDA,2024-10-18,1,base,xgboost,tuned_optimized_threshold,0.4,0.53267777,1
TSLA,2024-10-18,0,base,xgboost,tuned_optimized_threshold,0.4,0.46126035,1
AAPL,2024-10-21,0,base,xgboost,tuned_optimized_threshold,0.4,0.538723,1
MSFT,2024-10-21,1,base,xgboost,tuned_optimized_threshold,0.4,0.3664746,0
NVDA,2024-10-21,0,base,xgboost,tuned_optimized_threshold,0.4,0.5223095,1
TSLA,2024-10-21,0,base,xgboost,tuned_optimized_threshold,0.4,0.51413935,1
AAPL,2024-10-22,0,base,xgboost,tuned_optimized_threshold,0.4,0.57612365,1
MSFT,2024-10-22,0,base,xgboost,tuned_optimized_threshold,0.4,0.41795397,1
NVDA,2024-10-22,0,base,xgboost,tuned_optimized_threshold,0.4,0.53811115,1
TSLA,2024-10-22,0,base,xgboost,tuned_optimized_threshold,0.4,0.5408504,1
AAPL,2024-10-23,0,base,xgboost,tuned_optimized_threshold,0.4,0.52173036,1
MSFT,2024-10-23,1,base,xgboost,tuned_optimized_threshold,0.4,0.3243588,0
NVDA,2024-10-23,1,base,xgboost,tuned_optimized_threshold,0.4,0.58728766,1
TSLA,2024-10-23,1,base,xgboost,tuned_optimized_threshold,0.4,0.48371774,1
AAPL,2024-10-24,1,base,xgboost,tuned_optimized_threshold,0.4,0.54962534,1
MSFT,2024-10-24,1,base,xgboost,tuned_optimized_threshold,0.4,0.33455658,0
NVDA,2024-10-24,1,base,xgboost,tuned_optimized_threshold,0.4,0.5220958,1
TSLA,2024-10-24,1,base,xgboost,tuned_optimized_threshold,0.4,0.48938516,1
AAPL,2024-10-25,1,base,xgboost,tuned_optimized_threshold,0.4,0.559384,1
MSFT,2024-10-25,0,base,xgboost,tuned_optimized_threshold,0.4,0.32348296,0
NVDA,2024-10-25,0,base,xgboost,tuned_optimized_threshold,0.4,0.5220958,1
TSLA,2024-10-25,0,base,xgboost,tuned_optimized_threshold,0.4,0.55989414,1
AAPL,2024-10-28,1,base,xgboost,tuned_optimized_threshold,0.4,0.5790211,1
MSFT,2024-10-28,1,base,xgboost,tuned_optimized_threshold,0.4,0.33083954,0
NVDA,2024-10-28,1,base,xgboost,tuned_optimized_threshold,0.4,0.53980345,1
TSLA,2024-10-28,0,base,xgboost,tuned_optimized_threshold,0.4,0.5647766,1
AAPL,2024-10-29,0,base,xgboost,tuned_optimized_threshold,0.4,0.5719097,1
MSFT,2024-10-29,1,base,xgboost,tuned_optimized_threshold,0.4,0.2810507,0
NVDA,2024-10-29,0,base,xgboost,tuned_optimized_threshold,0.4,0.53525555,1
TSLA,2024-10-29,0,base,xgboost,tuned_optimized_threshold,0.4,0.49416786,1
AAPL,2024-10-30,0,base,xgboost,tuned_optimized_threshold,0.4,0.5404638,1
MSFT,2024-10-30,0,base,xgboost,tuned_optimized_threshold,0.4,0.285922,0
NVDA,2024-10-30,0,base,xgboost,tuned_optimized_threshold,0.4,0.56283873,1
TSLA,2024-10-30,0,base,xgboost,tuned_optimized_threshold,0.4,0.5107561,1
AAPL,2024-10-31,0,base,xgboost,tuned_optimized_threshold,0.4,0.55646944,1
MSFT,2024-10-31,1,base,xgboost,tuned_optimized_threshold,0.4,0.3754712,0
NVDA,2024-10-31,1,base,xgboost,tuned_optimized_threshold,0.4,0.5800225,1
TSLA,2024-10-31,0,base,xgboost,tuned_optimized_threshold,0.4,0.5647928,1
AAPL,2024-11-01,0,base,xgboost,tuned_optimized_threshold,0.4,0.52940536,1
MSFT,2024-11-01,0,base,xgboost,tuned_optimized_threshold,0.4,0.27252626,0
NVDA,2024-11-01,1,base,xgboost,tuned_optimized_threshold,0.4,0.49616706,1
TSLA,2024-11-01,0,base,xgboost,tuned_optimized_threshold,0.4,0.48660824,1
AAPL,2024-11-04,1,base,xgboost,tuned_optimized_threshold,0.4,0.54156524,1
MSFT,2024-11-04,1,base,xgboost,tuned_optimized_threshold,0.4,0.25719804,0
NVDA,2024-11-04,1,base,xgboost,tuned_optimized_threshold,0.4,0.517845,1
TSLA,2024-11-04,1,base,xgboost,tuned_optimized_threshold,0.4,0.52197915,1
AAPL,2024-11-05,0,base,xgboost,tuned_optimized_threshold,0.4,0.50666994,1
MSFT,2024-11-05,1,base,xgboost,tuned_optimized_threshold,0.4,0.29155147,0
NVDA,2024-11-05,1,base,xgboost,tuned_optimized_threshold,0.4,0.56299925,1
TSLA,2024-11-05,1,base,xgboost,tuned_optimized_threshold,0.4,0.49284104,1
AAPL,2024-11-06,1,base,xgboost,tuned_optimized_threshold,0.4,0.5272247,1
MSFT,2024-11-06,1,base,xgboost,tuned_optimized_threshold,0.4,0.32106793,0
NVDA,2024-11-06,1,base,xgboost,tuned_optimized_threshold,0.4,0.51902574,1
TSLA,2024-11-06,1,base,xgboost,tuned_optimized_threshold,0.4,0.47982743,1
AAPL,2024-11-07,0,base,xgboost,tuned_optimized_threshold,0.4,0.50154376,1
MSFT,2024-11-07,0,base,xgboost,tuned_optimized_threshold,0.4,0.2788108,0
NVDA,2024-11-07,0,base,xgboost,tuned_optimized_threshold,0.4,0.50403285,1
TSLA,2024-11-07,1,base,xgboost,tuned_optimized_threshold,0.4,0.6381024,1
AAPL,2024-11-08,0,base,xgboost,tuned_optimized_threshold,0.4,0.5347566,1
MSFT,2024-11-08,0,base,xgboost,tuned_optimized_threshold,0.4,0.26413453,0
NVDA,2024-11-08,0,base,xgboost,tuned_optimized_threshold,0.4,0.5188701,1
TSLA,2024-11-08,1,base,xgboost,tuned_optimized_threshold,0.4,0.63172793,1
AAPL,2024-11-11,0,base,xgboost,tuned_optimized_threshold,0.4,0.58626515,1
MSFT,2024-11-11,1,base,xgboost,tuned_optimized_threshold,0.4,0.34892547,0
NVDA,2024-11-11,1,base,xgboost,tuned_optimized_threshold,0.4,0.535521,1
TSLA,2024-11-11,0,base,xgboost,tuned_optimized_threshold,0.4,0.45413116,1
AAPL,2024-11-12,1,base,xgboost,tuned_optimized_threshold,0.4,0.6297859,1
MSFT,2024-11-12,1,base,xgboost,tuned_optimized_threshold,0.4,0.26004818,0
NVDA,2024-11-12,0,base,xgboost,tuned_optimized_threshold,0.4,0.52797157,1
TSLA,2024-11-12,1,base,xgboost,tuned_optimized_threshold,0.4,0.68082917,1
AAPL,2024-11-13,1,base,xgboost,tuned_optimized_threshold,0.4,0.59391797,1
MSFT,2024-11-13,1,base,xgboost,tuned_optimized_threshold,0.4,0.28578666,0
NVDA,2024-11-13,1,base,xgboost,tuned_optimized_threshold,0.4,0.5537271,1
TSLA,2024-11-13,0,base,xgboost,tuned_optimized_threshold,0.4,0.58580464,1
AAPL,2024-11-14,0,base,xgboost,tuned_optimized_threshold,0.4,0.57837385,1
MSFT,2024-11-14,0,base,xgboost,tuned_optimized_threshold,0.4,0.31755,0
NVDA,2024-11-14,0,base,xgboost,tuned_optimized_threshold,0.4,0.56325907,1
TSLA,2024-11-14,1,base,xgboost,tuned_optimized_threshold,0.4,0.6663674,1
AAPL,2024-11-15,1,base,xgboost,tuned_optimized_threshold,0.4,0.6209734,1
MSFT,2024-11-15,1,base,xgboost,tuned_optimized_threshold,0.4,0.3529018,0
NVDA,2024-11-15,0,base,xgboost,tuned_optimized_threshold,0.4,0.572169,1
TSLA,2024-11-15,1,base,xgboost,tuned_optimized_threshold,0.4,0.541779,1
AAPL,2024-11-18,1,base,xgboost,tuned_optimized_threshold,0.4,0.57837385,1
MSFT,2024-11-18,1,base,xgboost,tuned_optimized_threshold,0.4,0.3242688,0
NVDA,2024-11-18,1,base,xgboost,tuned_optimized_threshold,0.4,0.54814506,1
TSLA,2024-11-18,1,base,xgboost,tuned_optimized_threshold,0.4,0.525791,1
AAPL,2024-11-19,1,base,xgboost,tuned_optimized_threshold,0.4,0.58185977,1
MSFT,2024-11-19,0,base,xgboost,tuned_optimized_threshold,0.4,0.27277988,0
NVDA,2024-11-19,0,base,xgboost,tuned_optimized_threshold,0.4,0.5563058,1
TSLA,2024-11-19,0,base,xgboost,tuned_optimized_threshold,0.4,0.5169064,1
AAPL,2024-11-20,0,base,xgboost,tuned_optimized_threshold,0.4,0.58401453,1
MSFT,2024-11-20,0,base,xgboost,tuned_optimized_threshold,0.4,0.28911677,0
NVDA,2024-11-20,1,base,xgboost,tuned_optimized_threshold,0.4,0.60821956,1
TSLA,2024-11-20,0,base,xgboost,tuned_optimized_threshold,0.4,0.41702244,1
AAPL,2024-11-21,1,base,xgboost,tuned_optimized_threshold,0.4,0.594378,1
MSFT,2024-11-21,1,base,xgboost,tuned_optimized_threshold,0.4,0.2856813,0
NVDA,2024-11-21,0,base,xgboost,tuned_optimized_threshold,0.4,0.5391501,1
TSLA,2024-11-21,1,base,xgboost,tuned_optimized_threshold,0.4,0.4554939,1
AAPL,2024-11-22,1,base,xgboost,tuned_optimized_threshold,0.4,0.58291745,1
MSFT,2024-11-22,1,base,xgboost,tuned_optimized_threshold,0.4,0.33555198,0
NVDA,2024-11-22,0,base,xgboost,tuned_optimized_threshold,0.4,0.5773684,1
TSLA,2024-11-22,0,base,xgboost,tuned_optimized_threshold,0.4,0.5647891,1
AAPL,2024-11-25,1,base,xgboost,tuned_optimized_threshold,0.4,0.48114958,1
MSFT,2024-11-25,1,base,xgboost,tuned_optimized_threshold,0.4,0.31990203,0
NVDA,2024-11-25,1,base,xgboost,tuned_optimized_threshold,0.4,0.60925233,1
TSLA,2024-11-25,0,base,xgboost,tuned_optimized_threshold,0.4,0.5498674,1
AAPL,2024-11-26,0,base,xgboost,tuned_optimized_threshold,0.4,0.51625764,1
MSFT,2024-11-26,0,base,xgboost,tuned_optimized_threshold,0.4,0.3215278,0
NVDA,2024-11-26,0,base,xgboost,tuned_optimized_threshold,0.4,0.53610456,1
TSLA,2024-11-26,0,base,xgboost,tuned_optimized_threshold,0.4,0.47126767,1
AAPL,2024-11-27,1,base,xgboost,tuned_optimized_threshold,0.4,0.5304224,1
MSFT,2024-11-27,1,base,xgboost,tuned_optimized_threshold,0.4,0.27600786,0
NVDA,2024-11-27,1,base,xgboost,tuned_optimized_threshold,0.4,0.55806845,1
TSLA,2024-11-27,1,base,xgboost,tuned_optimized_threshold,0.4,0.55180556,1
AAPL,2024-11-29,1,base,xgboost,tuned_optimized_threshold,0.4,0.5249354,1
MSFT,2024-11-29,1,base,xgboost,tuned_optimized_threshold,0.4,0.27880612,0
NVDA,2024-11-29,1,base,xgboost,tuned_optimized_threshold,0.4,0.53632313,1
TSLA,2024-11-29,1,base,xgboost,tuned_optimized_threshold,0.4,0.5047378,1
AAPL,2024-12-02,1,base,xgboost,tuned_optimized_threshold,0.4,0.51316655,1
MSFT,2024-12-02,1,base,xgboost,tuned_optimized_threshold,0.4,0.27671695,0
NVDA,2024-12-02,1,base,xgboost,tuned_optimized_threshold,0.4,0.57351005,1
TSLA,2024-12-02,0,base,xgboost,tuned_optimized_threshold,0.4,0.46330625,1
AAPL,2024-12-03,1,base,xgboost,tuned_optimized_threshold,0.4,0.54229474,1
MSFT,2024-12-03,1,base,xgboost,tuned_optimized_threshold,0.4,0.27062386,0
NVDA,2024-12-03,1,base,xgboost,tuned_optimized_threshold,0.4,0.54230225,1
TSLA,2024-12-03,1,base,xgboost,tuned_optimized_threshold,0.4,0.39200217,0
AAPL,2024-12-04,1,base,xgboost,tuned_optimized_threshold,0.4,0.53260773,1
MSFT,2024-12-04,1,base,xgboost,tuned_optimized_threshold,0.4,0.30468258,0
NVDA,2024-12-04,0,base,xgboost,tuned_optimized_threshold,0.4,0.5602539,1
TSLA,2024-12-04,1,base,xgboost,tuned_optimized_threshold,0.4,0.44027847,1
AAPL,2024-12-05,0,base,xgboost,tuned_optimized_threshold,0.4,0.5501523,1
MSFT,2024-12-05,1,base,xgboost,tuned_optimized_threshold,0.4,0.2745719,0
NVDA,2024-12-05,0,base,xgboost,tuned_optimized_threshold,0.4,0.60455716,1
TSLA,2024-12-05,1,base,xgboost,tuned_optimized_threshold,0.4,0.3785979,0
AAPL,2024-12-06,1,base,xgboost,tuned_optimized_threshold,0.4,0.53142005,1
MSFT,2024-12-06,1,base,xgboost,tuned_optimized_threshold,0.4,0.26957536,0
NVDA,2024-12-06,0,base,xgboost,tuned_optimized_threshold,0.4,0.5485284,1
TSLA,2024-12-06,1,base,xgboost,tuned_optimized_threshold,0.4,0.4030793,1
AAPL,2024-12-09,1,base,xgboost,tuned_optimized_threshold,0.4,0.4924286,1
MSFT,2024-12-09,0,base,xgboost,tuned_optimized_threshold,0.4,0.25015163,0
NVDA,2024-12-09,0,base,xgboost,tuned_optimized_threshold,0.4,0.60819834,1
TSLA,2024-12-09,1,base,xgboost,tuned_optimized_threshold,0.4,0.41733825,1
AAPL,2024-12-10,0,base,xgboost,tuned_optimized_threshold,0.4,0.49461523,1
MSFT,2024-12-10,1,base,xgboost,tuned_optimized_threshold,0.4,0.2911637,0
NVDA,2024-12-10,1,base,xgboost,tuned_optimized_threshold,0.4,0.56739527,1
TSLA,2024-12-10,1,base,xgboost,tuned_optimized_threshold,0.4,0.4771761,1
AAPL,2024-12-11,1,base,xgboost,tuned_optimized_threshold,0.4,0.54019666,1
MSFT,2024-12-11,1,base,xgboost,tuned_optimized_threshold,0.4,0.2856385,0
NVDA,2024-12-11,0,base,xgboost,tuned_optimized_threshold,0.4,0.48998323,1
TSLA,2024-12-11,0,base,xgboost,tuned_optimized_threshold,0.4,0.4126594,1
AAPL,2024-12-12,1,base,xgboost,tuned_optimized_threshold,0.4,0.5320253,1
MSFT,2024-12-12,0,base,xgboost,tuned_optimized_threshold,0.4,0.26824504,0
NVDA,2024-12-12,0,base,xgboost,tuned_optimized_threshold,0.4,0.52011764,1
TSLA,2024-12-12,1,base,xgboost,tuned_optimized_threshold,0.4,0.42619294,1
AAPL,2024-12-13,1,base,xgboost,tuned_optimized_threshold,0.4,0.51823586,1
MSFT,2024-12-13,1,base,xgboost,tuned_optimized_threshold,0.4,0.2855486,0
NVDA,2024-12-13,0,base,xgboost,tuned_optimized_threshold,0.4,0.53297055,1
TSLA,2024-12-13,1,base,xgboost,tuned_optimized_threshold,0.4,0.4319754,1
AAPL,2024-12-16,1,base,xgboost,tuned_optimized_threshold,0.4,0.5073351,1
MSFT,2024-12-16,1,base,xgboost,tuned_optimized_threshold,0.4,0.28517476,0
NVDA,2024-12-16,0,base,xgboost,tuned_optimized_threshold,0.4,0.50675917,1
TSLA,2024-12-16,1,base,xgboost,tuned_optimized_threshold,0.4,0.4183556,1
AAPL,2024-12-17,0,base,xgboost,tuned_optimized_threshold,0.4,0.4954318,1
MSFT,2024-12-17,0,base,xgboost,tuned_optimized_threshold,0.4,0.2909888,0
NVDA,2024-12-17,0,base,xgboost,tuned_optimized_threshold,0.4,0.5774513,1
TSLA,2024-12-17,0,base,xgboost,tuned_optimized_threshold,0.4,0.44533002,1
AAPL,2024-12-18,1,base,xgboost,tuned_optimized_threshold,0.4,0.50120753,1
MSFT,2024-12-18,0,base,xgboost,tuned_optimized_threshold,0.4,0.35205543,0
NVDA,2024-12-18,1,base,xgboost,tuned_optimized_threshold,0.4,0.61967415,1
TSLA,2024-12-18,0,base,xgboost,tuned_optimized_threshold,0.4,0.55127174,1
AAPL,2024-12-19,1,base,xgboost,tuned_optimized_threshold,0.4,0.4914777,1
MSFT,2024-12-19,0,base,xgboost,tuned_optimized_threshold,0.4,0.30097353,0
NVDA,2024-12-19,1,base,xgboost,tuned_optimized_threshold,0.4,0.5374395,1
TSLA,2024-12-19,0,base,xgboost,tuned_optimized_threshold,0.4,0.42461297,1
AAPL,2024-12-20,1,base,xgboost,tuned_optimized_threshold,0.4,0.53381795,1
MSFT,2024-12-20,0,base,xgboost,tuned_optimized_threshold,0.4,0.29778737,0
NVDA,2024-12-20,1,base,xgboost,tuned_optimized_threshold,0.4,0.55519545,1
TSLA,2024-12-20,1,base,xgboost,tuned_optimized_threshold,0.4,0.46129844,1
AAPL,2024-12-23,1,base,xgboost,tuned_optimized_threshold,0.4,0.5261472,1
MSFT,2024-12-23,1,base,xgboost,tuned_optimized_threshold,0.4,0.31189728,0
NVDA,2024-12-23,1,base,xgboost,tuned_optimized_threshold,0.4,0.5287748,1
TSLA,2024-12-23,1,base,xgboost,tuned_optimized_threshold,0.4,0.37464657,0
AAPL,2024-12-24,1,base,xgboost,tuned_optimized_threshold,0.4,0.5222421,1
MSFT,2024-12-24,0,base,xgboost,tuned_optimized_threshold,0.4,0.3290831,0
NVDA,2024-12-24,0,base,xgboost,tuned_optimized_threshold,0.4,0.57453465,1
TSLA,2024-12-24,0,base,xgboost,tuned_optimized_threshold,0.4,0.37370318,0
AAPL,2024-12-26,0,base,xgboost,tuned_optimized_threshold,0.4,0.4717662,1
MSFT,2024-12-26,0,base,xgboost,tuned_optimized_threshold,0.4,0.3306906,0
NVDA,2024-12-26,0,base,xgboost,tuned_optimized_threshold,0.4,0.61000913,1
TSLA,2024-12-26,0,base,xgboost,tuned_optimized_threshold,0.4,0.33251238,0
AAPL,2024-12-27,0,base,xgboost,tuned_optimized_threshold,0.4,0.504981,1
MSFT,2024-12-27,0,base,xgboost,tuned_optimized_threshold,0.4,0.35978305,0
NVDA,2024-12-27,1,base,xgboost,tuned_optimized_threshold,0.4,0.5696832,1
TSLA,2024-12-27,0,base,xgboost,tuned_optimized_threshold,0.4,0.49504003,1
AAPL,2024-12-30,0,base,xgboost,tuned_optimized_threshold,0.4,0.5254347,1
MSFT,2024-12-30,0,base,xgboost,tuned_optimized_threshold,0.4,0.3763327,0
NVDA,2024-12-30,0,base,xgboost,tuned_optimized_threshold,0.4,0.6035041,1
TSLA,2024-12-30,0,base,xgboost,tuned_optimized_threshold,0.4,0.36723477,0
AAPL,2024-12-31,0,base,xgboost,tuned_optimized_threshold,0.4,0.53920436,1
MSFT,2024-12-31,0,base,xgboost,tuned_optimized_threshold,0.4,0.32345387,0
NVDA,2024-12-31,1,base,xgboost,tuned_optimized_threshold,0.4,0.61014783,1
TSLA,2024-12-31,0,base,xgboost,tuned_optimized_threshold,0.4,0.38206986,0
AAPL,2025-01-02,0,base,xgboost,tuned_optimized_threshold,0.4,0.58318704,1
MSFT,2025-01-02,1,base,xgboost,tuned_optimized_threshold,0.4,0.2711244,0
NVDA,2025-01-02,1,base,xgboost,tuned_optimized_threshold,0.4,0.52288234,1
TSLA,2025-01-02,1,base,xgboost,tuned_optimized_threshold,0.4,0.5433936,1
AAPL,2025-01-03,1,base,xgboost,tuned_optimized_threshold,0.4,0.5688423,1
MSFT,2025-01-03,1,base,xgboost,tuned_optimized_threshold,0.4,0.2776891,0
NVDA,2025-01-03,1,base,xgboost,tuned_optimized_threshold,0.4,0.56227964,1
TSLA,2025-01-03,1,base,xgboost,tuned_optimized_threshold,0.4,0.38739142,0
AAPL,2025-01-06,0,base,xgboost,tuned_optimized_threshold,0.4,0.5428881,1
MSFT,2025-01-06,0,base,xgboost,tuned_optimized_threshold,0.4,0.25269872,0
NVDA,2025-01-06,0,base,xgboost,tuned_optimized_threshold,0.4,0.50338084,1
TSLA,2025-01-06,0,base,xgboost,tuned_optimized_threshold,0.4,0.5351162,1
AAPL,2025-01-07,1,base,xgboost,tuned_optimized_threshold,0.4,0.5850268,1
MSFT,2025-01-07,1,base,xgboost,tuned_optimized_threshold,0.4,0.2865546,0
NVDA,2025-01-07,0,base,xgboost,tuned_optimized_threshold,0.4,0.5258828,1
TSLA,2025-01-07,1,base,xgboost,tuned_optimized_threshold,0.4,0.44099247,1
AAPL,2025-01-08,0,base,xgboost,tuned_optimized_threshold,0.4,0.556504,1
MSFT,2025-01-08,0,base,xgboost,tuned_optimized_threshold,0.4,0.3424689,0
NVDA,2025-01-08,0,base,xgboost,tuned_optimized_threshold,0.4,0.5020738,1
TSLA,2025-01-08,0,base,xgboost,tuned_optimized_threshold,0.4,0.40915623,1
AAPL,2025-01-10,0,base,xgboost,tuned_optimized_threshold,0.4,0.52480626,1
MSFT,2025-01-10,0,base,xgboost,tuned_optimized_threshold,0.4,0.34968477,0
NVDA,2025-01-10,0,base,xgboost,tuned_optimized_threshold,0.4,0.54090714,1
TSLA,2025-01-10,1,base,xgboost,tuned_optimized_threshold,0.4,0.29539037,0
AAPL,2025-01-13,0,base,xgboost,tuned_optimized_threshold,0.4,0.50970626,1
MSFT,2025-01-13,0,base,xgboost,tuned_optimized_threshold,0.4,0.3592175,0
NVDA,2025-01-13,0,base,xgboost,tuned_optimized_threshold,0.4,0.48308575,1
TSLA,2025-01-13,0,base,xgboost,tuned_optimized_threshold,0.4,0.26819468,0
AAPL,2025-01-14,1,base,xgboost,tuned_optimized_threshold,0.4,0.5430167,1
MSFT,2025-01-14,1,base,xgboost,tuned_optimized_threshold,0.4,0.3527957,0
NVDA,2025-01-14,1,base,xgboost,tuned_optimized_threshold,0.4,0.48973522,1
TSLA,2025-01-14,1,base,xgboost,tuned_optimized_threshold,0.4,0.3363591,0
AAPL,2025-01-15,0,base,xgboost,tuned_optimized_threshold,0.4,0.48894805,1
MSFT,2025-01-15,0,base,xgboost,tuned_optimized_threshold,0.4,0.3174814,0
NVDA,2025-01-15,0,base,xgboost,tuned_optimized_threshold,0.4,0.42363694,1
TSLA,2025-01-15,0,base,xgboost,tuned_optimized_threshold,0.4,0.2952648,0
AAPL,2025-01-16,1,base,xgboost,tuned_optimized_threshold,0.4,0.53655016,1
MSFT,2025-01-16,1,base,xgboost,tuned_optimized_threshold,0.4,0.3474102,0
NVDA,2025-01-16,1,base,xgboost,tuned_optimized_threshold,0.4,0.5280494,1
TSLA,2025-01-16,1,base,xgboost,tuned_optimized_threshold,0.4,0.2826842,0
AAPL,2025-01-17,0,base,xgboost,tuned_optimized_threshold,0.4,0.53854513,1
MSFT,2025-01-17,0,base,xgboost,tuned_optimized_threshold,0.4,0.37121147,0
NVDA,2025-01-17,1,base,xgboost,tuned_optimized_threshold,0.4,0.48106822,1
TSLA,2025-01-17,0,base,xgboost,tuned_optimized_threshold,0.4,0.3710877,0
AAPL,2025-01-21,1,base,xgboost,tuned_optimized_threshold,0.4,0.6187523,1
MSFT,2025-01-21,1,base,xgboost,tuned_optimized_threshold,0.4,0.40189832,1
NVDA,2025-01-21,1,base,xgboost,tuned_optimized_threshold,0.4,0.5093132,1
TSLA,2025-01-21,0,base,xgboost,tuned_optimized_threshold,0.4,0.3475699,0
AAPL,2025-01-22,0,base,xgboost,tuned_optimized_threshold,0.4,0.5764034,1
MSFT,2025-01-22,1,base,xgboost,tuned_optimized_threshold,0.4,0.36112857,0
NVDA,2025-01-22,1,base,xgboost,tuned_optimized_threshold,0.4,0.46744052,1
TSLA,2025-01-22,0,base,xgboost,tuned_optimized_threshold,0.4,0.22538677,0
AAPL,2025-01-23,0,base,xgboost,tuned_optimized_threshold,0.4,0.6208906,1
MSFT,2025-01-23,0,base,xgboost,tuned_optimized_threshold,0.4,0.2796042,0
NVDA,2025-01-23,0,base,xgboost,tuned_optimized_threshold,0.4,0.49877635,1
TSLA,2025-01-23,0,base,xgboost,tuned_optimized_threshold,0.4,0.25867233,0
AAPL,2025-01-24,1,base,xgboost,tuned_optimized_threshold,0.4,0.6511376,1
MSFT,2025-01-24,0,base,xgboost,tuned_optimized_threshold,0.4,0.3647889,0
NVDA,2025-01-24,0,base,xgboost,tuned_optimized_threshold,0.4,0.5250781,1
TSLA,2025-01-24,0,base,xgboost,tuned_optimized_threshold,0.4,0.26496616,0
AAPL,2025-01-27,1,base,xgboost,tuned_optimized_threshold,0.4,0.53292155,1
MSFT,2025-01-27,1,base,xgboost,tuned_optimized_threshold,0.4,0.2890593,0
NVDA,2025-01-27,1,base,xgboost,tuned_optimized_threshold,0.4,0.60874724,1
TSLA,2025-01-27,1,base,xgboost,tuned_optimized_threshold,0.4,0.30537117,0
AAPL,2025-01-28,1,base,xgboost,tuned_optimized_threshold,0.4,0.513053,1
MSFT,2025-01-28,0,base,xgboost,tuned_optimized_threshold,0.4,0.29309675,0
NVDA,2025-01-28,0,base,xgboost,tuned_optimized_threshold,0.4,0.3946688,0
TSLA,2025-01-28,0,base,xgboost,tuned_optimized_threshold,0.4,0.31222168,0
AAPL,2025-01-29,0,base,xgboost,tuned_optimized_threshold,0.4,0.55345684,1
MSFT,2025-01-29,0,base,xgboost,tuned_optimized_threshold,0.4,0.3035563,0
NVDA,2025-01-29,1,base,xgboost,tuned_optimized_threshold,0.4,0.60740805,1
TSLA,2025-01-29,1,base,xgboost,tuned_optimized_threshold,0.4,0.29552373,0
AAPL,2025-01-30,0,base,xgboost,tuned_optimized_threshold,0.4,0.5656987,1
MSFT,2025-01-30,1,base,xgboost,tuned_optimized_threshold,0.4,0.43065548,1
NVDA,2025-01-30,0,base,xgboost,tuned_optimized_threshold,0.4,0.5571322,1
TSLA,2025-01-30,1,base,xgboost,tuned_optimized_threshold,0.4,0.34349212,0
AAPL,2025-01-31,0,base,xgboost,tuned_optimized_threshold,0.4,0.5766012,1
MSFT,2025-01-31,0,base,xgboost,tuned_optimized_threshold,0.4,0.28258172,0
NVDA,2025-01-31,0,base,xgboost,tuned_optimized_threshold,0.4,0.5855514,1
TSLA,2025-01-31,0,base,xgboost,tuned_optimized_threshold,0.4,0.3253859,0
AAPL,2025-02-03,1,base,xgboost,tuned_optimized_threshold,0.4,0.5891044,1
MSFT,2025-02-03,1,base,xgboost,tuned_optimized_threshold,0.4,0.28993788,0
NVDA,2025-02-03,1,base,xgboost,tuned_optimized_threshold,0.4,0.5959088,1
TSLA,2025-02-03,1,base,xgboost,tuned_optimized_threshold,0.4,0.35470635,0
AAPL,2025-02-04,0,base,xgboost,tuned_optimized_threshold,0.4,0.58585626,1
MSFT,2025-02-04,1,base,xgboost,tuned_optimized_threshold,0.4,0.29637772,0
NVDA,2025-02-04,1,base,xgboost,tuned_optimized_threshold,0.4,0.5160815,1
TSLA,2025-02-04,0,base,xgboost,tuned_optimized_threshold,0.4,0.24264942,0
AAPL,2025-02-05,1,base,xgboost,tuned_optimized_threshold,0.4,0.5968349,1
MSFT,2025-02-05,1,base,xgboost,tuned_optimized_threshold,0.4,0.28603485,0
NVDA,2025-02-05,1,base,xgboost,tuned_optimized_threshold,0.4,0.46118507,1
TSLA,2025-02-05,0,base,xgboost,tuned_optimized_threshold,0.4,0.2668834,0
AAPL,2025-02-06,0,base,xgboost,tuned_optimized_threshold,0.4,0.58741206,1
MSFT,2025-02-06,0,base,xgboost,tuned_optimized_threshold,0.4,0.27119592,0
NVDA,2025-02-06,1,base,xgboost,tuned_optimized_threshold,0.4,0.4941702,1
TSLA,2025-02-06,0,base,xgboost,tuned_optimized_threshold,0.4,0.28768894,0
AAPL,2025-02-07,1,base,xgboost,tuned_optimized_threshold,0.4,0.6300015,1
MSFT,2025-02-07,1,base,xgboost,tuned_optimized_threshold,0.4,0.33989948,0
NVDA,2025-02-07,1,base,xgboost,tuned_optimized_threshold,0.4,0.50045437,1
TSLA,2025-02-07,0,base,xgboost,tuned_optimized_threshold,0.4,0.3024978,0
AAPL,2025-02-10,1,base,xgboost,tuned_optimized_threshold,0.4,0.58631563,1
MSFT,2025-02-10,0,base,xgboost,tuned_optimized_threshold,0.4,0.28436524,0
NVDA,2025-02-10,0,base,xgboost,tuned_optimized_threshold,0.4,0.4883602,1
TSLA,2025-02-10,0,base,xgboost,tuned_optimized_threshold,0.4,0.35735285,0
AAPL,2025-02-11,1,base,xgboost,tuned_optimized_threshold,0.4,0.5628562,1
MSFT,2025-02-11,0,base,xgboost,tuned_optimized_threshold,0.4,0.27904382,0
NVDA,2025-02-11,0,base,xgboost,tuned_optimized_threshold,0.4,0.53614473,1
TSLA,2025-02-11,1,base,xgboost,tuned_optimized_threshold,0.4,0.5586438,1
AAPL,2025-02-12,1,base,xgboost,tuned_optimized_threshold,0.4,0.5628885,1
MSFT,2025-02-12,1,base,xgboost,tuned_optimized_threshold,0.4,0.28688055,0
NVDA,2025-02-12,1,base,xgboost,tuned_optimized_threshold,0.4,0.54688925,1
TSLA,2025-02-12,1,base,xgboost,tuned_optimized_threshold,0.4,0.44327888,1
AAPL,2025-02-13,1,base,xgboost,tuned_optimized_threshold,0.4,0.60724276,1
MSFT,2025-02-13,0,base,xgboost,tuned_optimized_threshold,0.4,0.36373106,0
NVDA,2025-02-13,1,base,xgboost,tuned_optimized_threshold,0.4,0.5091248,1
TSLA,2025-02-13,0,base,xgboost,tuned_optimized_threshold,0.4,0.34901872,0
AAPL,2025-02-14,0,base,xgboost,tuned_optimized_threshold,0.4,0.6014267,1
MSFT,2025-02-14,1,base,xgboost,tuned_optimized_threshold,0.4,0.35113218,0
NVDA,2025-02-14,1,base,xgboost,tuned_optimized_threshold,0.4,0.57466495,1
TSLA,2025-02-14,0,base,xgboost,tuned_optimized_threshold,0.4,0.30017468,0
AAPL,2025-02-18,1,base,xgboost,tuned_optimized_threshold,0.4,0.5938887,1
MSFT,2025-02-18,1,base,xgboost,tuned_optimized_threshold,0.4,0.30935004,0
NVDA,2025-02-18,0,base,xgboost,tuned_optimized_threshold,0.4,0.5639089,1
TSLA,2025-02-18,1,base,xgboost,tuned_optimized_threshold,0.4,0.33403048,0
AAPL,2025-02-19,1,base,xgboost,tuned_optimized_threshold,0.4,0.60457706,1
MSFT,2025-02-19,1,base,xgboost,tuned_optimized_threshold,0.4,0.33515692,0
NVDA,2025-02-19,1,base,xgboost,tuned_optimized_threshold,0.4,0.5798849,1
TSLA,2025-02-19,0,base,xgboost,tuned_optimized_threshold,0.4,0.2892488,0
AAPL,2025-02-20,0,base,xgboost,tuned_optimized_threshold,0.4,0.50633836,1
MSFT,2025-02-20,0,base,xgboost,tuned_optimized_threshold,0.4,0.3141183,0
NVDA,2025-02-20,0,base,xgboost,tuned_optimized_threshold,0.4,0.5603811,1
TSLA,2025-02-20,0,base,xgboost,tuned_optimized_threshold,0.4,0.31417295,0
AAPL,2025-02-21,1,base,xgboost,tuned_optimized_threshold,0.4,0.5431539,1
MSFT,2025-02-21,0,base,xgboost,tuned_optimized_threshold,0.4,0.32905743,0
NVDA,2025-02-21,0,base,xgboost,tuned_optimized_threshold,0.4,0.5481582,1
TSLA,2025-02-21,0,base,xgboost,tuned_optimized_threshold,0.4,0.33399212,0
AAPL,2025-02-24,0,base,xgboost,tuned_optimized_threshold,0.4,0.5031172,1
MSFT,2025-02-24,0,base,xgboost,tuned_optimized_threshold,0.4,0.35126957,0
NVDA,2025-02-24,0,base,xgboost,tuned_optimized_threshold,0.4,0.5374265,1
TSLA,2025-02-24,0,base,xgboost,tuned_optimized_threshold,0.4,0.44818,1
AAPL,2025-02-25,0,base,xgboost,tuned_optimized_threshold,0.4,0.54460955,1
MSFT,2025-02-25,1,base,xgboost,tuned_optimized_threshold,0.4,0.3547392,0
NVDA,2025-02-25,1,base,xgboost,tuned_optimized_threshold,0.4,0.59733695,1
TSLA,2025-02-25,0,base,xgboost,tuned_optimized_threshold,0.4,0.58694077,1
AAPL,2025-02-26,0,base,xgboost,tuned_optimized_threshold,0.4,0.5885235,1
MSFT,2025-02-26,0,base,xgboost,tuned_optimized_threshold,0.4,0.30488324,0
NVDA,2025-02-26,0,base,xgboost,tuned_optimized_threshold,0.4,0.4786409,1
TSLA,2025-02-26,0,base,xgboost,tuned_optimized_threshold,0.4,0.516009,1
AAPL,2025-02-27,1,base,xgboost,tuned_optimized_threshold,0.4,0.58656293,1
MSFT,2025-02-27,1,base,xgboost,tuned_optimized_threshold,0.4,0.3676768,0
NVDA,2025-02-27,1,base,xgboost,tuned_optimized_threshold,0.4,0.6260646,1
TSLA,2025-02-27,1,base,xgboost,tuned_optimized_threshold,0.4,0.68172085,1
AAPL,2025-02-28,0,base,xgboost,tuned_optimized_threshold,0.4,0.5112934,1
MSFT,2025-02-28,0,base,xgboost,tuned_optimized_threshold,0.4,0.42540988,1
NVDA,2025-02-28,0,base,xgboost,tuned_optimized_threshold,0.4,0.5462052,1
TSLA,2025-02-28,0,base,xgboost,tuned_optimized_threshold,0.4,0.5718062,1
AAPL,2025-03-03,0,base,xgboost,tuned_optimized_threshold,0.4,0.54725724,1
MSFT,2025-03-03,1,base,xgboost,tuned_optimized_threshold,0.4,0.45359704,1
NVDA,2025-03-03,1,base,xgboost,tuned_optimized_threshold,0.4,0.5948627,1
TSLA,2025-03-03,0,base,xgboost,tuned_optimized_threshold,0.4,0.6381742,1
AAPL,2025-03-04,0,base,xgboost,tuned_optimized_threshold,0.4,0.5523294,1
MSFT,2025-03-04,1,base,xgboost,tuned_optimized_threshold,0.4,0.44277453,1
NVDA,2025-03-04,1,base,xgboost,tuned_optimized_threshold,0.4,0.5291391,1
TSLA,2025-03-04,1,base,xgboost,tuned_optimized_threshold,0.4,0.6356916,1
AAPL,2025-03-05,0,base,xgboost,tuned_optimized_threshold,0.4,0.5301863,1
MSFT,2025-03-05,0,base,xgboost,tuned_optimized_threshold,0.4,0.37417793,0
NVDA,2025-03-05,0,base,xgboost,tuned_optimized_threshold,0.4,0.5232327,1
TSLA,2025-03-05,0,base,xgboost,tuned_optimized_threshold,0.4,0.6097479,1
AAPL,2025-03-06,1,base,xgboost,tuned_optimized_threshold,0.4,0.5733327,1
MSFT,2025-03-06,0,base,xgboost,tuned_optimized_threshold,0.4,0.39325157,0
NVDA,2025-03-06,1,base,xgboost,tuned_optimized_threshold,0.4,0.5764632,1
TSLA,2025-03-06,0,base,xgboost,tuned_optimized_threshold,0.4,0.66455233,1
AAPL,2025-03-07,0,base,xgboost,tuned_optimized_threshold,0.4,0.50408673,1
MSFT,2025-03-07,0,base,xgboost,tuned_optimized_threshold,0.4,0.3913149,0
NVDA,2025-03-07,0,base,xgboost,tuned_optimized_threshold,0.4,0.5284867,1
TSLA,2025-03-07,0,base,xgboost,tuned_optimized_threshold,0.4,0.6187502,1
AAPL,2025-03-10,0,base,xgboost,tuned_optimized_threshold,0.4,0.51798505,1
MSFT,2025-03-10,1,base,xgboost,tuned_optimized_threshold,0.4,0.45410112,1
NVDA,2025-03-10,1,base,xgboost,tuned_optimized_threshold,0.4,0.5727092,1
TSLA,2025-03-10,1,base,xgboost,tuned_optimized_threshold,0.4,0.6963864,1
AAPL,2025-03-11,0,base,xgboost,tuned_optimized_threshold,0.4,0.5190443,1
MSFT,2025-03-11,1,base,xgboost,tuned_optimized_threshold,0.4,0.398654,0
NVDA,2025-03-11,1,base,xgboost,tuned_optimized_threshold,0.4,0.5302031,1
TSLA,2025-03-11,1,base,xgboost,tuned_optimized_threshold,0.4,0.5916796,1
AAPL,2025-03-12,0,base,xgboost,tuned_optimized_threshold,0.4,0.5695484,1
MSFT,2025-03-12,0,base,xgboost,tuned_optimized_threshold,0.4,0.38316163,0
NVDA,2025-03-12,0,base,xgboost,tuned_optimized_threshold,0.4,0.44329727,1
TSLA,2025-03-12,0,base,xgboost,tuned_optimized_threshold,0.4,0.51870084,1
AAPL,2025-03-13,1,base,xgboost,tuned_optimized_threshold,0.4,0.608545,1
MSFT,2025-03-13,1,base,xgboost,tuned_optimized_threshold,0.4,0.3398201,0
NVDA,2025-03-13,1,base,xgboost,tuned_optimized_threshold,0.4,0.5558974,1
TSLA,2025-03-13,1,base,xgboost,tuned_optimized_threshold,0.4,0.6222477,1
AAPL,2025-03-14,1,base,xgboost,tuned_optimized_threshold,0.4,0.553866,1
MSFT,2025-03-14,1,base,xgboost,tuned_optimized_threshold,0.4,0.27274454,0
NVDA,2025-03-14,0,base,xgboost,tuned_optimized_threshold,0.4,0.4640497,1
TSLA,2025-03-14,0,base,xgboost,tuned_optimized_threshold,0.4,0.5461124,1
AAPL,2025-03-17,0,base,xgboost,tuned_optimized_threshold,0.4,0.59069806,1
MSFT,2025-03-17,0,base,xgboost,tuned_optimized_threshold,0.4,0.31682655,0
NVDA,2025-03-17,0,base,xgboost,tuned_optimized_threshold,0.4,0.52862144,1
TSLA,2025-03-17,0,base,xgboost,tuned_optimized_threshold,0.4,0.59193623,1
AAPL,2025-03-18,1,base,xgboost,tuned_optimized_threshold,0.4,0.6280802,1
MSFT,2025-03-18,1,base,xgboost,tuned_optimized_threshold,0.4,0.30162746,0
NVDA,2025-03-18,1,base,xgboost,tuned_optimized_threshold,0.4,0.5636747,1
TSLA,2025-03-18,1,base,xgboost,tuned_optimized_threshold,0.4,0.6522589,1
AAPL,2025-03-19,0,base,xgboost,tuned_optimized_threshold,0.4,0.5293898,1
MSFT,2025-03-19,0,base,xgboost,tuned_optimized_threshold,0.4,0.2951656,0
NVDA,2025-03-19,1,base,xgboost,tuned_optimized_threshold,0.4,0.52391696,1
TSLA,2025-03-19,1,base,xgboost,tuned_optimized_threshold,0.4,0.52686197,1
AAPL,2025-03-20,1,base,xgboost,tuned_optimized_threshold,0.4,0.56236094,1
MSFT,2025-03-20,1,base,xgboost,tuned_optimized_threshold,0.4,0.29322442,0
NVDA,2025-03-20,0,base,xgboost,tuned_optimized_threshold,0.4,0.5189569,1
TSLA,2025-03-20,1,base,xgboost,tuned_optimized_threshold,0.4,0.58326626,1
AAPL,2025-03-21,1,base,xgboost,tuned_optimized_threshold,0.4,0.5501732,1
MSFT,2025-03-21,1,base,xgboost,tuned_optimized_threshold,0.4,0.3523763,0
NVDA,2025-03-21,1,base,xgboost,tuned_optimized_threshold,0.4,0.5854216,1
TSLA,2025-03-21,1,base,xgboost,tuned_optimized_threshold,0.4,0.52786815,1
AAPL,2025-03-24,1,base,xgboost,tuned_optimized_threshold,0.4,0.56415766,1
MSFT,2025-03-24,1,base,xgboost,tuned_optimized_threshold,0.4,0.3105009,0
NVDA,2025-03-24,0,base,xgboost,tuned_optimized_threshold,0.4,0.4936651,1
TSLA,2025-03-24,1,base,xgboost,tuned_optimized_threshold,0.4,0.4811965,1
AAPL,2025-03-25,0,base,xgboost,tuned_optimized_threshold,0.4,0.56603235,1
MSFT,2025-03-25,0,base,xgboost,tuned_optimized_threshold,0.4,0.34355098,0
NVDA,2025-03-25,0,base,xgboost,tuned_optimized_threshold,0.4,0.56931776,1
TSLA,2025-03-25,0,base,xgboost,tuned_optimized_threshold,0.4,0.5162784,1
AAPL,2025-03-26,1,base,xgboost,tuned_optimized_threshold,0.4,0.5992677,1
MSFT,2025-03-26,1,base,xgboost,tuned_optimized_threshold,0.4,0.3492574,0
NVDA,2025-03-26,0,base,xgboost,tuned_optimized_threshold,0.4,0.6099568,1
TSLA,2025-03-26,1,base,xgboost,tuned_optimized_threshold,0.4,0.6627655,1
AAPL,2025-03-27,0,base,xgboost,tuned_optimized_threshold,0.4,0.5601026,1
MSFT,2025-03-27,0,base,xgboost,tuned_optimized_threshold,0.4,0.3634374,0
NVDA,2025-03-27,0,base,xgboost,tuned_optimized_threshold,0.4,0.51678145,1
TSLA,2025-03-27,0,base,xgboost,tuned_optimized_threshold,0.4,0.5425262,1
AAPL,2025-03-28,1,base,xgboost,tuned_optimized_threshold,0.4,0.6085029,1
MSFT,2025-03-28,0,base,xgboost,tuned_optimized_threshold,0.4,0.39428192,0
NVDA,2025-03-28,0,base,xgboost,tuned_optimized_threshold,0.4,0.55074054,1
TSLA,2025-03-28,0,base,xgboost,tuned_optimized_threshold,0.4,0.6150282,1
AAPL,2025-03-31,1,base,xgboost,tuned_optimized_threshold,0.4,0.5380974,1
MSFT,2025-03-31,1,base,xgboost,tuned_optimized_threshold,0.4,0.35908625,0
NVDA,2025-03-31,1,base,xgboost,tuned_optimized_threshold,0.4,0.57316905,1
TSLA,2025-03-31,1,base,xgboost,tuned_optimized_threshold,0.4,0.5364076,1
AAPL,2025-04-01,1,base,xgboost,tuned_optimized_threshold,0.4,0.565662,1
MSFT,2025-04-01,0,base,xgboost,tuned_optimized_threshold,0.4,0.29637074,0
NVDA,2025-04-01,1,base,xgboost,tuned_optimized_threshold,0.4,0.520098,1
TSLA,2025-04-01,1,base,xgboost,tuned_optimized_threshold,0.4,0.53406453,1
AAPL,2025-04-02,0,base,xgboost,tuned_optimized_threshold,0.4,0.5965012,1
MSFT,2025-04-02,0,base,xgboost,tuned_optimized_threshold,0.4,0.35584268,0
NVDA,2025-04-02,0,base,xgboost,tuned_optimized_threshold,0.4,0.53666776,1
TSLA,2025-04-02,0,base,xgboost,tuned_optimized_threshold,0.4,0.48276702,1
AAPL,2025-04-03,0,base,xgboost,tuned_optimized_threshold,0.4,0.5782631,1
MSFT,2025-04-03,0,base,xgboost,tuned_optimized_threshold,0.4,0.4283424,1
NVDA,2025-04-03,0,base,xgboost,tuned_optimized_threshold,0.4,0.6110607,1
TSLA,2025-04-03,0,base,xgboost,tuned_optimized_threshold,0.4,0.55709594,1
AAPL,2025-04-04,0,base,xgboost,tuned_optimized_threshold,0.4,0.5898659,1
MSFT,2025-04-04,0,base,xgboost,tuned_optimized_threshold,0.4,0.4252794,1
NVDA,2025-04-04,1,base,xgboost,tuned_optimized_threshold,0.4,0.60396796,1
TSLA,2025-04-04,0,base,xgboost,tuned_optimized_threshold,0.4,0.57688165,1
AAPL,2025-04-07,0,base,xgboost,tuned_optimized_threshold,0.4,0.5596599,1
MSFT,2025-04-07,0,base,xgboost,tuned_optimized_threshold,0.4,0.42889008,1
NVDA,2025-04-07,0,base,xgboost,tuned_optimized_threshold,0.4,0.49814403,1
TSLA,2025-04-07,0,base,xgboost,tuned_optimized_threshold,0.4,0.5181715,1
AAPL,2025-04-08,1,base,xgboost,tuned_optimized_threshold,0.4,0.566331,1
MSFT,2025-04-08,1,base,xgboost,tuned_optimized_threshold,0.4,0.41581655,1
NVDA,2025-04-08,1,base,xgboost,tuned_optimized_threshold,0.4,0.5545433,1
TSLA,2025-04-08,1,base,xgboost,tuned_optimized_threshold,0.4,0.5192647,1
AAPL,2025-04-09,0,base,xgboost,tuned_optimized_threshold,0.4,0.37353963,0
MSFT,2025-04-09,0,base,xgboost,tuned_optimized_threshold,0.4,0.24356046,0
NVDA,2025-04-09,0,base,xgboost,tuned_optimized_threshold,0.4,0.4022965,1
TSLA,2025-04-09,0,base,xgboost,tuned_optimized_threshold,0.4,0.38510358,0
AAPL,2025-04-10,1,base,xgboost,tuned_optimized_threshold,0.4,0.49367014,1
MSFT,2025-04-10,1,base,xgboost,tuned_optimized_threshold,0.4,0.3189818,0
NVDA,2025-04-10,1,base,xgboost,tuned_optimized_threshold,0.4,0.6067631,1
TSLA,2025-04-10,0,base,xgboost,tuned_optimized_threshold,0.4,0.62445444,1
AAPL,2025-04-11,1,base,xgboost,tuned_optimized_threshold,0.4,0.42484412,1
MSFT,2025-04-11,0,base,xgboost,tuned_optimized_threshold,0.4,0.27449638,0
NVDA,2025-04-11,0,base,xgboost,tuned_optimized_threshold,0.4,0.4946499,1
TSLA,2025-04-11,1,base,xgboost,tuned_optimized_threshold,0.4,0.49906304,1
AAPL,2025-04-14,0,base,xgboost,tuned_optimized_threshold,0.4,0.4581123,1
MSFT,2025-04-14,0,base,xgboost,tuned_optimized_threshold,0.4,0.21801332,0
NVDA,2025-04-14,1,base,xgboost,tuned_optimized_threshold,0.4,0.55293787,1
TSLA,2025-04-14,1,base,xgboost,tuned_optimized_threshold,0.4,0.48585436,1
AAPL,2025-04-15,0,base,xgboost,tuned_optimized_threshold,0.4,0.5049595,1
MSFT,2025-04-15,0,base,xgboost,tuned_optimized_threshold,0.4,0.2302992,0
NVDA,2025-04-15,0,base,xgboost,tuned_optimized_threshold,0.4,0.5084519,1
TSLA,2025-04-15,0,base,xgboost,tuned_optimized_threshold,0.4,0.48896134,1
AAPL,2025-04-16,1,base,xgboost,tuned_optimized_threshold,0.4,0.48338553,1
MSFT,2025-04-16,0,base,xgboost,tuned_optimized_threshold,0.4,0.31887102,0
NVDA,2025-04-16,0,base,xgboost,tuned_optimized_threshold,0.4,0.6587874,1
TSLA,2025-04-16,0,base,xgboost,tuned_optimized_threshold,0.4,0.5478043,1
AAPL,2025-04-17,0,base,xgboost,tuned_optimized_threshold,0.4,0.4725776,1
MSFT,2025-04-17,0,base,xgboost,tuned_optimized_threshold,0.4,0.2688588,0
NVDA,2025-04-17,0,base,xgboost,tuned_optimized_threshold,0.4,0.6277329,1
TSLA,2025-04-17,0,base,xgboost,tuned_optimized_threshold,0.4,0.49389616,1
AAPL,2025-04-21,1,base,xgboost,tuned_optimized_threshold,0.4,0.5074217,1
MSFT,2025-04-21,1,base,xgboost,tuned_optimized_threshold,0.4,0.29975465,0
NVDA,2025-04-21,1,base,xgboost,tuned_optimized_threshold,0.4,0.60372305,1
TSLA,2025-04-21,1,base,xgboost,tuned_optimized_threshold,0.4,0.58662355,1
AAPL,2025-04-22,1,base,xgboost,tuned_optimized_threshold,0.4,0.4705248,1
MSFT,2025-04-22,1,base,xgboost,tuned_optimized_threshold,0.4,0.23468897,0
NVDA,2025-04-22,1,base,xgboost,tuned_optimized_threshold,0.4,0.50553316,1
TSLA,2025-04-22,1,base,xgboost,tuned_optimized_threshold,0.4,0.39938807,0
AAPL,2025-04-23,1,base,xgboost,tuned_optimized_threshold,0.4,0.4953679,1
MSFT,2025-04-23,1,base,xgboost,tuned_optimized_threshold,0.4,0.24676871,0
NVDA,2025-04-23,1,base,xgboost,tuned_optimized_threshold,0.4,0.48866704,1
TSLA,2025-04-23,1,base,xgboost,tuned_optimized_threshold,0.4,0.3616482,0
AAPL,2025-04-24,1,base,xgboost,tuned_optimized_threshold,0.4,0.48093006,1
MSFT,2025-04-24,1,base,xgboost,tuned_optimized_threshold,0.4,0.26311356,0
NVDA,2025-04-24,1,base,xgboost,tuned_optimized_threshold,0.4,0.48404622,1
TSLA,2025-04-24,1,base,xgboost,tuned_optimized_threshold,0.4,0.41389316,1
AAPL,2025-04-25,1,base,xgboost,tuned_optimized_threshold,0.4,0.48725832,1
MSFT,2025-04-25,0,base,xgboost,tuned_optimized_threshold,0.4,0.23174433,0
NVDA,2025-04-25,0,base,xgboost,tuned_optimized_threshold,0.4,0.49278477,1
TSLA,2025-04-25,1,base,xgboost,tuned_optimized_threshold,0.4,0.39304218,0
AAPL,2025-04-28,1,base,xgboost,tuned_optimized_threshold,0.4,0.51061106,1
MSFT,2025-04-28,1,base,xgboost,tuned_optimized_threshold,0.4,0.23748854,0
NVDA,2025-04-28,1,base,xgboost,tuned_optimized_threshold,0.4,0.49078035,1
TSLA,2025-04-28,1,base,xgboost,tuned_optimized_threshold,0.4,0.53399837,1
AAPL,2025-04-29,1,base,xgboost,tuned_optimized_threshold,0.4,0.49635276,1
MSFT,2025-04-29,1,base,xgboost,tuned_optimized_threshold,0.4,0.2866572,0
NVDA,2025-04-29,0,base,xgboost,tuned_optimized_threshold,0.4,0.52714115,1
TSLA,2025-04-29,0,base,xgboost,tuned_optimized_threshold,0.4,0.5156007,1
AAPL,2025-04-30,1,base,xgboost,tuned_optimized_threshold,0.4,0.52482367,1
MSFT,2025-04-30,1,base,xgboost,tuned_optimized_threshold,0.4,0.32346666,0
NVDA,2025-04-30,1,base,xgboost,tuned_optimized_threshold,0.4,0.565808,1
TSLA,2025-04-30,0,base,xgboost,tuned_optimized_threshold,0.4,0.5782722,1
AAPL,2025-05-01,0,base,xgboost,tuned_optimized_threshold,0.4,0.5214221,1
MSFT,2025-05-01,1,base,xgboost,tuned_optimized_threshold,0.4,0.27621806,0
NVDA,2025-05-01,1,base,xgboost,tuned_optimized_threshold,0.4,0.51579833,1
TSLA,2025-05-01,1,base,xgboost,tuned_optimized_threshold,0.4,0.5088728,1
AAPL,2025-05-02,0,base,xgboost,tuned_optimized_threshold,0.4,0.5654942,1
MSFT,2025-05-02,1,base,xgboost,tuned_optimized_threshold,0.4,0.24998915,0
NVDA,2025-05-02,0,base,xgboost,tuned_optimized_threshold,0.4,0.5582071,1
TSLA,2025-05-02,0,base,xgboost,tuned_optimized_threshold,0.4,0.47747698,1
AAPL,2025-05-05,0,base,xgboost,tuned_optimized_threshold,0.4,0.55520266,1
MSFT,2025-05-05,0,base,xgboost,tuned_optimized_threshold,0.4,0.28502434,0
NVDA,2025-05-05,0,base,xgboost,tuned_optimized_threshold,0.4,0.5806817,1
TSLA,2025-05-05,0,base,xgboost,tuned_optimized_threshold,0.4,0.47238547,1
AAPL,2025-05-06,0,base,xgboost,tuned_optimized_threshold,0.4,0.5466944,1
MSFT,2025-05-06,1,base,xgboost,tuned_optimized_threshold,0.4,0.3346398,0
NVDA,2025-05-06,1,base,xgboost,tuned_optimized_threshold,0.4,0.5567996,1
TSLA,2025-05-06,1,base,xgboost,tuned_optimized_threshold,0.4,0.42045438,1
AAPL,2025-05-07,1,base,xgboost,tuned_optimized_threshold,0.4,0.5144502,1
MSFT,2025-05-07,1,base,xgboost,tuned_optimized_threshold,0.4,0.32638082,0
NVDA,2025-05-07,1,base,xgboost,tuned_optimized_threshold,0.4,0.54006094,1
TSLA,2025-05-07,1,base,xgboost,tuned_optimized_threshold,0.4,0.44207102,1
AAPL,2025-05-08,1,base,xgboost,tuned_optimized_threshold,0.4,0.53094286,1
MSFT,2025-05-08,1,base,xgboost,tuned_optimized_threshold,0.4,0.42476693,1
NVDA,2025-05-08,0,base,xgboost,tuned_optimized_threshold,0.4,0.56890035,1
TSLA,2025-05-08,1,base,xgboost,tuned_optimized_threshold,0.4,0.48978212,1
AAPL,2025-05-09,1,base,xgboost,tuned_optimized_threshold,0.4,0.57311386,1
MSFT,2025-05-09,1,base,xgboost,tuned_optimized_threshold,0.4,0.40316814,1
NVDA,2025-05-09,1,base,xgboost,tuned_optimized_threshold,0.4,0.5764988,1
TSLA,2025-05-09,1,base,xgboost,tuned_optimized_threshold,0.4,0.48527095,1
AAPL,2025-05-12,1,base,xgboost,tuned_optimized_threshold,0.4,0.46448565,1
MSFT,2025-05-12,0,base,xgboost,tuned_optimized_threshold,0.4,0.4368594,1
NVDA,2025-05-12,1,base,xgboost,tuned_optimized_threshold,0.4,0.48982525,1
TSLA,2025-05-12,1,base,xgboost,tuned_optimized_threshold,0.4,0.5598134,1
AAPL,2025-05-13,0,base,xgboost,tuned_optimized_threshold,0.4,0.58319443,1
MSFT,2025-05-13,1,base,xgboost,tuned_optimized_threshold,0.4,0.3315128,0
NVDA,2025-05-13,1,base,xgboost,tuned_optimized_threshold,0.4,0.47101757,1
TSLA,2025-05-13,1,base,xgboost,tuned_optimized_threshold,0.4,0.61373013,1
AAPL,2025-05-14,0,base,xgboost,tuned_optimized_threshold,0.4,0.58538294,1
MSFT,2025-05-14,1,base,xgboost,tuned_optimized_threshold,0.4,0.318776,0
NVDA,2025-05-14,0,base,xgboost,tuned_optimized_threshold,0.4,0.5266813,1
TSLA,2025-05-14,0,base,xgboost,tuned_optimized_threshold,0.4,0.656071,1
AAPL,2025-05-15,0,base,xgboost,tuned_optimized_threshold,0.4,0.5983544,1
MSFT,2025-05-15,1,base,xgboost,tuned_optimized_threshold,0.4,0.33768436,0
NVDA,2025-05-15,1,base,xgboost,tuned_optimized_threshold,0.4,0.53891367,1
TSLA,2025-05-15,1,base,xgboost,tuned_optimized_threshold,0.4,0.45614794,1
AAPL,2025-05-16,0,base,xgboost,tuned_optimized_threshold,0.4,0.5625655,1
MSFT,2025-05-16,1,base,xgboost,tuned_optimized_threshold,0.4,0.34761232,0
NVDA,2025-05-16,1,base,xgboost,tuned_optimized_threshold,0.4,0.5092835,1
TSLA,2025-05-16,0,base,xgboost,tuned_optimized_threshold,0.4,0.53534275,1
AAPL,2025-05-19,0,base,xgboost,tuned_optimized_threshold,0.4,0.57385,1
MSFT,2025-05-19,0,base,xgboost,tuned_optimized_threshold,0.4,0.32360104,0
NVDA,2025-05-19,0,base,xgboost,tuned_optimized_threshold,0.4,0.5260508,1
TSLA,2025-05-19,1,base,xgboost,tuned_optimized_threshold,0.4,0.5038513,1
AAPL,2025-05-20,0,base,xgboost,tuned_optimized_threshold,0.4,0.5844085,1
MSFT,2025-05-20,0,base,xgboost,tuned_optimized_threshold,0.4,0.3379538,0
NVDA,2025-05-20,0,base,xgboost,tuned_optimized_threshold,0.4,0.5289183,1
TSLA,2025-05-20,0,base,xgboost,tuned_optimized_threshold,0.4,0.5573437,1
AAPL,2025-05-21,0,base,xgboost,tuned_optimized_threshold,0.4,0.56991893,1
MSFT,2025-05-21,1,base,xgboost,tuned_optimized_threshold,0.4,0.33035818,0
NVDA,2025-05-21,1,base,xgboost,tuned_optimized_threshold,0.4,0.5269465,1
TSLA,2025-05-21,1,base,xgboost,tuned_optimized_threshold,0.4,0.6024002,1
AAPL,2025-05-22,0,base,xgboost,tuned_optimized_threshold,0.4,0.5712285,1
MSFT,2025-05-22,0,base,xgboost,tuned_optimized_threshold,0.4,0.32793507,0
NVDA,2025-05-22,0,base,xgboost,tuned_optimized_threshold,0.4,0.5017387,1
TSLA,2025-05-22,0,base,xgboost,tuned_optimized_threshold,0.4,0.53136444,1
AAPL,2025-05-23,1,base,xgboost,tuned_optimized_threshold,0.4,0.577933,1
MSFT,2025-05-23,1,base,xgboost,tuned_optimized_threshold,0.4,0.34506297,0
NVDA,2025-05-23,1,base,xgboost,tuned_optimized_threshold,0.4,0.5306423,1
TSLA,2025-05-23,1,base,xgboost,tuned_optimized_threshold,0.4,0.5422044,1
AAPL,2025-05-27,1,base,xgboost,tuned_optimized_threshold,0.4,0.54877335,1
MSFT,2025-05-27,0,base,xgboost,tuned_optimized_threshold,0.4,0.3403239,0
NVDA,2025-05-27,0,base,xgboost,tuned_optimized_threshold,0.4,0.49494085,1
TSLA,2025-05-27,0,base,xgboost,tuned_optimized_threshold,0.4,0.5813444,1
AAPL,2025-05-28,0,base,xgboost,tuned_optimized_threshold,0.4,0.56839323,1
MSFT,2025-05-28,1,base,xgboost,tuned_optimized_threshold,0.4,0.40930814,1
NVDA,2025-05-28,1,base,xgboost,tuned_optimized_threshold,0.4,0.5481333,1
TSLA,2025-05-28,1,base,xgboost,tuned_optimized_threshold,0.4,0.5016104,1
AAPL,2025-05-29,1,base,xgboost,tuned_optimized_threshold,0.4,0.59132314,1
MSFT,2025-05-29,1,base,xgboost,tuned_optimized_threshold,0.4,0.4491556,1
NVDA,2025-05-29,0,base,xgboost,tuned_optimized_threshold,0.4,0.48533568,1
TSLA,2025-05-29,0,base,xgboost,tuned_optimized_threshold,0.4,0.4583199,1
AAPL,2025-05-30,1,base,xgboost,tuned_optimized_threshold,0.4,0.54243934,1
MSFT,2025-05-30,1,base,xgboost,tuned_optimized_threshold,0.4,0.46064338,1
NVDA,2025-05-30,1,base,xgboost,tuned_optimized_threshold,0.4,0.5256107,1
TSLA,2025-05-30,0,base,xgboost,tuned_optimized_threshold,0.4,0.54577875,1
AAPL,2025-06-02,1,base,xgboost,tuned_optimized_threshold,0.4,0.59099364,1
MSFT,2025-06-02,1,base,xgboost,tuned_optimized_threshold,0.4,0.44488597,1
NVDA,2025-06-02,1,base,xgboost,tuned_optimized_threshold,0.4,0.49756372,1
TSLA,2025-06-02,1,base,xgboost,tuned_optimized_threshold,0.4,0.47295707,1
AAPL,2025-06-03,0,base,xgboost,tuned_optimized_threshold,0.4,0.568929,1
MSFT,2025-06-03,1,base,xgboost,tuned_optimized_threshold,0.4,0.4849886,1
NVDA,2025-06-03,1,base,xgboost,tuned_optimized_threshold,0.4,0.5060036,1
TSLA,2025-06-03,0,base,xgboost,tuned_optimized_threshold,0.4,0.49697605,1
AAPL,2025-06-04,0,base,xgboost,tuned_optimized_threshold,0.4,0.6001102,1
MSFT,2025-06-04,1,base,xgboost,tuned_optimized_threshold,0.4,0.46817428,1
NVDA,2025-06-04,0,base,xgboost,tuned_optimized_threshold,0.4,0.48244318,1
TSLA,2025-06-04,0,base,xgboost,tuned_optimized_threshold,0.4,0.670256,1
AAPL,2025-06-05,1,base,xgboost,tuned_optimized_threshold,0.4,0.600089,1
MSFT,2025-06-05,1,base,xgboost,tuned_optimized_threshold,0.4,0.41994405,1
NVDA,2025-06-05,1,base,xgboost,tuned_optimized_threshold,0.4,0.5067686,1
TSLA,2025-06-05,1,base,xgboost,tuned_optimized_threshold,0.4,0.7189761,1
AAPL,2025-06-06,0,base,xgboost,tuned_optimized_threshold,0.4,0.55573076,1
MSFT,2025-06-06,1,base,xgboost,tuned_optimized_threshold,0.4,0.47631645,1
NVDA,2025-06-06,1,base,xgboost,tuned_optimized_threshold,0.4,0.49385458,1
TSLA,2025-06-06,1,base,xgboost,tuned_optimized_threshold,0.4,0.4586727,1
AAPL,2025-06-09,1,base,xgboost,tuned_optimized_threshold,0.4,0.5822583,1
MSFT,2025-06-09,0,base,xgboost,tuned_optimized_threshold,0.4,0.43007138,1
NVDA,2025-06-09,1,base,xgboost,tuned_optimized_threshold,0.4,0.50583893,1
TSLA,2025-06-09,1,base,xgboost,tuned_optimized_threshold,0.4,0.49211973,1
AAPL,2025-06-10,0,base,xgboost,tuned_optimized_threshold,0.4,0.55889356,1
MSFT,2025-06-10,1,base,xgboost,tuned_optimized_threshold,0.4,0.44953302,1
NVDA,2025-06-10,0,base,xgboost,tuned_optimized_threshold,0.4,0.49761325,1
TSLA,2025-06-10,1,base,xgboost,tuned_optimized_threshold,0.4,0.45746025,1
AAPL,2025-06-11,1,base,xgboost,tuned_optimized_threshold,0.4,0.56476516,1
MSFT,2025-06-11,1,base,xgboost,tuned_optimized_threshold,0.4,0.36701855,0
NVDA,2025-06-11,1,base,xgboost,tuned_optimized_threshold,0.4,0.4998766,1
TSLA,2025-06-11,0,base,xgboost,tuned_optimized_threshold,0.4,0.4646203,1
AAPL,2025-06-12,0,base,xgboost,tuned_optimized_threshold,0.4,0.5891679,1
MSFT,2025-06-12,0,base,xgboost,tuned_optimized_threshold,0.4,0.38711962,0
NVDA,2025-06-12,0,base,xgboost,tuned_optimized_threshold,0.4,0.4906501,1
TSLA,2025-06-12,1,base,xgboost,tuned_optimized_threshold,0.4,0.46199375,1
AAPL,2025-06-13,1,base,xgboost,tuned_optimized_threshold,0.4,0.5883147,1
MSFT,2025-06-13,1,base,xgboost,tuned_optimized_threshold,0.4,0.34907934,0
NVDA,2025-06-13,1,base,xgboost,tuned_optimized_threshold,0.4,0.4760514,1
TSLA,2025-06-13,1,base,xgboost,tuned_optimized_threshold,0.4,0.46835828,1
AAPL,2025-06-16,0,base,xgboost,tuned_optimized_threshold,0.4,0.5704872,1
MSFT,2025-06-16,0,base,xgboost,tuned_optimized_threshold,0.4,0.3985448,0
NVDA,2025-06-16,0,base,xgboost,tuned_optimized_threshold,0.4,0.48388895,1
TSLA,2025-06-16,0,base,xgboost,tuned_optimized_threshold,0.4,0.45485702,1
AAPL,2025-06-17,1,base,xgboost,tuned_optimized_threshold,0.4,0.5833157,1
MSFT,2025-06-17,1,base,xgboost,tuned_optimized_threshold,0.4,0.3748689,0
NVDA,2025-06-17,1,base,xgboost,tuned_optimized_threshold,0.4,0.520853,1
TSLA,2025-06-17,1,base,xgboost,tuned_optimized_threshold,0.4,0.49766278,1
AAPL,2025-06-18,1,base,xgboost,tuned_optimized_threshold,0.4,0.5517071,1
MSFT,2025-06-18,0,base,xgboost,tuned_optimized_threshold,0.4,0.34774625,0
NVDA,2025-06-18,0,base,xgboost,tuned_optimized_threshold,0.4,0.4981962,1
TSLA,2025-06-18,1,base,xgboost,tuned_optimized_threshold,0.4,0.46181595,1
AAPL,2025-06-20,1,base,xgboost,tuned_optimized_threshold,0.4,0.553415,1
MSFT,2025-06-20,1,base,xgboost,tuned_optimized_threshold,0.4,0.35178944,0
NVDA,2025-06-20,1,base,xgboost,tuned_optimized_threshold,0.4,0.5320419,1
TSLA,2025-06-20,1,base,xgboost,tuned_optimized_threshold,0.4,0.45824784,1
AAPL,2025-06-23,0,base,xgboost,tuned_optimized_threshold,0.4,0.5693399,1
MSFT,2025-06-23,1,base,xgboost,tuned_optimized_threshold,0.4,0.3788368,0
NVDA,2025-06-23,1,base,xgboost,tuned_optimized_threshold,0.4,0.53254527,1
TSLA,2025-06-23,0,base,xgboost,tuned_optimized_threshold,0.4,0.46069857,1
AAPL,2025-06-24,1,base,xgboost,tuned_optimized_threshold,0.4,0.6039204,1
MSFT,2025-06-24,1,base,xgboost,tuned_optimized_threshold,0.4,0.3736206,0
NVDA,2025-06-24,1,base,xgboost,tuned_optimized_threshold,0.4,0.5068584,1
TSLA,2025-06-24,0,base,xgboost,tuned_optimized_threshold,0.4,0.44002432,1
AAPL,2025-06-25,0,base,xgboost,tuned_optimized_threshold,0.4,0.5862533,1
MSFT,2025-06-25,1,base,xgboost,tuned_optimized_threshold,0.4,0.32097203,0
NVDA,2025-06-25,1,base,xgboost,tuned_optimized_threshold,0.4,0.48008692,1
TSLA,2025-06-25,0,base,xgboost,tuned_optimized_threshold,0.4,0.517245,1
AAPL,2025-06-26,1,base,xgboost,tuned_optimized_threshold,0.4,0.623994,1
MSFT,2025-06-26,0,base,xgboost,tuned_optimized_threshold,0.4,0.32820553,0
NVDA,2025-06-26,1,base,xgboost,tuned_optimized_threshold,0.4,0.49677917,1
TSLA,2025-06-26,0,base,xgboost,tuned_optimized_threshold,0.4,0.4794407,1
AAPL,2025-06-27,1,base,xgboost,tuned_optimized_threshold,0.4,0.5859274,1
MSFT,2025-06-27,1,base,xgboost,tuned_optimized_threshold,0.4,0.35048595,0
NVDA,2025-06-27,1,base,xgboost,tuned_optimized_threshold,0.4,0.48680866,1
TSLA,2025-06-27,0,base,xgboost,tuned_optimized_threshold,0.4,0.4893397,1
AAPL,2025-06-30,1,base,xgboost,tuned_optimized_threshold,0.4,0.58752465,1
MSFT,2025-06-30,0,base,xgboost,tuned_optimized_threshold,0.4,0.35478365,0
NVDA,2025-06-30,0,base,xgboost,tuned_optimized_threshold,0.4,0.48345134,1
TSLA,2025-06-30,0,base,xgboost,tuned_optimized_threshold,0.4,0.47732094,1
AAPL,2025-07-01,1,base,xgboost,tuned_optimized_threshold,0.4,0.6149291,1
MSFT,2025-07-01,0,base,xgboost,tuned_optimized_threshold,0.4,0.35162348,0
NVDA,2025-07-01,1,base,xgboost,tuned_optimized_threshold,0.4,0.49884015,1
TSLA,2025-07-01,1,base,xgboost,tuned_optimized_threshold,0.4,0.54577297,1
AAPL,2025-07-02,1,base,xgboost,tuned_optimized_threshold,0.4,0.5536139,1
MSFT,2025-07-02,1,base,xgboost,tuned_optimized_threshold,0.4,0.34379086,0
NVDA,2025-07-02,1,base,xgboost,tuned_optimized_threshold,0.4,0.44300902,1
TSLA,2025-07-02,0,base,xgboost,tuned_optimized_threshold,0.4,0.4433844,1
AAPL,2025-07-03,0,base,xgboost,tuned_optimized_threshold,0.4,0.52439964,1
MSFT,2025-07-03,0,base,xgboost,tuned_optimized_threshold,0.4,0.4067876,1
NVDA,2025-07-03,0,base,xgboost,tuned_optimized_threshold,0.4,0.4691519,1
TSLA,2025-07-03,0,base,xgboost,tuned_optimized_threshold,0.4,0.5111005,1
AAPL,2025-07-07,1,base,xgboost,tuned_optimized_threshold,0.4,0.55588573,1
MSFT,2025-07-07,0,base,xgboost,tuned_optimized_threshold,0.4,0.3748689,0
NVDA,2025-07-07,1,base,xgboost,tuned_optimized_threshold,0.4,0.4688924,1
TSLA,2025-07-07,1,base,xgboost,tuned_optimized_threshold,0.4,0.5364869,1
AAPL,2025-07-08,1,base,xgboost,tuned_optimized_threshold,0.4,0.56670725,1
MSFT,2025-07-08,1,base,xgboost,tuned_optimized_threshold,0.4,0.36824933,0
NVDA,2025-07-08,1,base,xgboost,tuned_optimized_threshold,0.4,0.4560611,1
TSLA,2025-07-08,0,base,xgboost,tuned_optimized_threshold,0.4,0.4686566,1
AAPL,2025-07-09,1,base,xgboost,tuned_optimized_threshold,0.4,0.56183773,1
MSFT,2025-07-09,0,base,xgboost,tuned_optimized_threshold,0.4,0.34971458,0
NVDA,2025-07-09,1,base,xgboost,tuned_optimized_threshold,0.4,0.46975106,1
TSLA,2025-07-09,1,base,xgboost,tuned_optimized_threshold,0.4,0.48462373,1
AAPL,2025-07-10,0,base,xgboost,tuned_optimized_threshold,0.4,0.54903436,1
MSFT,2025-07-10,1,base,xgboost,tuned_optimized_threshold,0.4,0.33227327,0
NVDA,2025-07-10,1,base,xgboost,tuned_optimized_threshold,0.4,0.48860914,1
TSLA,2025-07-10,1,base,xgboost,tuned_optimized_threshold,0.4,0.46374124,1
AAPL,2025-07-11,0,base,xgboost,tuned_optimized_threshold,0.4,0.5923431,1
MSFT,2025-07-11,0,base,xgboost,tuned_optimized_threshold,0.4,0.3572686,0
NVDA,2025-07-11,0,base,xgboost,tuned_optimized_threshold,0.4,0.48860914,1
TSLA,2025-07-11,1,base,xgboost,tuned_optimized_threshold,0.4,0.47869602,1
AAPL,2025-07-14,1,base,xgboost,tuned_optimized_threshold,0.4,0.55720294,1
MSFT,2025-07-14,1,base,xgboost,tuned_optimized_threshold,0.4,0.3748689,0
NVDA,2025-07-14,1,base,xgboost,tuned_optimized_threshold,0.4,0.50150466,1
TSLA,2025-07-14,0,base,xgboost,tuned_optimized_threshold,0.4,0.50711966,1
AAPL,2025-07-15,1,base,xgboost,tuned_optimized_threshold,0.4,0.5706728,1
MSFT,2025-07-15,0,base,xgboost,tuned_optimized_threshold,0.4,0.3985448,0
NVDA,2025-07-15,1,base,xgboost,tuned_optimized_threshold,0.4,0.48806503,1
TSLA,2025-07-15,1,base,xgboost,tuned_optimized_threshold,0.4,0.5300836,1
AAPL,2025-07-16,0,base,xgboost,tuned_optimized_threshold,0.4,0.56550217,1
MSFT,2025-07-16,1,base,xgboost,tuned_optimized_threshold,0.4,0.36646128,0
NVDA,2025-07-16,1,base,xgboost,tuned_optimized_threshold,0.4,0.47269836,1
TSLA,2025-07-16,0,base,xgboost,tuned_optimized_threshold,0.4,0.51431614,1
AAPL,2025-07-17,1,base,xgboost,tuned_optimized_threshold,0.4,0.5878261,1
MSFT,2025-07-17,0,base,xgboost,tuned_optimized_threshold,0.4,0.32493663,0
NVDA,2025-07-17,0,base,xgboost,tuned_optimized_threshold,0.4,0.47269836,1
TSLA,2025-07-17,1,base,xgboost,tuned_optimized_threshold,0.4,0.52216136,1
AAPL,2025-07-18,1,base,xgboost,tuned_optimized_threshold,0.4,0.5575044,1
MSFT,2025-07-18,1,base,xgboost,tuned_optimized_threshold,0.4,0.33073825,0
NVDA,2025-07-18,0,base,xgboost,tuned_optimized_threshold,0.4,0.5295173,1
TSLA,2025-07-18,0,base,xgboost,tuned_optimized_threshold,0.4,0.5620094,1
AAPL,2025-07-21,1,base,xgboost,tuned_optimized_threshold,0.4,0.56877327,1
MSFT,2025-07-21,0,base,xgboost,tuned_optimized_threshold,0.4,0.36646128,0
NVDA,2025-07-21,0,base,xgboost,tuned_optimized_threshold,0.4,0.54402274,1
TSLA,2025-07-21,1,base,xgboost,tuned_optimized_threshold,0.4,0.4965127,1
AAPL,2025-07-22,0,base,xgboost,tuned_optimized_threshold,0.4,0.55136764,1
MSFT,2025-07-22,1,base,xgboost,tuned_optimized_threshold,0.4,0.40378797,1
NVDA,2025-07-22,1,base,xgboost,tuned_optimized_threshold,0.4,0.5385976,1
TSLA,2025-07-22,1,base,xgboost,tuned_optimized_threshold,0.4,0.5641039,1
AAPL,2025-07-23,0,base,xgboost,tuned_optimized_threshold,0.4,0.56095445,1
MSFT,2025-07-23,1,base,xgboost,tuned_optimized_threshold,0.4,0.3352628,0
NVDA,2025-07-23,1,base,xgboost,tuned_optimized_threshold,0.4,0.4723162,1
TSLA,2025-07-23,0,base,xgboost,tuned_optimized_threshold,0.4,0.5706768,1
AAPL,2025-07-24,1,base,xgboost,tuned_optimized_threshold,0.4,0.57506156,1
MSFT,2025-07-24,1,base,xgboost,tuned_optimized_threshold,0.4,0.3041452,0
NVDA,2025-07-24,0,base,xgboost,tuned_optimized_threshold,0.4,0.49784645,1
TSLA,2025-07-24,1,base,xgboost,tuned_optimized_threshold,0.4,0.5920823,1
AAPL,2025-07-25,1,base,xgboost,tuned_optimized_threshold,0.4,0.5376529,1
MSFT,2025-07-25,0,base,xgboost,tuned_optimized_threshold,0.4,0.2722981,0
NVDA,2025-07-25,1,base,xgboost,tuned_optimized_threshold,0.4,0.51863104,1
TSLA,2025-07-25,1,base,xgboost,tuned_optimized_threshold,0.4,0.4704918,1
AAPL,2025-07-28,0,base,xgboost,tuned_optimized_threshold,0.4,0.5376529,1
MSFT,2025-07-28,1,base,xgboost,tuned_optimized_threshold,0.4,0.293643,0
NVDA,2025-07-28,0,base,xgboost,tuned_optimized_threshold,0.4,0.49784645,1
TSLA,2025-07-28,0,base,xgboost,tuned_optimized_threshold,0.4,0.43869883,1
AAPL,2025-07-29,0,base,xgboost,tuned_optimized_threshold,0.4,0.54649746,1
MSFT,2025-07-29,1,base,xgboost,tuned_optimized_threshold,0.4,0.24647039,0
NVDA,2025-07-29,1,base,xgboost,tuned_optimized_threshold,0.4,0.5047259,1
TSLA,2025-07-29,0,base,xgboost,tuned_optimized_threshold,0.4,0.43681252,1
AAPL,2025-07-30,0,base,xgboost,tuned_optimized_threshold,0.4,0.5766248,1
MSFT,2025-07-30,1,base,xgboost,tuned_optimized_threshold,0.4,0.2761838,0
NVDA,2025-07-30,0,base,xgboost,tuned_optimized_threshold,0.4,0.5177194,1
TSLA,2025-07-30,0,base,xgboost,tuned_optimized_threshold,0.4,0.49379748,1
AAPL,2025-07-31,0,base,xgboost,tuned_optimized_threshold,0.4,0.5638707,1
MSFT,2025-07-31,0,base,xgboost,tuned_optimized_threshold,0.4,0.33523613,0
NVDA,2025-07-31,0,base,xgboost,tuned_optimized_threshold,0.4,0.51889145,1
TSLA,2025-07-31,0,base,xgboost,tuned_optimized_threshold,0.4,0.4933667,1
AAPL,2025-08-01,1,base,xgboost,tuned_optimized_threshold,0.4,0.5466277,1
MSFT,2025-08-01,1,base,xgboost,tuned_optimized_threshold,0.4,0.3773208,0
NVDA,2025-08-01,1,base,xgboost,tuned_optimized_threshold,0.4,0.51701194,1
TSLA,2025-08-01,1,base,xgboost,tuned_optimized_threshold,0.4,0.45055622,1
AAPL,2025-08-04,0,base,xgboost,tuned_optimized_threshold,0.4,0.5013135,1
MSFT,2025-08-04,0,base,xgboost,tuned_optimized_threshold,0.4,0.39762565,0
NVDA,2025-08-04,0,base,xgboost,tuned_optimized_threshold,0.4,0.47109464,1
TSLA,2025-08-04,0,base,xgboost,tuned_optimized_threshold,0.4,0.51565635,1
AAPL,2025-08-05,1,base,xgboost,tuned_optimized_threshold,0.4,0.5386583,1
MSFT,2025-08-05,0,base,xgboost,tuned_optimized_threshold,0.4,0.37520137,0
NVDA,2025-08-05,1,base,xgboost,tuned_optimized_threshold,0.4,0.49327803,1
TSLA,2025-08-05,1,base,xgboost,tuned_optimized_threshold,0.4,0.518704,1
AAPL,2025-08-06,1,base,xgboost,tuned_optimized_threshold,0.4,0.485197,1
MSFT,2025-08-06,0,base,xgboost,tuned_optimized_threshold,0.4,0.36810243,0
NVDA,2025-08-06,1,base,xgboost,tuned_optimized_threshold,0.4,0.48069265,1
TSLA,2025-08-06,1,base,xgboost,tuned_optimized_threshold,0.4,0.53284234,1
AAPL,2025-08-07,1,base,xgboost,tuned_optimized_threshold,0.4,0.47239032,1
MSFT,2025-08-07,1,base,xgboost,tuned_optimized_threshold,0.4,0.4039373,1
NVDA,2025-08-07,1,base,xgboost,tuned_optimized_threshold,0.4,0.48633507,1
TSLA,2025-08-07,1,base,xgboost,tuned_optimized_threshold,0.4,0.51515925,1
AAPL,2025-08-08,0,base,xgboost,tuned_optimized_threshold,0.4,0.54358464,1
MSFT,2025-08-08,0,base,xgboost,tuned_optimized_threshold,0.4,0.40989926,1
NVDA,2025-08-08,0,base,xgboost,tuned_optimized_threshold,0.4,0.48252815,1
TSLA,2025-08-08,1,base,xgboost,tuned_optimized_threshold,0.4,0.5665125,1
AAPL,2025-08-11,1,base,xgboost,tuned_optimized_threshold,0.4,0.5142681,1
MSFT,2025-08-11,1,base,xgboost,tuned_optimized_threshold,0.4,0.29651824,0
NVDA,2025-08-11,1,base,xgboost,tuned_optimized_threshold,0.4,0.53036076,1
TSLA,2025-08-11,1,base,xgboost,tuned_optimized_threshold,0.4,0.3978641,0
AAPL,2025-08-12,1,base,xgboost,tuned_optimized_threshold,0.4,0.5272994,1
MSFT,2025-08-12,0,base,xgboost,tuned_optimized_threshold,0.4,0.28446463,0
NVDA,2025-08-12,0,base,xgboost,tuned_optimized_threshold,0.4,0.49861464,1
TSLA,2025-08-12,0,base,xgboost,tuned_optimized_threshold,0.4,0.33648664,0
AAPL,2025-08-13,0,base,xgboost,tuned_optimized_threshold,0.4,0.5353617,1
MSFT,2025-08-13,1,base,xgboost,tuned_optimized_threshold,0.4,0.30967352,0
NVDA,2025-08-13,1,base,xgboost,tuned_optimized_threshold,0.4,0.51521784,1
TSLA,2025-08-13,0,base,xgboost,tuned_optimized_threshold,0.4,0.32532403,0
AAPL,2025-08-14,0,base,xgboost,tuned_optimized_threshold,0.4,0.5452315,1
MSFT,2025-08-14,0,base,xgboost,tuned_optimized_threshold,0.4,0.31730136,0
NVDA,2025-08-14,0,base,xgboost,tuned_optimized_threshold,0.4,0.5137333,1
TSLA,2025-08-14,0,base,xgboost,tuned_optimized_threshold,0.4,0.4453175,1
AAPL,2025-08-15,0,base,xgboost,tuned_optimized_threshold,0.4,0.54616016,1
MSFT,2025-08-15,0,base,xgboost,tuned_optimized_threshold,0.4,0.3146486,0
NVDA,2025-08-15,1,base,xgboost,tuned_optimized_threshold,0.4,0.5373969,1
TSLA,2025-08-15,1,base,xgboost,tuned_optimized_threshold,0.4,0.42098933,1
AAPL,2025-08-18,0,base,xgboost,tuned_optimized_threshold,0.4,0.5127803,1
MSFT,2025-08-18,0,base,xgboost,tuned_optimized_threshold,0.4,0.30085263,0
NVDA,2025-08-18,0,base,xgboost,tuned_optimized_threshold,0.4,0.5151549,1
TSLA,2025-08-18,0,base,xgboost,tuned_optimized_threshold,0.4,0.48635375,1
AAPL,2025-08-19,0,base,xgboost,tuned_optimized_threshold,0.4,0.5127803,1
MSFT,2025-08-19,0,base,xgboost,tuned_optimized_threshold,0.4,0.33266568,0
NVDA,2025-08-19,0,base,xgboost,tuned_optimized_threshold,0.4,0.5249598,1
TSLA,2025-08-19,0,base,xgboost,tuned_optimized_threshold,0.4,0.44392306,1
AAPL,2025-08-20,0,base,xgboost,tuned_optimized_threshold,0.4,0.53794324,1
MSFT,2025-08-20,0,base,xgboost,tuned_optimized_threshold,0.4,0.361337,0
NVDA,2025-08-20,0,base,xgboost,tuned_optimized_threshold,0.4,0.5215793,1
TSLA,2025-08-20,0,base,xgboost,tuned_optimized_threshold,0.4,0.47359926,1
AAPL,2025-08-21,1,base,xgboost,tuned_optimized_threshold,0.4,0.58644766,1
MSFT,2025-08-21,1,base,xgboost,tuned_optimized_threshold,0.4,0.3610858,0
NVDA,2025-08-21,1,base,xgboost,tuned_optimized_threshold,0.4,0.55749375,1
TSLA,2025-08-21,1,base,xgboost,tuned_optimized_threshold,0.4,0.5114697,1
AAPL,2025-08-22,0,base,xgboost,tuned_optimized_threshold,0.4,0.5570779,1
MSFT,2025-08-22,0,base,xgboost,tuned_optimized_threshold,0.4,0.35179576,0
NVDA,2025-08-22,1,base,xgboost,tuned_optimized_threshold,0.4,0.5462547,1
TSLA,2025-08-22,1,base,xgboost,tuned_optimized_threshold,0.4,0.46582562,1
AAPL,2025-08-25,1,base,xgboost,tuned_optimized_threshold,0.4,0.5815657,1
MSFT,2025-08-25,0,base,xgboost,tuned_optimized_threshold,0.4,0.32412407,0
NVDA,2025-08-25,1,base,xgboost,tuned_optimized_threshold,0.4,0.57719755,1
TSLA,2025-08-25,1,base,xgboost,tuned_optimized_threshold,0.4,0.4488285,1
AAPL,2025-08-26,1,base,xgboost,tuned_optimized_threshold,0.4,0.522893,1
MSFT,2025-08-26,1,base,xgboost,tuned_optimized_threshold,0.4,0.30358872,0
NVDA,2025-08-26,0,base,xgboost,tuned_optimized_threshold,0.4,0.5731045,1
TSLA,2025-08-26,0,base,xgboost,tuned_optimized_threshold,0.4,0.35678327,0
AAPL,2025-08-27,1,base,xgboost,tuned_optimized_threshold,0.4,0.53480685,1
MSFT,2025-08-27,1,base,xgboost,tuned_optimized_threshold,0.4,0.2538004,0
NVDA,2025-08-27,0,base,xgboost,tuned_optimized_threshold,0.4,0.59486485,1
TSLA,2025-08-27,0,base,xgboost,tuned_optimized_threshold,0.4,0.36030215,0
AAPL,2025-08-28,0,base,xgboost,tuned_optimized_threshold,0.4,0.53161055,1
MSFT,2025-08-28,0,base,xgboost,tuned_optimized_threshold,0.4,0.26835838,0
NVDA,2025-08-28,0,base,xgboost,tuned_optimized_threshold,0.4,0.6167072,1
TSLA,2025-08-28,0,base,xgboost,tuned_optimized_threshold,0.4,0.3638271,0
AAPL,2025-08-29,0,base,xgboost,tuned_optimized_threshold,0.4,0.54784983,1
MSFT,2025-08-29,0,base,xgboost,tuned_optimized_threshold,0.4,0.2763857,0
NVDA,2025-08-29,0,base,xgboost,tuned_optimized_threshold,0.4,0.5978695,1
TSLA,2025-08-29,0,base,xgboost,tuned_optimized_threshold,0.4,0.5246089,1
AAPL,2025-09-02,1,base,xgboost,tuned_optimized_threshold,0.4,0.57690984,1
MSFT,2025-09-02,1,base,xgboost,tuned_optimized_threshold,0.4,0.25936007,0
NVDA,2025-09-02,0,base,xgboost,tuned_optimized_threshold,0.4,0.5517118,1
TSLA,2025-09-02,1,base,xgboost,tuned_optimized_threshold,0.4,0.5348504,1
AAPL,2025-09-03,1,base,xgboost,tuned_optimized_threshold,0.4,0.50232106,1
MSFT,2025-09-03,1,base,xgboost,tuned_optimized_threshold,0.4,0.24301474,0
NVDA,2025-09-03,1,base,xgboost,tuned_optimized_threshold,0.4,0.5423598,1
TSLA,2025-09-03,1,base,xgboost,tuned_optimized_threshold,0.4,0.5052385,1
AAPL,2025-09-04,0,base,xgboost,tuned_optimized_threshold,0.4,0.52456963,1
MSFT,2025-09-04,0,base,xgboost,tuned_optimized_threshold,0.4,0.26482487,0
NVDA,2025-09-04,0,base,xgboost,tuned_optimized_threshold,0.4,0.5430728,1
TSLA,2025-09-04,1,base,xgboost,tuned_optimized_threshold,0.4,0.38099223,0
AAPL,2025-09-05,0,base,xgboost,tuned_optimized_threshold,0.4,0.54632086,1
MSFT,2025-09-05,1,base,xgboost,tuned_optimized_threshold,0.4,0.4656835,1
NVDA,2025-09-05,1,base,xgboost,tuned_optimized_threshold,0.4,0.5594706,1
TSLA,2025-09-05,0,base,xgboost,tuned_optimized_threshold,0.4,0.45498857,1
AAPL,2025-09-08,0,base,xgboost,tuned_optimized_threshold,0.4,0.5213008,1
MSFT,2025-09-08,1,base,xgboost,tuned_optimized_threshold,0.4,0.3488685,0
NVDA,2025-09-08,1,base,xgboost,tuned_optimized_threshold,0.4,0.494756,1
TSLA,2025-09-08,1,base,xgboost,tuned_optimized_threshold,0.4,0.37441576,0
AAPL,2025-09-09,0,base,xgboost,tuned_optimized_threshold,0.4,0.5341958,1
MSFT,2025-09-09,1,base,xgboost,tuned_optimized_threshold,0.4,0.36685252,0
NVDA,2025-09-09,1,base,xgboost,tuned_optimized_threshold,0.4,0.48174763,1
TSLA,2025-09-09,1,base,xgboost,tuned_optimized_threshold,0.4,0.39259717,0
AAPL,2025-09-10,1,base,xgboost,tuned_optimized_threshold,0.4,0.57722765,1
MSFT,2025-09-10,1,base,xgboost,tuned_optimized_threshold,0.4,0.38624376,0
NVDA,2025-09-10,0,base,xgboost,tuned_optimized_threshold,0.4,0.44149786,1
TSLA,2025-09-10,1,base,xgboost,tuned_optimized_threshold,0.4,0.38669658,0
AAPL,2025-09-11,1,base,xgboost,tuned_optimized_threshold,0.4,0.5086314,1
MSFT,2025-09-11,1,base,xgboost,tuned_optimized_threshold,0.4,0.32771122,0
NVDA,2025-09-11,1,base,xgboost,tuned_optimized_threshold,0.4,0.49481022,1
TSLA,2025-09-11,1,base,xgboost,tuned_optimized_threshold,0.4,0.34902415,0
AAPL,2025-09-12,1,base,xgboost,tuned_optimized_threshold,0.4,0.5595423,1
MSFT,2025-09-12,1,base,xgboost,tuned_optimized_threshold,0.4,0.38759702,0
NVDA,2025-09-12,0,base,xgboost,tuned_optimized_threshold,0.4,0.5411751,1
TSLA,2025-09-12,1,base,xgboost,tuned_optimized_threshold,0.4,0.47245768,1
AAPL,2025-09-15,1,base,xgboost,tuned_optimized_threshold,0.4,0.5651621,1
MSFT,2025-09-15,0,base,xgboost,tuned_optimized_threshold,0.4,0.3339349,0
NVDA,2025-09-15,0,base,xgboost,tuned_optimized_threshold,0.4,0.5561459,1
TSLA,2025-09-15,1,base,xgboost,tuned_optimized_threshold,0.4,0.50722617,1
AAPL,2025-09-16,1,base,xgboost,tuned_optimized_threshold,0.4,0.54627854,1
MSFT,2025-09-16,1,base,xgboost,tuned_optimized_threshold,0.4,0.33583987,0
NVDA,2025-09-16,0,base,xgboost,tuned_optimized_threshold,0.4,0.5356352,1
TSLA,2025-09-16,1,base,xgboost,tuned_optimized_threshold,0.4,0.37917855,0
AAPL,2025-09-17,0,base,xgboost,tuned_optimized_threshold,0.4,0.5765372,1
MSFT,2025-09-17,0,base,xgboost,tuned_optimized_threshold,0.4,0.36027688,0
NVDA,2025-09-17,1,base,xgboost,tuned_optimized_threshold,0.4,0.53169423,1
TSLA,2025-09-17,0,base,xgboost,tuned_optimized_threshold,0.4,0.37953252,0
AAPL,2025-09-18,1,base,xgboost,tuned_optimized_threshold,0.4,0.58387405,1
MSFT,2025-09-18,1,base,xgboost,tuned_optimized_threshold,0.4,0.29623795,0
NVDA,2025-09-18,1,base,xgboost,tuned_optimized_threshold,0.4,0.45646277,1
TSLA,2025-09-18,1,base,xgboost,tuned_optimized_threshold,0.4,0.37176344,0
AAPL,2025-09-19,1,base,xgboost,tuned_optimized_threshold,0.4,0.5321441,1
MSFT,2025-09-19,0,base,xgboost,tuned_optimized_threshold,0.4,0.34528226,0
NVDA,2025-09-19,1,base,xgboost,tuned_optimized_threshold,0.4,0.49500778,1
TSLA,2025-09-19,1,base,xgboost,tuned_optimized_threshold,0.4,0.4218088,1
AAPL,2025-09-22,0,base,xgboost,tuned_optimized_threshold,0.4,0.53131425,1
MSFT,2025-09-22,0,base,xgboost,tuned_optimized_threshold,0.4,0.31448466,0
NVDA,2025-09-22,0,base,xgboost,tuned_optimized_threshold,0.4,0.53069687,1
TSLA,2025-09-22,0,base,xgboost,tuned_optimized_threshold,0.4,0.42700943,1
AAPL,2025-09-23,0,base,xgboost,tuned_optimized_threshold,0.4,0.5049759,1
MSFT,2025-09-23,1,base,xgboost,tuned_optimized_threshold,0.4,0.31035766,0
NVDA,2025-09-23,0,base,xgboost,tuned_optimized_threshold,0.4,0.5443207,1
TSLA,2025-09-23,1,base,xgboost,tuned_optimized_threshold,0.4,0.40341306,1
AAPL,2025-09-24,1,base,xgboost,tuned_optimized_threshold,0.4,0.490799,1
MSFT,2025-09-24,0,base,xgboost,tuned_optimized_threshold,0.4,0.29971895,0
NVDA,2025-09-24,1,base,xgboost,tuned_optimized_threshold,0.4,0.5207148,1
TSLA,2025-09-24,0,base,xgboost,tuned_optimized_threshold,0.4,0.47384346,1
AAPL,2025-09-25,0,base,xgboost,tuned_optimized_threshold,0.4,0.50367063,1
MSFT,2025-09-25,1,base,xgboost,tuned_optimized_threshold,0.4,0.29363084,0
NVDA,2025-09-25,1,base,xgboost,tuned_optimized_threshold,0.4,0.47680837,1
TSLA,2025-09-25,1,base,xgboost,tuned_optimized_threshold,0.4,0.47002712,1
AAPL,2025-09-26,0,base,xgboost,tuned_optimized_threshold,0.4,0.48654348,1
MSFT,2025-09-26,1,base,xgboost,tuned_optimized_threshold,0.4,0.28878427,0
NVDA,2025-09-26,1,base,xgboost,tuned_optimized_threshold,0.4,0.49531457,1
TSLA,2025-09-26,1,base,xgboost,tuned_optimized_threshold,0.4,0.46460178,1
AAPL,2025-09-29,1,base,xgboost,tuned_optimized_threshold,0.4,0.50654536,1
MSFT,2025-09-29,1,base,xgboost,tuned_optimized_threshold,0.4,0.2756578,0
NVDA,2025-09-29,1,base,xgboost,tuned_optimized_threshold,0.4,0.5416738,1
TSLA,2025-09-29,1,base,xgboost,tuned_optimized_threshold,0.4,0.37024912,0
AAPL,2025-09-30,1,base,xgboost,tuned_optimized_threshold,0.4,0.48442793,1
MSFT,2025-09-30,1,base,xgboost,tuned_optimized_threshold,0.4,0.29031494,0
NVDA,2025-09-30,1,base,xgboost,tuned_optimized_threshold,0.4,0.51688844,1
TSLA,2025-09-30,1,base,xgboost,tuned_optimized_threshold,0.4,0.3555832,0
AAPL,2025-10-01,1,base,xgboost,tuned_optimized_threshold,0.4,0.4876213,1
MSFT,2025-10-01,0,base,xgboost,tuned_optimized_threshold,0.4,0.28746763,0
NVDA,2025-10-01,1,base,xgboost,tuned_optimized_threshold,0.4,0.56121016,1
TSLA,2025-10-01,0,base,xgboost,tuned_optimized_threshold,0.4,0.46333286,1
AAPL,2025-10-02,1,base,xgboost,tuned_optimized_threshold,0.4,0.48362127,1
MSFT,2025-10-02,1,base,xgboost,tuned_optimized_threshold,0.4,0.30535066,0
NVDA,2025-10-02,0,base,xgboost,tuned_optimized_threshold,0.4,0.55246586,1
TSLA,2025-10-02,0,base,xgboost,tuned_optimized_threshold,0.4,0.5417772,1
AAPL,2025-10-03,0,base,xgboost,tuned_optimized_threshold,0.4,0.52140623,1
MSFT,2025-10-03,1,base,xgboost,tuned_optimized_threshold,0.4,0.35402796,0
NVDA,2025-10-03,0,base,xgboost,tuned_optimized_threshold,0.4,0.55156505,1
TSLA,2025-10-03,1,base,xgboost,tuned_optimized_threshold,0.4,0.45056054,1
AAPL,2025-10-06,0,base,xgboost,tuned_optimized_threshold,0.4,0.49932048,1
MSFT,2025-10-06,0,base,xgboost,tuned_optimized_threshold,0.4,0.2849237,0
NVDA,2025-10-06,0,base,xgboost,tuned_optimized_threshold,0.4,0.56738836,1
TSLA,2025-10-06,0,base,xgboost,tuned_optimized_threshold,0.4,0.47772607,1
AAPL,2025-10-07,1,base,xgboost,tuned_optimized_threshold,0.4,0.4839514,1
MSFT,2025-10-07,1,base,xgboost,tuned_optimized_threshold,0.4,0.3338607,0
NVDA,2025-10-07,1,base,xgboost,tuned_optimized_threshold,0.4,0.58524114,1
TSLA,2025-10-07,1,base,xgboost,tuned_optimized_threshold,0.4,0.45355016,1
AAPL,2025-10-08,0,base,xgboost,tuned_optimized_threshold,0.4,0.4741432,1
MSFT,2025-10-08,0,base,xgboost,tuned_optimized_threshold,0.4,0.3461599,0
NVDA,2025-10-08,1,base,xgboost,tuned_optimized_threshold,0.4,0.5195895,1
TSLA,2025-10-08,0,base,xgboost,tuned_optimized_threshold,0.4,0.37361944,0
AAPL,2025-10-09,0,base,xgboost,tuned_optimized_threshold,0.4,0.5247118,1
MSFT,2025-10-09,0,base,xgboost,tuned_optimized_threshold,0.4,0.30180612,0
NVDA,2025-10-09,0,base,xgboost,tuned_optimized_threshold,0.4,0.49205393,1
TSLA,2025-10-09,0,base,xgboost,tuned_optimized_threshold,0.4,0.38114837,0
AAPL,2025-10-10,1,base,xgboost,tuned_optimized_threshold,0.4,0.5189914,1
MSFT,2025-10-10,1,base,xgboost,tuned_optimized_threshold,0.4,0.36380506,0
NVDA,2025-10-10,1,base,xgboost,tuned_optimized_threshold,0.4,0.62647694,1
TSLA,2025-10-10,1,base,xgboost,tuned_optimized_threshold,0.4,0.5200127,1
AAPL,2025-10-13,1,base,xgboost,tuned_optimized_threshold,0.4,0.47248903,1
MSFT,2025-10-13,0,base,xgboost,tuned_optimized_threshold,0.4,0.32997948,0
NVDA,2025-10-13,0,base,xgboost,tuned_optimized_threshold,0.4,0.56909305,1
TSLA,2025-10-13,0,base,xgboost,tuned_optimized_threshold,0.4,0.49607006,1
AAPL,2025-10-14,1,base,xgboost,tuned_optimized_threshold,0.4,0.47625345,1
MSFT,2025-10-14,0,base,xgboost,tuned_optimized_threshold,0.4,0.32530448,0
NVDA,2025-10-14,0,base,xgboost,tuned_optimized_threshold,0.4,0.58764935,1
TSLA,2025-10-14,1,base,xgboost,tuned_optimized_threshold,0.4,0.42037508,1
AAPL,2025-10-15,0,base,xgboost,tuned_optimized_threshold,0.4,0.49454147,1
MSFT,2025-10-15,0,base,xgboost,tuned_optimized_threshold,0.4,0.32530448,0
NVDA,2025-10-15,1,base,xgboost,tuned_optimized_threshold,0.4,0.57137555,1
TSLA,2025-10-15,0,base,xgboost,tuned_optimized_threshold,0.4,0.4379976,1
AAPL,2025-10-16,1,base,xgboost,tuned_optimized_threshold,0.4,0.54577976,1
MSFT,2025-10-16,1,base,xgboost,tuned_optimized_threshold,0.4,0.31715596,0
NVDA,2025-10-16,1,base,xgboost,tuned_optimized_threshold,0.4,0.54767597,1
TSLA,2025-10-16,1,base,xgboost,tuned_optimized_threshold,0.4,0.35001916,0
AAPL,2025-10-17,1,base,xgboost,tuned_optimized_threshold,0.4,0.5761037,1
MSFT,2025-10-17,1,base,xgboost,tuned_optimized_threshold,0.4,0.276859,0
NVDA,2025-10-17,0,base,xgboost,tuned_optimized_threshold,0.4,0.51003003,1
TSLA,2025-10-17,1,base,xgboost,tuned_optimized_threshold,0.4,0.45588174,1
AAPL,2025-10-20,1,base,xgboost,tuned_optimized_threshold,0.4,0.52915996,1
MSFT,2025-10-20,1,base,xgboost,tuned_optimized_threshold,0.4,0.28270546,0
NVDA,2025-10-20,0,base,xgboost,tuned_optimized_threshold,0.4,0.54354423,1
TSLA,2025-10-20,0,base,xgboost,tuned_optimized_threshold,0.4,0.36016515,0
AAPL,2025-10-21,0,base,xgboost,tuned_optimized_threshold,0.4,0.5400526,1
MSFT,2025-10-21,1,base,xgboost,tuned_optimized_threshold,0.4,0.33206284,0
NVDA,2025-10-21,0,base,xgboost,tuned_optimized_threshold,0.4,0.5652875,1
TSLA,2025-10-21,0,base,xgboost,tuned_optimized_threshold,0.4,0.35360834,0
AAPL,2025-10-22,1,base,xgboost,tuned_optimized_threshold,0.4,0.5581943,1
MSFT,2025-10-22,1,base,xgboost,tuned_optimized_threshold,0.4,0.3070513,0
NVDA,2025-10-22,1,base,xgboost,tuned_optimized_threshold,0.4,0.57422954,1
TSLA,2025-10-22,1,base,xgboost,tuned_optimized_threshold,0.4,0.41632825,1
AAPL,2025-10-23,1,base,xgboost,tuned_optimized_threshold,0.4,0.55852234,1
MSFT,2025-10-23,1,base,xgboost,tuned_optimized_threshold,0.4,0.329871,0
NVDA,2025-10-23,1,base,xgboost,tuned_optimized_threshold,0.4,0.48507994,1
TSLA,2025-10-23,0,base,xgboost,tuned_optimized_threshold,0.4,0.45415825,1
AAPL,2025-10-24,1,base,xgboost,tuned_optimized_threshold,0.4,0.54289144,1
MSFT,2025-10-24,1,base,xgboost,tuned_optimized_threshold,0.4,0.33045894,0
NVDA,2025-10-24,1,base,xgboost,tuned_optimized_threshold,0.4,0.55564,1
TSLA,2025-10-24,1,base,xgboost,tuned_optimized_threshold,0.4,0.415729,1
AAPL,2025-10-27,1,base,xgboost,tuned_optimized_threshold,0.4,0.5322907,1
MSFT,2025-10-27,1,base,xgboost,tuned_optimized_threshold,0.4,0.27468827,0
NVDA,2025-10-27,1,base,xgboost,tuned_optimized_threshold,0.4,0.550196,1
TSLA,2025-10-27,1,base,xgboost,tuned_optimized_threshold,0.4,0.44544354,1
AAPL,2025-10-28,1,base,xgboost,tuned_optimized_threshold,0.4,0.5116554,1
MSFT,2025-10-28,0,base,xgboost,tuned_optimized_threshold,0.4,0.28732273,0
NVDA,2025-10-28,1,base,xgboost,tuned_optimized_threshold,0.4,0.5473134,1
TSLA,2025-10-28,1,base,xgboost,tuned_optimized_threshold,0.4,0.3769295,0
AAPL,2025-10-29,1,base,xgboost,tuned_optimized_threshold,0.4,0.52423316,1
MSFT,2025-10-29,0,base,xgboost,tuned_optimized_threshold,0.4,0.27285033,0
NVDA,2025-10-29,0,base,xgboost,tuned_optimized_threshold,0.4,0.5609048,1
TSLA,2025-10-29,0,base,xgboost,tuned_optimized_threshold,0.4,0.35559285,0
AAPL,2025-10-30,0,base,xgboost,tuned_optimized_threshold,0.4,0.5318466,1
MSFT,2025-10-30,0,base,xgboost,tuned_optimized_threshold,0.4,0.3829946,0
NVDA,2025-10-30,0,base,xgboost,tuned_optimized_threshold,0.4,0.49380842,1
TSLA,2025-10-30,1,base,xgboost,tuned_optimized_threshold,0.4,0.35186732,0
AAPL,2025-10-31,0,base,xgboost,tuned_optimized_threshold,0.4,0.51723456,1
MSFT,2025-10-31,0,base,xgboost,tuned_optimized_threshold,0.4,0.36697313,0
NVDA,2025-10-31,1,base,xgboost,tuned_optimized_threshold,0.4,0.5358854,1
TSLA,2025-10-31,1,base,xgboost,tuned_optimized_threshold,0.4,0.43748498,1
AAPL,2025-11-03,1,base,xgboost,tuned_optimized_threshold,0.4,0.5167409,1
MSFT,2025-11-03,0,base,xgboost,tuned_optimized_threshold,0.4,0.36770207,0
NVDA,2025-11-03,0,base,xgboost,tuned_optimized_threshold,0.4,0.5186426,1
TSLA,2025-11-03,0,base,xgboost,tuned_optimized_threshold,0.4,0.43013966,1
AAPL,2025-11-04,1,base,xgboost,tuned_optimized_threshold,0.4,0.51767623,1
MSFT,2025-11-04,0,base,xgboost,tuned_optimized_threshold,0.4,0.3175075,0
NVDA,2025-11-04,0,base,xgboost,tuned_optimized_threshold,0.4,0.5658646,1
TSLA,2025-11-04,1,base,xgboost,tuned_optimized_threshold,0.4,0.47459495,1
AAPL,2025-11-05,0,base,xgboost,tuned_optimized_threshold,0.4,0.4968928,1
MSFT,2025-11-05,0,base,xgboost,tuned_optimized_threshold,0.4,0.32771266,0
NVDA,2025-11-05,0,base,xgboost,tuned_optimized_threshold,0.4,0.4725593,1
TSLA,2025-11-05,0,base,xgboost,tuned_optimized_threshold,0.4,0.45046335,1
AAPL,2025-11-06,0,base,xgboost,tuned_optimized_threshold,0.4,0.49859527,1
MSFT,2025-11-06,0,base,xgboost,tuned_optimized_threshold,0.4,0.306313,0
NVDA,2025-11-06,1,base,xgboost,tuned_optimized_threshold,0.4,0.56061924,1
TSLA,2025-11-06,0,base,xgboost,tuned_optimized_threshold,0.4,0.42156333,1
AAPL,2025-11-07,1,base,xgboost,tuned_optimized_threshold,0.4,0.4952155,1
MSFT,2025-11-07,1,base,xgboost,tuned_optimized_threshold,0.4,0.31224406,0
NVDA,2025-11-07,1,base,xgboost,tuned_optimized_threshold,0.4,0.5639393,1
TSLA,2025-11-07,1,base,xgboost,tuned_optimized_threshold,0.4,0.37036896,0
AAPL,2025-11-10,1,base,xgboost,tuned_optimized_threshold,0.4,0.50918144,1
MSFT,2025-11-10,1,base,xgboost,tuned_optimized_threshold,0.4,0.31012887,0
NVDA,2025-11-10,0,base,xgboost,tuned_optimized_threshold,0.4,0.5278885,1
TSLA,2025-11-10,0,base,xgboost,tuned_optimized_threshold,0.4,0.26002657,0
AAPL,2025-11-11,0,base,xgboost,tuned_optimized_threshold,0.4,0.51381105,1
MSFT,2025-11-11,1,base,xgboost,tuned_optimized_threshold,0.4,0.31042543,0
NVDA,2025-11-11,1,base,xgboost,tuned_optimized_threshold,0.4,0.5071802,1
TSLA,2025-11-11,0,base,xgboost,tuned_optimized_threshold,0.4,0.2681381,0
AAPL,2025-11-12,0,base,xgboost,tuned_optimized_threshold,0.4,0.44098198,1
MSFT,2025-11-12,0,base,xgboost,tuned_optimized_threshold,0.4,0.3765569,0
NVDA,2025-11-12,0,base,xgboost,tuned_optimized_threshold,0.4,0.48662832,1
TSLA,2025-11-12,0,base,xgboost,tuned_optimized_threshold,0.4,0.25982615,0
AAPL,2025-11-13,0,base,xgboost,tuned_optimized_threshold,0.4,0.45037398,1
MSFT,2025-11-13,1,base,xgboost,tuned_optimized_threshold,0.4,0.39743462,0
NVDA,2025-11-13,1,base,xgboost,tuned_optimized_threshold,0.4,0.57140523,1
TSLA,2025-11-13,1,base,xgboost,tuned_optimized_threshold,0.4,0.44321948,1
AAPL,2025-11-14,0,base,xgboost,tuned_optimized_threshold,0.4,0.4571984,1
MSFT,2025-11-14,0,base,xgboost,tuned_optimized_threshold,0.4,0.3806344,0
NVDA,2025-11-14,0,base,xgboost,tuned_optimized_threshold,0.4,0.49975622,1
TSLA,2025-11-14,1,base,xgboost,tuned_optimized_threshold,0.4,0.32243058,0
AAPL,2025-11-17,0,base,xgboost,tuned_optimized_threshold,0.4,0.45276764,1
MSFT,2025-11-17,0,base,xgboost,tuned_optimized_threshold,0.4,0.32591304,0
NVDA,2025-11-17,0,base,xgboost,tuned_optimized_threshold,0.4,0.50933623,1
TSLA,2025-11-17,0,base,xgboost,tuned_optimized_threshold,0.4,0.28545746,0
AAPL,2025-11-18,1,base,xgboost,tuned_optimized_threshold,0.4,0.4650975,1
MSFT,2025-11-18,0,base,xgboost,tuned_optimized_threshold,0.4,0.4425434,1
NVDA,2025-11-18,1,base,xgboost,tuned_optimized_threshold,0.4,0.540266,1
TSLA,2025-11-18,1,base,xgboost,tuned_optimized_threshold,0.4,0.22959797,0
AAPL,2025-11-19,0,base,xgboost,tuned_optimized_threshold,0.4,0.51557106,1
MSFT,2025-11-19,0,base,xgboost,tuned_optimized_threshold,0.4,0.38913673,0
NVDA,2025-11-19,0,base,xgboost,tuned_optimized_threshold,0.4,0.49313372,1
TSLA,2025-11-19,0,base,xgboost,tuned_optimized_threshold,0.4,0.27099925,0
AAPL,2025-11-20,1,base,xgboost,tuned_optimized_threshold,0.4,0.47329047,1
MSFT,2025-11-20,0,base,xgboost,tuned_optimized_threshold,0.4,0.44290686,1
NVDA,2025-11-20,0,base,xgboost,tuned_optimized_threshold,0.4,0.5459537,1
TSLA,2025-11-20,0,base,xgboost,tuned_optimized_threshold,0.4,0.3128339,0
AAPL,2025-11-21,1,base,xgboost,tuned_optimized_threshold,0.4,0.47423542,1
MSFT,2025-11-21,1,base,xgboost,tuned_optimized_threshold,0.4,0.40860745,1
NVDA,2025-11-21,1,base,xgboost,tuned_optimized_threshold,0.4,0.5175192,1
TSLA,2025-11-21,1,base,xgboost,tuned_optimized_threshold,0.4,0.3429807,0
AAPL,2025-11-24,1,base,xgboost,tuned_optimized_threshold,0.4,0.47950915,1
MSFT,2025-11-24,1,base,xgboost,tuned_optimized_threshold,0.4,0.39805275,0
NVDA,2025-11-24,0,base,xgboost,tuned_optimized_threshold,0.4,0.44527298,1
TSLA,2025-11-24,1,base,xgboost,tuned_optimized_threshold,0.4,0.28570598,0
AAPL,2025-11-25,1,base,xgboost,tuned_optimized_threshold,0.4,0.5005953,1
MSFT,2025-11-25,1,base,xgboost,tuned_optimized_threshold,0.4,0.39352983,0
NVDA,2025-11-25,1,base,xgboost,tuned_optimized_threshold,0.4,0.55695325,1
TSLA,2025-11-25,1,base,xgboost,tuned_optimized_threshold,0.4,0.26734567,0
AAPL,2025-11-26,1,base,xgboost,tuned_optimized_threshold,0.4,0.50621796,1
MSFT,2025-11-26,1,base,xgboost,tuned_optimized_threshold,0.4,0.38170326,0
NVDA,2025-11-26,0,base,xgboost,tuned_optimized_threshold,0.4,0.49479157,1
TSLA,2025-11-26,1,base,xgboost,tuned_optimized_threshold,0.4,0.28275988,0
AAPL,2025-11-28,1,base,xgboost,tuned_optimized_threshold,0.4,0.4813166,1
MSFT,2025-11-28,0,base,xgboost,tuned_optimized_threshold,0.4,0.3354781,0
NVDA,2025-11-28,1,base,xgboost,tuned_optimized_threshold,0.4,0.53151774,1
TSLA,2025-11-28,0,base,xgboost,tuned_optimized_threshold,0.4,0.284369,0
AAPL,2025-12-01,1,base,xgboost,tuned_optimized_threshold,0.4,0.51134676,1
MSFT,2025-12-01,1,base,xgboost,tuned_optimized_threshold,0.4,0.3815051,0
NVDA,2025-12-01,1,base,xgboost,tuned_optimized_threshold,0.4,0.51202315,1
TSLA,2025-12-01,0,base,xgboost,tuned_optimized_threshold,0.4,0.27738738,0
AAPL,2025-12-02,0,base,xgboost,tuned_optimized_threshold,0.4,0.49015483,1
MSFT,2025-12-02,0,base,xgboost,tuned_optimized_threshold,0.4,0.31958768,0
NVDA,2025-12-02,0,base,xgboost,tuned_optimized_threshold,0.4,0.51503474,1
TSLA,2025-12-02,1,base,xgboost,tuned_optimized_threshold,0.4,0.2741853,0
AAPL,2025-12-03,0,base,xgboost,tuned_optimized_threshold,0.4,0.46958268,1
MSFT,2025-12-03,1,base,xgboost,tuned_optimized_threshold,0.4,0.42068428,1
NVDA,2025-12-03,1,base,xgboost,tuned_optimized_threshold,0.4,0.5629687,1
TSLA,2025-12-03,1,base,xgboost,tuned_optimized_threshold,0.4,0.3804827,0
AAPL,2025-12-04,0,base,xgboost,tuned_optimized_threshold,0.4,0.48971945,1
MSFT,2025-12-04,1,base,xgboost,tuned_optimized_threshold,0.4,0.35940334,0
NVDA,2025-12-04,0,base,xgboost,tuned_optimized_threshold,0.4,0.52077276,1
TSLA,2025-12-04,1,base,xgboost,tuned_optimized_threshold,0.4,0.31925943,0
AAPL,2025-12-05,0,base,xgboost,tuned_optimized_threshold,0.4,0.51792806,1
MSFT,2025-12-05,1,base,xgboost,tuned_optimized_threshold,0.4,0.37222037,0
NVDA,2025-12-05,1,base,xgboost,tuned_optimized_threshold,0.4,0.57920605,1
TSLA,2025-12-05,0,base,xgboost,tuned_optimized_threshold,0.4,0.28976443,0
AAPL,2025-12-08,0,base,xgboost,tuned_optimized_threshold,0.4,0.5396228,1
MSFT,2025-12-08,1,base,xgboost,tuned_optimized_threshold,0.4,0.3774132,0
NVDA,2025-12-08,0,base,xgboost,tuned_optimized_threshold,0.4,0.5342834,1
TSLA,2025-12-08,1,base,xgboost,tuned_optimized_threshold,0.4,0.293705,0
AAPL,2025-12-09,1,base,xgboost,tuned_optimized_threshold,0.4,0.53625494,1
MSFT,2025-12-09,0,base,xgboost,tuned_optimized_threshold,0.4,0.36356702,0
NVDA,2025-12-09,0,base,xgboost,tuned_optimized_threshold,0.4,0.60104644,1
TSLA,2025-12-09,1,base,xgboost,tuned_optimized_threshold,0.4,0.25544387,0
AAPL,2025-12-10,0,base,xgboost,tuned_optimized_threshold,0.4,0.53107893,1
MSFT,2025-12-10,1,base,xgboost,tuned_optimized_threshold,0.4,0.4396308,1
NVDA,2025-12-10,0,base,xgboost,tuned_optimized_threshold,0.4,0.6090791,1
TSLA,2025-12-10,0,base,xgboost,tuned_optimized_threshold,0.4,0.27295932,0
AAPL,2025-12-11,1,base,xgboost,tuned_optimized_threshold,0.4,0.55161387,1
MSFT,2025-12-11,0,base,xgboost,tuned_optimized_threshold,0.4,0.406429,1
NVDA,2025-12-11,0,base,xgboost,tuned_optimized_threshold,0.4,0.6008293,1
TSLA,2025-12-11,1,base,xgboost,tuned_optimized_threshold,0.4,0.26764023,0
AAPL,2025-12-12,0,base,xgboost,tuned_optimized_threshold,0.4,0.5438691,1
MSFT,2025-12-12,0,base,xgboost,tuned_optimized_threshold,0.4,0.39329597,0
NVDA,2025-12-12,1,base,xgboost,tuned_optimized_threshold,0.4,0.58794296,1
TSLA,2025-12-12,1,base,xgboost,tuned_optimized_threshold,0.4,0.37989444,0
AAPL,2025-12-15,1,base,xgboost,tuned_optimized_threshold,0.4,0.5197654,1
MSFT,2025-12-15,1,base,xgboost,tuned_optimized_threshold,0.4,0.40230113,1
NVDA,2025-12-15,1,base,xgboost,tuned_optimized_threshold,0.4,0.5474388,1
TSLA,2025-12-15,1,base,xgboost,tuned_optimized_threshold,0.4,0.37882334,0
AAPL,2025-12-16,0,base,xgboost,tuned_optimized_threshold,0.4,0.5295573,1
MSFT,2025-12-16,0,base,xgboost,tuned_optimized_threshold,0.4,0.3537825,0
NVDA,2025-12-16,0,base,xgboost,tuned_optimized_threshold,0.4,0.5474388,1
TSLA,2025-12-16,0,base,xgboost,tuned_optimized_threshold,0.4,0.46057302,1
AAPL,2025-12-17,1,base,xgboost,tuned_optimized_threshold,0.4,0.5501117,1
MSFT,2025-12-17,1,base,xgboost,tuned_optimized_threshold,0.4,0.40541944,1
NVDA,2025-12-17,1,base,xgboost,tuned_optimized_threshold,0.4,0.5967343,1
TSLA,2025-12-17,1,base,xgboost,tuned_optimized_threshold,0.4,0.44985807,1
AAPL,2025-12-18,1,base,xgboost,tuned_optimized_threshold,0.4,0.51506585,1
MSFT,2025-12-18,1,base,xgboost,tuned_optimized_threshold,0.4,0.4019225,1
NVDA,2025-12-18,1,base,xgboost,tuned_optimized_threshold,0.4,0.5518808,1
TSLA,2025-12-18,0,base,xgboost,tuned_optimized_threshold,0.4,0.51552296,1
AAPL,2025-12-19,0,base,xgboost,tuned_optimized_threshold,0.4,0.5154216,1
MSFT,2025-12-19,0,base,xgboost,tuned_optimized_threshold,0.4,0.35615897,0
NVDA,2025-12-19,1,base,xgboost,tuned_optimized_threshold,0.4,0.56047285,1
TSLA,2025-12-19,1,base,xgboost,tuned_optimized_threshold,0.4,0.4825655,1
AAPL,2025-12-22,1,base,xgboost,tuned_optimized_threshold,0.4,0.5184328,1
MSFT,2025-12-22,1,base,xgboost,tuned_optimized_threshold,0.4,0.32710683,0
NVDA,2025-12-22,1,base,xgboost,tuned_optimized_threshold,0.4,0.5455681,1
TSLA,2025-12-22,0,base,xgboost,tuned_optimized_threshold,0.4,0.49804106,1
AAPL,2025-12-23,1,base,xgboost,tuned_optimized_threshold,0.4,0.49990228,1
MSFT,2025-12-23,1,base,xgboost,tuned_optimized_threshold,0.4,0.35993892,0
NVDA,2025-12-23,0,base,xgboost,tuned_optimized_threshold,0.4,0.5870169,1
TSLA,2025-12-23,0,base,xgboost,tuned_optimized_threshold,0.4,0.42363584,1
AAPL,2025-12-24,0,base,xgboost,tuned_optimized_threshold,0.4,0.45837593,1
MSFT,2025-12-24,0,base,xgboost,tuned_optimized_threshold,0.4,0.35703644,0
NVDA,2025-12-24,1,base,xgboost,tuned_optimized_threshold,0.4,0.6187847,1
TSLA,2025-12-24,0,base,xgboost,tuned_optimized_threshold,0.4,0.44764426,1
AAPL,2025-12-26,1,base,xgboost,tuned_optimized_threshold,0.4,0.4851627,1
MSFT,2025-12-26,0,base,xgboost,tuned_optimized_threshold,0.4,0.34905723,0
NVDA,2025-12-26,0,base,xgboost,tuned_optimized_threshold,0.4,0.6006794,1
TSLA,2025-12-26,0,base,xgboost,tuned_optimized_threshold,0.4,0.3912325,0
AAPL,2025-12-29,0,base,xgboost,tuned_optimized_threshold,0.4,0.46666658,1
MSFT,2025-12-29,1,base,xgboost,tuned_optimized_threshold,0.4,0.35803217,0
NVDA,2025-12-29,0,base,xgboost,tuned_optimized_threshold,0.4,0.5881651,1
TSLA,2025-12-29,0,base,xgboost,tuned_optimized_threshold,0.4,0.37728712,0
