config_id,inner_fold,selection_metric,selection_score,params,pooled_auc,macro_auc,window_years,train_start,train_end,train_target_end,train_rows,valid_start,valid_end,valid_rows,approach,dataset_type,model_name,outer_fold
0,1,pooled_auc,0.4937573934275518,"{""model__C"": 0.1}",0.4937573934275518,0.5196821062536762,all,2015-01-02,2017-03-10,2017-03-13,2204,2017-03-14,2019-05-22,2208,reference,base,logistic_regression,1
0,2,pooled_auc,0.5408604668154524,"{""model__C"": 0.1}",0.5408604668154524,0.540907658811572,all,2015-01-02,2019-05-21,2019-05-22,4412,2019-05-23,2021-07-30,2208,reference,base,logistic_regression,1
0,3,pooled_auc,0.4699820934662353,"{""model__C"": 0.1}",0.4699820934662353,0.47158222515767884,all,2015-01-02,2021-07-29,2021-07-30,6620,2021-08-02,2023-10-12,2216,reference,base,logistic_regression,1
1,1,pooled_auc,0.4926798888885227,"{""model__C"": 10.0}",0.4926798888885227,0.5179163919174202,all,2015-01-02,2017-03-10,2017-03-13,2204,2017-03-14,2019-05-22,2208,reference,base,logistic_regression,1
1,2,pooled_auc,0.5360324007651841,"{""model__C"": 10.0}",0.5360324007651841,0.5344524075230075,all,2015-01-02,2019-05-21,2019-05-22,4412,2019-05-23,2021-07-30,2208,reference,base,logistic_regression,1
1,3,pooled_auc,0.4695491076088091,"{""model__C"": 10.0}",0.4695491076088091,0.4714452783446539,all,2015-01-02,2021-07-29,2021-07-30,6620,2021-08-02,2023-10-12,2216,reference,base,logistic_regression,1
0,1,pooled_auc,0.48726476955571885,"{""model__max_depth"": 4, ""model__min_samples_leaf"": 20, ""model__n_estimators"": 100}",0.48726476955571885,0.5003100131421513,all,2015-01-02,2017-03-10,2017-03-13,2204,2017-03-14,2019-05-22,2208,reference,base,random_forest,1
0,2,pooled_auc,0.5302918592911419,"{""model__max_depth"": 4, ""model__min_samples_leaf"": 20, ""model__n_estimators"": 100}",0.5302918592911419,0.5313677038100371,all,2015-01-02,2019-05-21,2019-05-22,4412,2019-05-23,2021-07-30,2208,reference,base,random_forest,1
0,3,pooled_auc,0.4806648575305291,"{""model__max_depth"": 4, ""model__min_samples_leaf"": 20, ""model__n_estimators"": 100}",0.4806648575305291,0.4812051439303986,all,2015-01-02,2021-07-29,2021-07-30,6620,2021-08-02,2023-10-12,2216,reference,base,random_forest,1
1,1,pooled_auc,0.49189317877019495,"{""model__max_depth"": 8, ""model__min_samples_leaf"": 20, ""model__n_estimators"": 100}",0.49189317877019495,0.5051070965924371,all,2015-01-02,2017-03-10,2017-03-13,2204,2017-03-14,2019-05-22,2208,reference,base,random_forest,1
1,2,pooled_auc,0.5208466177799033,"{""model__max_depth"": 8, ""model__min_samples_leaf"": 20, ""model__n_estimators"": 100}",0.5208466177799033,0.5220910620959935,all,2015-01-02,2019-05-21,2019-05-22,4412,2019-05-23,2021-07-30,2208,reference,base,random_forest,1
1,3,pooled_auc,0.49588704206241524,"{""model__max_depth"": 8, ""model__min_samples_leaf"": 20, ""model__n_estimators"": 100}",0.49588704206241524,0.49630558692228866,all,2015-01-02,2021-07-29,2021-07-30,6620,2021-08-02,2023-10-12,2216,reference,base,random_forest,1
0,1,pooled_auc,0.5046753646875073,"{""model__early_stopping"": false, ""model__max_iter"": 100, ""model__max_leaf_nodes"": 7}",0.5046753646875073,0.5139844657118326,all,2015-01-02,2017-03-10,2017-03-13,2204,2017-03-14,2019-05-22,2208,reference,base,hist_gradient_boosting,1
0,2,pooled_auc,0.5187941707848451,"{""model__early_stopping"": false, ""model__max_iter"": 100, ""model__max_leaf_nodes"": 7}",0.5187941707848451,0.5182494451641424,all,2015-01-02,2019-05-21,2019-05-22,4412,2019-05-23,2021-07-30,2208,reference,base,hist_gradient_boosting,1
0,3,pooled_auc,0.48652647492432943,"{""model__early_stopping"": false, ""model__max_iter"": 100, ""model__max_leaf_nodes"": 7}",0.48652647492432943,0.48766037166764,all,2015-01-02,2021-07-29,2021-07-30,6620,2021-08-02,2023-10-12,2216,reference,base,hist_gradient_boosting,1
1,1,pooled_auc,0.4984529407306601,"{""model__early_stopping"": false, ""model__max_iter"": 100, ""model__max_leaf_nodes"": 15}",0.4984529407306601,0.5087452686225127,all,2015-01-02,2017-03-10,2017-03-13,2204,2017-03-14,2019-05-22,2208,reference,base,hist_gradient_boosting,1
1,2,pooled_auc,0.5255576146447738,"{""model__early_stopping"": false, ""model__max_iter"": 100, ""model__max_leaf_nodes"": 15}",0.5255576146447738,0.5252684974535555,all,2015-01-02,2019-05-21,2019-05-22,4412,2019-05-23,2021-07-30,2208,reference,base,hist_gradient_boosting,1
1,3,pooled_auc,0.48804885646070345,"{""model__early_stopping"": false, ""model__max_iter"": 100, ""model__max_leaf_nodes"": 15}",0.48804885646070345,0.4903326971073029,all,2015-01-02,2021-07-29,2021-07-30,6620,2021-08-02,2023-10-12,2216,reference,base,hist_gradient_boosting,1
0,1,pooled_auc,0.5047746302050553,"{""model__C"": 0.1}",0.5047746302050553,0.5221000656979995,all,2015-01-02,2017-03-10,2017-03-13,2204,2017-03-14,2019-05-22,2208,reference,hybrid,logistic_regression,1
0,2,pooled_auc,0.5365712511291779,"{""model__C"": 0.1}",0.5365712511291779,0.5382416088920847,all,2015-01-02,2019-05-21,2019-05-22,4412,2019-05-23,2021-07-30,2208,reference,hybrid,logistic_regression,1
0,3,pooled_auc,0.4913027737188185,"{""model__C"": 0.1}",0.4913027737188185,0.49010124367013974,all,2015-01-02,2021-07-29,2021-07-30,6620,2021-08-02,2023-10-12,2216,reference,hybrid,logistic_regression,1
1,1,pooled_auc,0.5021171151875419,"{""model__C"": 10.0}",0.5021171151875419,0.5183056540850152,all,2015-01-02,2017-03-10,2017-03-13,2204,2017-03-14,2019-05-22,2208,reference,hybrid,logistic_regression,1
1,2,pooled_auc,0.5336511637175195,"{""model__C"": 10.0}",0.5336511637175195,0.5352555753479133,all,2015-01-02,2019-05-21,2019-05-22,4412,2019-05-23,2021-07-30,2208,reference,hybrid,logistic_regression,1
1,3,pooled_auc,0.4904946965348085,"{""model__C"": 10.0}",0.4904946965348085,0.48956185978225236,all,2015-01-02,2021-07-29,2021-07-30,6620,2021-08-02,2023-10-12,2216,reference,hybrid,logistic_regression,1
0,1,pooled_auc,0.493578221227828,"{""model__max_depth"": 4, ""model__min_samples_leaf"": 20, ""model__n_estimators"": 100}",0.493578221227828,0.5060765942827378,all,2015-01-02,2017-03-10,2017-03-13,2204,2017-03-14,2019-05-22,2208,reference,hybrid,random_forest,1
0,2,pooled_auc,0.5243549570912376,"{""model__max_depth"": 4, ""model__min_samples_leaf"": 20, ""model__n_estimators"": 100}",0.5243549570912376,0.522347267714609,all,2015-01-02,2019-05-21,2019-05-22,4412,2019-05-23,2021-07-30,2208,reference,hybrid,random_forest,1
0,3,pooled_auc,0.47761275571443484,"{""model__max_depth"": 4, ""model__min_samples_leaf"": 20, ""model__n_estimators"": 100}",0.47761275571443484,0.4777913034862751,all,2015-01-02,2021-07-29,2021-07-30,6620,2021-08-02,2023-10-12,2216,reference,hybrid,random_forest,1
1,1,pooled_auc,0.48961583832818745,"{""model__max_depth"": 8, ""model__min_samples_leaf"": 20, ""model__n_estimators"": 100}",0.48961583832818745,0.5020318092972085,all,2015-01-02,2017-03-10,2017-03-13,2204,2017-03-14,2019-05-22,2208,reference,hybrid,random_forest,1
1,2,pooled_auc,0.5271475968436155,"{""model__max_depth"": 8, ""model__min_samples_leaf"": 20, ""model__n_estimators"": 100}",0.5271475968436155,0.5270413778882213,all,2015-01-02,2019-05-21,2019-05-22,4412,2019-05-23,2021-07-30,2208,reference,hybrid,random_forest,1
1,3,pooled_auc,0.49241663187558704,"{""model__max_depth"": 8, ""model__min_samples_leaf"": 20, ""model__n_estimators"": 100}",0.49241663187558704,0.49106223202684046,all,2015-01-02,2021-07-29,2021-07-30,6620,2021-08-02,2023-10-12,2216,reference,hybrid,random_forest,1
0,1,pooled_auc,0.5057450433143644,"{""model__early_stopping"": false, ""model__max_iter"": 100, ""model__max_leaf_nodes"": 7}",0.5057450433143644,0.5123070188090795,all,2015-01-02,2017-03-10,2017-03-13,2204,2017-03-14,2019-05-22,2208,reference,hybrid,hist_gradient_boosting,1
0,2,pooled_auc,0.5211745775545991,"{""model__early_stopping"": false, ""model__max_iter"": 100, ""model__max_leaf_nodes"": 7}",0.5211745775545991,0.5211805271020726,all,2015-01-02,2019-05-21,2019-05-22,4412,2019-05-23,2021-07-30,2208,reference,hybrid,hist_gradient_boosting,1
0,3,pooled_auc,0.48278126956998224,"{""model__early_stopping"": false, ""model__max_iter"": 100, ""model__max_leaf_nodes"": 7}",0.48278126956998224,0.480854531228999,all,2015-01-02,2021-07-29,2021-07-30,6620,2021-08-02,2023-10-12,2216,reference,hybrid,hist_gradient_boosting,1
1,1,pooled_auc,0.5037148369409415,"{""model__early_stopping"": false, ""model__max_iter"": 100, ""model__max_leaf_nodes"": 15}",0.5037148369409415,0.5105384081915897,all,2015-01-02,2017-03-10,2017-03-13,2204,2017-03-14,2019-05-22,2208,reference,hybrid,hist_gradient_boosting,1
1,2,pooled_auc,0.5176595960199799,"{""model__early_stopping"": false, ""model__max_iter"": 100, ""model__max_leaf_nodes"": 15}",0.5176595960199799,0.517683383870811,all,2015-01-02,2019-05-21,2019-05-22,4412,2019-05-23,2021-07-30,2208,reference,hybrid,hist_gradient_boosting,1
1,3,pooled_auc,0.49088487305604844,"{""model__early_stopping"": false, ""model__max_iter"": 100, ""model__max_leaf_nodes"": 15}",0.49088487305604844,0.48820430471979537,all,2015-01-02,2021-07-29,2021-07-30,6620,2021-08-02,2023-10-12,2216,reference,hybrid,hist_gradient_boosting,1
0,1,pooled_auc,0.5056725506542463,"{""model__C"": 0.1}",0.5056725506542463,0.5237307679199198,all,2015-01-02,2017-03-10,2017-03-13,2204,2017-03-14,2019-05-22,2208,reference,lag_1,logistic_regression,1
0,2,pooled_auc,0.5363047319198682,"{""model__C"": 0.1}",0.5363047319198682,0.5382762295510121,all,2015-01-02,2019-05-21,2019-05-22,4412,2019-05-23,2021-07-30,2208,reference,lag_1,logistic_regression,1
0,3,pooled_auc,0.49113479803778315,"{""model__C"": 0.1}",0.49113479803778315,0.4900164347780164,all,2015-01-02,2021-07-29,2021-07-30,6620,2021-08-02,2023-10-12,2216,reference,lag_1,logistic_regression,1
1,1,pooled_auc,0.5025141772577345,"{""model__C"": 10.0}",0.5025141772577345,0.5190279796117714,all,2015-01-02,2017-03-10,2017-03-13,2204,2017-03-14,2019-05-22,2208,reference,lag_1,logistic_regression,1
1,2,pooled_auc,0.5339899171050534,"{""model__C"": 10.0}",0.5339899171050534,0.535053266863503,all,2015-01-02,2019-05-21,2019-05-22,4412,2019-05-23,2021-07-30,2208,reference,lag_1,logistic_regression,1
1,3,pooled_auc,0.49033324418119195,"{""model__C"": 10.0}",0.49033324418119195,0.48953559729002527,all,2015-01-02,2021-07-29,2021-07-30,6620,2021-08-02,2023-10-12,2216,reference,lag_1,logistic_regression,1
0,1,pooled_auc,0.4969314186484073,"{""model__max_depth"": 4, ""model__min_samples_leaf"": 20, ""model__n_estimators"": 100}",0.4969314186484073,0.5102322911958714,all,2015-01-02,2017-03-10,2017-03-13,2204,2017-03-14,2019-05-22,2208,reference,lag_1,random_forest,1
0,2,pooled_auc,0.5324343914395026,"{""model__max_depth"": 4, ""model__min_samples_leaf"": 20, ""model__n_estimators"": 100}",0.5324343914395026,0.5310577256091499,all,2015-01-02,2019-05-21,2019-05-22,4412,2019-05-23,2021-07-30,2208,reference,lag_1,random_forest,1
0,3,pooled_auc,0.4898635646070348,"{""model__max_depth"": 4, ""model__min_samples_leaf"": 20, ""model__n_estimators"": 100}",0.4898635646070348,0.48961542554329174,all,2015-01-02,2021-07-29,2021-07-30,6620,2021-08-02,2023-10-12,2216,reference,lag_1,random_forest,1
1,1,pooled_auc,0.4958497952082352,"{""model__max_depth"": 8, ""model__min_samples_leaf"": 20, ""model__n_estimators"": 100}",0.4958497952082352,0.5066575770966913,all,2015-01-02,2017-03-10,2017-03-13,2204,2017-03-14,2019-05-22,2208,reference,lag_1,random_forest,1
1,2,pooled_auc,0.5184853074020935,"{""model__max_depth"": 8, ""model__min_samples_leaf"": 20, ""model__n_estimators"": 100}",0.5184853074020935,0.5154768789467034,all,2015-01-02,2019-05-21,2019-05-22,4412,2019-05-23,2021-07-30,2208,reference,lag_1,random_forest,1
1,3,pooled_auc,0.49814737501304673,"{""model__max_depth"": 8, ""model__min_samples_leaf"": 20, ""model__n_estimators"": 100}",0.49814737501304673,0.49706253117098737,all,2015-01-02,2021-07-29,2021-07-30,6620,2021-08-02,2023-10-12,2216,reference,lag_1,random_forest,1
0,1,pooled_auc,0.5095290777945096,"{""model__early_stopping"": false, ""model__max_iter"": 100, ""model__max_leaf_nodes"": 7}",0.5095290777945096,0.5182709201783503,all,2015-01-02,2017-03-10,2017-03-13,2204,2017-03-14,2019-05-22,2208,reference,lag_1,hist_gradient_boosting,1
0,2,pooled_auc,0.5227687111429938,"{""model__early_stopping"": false, ""model__max_iter"": 100, ""model__max_leaf_nodes"": 7}",0.5227687111429938,0.5225938187440844,all,2015-01-02,2019-05-21,2019-05-22,4412,2019-05-23,2021-07-30,2208,reference,lag_1,hist_gradient_boosting,1
0,3,pooled_auc,0.47465972693351427,"{""model__early_stopping"": false, ""model__max_iter"": 100, ""model__max_leaf_nodes"": 7}",0.47465972693351427,0.4730637654894556,all,2015-01-02,2021-07-29,2021-07-30,6620,2021-08-02,2023-10-12,2216,reference,lag_1,hist_gradient_boosting,1
1,1,pooled_auc,0.4974800562806652,"{""model__early_stopping"": false, ""model__max_iter"": 100, ""model__max_leaf_nodes"": 15}",0.4974800562806652,0.5042462369557261,all,2015-01-02,2017-03-10,2017-03-13,2204,2017-03-14,2019-05-22,2208,reference,lag_1,hist_gradient_boosting,1
1,2,pooled_auc,0.5205203185610288,"{""model__early_stopping"": false, ""model__max_iter"": 100, ""model__max_leaf_nodes"": 15}",0.5205203185610288,0.5212419844162111,all,2015-01-02,2019-05-21,2019-05-22,4412,2019-05-23,2021-07-30,2208,reference,lag_1,hist_gradient_boosting,1
1,3,pooled_auc,0.48128416592735623,"{""model__early_stopping"": false, ""model__max_iter"": 100, ""model__max_leaf_nodes"": 15}",0.48128416592735623,0.47981999125947106,all,2015-01-02,2021-07-29,2021-07-30,6620,2021-08-02,2023-10-12,2216,reference,lag_1,hist_gradient_boosting,1
0,1,pooled_auc,0.49785396887746336,"{""model__C"": 0.1}",0.49785396887746336,0.5254369673615323,all,2015-01-02,2017-05-16,2017-05-17,2388,2017-05-18,2019-10-02,2392,reference,base,logistic_regression,2
0,2,pooled_auc,0.5333607826158318,"{""model__C"": 0.1}",0.5333607826158318,0.5342127101052777,all,2015-01-02,2019-10-01,2019-10-02,4780,2019-10-03,2022-02-15,2392,reference,base,logistic_regression,2
0,3,pooled_auc,0.47873343838078963,"{""model__C"": 0.1}",0.47873343838078963,0.4785337844962768,all,2015-01-02,2022-02-14,2022-02-15,7172,2022-02-16,2024-07-10,2404,reference,base,logistic_regression,2
1,1,pooled_auc,0.49702557771690914,"{""model__C"": 10.0}",0.49702557771690914,0.523222786060269,all,2015-01-02,2017-05-16,2017-05-17,2388,2017-05-18,2019-10-02,2392,reference,base,logistic_regression,2
1,2,pooled_auc,0.5324856598722618,"{""model__C"": 10.0}",0.5324856598722618,0.5326811643860809,all,2015-01-02,2019-10-01,2019-10-02,4780,2019-10-03,2022-02-15,2392,reference,base,logistic_regression,2
1,3,pooled_auc,0.4791981069264742,"{""model__C"": 10.0}",0.4791981069264742,0.47833281333708777,all,2015-01-02,2022-02-14,2022-02-15,7172,2022-02-16,2024-07-10,2404,reference,base,logistic_regression,2
0,1,pooled_auc,0.48879006491752913,"{""model__max_depth"": 4, ""model__min_samples_leaf"": 20, ""model__n_estimators"": 100}",0.48879006491752913,0.505950923034605,all,2015-01-02,2017-05-16,2017-05-17,2388,2017-05-18,2019-10-02,2392,reference,base,random_forest,2
0,2,pooled_auc,0.5284736784019424,"{""model__max_depth"": 4, ""model__min_samples_leaf"": 20, ""model__n_estimators"": 100}",0.5284736784019424,0.5283478893086644,all,2015-01-02,2019-10-01,2019-10-02,4780,2019-10-03,2022-02-15,2392,reference,base,random_forest,2
0,3,pooled_auc,0.48768697707450237,"{""model__max_depth"": 4, ""model__min_samples_leaf"": 20, ""model__n_estimators"": 100}",0.48768697707450237,0.4878053582509569,all,2015-01-02,2022-02-14,2022-02-15,7172,2022-02-16,2024-07-10,2404,reference,base,random_forest,2
1,1,pooled_auc,0.4929141342049795,"{""model__max_depth"": 8, ""model__min_samples_leaf"": 20, ""model__n_estimators"": 100}",0.4929141342049795,0.5083064896687458,all,2015-01-02,2017-05-16,2017-05-17,2388,2017-05-18,2019-10-02,2392,reference,base,random_forest,2
1,2,pooled_auc,0.5280477900497765,"{""model__max_depth"": 8, ""model__min_samples_leaf"": 20, ""model__n_estimators"": 100}",0.5280477900497765,0.5286547503244241,all,2015-01-02,2019-10-01,2019-10-02,4780,2019-10-03,2022-02-15,2392,reference,base,random_forest,2
1,3,pooled_auc,0.4939371157815309,"{""model__max_depth"": 8, ""model__min_samples_leaf"": 20, ""model__n_estimators"": 100}",0.4939371157815309,0.4945764109228882,all,2015-01-02,2022-02-14,2022-02-15,7172,2022-02-16,2024-07-10,2404,reference,base,random_forest,2
0,1,pooled_auc,0.49130154209819343,"{""model__early_stopping"": false, ""model__max_iter"": 100, ""model__max_leaf_nodes"": 7}",0.49130154209819343,0.5026493740748438,all,2015-01-02,2017-05-16,2017-05-17,2388,2017-05-18,2019-10-02,2392,reference,base,hist_gradient_boosting,2
0,2,pooled_auc,0.5153231374812878,"{""model__early_stopping"": false, ""model__max_iter"": 100, ""model__max_leaf_nodes"": 7}",0.5153231374812878,0.5151122178662078,all,2015-01-02,2019-10-01,2019-10-02,4780,2019-10-03,2022-02-15,2392,reference,base,hist_gradient_boosting,2
0,3,pooled_auc,0.48424045418229433,"{""model__early_stopping"": false, ""model__max_iter"": 100, ""model__max_leaf_nodes"": 7}",0.48424045418229433,0.4846188545558844,all,2015-01-02,2022-02-14,2022-02-15,7172,2022-02-16,2024-07-10,2404,reference,base,hist_gradient_boosting,2
1,1,pooled_auc,0.49075126871508185,"{""model__early_stopping"": false, ""model__max_iter"": 100, ""model__max_leaf_nodes"": 15}",0.49075126871508185,0.5006347210229454,all,2015-01-02,2017-05-16,2017-05-17,2388,2017-05-18,2019-10-02,2392,reference,base,hist_gradient_boosting,2
1,2,pooled_auc,0.5233796433857133,"{""model__early_stopping"": false, ""model__max_iter"": 100, ""model__max_leaf_nodes"": 15}",0.5233796433857133,0.523968421706866,all,2015-01-02,2019-10-01,2019-10-02,4780,2019-10-03,2022-02-15,2392,reference,base,hist_gradient_boosting,2
1,3,pooled_auc,0.4878555061142058,"{""model__early_stopping"": false, ""model__max_iter"": 100, ""model__max_leaf_nodes"": 15}",0.4878555061142058,0.4872570887744743,all,2015-01-02,2022-02-14,2022-02-15,7172,2022-02-16,2024-07-10,2404,reference,base,hist_gradient_boosting,2
0,1,pooled_auc,0.510462910030828,"{""model__C"": 0.1}",0.510462910030828,0.5326735897603231,all,2015-01-02,2017-05-16,2017-05-17,2388,2017-05-18,2019-10-02,2392,reference,hybrid,logistic_regression,2
0,2,pooled_auc,0.5343724443161592,"{""model__C"": 0.1}",0.5343724443161592,0.5363981581047003,all,2015-01-02,2019-10-01,2019-10-02,4780,2019-10-03,2022-02-15,2392,reference,hybrid,logistic_regression,2
0,3,pooled_auc,0.49297518253844963,"{""model__C"": 0.1}",0.49297518253844963,0.493538683239758,all,2015-01-02,2022-02-14,2022-02-15,7172,2022-02-16,2024-07-10,2404,reference,hybrid,logistic_regression,2
1,1,pooled_auc,0.509693439156037,"{""model__C"": 10.0}",0.509693439156037,0.5322679544535464,all,2015-01-02,2017-05-16,2017-05-17,2388,2017-05-18,2019-10-02,2392,reference,hybrid,logistic_regression,2
1,2,pooled_auc,0.531790938340988,"{""model__C"": 10.0}",0.531790938340988,0.5343443948235079,all,2015-01-02,2019-10-01,2019-10-02,4780,2019-10-03,2022-02-15,2392,reference,hybrid,logistic_regression,2
1,3,pooled_auc,0.49333582081271227,"{""model__C"": 10.0}",0.49333582081271227,0.4929392660070048,all,2015-01-02,2022-02-14,2022-02-15,7172,2022-02-16,2024-07-10,2404,reference,hybrid,logistic_regression,2
0,1,pooled_auc,0.498509457056581,"{""model__max_depth"": 4, ""model__min_samples_leaf"": 20, ""model__n_estimators"": 100}",0.498509457056581,0.5177073342660131,all,2015-01-02,2017-05-16,2017-05-17,2388,2017-05-18,2019-10-02,2392,reference,hybrid,random_forest,2
0,2,pooled_auc,0.5289512110227264,"{""model__max_depth"": 4, ""model__min_samples_leaf"": 20, ""model__n_estimators"": 100}",0.5289512110227264,0.5266616761903434,all,2015-01-02,2019-10-01,2019-10-02,4780,2019-10-03,2022-02-15,2392,reference,hybrid,random_forest,2
0,3,pooled_auc,0.4963780127166604,"{""model__max_depth"": 4, ""model__min_samples_leaf"": 20, ""model__n_estimators"": 100}",0.4963780127166604,0.4955316856831122,all,2015-01-02,2022-02-14,2022-02-15,7172,2022-02-16,2024-07-10,2404,reference,hybrid,random_forest,2
1,1,pooled_auc,0.5022158236038873,"{""model__max_depth"": 8, ""model__min_samples_leaf"": 20, ""model__n_estimators"": 100}",0.5022158236038873,0.519471336737253,all,2015-01-02,2017-05-16,2017-05-17,2388,2017-05-18,2019-10-02,2392,reference,hybrid,random_forest,2
1,2,pooled_auc,0.5191847846080271,"{""model__max_depth"": 8, ""model__min_samples_leaf"": 20, ""model__n_estimators"": 100}",0.5191847846080271,0.5173134533257643,all,2015-01-02,2019-10-01,2019-10-02,4780,2019-10-03,2022-02-15,2392,reference,hybrid,random_forest,2
1,3,pooled_auc,0.511526554073548,"{""model__max_depth"": 8, ""model__min_samples_leaf"": 20, ""model__n_estimators"": 100}",0.511526554073548,0.5118160769028803,all,2015-01-02,2022-02-14,2022-02-15,7172,2022-02-16,2024-07-10,2404,reference,hybrid,random_forest,2
0,1,pooled_auc,0.5002170931957591,"{""model__early_stopping"": false, ""model__max_iter"": 100, ""model__max_leaf_nodes"": 7}",0.5002170931957591,0.5123734773707986,all,2015-01-02,2017-05-16,2017-05-17,2388,2017-05-18,2019-10-02,2392,reference,hybrid,hist_gradient_boosting,2
0,2,pooled_auc,0.5194942964918685,"{""model__early_stopping"": false, ""model__max_iter"": 100, ""model__max_leaf_nodes"": 7}",0.5194942964918685,0.5195559058298191,all,2015-01-02,2019-10-01,2019-10-02,4780,2019-10-03,2022-02-15,2392,reference,hybrid,hist_gradient_boosting,2
0,3,pooled_auc,0.4910065830355756,"{""model__early_stopping"": false, ""model__max_iter"": 100, ""model__max_leaf_nodes"": 7}",0.4910065830355756,0.48977609098536934,all,2015-01-02,2022-02-14,2022-02-15,7172,2022-02-16,2024-07-10,2404,reference,hybrid,hist_gradient_boosting,2
1,1,pooled_auc,0.4995840508397894,"{""model__early_stopping"": false, ""model__max_iter"": 100, ""model__max_leaf_nodes"": 15}",0.4995840508397894,0.5103992050735742,all,2015-01-02,2017-05-16,2017-05-17,2388,2017-05-18,2019-10-02,2392,reference,hybrid,hist_gradient_boosting,2
1,2,pooled_auc,0.5260506425112981,"{""model__early_stopping"": false, ""model__max_iter"": 100, ""model__max_leaf_nodes"": 15}",0.5260506425112981,0.5272640867289724,all,2015-01-02,2019-10-01,2019-10-02,4780,2019-10-03,2022-02-15,2392,reference,hybrid,hist_gradient_boosting,2
1,3,pooled_auc,0.4970594109944739,"{""model__early_stopping"": false, ""model__max_iter"": 100, ""model__max_leaf_nodes"": 15}",0.4970594109944739,0.4965778879754444,all,2015-01-02,2022-02-14,2022-02-15,7172,2022-02-16,2024-07-10,2404,reference,hybrid,hist_gradient_boosting,2
0,1,pooled_auc,0.5112330823375921,"{""model__C"": 0.1}",0.5112330823375921,0.5340681225594205,all,2015-01-02,2017-05-16,2017-05-17,2388,2017-05-18,2019-10-02,2392,reference,lag_1,logistic_regression,2
0,2,pooled_auc,0.5341403988352449,"{""model__C"": 0.1}",0.5341403988352449,0.536241031284714,all,2015-01-02,2019-10-01,2019-10-02,4780,2019-10-03,2022-02-15,2392,reference,lag_1,logistic_regression,2
0,3,pooled_auc,0.4925757062961894,"{""model__C"": 0.1}",0.4925757062961894,0.49367420177354004,all,2015-01-02,2022-02-14,2022-02-15,7172,2022-02-16,2024-07-10,2404,reference,lag_1,logistic_regression,2
1,1,pooled_auc,0.5108529062080236,"{""model__C"": 10.0}",0.5108529062080236,0.5342225206844797,all,2015-01-02,2017-05-16,2017-05-17,2388,2017-05-18,2019-10-02,2392,reference,lag_1,logistic_regression,2
1,2,pooled_auc,0.5316805752464069,"{""model__C"": 10.0}",0.5316805752464069,0.5344874847411012,all,2015-01-02,2019-10-01,2019-10-02,4780,2019-10-03,2022-02-15,2392,reference,lag_1,logistic_regression,2
1,3,pooled_auc,0.4928676845913136,"{""model__C"": 10.0}",0.4928676845913136,0.49284111351373916,all,2015-01-02,2022-02-14,2022-02-15,7172,2022-02-16,2024-07-10,2404,reference,lag_1,logistic_regression,2
0,1,pooled_auc,0.48863750346332036,"{""model__max_depth"": 4, ""model__min_samples_leaf"": 20, ""model__n_estimators"": 100}",0.48863750346332036,0.5077404860505345,all,2015-01-02,2017-05-16,2017-05-17,2388,2017-05-18,2019-10-02,2392,reference,lag_1,random_forest,2
0,2,pooled_auc,0.5266923048624848,"{""model__max_depth"": 4, ""model__min_samples_leaf"": 20, ""model__n_estimators"": 100}",0.5266923048624848,0.5240830352505474,all,2015-01-02,2019-10-01,2019-10-02,4780,2019-10-03,2022-02-15,2392,reference,lag_1,random_forest,2
0,3,pooled_auc,0.5018559000421668,"{""model__max_depth"": 4, ""model__min_samples_leaf"": 20, ""model__n_estimators"": 100}",0.5018559000421668,0.5017190270812375,all,2015-01-02,2022-02-14,2022-02-15,7172,2022-02-16,2024-07-10,2404,reference,lag_1,random_forest,2
1,1,pooled_auc,0.505324920825866,"{""model__max_depth"": 8, ""model__min_samples_leaf"": 20, ""model__n_estimators"": 100}",0.505324920825866,0.5196774223774887,all,2015-01-02,2017-05-16,2017-05-17,2388,2017-05-18,2019-10-02,2392,reference,lag_1,random_forest,2
1,2,pooled_auc,0.5235490790341248,"{""model__max_depth"": 8, ""model__min_samples_leaf"": 20, ""model__n_estimators"": 100}",0.5235490790341248,0.523076716281201,all,2015-01-02,2019-10-01,2019-10-02,4780,2019-10-03,2022-02-15,2392,reference,lag_1,random_forest,2
1,3,pooled_auc,0.5025674670986928,"{""model__max_depth"": 8, ""model__min_samples_leaf"": 20, ""model__n_estimators"": 100}",0.5025674670986928,0.5017590626845361,all,2015-01-02,2022-02-14,2022-02-15,7172,2022-02-16,2024-07-10,2404,reference,lag_1,random_forest,2
0,1,pooled_auc,0.49297656165060966,"{""model__early_stopping"": false, ""model__max_iter"": 100, ""model__max_leaf_nodes"": 7}",0.49297656165060966,0.5049368500949606,all,2015-01-02,2017-05-16,2017-05-17,2388,2017-05-18,2019-10-02,2392,reference,lag_1,hist_gradient_boosting,2
0,2,pooled_auc,0.5091014180242743,"{""model__early_stopping"": false, ""model__max_iter"": 100, ""model__max_leaf_nodes"": 7}",0.5091014180242743,0.5084427093749764,all,2015-01-02,2019-10-01,2019-10-02,4780,2019-10-03,2022-02-15,2392,reference,lag_1,hist_gradient_boosting,2
0,3,pooled_auc,0.48953975620852663,"{""model__early_stopping"": false, ""model__max_iter"": 100, ""model__max_leaf_nodes"": 7}",0.48953975620852663,0.48898518236626265,all,2015-01-02,2022-02-14,2022-02-15,7172,2022-02-16,2024-07-10,2404,reference,lag_1,hist_gradient_boosting,2
1,1,pooled_auc,0.4896822863876604,"{""model__early_stopping"": false, ""model__max_iter"": 100, ""model__max_leaf_nodes"": 15}",0.4896822863876604,0.49840184969741674,all,2015-01-02,2017-05-16,2017-05-17,2388,2017-05-18,2019-10-02,2392,reference,lag_1,hist_gradient_boosting,2
1,2,pooled_auc,0.5144635787638767,"{""model__early_stopping"": false, ""model__max_iter"": 100, ""model__max_leaf_nodes"": 15}",0.5144635787638767,0.5142696789470041,all,2015-01-02,2019-10-01,2019-10-02,4780,2019-10-03,2022-02-15,2392,reference,lag_1,hist_gradient_boosting,2
1,3,pooled_auc,0.4929210867973102,"{""model__early_stopping"": false, ""model__max_iter"": 100, ""model__max_leaf_nodes"": 15}",0.4929210867973102,0.4927951400882489,all,2015-01-02,2022-02-14,2022-02-15,7172,2022-02-16,2024-07-10,2404,reference,lag_1,hist_gradient_boosting,2
0,1,pooled_auc,0.4969155289817759,"{""model__C"": 0.1}",0.4969155289817759,0.5162157148249105,all,2015-01-02,2017-07-21,2017-07-24,2572,2017-07-25,2020-02-13,2576,reference,base,logistic_regression,3
0,2,pooled_auc,0.5269881965944272,"{""model__C"": 0.1}",0.5269881965944272,0.5267947938082885,all,2015-01-02,2020-02-12,2020-02-13,5148,2020-02-14,2022-09-02,2576,reference,base,logistic_regression,3
0,3,pooled_auc,0.491957932139021,"{""model__C"": 0.1}",0.491957932139021,0.4895039024886414,all,2015-01-02,2022-09-01,2022-09-02,7724,2022-09-06,2025-04-03,2588,reference,base,logistic_regression,3
1,1,pooled_auc,0.497421975407932,"{""model__C"": 10.0}",0.497421975407932,0.5169011534393303,all,2015-01-02,2017-07-21,2017-07-24,2572,2017-07-25,2020-02-13,2576,reference,base,logistic_regression,3
1,2,pooled_auc,0.5268467008513932,"{""model__C"": 10.0}",0.5268467008513932,0.5264032953412283,all,2015-01-02,2020-02-12,2020-02-13,5148,2020-02-14,2022-09-02,2576,reference,base,logistic_regression,3
1,3,pooled_auc,0.492399685438085,"{""model__C"": 10.0}",0.492399685438085,0.48982770952417465,all,2015-01-02,2022-09-01,2022-09-02,7724,2022-09-06,2025-04-03,2588,reference,base,logistic_regression,3
0,1,pooled_auc,0.5007302532899305,"{""model__max_depth"": 4, ""model__min_samples_leaf"": 20, ""model__n_estimators"": 100}",0.5007302532899305,0.5134061837968491,all,2015-01-02,2017-07-21,2017-07-24,2572,2017-07-25,2020-02-13,2576,reference,base,random_forest,3
0,2,pooled_auc,0.5280016447368421,"{""model__max_depth"": 4, ""model__min_samples_leaf"": 20, ""model__n_estimators"": 100}",0.5280016447368421,0.5283941885750524,all,2015-01-02,2020-02-12,2020-02-13,5148,2020-02-14,2022-09-02,2576,reference,base,random_forest,3
0,3,pooled_auc,0.5022198552823385,"{""model__max_depth"": 4, ""model__min_samples_leaf"": 20, ""model__n_estimators"": 100}",0.5022198552823385,0.5007762396989703,all,2015-01-02,2022-09-01,2022-09-02,7724,2022-09-06,2025-04-03,2588,reference,base,random_forest,3
1,1,pooled_auc,0.49983381278950084,"{""model__max_depth"": 8, ""model__min_samples_leaf"": 20, ""model__n_estimators"": 100}",0.49983381278950084,0.5120245703222963,all,2015-01-02,2017-07-21,2017-07-24,2572,2017-07-25,2020-02-13,2576,reference,base,random_forest,3
1,2,pooled_auc,0.5270190354102167,"{""model__max_depth"": 8, ""model__min_samples_leaf"": 20, ""model__n_estimators"": 100}",0.5270190354102167,0.5290009539585141,all,2015-01-02,2020-02-12,2020-02-13,5148,2020-02-14,2022-09-02,2576,reference,base,random_forest,3
1,3,pooled_auc,0.5019642137870186,"{""model__max_depth"": 8, ""model__min_samples_leaf"": 20, ""model__n_estimators"": 100}",0.5019642137870186,0.500694046971241,all,2015-01-02,2022-09-01,2022-09-02,7724,2022-09-06,2025-04-03,2588,reference,base,random_forest,3
0,1,pooled_auc,0.49859104784675357,"{""model__early_stopping"": false, ""model__max_iter"": 100, ""model__max_leaf_nodes"": 7}",0.49859104784675357,0.5066691873381175,all,2015-01-02,2017-07-21,2017-07-24,2572,2017-07-25,2020-02-13,2576,reference,base,hist_gradient_boosting,3
0,2,pooled_auc,0.5198348006965945,"{""model__early_stopping"": false, ""model__max_iter"": 100, ""model__max_leaf_nodes"": 7}",0.5198348006965945,0.520588869360316,all,2015-01-02,2020-02-12,2020-02-13,5148,2020-02-14,2022-09-02,2576,reference,base,hist_gradient_boosting,3
0,3,pooled_auc,0.5035073533642781,"{""model__early_stopping"": false, ""model__max_iter"": 100, ""model__max_leaf_nodes"": 7}",0.5035073533642781,0.5042866819694495,all,2015-01-02,2022-09-01,2022-09-02,7724,2022-09-06,2025-04-03,2588,reference,base,hist_gradient_boosting,3
1,1,pooled_auc,0.5059991156899529,"{""model__early_stopping"": false, ""model__max_iter"": 100, ""model__max_leaf_nodes"": 15}",0.5059991156899529,0.5133909834652584,all,2015-01-02,2017-07-21,2017-07-24,2572,2017-07-25,2020-02-13,2576,reference,base,hist_gradient_boosting,3
1,2,pooled_auc,0.5245821642801858,"{""model__early_stopping"": false, ""model__max_iter"": 100, ""model__max_leaf_nodes"": 15}",0.5245821642801858,0.5235015532183869,all,2015-01-02,2020-02-12,2020-02-13,5148,2020-02-14,2022-09-02,2576,reference,base,hist_gradient_boosting,3
1,3,pooled_auc,0.5035577024512813,"{""model__early_stopping"": false, ""model__max_iter"": 100, ""model__max_leaf_nodes"": 15}",0.5035577024512813,0.5048061784146244,all,2015-01-02,2022-09-01,2022-09-02,7724,2022-09-06,2025-04-03,2588,reference,base,hist_gradient_boosting,3
0,1,pooled_auc,0.5024118373815689,"{""model__C"": 0.1}",0.5024118373815689,0.5158784145031563,all,2015-01-02,2017-07-21,2017-07-24,2572,2017-07-25,2020-02-13,2576,reference,hybrid,logistic_regression,3
0,2,pooled_auc,0.5163306646671827,"{""model__C"": 0.1}",0.5163306646671827,0.5154374680557849,all,2015-01-02,2020-02-12,2020-02-13,5148,2020-02-14,2022-09-02,2576,reference,hybrid,logistic_regression,3
0,3,pooled_auc,0.4998381636489182,"{""model__C"": 0.1}",0.4998381636489182,0.502868515640492,all,2015-01-02,2022-09-01,2022-09-02,7724,2022-09-06,2025-04-03,2588,reference,hybrid,logistic_regression,3
1,1,pooled_auc,0.5048906955177369,"{""model__C"": 10.0}",0.5048906955177369,0.5185739305264113,all,2015-01-02,2017-07-21,2017-07-24,2572,2017-07-25,2020-02-13,2576,reference,hybrid,logistic_regression,3
1,2,pooled_auc,0.5161522832817338,"{""model__C"": 10.0}",0.5161522832817338,0.515212109601785,all,2015-01-02,2020-02-12,2020-02-13,5148,2020-02-14,2022-09-02,2576,reference,hybrid,logistic_regression,3
1,3,pooled_auc,0.5003536423968084,"{""model__C"": 10.0}",0.5003536423968084,0.5035645067909615,all,2015-01-02,2022-09-01,2022-09-02,7724,2022-09-06,2025-04-03,2588,reference,hybrid,logistic_regression,3
0,1,pooled_auc,0.4956378889857303,"{""model__max_depth"": 4, ""model__min_samples_leaf"": 20, ""model__n_estimators"": 100}",0.4956378889857303,0.5132172668182641,all,2015-01-02,2017-07-21,2017-07-24,2572,2017-07-25,2020-02-13,2576,reference,hybrid,random_forest,3
0,2,pooled_auc,0.5222009239551084,"{""model__max_depth"": 4, ""model__min_samples_leaf"": 20, ""model__n_estimators"": 100}",0.5222009239551084,0.5217884842888016,all,2015-01-02,2020-02-12,2020-02-13,5148,2020-02-14,2022-09-02,2576,reference,hybrid,random_forest,3
0,3,pooled_auc,0.508633070239374,"{""model__max_depth"": 4, ""model__min_samples_leaf"": 20, ""model__n_estimators"": 100}",0.508633070239374,0.5120292929317273,all,2015-01-02,2022-09-01,2022-09-02,7724,2022-09-06,2025-04-03,2588,reference,hybrid,random_forest,3
1,1,pooled_auc,0.49706048789896295,"{""model__max_depth"": 8, ""model__min_samples_leaf"": 20, ""model__n_estimators"": 100}",0.49706048789896295,0.5100414130099318,all,2015-01-02,2017-07-21,2017-07-24,2572,2017-07-25,2020-02-13,2576,reference,hybrid,random_forest,3
1,2,pooled_auc,0.5184676131965944,"{""model__max_depth"": 8, ""model__min_samples_leaf"": 20, ""model__n_estimators"": 100}",0.5184676131965944,0.5184204901723125,all,2015-01-02,2020-02-12,2020-02-13,5148,2020-02-14,2022-09-02,2576,reference,hybrid,random_forest,3
1,3,pooled_auc,0.5115023688046647,"{""model__max_depth"": 8, ""model__min_samples_leaf"": 20, ""model__n_estimators"": 100}",0.5115023688046647,0.5141932486867542,all,2015-01-02,2022-09-01,2022-09-02,7724,2022-09-06,2025-04-03,2588,reference,hybrid,random_forest,3
0,1,pooled_auc,0.49911690299822353,"{""model__early_stopping"": false, ""model__max_iter"": 100, ""model__max_leaf_nodes"": 7}",0.49911690299822353,0.5078467591952577,all,2015-01-02,2017-07-21,2017-07-24,2572,2017-07-25,2020-02-13,2576,reference,hybrid,hist_gradient_boosting,3
0,2,pooled_auc,0.5293522034636223,"{""model__early_stopping"": false, ""model__max_iter"": 100, ""model__max_leaf_nodes"": 7}",0.5293522034636223,0.5297950254288553,all,2015-01-02,2020-02-12,2020-02-13,5148,2020-02-14,2022-09-02,2576,reference,hybrid,hist_gradient_boosting,3
0,3,pooled_auc,0.5095980944069357,"{""model__early_stopping"": false, ""model__max_iter"": 100, ""model__max_leaf_nodes"": 7}",0.5095980944069357,0.5130729916603143,all,2015-01-02,2022-09-01,2022-09-02,7724,2022-09-06,2025-04-03,2588,reference,hybrid,hist_gradient_boosting,3
1,1,pooled_auc,0.5062380856203786,"{""model__early_stopping"": false, ""model__max_iter"": 100, ""model__max_leaf_nodes"": 15}",0.5062380856203786,0.5145699288852493,all,2015-01-02,2017-07-21,2017-07-24,2572,2017-07-25,2020-02-13,2576,reference,hybrid,hist_gradient_boosting,3
1,2,pooled_auc,0.5220842202012383,"{""model__early_stopping"": false, ""model__max_iter"": 100, ""model__max_leaf_nodes"": 15}",0.5220842202012383,0.5225709137705423,all,2015-01-02,2020-02-12,2020-02-13,5148,2020-02-14,2022-09-02,2576,reference,hybrid,hist_gradient_boosting,3
1,3,pooled_auc,0.5185227697752033,"{""model__early_stopping"": false, ""model__max_iter"": 100, ""model__max_leaf_nodes"": 15}",0.5185227697752033,0.5212967351061204,all,2015-01-02,2022-09-01,2022-09-02,7724,2022-09-06,2025-04-03,2588,reference,hybrid,hist_gradient_boosting,3
0,1,pooled_auc,0.502621694224024,"{""model__C"": 0.1}",0.502621694224024,0.5153960408423903,all,2015-01-02,2017-07-21,2017-07-24,2572,2017-07-25,2020-02-13,2576,reference,lag_1,logistic_regression,3
0,2,pooled_auc,0.5168494823916409,"{""model__C"": 0.1}",0.5168494823916409,0.5161836382392173,all,2015-01-02,2020-02-12,2020-02-13,5148,2020-02-14,2022-09-02,2576,reference,lag_1,logistic_regression,3
0,3,pooled_auc,0.4992933146002762,"{""model__C"": 0.1}",0.4992933146002762,0.5026021615457968,all,2015-01-02,2022-09-01,2022-09-02,7724,2022-09-06,2025-04-03,2588,reference,lag_1,logistic_regression,3
1,1,pooled_auc,0.5048664346110946,"{""model__C"": 10.0}",0.5048664346110946,0.518622159089664,all,2015-01-02,2017-07-21,2017-07-24,2572,2017-07-25,2020-02-13,2576,reference,lag_1,logistic_regression,3
1,2,pooled_auc,0.5161891689241486,"{""model__C"": 10.0}",0.5161891689241486,0.5158158375905787,all,2015-01-02,2020-02-12,2020-02-13,5148,2020-02-14,2022-09-02,2576,reference,lag_1,logistic_regression,3
1,3,pooled_auc,0.4993874194414608,"{""model__C"": 10.0}",0.4993874194414608,0.5027267977497376,all,2015-01-02,2022-09-01,2022-09-02,7724,2022-09-06,2025-04-03,2588,reference,lag_1,logistic_regression,3
0,1,pooled_auc,0.49578224138025145,"{""model__max_depth"": 4, ""model__min_samples_leaf"": 20, ""model__n_estimators"": 100}",0.49578224138025145,0.5109988691025958,all,2015-01-02,2017-07-21,2017-07-24,2572,2017-07-25,2020-02-13,2576,reference,lag_1,random_forest,3
0,2,pooled_auc,0.5199490857198142,"{""model__max_depth"": 4, ""model__min_samples_leaf"": 20, ""model__n_estimators"": 100}",0.5199490857198142,0.5189056865374635,all,2015-01-02,2020-02-12,2020-02-13,5148,2020-02-14,2022-09-02,2576,reference,lag_1,random_forest,3
0,3,pooled_auc,0.5030221440079791,"{""model__max_depth"": 4, ""model__min_samples_leaf"": 20, ""model__n_estimators"": 100}",0.5030221440079791,0.5067168721388531,all,2015-01-02,2022-09-01,2022-09-02,7724,2022-09-06,2025-04-03,2588,reference,lag_1,random_forest,3
1,1,pooled_auc,0.5039754528146594,"{""model__max_depth"": 8, ""model__min_samples_leaf"": 20, ""model__n_estimators"": 100}",0.5039754528146594,0.515997330201684,all,2015-01-02,2017-07-21,2017-07-24,2572,2017-07-25,2020-02-13,2576,reference,lag_1,random_forest,3
1,2,pooled_auc,0.5139736116486068,"{""model__max_depth"": 8, ""model__min_samples_leaf"": 20, ""model__n_estimators"": 100}",0.5139736116486068,0.5117210171303097,all,2015-01-02,2020-02-12,2020-02-13,5148,2020-02-14,2022-09-02,2576,reference,lag_1,random_forest,3
1,3,pooled_auc,0.5111241512582477,"{""model__max_depth"": 8, ""model__min_samples_leaf"": 20, ""model__n_estimators"": 100}",0.5111241512582477,0.513012206975272,all,2015-01-02,2022-09-01,2022-09-02,7724,2022-09-06,2025-04-03,2588,reference,lag_1,random_forest,3
0,1,pooled_auc,0.49566002706304135,"{""model__early_stopping"": false, ""model__max_iter"": 100, ""model__max_leaf_nodes"": 7}",0.49566002706304135,0.505068726929278,all,2015-01-02,2017-07-21,2017-07-24,2572,2017-07-25,2020-02-13,2576,reference,lag_1,hist_gradient_boosting,3
0,2,pooled_auc,0.5221159660410216,"{""model__early_stopping"": false, ""model__max_iter"": 100, ""model__max_leaf_nodes"": 7}",0.5221159660410216,0.5223086401200685,all,2015-01-02,2020-02-12,2020-02-13,5148,2020-02-14,2022-09-02,2576,reference,lag_1,hist_gradient_boosting,3
0,3,pooled_auc,0.506966455520178,"{""model__early_stopping"": false, ""model__max_iter"": 100, ""model__max_leaf_nodes"": 7}",0.506966455520178,0.50966557264762,all,2015-01-02,2022-09-01,2022-09-02,7724,2022-09-06,2025-04-03,2588,reference,lag_1,hist_gradient_boosting,3
1,1,pooled_auc,0.49565396183638083,"{""model__early_stopping"": false, ""model__max_iter"": 100, ""model__max_leaf_nodes"": 15}",0.49565396183638083,0.5034686764957402,all,2015-01-02,2017-07-21,2017-07-24,2572,2017-07-25,2020-02-13,2576,reference,lag_1,hist_gradient_boosting,3
1,2,pooled_auc,0.5207956414473685,"{""model__early_stopping"": false, ""model__max_iter"": 100, ""model__max_leaf_nodes"": 15}",0.5207956414473685,0.5201391055340963,all,2015-01-02,2020-02-12,2020-02-13,5148,2020-02-14,2022-09-02,2576,reference,lag_1,hist_gradient_boosting,3
1,3,pooled_auc,0.5103230613203928,"{""model__early_stopping"": false, ""model__max_iter"": 100, ""model__max_leaf_nodes"": 15}",0.5103230613203928,0.5122457397497224,all,2015-01-02,2022-09-01,2022-09-02,7724,2022-09-06,2025-04-03,2588,reference,lag_1,hist_gradient_boosting,3
0,1,pooled_auc,0.4937573934275518,"{""model__C"": 0.1}",0.4937573934275518,0.5196821062536762,all,2015-01-02,2017-03-10,2017-03-13,2204,2017-03-14,2019-05-22,2208,deduplicated,base,logistic_regression,1
0,2,pooled_auc,0.5408604668154524,"{""model__C"": 0.1}",0.5408604668154524,0.540907658811572,all,2015-01-02,2019-05-21,2019-05-22,4412,2019-05-23,2021-07-30,2208,deduplicated,base,logistic_regression,1
0,3,pooled_auc,0.4699820934662353,"{""model__C"": 0.1}",0.4699820934662353,0.47158222515767884,all,2015-01-02,2021-07-29,2021-07-30,6620,2021-08-02,2023-10-12,2216,deduplicated,base,logistic_regression,1
1,1,pooled_auc,0.4926798888885227,"{""model__C"": 10.0}",0.4926798888885227,0.5179163919174202,all,2015-01-02,2017-03-10,2017-03-13,2204,2017-03-14,2019-05-22,2208,deduplicated,base,logistic_regression,1
1,2,pooled_auc,0.5360324007651841,"{""model__C"": 10.0}",0.5360324007651841,0.5344524075230075,all,2015-01-02,2019-05-21,2019-05-22,4412,2019-05-23,2021-07-30,2208,deduplicated,base,logistic_regression,1
1,3,pooled_auc,0.4695491076088091,"{""model__C"": 10.0}",0.4695491076088091,0.4714452783446539,all,2015-01-02,2021-07-29,2021-07-30,6620,2021-08-02,2023-10-12,2216,deduplicated,base,logistic_regression,1
0,1,pooled_auc,0.48726476955571885,"{""model__max_depth"": 4, ""model__min_samples_leaf"": 20, ""model__n_estimators"": 100}",0.48726476955571885,0.5003100131421513,all,2015-01-02,2017-03-10,2017-03-13,2204,2017-03-14,2019-05-22,2208,deduplicated,base,random_forest,1
0,2,pooled_auc,0.5302918592911419,"{""model__max_depth"": 4, ""model__min_samples_leaf"": 20, ""model__n_estimators"": 100}",0.5302918592911419,0.5313677038100371,all,2015-01-02,2019-05-21,2019-05-22,4412,2019-05-23,2021-07-30,2208,deduplicated,base,random_forest,1
0,3,pooled_auc,0.4806648575305291,"{""model__max_depth"": 4, ""model__min_samples_leaf"": 20, ""model__n_estimators"": 100}",0.4806648575305291,0.4812051439303986,all,2015-01-02,2021-07-29,2021-07-30,6620,2021-08-02,2023-10-12,2216,deduplicated,base,random_forest,1
1,1,pooled_auc,0.49189317877019495,"{""model__max_depth"": 8, ""model__min_samples_leaf"": 20, ""model__n_estimators"": 100}",0.49189317877019495,0.5051070965924371,all,2015-01-02,2017-03-10,2017-03-13,2204,2017-03-14,2019-05-22,2208,deduplicated,base,random_forest,1
1,2,pooled_auc,0.5208466177799033,"{""model__max_depth"": 8, ""model__min_samples_leaf"": 20, ""model__n_estimators"": 100}",0.5208466177799033,0.5220910620959935,all,2015-01-02,2019-05-21,2019-05-22,4412,2019-05-23,2021-07-30,2208,deduplicated,base,random_forest,1
1,3,pooled_auc,0.49588704206241524,"{""model__max_depth"": 8, ""model__min_samples_leaf"": 20, ""model__n_estimators"": 100}",0.49588704206241524,0.49630558692228866,all,2015-01-02,2021-07-29,2021-07-30,6620,2021-08-02,2023-10-12,2216,deduplicated,base,random_forest,1
0,1,pooled_auc,0.5046753646875073,"{""model__early_stopping"": false, ""model__max_iter"": 100, ""model__max_leaf_nodes"": 7}",0.5046753646875073,0.5139844657118326,all,2015-01-02,2017-03-10,2017-03-13,2204,2017-03-14,2019-05-22,2208,deduplicated,base,hist_gradient_boosting,1
0,2,pooled_auc,0.5187941707848451,"{""model__early_stopping"": false, ""model__max_iter"": 100, ""model__max_leaf_nodes"": 7}",0.5187941707848451,0.5182494451641424,all,2015-01-02,2019-05-21,2019-05-22,4412,2019-05-23,2021-07-30,2208,deduplicated,base,hist_gradient_boosting,1
0,3,pooled_auc,0.48652647492432943,"{""model__early_stopping"": false, ""model__max_iter"": 100, ""model__max_leaf_nodes"": 7}",0.48652647492432943,0.48766037166764,all,2015-01-02,2021-07-29,2021-07-30,6620,2021-08-02,2023-10-12,2216,deduplicated,base,hist_gradient_boosting,1
1,1,pooled_auc,0.4984529407306601,"{""model__early_stopping"": false, ""model__max_iter"": 100, ""model__max_leaf_nodes"": 15}",0.4984529407306601,0.5087452686225127,all,2015-01-02,2017-03-10,2017-03-13,2204,2017-03-14,2019-05-22,2208,deduplicated,base,hist_gradient_boosting,1
1,2,pooled_auc,0.5255576146447738,"{""model__early_stopping"": false, ""model__max_iter"": 100, ""model__max_leaf_nodes"": 15}",0.5255576146447738,0.5252684974535555,all,2015-01-02,2019-05-21,2019-05-22,4412,2019-05-23,2021-07-30,2208,deduplicated,base,hist_gradient_boosting,1
1,3,pooled_auc,0.48804885646070345,"{""model__early_stopping"": false, ""model__max_iter"": 100, ""model__max_leaf_nodes"": 15}",0.48804885646070345,0.4903326971073029,all,2015-01-02,2021-07-29,2021-07-30,6620,2021-08-02,2023-10-12,2216,deduplicated,base,hist_gradient_boosting,1
0,1,pooled_auc,0.5060045340863782,"{""model__C"": 0.1}",0.5060045340863782,0.52356522617341,all,2015-01-02,2017-03-10,2017-03-13,2204,2017-03-14,2019-05-22,2208,deduplicated,hybrid,logistic_regression,1
0,2,pooled_auc,0.538167045273394,"{""model__C"": 0.1}",0.538167045273394,0.5400767650852947,all,2015-01-02,2019-05-21,2019-05-22,4412,2019-05-23,2021-07-30,2208,deduplicated,hybrid,logistic_regression,1
0,3,pooled_auc,0.4917357595762446,"{""model__C"": 0.1}",0.4917357595762446,0.49079607802563796,all,2015-01-02,2021-07-29,2021-07-30,6620,2021-08-02,2023-10-12,2216,deduplicated,hybrid,logistic_regression,1
1,1,pooled_auc,0.5038116311178038,"{""model__C"": 10.0}",0.5038116311178038,0.5195723368079997,all,2015-01-02,2017-03-10,2017-03-13,2204,2017-03-14,2019-05-22,2208,deduplicated,hybrid,logistic_regression,1
1,2,pooled_auc,0.5356537940379404,"{""model__C"": 10.0}",0.5356537940379404,0.5373439315156466,all,2015-01-02,2019-05-21,2019-05-22,4412,2019-05-23,2021-07-30,2208,deduplicated,hybrid,logistic_regression,1
1,3,pooled_auc,0.49076623003861813,"{""model__C"": 10.0}",0.49076623003861813,0.4897898947953077,all,2015-01-02,2021-07-29,2021-07-30,6620,2021-08-02,2023-10-12,2216,deduplicated,hybrid,logistic_regression,1
0,1,pooled_auc,0.49394974611093356,"{""model__max_depth"": 4, ""model__min_samples_leaf"": 20, ""model__n_estimators"": 100}",0.49394974611093356,0.5070840412926956,all,2015-01-02,2017-03-10,2017-03-13,2204,2017-03-14,2019-05-22,2208,deduplicated,hybrid,random_forest,1
0,2,pooled_auc,0.5228587962962963,"{""model__max_depth"": 4, ""model__min_samples_leaf"": 20, ""model__n_estimators"": 100}",0.5228587962962963,0.5198284588750766,all,2015-01-02,2019-05-21,2019-05-22,4412,2019-05-23,2021-07-30,2208,deduplicated,hybrid,random_forest,1
0,3,pooled_auc,0.48252767521657447,"{""model__max_depth"": 4, ""model__min_samples_leaf"": 20, ""model__n_estimators"": 100}",0.48252767521657447,0.48265071312744595,all,2015-01-02,2021-07-29,2021-07-30,6620,2021-08-02,2023-10-12,2216,deduplicated,hybrid,random_forest,1
1,1,pooled_auc,0.4895820633388142,"{""model__max_depth"": 8, ""model__min_samples_leaf"": 20, ""model__n_estimators"": 100}",0.4895820633388142,0.5017407468230209,all,2015-01-02,2017-03-10,2017-03-13,2204,2017-03-14,2019-05-22,2208,deduplicated,hybrid,random_forest,1
1,2,pooled_auc,0.5270612479409108,"{""model__max_depth"": 8, ""model__min_samples_leaf"": 20, ""model__n_estimators"": 100}",0.5270612479409108,0.5251139894073509,all,2015-01-02,2019-05-21,2019-05-22,4412,2019-05-23,2021-07-30,2208,deduplicated,hybrid,random_forest,1
1,3,pooled_auc,0.4991992615593362,"{""model__max_depth"": 8, ""model__min_samples_leaf"": 20, ""model__n_estimators"": 100}",0.4991992615593362,0.4974477273485298,all,2015-01-02,2021-07-29,2021-07-30,6620,2021-08-02,2023-10-12,2216,deduplicated,hybrid,random_forest,1
0,1,pooled_auc,0.5019984908346211,"{""model__early_stopping"": false, ""model__max_iter"": 100, ""model__max_leaf_nodes"": 7}",0.5019984908346211,0.5086062055333166,all,2015-01-02,2017-03-10,2017-03-13,2204,2017-03-14,2019-05-22,2208,deduplicated,hybrid,hist_gradient_boosting,1
0,2,pooled_auc,0.5196651323130879,"{""model__early_stopping"": false, ""model__max_iter"": 100, ""model__max_leaf_nodes"": 7}",0.5196651323130879,0.5183112429225055,all,2015-01-02,2019-05-21,2019-05-22,4412,2019-05-23,2021-07-30,2208,deduplicated,hybrid,hist_gradient_boosting,1
0,3,pooled_auc,0.4908742726489928,"{""model__early_stopping"": false, ""model__max_iter"": 100, ""model__max_leaf_nodes"": 7}",0.4908742726489928,0.4885947585101997,all,2015-01-02,2021-07-29,2021-07-30,6620,2021-08-02,2023-10-12,2216,deduplicated,hybrid,hist_gradient_boosting,1
1,1,pooled_auc,0.5046267616540189,"{""model__early_stopping"": false, ""model__max_iter"": 100, ""model__max_leaf_nodes"": 15}",0.5046267616540189,0.5117915279372229,all,2015-01-02,2017-03-10,2017-03-13,2204,2017-03-14,2019-05-22,2208,deduplicated,hybrid,hist_gradient_boosting,1
1,2,pooled_auc,0.52579258329348,"{""model__early_stopping"": false, ""model__max_iter"": 100, ""model__max_leaf_nodes"": 15}",0.52579258329348,0.5252235498806515,all,2015-01-02,2019-05-21,2019-05-22,4412,2019-05-23,2021-07-30,2208,deduplicated,hybrid,hist_gradient_boosting,1
1,3,pooled_auc,0.4978134621907943,"{""model__early_stopping"": false, ""model__max_iter"": 100, ""model__max_leaf_nodes"": 15}",0.4978134621907943,0.49656280937322206,all,2015-01-02,2021-07-29,2021-07-30,6620,2021-08-02,2023-10-12,2216,deduplicated,hybrid,hist_gradient_boosting,1
0,1,pooled_auc,0.5064427851680017,"{""model__C"": 0.1}",0.5064427851680017,0.524706668273422,all,2015-01-02,2017-03-10,2017-03-13,2204,2017-03-14,2019-05-22,2208,deduplicated,lag_1,logistic_regression,1
0,2,pooled_auc,0.5380732238694936,"{""model__C"": 0.1}",0.5380732238694936,0.5399007113557405,all,2015-01-02,2019-05-21,2019-05-22,4412,2019-05-23,2021-07-30,2208,deduplicated,lag_1,logistic_regression,1
0,3,pooled_auc,0.4914846114706189,"{""model__C"": 0.1}",0.4914846114706189,0.490479342552833,all,2015-01-02,2021-07-29,2021-07-30,6620,2021-08-02,2023-10-12,2216,deduplicated,lag_1,logistic_regression,1
1,1,pooled_auc,0.5039244890091241,"{""model__C"": 10.0}",0.5039244890091241,0.5197886757845168,all,2015-01-02,2017-03-10,2017-03-13,2204,2017-03-14,2019-05-22,2208,deduplicated,lag_1,logistic_regression,1
1,2,pooled_auc,0.5356330370901747,"{""model__C"": 10.0}",0.5356330370901747,0.5370034959574123,all,2015-01-02,2019-05-21,2019-05-22,4412,2019-05-23,2021-07-30,2208,deduplicated,lag_1,logistic_regression,1
1,3,pooled_auc,0.49082167832167833,"{""model__C"": 10.0}",0.49082167832167833,0.4897539454123588,all,2015-01-02,2021-07-29,2021-07-30,6620,2021-08-02,2023-10-12,2216,deduplicated,lag_1,logistic_regression,1
0,1,pooled_auc,0.4972024423436218,"{""model__max_depth"": 4, ""model__min_samples_leaf"": 20, ""model__n_estimators"": 100}",0.4972024423436218,0.5110553977985719,all,2015-01-02,2017-03-10,2017-03-13,2204,2017-03-14,2019-05-22,2208,deduplicated,lag_1,random_forest,1
0,2,pooled_auc,0.5313712205749508,"{""model__max_depth"": 4, ""model__min_samples_leaf"": 20, ""model__n_estimators"": 100}",0.5313712205749508,0.5297368826491269,all,2015-01-02,2019-05-21,2019-05-22,4412,2019-05-23,2021-07-30,2208,deduplicated,lag_1,random_forest,1
0,3,pooled_auc,0.4904849115436802,"{""model__max_depth"": 4, ""model__min_samples_leaf"": 20, ""model__n_estimators"": 100}",0.4904849115436802,0.4906314712102157,all,2015-01-02,2021-07-29,2021-07-30,6620,2021-08-02,2023-10-12,2216,deduplicated,lag_1,random_forest,1
1,1,pooled_auc,0.49722880331093755,"{""model__max_depth"": 8, ""model__min_samples_leaf"": 20, ""model__n_estimators"": 100}",0.49722880331093755,0.5085982367447686,all,2015-01-02,2017-03-10,2017-03-13,2204,2017-03-14,2019-05-22,2208,deduplicated,lag_1,random_forest,1
1,2,pooled_auc,0.5244832350284288,"{""model__max_depth"": 8, ""model__min_samples_leaf"": 20, ""model__n_estimators"": 100}",0.5244832350284288,0.5228622843245819,all,2015-01-02,2019-05-21,2019-05-22,4412,2019-05-23,2021-07-30,2208,deduplicated,lag_1,random_forest,1
1,3,pooled_auc,0.5046576557770588,"{""model__max_depth"": 8, ""model__min_samples_leaf"": 20, ""model__n_estimators"": 100}",0.5046576557770588,0.5046184780702943,all,2015-01-02,2021-07-29,2021-07-30,6620,2021-08-02,2023-10-12,2216,deduplicated,lag_1,random_forest,1
0,1,pooled_auc,0.5092802961654679,"{""model__early_stopping"": false, ""model__max_iter"": 100, ""model__max_leaf_nodes"": 7}",0.5092802961654679,0.5178629199630095,all,2015-01-02,2017-03-10,2017-03-13,2204,2017-03-14,2019-05-22,2208,deduplicated,lag_1,hist_gradient_boosting,1
0,2,pooled_auc,0.5191976858494075,"{""model__early_stopping"": false, ""model__max_iter"": 100, ""model__max_leaf_nodes"": 7}",0.5191976858494075,0.5192744467043169,all,2015-01-02,2019-05-21,2019-05-22,4412,2019-05-23,2021-07-30,2208,deduplicated,lag_1,hist_gradient_boosting,1
0,3,pooled_auc,0.47773547581150194,"{""model__early_stopping"": false, ""model__max_iter"": 100, ""model__max_leaf_nodes"": 7}",0.47773547581150194,0.47717539393623776,all,2015-01-02,2021-07-29,2021-07-30,6620,2021-08-02,2023-10-12,2216,deduplicated,lag_1,hist_gradient_boosting,1
1,1,pooled_auc,0.4991593322766979,"{""model__early_stopping"": false, ""model__max_iter"": 100, ""model__max_leaf_nodes"": 15}",0.4991593322766979,0.5075345745406623,all,2015-01-02,2017-03-10,2017-03-13,2204,2017-03-14,2019-05-22,2208,deduplicated,lag_1,hist_gradient_boosting,1
1,2,pooled_auc,0.5125342904777087,"{""model__early_stopping"": false, ""model__max_iter"": 100, ""model__max_leaf_nodes"": 15}",0.5125342904777087,0.5115643612235471,all,2015-01-02,2019-05-21,2019-05-22,4412,2019-05-23,2021-07-30,2208,deduplicated,lag_1,hist_gradient_boosting,1
1,3,pooled_auc,0.4835061743294019,"{""model__early_stopping"": false, ""model__max_iter"": 100, ""model__max_leaf_nodes"": 15}",0.4835061743294019,0.4826593895353412,all,2015-01-02,2021-07-29,2021-07-30,6620,2021-08-02,2023-10-12,2216,deduplicated,lag_1,hist_gradient_boosting,1
0,1,pooled_auc,0.49785396887746336,"{""model__C"": 0.1}",0.49785396887746336,0.5254369673615323,all,2015-01-02,2017-05-16,2017-05-17,2388,2017-05-18,2019-10-02,2392,deduplicated,base,logistic_regression,2
0,2,pooled_auc,0.5333607826158318,"{""model__C"": 0.1}",0.5333607826158318,0.5342127101052777,all,2015-01-02,2019-10-01,2019-10-02,4780,2019-10-03,2022-02-15,2392,deduplicated,base,logistic_regression,2
0,3,pooled_auc,0.47873343838078963,"{""model__C"": 0.1}",0.47873343838078963,0.4785337844962768,all,2015-01-02,2022-02-14,2022-02-15,7172,2022-02-16,2024-07-10,2404,deduplicated,base,logistic_regression,2
1,1,pooled_auc,0.49702557771690914,"{""model__C"": 10.0}",0.49702557771690914,0.523222786060269,all,2015-01-02,2017-05-16,2017-05-17,2388,2017-05-18,2019-10-02,2392,deduplicated,base,logistic_regression,2
1,2,pooled_auc,0.5324856598722618,"{""model__C"": 10.0}",0.5324856598722618,0.5326811643860809,all,2015-01-02,2019-10-01,2019-10-02,4780,2019-10-03,2022-02-15,2392,deduplicated,base,logistic_regression,2
1,3,pooled_auc,0.4791981069264742,"{""model__C"": 10.0}",0.4791981069264742,0.47833281333708777,all,2015-01-02,2022-02-14,2022-02-15,7172,2022-02-16,2024-07-10,2404,deduplicated,base,logistic_regression,2
0,1,pooled_auc,0.48879006491752913,"{""model__max_depth"": 4, ""model__min_samples_leaf"": 20, ""model__n_estimators"": 100}",0.48879006491752913,0.505950923034605,all,2015-01-02,2017-05-16,2017-05-17,2388,2017-05-18,2019-10-02,2392,deduplicated,base,random_forest,2
0,2,pooled_auc,0.5284736784019424,"{""model__max_depth"": 4, ""model__min_samples_leaf"": 20, ""model__n_estimators"": 100}",0.5284736784019424,0.5283478893086644,all,2015-01-02,2019-10-01,2019-10-02,4780,2019-10-03,2022-02-15,2392,deduplicated,base,random_forest,2
0,3,pooled_auc,0.48768697707450237,"{""model__max_depth"": 4, ""model__min_samples_leaf"": 20, ""model__n_estimators"": 100}",0.48768697707450237,0.4878053582509569,all,2015-01-02,2022-02-14,2022-02-15,7172,2022-02-16,2024-07-10,2404,deduplicated,base,random_forest,2
1,1,pooled_auc,0.4929141342049795,"{""model__max_depth"": 8, ""model__min_samples_leaf"": 20, ""model__n_estimators"": 100}",0.4929141342049795,0.5083064896687458,all,2015-01-02,2017-05-16,2017-05-17,2388,2017-05-18,2019-10-02,2392,deduplicated,base,random_forest,2
1,2,pooled_auc,0.5280477900497765,"{""model__max_depth"": 8, ""model__min_samples_leaf"": 20, ""model__n_estimators"": 100}",0.5280477900497765,0.5286547503244241,all,2015-01-02,2019-10-01,2019-10-02,4780,2019-10-03,2022-02-15,2392,deduplicated,base,random_forest,2
1,3,pooled_auc,0.4939371157815309,"{""model__max_depth"": 8, ""model__min_samples_leaf"": 20, ""model__n_estimators"": 100}",0.4939371157815309,0.4945764109228882,all,2015-01-02,2022-02-14,2022-02-15,7172,2022-02-16,2024-07-10,2404,deduplicated,base,random_forest,2
0,1,pooled_auc,0.49130154209819343,"{""model__early_stopping"": false, ""model__max_iter"": 100, ""model__max_leaf_nodes"": 7}",0.49130154209819343,0.5026493740748438,all,2015-01-02,2017-05-16,2017-05-17,2388,2017-05-18,2019-10-02,2392,deduplicated,base,hist_gradient_boosting,2
0,2,pooled_auc,0.5153231374812878,"{""model__early_stopping"": false, ""model__max_iter"": 100, ""model__max_leaf_nodes"": 7}",0.5153231374812878,0.5151122178662078,all,2015-01-02,2019-10-01,2019-10-02,4780,2019-10-03,2022-02-15,2392,deduplicated,base,hist_gradient_boosting,2
0,3,pooled_auc,0.48424045418229433,"{""model__early_stopping"": false, ""model__max_iter"": 100, ""model__max_leaf_nodes"": 7}",0.48424045418229433,0.4846188545558844,all,2015-01-02,2022-02-14,2022-02-15,7172,2022-02-16,2024-07-10,2404,deduplicated,base,hist_gradient_boosting,2
1,1,pooled_auc,0.49075126871508185,"{""model__early_stopping"": false, ""model__max_iter"": 100, ""model__max_leaf_nodes"": 15}",0.49075126871508185,0.5006347210229454,all,2015-01-02,2017-05-16,2017-05-17,2388,2017-05-18,2019-10-02,2392,deduplicated,base,hist_gradient_boosting,2
1,2,pooled_auc,0.5233796433857133,"{""model__early_stopping"": false, ""model__max_iter"": 100, ""model__max_leaf_nodes"": 15}",0.5233796433857133,0.523968421706866,all,2015-01-02,2019-10-01,2019-10-02,4780,2019-10-03,2022-02-15,2392,deduplicated,base,hist_gradient_boosting,2
1,3,pooled_auc,0.4878555061142058,"{""model__early_stopping"": false, ""model__max_iter"": 100, ""model__max_leaf_nodes"": 15}",0.4878555061142058,0.4872570887744743,all,2015-01-02,2022-02-14,2022-02-15,7172,2022-02-16,2024-07-10,2404,deduplicated,base,hist_gradient_boosting,2
0,1,pooled_auc,0.5114168575146161,"{""model__C"": 0.1}",0.5114168575146161,0.5329180591110402,all,2015-01-02,2017-05-16,2017-05-17,2388,2017-05-18,2019-10-02,2392,deduplicated,hybrid,logistic_regression,2
0,2,pooled_auc,0.5360505293183806,"{""model__C"": 0.1}",0.5360505293183806,0.5374857788639915,all,2015-01-02,2019-10-01,2019-10-02,4780,2019-10-03,2022-02-15,2392,deduplicated,hybrid,logistic_regression,2
0,3,pooled_auc,0.4936409762755498,"{""model__C"": 0.1}",0.4936409762755498,0.49422897690099943,all,2015-01-02,2022-02-14,2022-02-15,7172,2022-02-16,2024-07-10,2404,deduplicated,hybrid,logistic_regression,2
1,1,pooled_auc,0.5104264355682124,"{""model__C"": 10.0}",0.5104264355682124,0.5319839600939298,all,2015-01-02,2017-05-16,2017-05-17,2388,2017-05-18,2019-10-02,2392,deduplicated,hybrid,logistic_regression,2
1,2,pooled_auc,0.53425925139864,"{""model__C"": 10.0}",0.53425925139864,0.5368843387269564,all,2015-01-02,2019-10-01,2019-10-02,4780,2019-10-03,2022-02-15,2392,deduplicated,hybrid,logistic_regression,2
1,3,pooled_auc,0.49426169022836725,"{""model__C"": 10.0}",0.49426169022836725,0.4944128443582974,all,2015-01-02,2022-02-14,2022-02-15,7172,2022-02-16,2024-07-10,2404,deduplicated,hybrid,logistic_regression,2
0,1,pooled_auc,0.49944411516110143,"{""model__max_depth"": 4, ""model__min_samples_leaf"": 20, ""model__n_estimators"": 100}",0.49944411516110143,0.518603457665472,all,2015-01-02,2017-05-16,2017-05-17,2388,2017-05-18,2019-10-02,2392,deduplicated,hybrid,random_forest,2
0,2,pooled_auc,0.5326844549336549,"{""model__max_depth"": 4, ""model__min_samples_leaf"": 20, ""model__n_estimators"": 100}",0.5326844549336549,0.5299579728509124,all,2015-01-02,2019-10-01,2019-10-02,4780,2019-10-03,2022-02-15,2392,deduplicated,hybrid,random_forest,2
0,3,pooled_auc,0.4948657593377571,"{""model__max_depth"": 4, ""model__min_samples_leaf"": 20, ""model__n_estimators"": 100}",0.4948657593377571,0.49413909676651063,all,2015-01-02,2022-02-14,2022-02-15,7172,2022-02-16,2024-07-10,2404,deduplicated,hybrid,random_forest,2
1,1,pooled_auc,0.501883695564495,"{""model__max_depth"": 8, ""model__min_samples_leaf"": 20, ""model__n_estimators"": 100}",0.501883695564495,0.5189105114035265,all,2015-01-02,2017-05-16,2017-05-17,2388,2017-05-18,2019-10-02,2392,deduplicated,hybrid,random_forest,2
1,2,pooled_auc,0.5218101528387369,"{""model__max_depth"": 8, ""model__min_samples_leaf"": 20, ""model__n_estimators"": 100}",0.5218101528387369,0.5198114694071542,all,2015-01-02,2019-10-01,2019-10-02,4780,2019-10-03,2022-02-15,2392,deduplicated,hybrid,random_forest,2
1,3,pooled_auc,0.5124017954237777,"{""model__max_depth"": 8, ""model__min_samples_leaf"": 20, ""model__n_estimators"": 100}",0.5124017954237777,0.512038529712085,all,2015-01-02,2022-02-14,2022-02-15,7172,2022-02-16,2024-07-10,2404,deduplicated,hybrid,random_forest,2
0,1,pooled_auc,0.504938431808537,"{""model__early_stopping"": false, ""model__max_iter"": 100, ""model__max_leaf_nodes"": 7}",0.504938431808537,0.517633359596164,all,2015-01-02,2017-05-16,2017-05-17,2388,2017-05-18,2019-10-02,2392,deduplicated,hybrid,hist_gradient_boosting,2
0,2,pooled_auc,0.5267103449837144,"{""model__early_stopping"": false, ""model__max_iter"": 100, ""model__max_leaf_nodes"": 7}",0.5267103449837144,0.5258320933062754,all,2015-01-02,2019-10-01,2019-10-02,4780,2019-10-03,2022-02-15,2392,deduplicated,hybrid,hist_gradient_boosting,2
0,3,pooled_auc,0.4883281503140327,"{""model__early_stopping"": false, ""model__max_iter"": 100, ""model__max_leaf_nodes"": 7}",0.4883281503140327,0.4880286456007842,all,2015-01-02,2022-02-14,2022-02-15,7172,2022-02-16,2024-07-10,2404,deduplicated,hybrid,hist_gradient_boosting,2
1,1,pooled_auc,0.4936499363450484,"{""model__early_stopping"": false, ""model__max_iter"": 100, ""model__max_leaf_nodes"": 15}",0.4936499363450484,0.5042667418788573,all,2015-01-02,2017-05-16,2017-05-17,2388,2017-05-18,2019-10-02,2392,deduplicated,hybrid,hist_gradient_boosting,2
1,2,pooled_auc,0.5250559597485985,"{""model__early_stopping"": false, ""model__max_iter"": 100, ""model__max_leaf_nodes"": 15}",0.5250559597485985,0.5252309813870324,all,2015-01-02,2019-10-01,2019-10-02,4780,2019-10-03,2022-02-15,2392,deduplicated,hybrid,hist_gradient_boosting,2
1,3,pooled_auc,0.4967542555316363,"{""model__early_stopping"": false, ""model__max_iter"": 100, ""model__max_leaf_nodes"": 15}",0.4967542555316363,0.4953020051793248,all,2015-01-02,2022-02-14,2022-02-15,7172,2022-02-16,2024-07-10,2404,deduplicated,hybrid,hist_gradient_boosting,2
0,1,pooled_auc,0.5124577825631026,"{""model__C"": 0.1}",0.5124577825631026,0.5348190877417834,all,2015-01-02,2017-05-16,2017-05-17,2388,2017-05-18,2019-10-02,2392,deduplicated,lag_1,logistic_regression,2
0,2,pooled_auc,0.5357533979098927,"{""model__C"": 0.1}",0.5357533979098927,0.5376029135094392,all,2015-01-02,2019-10-01,2019-10-02,4780,2019-10-03,2022-02-15,2392,deduplicated,lag_1,logistic_regression,2
0,3,pooled_auc,0.49301193990101866,"{""model__C"": 0.1}",0.49301193990101866,0.49401122082448023,all,2015-01-02,2022-02-14,2022-02-15,7172,2022-02-16,2024-07-10,2404,deduplicated,lag_1,logistic_regression,2
1,1,pooled_auc,0.5111327775653998,"{""model__C"": 10.0}",0.5111327775653998,0.5338265973755357,all,2015-01-02,2017-05-16,2017-05-17,2388,2017-05-18,2019-10-02,2392,deduplicated,lag_1,logistic_regression,2
1,2,pooled_auc,0.5340682383503264,"{""model__C"": 10.0}",0.5340682383503264,0.5367843936837027,all,2015-01-02,2019-10-01,2019-10-02,4780,2019-10-03,2022-02-15,2392,deduplicated,lag_1,logistic_regression,2
1,3,pooled_auc,0.4937970216826827,"{""model__C"": 10.0}",0.4937970216826827,0.49448618925232884,all,2015-01-02,2022-02-14,2022-02-15,7172,2022-02-16,2024-07-10,2404,deduplicated,lag_1,logistic_regression,2
0,1,pooled_auc,0.4877642206564702,"{""model__max_depth"": 4, ""model__min_samples_leaf"": 20, ""model__n_estimators"": 100}",0.4877642206564702,0.5065172532215396,all,2015-01-02,2017-05-16,2017-05-17,2388,2017-05-18,2019-10-02,2392,deduplicated,lag_1,random_forest,2
0,2,pooled_auc,0.5320229838219023,"{""model__max_depth"": 4, ""model__min_samples_leaf"": 20, ""model__n_estimators"": 100}",0.5320229838219023,0.5300719129991565,all,2015-01-02,2019-10-01,2019-10-02,4780,2019-10-03,2022-02-15,2392,deduplicated,lag_1,random_forest,2
0,3,pooled_auc,0.5007379213919528,"{""model__max_depth"": 4, ""model__min_samples_leaf"": 20, ""model__n_estimators"": 100}",0.5007379213919528,0.5006179263494009,all,2015-01-02,2022-02-14,2022-02-15,7172,2022-02-16,2024-07-10,2404,deduplicated,lag_1,random_forest,2
1,1,pooled_auc,0.5044986339612318,"{""model__max_depth"": 8, ""model__min_samples_leaf"": 20, ""model__n_estimators"": 100}",0.5044986339612318,0.5179757266648942,all,2015-01-02,2017-05-16,2017-05-17,2388,2017-05-18,2019-10-02,2392,deduplicated,lag_1,random_forest,2
1,2,pooled_auc,0.5233269379334935,"{""model__max_depth"": 8, ""model__min_samples_leaf"": 20, ""model__n_estimators"": 100}",0.5233269379334935,0.5226733778777038,all,2015-01-02,2019-10-01,2019-10-02,4780,2019-10-03,2022-02-15,2392,deduplicated,lag_1,random_forest,2
1,3,pooled_auc,0.5037381544197608,"{""model__max_depth"": 8, ""model__min_samples_leaf"": 20, ""model__n_estimators"": 100}",0.5037381544197608,0.5036099273425458,all,2015-01-02,2022-02-14,2022-02-15,7172,2022-02-16,2024-07-10,2404,deduplicated,lag_1,random_forest,2
0,1,pooled_auc,0.4966608330907548,"{""model__early_stopping"": false, ""model__max_iter"": 100, ""model__max_leaf_nodes"": 7}",0.4966608330907548,0.5082920135083159,all,2015-01-02,2017-05-16,2017-05-17,2388,2017-05-18,2019-10-02,2392,deduplicated,lag_1,hist_gradient_boosting,2
0,2,pooled_auc,0.5184179025918348,"{""model__early_stopping"": false, ""model__max_iter"": 100, ""model__max_leaf_nodes"": 7}",0.5184179025918348,0.5168371571715004,all,2015-01-02,2019-10-01,2019-10-02,4780,2019-10-03,2022-02-15,2392,deduplicated,lag_1,hist_gradient_boosting,2
0,3,pooled_auc,0.4862784071994496,"{""model__early_stopping"": false, ""model__max_iter"": 100, ""model__max_leaf_nodes"": 7}",0.4862784071994496,0.48587923079672735,all,2015-01-02,2022-02-14,2022-02-15,7172,2022-02-16,2024-07-10,2404,deduplicated,lag_1,hist_gradient_boosting,2
1,1,pooled_auc,0.49820503558013685,"{""model__early_stopping"": false, ""model__max_iter"": 100, ""model__max_leaf_nodes"": 15}",0.49820503558013685,0.5074414665293329,all,2015-01-02,2017-05-16,2017-05-17,2388,2017-05-18,2019-10-02,2392,deduplicated,lag_1,hist_gradient_boosting,2
1,2,pooled_auc,0.5137370217245507,"{""model__early_stopping"": false, ""model__max_iter"": 100, ""model__max_leaf_nodes"": 15}",0.5137370217245507,0.5134837903334921,all,2015-01-02,2019-10-01,2019-10-02,4780,2019-10-03,2022-02-15,2392,deduplicated,lag_1,hist_gradient_boosting,2
1,3,pooled_auc,0.49030264486562064,"{""model__early_stopping"": false, ""model__max_iter"": 100, ""model__max_leaf_nodes"": 15}",0.49030264486562064,0.4894706442955314,all,2015-01-02,2022-02-14,2022-02-15,7172,2022-02-16,2024-07-10,2404,deduplicated,lag_1,hist_gradient_boosting,2
0,1,pooled_auc,0.4969155289817759,"{""model__C"": 0.1}",0.4969155289817759,0.5162157148249105,all,2015-01-02,2017-07-21,2017-07-24,2572,2017-07-25,2020-02-13,2576,deduplicated,base,logistic_regression,3
0,2,pooled_auc,0.5269881965944272,"{""model__C"": 0.1}",0.5269881965944272,0.5267947938082885,all,2015-01-02,2020-02-12,2020-02-13,5148,2020-02-14,2022-09-02,2576,deduplicated,base,logistic_regression,3
0,3,pooled_auc,0.491957932139021,"{""model__C"": 0.1}",0.491957932139021,0.4895039024886414,all,2015-01-02,2022-09-01,2022-09-02,7724,2022-09-06,2025-04-03,2588,deduplicated,base,logistic_regression,3
1,1,pooled_auc,0.497421975407932,"{""model__C"": 10.0}",0.497421975407932,0.5169011534393303,all,2015-01-02,2017-07-21,2017-07-24,2572,2017-07-25,2020-02-13,2576,deduplicated,base,logistic_regression,3
1,2,pooled_auc,0.5268467008513932,"{""model__C"": 10.0}",0.5268467008513932,0.5264032953412283,all,2015-01-02,2020-02-12,2020-02-13,5148,2020-02-14,2022-09-02,2576,deduplicated,base,logistic_regression,3
1,3,pooled_auc,0.492399685438085,"{""model__C"": 10.0}",0.492399685438085,0.48982770952417465,all,2015-01-02,2022-09-01,2022-09-02,7724,2022-09-06,2025-04-03,2588,deduplicated,base,logistic_regression,3
0,1,pooled_auc,0.5007302532899305,"{""model__max_depth"": 4, ""model__min_samples_leaf"": 20, ""model__n_estimators"": 100}",0.5007302532899305,0.5134061837968491,all,2015-01-02,2017-07-21,2017-07-24,2572,2017-07-25,2020-02-13,2576,deduplicated,base,random_forest,3
0,2,pooled_auc,0.5280016447368421,"{""model__max_depth"": 4, ""model__min_samples_leaf"": 20, ""model__n_estimators"": 100}",0.5280016447368421,0.5283941885750524,all,2015-01-02,2020-02-12,2020-02-13,5148,2020-02-14,2022-09-02,2576,deduplicated,base,random_forest,3
0,3,pooled_auc,0.5022198552823385,"{""model__max_depth"": 4, ""model__min_samples_leaf"": 20, ""model__n_estimators"": 100}",0.5022198552823385,0.5007762396989703,all,2015-01-02,2022-09-01,2022-09-02,7724,2022-09-06,2025-04-03,2588,deduplicated,base,random_forest,3
1,1,pooled_auc,0.49983381278950084,"{""model__max_depth"": 8, ""model__min_samples_leaf"": 20, ""model__n_estimators"": 100}",0.49983381278950084,0.5120245703222963,all,2015-01-02,2017-07-21,2017-07-24,2572,2017-07-25,2020-02-13,2576,deduplicated,base,random_forest,3
1,2,pooled_auc,0.5270190354102167,"{""model__max_depth"": 8, ""model__min_samples_leaf"": 20, ""model__n_estimators"": 100}",0.5270190354102167,0.5290009539585141,all,2015-01-02,2020-02-12,2020-02-13,5148,2020-02-14,2022-09-02,2576,deduplicated,base,random_forest,3
1,3,pooled_auc,0.5019642137870186,"{""model__max_depth"": 8, ""model__min_samples_leaf"": 20, ""model__n_estimators"": 100}",0.5019642137870186,0.500694046971241,all,2015-01-02,2022-09-01,2022-09-02,7724,2022-09-06,2025-04-03,2588,deduplicated,base,random_forest,3
0,1,pooled_auc,0.49859104784675357,"{""model__early_stopping"": false, ""model__max_iter"": 100, ""model__max_leaf_nodes"": 7}",0.49859104784675357,0.5066691873381175,all,2015-01-02,2017-07-21,2017-07-24,2572,2017-07-25,2020-02-13,2576,deduplicated,base,hist_gradient_boosting,3
0,2,pooled_auc,0.5198348006965945,"{""model__early_stopping"": false, ""model__max_iter"": 100, ""model__max_leaf_nodes"": 7}",0.5198348006965945,0.520588869360316,all,2015-01-02,2020-02-12,2020-02-13,5148,2020-02-14,2022-09-02,2576,deduplicated,base,hist_gradient_boosting,3
0,3,pooled_auc,0.5035073533642781,"{""model__early_stopping"": false, ""model__max_iter"": 100, ""model__max_leaf_nodes"": 7}",0.5035073533642781,0.5042866819694495,all,2015-01-02,2022-09-01,2022-09-02,7724,2022-09-06,2025-04-03,2588,deduplicated,base,hist_gradient_boosting,3
1,1,pooled_auc,0.5059991156899529,"{""model__early_stopping"": false, ""model__max_iter"": 100, ""model__max_leaf_nodes"": 15}",0.5059991156899529,0.5133909834652584,all,2015-01-02,2017-07-21,2017-07-24,2572,2017-07-25,2020-02-13,2576,deduplicated,base,hist_gradient_boosting,3
1,2,pooled_auc,0.5245821642801858,"{""model__early_stopping"": false, ""model__max_iter"": 100, ""model__max_leaf_nodes"": 15}",0.5245821642801858,0.5235015532183869,all,2015-01-02,2020-02-12,2020-02-13,5148,2020-02-14,2022-09-02,2576,deduplicated,base,hist_gradient_boosting,3
1,3,pooled_auc,0.5035577024512813,"{""model__early_stopping"": false, ""model__max_iter"": 100, ""model__max_leaf_nodes"": 15}",0.5035577024512813,0.5048061784146244,all,2015-01-02,2022-09-01,2022-09-02,7724,2022-09-06,2025-04-03,2588,deduplicated,base,hist_gradient_boosting,3
0,1,pooled_auc,0.5033810606019252,"{""model__C"": 0.1}",0.5033810606019252,0.51667916780725,all,2015-01-02,2017-07-21,2017-07-24,2572,2017-07-25,2020-02-13,2576,deduplicated,hybrid,logistic_regression,3
0,2,pooled_auc,0.5199418295278638,"{""model__C"": 0.1}",0.5199418295278638,0.5195200577727881,all,2015-01-02,2020-02-12,2020-02-13,5148,2020-02-14,2022-09-02,2576,deduplicated,hybrid,logistic_regression,3
0,3,pooled_auc,0.4984433740601503,"{""model__C"": 0.1}",0.4984433740601503,0.5013116150882869,all,2015-01-02,2022-09-01,2022-09-02,7724,2022-09-06,2025-04-03,2588,deduplicated,hybrid,logistic_regression,3
1,1,pooled_auc,0.5055421008610802,"{""model__C"": 10.0}",0.5055421008610802,0.5187349558729663,all,2015-01-02,2017-07-21,2017-07-24,2572,2017-07-25,2020-02-13,2576,deduplicated,hybrid,logistic_regression,3
1,2,pooled_auc,0.519811822755418,"{""model__C"": 10.0}",0.519811822755418,0.5193045016708723,all,2015-01-02,2020-02-12,2020-02-13,5148,2020-02-14,2022-09-02,2576,deduplicated,hybrid,logistic_regression,3
1,3,pooled_auc,0.4988563564523554,"{""model__C"": 10.0}",0.4988563564523554,0.5018404428713967,all,2015-01-02,2022-09-01,2022-09-02,7724,2022-09-06,2025-04-03,2588,deduplicated,hybrid,logistic_regression,3
0,1,pooled_auc,0.49704926722964105,"{""model__max_depth"": 4, ""model__min_samples_leaf"": 20, ""model__n_estimators"": 100}",0.49704926722964105,0.5145532632082532,all,2015-01-02,2017-07-21,2017-07-24,2572,2017-07-25,2020-02-13,2576,deduplicated,hybrid,random_forest,3
0,2,pooled_auc,0.5237253289473685,"{""model__max_depth"": 4, ""model__min_samples_leaf"": 20, ""model__n_estimators"": 100}",0.5237253289473685,0.52275766314931,all,2015-01-02,2020-02-12,2020-02-13,5148,2020-02-14,2022-09-02,2576,deduplicated,hybrid,random_forest,3
0,3,pooled_auc,0.5054760626054933,"{""model__max_depth"": 4, ""model__min_samples_leaf"": 20, ""model__n_estimators"": 100}",0.5054760626054933,0.50939513565514,all,2015-01-02,2022-09-01,2022-09-02,7724,2022-09-06,2025-04-03,2588,deduplicated,hybrid,random_forest,3
1,1,pooled_auc,0.49621317573448376,"{""model__max_depth"": 8, ""model__min_samples_leaf"": 20, ""model__n_estimators"": 100}",0.49621317573448376,0.5093774861254008,all,2015-01-02,2017-07-21,2017-07-24,2572,2017-07-25,2020-02-13,2576,deduplicated,hybrid,random_forest,3
1,2,pooled_auc,0.5239732488390093,"{""model__max_depth"": 8, ""model__min_samples_leaf"": 20, ""model__n_estimators"": 100}",0.5239732488390093,0.5237327899865769,all,2015-01-02,2020-02-12,2020-02-13,5148,2020-02-14,2022-09-02,2576,deduplicated,hybrid,random_forest,3
1,3,pooled_auc,0.515360667293233,"{""model__max_depth"": 8, ""model__min_samples_leaf"": 20, ""model__n_estimators"": 100}",0.515360667293233,0.5173603533371466,all,2015-01-02,2022-09-01,2022-09-02,7724,2022-09-06,2025-04-03,2588,deduplicated,hybrid,random_forest,3
0,1,pooled_auc,0.5057022228449188,"{""model__early_stopping"": false, ""model__max_iter"": 100, ""model__max_leaf_nodes"": 7}",0.5057022228449188,0.5152509823942331,all,2015-01-02,2017-07-21,2017-07-24,2572,2017-07-25,2020-02-13,2576,deduplicated,hybrid,hist_gradient_boosting,3
0,2,pooled_auc,0.5273380055147059,"{""model__early_stopping"": false, ""model__max_iter"": 100, ""model__max_leaf_nodes"": 7}",0.5273380055147059,0.5267427546559889,all,2015-01-02,2020-02-12,2020-02-13,5148,2020-02-14,2022-09-02,2576,deduplicated,hybrid,hist_gradient_boosting,3
0,3,pooled_auc,0.5021617140747276,"{""model__early_stopping"": false, ""model__max_iter"": 100, ""model__max_leaf_nodes"": 7}",0.5021617140747276,0.5046611004668956,all,2015-01-02,2022-09-01,2022-09-02,7724,2022-09-06,2025-04-03,2588,deduplicated,hybrid,hist_gradient_boosting,3
1,1,pooled_auc,0.5033983464979078,"{""model__early_stopping"": false, ""model__max_iter"": 100, ""model__max_leaf_nodes"": 15}",0.5033983464979078,0.5112977821074469,all,2015-01-02,2017-07-21,2017-07-24,2572,2017-07-25,2020-02-13,2576,deduplicated,hybrid,hist_gradient_boosting,3
1,2,pooled_auc,0.5193821957236842,"{""model__early_stopping"": false, ""model__max_iter"": 100, ""model__max_leaf_nodes"": 15}",0.5193821957236842,0.5194600143707646,all,2015-01-02,2020-02-12,2020-02-13,5148,2020-02-14,2022-09-02,2576,deduplicated,hybrid,hist_gradient_boosting,3
1,3,pooled_auc,0.5133616886604266,"{""model__early_stopping"": false, ""model__max_iter"": 100, ""model__max_leaf_nodes"": 15}",0.5133616886604266,0.5162652264946466,all,2015-01-02,2022-09-01,2022-09-02,7724,2022-09-06,2025-04-03,2588,deduplicated,hybrid,hist_gradient_boosting,3
0,1,pooled_auc,0.5035126760204592,"{""model__C"": 0.1}",0.5035126760204592,0.516493012867572,all,2015-01-02,2017-07-21,2017-07-24,2572,2017-07-25,2020-02-13,2576,deduplicated,lag_1,logistic_regression,3
0,2,pooled_auc,0.5205918633900929,"{""model__C"": 0.1}",0.5205918633900929,0.5203345662704714,all,2015-01-02,2020-02-12,2020-02-13,5148,2020-02-14,2022-09-02,2576,deduplicated,lag_1,logistic_regression,3
0,3,pooled_auc,0.4979992231855148,"{""model__C"": 0.1}",0.4979992231855148,0.5013932296520353,all,2015-01-02,2022-09-01,2022-09-02,7724,2022-09-06,2025-04-03,2588,deduplicated,lag_1,logistic_regression,3
1,1,pooled_auc,0.5055572639277316,"{""model__C"": 10.0}",0.5055572639277316,0.5184666745388453,all,2015-01-02,2017-07-21,2017-07-24,2572,2017-07-25,2020-02-13,2576,deduplicated,lag_1,logistic_regression,3
1,2,pooled_auc,0.5201498403637771,"{""model__C"": 10.0}",0.5201498403637771,0.5195885072546994,all,2015-01-02,2020-02-12,2020-02-13,5148,2020-02-14,2022-09-02,2576,deduplicated,lag_1,logistic_regression,3
1,3,pooled_auc,0.49816225832438243,"{""model__C"": 10.0}",0.49816225832438243,0.5016162009626636,all,2015-01-02,2022-09-01,2022-09-02,7724,2022-09-06,2025-04-03,2588,deduplicated,lag_1,logistic_regression,3
0,1,pooled_auc,0.4958065022868937,"{""model__max_depth"": 4, ""model__min_samples_leaf"": 20, ""model__n_estimators"": 100}",0.4958065022868937,0.5103345775032664,all,2015-01-02,2017-07-21,2017-07-24,2572,2017-07-25,2020-02-13,2576,deduplicated,lag_1,random_forest,3
0,2,pooled_auc,0.5224954044117647,"{""model__max_depth"": 4, ""model__min_samples_leaf"": 20, ""model__n_estimators"": 100}",0.5224954044117647,0.5214992909306579,all,2015-01-02,2020-02-12,2020-02-13,5148,2020-02-14,2022-09-02,2576,deduplicated,lag_1,random_forest,3
0,3,pooled_auc,0.5045230263157895,"{""model__max_depth"": 4, ""model__min_samples_leaf"": 20, ""model__n_estimators"": 100}",0.5045230263157895,0.5083814037370387,all,2015-01-02,2022-09-01,2022-09-02,7724,2022-09-06,2025-04-03,2588,deduplicated,lag_1,random_forest,3
1,1,pooled_auc,0.5017106971796089,"{""model__max_depth"": 8, ""model__min_samples_leaf"": 20, ""model__n_estimators"": 100}",0.5017106971796089,0.5138939390471975,all,2015-01-02,2017-07-21,2017-07-24,2572,2017-07-25,2020-02-13,2576,deduplicated,lag_1,random_forest,3
1,2,pooled_auc,0.517296342879257,"{""model__max_depth"": 8, ""model__min_samples_leaf"": 20, ""model__n_estimators"": 100}",0.517296342879257,0.5159404360910884,all,2015-01-02,2020-02-12,2020-02-13,5148,2020-02-14,2022-09-02,2576,deduplicated,lag_1,random_forest,3
1,3,pooled_auc,0.5110941815636029,"{""model__max_depth"": 8, ""model__min_samples_leaf"": 20, ""model__n_estimators"": 100}",0.5110941815636029,0.5148568222486956,all,2015-01-02,2022-09-01,2022-09-02,7724,2022-09-06,2025-04-03,2588,deduplicated,lag_1,random_forest,3
0,1,pooled_auc,0.497542370157144,"{""model__early_stopping"": false, ""model__max_iter"": 100, ""model__max_leaf_nodes"": 7}",0.497542370157144,0.507474625224586,all,2015-01-02,2017-07-21,2017-07-24,2572,2017-07-25,2020-02-13,2576,deduplicated,lag_1,hist_gradient_boosting,3
0,2,pooled_auc,0.5228748427825077,"{""model__early_stopping"": false, ""model__max_iter"": 100, ""model__max_leaf_nodes"": 7}",0.5228748427825077,0.5220100869454319,all,2015-01-02,2020-02-12,2020-02-13,5148,2020-02-14,2022-09-02,2576,deduplicated,lag_1,hist_gradient_boosting,3
0,3,pooled_auc,0.5020100674198251,"{""model__early_stopping"": false, ""model__max_iter"": 100, ""model__max_leaf_nodes"": 7}",0.5020100674198251,0.5042988694503157,all,2015-01-02,2022-09-01,2022-09-02,7724,2022-09-06,2025-04-03,2588,deduplicated,lag_1,hist_gradient_boosting,3
1,1,pooled_auc,0.5021947022671212,"{""model__early_stopping"": false, ""model__max_iter"": 100, ""model__max_leaf_nodes"": 15}",0.5021947022671212,0.5110550068386617,all,2015-01-02,2017-07-21,2017-07-24,2572,2017-07-25,2020-02-13,2576,deduplicated,lag_1,hist_gradient_boosting,3
1,2,pooled_auc,0.5102901872097523,"{""model__early_stopping"": false, ""model__max_iter"": 100, ""model__max_leaf_nodes"": 15}",0.5102901872097523,0.510198721535122,all,2015-01-02,2020-02-12,2020-02-13,5148,2020-02-14,2022-09-02,2576,deduplicated,lag_1,hist_gradient_boosting,3
1,3,pooled_auc,0.506671254027927,"{""model__early_stopping"": false, ""model__max_iter"": 100, ""model__max_leaf_nodes"": 15}",0.506671254027927,0.5084019127646651,all,2015-01-02,2022-09-01,2022-09-02,7724,2022-09-06,2025-04-03,2588,deduplicated,lag_1,hist_gradient_boosting,3
0,1,pooled_auc,0.4937573934275518,"{""model__C"": 0.1}",0.4937573934275518,0.5196821062536762,3,2015-01-02,2017-03-10,2017-03-13,2204,2017-03-14,2019-05-22,2208,window_3y,base,logistic_regression,1
0,2,pooled_auc,0.5359792629789043,"{""model__C"": 0.1}",0.5359792629789043,0.5328494397852961,3,2016-05-23,2019-05-21,2019-05-22,3016,2019-05-23,2021-07-30,2208,window_3y,base,logistic_regression,1
0,3,pooled_auc,0.4747612462164701,"{""model__C"": 0.1}",0.4747612462164701,0.4733898280879294,3,2018-08-02,2021-07-29,2021-07-30,3012,2021-08-02,2023-10-12,2216,window_3y,base,logistic_regression,1
1,1,pooled_auc,0.4926798888885227,"{""model__C"": 10.0}",0.4926798888885227,0.5179163919174202,3,2015-01-02,2017-03-10,2017-03-13,2204,2017-03-14,2019-05-22,2208,window_3y,base,logistic_regression,1
1,2,pooled_auc,0.5251076040172166,"{""model__C"": 10.0}",0.5251076040172166,0.5211968565139693,3,2016-05-23,2019-05-21,2019-05-22,3016,2019-05-23,2021-07-30,2208,window_3y,base,logistic_regression,1
1,3,pooled_auc,0.4743323374386807,"{""model__C"": 10.0}",0.4743323374386807,0.4729791770539415,3,2018-08-02,2021-07-29,2021-07-30,3012,2021-08-02,2023-10-12,2216,window_3y,base,logistic_regression,1
0,1,pooled_auc,0.48726476955571885,"{""model__max_depth"": 4, ""model__min_samples_leaf"": 20, ""model__n_estimators"": 100}",0.48726476955571885,0.5003100131421513,3,2015-01-02,2017-03-10,2017-03-13,2204,2017-03-14,2019-05-22,2208,window_3y,base,random_forest,1
0,2,pooled_auc,0.5331002743238217,"{""model__max_depth"": 4, ""model__min_samples_leaf"": 20, ""model__n_estimators"": 100}",0.5331002743238217,0.5333836688534724,3,2016-05-23,2019-05-21,2019-05-22,3016,2019-05-23,2021-07-30,2208,window_3y,base,random_forest,1
0,3,pooled_auc,0.4803558148940611,"{""model__max_depth"": 4, ""model__min_samples_leaf"": 20, ""model__n_estimators"": 100}",0.4803558148940611,0.4818574712748902,3,2018-08-02,2021-07-29,2021-07-30,3012,2021-08-02,2023-10-12,2216,window_3y,base,random_forest,1
1,1,pooled_auc,0.49189317877019495,"{""model__max_depth"": 8, ""model__min_samples_leaf"": 20, ""model__n_estimators"": 100}",0.49189317877019495,0.5051070965924371,3,2015-01-02,2017-03-10,2017-03-13,2204,2017-03-14,2019-05-22,2208,window_3y,base,random_forest,1
1,2,pooled_auc,0.5268711142993783,"{""model__max_depth"": 8, ""model__min_samples_leaf"": 20, ""model__n_estimators"": 100}",0.5268711142993783,0.5261857931325059,3,2016-05-23,2019-05-21,2019-05-22,3016,2019-05-23,2021-07-30,2208,window_3y,base,random_forest,1
1,3,pooled_auc,0.4967350746268656,"{""model__max_depth"": 8, ""model__min_samples_leaf"": 20, ""model__n_estimators"": 100}",0.4967350746268656,0.4961767793170324,3,2018-08-02,2021-07-29,2021-07-30,3012,2021-08-02,2023-10-12,2216,window_3y,base,random_forest,1
0,1,pooled_auc,0.5046753646875073,"{""model__early_stopping"": false, ""model__max_iter"": 100, ""model__max_leaf_nodes"": 7}",0.5046753646875073,0.5139844657118326,3,2015-01-02,2017-03-10,2017-03-13,2204,2017-03-14,2019-05-22,2208,window_3y,base,hist_gradient_boosting,1
0,2,pooled_auc,0.5196692837026409,"{""model__early_stopping"": false, ""model__max_iter"": 100, ""model__max_leaf_nodes"": 7}",0.5196692837026409,0.5189133967904322,3,2016-05-23,2019-05-21,2019-05-22,3016,2019-05-23,2021-07-30,2208,window_3y,base,hist_gradient_boosting,1
0,3,pooled_auc,0.4839411987266465,"{""model__early_stopping"": false, ""model__max_iter"": 100, ""model__max_leaf_nodes"": 7}",0.4839411987266465,0.4842305436568687,3,2018-08-02,2021-07-29,2021-07-30,3012,2021-08-02,2023-10-12,2216,window_3y,base,hist_gradient_boosting,1
1,1,pooled_auc,0.4984529407306601,"{""model__early_stopping"": false, ""model__max_iter"": 100, ""model__max_leaf_nodes"": 15}",0.4984529407306601,0.5087452686225127,3,2015-01-02,2017-03-10,2017-03-13,2204,2017-03-14,2019-05-22,2208,window_3y,base,hist_gradient_boosting,1
1,2,pooled_auc,0.5060261570752963,"{""model__early_stopping"": false, ""model__max_iter"": 100, ""model__max_leaf_nodes"": 15}",0.5060261570752963,0.5047058738009675,3,2016-05-23,2019-05-21,2019-05-22,3016,2019-05-23,2021-07-30,2208,window_3y,base,hist_gradient_boosting,1
1,3,pooled_auc,0.5006873956267612,"{""model__early_stopping"": false, ""model__max_iter"": 100, ""model__max_leaf_nodes"": 15}",0.5006873956267612,0.5009416762005312,3,2018-08-02,2021-07-29,2021-07-30,3012,2021-08-02,2023-10-12,2216,window_3y,base,hist_gradient_boosting,1
0,1,pooled_auc,0.5060045340863782,"{""model__C"": 0.1}",0.5060045340863782,0.52356522617341,3,2015-01-02,2017-03-10,2017-03-13,2204,2017-03-14,2019-05-22,2208,window_3y,hybrid,logistic_regression,1
0,2,pooled_auc,0.5309967652372602,"{""model__C"": 0.1}",0.5309967652372602,0.5318447626705284,3,2016-05-23,2019-05-21,2019-05-22,3016,2019-05-23,2021-07-30,2208,window_3y,hybrid,logistic_regression,1
0,3,pooled_auc,0.4998605638764221,"{""model__C"": 0.1}",0.4998605638764221,0.498581544701988,3,2018-08-02,2021-07-29,2021-07-30,3012,2021-08-02,2023-10-12,2216,window_3y,hybrid,logistic_regression,1
1,1,pooled_auc,0.5038116311178038,"{""model__C"": 10.0}",0.5038116311178038,0.5195723368079997,3,2015-01-02,2017-03-10,2017-03-13,2204,2017-03-14,2019-05-22,2208,window_3y,hybrid,logistic_regression,1
1,2,pooled_auc,0.5236322001700409,"{""model__C"": 10.0}",0.5236322001700409,0.5244619965048853,3,2016-05-23,2019-05-21,2019-05-22,3016,2019-05-23,2021-07-30,2208,window_3y,hybrid,logistic_regression,1
1,3,pooled_auc,0.49838058396827056,"{""model__C"": 10.0}",0.49838058396827056,0.49697151424927233,3,2018-08-02,2021-07-29,2021-07-30,3012,2021-08-02,2023-10-12,2216,window_3y,hybrid,logistic_regression,1
0,1,pooled_auc,0.49394974611093356,"{""model__max_depth"": 4, ""model__min_samples_leaf"": 20, ""model__n_estimators"": 100}",0.49394974611093356,0.5070840412926956,3,2015-01-02,2017-03-10,2017-03-13,2204,2017-03-14,2019-05-22,2208,window_3y,hybrid,random_forest,1
0,2,pooled_auc,0.5216005101227483,"{""model__max_depth"": 4, ""model__min_samples_leaf"": 20, ""model__n_estimators"": 100}",0.5216005101227483,0.5208479017950043,3,2016-05-23,2019-05-21,2019-05-22,3016,2019-05-23,2021-07-30,2208,window_3y,hybrid,random_forest,1
0,3,pooled_auc,0.48765582598371776,"{""model__max_depth"": 4, ""model__min_samples_leaf"": 20, ""model__n_estimators"": 100}",0.48765582598371776,0.48766862710827286,3,2018-08-02,2021-07-29,2021-07-30,3012,2021-08-02,2023-10-12,2216,window_3y,hybrid,random_forest,1
1,1,pooled_auc,0.4895820633388142,"{""model__max_depth"": 8, ""model__min_samples_leaf"": 20, ""model__n_estimators"": 100}",0.4895820633388142,0.5017407468230209,3,2015-01-02,2017-03-10,2017-03-13,2204,2017-03-14,2019-05-22,2208,window_3y,hybrid,random_forest,1
1,2,pooled_auc,0.5233324698443063,"{""model__max_depth"": 8, ""model__min_samples_leaf"": 20, ""model__n_estimators"": 100}",0.5233324698443063,0.5239446240278424,3,2016-05-23,2019-05-21,2019-05-22,3016,2019-05-23,2021-07-30,2208,window_3y,hybrid,random_forest,1
1,3,pooled_auc,0.49555842944369066,"{""model__max_depth"": 8, ""model__min_samples_leaf"": 20, ""model__n_estimators"": 100}",0.49555842944369066,0.49584909707503744,3,2018-08-02,2021-07-29,2021-07-30,3012,2021-08-02,2023-10-12,2216,window_3y,hybrid,random_forest,1
0,1,pooled_auc,0.5019984908346211,"{""model__early_stopping"": false, ""model__max_iter"": 100, ""model__max_leaf_nodes"": 7}",0.5019984908346211,0.5086062055333166,3,2015-01-02,2017-03-10,2017-03-13,2204,2017-03-14,2019-05-22,2208,window_3y,hybrid,hist_gradient_boosting,1
0,2,pooled_auc,0.5068522835963654,"{""model__early_stopping"": false, ""model__max_iter"": 100, ""model__max_leaf_nodes"": 7}",0.5068522835963654,0.5041530869588229,3,2016-05-23,2019-05-21,2019-05-22,3016,2019-05-23,2021-07-30,2208,window_3y,hybrid,hist_gradient_boosting,1
0,3,pooled_auc,0.4962564254775076,"{""model__early_stopping"": false, ""model__max_iter"": 100, ""model__max_leaf_nodes"": 7}",0.4962564254775076,0.49602912859081416,3,2018-08-02,2021-07-29,2021-07-30,3012,2021-08-02,2023-10-12,2216,window_3y,hybrid,hist_gradient_boosting,1
1,1,pooled_auc,0.5046267616540189,"{""model__early_stopping"": false, ""model__max_iter"": 100, ""model__max_leaf_nodes"": 15}",0.5046267616540189,0.5117915279372229,3,2015-01-02,2017-03-10,2017-03-13,2204,2017-03-14,2019-05-22,2208,window_3y,hybrid,hist_gradient_boosting,1
1,2,pooled_auc,0.5065193421542059,"{""model__early_stopping"": false, ""model__max_iter"": 100, ""model__max_leaf_nodes"": 15}",0.5065193421542059,0.5039366923526841,3,2016-05-23,2019-05-21,2019-05-22,3016,2019-05-23,2021-07-30,2208,window_3y,hybrid,hist_gradient_boosting,1
1,3,pooled_auc,0.5055994611731552,"{""model__early_stopping"": false, ""model__max_iter"": 100, ""model__max_leaf_nodes"": 15}",0.5055994611731552,0.5053133429132921,3,2018-08-02,2021-07-29,2021-07-30,3012,2021-08-02,2023-10-12,2216,window_3y,hybrid,hist_gradient_boosting,1
0,1,pooled_auc,0.5064427851680017,"{""model__C"": 0.1}",0.5064427851680017,0.524706668273422,3,2015-01-02,2017-03-10,2017-03-13,2204,2017-03-14,2019-05-22,2208,window_3y,lag_1,logistic_regression,1
0,2,pooled_auc,0.5309793294011371,"{""model__C"": 0.1}",0.5309793294011371,0.531852541133719,3,2016-05-23,2019-05-21,2019-05-22,3016,2019-05-23,2021-07-30,2208,window_3y,lag_1,logistic_regression,1
0,3,pooled_auc,0.49909081124099774,"{""model__C"": 0.1}",0.49909081124099774,0.4984187438056844,3,2018-08-02,2021-07-29,2021-07-30,3012,2021-08-02,2023-10-12,2216,window_3y,lag_1,logistic_regression,1
1,1,pooled_auc,0.5039244890091241,"{""model__C"": 10.0}",0.5039244890091241,0.5197886757845168,3,2015-01-02,2017-03-10,2017-03-13,2204,2017-03-14,2019-05-22,2208,window_3y,lag_1,logistic_regression,1
1,2,pooled_auc,0.5237243610181199,"{""model__C"": 10.0}",0.5237243610181199,0.5245958012921424,3,2016-05-23,2019-05-21,2019-05-22,3016,2019-05-23,2021-07-30,2208,window_3y,lag_1,logistic_regression,1
1,3,pooled_auc,0.4978081619872665,"{""model__C"": 10.0}",0.4978081619872665,0.49667156054387934,3,2018-08-02,2021-07-29,2021-07-30,3012,2021-08-02,2023-10-12,2216,window_3y,lag_1,logistic_regression,1
0,1,pooled_auc,0.4972024423436218,"{""model__max_depth"": 4, ""model__min_samples_leaf"": 20, ""model__n_estimators"": 100}",0.4972024423436218,0.5110553977985719,3,2015-01-02,2017-03-10,2017-03-13,2204,2017-03-14,2019-05-22,2208,window_3y,lag_1,random_forest,1
0,2,pooled_auc,0.5234404059726872,"{""model__max_depth"": 4, ""model__min_samples_leaf"": 20, ""model__n_estimators"": 100}",0.5234404059726872,0.5221675032568487,3,2016-05-23,2019-05-21,2019-05-22,3016,2019-05-23,2021-07-30,2208,window_3y,lag_1,random_forest,1
0,3,pooled_auc,0.4806444721323453,"{""model__max_depth"": 4, ""model__min_samples_leaf"": 20, ""model__n_estimators"": 100}",0.4806444721323453,0.48127464595423375,3,2018-08-02,2021-07-29,2021-07-30,3012,2021-08-02,2023-10-12,2216,window_3y,lag_1,random_forest,1
1,1,pooled_auc,0.49722880331093755,"{""model__max_depth"": 8, ""model__min_samples_leaf"": 20, ""model__n_estimators"": 100}",0.49722880331093755,0.5085982367447686,3,2015-01-02,2017-03-10,2017-03-13,2204,2017-03-14,2019-05-22,2208,window_3y,lag_1,random_forest,1
1,2,pooled_auc,0.5186663079866093,"{""model__max_depth"": 8, ""model__min_samples_leaf"": 20, ""model__n_estimators"": 100}",0.5186663079866093,0.5181346202926429,3,2016-05-23,2019-05-21,2019-05-22,3016,2019-05-23,2021-07-30,2208,window_3y,lag_1,random_forest,1
1,3,pooled_auc,0.49582996294750026,"{""model__max_depth"": 8, ""model__min_samples_leaf"": 20, ""model__n_estimators"": 100}",0.49582996294750026,0.49810003620084015,3,2018-08-02,2021-07-29,2021-07-30,3012,2021-08-02,2023-10-12,2216,window_3y,lag_1,random_forest,1
0,1,pooled_auc,0.5092802961654679,"{""model__early_stopping"": false, ""model__max_iter"": 100, ""model__max_leaf_nodes"": 7}",0.5092802961654679,0.5178629199630095,3,2015-01-02,2017-03-10,2017-03-13,2204,2017-03-14,2019-05-22,2208,window_3y,lag_1,hist_gradient_boosting,1
0,2,pooled_auc,0.5073923793772251,"{""model__early_stopping"": false, ""model__max_iter"": 100, ""model__max_leaf_nodes"": 7}",0.5073923793772251,0.5056668889828968,3,2016-05-23,2019-05-21,2019-05-22,3016,2019-05-23,2021-07-30,2208,window_3y,lag_1,hist_gradient_boosting,1
0,3,pooled_auc,0.4901081893852416,"{""model__early_stopping"": false, ""model__max_iter"": 100, ""model__max_leaf_nodes"": 7}",0.4901081893852416,0.4900387572893722,3,2018-08-02,2021-07-29,2021-07-30,3012,2021-08-02,2023-10-12,2216,window_3y,lag_1,hist_gradient_boosting,1
1,1,pooled_auc,0.4991593322766979,"{""model__early_stopping"": false, ""model__max_iter"": 100, ""model__max_leaf_nodes"": 15}",0.4991593322766979,0.5075345745406623,3,2015-01-02,2017-03-10,2017-03-13,2204,2017-03-14,2019-05-22,2208,window_3y,lag_1,hist_gradient_boosting,1
1,2,pooled_auc,0.4954949120569637,"{""model__early_stopping"": false, ""model__max_iter"": 100, ""model__max_leaf_nodes"": 15}",0.4954949120569637,0.494107738503551,3,2016-05-23,2019-05-21,2019-05-22,3016,2019-05-23,2021-07-30,2208,window_3y,lag_1,hist_gradient_boosting,1
1,3,pooled_auc,0.4974518252270118,"{""model__early_stopping"": false, ""model__max_iter"": 100, ""model__max_leaf_nodes"": 15}",0.4974518252270118,0.4976615725784881,3,2018-08-02,2021-07-29,2021-07-30,3012,2021-08-02,2023-10-12,2216,window_3y,lag_1,hist_gradient_boosting,1
0,1,pooled_auc,0.49785396887746336,"{""model__C"": 0.1}",0.49785396887746336,0.5254369673615323,3,2015-01-02,2017-05-16,2017-05-17,2388,2017-05-18,2019-10-02,2392,window_3y,base,logistic_regression,2
0,2,pooled_auc,0.5354216011704148,"{""model__C"": 0.1}",0.5354216011704148,0.5358400336245969,3,2016-10-03,2019-10-01,2019-10-02,3016,2019-10-03,2022-02-15,2392,window_3y,base,logistic_regression,2
0,3,pooled_auc,0.4856438225437759,"{""model__C"": 0.1}",0.4856438225437759,0.4845807806271932,3,2019-02-19,2022-02-14,2022-02-15,3020,2022-02-16,2024-07-10,2404,window_3y,base,logistic_regression,2
1,1,pooled_auc,0.49702557771690914,"{""model__C"": 10.0}",0.49702557771690914,0.523222786060269,3,2015-01-02,2017-05-16,2017-05-17,2388,2017-05-18,2019-10-02,2392,window_3y,base,logistic_regression,2
1,2,pooled_auc,0.5335206676118276,"{""model__C"": 10.0}",0.5335206676118276,0.5337469211678387,3,2016-10-03,2019-10-01,2019-10-02,3016,2019-10-03,2022-02-15,2392,window_3y,base,logistic_regression,2
1,3,pooled_auc,0.48564520961406155,"{""model__C"": 10.0}",0.48564520961406155,0.4843770046796074,3,2019-02-19,2022-02-14,2022-02-15,3020,2022-02-16,2024-07-10,2404,window_3y,base,logistic_regression,2
0,1,pooled_auc,0.48879006491752913,"{""model__max_depth"": 4, ""model__min_samples_leaf"": 20, ""model__n_estimators"": 100}",0.48879006491752913,0.505950923034605,3,2015-01-02,2017-05-16,2017-05-17,2388,2017-05-18,2019-10-02,2392,window_3y,base,random_forest,2
0,2,pooled_auc,0.5362040472127658,"{""model__max_depth"": 4, ""model__min_samples_leaf"": 20, ""model__n_estimators"": 100}",0.5362040472127658,0.5363372934533652,3,2016-10-03,2019-10-01,2019-10-02,3016,2019-10-03,2022-02-15,2392,window_3y,base,random_forest,2
0,3,pooled_auc,0.47959862347144855,"{""model__max_depth"": 4, ""model__min_samples_leaf"": 20, ""model__n_estimators"": 100}",0.47959862347144855,0.4801674579625893,3,2019-02-19,2022-02-14,2022-02-15,3020,2022-02-16,2024-07-10,2404,window_3y,base,random_forest,2
1,1,pooled_auc,0.4929141342049795,"{""model__max_depth"": 8, ""model__min_samples_leaf"": 20, ""model__n_estimators"": 100}",0.4929141342049795,0.5083064896687458,3,2015-01-02,2017-05-16,2017-05-17,2388,2017-05-18,2019-10-02,2392,window_3y,base,random_forest,2
1,2,pooled_auc,0.5326554492485405,"{""model__max_depth"": 8, ""model__min_samples_leaf"": 20, ""model__n_estimators"": 100}",0.5326554492485405,0.532968959584112,3,2016-10-03,2019-10-01,2019-10-02,3016,2019-10-03,2022-02-15,2392,window_3y,base,random_forest,2
1,3,pooled_auc,0.48861388679287154,"{""model__max_depth"": 8, ""model__min_samples_leaf"": 20, ""model__n_estimators"": 100}",0.48861388679287154,0.48775436602258665,3,2019-02-19,2022-02-14,2022-02-15,3020,2022-02-16,2024-07-10,2404,window_3y,base,random_forest,2
0,1,pooled_auc,0.49130154209819343,"{""model__early_stopping"": false, ""model__max_iter"": 100, ""model__max_leaf_nodes"": 7}",0.49130154209819343,0.5026493740748438,3,2015-01-02,2017-05-16,2017-05-17,2388,2017-05-18,2019-10-02,2392,window_3y,base,hist_gradient_boosting,2
0,2,pooled_auc,0.5233753986513063,"{""model__early_stopping"": false, ""model__max_iter"": 100, ""model__max_leaf_nodes"": 7}",0.5233753986513063,0.5237446428142759,3,2016-10-03,2019-10-01,2019-10-02,3016,2019-10-03,2022-02-15,2392,window_3y,base,hist_gradient_boosting,2
0,3,pooled_auc,0.4906195904258861,"{""model__early_stopping"": false, ""model__max_iter"": 100, ""model__max_leaf_nodes"": 7}",0.4906195904258861,0.48973373050008423,3,2019-02-19,2022-02-14,2022-02-15,3020,2022-02-16,2024-07-10,2404,window_3y,base,hist_gradient_boosting,2
1,1,pooled_auc,0.49075126871508185,"{""model__early_stopping"": false, ""model__max_iter"": 100, ""model__max_leaf_nodes"": 15}",0.49075126871508185,0.5006347210229454,3,2015-01-02,2017-05-16,2017-05-17,2388,2017-05-18,2019-10-02,2392,window_3y,base,hist_gradient_boosting,2
1,2,pooled_auc,0.5155700395326265,"{""model__early_stopping"": false, ""model__max_iter"": 100, ""model__max_leaf_nodes"": 15}",0.5155700395326265,0.5151747758421878,3,2016-10-03,2019-10-01,2019-10-02,3016,2019-10-03,2022-02-15,2392,window_3y,base,hist_gradient_boosting,2
1,3,pooled_auc,0.5049403975898267,"{""model__early_stopping"": false, ""model__max_iter"": 100, ""model__max_leaf_nodes"": 15}",0.5049403975898267,0.5036545019167897,3,2019-02-19,2022-02-14,2022-02-15,3020,2022-02-16,2024-07-10,2404,window_3y,base,hist_gradient_boosting,2
0,1,pooled_auc,0.5114168575146161,"{""model__C"": 0.1}",0.5114168575146161,0.5329180591110402,3,2015-01-02,2017-05-16,2017-05-17,2388,2017-05-18,2019-10-02,2392,window_3y,hybrid,logistic_regression,2
0,2,pooled_auc,0.5341297869992274,"{""model__C"": 0.1}",0.5341297869992274,0.5350191088882166,3,2016-10-03,2019-10-01,2019-10-02,3016,2019-10-03,2022-02-15,2392,window_3y,hybrid,logistic_regression,2
0,3,pooled_auc,0.5032214707383652,"{""model__C"": 0.1}",0.5032214707383652,0.503806089197675,3,2019-02-19,2022-02-14,2022-02-15,3020,2022-02-16,2024-07-10,2404,window_3y,hybrid,logistic_regression,2
1,1,pooled_auc,0.5104264355682124,"{""model__C"": 10.0}",0.5104264355682124,0.5319839600939298,3,2015-01-02,2017-05-16,2017-05-17,2388,2017-05-18,2019-10-02,2392,window_3y,hybrid,logistic_regression,2
1,2,pooled_auc,0.530929964712108,"{""model__C"": 10.0}",0.530929964712108,0.5326499058028529,3,2016-10-03,2019-10-01,2019-10-02,3016,2019-10-03,2022-02-15,2392,window_3y,hybrid,logistic_regression,2
1,3,pooled_auc,0.5021645231807186,"{""model__C"": 10.0}",0.5021645231807186,0.5028770958270762,3,2019-02-19,2022-02-14,2022-02-15,3020,2022-02-16,2024-07-10,2404,window_3y,hybrid,logistic_regression,2
0,1,pooled_auc,0.49944411516110143,"{""model__max_depth"": 4, ""model__min_samples_leaf"": 20, ""model__n_estimators"": 100}",0.49944411516110143,0.518603457665472,3,2015-01-02,2017-05-16,2017-05-17,2388,2017-05-18,2019-10-02,2392,window_3y,hybrid,random_forest,2
0,2,pooled_auc,0.5217875142552331,"{""model__max_depth"": 4, ""model__min_samples_leaf"": 20, ""model__n_estimators"": 100}",0.5217875142552331,0.521556197918331,3,2016-10-03,2019-10-01,2019-10-02,3016,2019-10-03,2022-02-15,2392,window_3y,hybrid,random_forest,2
0,3,pooled_auc,0.497637125768437,"{""model__max_depth"": 4, ""model__min_samples_leaf"": 20, ""model__n_estimators"": 100}",0.497637125768437,0.49931086107151734,3,2019-02-19,2022-02-14,2022-02-15,3020,2022-02-16,2024-07-10,2404,window_3y,hybrid,random_forest,2
1,1,pooled_auc,0.501883695564495,"{""model__max_depth"": 8, ""model__min_samples_leaf"": 20, ""model__n_estimators"": 100}",0.501883695564495,0.5189105114035265,3,2015-01-02,2017-05-16,2017-05-17,2388,2017-05-18,2019-10-02,2392,window_3y,hybrid,random_forest,2
1,2,pooled_auc,0.513409823447347,"{""model__max_depth"": 8, ""model__min_samples_leaf"": 20, ""model__n_estimators"": 100}",0.513409823447347,0.5134619065977717,3,2016-10-03,2019-10-01,2019-10-02,3016,2019-10-03,2022-02-15,2392,window_3y,hybrid,random_forest,2
1,3,pooled_auc,0.4994951064160323,"{""model__max_depth"": 8, ""model__min_samples_leaf"": 20, ""model__n_estimators"": 100}",0.4994951064160323,0.49904748315026287,3,2019-02-19,2022-02-14,2022-02-15,3020,2022-02-16,2024-07-10,2404,window_3y,hybrid,random_forest,2
0,1,pooled_auc,0.504938431808537,"{""model__early_stopping"": false, ""model__max_iter"": 100, ""model__max_leaf_nodes"": 7}",0.504938431808537,0.517633359596164,3,2015-01-02,2017-05-16,2017-05-17,2388,2017-05-18,2019-10-02,2392,window_3y,hybrid,hist_gradient_boosting,2
0,2,pooled_auc,0.5067639842775037,"{""model__early_stopping"": false, ""model__max_iter"": 100, ""model__max_leaf_nodes"": 7}",0.5067639842775037,0.5067411225316601,3,2016-10-03,2019-10-01,2019-10-02,3016,2019-10-03,2022-02-15,2392,window_3y,hybrid,hist_gradient_boosting,2
0,3,pooled_auc,0.4936427101134069,"{""model__early_stopping"": false, ""model__max_iter"": 100, ""model__max_leaf_nodes"": 7}",0.4936427101134069,0.4932579413288414,3,2019-02-19,2022-02-14,2022-02-15,3020,2022-02-16,2024-07-10,2404,window_3y,hybrid,hist_gradient_boosting,2
1,1,pooled_auc,0.4936499363450484,"{""model__early_stopping"": false, ""model__max_iter"": 100, ""model__max_leaf_nodes"": 15}",0.4936499363450484,0.5042667418788573,3,2015-01-02,2017-05-16,2017-05-17,2388,2017-05-18,2019-10-02,2392,window_3y,hybrid,hist_gradient_boosting,2
1,2,pooled_auc,0.5085870977052966,"{""model__early_stopping"": false, ""model__max_iter"": 100, ""model__max_leaf_nodes"": 15}",0.5085870977052966,0.509370753454573,3,2016-10-03,2019-10-01,2019-10-02,3016,2019-10-03,2022-02-15,2392,window_3y,hybrid,hist_gradient_boosting,2
1,3,pooled_auc,0.49742767815530753,"{""model__early_stopping"": false, ""model__max_iter"": 100, ""model__max_leaf_nodes"": 15}",0.49742767815530753,0.49716636574447637,3,2019-02-19,2022-02-14,2022-02-15,3020,2022-02-16,2024-07-10,2404,window_3y,hybrid,hist_gradient_boosting,2
0,1,pooled_auc,0.5124577825631026,"{""model__C"": 0.1}",0.5124577825631026,0.5348190877417834,3,2015-01-02,2017-05-16,2017-05-17,2388,2017-05-18,2019-10-02,2392,window_3y,lag_1,logistic_regression,2
0,2,pooled_auc,0.534656841521426,"{""model__C"": 0.1}",0.534656841521426,0.5357046508756498,3,2016-10-03,2019-10-01,2019-10-02,3016,2019-10-03,2022-02-15,2392,window_3y,lag_1,logistic_regression,2
0,3,pooled_auc,0.5024946459086975,"{""model__C"": 0.1}",0.5024946459086975,0.5036576705938961,3,2019-02-19,2022-02-14,2022-02-15,3020,2022-02-16,2024-07-10,2404,window_3y,lag_1,logistic_regression,2
1,1,pooled_auc,0.5111327775653998,"{""model__C"": 10.0}",0.5111327775653998,0.5338265973755357,3,2015-01-02,2017-05-16,2017-05-17,2388,2017-05-18,2019-10-02,2392,window_3y,lag_1,logistic_regression,2
1,2,pooled_auc,0.5315419139224458,"{""model__C"": 10.0}",0.5315419139224458,0.5333699821799469,3,2016-10-03,2019-10-01,2019-10-02,3016,2019-10-03,2022-02-15,2392,window_3y,lag_1,logistic_regression,2
1,3,pooled_auc,0.5013163297010587,"{""model__C"": 10.0}",0.5013163297010587,0.5031871478003901,3,2019-02-19,2022-02-14,2022-02-15,3020,2022-02-16,2024-07-10,2404,window_3y,lag_1,logistic_regression,2
0,1,pooled_auc,0.4877642206564702,"{""model__max_depth"": 4, ""model__min_samples_leaf"": 20, ""model__n_estimators"": 100}",0.4877642206564702,0.5065172532215396,3,2015-01-02,2017-05-16,2017-05-17,2388,2017-05-18,2019-10-02,2392,window_3y,lag_1,random_forest,2
0,2,pooled_auc,0.5283555332942818,"{""model__max_depth"": 4, ""model__min_samples_leaf"": 20, ""model__n_estimators"": 100}",0.5283555332942818,0.5285703347024301,3,2016-10-03,2019-10-01,2019-10-02,3016,2019-10-03,2022-02-15,2392,window_3y,lag_1,random_forest,2
0,3,pooled_auc,0.4952499778068754,"{""model__max_depth"": 4, ""model__min_samples_leaf"": 20, ""model__n_estimators"": 100}",0.4952499778068754,0.4963006448224365,3,2019-02-19,2022-02-14,2022-02-15,3020,2022-02-16,2024-07-10,2404,window_3y,lag_1,random_forest,2
1,1,pooled_auc,0.5044986339612318,"{""model__max_depth"": 8, ""model__min_samples_leaf"": 20, ""model__n_estimators"": 100}",0.5044986339612318,0.5179757266648942,3,2015-01-02,2017-05-16,2017-05-17,2388,2017-05-18,2019-10-02,2392,window_3y,lag_1,random_forest,2
1,2,pooled_auc,0.5169138517002991,"{""model__max_depth"": 8, ""model__min_samples_leaf"": 20, ""model__n_estimators"": 100}",0.5169138517002991,0.5170966132181191,3,2016-10-03,2019-10-01,2019-10-02,3016,2019-10-03,2022-02-15,2392,window_3y,lag_1,random_forest,2
1,3,pooled_auc,0.506293137885883,"{""model__max_depth"": 8, ""model__min_samples_leaf"": 20, ""model__n_estimators"": 100}",0.506293137885883,0.5078932337860527,3,2019-02-19,2022-02-14,2022-02-15,3020,2022-02-16,2024-07-10,2404,window_3y,lag_1,random_forest,2
0,1,pooled_auc,0.4966608330907548,"{""model__early_stopping"": false, ""model__max_iter"": 100, ""model__max_leaf_nodes"": 7}",0.4966608330907548,0.5082920135083159,3,2015-01-02,2017-05-16,2017-05-17,2388,2017-05-18,2019-10-02,2392,window_3y,lag_1,hist_gradient_boosting,2
0,2,pooled_auc,0.5131091547601867,"{""model__early_stopping"": false, ""model__max_iter"": 100, ""model__max_leaf_nodes"": 7}",0.5131091547601867,0.5126356378822914,3,2016-10-03,2019-10-01,2019-10-02,3016,2019-10-03,2022-02-15,2392,window_3y,lag_1,hist_gradient_boosting,2
0,3,pooled_auc,0.4883024895137486,"{""model__early_stopping"": false, ""model__max_iter"": 100, ""model__max_leaf_nodes"": 7}",0.4883024895137486,0.4887984069245186,3,2019-02-19,2022-02-14,2022-02-15,3020,2022-02-16,2024-07-10,2404,window_3y,lag_1,hist_gradient_boosting,2
1,1,pooled_auc,0.49820503558013685,"{""model__early_stopping"": false, ""model__max_iter"": 100, ""model__max_leaf_nodes"": 15}",0.49820503558013685,0.5074414665293329,3,2015-01-02,2017-05-16,2017-05-17,2388,2017-05-18,2019-10-02,2392,window_3y,lag_1,hist_gradient_boosting,2
1,2,pooled_auc,0.5102347621109348,"{""model__early_stopping"": false, ""model__max_iter"": 100, ""model__max_leaf_nodes"": 15}",0.5102347621109348,0.5105174779604149,3,2016-10-03,2019-10-01,2019-10-02,3016,2019-10-03,2022-02-15,2392,window_3y,lag_1,hist_gradient_boosting,2
1,3,pooled_auc,0.49331466799085644,"{""model__early_stopping"": false, ""model__max_iter"": 100, ""model__max_leaf_nodes"": 15}",0.49331466799085644,0.493464100547517,3,2019-02-19,2022-02-14,2022-02-15,3020,2022-02-16,2024-07-10,2404,window_3y,lag_1,hist_gradient_boosting,2
0,1,pooled_auc,0.4969155289817759,"{""model__C"": 0.1}",0.4969155289817759,0.5162157148249105,3,2015-01-02,2017-07-21,2017-07-24,2572,2017-07-25,2020-02-13,2576,window_3y,base,logistic_regression,3
0,2,pooled_auc,0.5279581075851393,"{""model__C"": 0.1}",0.5279581075851393,0.5285183397753226,3,2017-02-14,2020-02-12,2020-02-13,3016,2020-02-14,2022-09-02,2576,window_3y,base,logistic_regression,3
0,3,pooled_auc,0.4995300751879699,"{""model__C"": 0.1}",0.4995300751879699,0.49407838852847863,3,2019-09-06,2022-09-01,2022-09-02,3016,2022-09-06,2025-04-03,2588,window_3y,base,logistic_regression,3
1,1,pooled_auc,0.497421975407932,"{""model__C"": 10.0}",0.497421975407932,0.5169011534393303,3,2015-01-02,2017-07-21,2017-07-24,2572,2017-07-25,2020-02-13,2576,window_3y,base,logistic_regression,3
1,2,pooled_auc,0.5274949206656346,"{""model__C"": 10.0}",0.5274949206656346,0.5279329836660485,3,2017-02-14,2020-02-12,2020-02-13,3016,2020-02-14,2022-09-02,2576,window_3y,base,logistic_regression,3
1,3,pooled_auc,0.49971109214362436,"{""model__C"": 10.0}",0.49971109214362436,0.49417847416754224,3,2019-09-06,2022-09-01,2022-09-02,3016,2022-09-06,2025-04-03,2588,window_3y,base,logistic_regression,3
0,1,pooled_auc,0.5007302532899305,"{""model__max_depth"": 4, ""model__min_samples_leaf"": 20, ""model__n_estimators"": 100}",0.5007302532899305,0.5134061837968491,3,2015-01-02,2017-07-21,2017-07-24,2572,2017-07-25,2020-02-13,2576,window_3y,base,random_forest,3
0,2,pooled_auc,0.528616607004644,"{""model__max_depth"": 4, ""model__min_samples_leaf"": 20, ""model__n_estimators"": 100}",0.528616607004644,0.5293752156294069,3,2017-02-14,2020-02-12,2020-02-13,3016,2020-02-14,2022-09-02,2576,window_3y,base,random_forest,3
0,3,pooled_auc,0.4990316791660273,"{""model__max_depth"": 4, ""model__min_samples_leaf"": 20, ""model__n_estimators"": 100}",0.4990316791660273,0.4981974353675499,3,2019-09-06,2022-09-01,2022-09-02,3016,2022-09-06,2025-04-03,2588,window_3y,base,random_forest,3
1,1,pooled_auc,0.49983381278950084,"{""model__max_depth"": 8, ""model__min_samples_leaf"": 20, ""model__n_estimators"": 100}",0.49983381278950084,0.5120245703222963,3,2015-01-02,2017-07-21,2017-07-24,2572,2017-07-25,2020-02-13,2576,window_3y,base,random_forest,3
1,2,pooled_auc,0.5378652283281734,"{""model__max_depth"": 8, ""model__min_samples_leaf"": 20, ""model__n_estimators"": 100}",0.5378652283281734,0.5382695425665829,3,2017-02-14,2020-02-12,2020-02-13,3016,2020-02-14,2022-09-02,2576,window_3y,base,random_forest,3
1,3,pooled_auc,0.5044828669249655,"{""model__max_depth"": 8, ""model__min_samples_leaf"": 20, ""model__n_estimators"": 100}",0.5044828669249655,0.504867042615184,3,2019-09-06,2022-09-01,2022-09-02,3016,2022-09-06,2025-04-03,2588,window_3y,base,random_forest,3
0,1,pooled_auc,0.49859104784675357,"{""model__early_stopping"": false, ""model__max_iter"": 100, ""model__max_leaf_nodes"": 7}",0.49859104784675357,0.5066691873381175,3,2015-01-02,2017-07-21,2017-07-24,2572,2017-07-25,2020-02-13,2576,window_3y,base,hist_gradient_boosting,3
0,2,pooled_auc,0.5171911280959752,"{""model__early_stopping"": false, ""model__max_iter"": 100, ""model__max_leaf_nodes"": 7}",0.5171911280959752,0.5179539685121076,3,2017-02-14,2020-02-12,2020-02-13,3016,2020-02-14,2022-09-02,2576,window_3y,base,hist_gradient_boosting,3
0,3,pooled_auc,0.47867955922970695,"{""model__early_stopping"": false, ""model__max_iter"": 100, ""model__max_leaf_nodes"": 7}",0.47867955922970695,0.4798009223767739,3,2019-09-06,2022-09-01,2022-09-02,3016,2022-09-06,2025-04-03,2588,window_3y,base,hist_gradient_boosting,3
1,1,pooled_auc,0.5059991156899529,"{""model__early_stopping"": false, ""model__max_iter"": 100, ""model__max_leaf_nodes"": 15}",0.5059991156899529,0.5133909834652584,3,2015-01-02,2017-07-21,2017-07-24,2572,2017-07-25,2020-02-13,2576,window_3y,base,hist_gradient_boosting,3
1,2,pooled_auc,0.5254126959171826,"{""model__early_stopping"": false, ""model__max_iter"": 100, ""model__max_leaf_nodes"": 15}",0.5254126959171826,0.5271340853539681,3,2017-02-14,2020-02-12,2020-02-13,3016,2020-02-14,2022-09-02,2576,window_3y,base,hist_gradient_boosting,3
1,3,pooled_auc,0.4862511028847629,"{""model__early_stopping"": false, ""model__max_iter"": 100, ""model__max_leaf_nodes"": 15}",0.4862511028847629,0.48921827197826123,3,2019-09-06,2022-09-01,2022-09-02,3016,2022-09-06,2025-04-03,2588,window_3y,base,hist_gradient_boosting,3
0,1,pooled_auc,0.5033810606019252,"{""model__C"": 0.1}",0.5033810606019252,0.51667916780725,3,2015-01-02,2017-07-21,2017-07-24,2572,2017-07-25,2020-02-13,2576,window_3y,hybrid,logistic_regression,3
0,2,pooled_auc,0.5204152960526316,"{""model__C"": 0.1}",0.5204152960526316,0.5207364624862691,3,2017-02-14,2020-02-12,2020-02-13,3016,2020-02-14,2022-09-02,2576,window_3y,hybrid,logistic_regression,3
0,3,pooled_auc,0.5127431141629584,"{""model__C"": 0.1}",0.5127431141629584,0.5186484043151494,3,2019-09-06,2022-09-01,2022-09-02,3016,2022-09-06,2025-04-03,2588,window_3y,hybrid,logistic_regression,3
1,1,pooled_auc,0.5055421008610802,"{""model__C"": 10.0}",0.5055421008610802,0.5187349558729663,3,2015-01-02,2017-07-21,2017-07-24,2572,2017-07-25,2020-02-13,2576,window_3y,hybrid,logistic_regression,3
1,2,pooled_auc,0.5201310952012383,"{""model__C"": 10.0}",0.5201310952012383,0.5207957896082926,3,2017-02-14,2020-02-12,2020-02-13,3016,2020-02-14,2022-09-02,2576,window_3y,hybrid,logistic_regression,3
1,3,pooled_auc,0.5127029547721345,"{""model__C"": 10.0}",0.5127029547721345,0.5179679038119178,3,2019-09-06,2022-09-01,2022-09-02,3016,2022-09-06,2025-04-03,2588,window_3y,hybrid,logistic_regression,3
0,1,pooled_auc,0.49704926722964105,"{""model__max_depth"": 4, ""model__min_samples_leaf"": 20, ""model__n_estimators"": 100}",0.49704926722964105,0.5145532632082532,3,2015-01-02,2017-07-21,2017-07-24,2572,2017-07-25,2020-02-13,2576,window_3y,hybrid,random_forest,3
0,2,pooled_auc,0.5198505224458205,"{""model__max_depth"": 4, ""model__min_samples_leaf"": 20, ""model__n_estimators"": 100}",0.5198505224458205,0.5206962955389298,3,2017-02-14,2020-02-12,2020-02-13,3016,2020-02-14,2022-09-02,2576,window_3y,hybrid,random_forest,3
0,3,pooled_auc,0.5035855742673009,"{""model__max_depth"": 4, ""model__min_samples_leaf"": 20, ""model__n_estimators"": 100}",0.5035855742673009,0.5103121638113096,3,2019-09-06,2022-09-01,2022-09-02,3016,2022-09-06,2025-04-03,2588,window_3y,hybrid,random_forest,3
1,1,pooled_auc,0.49621317573448376,"{""model__max_depth"": 8, ""model__min_samples_leaf"": 20, ""model__n_estimators"": 100}",0.49621317573448376,0.5093774861254008,3,2015-01-02,2017-07-21,2017-07-24,2572,2017-07-25,2020-02-13,2576,window_3y,hybrid,random_forest,3
1,2,pooled_auc,0.5220648703560371,"{""model__max_depth"": 8, ""model__min_samples_leaf"": 20, ""model__n_estimators"": 100}",0.5220648703560371,0.5229875720124761,3,2017-02-14,2020-02-12,2020-02-13,3016,2020-02-14,2022-09-02,2576,window_3y,hybrid,random_forest,3
1,3,pooled_auc,0.5032325312643855,"{""model__max_depth"": 8, ""model__min_samples_leaf"": 20, ""model__n_estimators"": 100}",0.5032325312643855,0.5095056663786308,3,2019-09-06,2022-09-01,2022-09-02,3016,2022-09-06,2025-04-03,2588,window_3y,hybrid,random_forest,3
0,1,pooled_auc,0.5057022228449188,"{""model__early_stopping"": false, ""model__max_iter"": 100, ""model__max_leaf_nodes"": 7}",0.5057022228449188,0.5152509823942331,3,2015-01-02,2017-07-21,2017-07-24,2572,2017-07-25,2020-02-13,2576,window_3y,hybrid,hist_gradient_boosting,3
0,2,pooled_auc,0.5204007836687307,"{""model__early_stopping"": false, ""model__max_iter"": 100, ""model__max_leaf_nodes"": 7}",0.5204007836687307,0.5213416102515258,3,2017-02-14,2020-02-12,2020-02-13,3016,2020-02-14,2022-09-02,2576,window_3y,hybrid,hist_gradient_boosting,3
0,3,pooled_auc,0.49979111122832587,"{""model__early_stopping"": false, ""model__max_iter"": 100, ""model__max_leaf_nodes"": 7}",0.49979111122832587,0.5036396652849264,3,2019-09-06,2022-09-01,2022-09-02,3016,2022-09-06,2025-04-03,2588,window_3y,hybrid,hist_gradient_boosting,3
1,1,pooled_auc,0.5033983464979078,"{""model__early_stopping"": false, ""model__max_iter"": 100, ""model__max_leaf_nodes"": 15}",0.5033983464979078,0.5112977821074469,3,2015-01-02,2017-07-21,2017-07-24,2572,2017-07-25,2020-02-13,2576,window_3y,hybrid,hist_gradient_boosting,3
1,2,pooled_auc,0.521566309500774,"{""model__early_stopping"": false, ""model__max_iter"": 100, ""model__max_leaf_nodes"": 15}",0.521566309500774,0.522331312503711,3,2017-02-14,2020-02-12,2020-02-13,3016,2020-02-14,2022-09-02,2576,window_3y,hybrid,hist_gradient_boosting,3
1,3,pooled_auc,0.4921973899992328,"{""model__early_stopping"": false, ""model__max_iter"": 100, ""model__max_leaf_nodes"": 15}",0.4921973899992328,0.4953410937272915,3,2019-09-06,2022-09-01,2022-09-02,3016,2022-09-06,2025-04-03,2588,window_3y,hybrid,hist_gradient_boosting,3
0,1,pooled_auc,0.5035126760204592,"{""model__C"": 0.1}",0.5035126760204592,0.516493012867572,3,2015-01-02,2017-07-21,2017-07-24,2572,2017-07-25,2020-02-13,2576,window_3y,lag_1,logistic_regression,3
0,2,pooled_auc,0.521054445626935,"{""model__C"": 0.1}",0.521054445626935,0.5209032005021308,3,2017-02-14,2020-02-12,2020-02-13,3016,2020-02-14,2022-09-02,2576,window_3y,lag_1,logistic_regression,3
0,3,pooled_auc,0.5117433251496087,"{""model__C"": 0.1}",0.5117433251496087,0.5182570319996689,3,2019-09-06,2022-09-01,2022-09-02,3016,2022-09-06,2025-04-03,2588,window_3y,lag_1,logistic_regression,3
1,1,pooled_auc,0.5055572639277316,"{""model__C"": 10.0}",0.5055572639277316,0.5184666745388453,3,2015-01-02,2017-07-21,2017-07-24,2572,2017-07-25,2020-02-13,2576,window_3y,lag_1,logistic_regression,3
1,2,pooled_auc,0.5204322271671826,"{""model__C"": 10.0}",0.5204322271671826,0.5211473093428649,3,2017-02-14,2020-02-12,2020-02-13,3016,2020-02-14,2022-09-02,2576,window_3y,lag_1,logistic_regression,3
1,3,pooled_auc,0.5116953736381771,"{""model__C"": 10.0}",0.5116953736381771,0.517888397438696,3,2019-09-06,2022-09-01,2022-09-02,3016,2022-09-06,2025-04-03,2588,window_3y,lag_1,logistic_regression,3
0,1,pooled_auc,0.4958065022868937,"{""model__max_depth"": 4, ""model__min_samples_leaf"": 20, ""model__n_estimators"": 100}",0.4958065022868937,0.5103345775032664,3,2015-01-02,2017-07-21,2017-07-24,2572,2017-07-25,2020-02-13,2576,window_3y,lag_1,random_forest,3
0,2,pooled_auc,0.523867429373065,"{""model__max_depth"": 4, ""model__min_samples_leaf"": 20, ""model__n_estimators"": 100}",0.523867429373065,0.5256958055433931,3,2017-02-14,2020-02-12,2020-02-13,3016,2020-02-14,2022-09-02,2576,window_3y,lag_1,random_forest,3
0,3,pooled_auc,0.5065483782798834,"{""model__max_depth"": 4, ""model__min_samples_leaf"": 20, ""model__n_estimators"": 100}",0.5065483782798834,0.5126670617567458,3,2019-09-06,2022-09-01,2022-09-02,3016,2022-09-06,2025-04-03,2588,window_3y,lag_1,random_forest,3
1,1,pooled_auc,0.5017106971796089,"{""model__max_depth"": 8, ""model__min_samples_leaf"": 20, ""model__n_estimators"": 100}",0.5017106971796089,0.5138939390471975,3,2015-01-02,2017-07-21,2017-07-24,2572,2017-07-25,2020-02-13,2576,window_3y,lag_1,random_forest,3
1,2,pooled_auc,0.5196945143188855,"{""model__max_depth"": 8, ""model__min_samples_leaf"": 20, ""model__n_estimators"": 100}",0.5196945143188855,0.5205707409904119,3,2017-02-14,2020-02-12,2020-02-13,3016,2020-02-14,2022-09-02,2576,window_3y,lag_1,random_forest,3
1,3,pooled_auc,0.5075122036596593,"{""model__max_depth"": 8, ""model__min_samples_leaf"": 20, ""model__n_estimators"": 100}",0.5075122036596593,0.5148396219944087,3,2019-09-06,2022-09-01,2022-09-02,3016,2022-09-06,2025-04-03,2588,window_3y,lag_1,random_forest,3
0,1,pooled_auc,0.497542370157144,"{""model__early_stopping"": false, ""model__max_iter"": 100, ""model__max_leaf_nodes"": 7}",0.497542370157144,0.507474625224586,3,2015-01-02,2017-07-21,2017-07-24,2572,2017-07-25,2020-02-13,2576,window_3y,lag_1,hist_gradient_boosting,3
0,2,pooled_auc,0.5170357246517028,"{""model__early_stopping"": false, ""model__max_iter"": 100, ""model__max_leaf_nodes"": 7}",0.5170357246517028,0.5192613752548196,3,2017-02-14,2020-02-12,2020-02-13,3016,2020-02-14,2022-09-02,2576,window_3y,lag_1,hist_gradient_boosting,3
0,3,pooled_auc,0.4999733269717661,"{""model__early_stopping"": false, ""model__max_iter"": 100, ""model__max_leaf_nodes"": 7}",0.4999733269717661,0.5055853730096931,3,2019-09-06,2022-09-01,2022-09-02,3016,2022-09-06,2025-04-03,2588,window_3y,lag_1,hist_gradient_boosting,3
1,1,pooled_auc,0.5021947022671212,"{""model__early_stopping"": false, ""model__max_iter"": 100, ""model__max_leaf_nodes"": 15}",0.5021947022671212,0.5110550068386617,3,2015-01-02,2017-07-21,2017-07-24,2572,2017-07-25,2020-02-13,2576,window_3y,lag_1,hist_gradient_boosting,3
1,2,pooled_auc,0.514733697755418,"{""model__early_stopping"": false, ""model__max_iter"": 100, ""model__max_leaf_nodes"": 15}",0.514733697755418,0.5148230967022225,3,2017-02-14,2020-02-12,2020-02-13,3016,2020-02-14,2022-09-02,2576,window_3y,lag_1,hist_gradient_boosting,3
1,3,pooled_auc,0.48833519545036064,"{""model__early_stopping"": false, ""model__max_iter"": 100, ""model__max_leaf_nodes"": 15}",0.48833519545036064,0.4910494575066757,3,2019-09-06,2022-09-01,2022-09-02,3016,2022-09-06,2025-04-03,2588,window_3y,lag_1,hist_gradient_boosting,3
0,1,pooled_auc,0.4937573934275518,"{""model__C"": 0.1}",0.4937573934275518,0.5196821062536762,5,2015-01-02,2017-03-10,2017-03-13,2204,2017-03-14,2019-05-22,2208,window_5y,base,logistic_regression,1
0,2,pooled_auc,0.5408604668154524,"{""model__C"": 0.1}",0.5408604668154524,0.540907658811572,5,2015-01-02,2019-05-21,2019-05-22,4412,2019-05-23,2021-07-30,2208,window_5y,base,logistic_regression,1
0,3,pooled_auc,0.47163983404655047,"{""model__C"": 0.1}",0.47163983404655047,0.4735176474690275,5,2016-08-02,2021-07-29,2021-07-30,5028,2021-08-02,2023-10-12,2216,window_5y,base,logistic_regression,1
1,1,pooled_auc,0.4926798888885227,"{""model__C"": 10.0}",0.4926798888885227,0.5179163919174202,5,2015-01-02,2017-03-10,2017-03-13,2204,2017-03-14,2019-05-22,2208,window_5y,base,logistic_regression,1
1,2,pooled_auc,0.5360324007651841,"{""model__C"": 10.0}",0.5360324007651841,0.5344524075230075,5,2015-01-02,2019-05-21,2019-05-22,4412,2019-05-23,2021-07-30,2208,window_5y,base,logistic_regression,1
1,3,pooled_auc,0.4708423572695961,"{""model__C"": 10.0}",0.4708423572695961,0.47237234438445497,5,2016-08-02,2021-07-29,2021-07-30,5028,2021-08-02,2023-10-12,2216,window_5y,base,logistic_regression,1
0,1,pooled_auc,0.48726476955571885,"{""model__max_depth"": 4, ""model__min_samples_leaf"": 20, ""model__n_estimators"": 100}",0.48726476955571885,0.5003100131421513,5,2015-01-02,2017-03-10,2017-03-13,2204,2017-03-14,2019-05-22,2208,window_5y,base,random_forest,1
0,2,pooled_auc,0.5302918592911419,"{""model__max_depth"": 4, ""model__min_samples_leaf"": 20, ""model__n_estimators"": 100}",0.5302918592911419,0.5313677038100371,5,2015-01-02,2019-05-21,2019-05-22,4412,2019-05-23,2021-07-30,2208,window_5y,base,random_forest,1
0,3,pooled_auc,0.47077386233169816,"{""model__max_depth"": 4, ""model__min_samples_leaf"": 20, ""model__n_estimators"": 100}",0.47077386233169816,0.4710641857716489,5,2016-08-02,2021-07-29,2021-07-30,5028,2021-08-02,2023-10-12,2216,window_5y,base,random_forest,1
1,1,pooled_auc,0.49189317877019495,"{""model__max_depth"": 8, ""model__min_samples_leaf"": 20, ""model__n_estimators"": 100}",0.49189317877019495,0.5051070965924371,5,2015-01-02,2017-03-10,2017-03-13,2204,2017-03-14,2019-05-22,2208,window_5y,base,random_forest,1
1,2,pooled_auc,0.5208466177799033,"{""model__max_depth"": 8, ""model__min_samples_leaf"": 20, ""model__n_estimators"": 100}",0.5208466177799033,0.5220910620959935,5,2015-01-02,2019-05-21,2019-05-22,4412,2019-05-23,2021-07-30,2208,window_5y,base,random_forest,1
1,3,pooled_auc,0.4851325213965139,"{""model__max_depth"": 8, ""model__min_samples_leaf"": 20, ""model__n_estimators"": 100}",0.4851325213965139,0.4858022866612991,5,2016-08-02,2021-07-29,2021-07-30,5028,2021-08-02,2023-10-12,2216,window_5y,base,random_forest,1
0,1,pooled_auc,0.5046753646875073,"{""model__early_stopping"": false, ""model__max_iter"": 100, ""model__max_leaf_nodes"": 7}",0.5046753646875073,0.5139844657118326,5,2015-01-02,2017-03-10,2017-03-13,2204,2017-03-14,2019-05-22,2208,window_5y,base,hist_gradient_boosting,1
0,2,pooled_auc,0.5187941707848451,"{""model__early_stopping"": false, ""model__max_iter"": 100, ""model__max_leaf_nodes"": 7}",0.5187941707848451,0.5182494451641424,5,2015-01-02,2019-05-21,2019-05-22,4412,2019-05-23,2021-07-30,2208,window_5y,base,hist_gradient_boosting,1
0,3,pooled_auc,0.49301922424590333,"{""model__early_stopping"": false, ""model__max_iter"": 100, ""model__max_leaf_nodes"": 7}",0.49301922424590333,0.49306426212757776,5,2016-08-02,2021-07-29,2021-07-30,5028,2021-08-02,2023-10-12,2216,window_5y,base,hist_gradient_boosting,1
1,1,pooled_auc,0.4984529407306601,"{""model__early_stopping"": false, ""model__max_iter"": 100, ""model__max_leaf_nodes"": 15}",0.4984529407306601,0.5087452686225127,5,2015-01-02,2017-03-10,2017-03-13,2204,2017-03-14,2019-05-22,2208,window_5y,base,hist_gradient_boosting,1
1,2,pooled_auc,0.5255576146447738,"{""model__early_stopping"": false, ""model__max_iter"": 100, ""model__max_leaf_nodes"": 15}",0.5255576146447738,0.5252684974535555,5,2015-01-02,2019-05-21,2019-05-22,4412,2019-05-23,2021-07-30,2208,window_5y,base,hist_gradient_boosting,1
1,3,pooled_auc,0.49995025962843126,"{""model__early_stopping"": false, ""model__max_iter"": 100, ""model__max_leaf_nodes"": 15}",0.49995025962843126,0.49998439719612997,5,2016-08-02,2021-07-29,2021-07-30,5028,2021-08-02,2023-10-12,2216,window_5y,base,hist_gradient_boosting,1
0,1,pooled_auc,0.5060045340863782,"{""model__C"": 0.1}",0.5060045340863782,0.52356522617341,5,2015-01-02,2017-03-10,2017-03-13,2204,2017-03-14,2019-05-22,2208,window_5y,hybrid,logistic_regression,1
0,2,pooled_auc,0.538167045273394,"{""model__C"": 0.1}",0.538167045273394,0.5400767650852947,5,2015-01-02,2019-05-21,2019-05-22,4412,2019-05-23,2021-07-30,2208,window_5y,hybrid,logistic_regression,1
0,3,pooled_auc,0.49353456711199245,"{""model__C"": 0.1}",0.49353456711199245,0.4931775036411996,5,2016-08-02,2021-07-29,2021-07-30,5028,2021-08-02,2023-10-12,2216,window_5y,hybrid,logistic_regression,1
1,1,pooled_auc,0.5038116311178038,"{""model__C"": 10.0}",0.5038116311178038,0.5195723368079997,5,2015-01-02,2017-03-10,2017-03-13,2204,2017-03-14,2019-05-22,2208,window_5y,hybrid,logistic_regression,1
1,2,pooled_auc,0.5356537940379404,"{""model__C"": 10.0}",0.5356537940379404,0.5373439315156466,5,2015-01-02,2019-05-21,2019-05-22,4412,2019-05-23,2021-07-30,2208,window_5y,hybrid,logistic_regression,1
1,3,pooled_auc,0.49262782460077237,"{""model__C"": 10.0}",0.49262782460077237,0.49262843372055565,5,2016-08-02,2021-07-29,2021-07-30,5028,2021-08-02,2023-10-12,2216,window_5y,hybrid,logistic_regression,1
0,1,pooled_auc,0.49394974611093356,"{""model__max_depth"": 4, ""model__min_samples_leaf"": 20, ""model__n_estimators"": 100}",0.49394974611093356,0.5070840412926956,5,2015-01-02,2017-03-10,2017-03-13,2204,2017-03-14,2019-05-22,2208,window_5y,hybrid,random_forest,1
0,2,pooled_auc,0.5228587962962963,"{""model__max_depth"": 4, ""model__min_samples_leaf"": 20, ""model__n_estimators"": 100}",0.5228587962962963,0.5198284588750766,5,2015-01-02,2019-05-21,2019-05-22,4412,2019-05-23,2021-07-30,2208,window_5y,hybrid,random_forest,1
0,3,pooled_auc,0.48407003444316876,"{""model__max_depth"": 4, ""model__min_samples_leaf"": 20, ""model__n_estimators"": 100}",0.48407003444316876,0.4847134582466155,5,2016-08-02,2021-07-29,2021-07-30,5028,2021-08-02,2023-10-12,2216,window_5y,hybrid,random_forest,1
1,1,pooled_auc,0.4895820633388142,"{""model__max_depth"": 8, ""model__min_samples_leaf"": 20, ""model__n_estimators"": 100}",0.4895820633388142,0.5017407468230209,5,2015-01-02,2017-03-10,2017-03-13,2204,2017-03-14,2019-05-22,2208,window_5y,hybrid,random_forest,1
1,2,pooled_auc,0.5270612479409108,"{""model__max_depth"": 8, ""model__min_samples_leaf"": 20, ""model__n_estimators"": 100}",0.5270612479409108,0.5251139894073509,5,2015-01-02,2019-05-21,2019-05-22,4412,2019-05-23,2021-07-30,2208,window_5y,hybrid,random_forest,1
1,3,pooled_auc,0.49239053856591164,"{""model__max_depth"": 8, ""model__min_samples_leaf"": 20, ""model__n_estimators"": 100}",0.49239053856591164,0.4914088862812754,5,2016-08-02,2021-07-29,2021-07-30,5028,2021-08-02,2023-10-12,2216,window_5y,hybrid,random_forest,1
0,1,pooled_auc,0.5019984908346211,"{""model__early_stopping"": false, ""model__max_iter"": 100, ""model__max_leaf_nodes"": 7}",0.5019984908346211,0.5086062055333166,5,2015-01-02,2017-03-10,2017-03-13,2204,2017-03-14,2019-05-22,2208,window_5y,hybrid,hist_gradient_boosting,1
0,2,pooled_auc,0.5196651323130879,"{""model__early_stopping"": false, ""model__max_iter"": 100, ""model__max_leaf_nodes"": 7}",0.5196651323130879,0.5183112429225055,5,2015-01-02,2019-05-21,2019-05-22,4412,2019-05-23,2021-07-30,2208,window_5y,hybrid,hist_gradient_boosting,1
0,3,pooled_auc,0.48854666788435447,"{""model__early_stopping"": false, ""model__max_iter"": 100, ""model__max_leaf_nodes"": 7}",0.48854666788435447,0.4874719822474577,5,2016-08-02,2021-07-29,2021-07-30,5028,2021-08-02,2023-10-12,2216,window_5y,hybrid,hist_gradient_boosting,1
1,1,pooled_auc,0.5046267616540189,"{""model__early_stopping"": false, ""model__max_iter"": 100, ""model__max_leaf_nodes"": 15}",0.5046267616540189,0.5117915279372229,5,2015-01-02,2017-03-10,2017-03-13,2204,2017-03-14,2019-05-22,2208,window_5y,hybrid,hist_gradient_boosting,1
1,2,pooled_auc,0.52579258329348,"{""model__early_stopping"": false, ""model__max_iter"": 100, ""model__max_leaf_nodes"": 15}",0.52579258329348,0.5252235498806515,5,2015-01-02,2019-05-21,2019-05-22,4412,2019-05-23,2021-07-30,2208,window_5y,hybrid,hist_gradient_boosting,1
1,3,pooled_auc,0.4988857341352677,"{""model__early_stopping"": false, ""model__max_iter"": 100, ""model__max_leaf_nodes"": 15}",0.4988857341352677,0.4976835544094528,5,2016-08-02,2021-07-29,2021-07-30,5028,2021-08-02,2023-10-12,2216,window_5y,hybrid,hist_gradient_boosting,1
0,1,pooled_auc,0.5064427851680017,"{""model__C"": 0.1}",0.5064427851680017,0.524706668273422,5,2015-01-02,2017-03-10,2017-03-13,2204,2017-03-14,2019-05-22,2208,window_5y,lag_1,logistic_regression,1
0,2,pooled_auc,0.5380732238694936,"{""model__C"": 0.1}",0.5380732238694936,0.5399007113557405,5,2015-01-02,2019-05-21,2019-05-22,4412,2019-05-23,2021-07-30,2208,window_5y,lag_1,logistic_regression,1
0,3,pooled_auc,0.4933584372716836,"{""model__C"": 0.1}",0.4933584372716836,0.49274720878703293,5,2016-08-02,2021-07-29,2021-07-30,5028,2021-08-02,2023-10-12,2216,window_5y,lag_1,logistic_regression,1
1,1,pooled_auc,0.5039244890091241,"{""model__C"": 10.0}",0.5039244890091241,0.5197886757845168,5,2015-01-02,2017-03-10,2017-03-13,2204,2017-03-14,2019-05-22,2208,window_5y,lag_1,logistic_regression,1
1,2,pooled_auc,0.5356330370901747,"{""model__C"": 10.0}",0.5356330370901747,0.5370034959574123,5,2015-01-02,2019-05-21,2019-05-22,4412,2019-05-23,2021-07-30,2208,window_5y,lag_1,logistic_regression,1
1,3,pooled_auc,0.4925006197161048,"{""model__C"": 10.0}",0.4925006197161048,0.49244301654469813,5,2016-08-02,2021-07-29,2021-07-30,5028,2021-08-02,2023-10-12,2216,window_5y,lag_1,logistic_regression,1
0,1,pooled_auc,0.4972024423436218,"{""model__max_depth"": 4, ""model__min_samples_leaf"": 20, ""model__n_estimators"": 100}",0.4972024423436218,0.5110553977985719,5,2015-01-02,2017-03-10,2017-03-13,2204,2017-03-14,2019-05-22,2208,window_5y,lag_1,random_forest,1
0,2,pooled_auc,0.5313712205749508,"{""model__max_depth"": 4, ""model__min_samples_leaf"": 20, ""model__n_estimators"": 100}",0.5313712205749508,0.5297368826491269,5,2015-01-02,2019-05-21,2019-05-22,4412,2019-05-23,2021-07-30,2208,window_5y,lag_1,random_forest,1
0,3,pooled_auc,0.48427878092057197,"{""model__max_depth"": 4, ""model__min_samples_leaf"": 20, ""model__n_estimators"": 100}",0.48427878092057197,0.48559517998820734,5,2016-08-02,2021-07-29,2021-07-30,5028,2021-08-02,2023-10-12,2216,window_5y,lag_1,random_forest,1
1,1,pooled_auc,0.49722880331093755,"{""model__max_depth"": 8, ""model__min_samples_leaf"": 20, ""model__n_estimators"": 100}",0.49722880331093755,0.5085982367447686,5,2015-01-02,2017-03-10,2017-03-13,2204,2017-03-14,2019-05-22,2208,window_5y,lag_1,random_forest,1
1,2,pooled_auc,0.5244832350284288,"{""model__max_depth"": 8, ""model__min_samples_leaf"": 20, ""model__n_estimators"": 100}",0.5244832350284288,0.5228622843245819,5,2015-01-02,2019-05-21,2019-05-22,4412,2019-05-23,2021-07-30,2208,window_5y,lag_1,random_forest,1
1,3,pooled_auc,0.49362670911178375,"{""model__max_depth"": 8, ""model__min_samples_leaf"": 20, ""model__n_estimators"": 100}",0.49362670911178375,0.4950876695429423,5,2016-08-02,2021-07-29,2021-07-30,5028,2021-08-02,2023-10-12,2216,window_5y,lag_1,random_forest,1
0,1,pooled_auc,0.5092802961654679,"{""model__early_stopping"": false, ""model__max_iter"": 100, ""model__max_leaf_nodes"": 7}",0.5092802961654679,0.5178629199630095,5,2015-01-02,2017-03-10,2017-03-13,2204,2017-03-14,2019-05-22,2208,window_5y,lag_1,hist_gradient_boosting,1
0,2,pooled_auc,0.5191976858494075,"{""model__early_stopping"": false, ""model__max_iter"": 100, ""model__max_leaf_nodes"": 7}",0.5191976858494075,0.5192744467043169,5,2015-01-02,2019-05-21,2019-05-22,4412,2019-05-23,2021-07-30,2208,window_5y,lag_1,hist_gradient_boosting,1
0,3,pooled_auc,0.4853645072278468,"{""model__early_stopping"": false, ""model__max_iter"": 100, ""model__max_leaf_nodes"": 7}",0.4853645072278468,0.4848502510597382,5,2016-08-02,2021-07-29,2021-07-30,5028,2021-08-02,2023-10-12,2216,window_5y,lag_1,hist_gradient_boosting,1
1,1,pooled_auc,0.4991593322766979,"{""model__early_stopping"": false, ""model__max_iter"": 100, ""model__max_leaf_nodes"": 15}",0.4991593322766979,0.5075345745406623,5,2015-01-02,2017-03-10,2017-03-13,2204,2017-03-14,2019-05-22,2208,window_5y,lag_1,hist_gradient_boosting,1
1,2,pooled_auc,0.5125342904777087,"{""model__early_stopping"": false, ""model__max_iter"": 100, ""model__max_leaf_nodes"": 15}",0.5125342904777087,0.5115643612235471,5,2015-01-02,2019-05-21,2019-05-22,4412,2019-05-23,2021-07-30,2208,window_5y,lag_1,hist_gradient_boosting,1
1,3,pooled_auc,0.4896120087934454,"{""model__early_stopping"": false, ""model__max_iter"": 100, ""model__max_leaf_nodes"": 15}",0.4896120087934454,0.49021500428107423,5,2016-08-02,2021-07-29,2021-07-30,5028,2021-08-02,2023-10-12,2216,window_5y,lag_1,hist_gradient_boosting,1
0,1,pooled_auc,0.49785396887746336,"{""model__C"": 0.1}",0.49785396887746336,0.5254369673615323,5,2015-01-02,2017-05-16,2017-05-17,2388,2017-05-18,2019-10-02,2392,window_5y,base,logistic_regression,2
0,2,pooled_auc,0.5333607826158318,"{""model__C"": 0.1}",0.5333607826158318,0.5342127101052777,5,2015-01-02,2019-10-01,2019-10-02,4780,2019-10-03,2022-02-15,2392,window_5y,base,logistic_regression,2
0,3,pooled_auc,0.48191329701058605,"{""model__C"": 0.1}",0.48191329701058605,0.4810044135499436,5,2017-02-16,2022-02-14,2022-02-15,5032,2022-02-16,2024-07-10,2404,window_5y,base,logistic_regression,2
1,1,pooled_auc,0.49702557771690914,"{""model__C"": 10.0}",0.49702557771690914,0.523222786060269,5,2015-01-02,2017-05-16,2017-05-17,2388,2017-05-18,2019-10-02,2392,window_5y,base,logistic_regression,2
1,2,pooled_auc,0.5324856598722618,"{""model__C"": 10.0}",0.5324856598722618,0.5326811643860809,5,2015-01-02,2019-10-01,2019-10-02,4780,2019-10-03,2022-02-15,2392,window_5y,base,logistic_regression,2
1,3,pooled_auc,0.4829203100379503,"{""model__C"": 10.0}",0.4829203100379503,0.48125956074669113,5,2017-02-16,2022-02-14,2022-02-15,5032,2022-02-16,2024-07-10,2404,window_5y,base,logistic_regression,2
0,1,pooled_auc,0.48879006491752913,"{""model__max_depth"": 4, ""model__min_samples_leaf"": 20, ""model__n_estimators"": 100}",0.48879006491752913,0.505950923034605,5,2015-01-02,2017-05-16,2017-05-17,2388,2017-05-18,2019-10-02,2392,window_5y,base,random_forest,2
0,2,pooled_auc,0.5284736784019424,"{""model__max_depth"": 4, ""model__min_samples_leaf"": 20, ""model__n_estimators"": 100}",0.5284736784019424,0.5283478893086644,5,2015-01-02,2019-10-01,2019-10-02,4780,2019-10-03,2022-02-15,2392,window_5y,base,random_forest,2
0,3,pooled_auc,0.47741745544730246,"{""model__max_depth"": 4, ""model__min_samples_leaf"": 20, ""model__n_estimators"": 100}",0.47741745544730246,0.4778885250540073,5,2017-02-16,2022-02-14,2022-02-15,5032,2022-02-16,2024-07-10,2404,window_5y,base,random_forest,2
1,1,pooled_auc,0.4929141342049795,"{""model__max_depth"": 8, ""model__min_samples_leaf"": 20, ""model__n_estimators"": 100}",0.4929141342049795,0.5083064896687458,5,2015-01-02,2017-05-16,2017-05-17,2388,2017-05-18,2019-10-02,2392,window_5y,base,random_forest,2
1,2,pooled_auc,0.5280477900497765,"{""model__max_depth"": 8, ""model__min_samples_leaf"": 20, ""model__n_estimators"": 100}",0.5280477900497765,0.5286547503244241,5,2015-01-02,2019-10-01,2019-10-02,4780,2019-10-03,2022-02-15,2392,window_5y,base,random_forest,2
1,3,pooled_auc,0.48160606094232006,"{""model__max_depth"": 8, ""model__min_samples_leaf"": 20, ""model__n_estimators"": 100}",0.48160606094232006,0.48015393628640746,5,2017-02-16,2022-02-14,2022-02-15,5032,2022-02-16,2024-07-10,2404,window_5y,base,random_forest,2
0,1,pooled_auc,0.49130154209819343,"{""model__early_stopping"": false, ""model__max_iter"": 100, ""model__max_leaf_nodes"": 7}",0.49130154209819343,0.5026493740748438,5,2015-01-02,2017-05-16,2017-05-17,2388,2017-05-18,2019-10-02,2392,window_5y,base,hist_gradient_boosting,2
0,2,pooled_auc,0.5153231374812878,"{""model__early_stopping"": false, ""model__max_iter"": 100, ""model__max_leaf_nodes"": 7}",0.5153231374812878,0.5151122178662078,5,2015-01-02,2019-10-01,2019-10-02,4780,2019-10-03,2022-02-15,2392,window_5y,base,hist_gradient_boosting,2
0,3,pooled_auc,0.4924862402627666,"{""model__early_stopping"": false, ""model__max_iter"": 100, ""model__max_leaf_nodes"": 7}",0.4924862402627666,0.4925200297909904,5,2017-02-16,2022-02-14,2022-02-15,5032,2022-02-16,2024-07-10,2404,window_5y,base,hist_gradient_boosting,2
1,1,pooled_auc,0.49075126871508185,"{""model__early_stopping"": false, ""model__max_iter"": 100, ""model__max_leaf_nodes"": 15}",0.49075126871508185,0.5006347210229454,5,2015-01-02,2017-05-16,2017-05-17,2388,2017-05-18,2019-10-02,2392,window_5y,base,hist_gradient_boosting,2
1,2,pooled_auc,0.5233796433857133,"{""model__early_stopping"": false, ""model__max_iter"": 100, ""model__max_leaf_nodes"": 15}",0.5233796433857133,0.523968421706866,5,2015-01-02,2019-10-01,2019-10-02,4780,2019-10-03,2022-02-15,2392,window_5y,base,hist_gradient_boosting,2
1,3,pooled_auc,0.5007431229055238,"{""model__early_stopping"": false, ""model__max_iter"": 100, ""model__max_leaf_nodes"": 15}",0.5007431229055238,0.5004005556003288,5,2017-02-16,2022-02-14,2022-02-15,5032,2022-02-16,2024-07-10,2404,window_5y,base,hist_gradient_boosting,2
0,1,pooled_auc,0.5114168575146161,"{""model__C"": 0.1}",0.5114168575146161,0.5329180591110402,5,2015-01-02,2017-05-16,2017-05-17,2388,2017-05-18,2019-10-02,2392,window_5y,hybrid,logistic_regression,2
0,2,pooled_auc,0.5360505293183806,"{""model__C"": 0.1}",0.5360505293183806,0.5374857788639915,5,2015-01-02,2019-10-01,2019-10-02,4780,2019-10-03,2022-02-15,2392,window_5y,hybrid,logistic_regression,2
0,3,pooled_auc,0.49921907942919286,"{""model__C"": 0.1}",0.49921907942919286,0.4993287713914727,5,2017-02-16,2022-02-14,2022-02-15,5032,2022-02-16,2024-07-10,2404,window_5y,hybrid,logistic_regression,2
1,1,pooled_auc,0.5104264355682124,"{""model__C"": 10.0}",0.5104264355682124,0.5319839600939298,5,2015-01-02,2017-05-16,2017-05-17,2388,2017-05-18,2019-10-02,2392,window_5y,hybrid,logistic_regression,2
1,2,pooled_auc,0.53425925139864,"{""model__C"": 10.0}",0.53425925139864,0.5368843387269564,5,2015-01-02,2019-10-01,2019-10-02,4780,2019-10-03,2022-02-15,2392,window_5y,hybrid,logistic_regression,2
1,3,pooled_auc,0.499662941920593,"{""model__C"": 10.0}",0.499662941920593,0.499571138602401,5,2017-02-16,2022-02-14,2022-02-15,5032,2022-02-16,2024-07-10,2404,window_5y,hybrid,logistic_regression,2
0,1,pooled_auc,0.49944411516110143,"{""model__max_depth"": 4, ""model__min_samples_leaf"": 20, ""model__n_estimators"": 100}",0.49944411516110143,0.518603457665472,5,2015-01-02,2017-05-16,2017-05-17,2388,2017-05-18,2019-10-02,2392,window_5y,hybrid,random_forest,2
0,2,pooled_auc,0.5326844549336549,"{""model__max_depth"": 4, ""model__min_samples_leaf"": 20, ""model__n_estimators"": 100}",0.5326844549336549,0.5299579728509124,5,2015-01-02,2019-10-01,2019-10-02,4780,2019-10-03,2022-02-15,2392,window_5y,hybrid,random_forest,2
0,3,pooled_auc,0.5007635821922368,"{""model__max_depth"": 4, ""model__min_samples_leaf"": 20, ""model__n_estimators"": 100}",0.5007635821922368,0.502176536889828,5,2017-02-16,2022-02-14,2022-02-15,5032,2022-02-16,2024-07-10,2404,window_5y,hybrid,random_forest,2
1,1,pooled_auc,0.501883695564495,"{""model__max_depth"": 8, ""model__min_samples_leaf"": 20, ""model__n_estimators"": 100}",0.501883695564495,0.5189105114035265,5,2015-01-02,2017-05-16,2017-05-17,2388,2017-05-18,2019-10-02,2392,window_5y,hybrid,random_forest,2
1,2,pooled_auc,0.5218101528387369,"{""model__max_depth"": 8, ""model__min_samples_leaf"": 20, ""model__n_estimators"": 100}",0.5218101528387369,0.5198114694071542,5,2015-01-02,2019-10-01,2019-10-02,4780,2019-10-03,2022-02-15,2392,window_5y,hybrid,random_forest,2
1,3,pooled_auc,0.503626495261768,"{""model__max_depth"": 8, ""model__min_samples_leaf"": 20, ""model__n_estimators"": 100}",0.503626495261768,0.5035138474047529,5,2017-02-16,2022-02-14,2022-02-15,5032,2022-02-16,2024-07-10,2404,window_5y,hybrid,random_forest,2
0,1,pooled_auc,0.504938431808537,"{""model__early_stopping"": false, ""model__max_iter"": 100, ""model__max_leaf_nodes"": 7}",0.504938431808537,0.517633359596164,5,2015-01-02,2017-05-16,2017-05-17,2388,2017-05-18,2019-10-02,2392,window_5y,hybrid,hist_gradient_boosting,2
0,2,pooled_auc,0.5267103449837144,"{""model__early_stopping"": false, ""model__max_iter"": 100, ""model__max_leaf_nodes"": 7}",0.5267103449837144,0.5258320933062754,5,2015-01-02,2019-10-01,2019-10-02,4780,2019-10-03,2022-02-15,2392,window_5y,hybrid,hist_gradient_boosting,2
0,3,pooled_auc,0.48863261224172755,"{""model__early_stopping"": false, ""model__max_iter"": 100, ""model__max_leaf_nodes"": 7}",0.48863261224172755,0.4884923547163611,5,2017-02-16,2022-02-14,2022-02-15,5032,2022-02-16,2024-07-10,2404,window_5y,hybrid,hist_gradient_boosting,2
1,1,pooled_auc,0.4936499363450484,"{""model__early_stopping"": false, ""model__max_iter"": 100, ""model__max_leaf_nodes"": 15}",0.4936499363450484,0.5042667418788573,5,2015-01-02,2017-05-16,2017-05-17,2388,2017-05-18,2019-10-02,2392,window_5y,hybrid,hist_gradient_boosting,2
1,2,pooled_auc,0.5250559597485985,"{""model__early_stopping"": false, ""model__max_iter"": 100, ""model__max_leaf_nodes"": 15}",0.5250559597485985,0.5252309813870324,5,2015-01-02,2019-10-01,2019-10-02,4780,2019-10-03,2022-02-15,2392,window_5y,hybrid,hist_gradient_boosting,2
1,3,pooled_auc,0.49354596196098444,"{""model__early_stopping"": false, ""model__max_iter"": 100, ""model__max_leaf_nodes"": 15}",0.49354596196098444,0.49395147336163503,5,2017-02-16,2022-02-14,2022-02-15,5032,2022-02-16,2024-07-10,2404,window_5y,hybrid,hist_gradient_boosting,2
0,1,pooled_auc,0.5124577825631026,"{""model__C"": 0.1}",0.5124577825631026,0.5348190877417834,5,2015-01-02,2017-05-16,2017-05-17,2388,2017-05-18,2019-10-02,2392,window_5y,lag_1,logistic_regression,2
0,2,pooled_auc,0.5357533979098927,"{""model__C"": 0.1}",0.5357533979098927,0.5376029135094392,5,2015-01-02,2019-10-01,2019-10-02,4780,2019-10-03,2022-02-15,2392,window_5y,lag_1,logistic_regression,2
0,3,pooled_auc,0.49791800750127607,"{""model__C"": 0.1}",0.49791800750127607,0.4989867075763255,5,2017-02-16,2022-02-14,2022-02-15,5032,2022-02-16,2024-07-10,2404,window_5y,lag_1,logistic_regression,2
1,1,pooled_auc,0.5111327775653998,"{""model__C"": 10.0}",0.5111327775653998,0.5338265973755357,5,2015-01-02,2017-05-16,2017-05-17,2388,2017-05-18,2019-10-02,2392,window_5y,lag_1,logistic_regression,2
1,2,pooled_auc,0.5340682383503264,"{""model__C"": 10.0}",0.5340682383503264,0.5367843936837027,5,2015-01-02,2019-10-01,2019-10-02,4780,2019-10-03,2022-02-15,2392,window_5y,lag_1,logistic_regression,2
1,3,pooled_auc,0.4987287500832242,"{""model__C"": 10.0}",0.4987287500832242,0.49925853199010617,5,2017-02-16,2022-02-14,2022-02-15,5032,2022-02-16,2024-07-10,2404,window_5y,lag_1,logistic_regression,2
0,1,pooled_auc,0.4877642206564702,"{""model__max_depth"": 4, ""model__min_samples_leaf"": 20, ""model__n_estimators"": 100}",0.4877642206564702,0.5065172532215396,5,2015-01-02,2017-05-16,2017-05-17,2388,2017-05-18,2019-10-02,2392,window_5y,lag_1,random_forest,2
0,2,pooled_auc,0.5320229838219023,"{""model__max_depth"": 4, ""model__min_samples_leaf"": 20, ""model__n_estimators"": 100}",0.5320229838219023,0.5300719129991565,5,2015-01-02,2019-10-01,2019-10-02,4780,2019-10-03,2022-02-15,2392,window_5y,lag_1,random_forest,2
0,3,pooled_auc,0.48997980425664134,"{""model__max_depth"": 4, ""model__min_samples_leaf"": 20, ""model__n_estimators"": 100}",0.48997980425664134,0.4912185500366013,5,2017-02-16,2022-02-14,2022-02-15,5032,2022-02-16,2024-07-10,2404,window_5y,lag_1,random_forest,2
1,1,pooled_auc,0.5044986339612318,"{""model__max_depth"": 8, ""model__min_samples_leaf"": 20, ""model__n_estimators"": 100}",0.5044986339612318,0.5179757266648942,5,2015-01-02,2017-05-16,2017-05-17,2388,2017-05-18,2019-10-02,2392,window_5y,lag_1,random_forest,2
1,2,pooled_auc,0.5233269379334935,"{""model__max_depth"": 8, ""model__min_samples_leaf"": 20, ""model__n_estimators"": 100}",0.5233269379334935,0.5226733778777038,5,2015-01-02,2019-10-01,2019-10-02,4780,2019-10-03,2022-02-15,2392,window_5y,lag_1,random_forest,2
1,3,pooled_auc,0.4944253645220711,"{""model__max_depth"": 8, ""model__min_samples_leaf"": 20, ""model__n_estimators"": 100}",0.4944253645220711,0.4949317337682986,5,2017-02-16,2022-02-14,2022-02-15,5032,2022-02-16,2024-07-10,2404,window_5y,lag_1,random_forest,2
0,1,pooled_auc,0.4966608330907548,"{""model__early_stopping"": false, ""model__max_iter"": 100, ""model__max_leaf_nodes"": 7}",0.4966608330907548,0.5082920135083159,5,2015-01-02,2017-05-16,2017-05-17,2388,2017-05-18,2019-10-02,2392,window_5y,lag_1,hist_gradient_boosting,2
0,2,pooled_auc,0.5184179025918348,"{""model__early_stopping"": false, ""model__max_iter"": 100, ""model__max_leaf_nodes"": 7}",0.5184179025918348,0.5168371571715004,5,2015-01-02,2019-10-01,2019-10-02,4780,2019-10-03,2022-02-15,2392,window_5y,lag_1,hist_gradient_boosting,2
0,3,pooled_auc,0.48179643633902214,"{""model__early_stopping"": false, ""model__max_iter"": 100, ""model__max_leaf_nodes"": 7}",0.48179643633902214,0.48295037800372265,5,2017-02-16,2022-02-14,2022-02-15,5032,2022-02-16,2024-07-10,2404,window_5y,lag_1,hist_gradient_boosting,2
1,1,pooled_auc,0.49820503558013685,"{""model__early_stopping"": false, ""model__max_iter"": 100, ""model__max_leaf_nodes"": 15}",0.49820503558013685,0.5074414665293329,5,2015-01-02,2017-05-16,2017-05-17,2388,2017-05-18,2019-10-02,2392,window_5y,lag_1,hist_gradient_boosting,2
1,2,pooled_auc,0.5137370217245507,"{""model__early_stopping"": false, ""model__max_iter"": 100, ""model__max_leaf_nodes"": 15}",0.5137370217245507,0.5134837903334921,5,2015-01-02,2019-10-01,2019-10-02,4780,2019-10-03,2022-02-15,2392,window_5y,lag_1,hist_gradient_boosting,2
1,3,pooled_auc,0.48922974599968927,"{""model__early_stopping"": false, ""model__max_iter"": 100, ""model__max_leaf_nodes"": 15}",0.48922974599968927,0.48898173713463833,5,2017-02-16,2022-02-14,2022-02-15,5032,2022-02-16,2024-07-10,2404,window_5y,lag_1,hist_gradient_boosting,2
0,1,pooled_auc,0.4969155289817759,"{""model__C"": 0.1}",0.4969155289817759,0.5162157148249105,5,2015-01-02,2017-07-21,2017-07-24,2572,2017-07-25,2020-02-13,2576,window_5y,base,logistic_regression,3
0,2,pooled_auc,0.5269627999226006,"{""model__C"": 0.1}",0.5269627999226006,0.5270935107891428,5,2015-02-17,2020-02-12,2020-02-13,5028,2020-02-14,2022-09-02,2576,window_5y,base,logistic_regression,3
0,3,pooled_auc,0.49664938813871407,"{""model__C"": 0.1}",0.49664938813871407,0.49118754782624896,5,2017-09-06,2022-09-01,2022-09-02,5028,2022-09-06,2025-04-03,2588,window_5y,base,logistic_regression,3
1,1,pooled_auc,0.497421975407932,"{""model__C"": 10.0}",0.497421975407932,0.5169011534393303,5,2015-01-02,2017-07-21,2017-07-24,2572,2017-07-25,2020-02-13,2576,window_5y,base,logistic_regression,3
1,2,pooled_auc,0.5268467008513932,"{""model__C"": 10.0}",0.5268467008513932,0.5262840153041011,5,2015-02-17,2020-02-12,2020-02-13,5028,2020-02-14,2022-09-02,2576,window_5y,base,logistic_regression,3
1,3,pooled_auc,0.49799862379162185,"{""model__C"": 10.0}",0.49799862379162185,0.4920156355390175,5,2017-09-06,2022-09-01,2022-09-02,5028,2022-09-06,2025-04-03,2588,window_5y,base,logistic_regression,3
0,1,pooled_auc,0.5007302532899305,"{""model__max_depth"": 4, ""model__min_samples_leaf"": 20, ""model__n_estimators"": 100}",0.5007302532899305,0.5134061837968491,5,2015-01-02,2017-07-21,2017-07-24,2572,2017-07-25,2020-02-13,2576,window_5y,base,random_forest,3
0,2,pooled_auc,0.52456886126161,"{""model__max_depth"": 4, ""model__min_samples_leaf"": 20, ""model__n_estimators"": 100}",0.52456886126161,0.5255289688075369,5,2015-02-17,2020-02-12,2020-02-13,5028,2020-02-14,2022-09-02,2576,window_5y,base,random_forest,3
0,3,pooled_auc,0.4927686123791622,"{""model__max_depth"": 4, ""model__min_samples_leaf"": 20, ""model__n_estimators"": 100}",0.4927686123791622,0.4896678849679745,5,2017-09-06,2022-09-01,2022-09-02,5028,2022-09-06,2025-04-03,2588,window_5y,base,random_forest,3
1,1,pooled_auc,0.49983381278950084,"{""model__max_depth"": 8, ""model__min_samples_leaf"": 20, ""model__n_estimators"": 100}",0.49983381278950084,0.5120245703222963,5,2015-01-02,2017-07-21,2017-07-24,2572,2017-07-25,2020-02-13,2576,window_5y,base,random_forest,3
1,2,pooled_auc,0.5237749129256966,"{""model__max_depth"": 8, ""model__min_samples_leaf"": 20, ""model__n_estimators"": 100}",0.5237749129256966,0.5239977960775791,5,2015-02-17,2020-02-12,2020-02-13,5028,2020-02-14,2022-09-02,2576,window_5y,base,random_forest,3
1,3,pooled_auc,0.5000131866656438,"{""model__max_depth"": 8, ""model__min_samples_leaf"": 20, ""model__n_estimators"": 100}",0.5000131866656438,0.4979667597071158,5,2017-09-06,2022-09-01,2022-09-02,5028,2022-09-06,2025-04-03,2588,window_5y,base,random_forest,3
0,1,pooled_auc,0.49859104784675357,"{""model__early_stopping"": false, ""model__max_iter"": 100, ""model__max_leaf_nodes"": 7}",0.49859104784675357,0.5066691873381175,5,2015-01-02,2017-07-21,2017-07-24,2572,2017-07-25,2020-02-13,2576,window_5y,base,hist_gradient_boosting,3
0,2,pooled_auc,0.5258973490712073,"{""model__early_stopping"": false, ""model__max_iter"": 100, ""model__max_leaf_nodes"": 7}",0.5258973490712073,0.5262612034349562,5,2015-02-17,2020-02-12,2020-02-13,5028,2020-02-14,2022-09-02,2576,window_5y,base,hist_gradient_boosting,3
0,3,pooled_auc,0.4700129229323308,"{""model__early_stopping"": false, ""model__max_iter"": 100, ""model__max_leaf_nodes"": 7}",0.4700129229323308,0.46944636636754566,5,2017-09-06,2022-09-01,2022-09-02,5028,2022-09-06,2025-04-03,2588,window_5y,base,hist_gradient_boosting,3
1,1,pooled_auc,0.5059991156899529,"{""model__early_stopping"": false, ""model__max_iter"": 100, ""model__max_leaf_nodes"": 15}",0.5059991156899529,0.5133909834652584,5,2015-01-02,2017-07-21,2017-07-24,2572,2017-07-25,2020-02-13,2576,window_5y,base,hist_gradient_boosting,3
1,2,pooled_auc,0.5288584800696594,"{""model__early_stopping"": false, ""model__max_iter"": 100, ""model__max_leaf_nodes"": 15}",0.5288584800696594,0.5293175233132688,5,2015-02-17,2020-02-12,2020-02-13,5028,2020-02-14,2022-09-02,2576,window_5y,base,hist_gradient_boosting,3
1,3,pooled_auc,0.4891791420515575,"{""model__early_stopping"": false, ""model__max_iter"": 100, ""model__max_leaf_nodes"": 15}",0.4891791420515575,0.48645158296800245,5,2017-09-06,2022-09-01,2022-09-02,5028,2022-09-06,2025-04-03,2588,window_5y,base,hist_gradient_boosting,3
0,1,pooled_auc,0.5033810606019252,"{""model__C"": 0.1}",0.5033810606019252,0.51667916780725,5,2015-01-02,2017-07-21,2017-07-24,2572,2017-07-25,2020-02-13,2576,window_5y,hybrid,logistic_regression,3
0,2,pooled_auc,0.5200301131965944,"{""model__C"": 0.1}",0.5200301131965944,0.5198634524254938,5,2015-02-17,2020-02-12,2020-02-13,5028,2020-02-14,2022-09-02,2576,window_5y,hybrid,logistic_regression,3
0,3,pooled_auc,0.5036437154749118,"{""model__C"": 0.1}",0.5036437154749118,0.5059081580221936,5,2017-09-06,2022-09-01,2022-09-02,5028,2022-09-06,2025-04-03,2588,window_5y,hybrid,logistic_regression,3
1,1,pooled_auc,0.5055421008610802,"{""model__C"": 10.0}",0.5055421008610802,0.5187349558729663,5,2015-01-02,2017-07-21,2017-07-24,2572,2017-07-25,2020-02-13,2576,window_5y,hybrid,logistic_regression,3
1,2,pooled_auc,0.5193298906733745,"{""model__C"": 10.0}",0.5193298906733745,0.5189747348255986,5,2015-02-17,2020-02-12,2020-02-13,5028,2020-02-14,2022-09-02,2576,window_5y,hybrid,logistic_regression,3
1,3,pooled_auc,0.5040638905938315,"{""model__C"": 10.0}",0.5040638905938315,0.506237181217618,5,2017-09-06,2022-09-01,2022-09-02,5028,2022-09-06,2025-04-03,2588,window_5y,hybrid,logistic_regression,3
0,1,pooled_auc,0.49704926722964105,"{""model__max_depth"": 4, ""model__min_samples_leaf"": 20, ""model__n_estimators"": 100}",0.49704926722964105,0.5145532632082532,5,2015-01-02,2017-07-21,2017-07-24,2572,2017-07-25,2020-02-13,2576,window_5y,hybrid,random_forest,3
0,2,pooled_auc,0.5180745694659443,"{""model__max_depth"": 4, ""model__min_samples_leaf"": 20, ""model__n_estimators"": 100}",0.5180745694659443,0.51816352226137,5,2015-02-17,2020-02-12,2020-02-13,5028,2020-02-14,2022-09-02,2576,window_5y,hybrid,random_forest,3
0,3,pooled_auc,0.4939191489565751,"{""model__max_depth"": 4, ""model__min_samples_leaf"": 20, ""model__n_estimators"": 100}",0.4939191489565751,0.4964413163606881,5,2017-09-06,2022-09-01,2022-09-02,5028,2022-09-06,2025-04-03,2588,window_5y,hybrid,random_forest,3
1,1,pooled_auc,0.49621317573448376,"{""model__max_depth"": 8, ""model__min_samples_leaf"": 20, ""model__n_estimators"": 100}",0.49621317573448376,0.5093774861254008,5,2015-01-02,2017-07-21,2017-07-24,2572,2017-07-25,2020-02-13,2576,window_5y,hybrid,random_forest,3
1,2,pooled_auc,0.5207527089783281,"{""model__max_depth"": 8, ""model__min_samples_leaf"": 20, ""model__n_estimators"": 100}",0.5207527089783281,0.5202902328199542,5,2015-02-17,2020-02-12,2020-02-13,5028,2020-02-14,2022-09-02,2576,window_5y,hybrid,random_forest,3
1,3,pooled_auc,0.5016501313871413,"{""model__max_depth"": 8, ""model__min_samples_leaf"": 20, ""model__n_estimators"": 100}",0.5016501313871413,0.50512465758384,5,2017-09-06,2022-09-01,2022-09-02,5028,2022-09-06,2025-04-03,2588,window_5y,hybrid,random_forest,3
0,1,pooled_auc,0.5057022228449188,"{""model__early_stopping"": false, ""model__max_iter"": 100, ""model__max_leaf_nodes"": 7}",0.5057022228449188,0.5152509823942331,5,2015-01-02,2017-07-21,2017-07-24,2572,2017-07-25,2020-02-13,2576,window_5y,hybrid,hist_gradient_boosting,3
0,2,pooled_auc,0.5258009021865325,"{""model__early_stopping"": false, ""model__max_iter"": 100, ""model__max_leaf_nodes"": 7}",0.5258009021865325,0.5244059011655275,5,2015-02-17,2020-02-12,2020-02-13,5028,2020-02-14,2022-09-02,2576,window_5y,hybrid,hist_gradient_boosting,3
0,3,pooled_auc,0.4938693992634648,"{""model__early_stopping"": false, ""model__max_iter"": 100, ""model__max_leaf_nodes"": 7}",0.4938693992634648,0.4943810107596514,5,2017-09-06,2022-09-01,2022-09-02,5028,2022-09-06,2025-04-03,2588,window_5y,hybrid,hist_gradient_boosting,3
1,1,pooled_auc,0.5033983464979078,"{""model__early_stopping"": false, ""model__max_iter"": 100, ""model__max_leaf_nodes"": 15}",0.5033983464979078,0.5112977821074469,5,2015-01-02,2017-07-21,2017-07-24,2572,2017-07-25,2020-02-13,2576,window_5y,hybrid,hist_gradient_boosting,3
1,2,pooled_auc,0.5202121226780185,"{""model__early_stopping"": false, ""model__max_iter"": 100, ""model__max_leaf_nodes"": 15}",0.5202121226780185,0.5198629711541293,5,2015-02-17,2020-02-12,2020-02-13,5028,2020-02-14,2022-09-02,2576,window_5y,hybrid,hist_gradient_boosting,3
1,3,pooled_auc,0.4942203443877551,"{""model__early_stopping"": false, ""model__max_iter"": 100, ""model__max_leaf_nodes"": 15}",0.4942203443877551,0.49579261302445976,5,2017-09-06,2022-09-01,2022-09-02,5028,2022-09-06,2025-04-03,2588,window_5y,hybrid,hist_gradient_boosting,3
0,1,pooled_auc,0.5035126760204592,"{""model__C"": 0.1}",0.5035126760204592,0.516493012867572,5,2015-01-02,2017-07-21,2017-07-24,2572,2017-07-25,2020-02-13,2576,window_5y,lag_1,logistic_regression,3
0,2,pooled_auc,0.5208349458204334,"{""model__C"": 0.1}",0.5208349458204334,0.520545081477241,5,2015-02-17,2020-02-12,2020-02-13,5028,2020-02-14,2022-09-02,2576,window_5y,lag_1,logistic_regression,3
0,3,pooled_auc,0.5027110585775664,"{""model__C"": 0.1}",0.5027110585775664,0.5057512643238785,5,2017-09-06,2022-09-01,2022-09-02,5028,2022-09-06,2025-04-03,2588,window_5y,lag_1,logistic_regression,3
1,1,pooled_auc,0.5055572639277316,"{""model__C"": 10.0}",0.5055572639277316,0.5184666745388453,5,2015-01-02,2017-07-21,2017-07-24,2572,2017-07-25,2020-02-13,2576,window_5y,lag_1,logistic_regression,3
1,2,pooled_auc,0.519992622871517,"{""model__C"": 10.0}",0.519992622871517,0.5196274143497802,5,2015-02-17,2020-02-12,2020-02-13,5028,2020-02-14,2022-09-02,2576,window_5y,lag_1,logistic_regression,3
1,3,pooled_auc,0.5029574094675464,"{""model__C"": 10.0}",0.5029574094675464,0.506027752691806,5,2017-09-06,2022-09-01,2022-09-02,5028,2022-09-06,2025-04-03,2588,window_5y,lag_1,logistic_regression,3
0,1,pooled_auc,0.4958065022868937,"{""model__max_depth"": 4, ""model__min_samples_leaf"": 20, ""model__n_estimators"": 100}",0.4958065022868937,0.5103345775032664,5,2015-01-02,2017-07-21,2017-07-24,2572,2017-07-25,2020-02-13,2576,window_5y,lag_1,random_forest,3
0,2,pooled_auc,0.5164183436532508,"{""model__max_depth"": 4, ""model__min_samples_leaf"": 20, ""model__n_estimators"": 100}",0.5164183436532508,0.5157086564508914,5,2015-02-17,2020-02-12,2020-02-13,5028,2020-02-14,2022-09-02,2576,window_5y,lag_1,random_forest,3
0,3,pooled_auc,0.49647676269756025,"{""model__max_depth"": 4, ""model__min_samples_leaf"": 20, ""model__n_estimators"": 100}",0.49647676269756025,0.49952459578188835,5,2017-09-06,2022-09-01,2022-09-02,5028,2022-09-06,2025-04-03,2588,window_5y,lag_1,random_forest,3
1,1,pooled_auc,0.5017106971796089,"{""model__max_depth"": 8, ""model__min_samples_leaf"": 20, ""model__n_estimators"": 100}",0.5017106971796089,0.5138939390471975,5,2015-01-02,2017-07-21,2017-07-24,2572,2017-07-25,2020-02-13,2576,window_5y,lag_1,random_forest,3
1,2,pooled_auc,0.514210647252322,"{""model__max_depth"": 8, ""model__min_samples_leaf"": 20, ""model__n_estimators"": 100}",0.514210647252322,0.5123667468262395,5,2015-02-17,2020-02-12,2020-02-13,5028,2020-02-14,2022-09-02,2576,window_5y,lag_1,random_forest,3
1,3,pooled_auc,0.4958605857756637,"{""model__max_depth"": 8, ""model__min_samples_leaf"": 20, ""model__n_estimators"": 100}",0.4958605857756637,0.497889134575729,5,2017-09-06,2022-09-01,2022-09-02,5028,2022-09-06,2025-04-03,2588,window_5y,lag_1,random_forest,3
0,1,pooled_auc,0.497542370157144,"{""model__early_stopping"": false, ""model__max_iter"": 100, ""model__max_leaf_nodes"": 7}",0.497542370157144,0.507474625224586,5,2015-01-02,2017-07-21,2017-07-24,2572,2017-07-25,2020-02-13,2576,window_5y,lag_1,hist_gradient_boosting,3
0,2,pooled_auc,0.521500096749226,"{""model__early_stopping"": false, ""model__max_iter"": 100, ""model__max_leaf_nodes"": 7}",0.521500096749226,0.5210468205370241,5,2015-02-17,2020-02-12,2020-02-13,5028,2020-02-14,2022-09-02,2576,window_5y,lag_1,hist_gradient_boosting,3
0,3,pooled_auc,0.49217431333435624,"{""model__early_stopping"": false, ""model__max_iter"": 100, ""model__max_leaf_nodes"": 7}",0.49217431333435624,0.49346917241524996,5,2017-09-06,2022-09-01,2022-09-02,5028,2022-09-06,2025-04-03,2588,window_5y,lag_1,hist_gradient_boosting,3
1,1,pooled_auc,0.5021947022671212,"{""model__early_stopping"": false, ""model__max_iter"": 100, ""model__max_leaf_nodes"": 15}",0.5021947022671212,0.5110550068386617,5,2015-01-02,2017-07-21,2017-07-24,2572,2017-07-25,2020-02-13,2576,window_5y,lag_1,hist_gradient_boosting,3
1,2,pooled_auc,0.5218459752321982,"{""model__early_stopping"": false, ""model__max_iter"": 100, ""model__max_leaf_nodes"": 15}",0.5218459752321982,0.5215913924551271,5,2015-02-17,2020-02-12,2020-02-13,5028,2020-02-14,2022-09-02,2576,window_5y,lag_1,hist_gradient_boosting,3
1,3,pooled_auc,0.4929550238798527,"{""model__early_stopping"": false, ""model__max_iter"": 100, ""model__max_leaf_nodes"": 15}",0.4929550238798527,0.4942191285643951,5,2017-09-06,2022-09-01,2022-09-02,5028,2022-09-06,2025-04-03,2588,window_5y,lag_1,hist_gradient_boosting,3
0,1,pooled_auc,0.4937573934275518,"{""model__C"": 0.1}",0.4937573934275518,0.5196821062536762,all,2015-01-02,2017-03-10,2017-03-13,2204,2017-03-14,2019-05-22,2208,enhanced,base,logistic_regression,1
0,2,pooled_auc,0.5408604668154524,"{""model__C"": 0.1}",0.5408604668154524,0.540907658811572,all,2015-01-02,2019-05-21,2019-05-22,4412,2019-05-23,2021-07-30,2208,enhanced,base,logistic_regression,1
0,3,pooled_auc,0.4699820934662353,"{""model__C"": 0.1}",0.4699820934662353,0.47158222515767884,all,2015-01-02,2021-07-29,2021-07-30,6620,2021-08-02,2023-10-12,2216,enhanced,base,logistic_regression,1
1,1,pooled_auc,0.4926798888885227,"{""model__C"": 10.0}",0.4926798888885227,0.5179163919174202,all,2015-01-02,2017-03-10,2017-03-13,2204,2017-03-14,2019-05-22,2208,enhanced,base,logistic_regression,1
1,2,pooled_auc,0.5360324007651841,"{""model__C"": 10.0}",0.5360324007651841,0.5344524075230075,all,2015-01-02,2019-05-21,2019-05-22,4412,2019-05-23,2021-07-30,2208,enhanced,base,logistic_regression,1
1,3,pooled_auc,0.4695491076088091,"{""model__C"": 10.0}",0.4695491076088091,0.4714452783446539,all,2015-01-02,2021-07-29,2021-07-30,6620,2021-08-02,2023-10-12,2216,enhanced,base,logistic_regression,1
0,1,pooled_auc,0.48726476955571885,"{""model__max_depth"": 4, ""model__min_samples_leaf"": 20, ""model__n_estimators"": 100}",0.48726476955571885,0.5003100131421513,all,2015-01-02,2017-03-10,2017-03-13,2204,2017-03-14,2019-05-22,2208,enhanced,base,random_forest,1
0,2,pooled_auc,0.5302918592911419,"{""model__max_depth"": 4, ""model__min_samples_leaf"": 20, ""model__n_estimators"": 100}",0.5302918592911419,0.5313677038100371,all,2015-01-02,2019-05-21,2019-05-22,4412,2019-05-23,2021-07-30,2208,enhanced,base,random_forest,1
0,3,pooled_auc,0.4806648575305291,"{""model__max_depth"": 4, ""model__min_samples_leaf"": 20, ""model__n_estimators"": 100}",0.4806648575305291,0.4812051439303986,all,2015-01-02,2021-07-29,2021-07-30,6620,2021-08-02,2023-10-12,2216,enhanced,base,random_forest,1
1,1,pooled_auc,0.49189317877019495,"{""model__max_depth"": 8, ""model__min_samples_leaf"": 20, ""model__n_estimators"": 100}",0.49189317877019495,0.5051070965924371,all,2015-01-02,2017-03-10,2017-03-13,2204,2017-03-14,2019-05-22,2208,enhanced,base,random_forest,1
1,2,pooled_auc,0.5208466177799033,"{""model__max_depth"": 8, ""model__min_samples_leaf"": 20, ""model__n_estimators"": 100}",0.5208466177799033,0.5220910620959935,all,2015-01-02,2019-05-21,2019-05-22,4412,2019-05-23,2021-07-30,2208,enhanced,base,random_forest,1
1,3,pooled_auc,0.49588704206241524,"{""model__max_depth"": 8, ""model__min_samples_leaf"": 20, ""model__n_estimators"": 100}",0.49588704206241524,0.49630558692228866,all,2015-01-02,2021-07-29,2021-07-30,6620,2021-08-02,2023-10-12,2216,enhanced,base,random_forest,1
0,1,pooled_auc,0.5046753646875073,"{""model__early_stopping"": false, ""model__max_iter"": 100, ""model__max_leaf_nodes"": 7}",0.5046753646875073,0.5139844657118326,all,2015-01-02,2017-03-10,2017-03-13,2204,2017-03-14,2019-05-22,2208,enhanced,base,hist_gradient_boosting,1
0,2,pooled_auc,0.5187941707848451,"{""model__early_stopping"": false, ""model__max_iter"": 100, ""model__max_leaf_nodes"": 7}",0.5187941707848451,0.5182494451641424,all,2015-01-02,2019-05-21,2019-05-22,4412,2019-05-23,2021-07-30,2208,enhanced,base,hist_gradient_boosting,1
0,3,pooled_auc,0.48652647492432943,"{""model__early_stopping"": false, ""model__max_iter"": 100, ""model__max_leaf_nodes"": 7}",0.48652647492432943,0.48766037166764,all,2015-01-02,2021-07-29,2021-07-30,6620,2021-08-02,2023-10-12,2216,enhanced,base,hist_gradient_boosting,1
1,1,pooled_auc,0.4984529407306601,"{""model__early_stopping"": false, ""model__max_iter"": 100, ""model__max_leaf_nodes"": 15}",0.4984529407306601,0.5087452686225127,all,2015-01-02,2017-03-10,2017-03-13,2204,2017-03-14,2019-05-22,2208,enhanced,base,hist_gradient_boosting,1
1,2,pooled_auc,0.5255576146447738,"{""model__early_stopping"": false, ""model__max_iter"": 100, ""model__max_leaf_nodes"": 15}",0.5255576146447738,0.5252684974535555,all,2015-01-02,2019-05-21,2019-05-22,4412,2019-05-23,2021-07-30,2208,enhanced,base,hist_gradient_boosting,1
1,3,pooled_auc,0.48804885646070345,"{""model__early_stopping"": false, ""model__max_iter"": 100, ""model__max_leaf_nodes"": 15}",0.48804885646070345,0.4903326971073029,all,2015-01-02,2021-07-29,2021-07-30,6620,2021-08-02,2023-10-12,2216,enhanced,base,hist_gradient_boosting,1
0,1,pooled_auc,0.5043124894968021,"{""model__C"": 0.1}",0.5043124894968021,0.5236764575226031,all,2015-01-02,2017-03-10,2017-03-13,2204,2017-03-14,2019-05-22,2208,enhanced,hybrid,logistic_regression,1
0,2,pooled_auc,0.5273825654923215,"{""model__C"": 0.1}",0.5273825654923215,0.5295864861320734,all,2015-01-02,2019-05-21,2019-05-22,4412,2019-05-23,2021-07-30,2208,enhanced,hybrid,logistic_regression,1
0,3,pooled_auc,0.4996387707441812,"{""model__C"": 0.1}",0.4996387707441812,0.5000762307648094,all,2015-01-02,2021-07-29,2021-07-30,6620,2021-08-02,2023-10-12,2216,enhanced,hybrid,logistic_regression,1
1,1,pooled_auc,0.5032020337486284,"{""model__C"": 10.0}",0.5032020337486284,0.5218318814961911,all,2015-01-02,2017-03-10,2017-03-13,2204,2017-03-14,2019-05-22,2208,enhanced,hybrid,logistic_regression,1
1,2,pooled_auc,0.5234304426377596,"{""model__C"": 10.0}",0.5234304426377596,0.5257352461425184,all,2015-01-02,2019-05-21,2019-05-22,4412,2019-05-23,2021-07-30,2208,enhanced,hybrid,logistic_regression,1
1,3,pooled_auc,0.5015900610583447,"{""model__C"": 10.0}",0.5015900610583447,0.502292252350726,all,2015-01-02,2021-07-29,2021-07-30,6620,2021-08-02,2023-10-12,2216,enhanced,hybrid,logistic_regression,1
0,1,pooled_auc,0.5051980532425637,"{""model__max_depth"": 4, ""model__min_samples_leaf"": 20, ""model__n_estimators"": 100}",0.5051980532425637,0.5204396961392113,all,2015-01-02,2017-03-10,2017-03-13,2204,2017-03-14,2019-05-22,2208,enhanced,hybrid,random_forest,1
0,2,pooled_auc,0.5397794449758223,"{""model__max_depth"": 4, ""model__min_samples_leaf"": 20, ""model__n_estimators"": 100}",0.5397794449758223,0.53819744664786,all,2015-01-02,2019-05-21,2019-05-22,4412,2019-05-23,2021-07-30,2208,enhanced,hybrid,random_forest,1
0,3,pooled_auc,0.494064587464774,"{""model__max_depth"": 4, ""model__min_samples_leaf"": 20, ""model__n_estimators"": 100}",0.494064587464774,0.4939792451543581,all,2015-01-02,2021-07-29,2021-07-30,6620,2021-08-02,2023-10-12,2216,enhanced,hybrid,random_forest,1
1,1,pooled_auc,0.5030240972192475,"{""model__max_depth"": 8, ""model__min_samples_leaf"": 20, ""model__n_estimators"": 100}",0.5030240972192475,0.515276974996272,all,2015-01-02,2017-03-10,2017-03-13,2204,2017-03-14,2019-05-22,2208,enhanced,hybrid,random_forest,1
1,2,pooled_auc,0.530893810776343,"{""model__max_depth"": 8, ""model__min_samples_leaf"": 20, ""model__n_estimators"": 100}",0.530893810776343,0.5289537431950484,all,2015-01-02,2019-05-21,2019-05-22,4412,2019-05-23,2021-07-30,2208,enhanced,hybrid,random_forest,1
1,3,pooled_auc,0.5050637329088822,"{""model__max_depth"": 8, ""model__min_samples_leaf"": 20, ""model__n_estimators"": 100}",0.5050637329088822,0.505081518784369,all,2015-01-02,2021-07-29,2021-07-30,6620,2021-08-02,2023-10-12,2216,enhanced,hybrid,random_forest,1
0,1,pooled_auc,0.5047107872373376,"{""model__early_stopping"": false, ""model__max_iter"": 100, ""model__max_leaf_nodes"": 7}",0.5047107872373376,0.5122210464034367,all,2015-01-02,2017-03-10,2017-03-13,2204,2017-03-14,2019-05-22,2208,enhanced,hybrid,hist_gradient_boosting,1
0,2,pooled_auc,0.529176380918221,"{""model__early_stopping"": false, ""model__max_iter"": 100, ""model__max_leaf_nodes"": 7}",0.529176380918221,0.5298601473675013,all,2015-01-02,2019-05-21,2019-05-22,4412,2019-05-23,2021-07-30,2208,enhanced,hybrid,hist_gradient_boosting,1
0,3,pooled_auc,0.4769852931583342,"{""model__early_stopping"": false, ""model__max_iter"": 100, ""model__max_leaf_nodes"": 7}",0.4769852931583342,0.47640012317018143,all,2015-01-02,2021-07-29,2021-07-30,6620,2021-08-02,2023-10-12,2216,enhanced,hybrid,hist_gradient_boosting,1
1,1,pooled_auc,0.505139564846332,"{""model__early_stopping"": false, ""model__max_iter"": 100, ""model__max_leaf_nodes"": 15}",0.505139564846332,0.5113333985592796,all,2015-01-02,2017-03-10,2017-03-13,2204,2017-03-14,2019-05-22,2208,enhanced,hybrid,hist_gradient_boosting,1
1,2,pooled_auc,0.5219757957383495,"{""model__early_stopping"": false, ""model__max_iter"": 100, ""model__max_leaf_nodes"": 15}",0.5219757957383495,0.5213260999162276,all,2015-01-02,2019-05-21,2019-05-22,4412,2019-05-23,2021-07-30,2208,enhanced,hybrid,hist_gradient_boosting,1
1,3,pooled_auc,0.49345261781129324,"{""model__early_stopping"": false, ""model__max_iter"": 100, ""model__max_leaf_nodes"": 15}",0.49345261781129324,0.4934426083672624,all,2015-01-02,2021-07-29,2021-07-30,6620,2021-08-02,2023-10-12,2216,enhanced,hybrid,hist_gradient_boosting,1
0,1,pooled_auc,0.49869513211787303,"{""model__C"": 0.1}",0.49869513211787303,0.5080008670632339,all,2015-01-02,2017-03-10,2017-03-13,2204,2017-03-14,2019-05-22,2208,enhanced,lag_1,logistic_regression,1
0,2,pooled_auc,0.5147822679207185,"{""model__C"": 0.1}",0.5147822679207185,0.5162532842873679,all,2015-01-02,2019-05-21,2019-05-22,4412,2019-05-23,2021-07-30,2208,enhanced,lag_1,logistic_regression,1
0,3,pooled_auc,0.5053752217931322,"{""model__C"": 0.1}",0.5053752217931322,0.5050717375465026,all,2015-01-02,2021-07-29,2021-07-30,6620,2021-08-02,2023-10-12,2216,enhanced,lag_1,logistic_regression,1
1,1,pooled_auc,0.4986069876334112,"{""model__C"": 10.0}",0.4986069876334112,0.5085634203390184,all,2015-01-02,2017-03-10,2017-03-13,2204,2017-03-14,2019-05-22,2208,enhanced,lag_1,logistic_regression,1
1,2,pooled_auc,0.5117160515967905,"{""model__C"": 10.0}",0.5117160515967905,0.5136918413760669,all,2015-01-02,2019-05-21,2019-05-22,4412,2019-05-23,2021-07-30,2208,enhanced,lag_1,logistic_regression,1
1,3,pooled_auc,0.5064760332950632,"{""model__C"": 10.0}",0.5064760332950632,0.5064161595643191,all,2015-01-02,2021-07-29,2021-07-30,6620,2021-08-02,2023-10-12,2216,enhanced,lag_1,logistic_regression,1
0,1,pooled_auc,0.49249000754582695,"{""model__max_depth"": 4, ""model__min_samples_leaf"": 20, ""model__n_estimators"": 100}",0.49249000754582695,0.5049596789838484,all,2015-01-02,2017-03-10,2017-03-13,2204,2017-03-14,2019-05-22,2208,enhanced,lag_1,random_forest,1
0,2,pooled_auc,0.5193886497688507,"{""model__max_depth"": 4, ""model__min_samples_leaf"": 20, ""model__n_estimators"": 100}",0.5193886497688507,0.5169938641393227,all,2015-01-02,2019-05-21,2019-05-22,4412,2019-05-23,2021-07-30,2208,enhanced,lag_1,random_forest,1
0,3,pooled_auc,0.4902541488362384,"{""model__max_depth"": 4, ""model__min_samples_leaf"": 20, ""model__n_estimators"": 100}",0.4902541488362384,0.4897551543781995,all,2015-01-02,2021-07-29,2021-07-30,6620,2021-08-02,2023-10-12,2216,enhanced,lag_1,random_forest,1
1,1,pooled_auc,0.49644950721466724,"{""model__max_depth"": 8, ""model__min_samples_leaf"": 20, ""model__n_estimators"": 100}",0.49644950721466724,0.5066127924916648,all,2015-01-02,2017-03-10,2017-03-13,2204,2017-03-14,2019-05-22,2208,enhanced,lag_1,random_forest,1
1,2,pooled_auc,0.5085385780328391,"{""model__max_depth"": 8, ""model__min_samples_leaf"": 20, ""model__n_estimators"": 100}",0.5085385780328391,0.5066273437099483,all,2015-01-02,2019-05-21,2019-05-22,4412,2019-05-23,2021-07-30,2208,enhanced,lag_1,random_forest,1
1,3,pooled_auc,0.4950765186306231,"{""model__max_depth"": 8, ""model__min_samples_leaf"": 20, ""model__n_estimators"": 100}",0.4950765186306231,0.4947922871321683,all,2015-01-02,2021-07-29,2021-07-30,6620,2021-08-02,2023-10-12,2216,enhanced,lag_1,random_forest,1
0,1,pooled_auc,0.5022662194089212,"{""model__early_stopping"": false, ""model__max_iter"": 100, ""model__max_leaf_nodes"": 7}",0.5022662194089212,0.5094180052654549,all,2015-01-02,2017-03-10,2017-03-13,2204,2017-03-14,2019-05-22,2208,enhanced,lag_1,hist_gradient_boosting,1
0,2,pooled_auc,0.5111037216377066,"{""model__early_stopping"": false, ""model__max_iter"": 100, ""model__max_leaf_nodes"": 7}",0.5111037216377066,0.5101225628131887,all,2015-01-02,2019-05-21,2019-05-22,4412,2019-05-23,2021-07-30,2208,enhanced,lag_1,hist_gradient_boosting,1
0,3,pooled_auc,0.4828725961538462,"{""model__early_stopping"": false, ""model__max_iter"": 100, ""model__max_leaf_nodes"": 7}",0.4828725961538462,0.4814164594223369,all,2015-01-02,2021-07-29,2021-07-30,6620,2021-08-02,2023-10-12,2216,enhanced,lag_1,hist_gradient_boosting,1
1,1,pooled_auc,0.49859627849043925,"{""model__early_stopping"": false, ""model__max_iter"": 100, ""model__max_leaf_nodes"": 15}",0.49859627849043925,0.5046221474725057,all,2015-01-02,2017-03-10,2017-03-13,2204,2017-03-14,2019-05-22,2208,enhanced,lag_1,hist_gradient_boosting,1
1,2,pooled_auc,0.5065704042457091,"{""model__early_stopping"": false, ""model__max_iter"": 100, ""model__max_leaf_nodes"": 15}",0.5065704042457091,0.506792423496666,all,2015-01-02,2019-05-21,2019-05-22,4412,2019-05-23,2021-07-30,2208,enhanced,lag_1,hist_gradient_boosting,1
1,3,pooled_auc,0.4908143395783321,"{""model__early_stopping"": false, ""model__max_iter"": 100, ""model__max_leaf_nodes"": 15}",0.4908143395783321,0.48927864927367565,all,2015-01-02,2021-07-29,2021-07-30,6620,2021-08-02,2023-10-12,2216,enhanced,lag_1,hist_gradient_boosting,1
0,1,pooled_auc,0.49785396887746336,"{""model__C"": 0.1}",0.49785396887746336,0.5254369673615323,all,2015-01-02,2017-05-16,2017-05-17,2388,2017-05-18,2019-10-02,2392,enhanced,base,logistic_regression,2
0,2,pooled_auc,0.5333607826158318,"{""model__C"": 0.1}",0.5333607826158318,0.5342127101052777,all,2015-01-02,2019-10-01,2019-10-02,4780,2019-10-03,2022-02-15,2392,enhanced,base,logistic_regression,2
0,3,pooled_auc,0.47873343838078963,"{""model__C"": 0.1}",0.47873343838078963,0.4785337844962768,all,2015-01-02,2022-02-14,2022-02-15,7172,2022-02-16,2024-07-10,2404,enhanced,base,logistic_regression,2
1,1,pooled_auc,0.49702557771690914,"{""model__C"": 10.0}",0.49702557771690914,0.523222786060269,all,2015-01-02,2017-05-16,2017-05-17,2388,2017-05-18,2019-10-02,2392,enhanced,base,logistic_regression,2
1,2,pooled_auc,0.5324856598722618,"{""model__C"": 10.0}",0.5324856598722618,0.5326811643860809,all,2015-01-02,2019-10-01,2019-10-02,4780,2019-10-03,2022-02-15,2392,enhanced,base,logistic_regression,2
1,3,pooled_auc,0.4791981069264742,"{""model__C"": 10.0}",0.4791981069264742,0.47833281333708777,all,2015-01-02,2022-02-14,2022-02-15,7172,2022-02-16,2024-07-10,2404,enhanced,base,logistic_regression,2
0,1,pooled_auc,0.48879006491752913,"{""model__max_depth"": 4, ""model__min_samples_leaf"": 20, ""model__n_estimators"": 100}",0.48879006491752913,0.505950923034605,all,2015-01-02,2017-05-16,2017-05-17,2388,2017-05-18,2019-10-02,2392,enhanced,base,random_forest,2
0,2,pooled_auc,0.5284736784019424,"{""model__max_depth"": 4, ""model__min_samples_leaf"": 20, ""model__n_estimators"": 100}",0.5284736784019424,0.5283478893086644,all,2015-01-02,2019-10-01,2019-10-02,4780,2019-10-03,2022-02-15,2392,enhanced,base,random_forest,2
0,3,pooled_auc,0.48768697707450237,"{""model__max_depth"": 4, ""model__min_samples_leaf"": 20, ""model__n_estimators"": 100}",0.48768697707450237,0.4878053582509569,all,2015-01-02,2022-02-14,2022-02-15,7172,2022-02-16,2024-07-10,2404,enhanced,base,random_forest,2
1,1,pooled_auc,0.4929141342049795,"{""model__max_depth"": 8, ""model__min_samples_leaf"": 20, ""model__n_estimators"": 100}",0.4929141342049795,0.5083064896687458,all,2015-01-02,2017-05-16,2017-05-17,2388,2017-05-18,2019-10-02,2392,enhanced,base,random_forest,2
1,2,pooled_auc,0.5280477900497765,"{""model__max_depth"": 8, ""model__min_samples_leaf"": 20, ""model__n_estimators"": 100}",0.5280477900497765,0.5286547503244241,all,2015-01-02,2019-10-01,2019-10-02,4780,2019-10-03,2022-02-15,2392,enhanced,base,random_forest,2
1,3,pooled_auc,0.4939371157815309,"{""model__max_depth"": 8, ""model__min_samples_leaf"": 20, ""model__n_estimators"": 100}",0.4939371157815309,0.4945764109228882,all,2015-01-02,2022-02-14,2022-02-15,7172,2022-02-16,2024-07-10,2404,enhanced,base,random_forest,2
0,1,pooled_auc,0.49130154209819343,"{""model__early_stopping"": false, ""model__max_iter"": 100, ""model__max_leaf_nodes"": 7}",0.49130154209819343,0.5026493740748438,all,2015-01-02,2017-05-16,2017-05-17,2388,2017-05-18,2019-10-02,2392,enhanced,base,hist_gradient_boosting,2
0,2,pooled_auc,0.5153231374812878,"{""model__early_stopping"": false, ""model__max_iter"": 100, ""model__max_leaf_nodes"": 7}",0.5153231374812878,0.5151122178662078,all,2015-01-02,2019-10-01,2019-10-02,4780,2019-10-03,2022-02-15,2392,enhanced,base,hist_gradient_boosting,2
0,3,pooled_auc,0.48424045418229433,"{""model__early_stopping"": false, ""model__max_iter"": 100, ""model__max_leaf_nodes"": 7}",0.48424045418229433,0.4846188545558844,all,2015-01-02,2022-02-14,2022-02-15,7172,2022-02-16,2024-07-10,2404,enhanced,base,hist_gradient_boosting,2
1,1,pooled_auc,0.49075126871508185,"{""model__early_stopping"": false, ""model__max_iter"": 100, ""model__max_leaf_nodes"": 15}",0.49075126871508185,0.5006347210229454,all,2015-01-02,2017-05-16,2017-05-17,2388,2017-05-18,2019-10-02,2392,enhanced,base,hist_gradient_boosting,2
1,2,pooled_auc,0.5233796433857133,"{""model__early_stopping"": false, ""model__max_iter"": 100, ""model__max_leaf_nodes"": 15}",0.5233796433857133,0.523968421706866,all,2015-01-02,2019-10-01,2019-10-02,4780,2019-10-03,2022-02-15,2392,enhanced,base,hist_gradient_boosting,2
1,3,pooled_auc,0.4878555061142058,"{""model__early_stopping"": false, ""model__max_iter"": 100, ""model__max_leaf_nodes"": 15}",0.4878555061142058,0.4872570887744743,all,2015-01-02,2022-02-14,2022-02-15,7172,2022-02-16,2024-07-10,2404,enhanced,base,hist_gradient_boosting,2
0,1,pooled_auc,0.5081566017023754,"{""model__C"": 0.1}",0.5081566017023754,0.5268920577664171,all,2015-01-02,2017-05-16,2017-05-17,2388,2017-05-18,2019-10-02,2392,enhanced,hybrid,logistic_regression,2
0,2,pooled_auc,0.5220825232965174,"{""model__C"": 0.1}",0.5220825232965174,0.5234281456973721,all,2015-01-02,2019-10-01,2019-10-02,4780,2019-10-03,2022-02-15,2392,enhanced,hybrid,logistic_regression,2
0,3,pooled_auc,0.5033934674537828,"{""model__C"": 0.1}",0.5033934674537828,0.5041214670070329,all,2015-01-02,2022-02-14,2022-02-15,7172,2022-02-16,2024-07-10,2404,enhanced,hybrid,logistic_regression,2
1,1,pooled_auc,0.5070329076810309,"{""model__C"": 10.0}",0.5070329076810309,0.5232654847935413,all,2015-01-02,2017-05-16,2017-05-17,2388,2017-05-18,2019-10-02,2392,enhanced,hybrid,logistic_regression,2
1,2,pooled_auc,0.5219403246938839,"{""model__C"": 10.0}",0.5219403246938839,0.5233372731871409,all,2015-01-02,2019-10-01,2019-10-02,4780,2019-10-03,2022-02-15,2392,enhanced,hybrid,logistic_regression,2
1,3,pooled_auc,0.5031195210723718,"{""model__C"": 10.0}",0.5031195210723718,0.504118521284559,all,2015-01-02,2022-02-14,2022-02-15,7172,2022-02-16,2024-07-10,2404,enhanced,hybrid,logistic_regression,2
0,1,pooled_auc,0.5123034675289603,"{""model__max_depth"": 4, ""model__min_samples_leaf"": 20, ""model__n_estimators"": 100}",0.5123034675289603,0.5316514675341731,all,2015-01-02,2017-05-16,2017-05-17,2388,2017-05-18,2019-10-02,2392,enhanced,hybrid,random_forest,2
0,2,pooled_auc,0.5315574779486048,"{""model__max_depth"": 4, ""model__min_samples_leaf"": 20, ""model__n_estimators"": 100}",0.5315574779486048,0.5291589172590959,all,2015-01-02,2019-10-01,2019-10-02,4780,2019-10-03,2022-02-15,2392,enhanced,hybrid,random_forest,2
0,3,pooled_auc,0.5030501675580905,"{""model__max_depth"": 4, ""model__min_samples_leaf"": 20, ""model__n_estimators"": 100}",0.5030501675580905,0.5039829493977108,all,2015-01-02,2022-02-14,2022-02-15,7172,2022-02-16,2024-07-10,2404,enhanced,hybrid,random_forest,2
1,1,pooled_auc,0.5087051215055536,"{""model__max_depth"": 8, ""model__min_samples_leaf"": 20, ""model__n_estimators"": 100}",0.5087051215055536,0.5244696421804795,all,2015-01-02,2017-05-16,2017-05-17,2388,2017-05-18,2019-10-02,2392,enhanced,hybrid,random_forest,2
1,2,pooled_auc,0.5186768313906599,"{""model__max_depth"": 8, ""model__min_samples_leaf"": 20, ""model__n_estimators"": 100}",0.5186768313906599,0.5157486990694481,all,2015-01-02,2019-10-01,2019-10-02,4780,2019-10-03,2022-02-15,2392,enhanced,hybrid,random_forest,2
1,3,pooled_auc,0.5072980703078187,"{""model__max_depth"": 8, ""model__min_samples_leaf"": 20, ""model__n_estimators"": 100}",0.5072980703078187,0.5059053257307372,all,2015-01-02,2022-02-14,2022-02-15,7172,2022-02-16,2024-07-10,2404,enhanced,hybrid,random_forest,2
0,1,pooled_auc,0.511821233047266,"{""model__early_stopping"": false, ""model__max_iter"": 100, ""model__max_leaf_nodes"": 7}",0.511821233047266,0.5205494062532977,all,2015-01-02,2017-05-16,2017-05-17,2388,2017-05-18,2019-10-02,2392,enhanced,hybrid,hist_gradient_boosting,2
0,2,pooled_auc,0.5358726042011551,"{""model__early_stopping"": false, ""model__max_iter"": 100, ""model__max_leaf_nodes"": 7}",0.5358726042011551,0.5348184623008295,all,2015-01-02,2019-10-01,2019-10-02,4780,2019-10-03,2022-02-15,2392,enhanced,hybrid,hist_gradient_boosting,2
0,3,pooled_auc,0.5005097483299674,"{""model__early_stopping"": false, ""model__max_iter"": 100, ""model__max_leaf_nodes"": 7}",0.5005097483299674,0.4999011403125103,all,2015-01-02,2022-02-14,2022-02-15,7172,2022-02-16,2024-07-10,2404,enhanced,hybrid,hist_gradient_boosting,2
1,1,pooled_auc,0.5014691492682312,"{""model__early_stopping"": false, ""model__max_iter"": 100, ""model__max_leaf_nodes"": 15}",0.5014691492682312,0.5103264073112427,all,2015-01-02,2017-05-16,2017-05-17,2388,2017-05-18,2019-10-02,2392,enhanced,hybrid,hist_gradient_boosting,2
1,2,pooled_auc,0.5221525614142323,"{""model__early_stopping"": false, ""model__max_iter"": 100, ""model__max_leaf_nodes"": 15}",0.5221525614142323,0.5217559936413728,all,2015-01-02,2019-10-01,2019-10-02,4780,2019-10-03,2022-02-15,2392,enhanced,hybrid,hist_gradient_boosting,2
1,3,pooled_auc,0.500120328347278,"{""model__early_stopping"": false, ""model__max_iter"": 100, ""model__max_leaf_nodes"": 15}",0.500120328347278,0.4996286629730002,all,2015-01-02,2022-02-14,2022-02-15,7172,2022-02-16,2024-07-10,2404,enhanced,hybrid,hist_gradient_boosting,2
0,1,pooled_auc,0.5029702136912506,"{""model__C"": 0.1}",0.5029702136912506,0.5152188461738959,all,2015-01-02,2017-05-16,2017-05-17,2388,2017-05-18,2019-10-02,2392,enhanced,lag_1,logistic_regression,2
0,2,pooled_auc,0.5125629989331567,"{""model__C"": 0.1}",0.5125629989331567,0.51333465875427,all,2015-01-02,2019-10-01,2019-10-02,4780,2019-10-03,2022-02-15,2392,enhanced,lag_1,logistic_regression,2
0,3,pooled_auc,0.5060441587696132,"{""model__C"": 0.1}",0.5060441587696132,0.5067068208930654,all,2015-01-02,2022-02-14,2022-02-15,7172,2022-02-16,2024-07-10,2404,enhanced,lag_1,logistic_regression,2
1,1,pooled_auc,0.5016045256390922,"{""model__C"": 10.0}",0.5016045256390922,0.5122973116150087,all,2015-01-02,2017-05-16,2017-05-17,2388,2017-05-18,2019-10-02,2392,enhanced,lag_1,logistic_regression,2
1,2,pooled_auc,0.5120083536373129,"{""model__C"": 10.0}",0.5120083536373129,0.5125745895959857,all,2015-01-02,2019-10-01,2019-10-02,4780,2019-10-03,2022-02-15,2392,enhanced,lag_1,logistic_regression,2
1,3,pooled_auc,0.50477845713398,"{""model__C"": 10.0}",0.50477845713398,0.5052611743243138,all,2015-01-02,2022-02-14,2022-02-15,7172,2022-02-16,2024-07-10,2404,enhanced,lag_1,logistic_regression,2
0,1,pooled_auc,0.4985396186314361,"{""model__max_depth"": 4, ""model__min_samples_leaf"": 20, ""model__n_estimators"": 100}",0.4985396186314361,0.5120115969255798,all,2015-01-02,2017-05-16,2017-05-17,2388,2017-05-18,2019-10-02,2392,enhanced,lag_1,random_forest,2
0,2,pooled_auc,0.5114324846694343,"{""model__max_depth"": 4, ""model__min_samples_leaf"": 20, ""model__n_estimators"": 100}",0.5114324846694343,0.5068966903351533,all,2015-01-02,2019-10-01,2019-10-02,4780,2019-10-03,2022-02-15,2392,enhanced,lag_1,random_forest,2
0,3,pooled_auc,0.5034517244057791,"{""model__max_depth"": 4, ""model__min_samples_leaf"": 20, ""model__n_estimators"": 100}",0.5034517244057791,0.5033211037637062,all,2015-01-02,2022-02-14,2022-02-15,7172,2022-02-16,2024-07-10,2404,enhanced,lag_1,random_forest,2
1,1,pooled_auc,0.49213449256657466,"{""model__max_depth"": 8, ""model__min_samples_leaf"": 20, ""model__n_estimators"": 100}",0.49213449256657466,0.5015444312108872,all,2015-01-02,2017-05-16,2017-05-17,2388,2017-05-18,2019-10-02,2392,enhanced,lag_1,random_forest,2
1,2,pooled_auc,0.5146386740581642,"{""model__max_depth"": 8, ""model__min_samples_leaf"": 20, ""model__n_estimators"": 100}",0.5146386740581642,0.5122668765803307,all,2015-01-02,2019-10-01,2019-10-02,4780,2019-10-03,2022-02-15,2392,enhanced,lag_1,random_forest,2
1,3,pooled_auc,0.4933281919261413,"{""model__max_depth"": 8, ""model__min_samples_leaf"": 20, ""model__n_estimators"": 100}",0.4933281919261413,0.4936747298321401,all,2015-01-02,2022-02-14,2022-02-15,7172,2022-02-16,2024-07-10,2404,enhanced,lag_1,random_forest,2
0,1,pooled_auc,0.4936345048416342,"{""model__early_stopping"": false, ""model__max_iter"": 100, ""model__max_leaf_nodes"": 7}",0.4936345048416342,0.49912967877298053,all,2015-01-02,2017-05-16,2017-05-17,2388,2017-05-18,2019-10-02,2392,enhanced,lag_1,hist_gradient_boosting,2
0,2,pooled_auc,0.5184950152668948,"{""model__early_stopping"": false, ""model__max_iter"": 100, ""model__max_leaf_nodes"": 7}",0.5184950152668948,0.5186680076359911,all,2015-01-02,2019-10-01,2019-10-02,4780,2019-10-03,2022-02-15,2392,enhanced,lag_1,hist_gradient_boosting,2
0,3,pooled_auc,0.4905048103597505,"{""model__early_stopping"": false, ""model__max_iter"": 100, ""model__max_leaf_nodes"": 7}",0.4905048103597505,0.4907010021307766,all,2015-01-02,2022-02-14,2022-02-15,7172,2022-02-16,2024-07-10,2404,enhanced,lag_1,hist_gradient_boosting,2
1,1,pooled_auc,0.49242488540355134,"{""model__early_stopping"": false, ""model__max_iter"": 100, ""model__max_leaf_nodes"": 15}",0.49242488540355134,0.49825533228914787,all,2015-01-02,2017-05-16,2017-05-17,2388,2017-05-18,2019-10-02,2392,enhanced,lag_1,hist_gradient_boosting,2
1,2,pooled_auc,0.5088431966811837,"{""model__early_stopping"": false, ""model__max_iter"": 100, ""model__max_leaf_nodes"": 15}",0.5088431966811837,0.5088814025874276,all,2015-01-02,2019-10-01,2019-10-02,4780,2019-10-03,2022-02-15,2392,enhanced,lag_1,hist_gradient_boosting,2
1,3,pooled_auc,0.494410800284072,"{""model__early_stopping"": false, ""model__max_iter"": 100, ""model__max_leaf_nodes"": 15}",0.494410800284072,0.4943599377606948,all,2015-01-02,2022-02-14,2022-02-15,7172,2022-02-16,2024-07-10,2404,enhanced,lag_1,hist_gradient_boosting,2
0,1,pooled_auc,0.4969155289817759,"{""model__C"": 0.1}",0.4969155289817759,0.5162157148249105,all,2015-01-02,2017-07-21,2017-07-24,2572,2017-07-25,2020-02-13,2576,enhanced,base,logistic_regression,3
0,2,pooled_auc,0.5269881965944272,"{""model__C"": 0.1}",0.5269881965944272,0.5267947938082885,all,2015-01-02,2020-02-12,2020-02-13,5148,2020-02-14,2022-09-02,2576,enhanced,base,logistic_regression,3
0,3,pooled_auc,0.491957932139021,"{""model__C"": 0.1}",0.491957932139021,0.4895039024886414,all,2015-01-02,2022-09-01,2022-09-02,7724,2022-09-06,2025-04-03,2588,enhanced,base,logistic_regression,3
1,1,pooled_auc,0.497421975407932,"{""model__C"": 10.0}",0.497421975407932,0.5169011534393303,all,2015-01-02,2017-07-21,2017-07-24,2572,2017-07-25,2020-02-13,2576,enhanced,base,logistic_regression,3
1,2,pooled_auc,0.5268467008513932,"{""model__C"": 10.0}",0.5268467008513932,0.5264032953412283,all,2015-01-02,2020-02-12,2020-02-13,5148,2020-02-14,2022-09-02,2576,enhanced,base,logistic_regression,3
1,3,pooled_auc,0.492399685438085,"{""model__C"": 10.0}",0.492399685438085,0.48982770952417465,all,2015-01-02,2022-09-01,2022-09-02,7724,2022-09-06,2025-04-03,2588,enhanced,base,logistic_regression,3
0,1,pooled_auc,0.5007302532899305,"{""model__max_depth"": 4, ""model__min_samples_leaf"": 20, ""model__n_estimators"": 100}",0.5007302532899305,0.5134061837968491,all,2015-01-02,2017-07-21,2017-07-24,2572,2017-07-25,2020-02-13,2576,enhanced,base,random_forest,3
0,2,pooled_auc,0.5280016447368421,"{""model__max_depth"": 4, ""model__min_samples_leaf"": 20, ""model__n_estimators"": 100}",0.5280016447368421,0.5283941885750524,all,2015-01-02,2020-02-12,2020-02-13,5148,2020-02-14,2022-09-02,2576,enhanced,base,random_forest,3
0,3,pooled_auc,0.5022198552823385,"{""model__max_depth"": 4, ""model__min_samples_leaf"": 20, ""model__n_estimators"": 100}",0.5022198552823385,0.5007762396989703,all,2015-01-02,2022-09-01,2022-09-02,7724,2022-09-06,2025-04-03,2588,enhanced,base,random_forest,3
1,1,pooled_auc,0.49983381278950084,"{""model__max_depth"": 8, ""model__min_samples_leaf"": 20, ""model__n_estimators"": 100}",0.49983381278950084,0.5120245703222963,all,2015-01-02,2017-07-21,2017-07-24,2572,2017-07-25,2020-02-13,2576,enhanced,base,random_forest,3
1,2,pooled_auc,0.5270190354102167,"{""model__max_depth"": 8, ""model__min_samples_leaf"": 20, ""model__n_estimators"": 100}",0.5270190354102167,0.5290009539585141,all,2015-01-02,2020-02-12,2020-02-13,5148,2020-02-14,2022-09-02,2576,enhanced,base,random_forest,3
1,3,pooled_auc,0.5019642137870186,"{""model__max_depth"": 8, ""model__min_samples_leaf"": 20, ""model__n_estimators"": 100}",0.5019642137870186,0.500694046971241,all,2015-01-02,2022-09-01,2022-09-02,7724,2022-09-06,2025-04-03,2588,enhanced,base,random_forest,3
0,1,pooled_auc,0.49859104784675357,"{""model__early_stopping"": false, ""model__max_iter"": 100, ""model__max_leaf_nodes"": 7}",0.49859104784675357,0.5066691873381175,all,2015-01-02,2017-07-21,2017-07-24,2572,2017-07-25,2020-02-13,2576,enhanced,base,hist_gradient_boosting,3
0,2,pooled_auc,0.5198348006965945,"{""model__early_stopping"": false, ""model__max_iter"": 100, ""model__max_leaf_nodes"": 7}",0.5198348006965945,0.520588869360316,all,2015-01-02,2020-02-12,2020-02-13,5148,2020-02-14,2022-09-02,2576,enhanced,base,hist_gradient_boosting,3
0,3,pooled_auc,0.5035073533642781,"{""model__early_stopping"": false, ""model__max_iter"": 100, ""model__max_leaf_nodes"": 7}",0.5035073533642781,0.5042866819694495,all,2015-01-02,2022-09-01,2022-09-02,7724,2022-09-06,2025-04-03,2588,enhanced,base,hist_gradient_boosting,3
1,1,pooled_auc,0.5059991156899529,"{""model__early_stopping"": false, ""model__max_iter"": 100, ""model__max_leaf_nodes"": 15}",0.5059991156899529,0.5133909834652584,all,2015-01-02,2017-07-21,2017-07-24,2572,2017-07-25,2020-02-13,2576,enhanced,base,hist_gradient_boosting,3
1,2,pooled_auc,0.5245821642801858,"{""model__early_stopping"": false, ""model__max_iter"": 100, ""model__max_leaf_nodes"": 15}",0.5245821642801858,0.5235015532183869,all,2015-01-02,2020-02-12,2020-02-13,5148,2020-02-14,2022-09-02,2576,enhanced,base,hist_gradient_boosting,3
1,3,pooled_auc,0.5035577024512813,"{""model__early_stopping"": false, ""model__max_iter"": 100, ""model__max_leaf_nodes"": 15}",0.5035577024512813,0.5048061784146244,all,2015-01-02,2022-09-01,2022-09-02,7724,2022-09-06,2025-04-03,2588,enhanced,base,hist_gradient_boosting,3
0,1,pooled_auc,0.4998923422267752,"{""model__C"": 0.1}",0.4998923422267752,0.5114218834807122,all,2015-01-02,2017-07-21,2017-07-24,2572,2017-07-25,2020-02-13,2576,enhanced,hybrid,logistic_regression,3
0,2,pooled_auc,0.5169976296439629,"{""model__C"": 0.1}",0.5169976296439629,0.5161507432906334,all,2015-01-02,2020-02-12,2020-02-13,5148,2020-02-14,2022-09-02,2576,enhanced,hybrid,logistic_regression,3
0,3,pooled_auc,0.5055401977520332,"{""model__C"": 0.1}",0.5055401977520332,0.5076979358016007,all,2015-01-02,2022-09-01,2022-09-02,7724,2022-09-06,2025-04-03,2588,enhanced,hybrid,logistic_regression,3
1,1,pooled_auc,0.49935799575798046,"{""model__C"": 10.0}",0.49935799575798046,0.5106374503203938,all,2015-01-02,2017-07-21,2017-07-24,2572,2017-07-25,2020-02-13,2576,enhanced,hybrid,logistic_regression,3
1,2,pooled_auc,0.515680026122291,"{""model__C"": 10.0}",0.515680026122291,0.5142359398199156,all,2015-01-02,2020-02-12,2020-02-13,5148,2020-02-14,2022-09-02,2576,enhanced,hybrid,logistic_regression,3
1,3,pooled_auc,0.5060334989258861,"{""model__C"": 10.0}",0.5060334989258861,0.50803598798333,all,2015-01-02,2022-09-01,2022-09-02,7724,2022-09-06,2025-04-03,2588,enhanced,hybrid,logistic_regression,3
0,1,pooled_auc,0.5016646014569888,"{""model__max_depth"": 4, ""model__min_samples_leaf"": 20, ""model__n_estimators"": 100}",0.5016646014569888,0.5158768241787471,all,2015-01-02,2017-07-21,2017-07-24,2572,2017-07-25,2020-02-13,2576,enhanced,hybrid,random_forest,3
0,2,pooled_auc,0.5193111455108359,"{""model__max_depth"": 4, ""model__min_samples_leaf"": 20, ""model__n_estimators"": 100}",0.5193111455108359,0.5195063654468176,all,2015-01-02,2020-02-12,2020-02-13,5148,2020-02-14,2022-09-02,2576,enhanced,hybrid,random_forest,3
0,3,pooled_auc,0.5053681717047721,"{""model__max_depth"": 4, ""model__min_samples_leaf"": 20, ""model__n_estimators"": 100}",0.5053681717047721,0.5091112987691859,all,2015-01-02,2022-09-01,2022-09-02,7724,2022-09-06,2025-04-03,2588,enhanced,hybrid,random_forest,3
1,1,pooled_auc,0.50442124697421,"{""model__max_depth"": 8, ""model__min_samples_leaf"": 20, ""model__n_estimators"": 100}",0.50442124697421,0.5172991443607122,all,2015-01-02,2017-07-21,2017-07-24,2572,2017-07-25,2020-02-13,2576,enhanced,hybrid,random_forest,3
1,2,pooled_auc,0.5148074690402477,"{""model__max_depth"": 8, ""model__min_samples_leaf"": 20, ""model__n_estimators"": 100}",0.5148074690402477,0.5134324775321362,all,2015-01-02,2020-02-12,2020-02-13,5148,2020-02-14,2022-09-02,2576,enhanced,hybrid,random_forest,3
1,3,pooled_auc,0.5063739546570507,"{""model__max_depth"": 8, ""model__min_samples_leaf"": 20, ""model__n_estimators"": 100}",0.5063739546570507,0.5087950544139717,all,2015-01-02,2022-09-01,2022-09-02,7724,2022-09-06,2025-04-03,2588,enhanced,hybrid,random_forest,3
0,1,pooled_auc,0.5094499263984744,"{""model__early_stopping"": false, ""model__max_iter"": 100, ""model__max_leaf_nodes"": 7}",0.5094499263984744,0.5178056833174755,all,2015-01-02,2017-07-21,2017-07-24,2572,2017-07-25,2020-02-13,2576,enhanced,hybrid,hist_gradient_boosting,3
0,2,pooled_auc,0.5127258489744582,"{""model__early_stopping"": false, ""model__max_iter"": 100, ""model__max_leaf_nodes"": 7}",0.5127258489744582,0.5136395219180928,all,2015-01-02,2020-02-12,2020-02-13,5148,2020-02-14,2022-09-02,2576,enhanced,hybrid,hist_gradient_boosting,3
0,3,pooled_auc,0.4996151891207611,"{""model__early_stopping"": false, ""model__max_iter"": 100, ""model__max_leaf_nodes"": 7}",0.4996151891207611,0.5015317149354707,all,2015-01-02,2022-09-01,2022-09-02,7724,2022-09-06,2025-04-03,2588,enhanced,hybrid,hist_gradient_boosting,3
1,1,pooled_auc,0.5122805676809545,"{""model__early_stopping"": false, ""model__max_iter"": 100, ""model__max_leaf_nodes"": 15}",0.5122805676809545,0.5190708855698669,all,2015-01-02,2017-07-21,2017-07-24,2572,2017-07-25,2020-02-13,2576,enhanced,hybrid,hist_gradient_boosting,3
1,2,pooled_auc,0.5217991123258514,"{""model__early_stopping"": false, ""model__max_iter"": 100, ""model__max_leaf_nodes"": 15}",0.5217991123258514,0.5228645541124897,all,2015-01-02,2020-02-12,2020-02-13,5148,2020-02-14,2022-09-02,2576,enhanced,hybrid,hist_gradient_boosting,3
1,3,pooled_auc,0.5092762198864509,"{""model__early_stopping"": false, ""model__max_iter"": 100, ""model__max_leaf_nodes"": 15}",0.5092762198864509,0.5103212605586348,all,2015-01-02,2022-09-01,2022-09-02,7724,2022-09-06,2025-04-03,2588,enhanced,hybrid,hist_gradient_boosting,3
0,1,pooled_auc,0.49961152223239164,"{""model__C"": 0.1}",0.49961152223239164,0.5096205287171133,all,2015-01-02,2017-07-21,2017-07-24,2572,2017-07-25,2020-02-13,2576,enhanced,lag_1,logistic_regression,3
0,2,pooled_auc,0.5018636319659442,"{""model__C"": 0.1}",0.5018636319659442,0.5018509411173617,all,2015-01-02,2020-02-12,2020-02-13,5148,2020-02-14,2022-09-02,2576,enhanced,lag_1,logistic_regression,3
0,3,pooled_auc,0.5073605570047568,"{""model__C"": 0.1}",0.5073605570047568,0.5102536004005587,all,2015-01-02,2022-09-01,2022-09-02,7724,2022-09-06,2025-04-03,2588,enhanced,lag_1,logistic_regression,3
1,1,pooled_auc,0.5007645218205626,"{""model__C"": 10.0}",0.5007645218205626,0.5102732358212453,all,2015-01-02,2017-07-21,2017-07-24,2572,2017-07-25,2020-02-13,2576,enhanced,lag_1,logistic_regression,3
1,2,pooled_auc,0.5024906878869969,"{""model__C"": 10.0}",0.5024906878869969,0.5024818488062825,all,2015-01-02,2020-02-12,2020-02-13,5148,2020-02-14,2022-09-02,2576,enhanced,lag_1,logistic_regression,3
1,3,pooled_auc,0.5073293885223262,"{""model__C"": 10.0}",0.5073293885223262,0.5101874534815021,all,2015-01-02,2022-09-01,2022-09-02,7724,2022-09-06,2025-04-03,2588,enhanced,lag_1,logistic_regression,3
0,1,pooled_auc,0.5009998526149921,"{""model__max_depth"": 4, ""model__min_samples_leaf"": 20, ""model__n_estimators"": 100}",0.5009998526149921,0.5133631194846036,all,2015-01-02,2017-07-21,2017-07-24,2572,2017-07-25,2020-02-13,2576,enhanced,lag_1,random_forest,3
0,2,pooled_auc,0.5006197997291022,"{""model__max_depth"": 4, ""model__min_samples_leaf"": 20, ""model__n_estimators"": 100}",0.5006197997291022,0.4983705932567484,all,2015-01-02,2020-02-12,2020-02-13,5148,2020-02-14,2022-09-02,2576,enhanced,lag_1,random_forest,3
0,3,pooled_auc,0.5101998858754028,"{""model__max_depth"": 4, ""model__min_samples_leaf"": 20, ""model__n_estimators"": 100}",0.5101998858754028,0.5139651388572775,all,2015-01-02,2022-09-01,2022-09-02,7724,2022-09-06,2025-04-03,2588,enhanced,lag_1,random_forest,3
1,1,pooled_auc,0.49911538669155836,"{""model__max_depth"": 8, ""model__min_samples_leaf"": 20, ""model__n_estimators"": 100}",0.49911538669155836,0.5089697569513946,all,2015-01-02,2017-07-21,2017-07-24,2572,2017-07-25,2020-02-13,2576,enhanced,lag_1,random_forest,3
1,2,pooled_auc,0.502321376741486,"{""model__max_depth"": 8, ""model__min_samples_leaf"": 20, ""model__n_estimators"": 100}",0.502321376741486,0.4998653817351747,all,2015-01-02,2020-02-12,2020-02-13,5148,2020-02-14,2022-09-02,2576,enhanced,lag_1,random_forest,3
1,3,pooled_auc,0.5047298172088385,"{""model__max_depth"": 8, ""model__min_samples_leaf"": 20, ""model__n_estimators"": 100}",0.5047298172088385,0.5047642864236908,all,2015-01-02,2022-09-01,2022-09-02,7724,2022-09-06,2025-04-03,2588,enhanced,lag_1,random_forest,3
0,1,pooled_auc,0.5059906243726282,"{""model__early_stopping"": false, ""model__max_iter"": 100, ""model__max_leaf_nodes"": 7}",0.5059906243726282,0.5131715783937901,all,2015-01-02,2017-07-21,2017-07-24,2572,2017-07-25,2020-02-13,2576,enhanced,lag_1,hist_gradient_boosting,3
0,2,pooled_auc,0.5059506820820433,"{""model__early_stopping"": false, ""model__max_iter"": 100, ""model__max_leaf_nodes"": 7}",0.5059506820820433,0.505691439141799,all,2015-01-02,2020-02-12,2020-02-13,5148,2020-02-14,2022-09-02,2576,enhanced,lag_1,hist_gradient_boosting,3
0,3,pooled_auc,0.49632451664876476,"{""model__early_stopping"": false, ""model__max_iter"": 100, ""model__max_leaf_nodes"": 7}",0.49632451664876476,0.49638835561834094,all,2015-01-02,2022-09-01,2022-09-02,7724,2022-09-06,2025-04-03,2588,enhanced,lag_1,hist_gradient_boosting,3
1,1,pooled_auc,0.5084370335461621,"{""model__early_stopping"": false, ""model__max_iter"": 100, ""model__max_leaf_nodes"": 15}",0.5084370335461621,0.5137352089767533,all,2015-01-02,2017-07-21,2017-07-24,2572,2017-07-25,2020-02-13,2576,enhanced,lag_1,hist_gradient_boosting,3
1,2,pooled_auc,0.49849192143962845,"{""model__early_stopping"": false, ""model__max_iter"": 100, ""model__max_leaf_nodes"": 15}",0.49849192143962845,0.4982241589327227,all,2015-01-02,2020-02-12,2020-02-13,5148,2020-02-14,2022-09-02,2576,enhanced,lag_1,hist_gradient_boosting,3
1,3,pooled_auc,0.5030820833972687,"{""model__early_stopping"": false, ""model__max_iter"": 100, ""model__max_leaf_nodes"": 15}",0.5030820833972687,0.5035103942194051,all,2015-01-02,2022-09-01,2022-09-02,7724,2022-09-06,2025-04-03,2588,enhanced,lag_1,hist_gradient_boosting,3
0,1,macro_auc,0.5196821062536762,"{""model__C"": 0.1}",0.4937573934275518,0.5196821062536762,all,2015-01-02,2017-03-10,2017-03-13,2204,2017-03-14,2019-05-22,2208,macro,base,logistic_regression,1
0,2,macro_auc,0.540907658811572,"{""model__C"": 0.1}",0.5408604668154524,0.540907658811572,all,2015-01-02,2019-05-21,2019-05-22,4412,2019-05-23,2021-07-30,2208,macro,base,logistic_regression,1
0,3,macro_auc,0.47158222515767884,"{""model__C"": 0.1}",0.4699820934662353,0.47158222515767884,all,2015-01-02,2021-07-29,2021-07-30,6620,2021-08-02,2023-10-12,2216,macro,base,logistic_regression,1
1,1,macro_auc,0.5179163919174202,"{""model__C"": 10.0}",0.4926798888885227,0.5179163919174202,all,2015-01-02,2017-03-10,2017-03-13,2204,2017-03-14,2019-05-22,2208,macro,base,logistic_regression,1
1,2,macro_auc,0.5344524075230075,"{""model__C"": 10.0}",0.5360324007651841,0.5344524075230075,all,2015-01-02,2019-05-21,2019-05-22,4412,2019-05-23,2021-07-30,2208,macro,base,logistic_regression,1
1,3,macro_auc,0.4714452783446539,"{""model__C"": 10.0}",0.4695491076088091,0.4714452783446539,all,2015-01-02,2021-07-29,2021-07-30,6620,2021-08-02,2023-10-12,2216,macro,base,logistic_regression,1
0,1,macro_auc,0.5003100131421513,"{""model__max_depth"": 4, ""model__min_samples_leaf"": 20, ""model__n_estimators"": 100}",0.48726476955571885,0.5003100131421513,all,2015-01-02,2017-03-10,2017-03-13,2204,2017-03-14,2019-05-22,2208,macro,base,random_forest,1
0,2,macro_auc,0.5313677038100371,"{""model__max_depth"": 4, ""model__min_samples_leaf"": 20, ""model__n_estimators"": 100}",0.5302918592911419,0.5313677038100371,all,2015-01-02,2019-05-21,2019-05-22,4412,2019-05-23,2021-07-30,2208,macro,base,random_forest,1
0,3,macro_auc,0.4812051439303986,"{""model__max_depth"": 4, ""model__min_samples_leaf"": 20, ""model__n_estimators"": 100}",0.4806648575305291,0.4812051439303986,all,2015-01-02,2021-07-29,2021-07-30,6620,2021-08-02,2023-10-12,2216,macro,base,random_forest,1
1,1,macro_auc,0.5051070965924371,"{""model__max_depth"": 8, ""model__min_samples_leaf"": 20, ""model__n_estimators"": 100}",0.49189317877019495,0.5051070965924371,all,2015-01-02,2017-03-10,2017-03-13,2204,2017-03-14,2019-05-22,2208,macro,base,random_forest,1
1,2,macro_auc,0.5220910620959935,"{""model__max_depth"": 8, ""model__min_samples_leaf"": 20, ""model__n_estimators"": 100}",0.5208466177799033,0.5220910620959935,all,2015-01-02,2019-05-21,2019-05-22,4412,2019-05-23,2021-07-30,2208,macro,base,random_forest,1
1,3,macro_auc,0.49630558692228866,"{""model__max_depth"": 8, ""model__min_samples_leaf"": 20, ""model__n_estimators"": 100}",0.49588704206241524,0.49630558692228866,all,2015-01-02,2021-07-29,2021-07-30,6620,2021-08-02,2023-10-12,2216,macro,base,random_forest,1
0,1,macro_auc,0.5139844657118326,"{""model__early_stopping"": false, ""model__max_iter"": 100, ""model__max_leaf_nodes"": 7}",0.5046753646875073,0.5139844657118326,all,2015-01-02,2017-03-10,2017-03-13,2204,2017-03-14,2019-05-22,2208,macro,base,hist_gradient_boosting,1
0,2,macro_auc,0.5182494451641424,"{""model__early_stopping"": false, ""model__max_iter"": 100, ""model__max_leaf_nodes"": 7}",0.5187941707848451,0.5182494451641424,all,2015-01-02,2019-05-21,2019-05-22,4412,2019-05-23,2021-07-30,2208,macro,base,hist_gradient_boosting,1
0,3,macro_auc,0.48766037166764,"{""model__early_stopping"": false, ""model__max_iter"": 100, ""model__max_leaf_nodes"": 7}",0.48652647492432943,0.48766037166764,all,2015-01-02,2021-07-29,2021-07-30,6620,2021-08-02,2023-10-12,2216,macro,base,hist_gradient_boosting,1
1,1,macro_auc,0.5087452686225127,"{""model__early_stopping"": false, ""model__max_iter"": 100, ""model__max_leaf_nodes"": 15}",0.4984529407306601,0.5087452686225127,all,2015-01-02,2017-03-10,2017-03-13,2204,2017-03-14,2019-05-22,2208,macro,base,hist_gradient_boosting,1
1,2,macro_auc,0.5252684974535555,"{""model__early_stopping"": false, ""model__max_iter"": 100, ""model__max_leaf_nodes"": 15}",0.5255576146447738,0.5252684974535555,all,2015-01-02,2019-05-21,2019-05-22,4412,2019-05-23,2021-07-30,2208,macro,base,hist_gradient_boosting,1
1,3,macro_auc,0.4903326971073029,"{""model__early_stopping"": false, ""model__max_iter"": 100, ""model__max_leaf_nodes"": 15}",0.48804885646070345,0.4903326971073029,all,2015-01-02,2021-07-29,2021-07-30,6620,2021-08-02,2023-10-12,2216,macro,base,hist_gradient_boosting,1
0,1,macro_auc,0.5236764575226031,"{""model__C"": 0.1}",0.5043124894968021,0.5236764575226031,all,2015-01-02,2017-03-10,2017-03-13,2204,2017-03-14,2019-05-22,2208,macro,hybrid,logistic_regression,1
0,2,macro_auc,0.5295864861320734,"{""model__C"": 0.1}",0.5273825654923215,0.5295864861320734,all,2015-01-02,2019-05-21,2019-05-22,4412,2019-05-23,2021-07-30,2208,macro,hybrid,logistic_regression,1
0,3,macro_auc,0.5000762307648094,"{""model__C"": 0.1}",0.4996387707441812,0.5000762307648094,all,2015-01-02,2021-07-29,2021-07-30,6620,2021-08-02,2023-10-12,2216,macro,hybrid,logistic_regression,1
1,1,macro_auc,0.5218318814961911,"{""model__C"": 10.0}",0.5032020337486284,0.5218318814961911,all,2015-01-02,2017-03-10,2017-03-13,2204,2017-03-14,2019-05-22,2208,macro,hybrid,logistic_regression,1
1,2,macro_auc,0.5257352461425184,"{""model__C"": 10.0}",0.5234304426377596,0.5257352461425184,all,2015-01-02,2019-05-21,2019-05-22,4412,2019-05-23,2021-07-30,2208,macro,hybrid,logistic_regression,1
1,3,macro_auc,0.502292252350726,"{""model__C"": 10.0}",0.5015900610583447,0.502292252350726,all,2015-01-02,2021-07-29,2021-07-30,6620,2021-08-02,2023-10-12,2216,macro,hybrid,logistic_regression,1
0,1,macro_auc,0.5204396961392113,"{""model__max_depth"": 4, ""model__min_samples_leaf"": 20, ""model__n_estimators"": 100}",0.5051980532425637,0.5204396961392113,all,2015-01-02,2017-03-10,2017-03-13,2204,2017-03-14,2019-05-22,2208,macro,hybrid,random_forest,1
0,2,macro_auc,0.53819744664786,"{""model__max_depth"": 4, ""model__min_samples_leaf"": 20, ""model__n_estimators"": 100}",0.5397794449758223,0.53819744664786,all,2015-01-02,2019-05-21,2019-05-22,4412,2019-05-23,2021-07-30,2208,macro,hybrid,random_forest,1
0,3,macro_auc,0.4939792451543581,"{""model__max_depth"": 4, ""model__min_samples_leaf"": 20, ""model__n_estimators"": 100}",0.494064587464774,0.4939792451543581,all,2015-01-02,2021-07-29,2021-07-30,6620,2021-08-02,2023-10-12,2216,macro,hybrid,random_forest,1
1,1,macro_auc,0.515276974996272,"{""model__max_depth"": 8, ""model__min_samples_leaf"": 20, ""model__n_estimators"": 100}",0.5030240972192475,0.515276974996272,all,2015-01-02,2017-03-10,2017-03-13,2204,2017-03-14,2019-05-22,2208,macro,hybrid,random_forest,1
1,2,macro_auc,0.5289537431950484,"{""model__max_depth"": 8, ""model__min_samples_leaf"": 20, ""model__n_estimators"": 100}",0.530893810776343,0.5289537431950484,all,2015-01-02,2019-05-21,2019-05-22,4412,2019-05-23,2021-07-30,2208,macro,hybrid,random_forest,1
1,3,macro_auc,0.505081518784369,"{""model__max_depth"": 8, ""model__min_samples_leaf"": 20, ""model__n_estimators"": 100}",0.5050637329088822,0.505081518784369,all,2015-01-02,2021-07-29,2021-07-30,6620,2021-08-02,2023-10-12,2216,macro,hybrid,random_forest,1
0,1,macro_auc,0.5122210464034367,"{""model__early_stopping"": false, ""model__max_iter"": 100, ""model__max_leaf_nodes"": 7}",0.5047107872373376,0.5122210464034367,all,2015-01-02,2017-03-10,2017-03-13,2204,2017-03-14,2019-05-22,2208,macro,hybrid,hist_gradient_boosting,1
0,2,macro_auc,0.5298601473675013,"{""model__early_stopping"": false, ""model__max_iter"": 100, ""model__max_leaf_nodes"": 7}",0.529176380918221,0.5298601473675013,all,2015-01-02,2019-05-21,2019-05-22,4412,2019-05-23,2021-07-30,2208,macro,hybrid,hist_gradient_boosting,1
0,3,macro_auc,0.47640012317018143,"{""model__early_stopping"": false, ""model__max_iter"": 100, ""model__max_leaf_nodes"": 7}",0.4769852931583342,0.47640012317018143,all,2015-01-02,2021-07-29,2021-07-30,6620,2021-08-02,2023-10-12,2216,macro,hybrid,hist_gradient_boosting,1
1,1,macro_auc,0.5113333985592796,"{""model__early_stopping"": false, ""model__max_iter"": 100, ""model__max_leaf_nodes"": 15}",0.505139564846332,0.5113333985592796,all,2015-01-02,2017-03-10,2017-03-13,2204,2017-03-14,2019-05-22,2208,macro,hybrid,hist_gradient_boosting,1
1,2,macro_auc,0.5213260999162276,"{""model__early_stopping"": false, ""model__max_iter"": 100, ""model__max_leaf_nodes"": 15}",0.5219757957383495,0.5213260999162276,all,2015-01-02,2019-05-21,2019-05-22,4412,2019-05-23,2021-07-30,2208,macro,hybrid,hist_gradient_boosting,1
1,3,macro_auc,0.4934426083672624,"{""model__early_stopping"": false, ""model__max_iter"": 100, ""model__max_leaf_nodes"": 15}",0.49345261781129324,0.4934426083672624,all,2015-01-02,2021-07-29,2021-07-30,6620,2021-08-02,2023-10-12,2216,macro,hybrid,hist_gradient_boosting,1
0,1,macro_auc,0.5080008670632339,"{""model__C"": 0.1}",0.49869513211787303,0.5080008670632339,all,2015-01-02,2017-03-10,2017-03-13,2204,2017-03-14,2019-05-22,2208,macro,lag_1,logistic_regression,1
0,2,macro_auc,0.5162532842873679,"{""model__C"": 0.1}",0.5147822679207185,0.5162532842873679,all,2015-01-02,2019-05-21,2019-05-22,4412,2019-05-23,2021-07-30,2208,macro,lag_1,logistic_regression,1
0,3,macro_auc,0.5050717375465026,"{""model__C"": 0.1}",0.5053752217931322,0.5050717375465026,all,2015-01-02,2021-07-29,2021-07-30,6620,2021-08-02,2023-10-12,2216,macro,lag_1,logistic_regression,1
1,1,macro_auc,0.5085634203390184,"{""model__C"": 10.0}",0.4986069876334112,0.5085634203390184,all,2015-01-02,2017-03-10,2017-03-13,2204,2017-03-14,2019-05-22,2208,macro,lag_1,logistic_regression,1
1,2,macro_auc,0.5136918413760669,"{""model__C"": 10.0}",0.5117160515967905,0.5136918413760669,all,2015-01-02,2019-05-21,2019-05-22,4412,2019-05-23,2021-07-30,2208,macro,lag_1,logistic_regression,1
1,3,macro_auc,0.5064161595643191,"{""model__C"": 10.0}",0.5064760332950632,0.5064161595643191,all,2015-01-02,2021-07-29,2021-07-30,6620,2021-08-02,2023-10-12,2216,macro,lag_1,logistic_regression,1
0,1,macro_auc,0.5049596789838484,"{""model__max_depth"": 4, ""model__min_samples_leaf"": 20, ""model__n_estimators"": 100}",0.49249000754582695,0.5049596789838484,all,2015-01-02,2017-03-10,2017-03-13,2204,2017-03-14,2019-05-22,2208,macro,lag_1,random_forest,1
0,2,macro_auc,0.5169938641393227,"{""model__max_depth"": 4, ""model__min_samples_leaf"": 20, ""model__n_estimators"": 100}",0.5193886497688507,0.5169938641393227,all,2015-01-02,2019-05-21,2019-05-22,4412,2019-05-23,2021-07-30,2208,macro,lag_1,random_forest,1
0,3,macro_auc,0.4897551543781995,"{""model__max_depth"": 4, ""model__min_samples_leaf"": 20, ""model__n_estimators"": 100}",0.4902541488362384,0.4897551543781995,all,2015-01-02,2021-07-29,2021-07-30,6620,2021-08-02,2023-10-12,2216,macro,lag_1,random_forest,1
1,1,macro_auc,0.5066127924916648,"{""model__max_depth"": 8, ""model__min_samples_leaf"": 20, ""model__n_estimators"": 100}",0.49644950721466724,0.5066127924916648,all,2015-01-02,2017-03-10,2017-03-13,2204,2017-03-14,2019-05-22,2208,macro,lag_1,random_forest,1
1,2,macro_auc,0.5066273437099483,"{""model__max_depth"": 8, ""model__min_samples_leaf"": 20, ""model__n_estimators"": 100}",0.5085385780328391,0.5066273437099483,all,2015-01-02,2019-05-21,2019-05-22,4412,2019-05-23,2021-07-30,2208,macro,lag_1,random_forest,1
1,3,macro_auc,0.4947922871321683,"{""model__max_depth"": 8, ""model__min_samples_leaf"": 20, ""model__n_estimators"": 100}",0.4950765186306231,0.4947922871321683,all,2015-01-02,2021-07-29,2021-07-30,6620,2021-08-02,2023-10-12,2216,macro,lag_1,random_forest,1
0,1,macro_auc,0.5094180052654549,"{""model__early_stopping"": false, ""model__max_iter"": 100, ""model__max_leaf_nodes"": 7}",0.5022662194089212,0.5094180052654549,all,2015-01-02,2017-03-10,2017-03-13,2204,2017-03-14,2019-05-22,2208,macro,lag_1,hist_gradient_boosting,1
0,2,macro_auc,0.5101225628131887,"{""model__early_stopping"": false, ""model__max_iter"": 100, ""model__max_leaf_nodes"": 7}",0.5111037216377066,0.5101225628131887,all,2015-01-02,2019-05-21,2019-05-22,4412,2019-05-23,2021-07-30,2208,macro,lag_1,hist_gradient_boosting,1
0,3,macro_auc,0.4814164594223369,"{""model__early_stopping"": false, ""model__max_iter"": 100, ""model__max_leaf_nodes"": 7}",0.4828725961538462,0.4814164594223369,all,2015-01-02,2021-07-29,2021-07-30,6620,2021-08-02,2023-10-12,2216,macro,lag_1,hist_gradient_boosting,1
1,1,macro_auc,0.5046221474725057,"{""model__early_stopping"": false, ""model__max_iter"": 100, ""model__max_leaf_nodes"": 15}",0.49859627849043925,0.5046221474725057,all,2015-01-02,2017-03-10,2017-03-13,2204,2017-03-14,2019-05-22,2208,macro,lag_1,hist_gradient_boosting,1
1,2,macro_auc,0.506792423496666,"{""model__early_stopping"": false, ""model__max_iter"": 100, ""model__max_leaf_nodes"": 15}",0.5065704042457091,0.506792423496666,all,2015-01-02,2019-05-21,2019-05-22,4412,2019-05-23,2021-07-30,2208,macro,lag_1,hist_gradient_boosting,1
1,3,macro_auc,0.48927864927367565,"{""model__early_stopping"": false, ""model__max_iter"": 100, ""model__max_leaf_nodes"": 15}",0.4908143395783321,0.48927864927367565,all,2015-01-02,2021-07-29,2021-07-30,6620,2021-08-02,2023-10-12,2216,macro,lag_1,hist_gradient_boosting,1
0,1,macro_auc,0.5254369673615323,"{""model__C"": 0.1}",0.49785396887746336,0.5254369673615323,all,2015-01-02,2017-05-16,2017-05-17,2388,2017-05-18,2019-10-02,2392,macro,base,logistic_regression,2
0,2,macro_auc,0.5342127101052777,"{""model__C"": 0.1}",0.5333607826158318,0.5342127101052777,all,2015-01-02,2019-10-01,2019-10-02,4780,2019-10-03,2022-02-15,2392,macro,base,logistic_regression,2
0,3,macro_auc,0.4785337844962768,"{""model__C"": 0.1}",0.47873343838078963,0.4785337844962768,all,2015-01-02,2022-02-14,2022-02-15,7172,2022-02-16,2024-07-10,2404,macro,base,logistic_regression,2
1,1,macro_auc,0.523222786060269,"{""model__C"": 10.0}",0.49702557771690914,0.523222786060269,all,2015-01-02,2017-05-16,2017-05-17,2388,2017-05-18,2019-10-02,2392,macro,base,logistic_regression,2
1,2,macro_auc,0.5326811643860809,"{""model__C"": 10.0}",0.5324856598722618,0.5326811643860809,all,2015-01-02,2019-10-01,2019-10-02,4780,2019-10-03,2022-02-15,2392,macro,base,logistic_regression,2
1,3,macro_auc,0.47833281333708777,"{""model__C"": 10.0}",0.4791981069264742,0.47833281333708777,all,2015-01-02,2022-02-14,2022-02-15,7172,2022-02-16,2024-07-10,2404,macro,base,logistic_regression,2
0,1,macro_auc,0.505950923034605,"{""model__max_depth"": 4, ""model__min_samples_leaf"": 20, ""model__n_estimators"": 100}",0.48879006491752913,0.505950923034605,all,2015-01-02,2017-05-16,2017-05-17,2388,2017-05-18,2019-10-02,2392,macro,base,random_forest,2
0,2,macro_auc,0.5283478893086644,"{""model__max_depth"": 4, ""model__min_samples_leaf"": 20, ""model__n_estimators"": 100}",0.5284736784019424,0.5283478893086644,all,2015-01-02,2019-10-01,2019-10-02,4780,2019-10-03,2022-02-15,2392,macro,base,random_forest,2
0,3,macro_auc,0.4878053582509569,"{""model__max_depth"": 4, ""model__min_samples_leaf"": 20, ""model__n_estimators"": 100}",0.48768697707450237,0.4878053582509569,all,2015-01-02,2022-02-14,2022-02-15,7172,2022-02-16,2024-07-10,2404,macro,base,random_forest,2
1,1,macro_auc,0.5083064896687458,"{""model__max_depth"": 8, ""model__min_samples_leaf"": 20, ""model__n_estimators"": 100}",0.4929141342049795,0.5083064896687458,all,2015-01-02,2017-05-16,2017-05-17,2388,2017-05-18,2019-10-02,2392,macro,base,random_forest,2
1,2,macro_auc,0.5286547503244241,"{""model__max_depth"": 8, ""model__min_samples_leaf"": 20, ""model__n_estimators"": 100}",0.5280477900497765,0.5286547503244241,all,2015-01-02,2019-10-01,2019-10-02,4780,2019-10-03,2022-02-15,2392,macro,base,random_forest,2
1,3,macro_auc,0.4945764109228882,"{""model__max_depth"": 8, ""model__min_samples_leaf"": 20, ""model__n_estimators"": 100}",0.4939371157815309,0.4945764109228882,all,2015-01-02,2022-02-14,2022-02-15,7172,2022-02-16,2024-07-10,2404,macro,base,random_forest,2
0,1,macro_auc,0.5026493740748438,"{""model__early_stopping"": false, ""model__max_iter"": 100, ""model__max_leaf_nodes"": 7}",0.49130154209819343,0.5026493740748438,all,2015-01-02,2017-05-16,2017-05-17,2388,2017-05-18,2019-10-02,2392,macro,base,hist_gradient_boosting,2
0,2,macro_auc,0.5151122178662078,"{""model__early_stopping"": false, ""model__max_iter"": 100, ""model__max_leaf_nodes"": 7}",0.5153231374812878,0.5151122178662078,all,2015-01-02,2019-10-01,2019-10-02,4780,2019-10-03,2022-02-15,2392,macro,base,hist_gradient_boosting,2
0,3,macro_auc,0.4846188545558844,"{""model__early_stopping"": false, ""model__max_iter"": 100, ""model__max_leaf_nodes"": 7}",0.48424045418229433,0.4846188545558844,all,2015-01-02,2022-02-14,2022-02-15,7172,2022-02-16,2024-07-10,2404,macro,base,hist_gradient_boosting,2
1,1,macro_auc,0.5006347210229454,"{""model__early_stopping"": false, ""model__max_iter"": 100, ""model__max_leaf_nodes"": 15}",0.49075126871508185,0.5006347210229454,all,2015-01-02,2017-05-16,2017-05-17,2388,2017-05-18,2019-10-02,2392,macro,base,hist_gradient_boosting,2
1,2,macro_auc,0.523968421706866,"{""model__early_stopping"": false, ""model__max_iter"": 100, ""model__max_leaf_nodes"": 15}",0.5233796433857133,0.523968421706866,all,2015-01-02,2019-10-01,2019-10-02,4780,2019-10-03,2022-02-15,2392,macro,base,hist_gradient_boosting,2
1,3,macro_auc,0.4872570887744743,"{""model__early_stopping"": false, ""model__max_iter"": 100, ""model__max_leaf_nodes"": 15}",0.4878555061142058,0.4872570887744743,all,2015-01-02,2022-02-14,2022-02-15,7172,2022-02-16,2024-07-10,2404,macro,base,hist_gradient_boosting,2
0,1,macro_auc,0.5268920577664171,"{""model__C"": 0.1}",0.5081566017023754,0.5268920577664171,all,2015-01-02,2017-05-16,2017-05-17,2388,2017-05-18,2019-10-02,2392,macro,hybrid,logistic_regression,2
0,2,macro_auc,0.5234281456973721,"{""model__C"": 0.1}",0.5220825232965174,0.5234281456973721,all,2015-01-02,2019-10-01,2019-10-02,4780,2019-10-03,2022-02-15,2392,macro,hybrid,logistic_regression,2
0,3,macro_auc,0.5041214670070329,"{""model__C"": 0.1}",0.5033934674537828,0.5041214670070329,all,2015-01-02,2022-02-14,2022-02-15,7172,2022-02-16,2024-07-10,2404,macro,hybrid,logistic_regression,2
1,1,macro_auc,0.5232654847935413,"{""model__C"": 10.0}",0.5070329076810309,0.5232654847935413,all,2015-01-02,2017-05-16,2017-05-17,2388,2017-05-18,2019-10-02,2392,macro,hybrid,logistic_regression,2
1,2,macro_auc,0.5233372731871409,"{""model__C"": 10.0}",0.5219403246938839,0.5233372731871409,all,2015-01-02,2019-10-01,2019-10-02,4780,2019-10-03,2022-02-15,2392,macro,hybrid,logistic_regression,2
1,3,macro_auc,0.504118521284559,"{""model__C"": 10.0}",0.5031195210723718,0.504118521284559,all,2015-01-02,2022-02-14,2022-02-15,7172,2022-02-16,2024-07-10,2404,macro,hybrid,logistic_regression,2
0,1,macro_auc,0.5316514675341731,"{""model__max_depth"": 4, ""model__min_samples_leaf"": 20, ""model__n_estimators"": 100}",0.5123034675289603,0.5316514675341731,all,2015-01-02,2017-05-16,2017-05-17,2388,2017-05-18,2019-10-02,2392,macro,hybrid,random_forest,2
0,2,macro_auc,0.5291589172590959,"{""model__max_depth"": 4, ""model__min_samples_leaf"": 20, ""model__n_estimators"": 100}",0.5315574779486048,0.5291589172590959,all,2015-01-02,2019-10-01,2019-10-02,4780,2019-10-03,2022-02-15,2392,macro,hybrid,random_forest,2
0,3,macro_auc,0.5039829493977108,"{""model__max_depth"": 4, ""model__min_samples_leaf"": 20, ""model__n_estimators"": 100}",0.5030501675580905,0.5039829493977108,all,2015-01-02,2022-02-14,2022-02-15,7172,2022-02-16,2024-07-10,2404,macro,hybrid,random_forest,2
1,1,macro_auc,0.5244696421804795,"{""model__max_depth"": 8, ""model__min_samples_leaf"": 20, ""model__n_estimators"": 100}",0.5087051215055536,0.5244696421804795,all,2015-01-02,2017-05-16,2017-05-17,2388,2017-05-18,2019-10-02,2392,macro,hybrid,random_forest,2
1,2,macro_auc,0.5157486990694481,"{""model__max_depth"": 8, ""model__min_samples_leaf"": 20, ""model__n_estimators"": 100}",0.5186768313906599,0.5157486990694481,all,2015-01-02,2019-10-01,2019-10-02,4780,2019-10-03,2022-02-15,2392,macro,hybrid,random_forest,2
1,3,macro_auc,0.5059053257307372,"{""model__max_depth"": 8, ""model__min_samples_leaf"": 20, ""model__n_estimators"": 100}",0.5072980703078187,0.5059053257307372,all,2015-01-02,2022-02-14,2022-02-15,7172,2022-02-16,2024-07-10,2404,macro,hybrid,random_forest,2
0,1,macro_auc,0.5205494062532977,"{""model__early_stopping"": false, ""model__max_iter"": 100, ""model__max_leaf_nodes"": 7}",0.511821233047266,0.5205494062532977,all,2015-01-02,2017-05-16,2017-05-17,2388,2017-05-18,2019-10-02,2392,macro,hybrid,hist_gradient_boosting,2
0,2,macro_auc,0.5348184623008295,"{""model__early_stopping"": false, ""model__max_iter"": 100, ""model__max_leaf_nodes"": 7}",0.5358726042011551,0.5348184623008295,all,2015-01-02,2019-10-01,2019-10-02,4780,2019-10-03,2022-02-15,2392,macro,hybrid,hist_gradient_boosting,2
0,3,macro_auc,0.4999011403125103,"{""model__early_stopping"": false, ""model__max_iter"": 100, ""model__max_leaf_nodes"": 7}",0.5005097483299674,0.4999011403125103,all,2015-01-02,2022-02-14,2022-02-15,7172,2022-02-16,2024-07-10,2404,macro,hybrid,hist_gradient_boosting,2
1,1,macro_auc,0.5103264073112427,"{""model__early_stopping"": false, ""model__max_iter"": 100, ""model__max_leaf_nodes"": 15}",0.5014691492682312,0.5103264073112427,all,2015-01-02,2017-05-16,2017-05-17,2388,2017-05-18,2019-10-02,2392,macro,hybrid,hist_gradient_boosting,2
1,2,macro_auc,0.5217559936413728,"{""model__early_stopping"": false, ""model__max_iter"": 100, ""model__max_leaf_nodes"": 15}",0.5221525614142323,0.5217559936413728,all,2015-01-02,2019-10-01,2019-10-02,4780,2019-10-03,2022-02-15,2392,macro,hybrid,hist_gradient_boosting,2
1,3,macro_auc,0.4996286629730002,"{""model__early_stopping"": false, ""model__max_iter"": 100, ""model__max_leaf_nodes"": 15}",0.500120328347278,0.4996286629730002,all,2015-01-02,2022-02-14,2022-02-15,7172,2022-02-16,2024-07-10,2404,macro,hybrid,hist_gradient_boosting,2
0,1,macro_auc,0.5152188461738959,"{""model__C"": 0.1}",0.5029702136912506,0.5152188461738959,all,2015-01-02,2017-05-16,2017-05-17,2388,2017-05-18,2019-10-02,2392,macro,lag_1,logistic_regression,2
0,2,macro_auc,0.51333465875427,"{""model__C"": 0.1}",0.5125629989331567,0.51333465875427,all,2015-01-02,2019-10-01,2019-10-02,4780,2019-10-03,2022-02-15,2392,macro,lag_1,logistic_regression,2
0,3,macro_auc,0.5067068208930654,"{""model__C"": 0.1}",0.5060441587696132,0.5067068208930654,all,2015-01-02,2022-02-14,2022-02-15,7172,2022-02-16,2024-07-10,2404,macro,lag_1,logistic_regression,2
1,1,macro_auc,0.5122973116150087,"{""model__C"": 10.0}",0.5016045256390922,0.5122973116150087,all,2015-01-02,2017-05-16,2017-05-17,2388,2017-05-18,2019-10-02,2392,macro,lag_1,logistic_regression,2
1,2,macro_auc,0.5125745895959857,"{""model__C"": 10.0}",0.5120083536373129,0.5125745895959857,all,2015-01-02,2019-10-01,2019-10-02,4780,2019-10-03,2022-02-15,2392,macro,lag_1,logistic_regression,2
1,3,macro_auc,0.5052611743243138,"{""model__C"": 10.0}",0.50477845713398,0.5052611743243138,all,2015-01-02,2022-02-14,2022-02-15,7172,2022-02-16,2024-07-10,2404,macro,lag_1,logistic_regression,2
0,1,macro_auc,0.5120115969255798,"{""model__max_depth"": 4, ""model__min_samples_leaf"": 20, ""model__n_estimators"": 100}",0.4985396186314361,0.5120115969255798,all,2015-01-02,2017-05-16,2017-05-17,2388,2017-05-18,2019-10-02,2392,macro,lag_1,random_forest,2
0,2,macro_auc,0.5068966903351533,"{""model__max_depth"": 4, ""model__min_samples_leaf"": 20, ""model__n_estimators"": 100}",0.5114324846694343,0.5068966903351533,all,2015-01-02,2019-10-01,2019-10-02,4780,2019-10-03,2022-02-15,2392,macro,lag_1,random_forest,2
0,3,macro_auc,0.5033211037637062,"{""model__max_depth"": 4, ""model__min_samples_leaf"": 20, ""model__n_estimators"": 100}",0.5034517244057791,0.5033211037637062,all,2015-01-02,2022-02-14,2022-02-15,7172,2022-02-16,2024-07-10,2404,macro,lag_1,random_forest,2
1,1,macro_auc,0.5015444312108872,"{""model__max_depth"": 8, ""model__min_samples_leaf"": 20, ""model__n_estimators"": 100}",0.49213449256657466,0.5015444312108872,all,2015-01-02,2017-05-16,2017-05-17,2388,2017-05-18,2019-10-02,2392,macro,lag_1,random_forest,2
1,2,macro_auc,0.5122668765803307,"{""model__max_depth"": 8, ""model__min_samples_leaf"": 20, ""model__n_estimators"": 100}",0.5146386740581642,0.5122668765803307,all,2015-01-02,2019-10-01,2019-10-02,4780,2019-10-03,2022-02-15,2392,macro,lag_1,random_forest,2
1,3,macro_auc,0.4936747298321401,"{""model__max_depth"": 8, ""model__min_samples_leaf"": 20, ""model__n_estimators"": 100}",0.4933281919261413,0.4936747298321401,all,2015-01-02,2022-02-14,2022-02-15,7172,2022-02-16,2024-07-10,2404,macro,lag_1,random_forest,2
0,1,macro_auc,0.49912967877298053,"{""model__early_stopping"": false, ""model__max_iter"": 100, ""model__max_leaf_nodes"": 7}",0.4936345048416342,0.49912967877298053,all,2015-01-02,2017-05-16,2017-05-17,2388,2017-05-18,2019-10-02,2392,macro,lag_1,hist_gradient_boosting,2
0,2,macro_auc,0.5186680076359911,"{""model__early_stopping"": false, ""model__max_iter"": 100, ""model__max_leaf_nodes"": 7}",0.5184950152668948,0.5186680076359911,all,2015-01-02,2019-10-01,2019-10-02,4780,2019-10-03,2022-02-15,2392,macro,lag_1,hist_gradient_boosting,2
0,3,macro_auc,0.4907010021307766,"{""model__early_stopping"": false, ""model__max_iter"": 100, ""model__max_leaf_nodes"": 7}",0.4905048103597505,0.4907010021307766,all,2015-01-02,2022-02-14,2022-02-15,7172,2022-02-16,2024-07-10,2404,macro,lag_1,hist_gradient_boosting,2
1,1,macro_auc,0.49825533228914787,"{""model__early_stopping"": false, ""model__max_iter"": 100, ""model__max_leaf_nodes"": 15}",0.49242488540355134,0.49825533228914787,all,2015-01-02,2017-05-16,2017-05-17,2388,2017-05-18,2019-10-02,2392,macro,lag_1,hist_gradient_boosting,2
1,2,macro_auc,0.5088814025874276,"{""model__early_stopping"": false, ""model__max_iter"": 100, ""model__max_leaf_nodes"": 15}",0.5088431966811837,0.5088814025874276,all,2015-01-02,2019-10-01,2019-10-02,4780,2019-10-03,2022-02-15,2392,macro,lag_1,hist_gradient_boosting,2
1,3,macro_auc,0.4943599377606948,"{""model__early_stopping"": false, ""model__max_iter"": 100, ""model__max_leaf_nodes"": 15}",0.494410800284072,0.4943599377606948,all,2015-01-02,2022-02-14,2022-02-15,7172,2022-02-16,2024-07-10,2404,macro,lag_1,hist_gradient_boosting,2
0,1,macro_auc,0.5162157148249105,"{""model__C"": 0.1}",0.4969155289817759,0.5162157148249105,all,2015-01-02,2017-07-21,2017-07-24,2572,2017-07-25,2020-02-13,2576,macro,base,logistic_regression,3
0,2,macro_auc,0.5267947938082885,"{""model__C"": 0.1}",0.5269881965944272,0.5267947938082885,all,2015-01-02,2020-02-12,2020-02-13,5148,2020-02-14,2022-09-02,2576,macro,base,logistic_regression,3
0,3,macro_auc,0.4895039024886414,"{""model__C"": 0.1}",0.491957932139021,0.4895039024886414,all,2015-01-02,2022-09-01,2022-09-02,7724,2022-09-06,2025-04-03,2588,macro,base,logistic_regression,3
1,1,macro_auc,0.5169011534393303,"{""model__C"": 10.0}",0.497421975407932,0.5169011534393303,all,2015-01-02,2017-07-21,2017-07-24,2572,2017-07-25,2020-02-13,2576,macro,base,logistic_regression,3
1,2,macro_auc,0.5264032953412283,"{""model__C"": 10.0}",0.5268467008513932,0.5264032953412283,all,2015-01-02,2020-02-12,2020-02-13,5148,2020-02-14,2022-09-02,2576,macro,base,logistic_regression,3
1,3,macro_auc,0.48982770952417465,"{""model__C"": 10.0}",0.492399685438085,0.48982770952417465,all,2015-01-02,2022-09-01,2022-09-02,7724,2022-09-06,2025-04-03,2588,macro,base,logistic_regression,3
0,1,macro_auc,0.5134061837968491,"{""model__max_depth"": 4, ""model__min_samples_leaf"": 20, ""model__n_estimators"": 100}",0.5007302532899305,0.5134061837968491,all,2015-01-02,2017-07-21,2017-07-24,2572,2017-07-25,2020-02-13,2576,macro,base,random_forest,3
0,2,macro_auc,0.5283941885750524,"{""model__max_depth"": 4, ""model__min_samples_leaf"": 20, ""model__n_estimators"": 100}",0.5280016447368421,0.5283941885750524,all,2015-01-02,2020-02-12,2020-02-13,5148,2020-02-14,2022-09-02,2576,macro,base,random_forest,3
0,3,macro_auc,0.5007762396989703,"{""model__max_depth"": 4, ""model__min_samples_leaf"": 20, ""model__n_estimators"": 100}",0.5022198552823385,0.5007762396989703,all,2015-01-02,2022-09-01,2022-09-02,7724,2022-09-06,2025-04-03,2588,macro,base,random_forest,3
1,1,macro_auc,0.5120245703222963,"{""model__max_depth"": 8, ""model__min_samples_leaf"": 20, ""model__n_estimators"": 100}",0.49983381278950084,0.5120245703222963,all,2015-01-02,2017-07-21,2017-07-24,2572,2017-07-25,2020-02-13,2576,macro,base,random_forest,3
1,2,macro_auc,0.5290009539585141,"{""model__max_depth"": 8, ""model__min_samples_leaf"": 20, ""model__n_estimators"": 100}",0.5270190354102167,0.5290009539585141,all,2015-01-02,2020-02-12,2020-02-13,5148,2020-02-14,2022-09-02,2576,macro,base,random_forest,3
1,3,macro_auc,0.500694046971241,"{""model__max_depth"": 8, ""model__min_samples_leaf"": 20, ""model__n_estimators"": 100}",0.5019642137870186,0.500694046971241,all,2015-01-02,2022-09-01,2022-09-02,7724,2022-09-06,2025-04-03,2588,macro,base,random_forest,3
0,1,macro_auc,0.5066691873381175,"{""model__early_stopping"": false, ""model__max_iter"": 100, ""model__max_leaf_nodes"": 7}",0.49859104784675357,0.5066691873381175,all,2015-01-02,2017-07-21,2017-07-24,2572,2017-07-25,2020-02-13,2576,macro,base,hist_gradient_boosting,3
0,2,macro_auc,0.520588869360316,"{""model__early_stopping"": false, ""model__max_iter"": 100, ""model__max_leaf_nodes"": 7}",0.5198348006965945,0.520588869360316,all,2015-01-02,2020-02-12,2020-02-13,5148,2020-02-14,2022-09-02,2576,macro,base,hist_gradient_boosting,3
0,3,macro_auc,0.5042866819694495,"{""model__early_stopping"": false, ""model__max_iter"": 100, ""model__max_leaf_nodes"": 7}",0.5035073533642781,0.5042866819694495,all,2015-01-02,2022-09-01,2022-09-02,7724,2022-09-06,2025-04-03,2588,macro,base,hist_gradient_boosting,3
1,1,macro_auc,0.5133909834652584,"{""model__early_stopping"": false, ""model__max_iter"": 100, ""model__max_leaf_nodes"": 15}",0.5059991156899529,0.5133909834652584,all,2015-01-02,2017-07-21,2017-07-24,2572,2017-07-25,2020-02-13,2576,macro,base,hist_gradient_boosting,3
1,2,macro_auc,0.5235015532183869,"{""model__early_stopping"": false, ""model__max_iter"": 100, ""model__max_leaf_nodes"": 15}",0.5245821642801858,0.5235015532183869,all,2015-01-02,2020-02-12,2020-02-13,5148,2020-02-14,2022-09-02,2576,macro,base,hist_gradient_boosting,3
1,3,macro_auc,0.5048061784146244,"{""model__early_stopping"": false, ""model__max_iter"": 100, ""model__max_leaf_nodes"": 15}",0.5035577024512813,0.5048061784146244,all,2015-01-02,2022-09-01,2022-09-02,7724,2022-09-06,2025-04-03,2588,macro,base,hist_gradient_boosting,3
0,1,macro_auc,0.5114218834807122,"{""model__C"": 0.1}",0.4998923422267752,0.5114218834807122,all,2015-01-02,2017-07-21,2017-07-24,2572,2017-07-25,2020-02-13,2576,macro,hybrid,logistic_regression,3
0,2,macro_auc,0.5161507432906334,"{""model__C"": 0.1}",0.5169976296439629,0.5161507432906334,all,2015-01-02,2020-02-12,2020-02-13,5148,2020-02-14,2022-09-02,2576,macro,hybrid,logistic_regression,3
0,3,macro_auc,0.5076979358016007,"{""model__C"": 0.1}",0.5055401977520332,0.5076979358016007,all,2015-01-02,2022-09-01,2022-09-02,7724,2022-09-06,2025-04-03,2588,macro,hybrid,logistic_regression,3
1,1,macro_auc,0.5106374503203938,"{""model__C"": 10.0}",0.49935799575798046,0.5106374503203938,all,2015-01-02,2017-07-21,2017-07-24,2572,2017-07-25,2020-02-13,2576,macro,hybrid,logistic_regression,3
1,2,macro_auc,0.5142359398199156,"{""model__C"": 10.0}",0.515680026122291,0.5142359398199156,all,2015-01-02,2020-02-12,2020-02-13,5148,2020-02-14,2022-09-02,2576,macro,hybrid,logistic_regression,3
1,3,macro_auc,0.50803598798333,"{""model__C"": 10.0}",0.5060334989258861,0.50803598798333,all,2015-01-02,2022-09-01,2022-09-02,7724,2022-09-06,2025-04-03,2588,macro,hybrid,logistic_regression,3
0,1,macro_auc,0.5158768241787471,"{""model__max_depth"": 4, ""model__min_samples_leaf"": 20, ""model__n_estimators"": 100}",0.5016646014569888,0.5158768241787471,all,2015-01-02,2017-07-21,2017-07-24,2572,2017-07-25,2020-02-13,2576,macro,hybrid,random_forest,3
0,2,macro_auc,0.5195063654468176,"{""model__max_depth"": 4, ""model__min_samples_leaf"": 20, ""model__n_estimators"": 100}",0.5193111455108359,0.5195063654468176,all,2015-01-02,2020-02-12,2020-02-13,5148,2020-02-14,2022-09-02,2576,macro,hybrid,random_forest,3
0,3,macro_auc,0.5091112987691859,"{""model__max_depth"": 4, ""model__min_samples_leaf"": 20, ""model__n_estimators"": 100}",0.5053681717047721,0.5091112987691859,all,2015-01-02,2022-09-01,2022-09-02,7724,2022-09-06,2025-04-03,2588,macro,hybrid,random_forest,3
1,1,macro_auc,0.5172991443607122,"{""model__max_depth"": 8, ""model__min_samples_leaf"": 20, ""model__n_estimators"": 100}",0.50442124697421,0.5172991443607122,all,2015-01-02,2017-07-21,2017-07-24,2572,2017-07-25,2020-02-13,2576,macro,hybrid,random_forest,3
1,2,macro_auc,0.5134324775321362,"{""model__max_depth"": 8, ""model__min_samples_leaf"": 20, ""model__n_estimators"": 100}",0.5148074690402477,0.5134324775321362,all,2015-01-02,2020-02-12,2020-02-13,5148,2020-02-14,2022-09-02,2576,macro,hybrid,random_forest,3
1,3,macro_auc,0.5087950544139717,"{""model__max_depth"": 8, ""model__min_samples_leaf"": 20, ""model__n_estimators"": 100}",0.5063739546570507,0.5087950544139717,all,2015-01-02,2022-09-01,2022-09-02,7724,2022-09-06,2025-04-03,2588,macro,hybrid,random_forest,3
0,1,macro_auc,0.5178056833174755,"{""model__early_stopping"": false, ""model__max_iter"": 100, ""model__max_leaf_nodes"": 7}",0.5094499263984744,0.5178056833174755,all,2015-01-02,2017-07-21,2017-07-24,2572,2017-07-25,2020-02-13,2576,macro,hybrid,hist_gradient_boosting,3
0,2,macro_auc,0.5136395219180928,"{""model__early_stopping"": false, ""model__max_iter"": 100, ""model__max_leaf_nodes"": 7}",0.5127258489744582,0.5136395219180928,all,2015-01-02,2020-02-12,2020-02-13,5148,2020-02-14,2022-09-02,2576,macro,hybrid,hist_gradient_boosting,3
0,3,macro_auc,0.5015317149354707,"{""model__early_stopping"": false, ""model__max_iter"": 100, ""model__max_leaf_nodes"": 7}",0.4996151891207611,0.5015317149354707,all,2015-01-02,2022-09-01,2022-09-02,7724,2022-09-06,2025-04-03,2588,macro,hybrid,hist_gradient_boosting,3
1,1,macro_auc,0.5190708855698669,"{""model__early_stopping"": false, ""model__max_iter"": 100, ""model__max_leaf_nodes"": 15}",0.5122805676809545,0.5190708855698669,all,2015-01-02,2017-07-21,2017-07-24,2572,2017-07-25,2020-02-13,2576,macro,hybrid,hist_gradient_boosting,3
1,2,macro_auc,0.5228645541124897,"{""model__early_stopping"": false, ""model__max_iter"": 100, ""model__max_leaf_nodes"": 15}",0.5217991123258514,0.5228645541124897,all,2015-01-02,2020-02-12,2020-02-13,5148,2020-02-14,2022-09-02,2576,macro,hybrid,hist_gradient_boosting,3
1,3,macro_auc,0.5103212605586348,"{""model__early_stopping"": false, ""model__max_iter"": 100, ""model__max_leaf_nodes"": 15}",0.5092762198864509,0.5103212605586348,all,2015-01-02,2022-09-01,2022-09-02,7724,2022-09-06,2025-04-03,2588,macro,hybrid,hist_gradient_boosting,3
0,1,macro_auc,0.5096205287171133,"{""model__C"": 0.1}",0.49961152223239164,0.5096205287171133,all,2015-01-02,2017-07-21,2017-07-24,2572,2017-07-25,2020-02-13,2576,macro,lag_1,logistic_regression,3
0,2,macro_auc,0.5018509411173617,"{""model__C"": 0.1}",0.5018636319659442,0.5018509411173617,all,2015-01-02,2020-02-12,2020-02-13,5148,2020-02-14,2022-09-02,2576,macro,lag_1,logistic_regression,3
0,3,macro_auc,0.5102536004005587,"{""model__C"": 0.1}",0.5073605570047568,0.5102536004005587,all,2015-01-02,2022-09-01,2022-09-02,7724,2022-09-06,2025-04-03,2588,macro,lag_1,logistic_regression,3
1,1,macro_auc,0.5102732358212453,"{""model__C"": 10.0}",0.5007645218205626,0.5102732358212453,all,2015-01-02,2017-07-21,2017-07-24,2572,2017-07-25,2020-02-13,2576,macro,lag_1,logistic_regression,3
1,2,macro_auc,0.5024818488062825,"{""model__C"": 10.0}",0.5024906878869969,0.5024818488062825,all,2015-01-02,2020-02-12,2020-02-13,5148,2020-02-14,2022-09-02,2576,macro,lag_1,logistic_regression,3
1,3,macro_auc,0.5101874534815021,"{""model__C"": 10.0}",0.5073293885223262,0.5101874534815021,all,2015-01-02,2022-09-01,2022-09-02,7724,2022-09-06,2025-04-03,2588,macro,lag_1,logistic_regression,3
0,1,macro_auc,0.5133631194846036,"{""model__max_depth"": 4, ""model__min_samples_leaf"": 20, ""model__n_estimators"": 100}",0.5009998526149921,0.5133631194846036,all,2015-01-02,2017-07-21,2017-07-24,2572,2017-07-25,2020-02-13,2576,macro,lag_1,random_forest,3
0,2,macro_auc,0.4983705932567484,"{""model__max_depth"": 4, ""model__min_samples_leaf"": 20, ""model__n_estimators"": 100}",0.5006197997291022,0.4983705932567484,all,2015-01-02,2020-02-12,2020-02-13,5148,2020-02-14,2022-09-02,2576,macro,lag_1,random_forest,3
0,3,macro_auc,0.5139651388572775,"{""model__max_depth"": 4, ""model__min_samples_leaf"": 20, ""model__n_estimators"": 100}",0.5101998858754028,0.5139651388572775,all,2015-01-02,2022-09-01,2022-09-02,7724,2022-09-06,2025-04-03,2588,macro,lag_1,random_forest,3
1,1,macro_auc,0.5089697569513946,"{""model__max_depth"": 8, ""model__min_samples_leaf"": 20, ""model__n_estimators"": 100}",0.49911538669155836,0.5089697569513946,all,2015-01-02,2017-07-21,2017-07-24,2572,2017-07-25,2020-02-13,2576,macro,lag_1,random_forest,3
1,2,macro_auc,0.4998653817351747,"{""model__max_depth"": 8, ""model__min_samples_leaf"": 20, ""model__n_estimators"": 100}",0.502321376741486,0.4998653817351747,all,2015-01-02,2020-02-12,2020-02-13,5148,2020-02-14,2022-09-02,2576,macro,lag_1,random_forest,3
1,3,macro_auc,0.5047642864236908,"{""model__max_depth"": 8, ""model__min_samples_leaf"": 20, ""model__n_estimators"": 100}",0.5047298172088385,0.5047642864236908,all,2015-01-02,2022-09-01,2022-09-02,7724,2022-09-06,2025-04-03,2588,macro,lag_1,random_forest,3
0,1,macro_auc,0.5131715783937901,"{""model__early_stopping"": false, ""model__max_iter"": 100, ""model__max_leaf_nodes"": 7}",0.5059906243726282,0.5131715783937901,all,2015-01-02,2017-07-21,2017-07-24,2572,2017-07-25,2020-02-13,2576,macro,lag_1,hist_gradient_boosting,3
0,2,macro_auc,0.505691439141799,"{""model__early_stopping"": false, ""model__max_iter"": 100, ""model__max_leaf_nodes"": 7}",0.5059506820820433,0.505691439141799,all,2015-01-02,2020-02-12,2020-02-13,5148,2020-02-14,2022-09-02,2576,macro,lag_1,hist_gradient_boosting,3
0,3,macro_auc,0.49638835561834094,"{""model__early_stopping"": false, ""model__max_iter"": 100, ""model__max_leaf_nodes"": 7}",0.49632451664876476,0.49638835561834094,all,2015-01-02,2022-09-01,2022-09-02,7724,2022-09-06,2025-04-03,2588,macro,lag_1,hist_gradient_boosting,3
1,1,macro_auc,0.5137352089767533,"{""model__early_stopping"": false, ""model__max_iter"": 100, ""model__max_leaf_nodes"": 15}",0.5084370335461621,0.5137352089767533,all,2015-01-02,2017-07-21,2017-07-24,2572,2017-07-25,2020-02-13,2576,macro,lag_1,hist_gradient_boosting,3
1,2,macro_auc,0.4982241589327227,"{""model__early_stopping"": false, ""model__max_iter"": 100, ""model__max_leaf_nodes"": 15}",0.49849192143962845,0.4982241589327227,all,2015-01-02,2020-02-12,2020-02-13,5148,2020-02-14,2022-09-02,2576,macro,lag_1,hist_gradient_boosting,3
1,3,macro_auc,0.5035103942194051,"{""model__early_stopping"": false, ""model__max_iter"": 100, ""model__max_leaf_nodes"": 15}",0.5030820833972687,0.5035103942194051,all,2015-01-02,2022-09-01,2022-09-02,7724,2022-09-06,2025-04-03,2588,macro,lag_1,hist_gradient_boosting,3
0,1,macro_auc,0.5196821062536762,"{""model__C"": 0.1}",0.4937573934275518,0.5196821062536762,all,2015-01-02,2017-03-10,2017-03-13,2204,2017-03-14,2019-05-22,2208,tuned,base,logistic_regression,1
0,2,macro_auc,0.540907658811572,"{""model__C"": 0.1}",0.5408604668154524,0.540907658811572,all,2015-01-02,2019-05-21,2019-05-22,4412,2019-05-23,2021-07-30,2208,tuned,base,logistic_regression,1
0,3,macro_auc,0.47158222515767884,"{""model__C"": 0.1}",0.4699820934662353,0.47158222515767884,all,2015-01-02,2021-07-29,2021-07-30,6620,2021-08-02,2023-10-12,2216,tuned,base,logistic_regression,1
1,1,macro_auc,0.5179163919174202,"{""model__C"": 10.0}",0.4926798888885227,0.5179163919174202,all,2015-01-02,2017-03-10,2017-03-13,2204,2017-03-14,2019-05-22,2208,tuned,base,logistic_regression,1
1,2,macro_auc,0.5344524075230075,"{""model__C"": 10.0}",0.5360324007651841,0.5344524075230075,all,2015-01-02,2019-05-21,2019-05-22,4412,2019-05-23,2021-07-30,2208,tuned,base,logistic_regression,1
1,3,macro_auc,0.4714452783446539,"{""model__C"": 10.0}",0.4695491076088091,0.4714452783446539,all,2015-01-02,2021-07-29,2021-07-30,6620,2021-08-02,2023-10-12,2216,tuned,base,logistic_regression,1
2,1,macro_auc,0.5196821062536762,"{""model__C"": 0.1}",0.4937573934275518,0.5196821062536762,3,2015-01-02,2017-03-10,2017-03-13,2204,2017-03-14,2019-05-22,2208,tuned,base,logistic_regression,1
2,2,macro_auc,0.5328494397852961,"{""model__C"": 0.1}",0.5359792629789043,0.5328494397852961,3,2016-05-23,2019-05-21,2019-05-22,3016,2019-05-23,2021-07-30,2208,tuned,base,logistic_regression,1
2,3,macro_auc,0.4733898280879294,"{""model__C"": 0.1}",0.4747612462164701,0.4733898280879294,3,2018-08-02,2021-07-29,2021-07-30,3012,2021-08-02,2023-10-12,2216,tuned,base,logistic_regression,1
3,1,macro_auc,0.5179163919174202,"{""model__C"": 10.0}",0.4926798888885227,0.5179163919174202,3,2015-01-02,2017-03-10,2017-03-13,2204,2017-03-14,2019-05-22,2208,tuned,base,logistic_regression,1
3,2,macro_auc,0.5211968565139693,"{""model__C"": 10.0}",0.5251076040172166,0.5211968565139693,3,2016-05-23,2019-05-21,2019-05-22,3016,2019-05-23,2021-07-30,2208,tuned,base,logistic_regression,1
3,3,macro_auc,0.4729791770539415,"{""model__C"": 10.0}",0.4743323374386807,0.4729791770539415,3,2018-08-02,2021-07-29,2021-07-30,3012,2021-08-02,2023-10-12,2216,tuned,base,logistic_regression,1
4,1,macro_auc,0.5196821062536762,"{""model__C"": 0.1}",0.4937573934275518,0.5196821062536762,5,2015-01-02,2017-03-10,2017-03-13,2204,2017-03-14,2019-05-22,2208,tuned,base,logistic_regression,1
4,2,macro_auc,0.540907658811572,"{""model__C"": 0.1}",0.5408604668154524,0.540907658811572,5,2015-01-02,2019-05-21,2019-05-22,4412,2019-05-23,2021-07-30,2208,tuned,base,logistic_regression,1
4,3,macro_auc,0.4735176474690275,"{""model__C"": 0.1}",0.47163983404655047,0.4735176474690275,5,2016-08-02,2021-07-29,2021-07-30,5028,2021-08-02,2023-10-12,2216,tuned,base,logistic_regression,1
5,1,macro_auc,0.5179163919174202,"{""model__C"": 10.0}",0.4926798888885227,0.5179163919174202,5,2015-01-02,2017-03-10,2017-03-13,2204,2017-03-14,2019-05-22,2208,tuned,base,logistic_regression,1
5,2,macro_auc,0.5344524075230075,"{""model__C"": 10.0}",0.5360324007651841,0.5344524075230075,5,2015-01-02,2019-05-21,2019-05-22,4412,2019-05-23,2021-07-30,2208,tuned,base,logistic_regression,1
5,3,macro_auc,0.47237234438445497,"{""model__C"": 10.0}",0.4708423572695961,0.47237234438445497,5,2016-08-02,2021-07-29,2021-07-30,5028,2021-08-02,2023-10-12,2216,tuned,base,logistic_regression,1
0,1,macro_auc,0.5003100131421513,"{""model__max_depth"": 4, ""model__min_samples_leaf"": 20, ""model__n_estimators"": 100}",0.48726476955571885,0.5003100131421513,all,2015-01-02,2017-03-10,2017-03-13,2204,2017-03-14,2019-05-22,2208,tuned,base,random_forest,1
0,2,macro_auc,0.5313677038100371,"{""model__max_depth"": 4, ""model__min_samples_leaf"": 20, ""model__n_estimators"": 100}",0.5302918592911419,0.5313677038100371,all,2015-01-02,2019-05-21,2019-05-22,4412,2019-05-23,2021-07-30,2208,tuned,base,random_forest,1
0,3,macro_auc,0.4812051439303986,"{""model__max_depth"": 4, ""model__min_samples_leaf"": 20, ""model__n_estimators"": 100}",0.4806648575305291,0.4812051439303986,all,2015-01-02,2021-07-29,2021-07-30,6620,2021-08-02,2023-10-12,2216,tuned,base,random_forest,1
1,1,macro_auc,0.5051070965924371,"{""model__max_depth"": 8, ""model__min_samples_leaf"": 20, ""model__n_estimators"": 100}",0.49189317877019495,0.5051070965924371,all,2015-01-02,2017-03-10,2017-03-13,2204,2017-03-14,2019-05-22,2208,tuned,base,random_forest,1
1,2,macro_auc,0.5220910620959935,"{""model__max_depth"": 8, ""model__min_samples_leaf"": 20, ""model__n_estimators"": 100}",0.5208466177799033,0.5220910620959935,all,2015-01-02,2019-05-21,2019-05-22,4412,2019-05-23,2021-07-30,2208,tuned,base,random_forest,1
1,3,macro_auc,0.49630558692228866,"{""model__max_depth"": 8, ""model__min_samples_leaf"": 20, ""model__n_estimators"": 100}",0.49588704206241524,0.49630558692228866,all,2015-01-02,2021-07-29,2021-07-30,6620,2021-08-02,2023-10-12,2216,tuned,base,random_forest,1
2,1,macro_auc,0.5043415229941766,"{""model__max_depth"": 8, ""model__max_features"": 0.5, ""model__min_samples_leaf"": 20, ""model__n_estimators"": 100}",0.49173830808721525,0.5043415229941766,all,2015-01-02,2017-03-10,2017-03-13,2204,2017-03-14,2019-05-22,2208,tuned,base,random_forest,1
2,2,macro_auc,0.521128338858062,"{""model__max_depth"": 8, ""model__max_features"": 0.5, ""model__min_samples_leaf"": 20, ""model__n_estimators"": 100}",0.5195613475742601,0.521128338858062,all,2015-01-02,2019-05-21,2019-05-22,4412,2019-05-23,2021-07-30,2208,tuned,base,random_forest,1
2,3,macro_auc,0.49481595188113114,"{""model__max_depth"": 8, ""model__max_features"": 0.5, ""model__min_samples_leaf"": 20, ""model__n_estimators"": 100}",0.49503248617054585,0.49481595188113114,all,2015-01-02,2021-07-29,2021-07-30,6620,2021-08-02,2023-10-12,2216,tuned,base,random_forest,1
3,1,macro_auc,0.49887286273239984,"{""model__max_depth"": 8, ""model__max_features"": 1.0, ""model__min_samples_leaf"": 5, ""model__n_estimators"": 100}",0.4888797906939195,0.49887286273239984,3,2015-01-02,2017-03-10,2017-03-13,2204,2017-03-14,2019-05-22,2208,tuned,base,random_forest,1
3,2,macro_auc,0.5160488405009771,"{""model__max_depth"": 8, ""model__max_features"": 1.0, ""model__min_samples_leaf"": 5, ""model__n_estimators"": 100}",0.5179356634252618,0.5160488405009771,3,2016-05-23,2019-05-21,2019-05-22,3016,2019-05-23,2021-07-30,2208,tuned,base,random_forest,1
3,3,macro_auc,0.49325655466534357,"{""model__max_depth"": 8, ""model__max_features"": 1.0, ""model__min_samples_leaf"": 5, ""model__n_estimators"": 100}",0.49281781651184636,0.49325655466534357,3,2018-08-02,2021-07-29,2021-07-30,3012,2021-08-02,2023-10-12,2216,tuned,base,random_forest,1
4,1,macro_auc,0.506022971655989,"{""model__max_depth"": 3, ""model__max_features"": 1.0, ""model__min_samples_leaf"": 20, ""model__n_estimators"": 100}",0.4919730854523707,0.506022971655989,5,2015-01-02,2017-03-10,2017-03-13,2204,2017-03-14,2019-05-22,2208,tuned,base,random_forest,1
4,2,macro_auc,0.5329222863797219,"{""model__max_depth"": 3, ""model__max_features"": 1.0, ""model__min_samples_leaf"": 20, ""model__n_estimators"": 100}",0.5333821536744779,0.5329222863797219,5,2015-01-02,2019-05-21,2019-05-22,4412,2019-05-23,2021-07-30,2208,tuned,base,random_forest,1
4,3,macro_auc,0.4795419362450758,"{""model__max_depth"": 3, ""model__max_features"": 1.0, ""model__min_samples_leaf"": 20, ""model__n_estimators"": 100}",0.4787910317294646,0.4795419362450758,5,2016-08-02,2021-07-29,2021-07-30,5028,2021-08-02,2023-10-12,2216,tuned,base,random_forest,1
5,1,macro_auc,0.5038649463367646,"{""model__max_depth"": 8, ""model__max_features"": 1.0, ""model__min_samples_leaf"": 20, ""model__n_estimators"": 200}",0.4890700839267297,0.5038649463367646,all,2015-01-02,2017-03-10,2017-03-13,2204,2017-03-14,2019-05-22,2208,tuned,base,random_forest,1
5,2,macro_auc,0.5272909721278777,"{""model__max_depth"": 8, ""model__max_features"": 1.0, ""model__min_samples_leaf"": 20, ""model__n_estimators"": 200}",0.5262807867049258,0.5272909721278777,all,2015-01-02,2019-05-21,2019-05-22,4412,2019-05-23,2021-07-30,2208,tuned,base,random_forest,1
5,3,macro_auc,0.49091732407476973,"{""model__max_depth"": 8, ""model__max_features"": 1.0, ""model__min_samples_leaf"": 20, ""model__n_estimators"": 200}",0.4902386559336186,0.49091732407476973,all,2015-01-02,2021-07-29,2021-07-30,6620,2021-08-02,2023-10-12,2216,tuned,base,random_forest,1
6,1,macro_auc,0.5025245327643929,"{""model__max_depth"": 3, ""model__max_features"": 0.5, ""model__min_samples_leaf"": 40, ""model__n_estimators"": 200}",0.48739822195275456,0.5025245327643929,3,2015-01-02,2017-03-10,2017-03-13,2204,2017-03-14,2019-05-22,2208,tuned,base,random_forest,1
6,2,macro_auc,0.5454332588694069,"{""model__max_depth"": 3, ""model__max_features"": 0.5, ""model__min_samples_leaf"": 40, ""model__n_estimators"": 200}",0.5446540065890855,0.5454332588694069,3,2016-05-23,2019-05-21,2019-05-22,3016,2019-05-23,2021-07-30,2208,tuned,base,random_forest,1
6,3,macro_auc,0.48051161604498205,"{""model__max_depth"": 3, ""model__max_features"": 0.5, ""model__min_samples_leaf"": 40, ""model__n_estimators"": 200}",0.4784245022701179,0.48051161604498205,3,2018-08-02,2021-07-29,2021-07-30,3012,2021-08-02,2023-10-12,2216,tuned,base,random_forest,1
7,1,macro_auc,0.5050864377323512,"{""model__max_depth"": 4, ""model__max_features"": 1.0, ""model__min_samples_leaf"": 5, ""model__n_estimators"": 200}",0.4925818590413175,0.5050864377323512,5,2015-01-02,2017-03-10,2017-03-13,2204,2017-03-14,2019-05-22,2208,tuned,base,random_forest,1
7,2,macro_auc,0.531537861162382,"{""model__max_depth"": 4, ""model__max_features"": 1.0, ""model__min_samples_leaf"": 5, ""model__n_estimators"": 200}",0.5314550786439237,0.531537861162382,5,2015-01-02,2019-05-21,2019-05-22,4412,2019-05-23,2021-07-30,2208,tuned,base,random_forest,1
7,3,macro_auc,0.4760783595618783,"{""model__max_depth"": 4, ""model__max_features"": 1.0, ""model__min_samples_leaf"": 5, ""model__n_estimators"": 200}",0.47592076766517066,0.4760783595618783,5,2016-08-02,2021-07-29,2021-07-30,5028,2021-08-02,2023-10-12,2216,tuned,base,random_forest,1
8,1,macro_auc,0.5100611116537255,"{""model__max_depth"": 6, ""model__max_features"": 1.0, ""model__min_samples_leaf"": 10, ""model__n_estimators"": 200}",0.4965047004899845,0.5100611116537255,all,2015-01-02,2017-03-10,2017-03-13,2204,2017-03-14,2019-05-22,2208,tuned,base,random_forest,1
8,2,macro_auc,0.5253116018720686,"{""model__max_depth"": 6, ""model__max_features"": 1.0, ""model__min_samples_leaf"": 10, ""model__n_estimators"": 200}",0.5252180309793294,0.5253116018720686,all,2015-01-02,2019-05-21,2019-05-22,4412,2019-05-23,2021-07-30,2208,tuned,base,random_forest,1
8,3,macro_auc,0.48683385268943696,"{""model__max_depth"": 6, ""model__max_features"": 1.0, ""model__min_samples_leaf"": 10, ""model__n_estimators"": 200}",0.4860808501200292,0.48683385268943696,all,2015-01-02,2021-07-29,2021-07-30,6620,2021-08-02,2023-10-12,2216,tuned,base,random_forest,1
9,1,macro_auc,0.5056548066500637,"{""model__max_depth"": 4, ""model__max_features"": ""sqrt"", ""model__min_samples_leaf"": 10, ""model__n_estimators"": 200}",0.4904738054362905,0.5056548066500637,3,2015-01-02,2017-03-10,2017-03-13,2204,2017-03-14,2019-05-22,2208,tuned,base,random_forest,1
9,2,macro_auc,0.5284893269420523,"{""model__max_depth"": 4, ""model__max_features"": ""sqrt"", ""model__min_samples_leaf"": 10, ""model__n_estimators"": 200}",0.528520046229874,0.5284893269420523,3,2016-05-23,2019-05-21,2019-05-22,3016,2019-05-23,2021-07-30,2208,tuned,base,random_forest,1
9,3,macro_auc,0.4857448780535946,"{""model__max_depth"": 4, ""model__max_features"": ""sqrt"", ""model__min_samples_leaf"": 10, ""model__n_estimators"": 200}",0.4848764807953241,0.4857448780535946,3,2018-08-02,2021-07-29,2021-07-30,3012,2021-08-02,2023-10-12,2216,tuned,base,random_forest,1
10,1,macro_auc,0.5020826488177847,"{""model__max_depth"": 6, ""model__max_features"": ""sqrt"", ""model__min_samples_leaf"": 40, ""model__n_estimators"": 100}",0.4857263599787794,0.5020826488177847,5,2015-01-02,2017-03-10,2017-03-13,2204,2017-03-14,2019-05-22,2208,tuned,base,random_forest,1
10,2,macro_auc,0.5448280919400805,"{""model__max_depth"": 6, ""model__max_features"": ""sqrt"", ""model__min_samples_leaf"": 40, ""model__n_estimators"": 100}",0.5438577700727988,0.5448280919400805,5,2015-01-02,2019-05-21,2019-05-22,4412,2019-05-23,2021-07-30,2208,tuned,base,random_forest,1
10,3,macro_auc,0.474518531068423,"{""model__max_depth"": 6, ""model__max_features"": ""sqrt"", ""model__min_samples_leaf"": 40, ""model__n_estimators"": 100}",0.47279120133597746,0.474518531068423,5,2016-08-02,2021-07-29,2021-07-30,5028,2021-08-02,2023-10-12,2216,tuned,base,random_forest,1
11,1,macro_auc,0.5005733655608384,"{""model__max_depth"": 8, ""model__max_features"": 0.5, ""model__min_samples_leaf"": 10, ""model__n_estimators"": 200}",0.4858276849468991,0.5005733655608384,all,2015-01-02,2017-03-10,2017-03-13,2204,2017-03-14,2019-05-22,2208,tuned,base,random_forest,1
11,2,macro_auc,0.5253044999600938,"{""model__max_depth"": 8, ""model__max_features"": 0.5, ""model__min_samples_leaf"": 10, ""model__n_estimators"": 200}",0.524460817524842,0.5253044999600938,all,2015-01-02,2019-05-21,2019-05-22,4412,2019-05-23,2021-07-30,2208,tuned,base,random_forest,1
11,3,macro_auc,0.49034527552497764,"{""model__max_depth"": 8, ""model__max_features"": 0.5, ""model__min_samples_leaf"": 10, ""model__n_estimators"": 200}",0.4891305056883415,0.49034527552497764,all,2015-01-02,2021-07-29,2021-07-30,6620,2021-08-02,2023-10-12,2216,tuned,base,random_forest,1
12,1,macro_auc,0.5043415229941766,"{""model__max_depth"": 8, ""model__max_features"": 0.5, ""model__min_samples_leaf"": 20, ""model__n_estimators"": 100}",0.49173830808721525,0.5043415229941766,3,2015-01-02,2017-03-10,2017-03-13,2204,2017-03-14,2019-05-22,2208,tuned,base,random_forest,1
12,2,macro_auc,0.5242315704755307,"{""model__max_depth"": 8, ""model__max_features"": 0.5, ""model__min_samples_leaf"": 20, ""model__n_estimators"": 100}",0.5242474361018119,0.5242315704755307,3,2016-05-23,2019-05-21,2019-05-22,3016,2019-05-23,2021-07-30,2208,tuned,base,random_forest,1
12,3,macro_auc,0.5019435863278278,"{""model__max_depth"": 8, ""model__max_features"": 0.5, ""model__min_samples_leaf"": 20, ""model__n_estimators"": 100}",0.5022578867028494,0.5019435863278278,3,2018-08-02,2021-07-29,2021-07-30,3012,2021-08-02,2023-10-12,2216,tuned,base,random_forest,1
13,1,macro_auc,0.5066924960790715,"{""model__max_depth"": 8, ""model__max_features"": 1.0, ""model__min_samples_leaf"": 10, ""model__n_estimators"": 100}",0.4941346847722577,0.5066924960790715,5,2015-01-02,2017-03-10,2017-03-13,2204,2017-03-14,2019-05-22,2208,tuned,base,random_forest,1
13,2,macro_auc,0.5293758819982729,"{""model__max_depth"": 8, ""model__max_features"": 1.0, ""model__min_samples_leaf"": 10, ""model__n_estimators"": 100}",0.5285474454009246,0.5293758819982729,5,2015-01-02,2019-05-21,2019-05-22,4412,2019-05-23,2021-07-30,2208,tuned,base,random_forest,1
13,3,macro_auc,0.4874817743727208,"{""model__max_depth"": 8, ""model__max_features"": 1.0, ""model__min_samples_leaf"": 10, ""model__n_estimators"": 100}",0.4868139090387225,0.4874817743727208,5,2016-08-02,2021-07-29,2021-07-30,5028,2021-08-02,2023-10-12,2216,tuned,base,random_forest,1
14,1,macro_auc,0.5017696245062283,"{""model__max_depth"": 8, ""model__max_features"": ""sqrt"", ""model__min_samples_leaf"": 40, ""model__n_estimators"": 200}",0.48652295545985064,0.5017696245062283,all,2015-01-02,2017-03-10,2017-03-13,2204,2017-03-14,2019-05-22,2208,tuned,base,random_forest,1
14,2,macro_auc,0.5352546155911495,"{""model__max_depth"": 8, ""model__max_features"": ""sqrt"", ""model__min_samples_leaf"": 40, ""model__n_estimators"": 200}",0.5348048348743291,0.5352546155911495,all,2015-01-02,2019-05-21,2019-05-22,4412,2019-05-23,2021-07-30,2208,tuned,base,random_forest,1
14,3,macro_auc,0.4876135713575957,"{""model__max_depth"": 8, ""model__max_features"": ""sqrt"", ""model__min_samples_leaf"": 40, ""model__n_estimators"": 200}",0.4867433755610062,0.4876135713575957,all,2015-01-02,2021-07-29,2021-07-30,6620,2021-08-02,2023-10-12,2216,tuned,base,random_forest,1
15,1,macro_auc,0.509471308725827,"{""model__max_depth"": 4, ""model__max_features"": ""sqrt"", ""model__min_samples_leaf"": 10, ""model__n_estimators"": 100}",0.49544449533575635,0.509471308725827,3,2015-01-02,2017-03-10,2017-03-13,2204,2017-03-14,2019-05-22,2208,tuned,base,random_forest,1
15,2,macro_auc,0.5298529711101745,"{""model__max_depth"": 4, ""model__max_features"": ""sqrt"", ""model__min_samples_leaf"": 10, ""model__n_estimators"": 100}",0.5291174311865667,0.5298529711101745,3,2016-05-23,2019-05-21,2019-05-22,3016,2019-05-23,2021-07-30,2208,tuned,base,random_forest,1
15,3,macro_auc,0.4860792335251034,"{""model__max_depth"": 4, ""model__max_features"": ""sqrt"", ""model__min_samples_leaf"": 10, ""model__n_estimators"": 100}",0.4850917506001461,0.4860792335251034,3,2018-08-02,2021-07-29,2021-07-30,3012,2021-08-02,2023-10-12,2216,tuned,base,random_forest,1
16,1,macro_auc,0.50720856654101,"{""model__max_depth"": 3, ""model__max_features"": 1.0, ""model__min_samples_leaf"": 20, ""model__n_estimators"": 200}",0.49203651652997404,0.50720856654101,5,2015-01-02,2017-03-10,2017-03-13,2204,2017-03-14,2019-05-22,2208,tuned,base,random_forest,1
16,2,macro_auc,0.5313169187405657,"{""model__max_depth"": 3, ""model__max_features"": 1.0, ""model__min_samples_leaf"": 20, ""model__n_estimators"": 200}",0.531407337664063,0.5313169187405657,5,2015-01-02,2019-05-21,2019-05-22,4412,2019-05-23,2021-07-30,2208,tuned,base,random_forest,1
16,3,macro_auc,0.47577147144196724,"{""model__max_depth"": 3, ""model__max_features"": 1.0, ""model__min_samples_leaf"": 20, ""model__n_estimators"": 200}",0.4751461225341822,0.47577147144196724,5,2016-08-02,2021-07-29,2021-07-30,5028,2021-08-02,2023-10-12,2216,tuned,base,random_forest,1
17,1,macro_auc,0.49616946924922306,"{""model__max_depth"": 4, ""model__max_features"": 0.5, ""model__min_samples_leaf"": 40, ""model__n_estimators"": 100}",0.4842472625783004,0.49616946924922306,all,2015-01-02,2017-03-10,2017-03-13,2204,2017-03-14,2019-05-22,2208,tuned,base,random_forest,1
17,2,macro_auc,0.5313288589072885,"{""model__max_depth"": 4, ""model__max_features"": 0.5, ""model__min_samples_leaf"": 40, ""model__n_estimators"": 100}",0.5308605996599182,0.5313288589072885,all,2015-01-02,2019-05-21,2019-05-22,4412,2019-05-23,2021-07-30,2208,tuned,base,random_forest,1
17,3,macro_auc,0.4801286096584311,"{""model__max_depth"": 4, ""model__max_features"": 0.5, ""model__min_samples_leaf"": 40, ""model__n_estimators"": 100}",0.47927171941864105,0.4801286096584311,all,2015-01-02,2021-07-29,2021-07-30,6620,2021-08-02,2023-10-12,2216,tuned,base,random_forest,1
18,1,macro_auc,0.4997699615578939,"{""model__max_depth"": 4, ""model__max_features"": ""sqrt"", ""model__min_samples_leaf"": 40, ""model__n_estimators"": 100}",0.485099463224803,0.4997699615578939,3,2015-01-02,2017-03-10,2017-03-13,2204,2017-03-14,2019-05-22,2208,tuned,base,random_forest,1
18,2,macro_auc,0.542359001057433,"{""model__max_depth"": 4, ""model__max_features"": ""sqrt"", ""model__min_samples_leaf"": 40, ""model__n_estimators"": 100}",0.5420681060364525,0.542359001057433,3,2016-05-23,2019-05-21,2019-05-22,3016,2019-05-23,2021-07-30,2208,tuned,base,random_forest,1
18,3,macro_auc,0.4812766618716483,"{""model__max_depth"": 4, ""model__max_features"": ""sqrt"", ""model__min_samples_leaf"": 40, ""model__n_estimators"": 100}",0.47920281677277954,0.4812766618716483,3,2018-08-02,2021-07-29,2021-07-30,3012,2021-08-02,2023-10-12,2216,tuned,base,random_forest,1
19,1,macro_auc,0.5023809556811435,"{""model__max_depth"": 3, ""model__max_features"": 0.5, ""model__min_samples_leaf"": 20, ""model__n_estimators"": 100}",0.48938682742463235,0.5023809556811435,5,2015-01-02,2017-03-10,2017-03-13,2204,2017-03-14,2019-05-22,2208,tuned,base,random_forest,1
19,2,macro_auc,0.535866801267064,"{""model__max_depth"": 3, ""model__max_features"": 0.5, ""model__min_samples_leaf"": 20, ""model__n_estimators"": 100}",0.5361253918911738,0.535866801267064,5,2015-01-02,2019-05-21,2019-05-22,4412,2019-05-23,2021-07-30,2208,tuned,base,random_forest,1
19,3,macro_auc,0.475614995660961,"{""model__max_depth"": 3, ""model__max_features"": 0.5, ""model__min_samples_leaf"": 20, ""model__n_estimators"": 100}",0.47487418132240894,0.475614995660961,5,2016-08-02,2021-07-29,2021-07-30,5028,2021-08-02,2023-10-12,2216,tuned,base,random_forest,1
0,1,macro_auc,0.5139844657118326,"{""model__early_stopping"": false, ""model__max_iter"": 100, ""model__max_leaf_nodes"": 7}",0.5046753646875073,0.5139844657118326,all,2015-01-02,2017-03-10,2017-03-13,2204,2017-03-14,2019-05-22,2208,tuned,base,hist_gradient_boosting,1
0,2,macro_auc,0.5182494451641424,"{""model__early_stopping"": false, ""model__max_iter"": 100, ""model__max_leaf_nodes"": 7}",0.5187941707848451,0.5182494451641424,all,2015-01-02,2019-05-21,2019-05-22,4412,2019-05-23,2021-07-30,2208,tuned,base,hist_gradient_boosting,1
0,3,macro_auc,0.48766037166764,"{""model__early_stopping"": false, ""model__max_iter"": 100, ""model__max_leaf_nodes"": 7}",0.48652647492432943,0.48766037166764,all,2015-01-02,2021-07-29,2021-07-30,6620,2021-08-02,2023-10-12,2216,tuned,base,hist_gradient_boosting,1
1,1,macro_auc,0.5087452686225127,"{""model__early_stopping"": false, ""model__max_iter"": 100, ""model__max_leaf_nodes"": 15}",0.4984529407306601,0.5087452686225127,all,2015-01-02,2017-03-10,2017-03-13,2204,2017-03-14,2019-05-22,2208,tuned,base,hist_gradient_boosting,1
1,2,macro_auc,0.5252684974535555,"{""model__early_stopping"": false, ""model__max_iter"": 100, ""model__max_leaf_nodes"": 15}",0.5255576146447738,0.5252684974535555,all,2015-01-02,2019-05-21,2019-05-22,4412,2019-05-23,2021-07-30,2208,tuned,base,hist_gradient_boosting,1
1,3,macro_auc,0.4903326971073029,"{""model__early_stopping"": false, ""model__max_iter"": 100, ""model__max_leaf_nodes"": 15}",0.48804885646070345,0.4903326971073029,all,2015-01-02,2021-07-29,2021-07-30,6620,2021-08-02,2023-10-12,2216,tuned,base,hist_gradient_boosting,1
2,1,macro_auc,0.5090788682663945,"{""model__early_stopping"": false, ""model__l2_regularization"": 1.0, ""model__learning_rate"": 0.05, ""model__max_iter"": 100, ""model__max_leaf_nodes"": 31, ""model__min_samples_leaf"": 20}",0.49975780861278707,0.5090788682663945,all,2015-01-02,2017-03-10,2017-03-13,2204,2017-03-14,2019-05-22,2208,tuned,base,hist_gradient_boosting,1
2,2,macro_auc,0.5186590689246019,"{""model__early_stopping"": false, ""model__l2_regularization"": 1.0, ""model__learning_rate"": 0.05, ""model__max_iter"": 100, ""model__max_leaf_nodes"": 31, ""model__min_samples_leaf"": 20}",0.5179954434348265,0.5186590689246019,all,2015-01-02,2019-05-21,2019-05-22,4412,2019-05-23,2021-07-30,2208,tuned,base,hist_gradient_boosting,1
2,3,macro_auc,0.5033420601541475,"{""model__early_stopping"": false, ""model__l2_regularization"": 1.0, ""model__learning_rate"": 0.05, ""model__max_iter"": 100, ""model__max_leaf_nodes"": 31, ""model__min_samples_leaf"": 20}",0.5026464323922346,0.5033420601541475,all,2015-01-02,2021-07-29,2021-07-30,6620,2021-08-02,2023-10-12,2216,tuned,base,hist_gradient_boosting,1
3,1,macro_auc,0.5108574981373628,"{""model__early_stopping"": false, ""model__l2_regularization"": 0.0, ""model__learning_rate"": 0.1, ""model__max_iter"": 200, ""model__max_leaf_nodes"": 3, ""model__min_samples_leaf"": 10}",0.5032889425627474,0.5108574981373628,3,2015-01-02,2017-03-10,2017-03-13,2204,2017-03-14,2019-05-22,2208,tuned,base,hist_gradient_boosting,1
3,2,macro_auc,0.5205594032945963,"{""model__early_stopping"": false, ""model__l2_regularization"": 0.0, ""model__learning_rate"": 0.1, ""model__max_iter"": 200, ""model__max_leaf_nodes"": 3, ""model__min_samples_leaf"": 10}",0.5206369726074711,0.5205594032945963,3,2016-05-23,2019-05-21,2019-05-22,3016,2019-05-23,2021-07-30,2208,tuned,base,hist_gradient_boosting,1
3,3,macro_auc,0.49636378086247396,"{""model__early_stopping"": false, ""model__l2_regularization"": 0.0, ""model__learning_rate"": 0.1, ""model__max_iter"": 200, ""model__max_leaf_nodes"": 3, ""model__min_samples_leaf"": 10}",0.4957781840361132,0.49636378086247396,3,2018-08-02,2021-07-29,2021-07-30,3012,2021-08-02,2023-10-12,2216,tuned,base,hist_gradient_boosting,1
4,1,macro_auc,0.49923316337231044,"{""model__early_stopping"": false, ""model__l2_regularization"": 10.0, ""model__learning_rate"": 0.1, ""model__max_iter"": 200, ""model__max_leaf_nodes"": 31, ""model__min_samples_leaf"": 80}",0.491597441668122,0.49923316337231044,5,2015-01-02,2017-03-10,2017-03-13,2204,2017-03-14,2019-05-22,2208,tuned,base,hist_gradient_boosting,1
4,2,macro_auc,0.517839830067428,"{""model__early_stopping"": false, ""model__l2_regularization"": 10.0, ""model__learning_rate"": 0.1, ""model__max_iter"": 200, ""model__max_leaf_nodes"": 31, ""model__min_samples_leaf"": 80}",0.5170734198150805,0.517839830067428,5,2015-01-02,2019-05-21,2019-05-22,4412,2019-05-23,2021-07-30,2208,tuned,base,hist_gradient_boosting,1
4,3,macro_auc,0.5092112666108232,"{""model__early_stopping"": false, ""model__l2_regularization"": 10.0, ""model__learning_rate"": 0.1, ""model__max_iter"": 200, ""model__max_leaf_nodes"": 31, ""model__min_samples_leaf"": 80}",0.5092790255453501,0.5092112666108232,5,2016-08-02,2021-07-29,2021-07-30,5028,2021-08-02,2023-10-12,2216,tuned,base,hist_gradient_boosting,1
5,1,macro_auc,0.4902901387539145,"{""model__early_stopping"": false, ""model__l2_regularization"": 1.0, ""model__learning_rate"": 0.025, ""model__max_iter"": 200, ""model__max_leaf_nodes"": 15, ""model__min_samples_leaf"": 80}",0.48053572075827333,0.4902901387539145,all,2015-01-02,2017-03-10,2017-03-13,2204,2017-03-14,2019-05-22,2208,tuned,base,hist_gradient_boosting,1
5,2,macro_auc,0.5241864422962943,"{""model__early_stopping"": false, ""model__l2_regularization"": 1.0, ""model__learning_rate"": 0.025, ""model__max_iter"": 200, ""model__max_leaf_nodes"": 15, ""model__min_samples_leaf"": 80}",0.523013227987672,0.5241864422962943,all,2015-01-02,2019-05-21,2019-05-22,4412,2019-05-23,2021-07-30,2208,tuned,base,hist_gradient_boosting,1
5,3,macro_auc,0.4894404813959463,"{""model__early_stopping"": false, ""model__l2_regularization"": 1.0, ""model__learning_rate"": 0.025, ""model__max_iter"": 200, ""model__max_leaf_nodes"": 15, ""model__min_samples_leaf"": 80}",0.48962179378457366,0.4894404813959463,all,2015-01-02,2021-07-29,2021-07-30,6620,2021-08-02,2023-10-12,2216,tuned,base,hist_gradient_boosting,1
6,1,macro_auc,0.4948494142681672,"{""model__early_stopping"": false, ""model__l2_regularization"": 10.0, ""model__learning_rate"": 0.025, ""model__max_iter"": 200, ""model__max_leaf_nodes"": 7, ""model__min_samples_leaf"": 80}",0.48479342886987237,0.4948494142681672,3,2015-01-02,2017-03-10,2017-03-13,2204,2017-03-14,2019-05-22,2208,tuned,base,hist_gradient_boosting,1
6,2,macro_auc,0.524352000741494,"{""model__early_stopping"": false, ""model__l2_regularization"": 10.0, ""model__learning_rate"": 0.025, ""model__max_iter"": 200, ""model__max_leaf_nodes"": 7, ""model__min_samples_leaf"": 80}",0.5245612811520273,0.524352000741494,3,2016-05-23,2019-05-21,2019-05-22,3016,2019-05-23,2021-07-30,2208,tuned,base,hist_gradient_boosting,1
6,3,macro_auc,0.5017396294933141,"{""model__early_stopping"": false, ""model__l2_regularization"": 10.0, ""model__learning_rate"": 0.025, ""model__max_iter"": 200, ""model__max_leaf_nodes"": 7, ""model__min_samples_leaf"": 80}",0.5008060386441916,0.5017396294933141,3,2018-08-02,2021-07-29,2021-07-30,3012,2021-08-02,2023-10-12,2216,tuned,base,hist_gradient_boosting,1
7,1,macro_auc,0.4969685570946804,"{""model__early_stopping"": false, ""model__l2_regularization"": 1.0, ""model__learning_rate"": 0.1, ""model__max_iter"": 200, ""model__max_leaf_nodes"": 7, ""model__min_samples_leaf"": 40}",0.4872565317534327,0.4969685570946804,5,2015-01-02,2017-03-10,2017-03-13,2204,2017-03-14,2019-05-22,2208,tuned,base,hist_gradient_boosting,1
7,2,macro_auc,0.5231945668493448,"{""model__early_stopping"": false, ""model__l2_regularization"": 1.0, ""model__learning_rate"": 0.1, ""model__max_iter"": 200, ""model__max_leaf_nodes"": 7, ""model__min_samples_leaf"": 40}",0.5234449725011956,0.5231945668493448,5,2015-01-02,2019-05-21,2019-05-22,4412,2019-05-23,2021-07-30,2208,tuned,base,hist_gradient_boosting,1
7,3,macro_auc,0.5005555927341632,"{""model__early_stopping"": false, ""model__l2_regularization"": 1.0, ""model__learning_rate"": 0.1, ""model__max_iter"": 200, ""model__max_leaf_nodes"": 7, ""model__min_samples_leaf"": 40}",0.5009548520509342,0.5005555927341632,5,2016-08-02,2021-07-29,2021-07-30,5028,2021-08-02,2023-10-12,2216,tuned,base,hist_gradient_boosting,1
8,1,macro_auc,0.5060164652882555,"{""model__early_stopping"": false, ""model__l2_regularization"": 10.0, ""model__learning_rate"": 0.025, ""model__max_iter"": 100, ""model__max_leaf_nodes"": 3, ""model__min_samples_leaf"": 40}",0.4936997288115487,0.5060164652882555,all,2015-01-02,2017-03-10,2017-03-13,2204,2017-03-14,2019-05-22,2208,tuned,base,hist_gradient_boosting,1
8,2,macro_auc,0.5355843585003939,"{""model__early_stopping"": false, ""model__l2_regularization"": 10.0, ""model__learning_rate"": 0.025, ""model__max_iter"": 100, ""model__max_leaf_nodes"": 3, ""model__min_samples_leaf"": 40}",0.5366891505924863,0.5355843585003939,all,2015-01-02,2019-05-21,2019-05-22,4412,2019-05-23,2021-07-30,2208,tuned,base,hist_gradient_boosting,1
8,3,macro_auc,0.47766500329225453,"{""model__early_stopping"": false, ""model__l2_regularization"": 10.0, ""model__learning_rate"": 0.025, ""model__max_iter"": 100, ""model__max_leaf_nodes"": 3, ""model__min_samples_leaf"": 40}",0.4768287333002818,0.47766500329225453,all,2015-01-02,2021-07-29,2021-07-30,6620,2021-08-02,2023-10-12,2216,tuned,base,hist_gradient_boosting,1
9,1,macro_auc,0.5007784312321389,"{""model__early_stopping"": false, ""model__l2_regularization"": 1.0, ""model__learning_rate"": 0.1, ""model__max_iter"": 100, ""model__max_leaf_nodes"": 31, ""model__min_samples_leaf"": 20}",0.49215678844335187,0.5007784312321389,3,2015-01-02,2017-03-10,2017-03-13,2204,2017-03-14,2019-05-22,2208,tuned,base,hist_gradient_boosting,1
9,2,macro_auc,0.5124325763461464,"{""model__early_stopping"": false, ""model__l2_regularization"": 1.0, ""model__learning_rate"": 0.1, ""model__max_iter"": 100, ""model__max_leaf_nodes"": 31, ""model__min_samples_leaf"": 20}",0.5130033974972102,0.5124325763461464,3,2016-05-23,2019-05-21,2019-05-22,3016,2019-05-23,2021-07-30,2208,tuned,base,hist_gradient_boosting,1
9,3,macro_auc,0.5083819691701225,"{""model__early_stopping"": false, ""model__l2_regularization"": 1.0, ""model__learning_rate"": 0.1, ""model__max_iter"": 100, ""model__max_leaf_nodes"": 31, ""model__min_samples_leaf"": 20}",0.5079319584333577,0.5083819691701225,3,2018-08-02,2021-07-29,2021-07-30,3012,2021-08-02,2023-10-12,2216,tuned,base,hist_gradient_boosting,1
10,1,macro_auc,0.5003508624790096,"{""model__early_stopping"": false, ""model__l2_regularization"": 0.0, ""model__learning_rate"": 0.1, ""model__max_iter"": 100, ""model__max_leaf_nodes"": 31, ""model__min_samples_leaf"": 20}",0.4921839731908962,0.5003508624790096,5,2015-01-02,2017-03-10,2017-03-13,2204,2017-03-14,2019-05-22,2208,tuned,base,hist_gradient_boosting,1
10,2,macro_auc,0.5198161203108373,"{""model__early_stopping"": false, ""model__l2_regularization"": 0.0, ""model__learning_rate"": 0.1, ""model__max_iter"": 100, ""model__max_leaf_nodes"": 31, ""model__min_samples_leaf"": 20}",0.5193471358733195,0.5198161203108373,5,2015-01-02,2019-05-21,2019-05-22,4412,2019-05-23,2021-07-30,2208,tuned,base,hist_gradient_boosting,1
10,3,macro_auc,0.505037812386532,"{""model__early_stopping"": false, ""model__l2_regularization"": 0.0, ""model__learning_rate"": 0.1, ""model__max_iter"": 100, ""model__max_leaf_nodes"": 31, ""model__min_samples_leaf"": 20}",0.503205807718401,0.505037812386532,5,2016-08-02,2021-07-29,2021-07-30,5028,2021-08-02,2023-10-12,2216,tuned,base,hist_gradient_boosting,1
11,1,macro_auc,0.4988419470131775,"{""model__early_stopping"": false, ""model__l2_regularization"": 10.0, ""model__learning_rate"": 0.1, ""model__max_iter"": 200, ""model__max_leaf_nodes"": 7, ""model__min_samples_leaf"": 40}",0.4889201559251216,0.4988419470131775,all,2015-01-02,2017-03-10,2017-03-13,2204,2017-03-14,2019-05-22,2208,tuned,base,hist_gradient_boosting,1
11,2,macro_auc,0.5212885437428902,"{""model__early_stopping"": false, ""model__l2_regularization"": 10.0, ""model__learning_rate"": 0.1, ""model__max_iter"": 200, ""model__max_leaf_nodes"": 7, ""model__min_samples_leaf"": 40}",0.5217927194590574,0.5212885437428902,all,2015-01-02,2019-05-21,2019-05-22,4412,2019-05-23,2021-07-30,2208,tuned,base,hist_gradient_boosting,1
11,3,macro_auc,0.5043869464038923,"{""model__early_stopping"": false, ""model__l2_regularization"": 10.0, ""model__learning_rate"": 0.1, ""model__max_iter"": 200, ""model__max_leaf_nodes"": 7, ""model__min_samples_leaf"": 40}",0.5044228159899802,0.5043869464038923,all,2015-01-02,2021-07-29,2021-07-30,6620,2021-08-02,2023-10-12,2216,tuned,base,hist_gradient_boosting,1
12,1,macro_auc,0.5105164327484208,"{""model__early_stopping"": false, ""model__l2_regularization"": 1.0, ""model__learning_rate"": 0.05, ""model__max_iter"": 200, ""model__max_leaf_nodes"": 3, ""model__min_samples_leaf"": 20}",0.5024709287957322,0.5105164327484208,3,2015-01-02,2017-03-10,2017-03-13,2204,2017-03-14,2019-05-22,2208,tuned,base,hist_gradient_boosting,1
12,2,macro_auc,0.5257280774078266,"{""model__early_stopping"": false, ""model__l2_regularization"": 1.0, ""model__learning_rate"": 0.05, ""model__max_iter"": 200, ""model__max_leaf_nodes"": 3, ""model__min_samples_leaf"": 20}",0.5250407666454115,0.5257280774078266,3,2016-05-23,2019-05-21,2019-05-22,3016,2019-05-23,2021-07-30,2208,tuned,base,hist_gradient_boosting,1
12,3,macro_auc,0.4883892122663769,"{""model__early_stopping"": false, ""model__l2_regularization"": 1.0, ""model__learning_rate"": 0.05, ""model__max_iter"": 200, ""model__max_leaf_nodes"": 3, ""model__min_samples_leaf"": 20}",0.4882539335664336,0.4883892122663769,3,2018-08-02,2021-07-29,2021-07-30,3012,2021-08-02,2023-10-12,2216,tuned,base,hist_gradient_boosting,1
13,1,macro_auc,0.4949426694570315,"{""model__early_stopping"": false, ""model__l2_regularization"": 10.0, ""model__learning_rate"": 0.025, ""model__max_iter"": 100, ""model__max_leaf_nodes"": 15, ""model__min_samples_leaf"": 40}",0.4864006240959012,0.4949426694570315,5,2015-01-02,2017-03-10,2017-03-13,2204,2017-03-14,2019-05-22,2208,tuned,base,hist_gradient_boosting,1
13,2,macro_auc,0.5195649337594638,"{""model__early_stopping"": false, ""model__l2_regularization"": 10.0, ""model__learning_rate"": 0.025, ""model__max_iter"": 100, ""model__max_leaf_nodes"": 15, ""model__min_samples_leaf"": 40}",0.5200657414049631,0.5195649337594638,5,2015-01-02,2019-05-21,2019-05-22,4412,2019-05-23,2021-07-30,2208,tuned,base,hist_gradient_boosting,1
13,3,macro_auc,0.48544941685555315,"{""model__early_stopping"": false, ""model__l2_regularization"": 10.0, ""model__learning_rate"": 0.025, ""model__max_iter"": 100, ""model__max_leaf_nodes"": 15, ""model__min_samples_leaf"": 40}",0.48594345253626964,0.48544941685555315,5,2016-08-02,2021-07-29,2021-07-30,5028,2021-08-02,2023-10-12,2216,tuned,base,hist_gradient_boosting,1
14,1,macro_auc,0.49361116278250583,"{""model__early_stopping"": false, ""model__l2_regularization"": 1.0, ""model__learning_rate"": 0.05, ""model__max_iter"": 200, ""model__max_leaf_nodes"": 15, ""model__min_samples_leaf"": 80}",0.4829687556634891,0.49361116278250583,all,2015-01-02,2017-03-10,2017-03-13,2204,2017-03-14,2019-05-22,2208,tuned,base,hist_gradient_boosting,1
14,2,macro_auc,0.5219989248635841,"{""model__early_stopping"": false, ""model__l2_regularization"": 1.0, ""model__learning_rate"": 0.05, ""model__max_iter"": 200, ""model__max_leaf_nodes"": 15, ""model__min_samples_leaf"": 80}",0.5202691594930655,0.5219989248635841,all,2015-01-02,2019-05-21,2019-05-22,4412,2019-05-23,2021-07-30,2208,tuned,base,hist_gradient_boosting,1
14,3,macro_auc,0.49956113878856895,"{""model__early_stopping"": false, ""model__l2_regularization"": 1.0, ""model__learning_rate"": 0.05, ""model__max_iter"": 200, ""model__max_leaf_nodes"": 15, ""model__min_samples_leaf"": 80}",0.49920619259471877,0.49956113878856895,all,2015-01-02,2021-07-29,2021-07-30,6620,2021-08-02,2023-10-12,2216,tuned,base,hist_gradient_boosting,1
15,1,macro_auc,0.49872311786367296,"{""model__early_stopping"": false, ""model__l2_regularization"": 1.0, ""model__learning_rate"": 0.05, ""model__max_iter"": 100, ""model__max_leaf_nodes"": 31, ""model__min_samples_leaf"": 10}",0.49249041943594124,0.49872311786367296,3,2015-01-02,2017-03-10,2017-03-13,2204,2017-03-14,2019-05-22,2208,tuned,base,hist_gradient_boosting,1
15,2,macro_auc,0.5174192693751297,"{""model__early_stopping"": false, ""model__l2_regularization"": 1.0, ""model__learning_rate"": 0.05, ""model__max_iter"": 100, ""model__max_leaf_nodes"": 31, ""model__min_samples_leaf"": 10}",0.5192147065465753,0.5174192693751297,3,2016-05-23,2019-05-21,2019-05-22,3016,2019-05-23,2021-07-30,2208,tuned,base,hist_gradient_boosting,1
15,3,macro_auc,0.5114693464486553,"{""model__early_stopping"": false, ""model__l2_regularization"": 1.0, ""model__learning_rate"": 0.05, ""model__max_iter"": 100, ""model__max_leaf_nodes"": 31, ""model__min_samples_leaf"": 10}",0.5103300966757124,0.5114693464486553,3,2018-08-02,2021-07-29,2021-07-30,3012,2021-08-02,2023-10-12,2216,tuned,base,hist_gradient_boosting,1
16,1,macro_auc,0.5130173712612495,"{""model__early_stopping"": false, ""model__l2_regularization"": 10.0, ""model__learning_rate"": 0.05, ""model__max_iter"": 200, ""model__max_leaf_nodes"": 3, ""model__min_samples_leaf"": 10}",0.5048792502940895,0.5130173712612495,5,2015-01-02,2017-03-10,2017-03-13,2204,2017-03-14,2019-05-22,2208,tuned,base,hist_gradient_boosting,1
16,2,macro_auc,0.5302194925850734,"{""model__early_stopping"": false, ""model__l2_regularization"": 10.0, ""model__learning_rate"": 0.05, ""model__max_iter"": 200, ""model__max_leaf_nodes"": 3, ""model__min_samples_leaf"": 10}",0.5286902532015516,0.5302194925850734,5,2015-01-02,2019-05-21,2019-05-22,4412,2019-05-23,2021-07-30,2208,tuned,base,hist_gradient_boosting,1
16,3,macro_auc,0.48279524595443846,"{""model__early_stopping"": false, ""model__l2_regularization"": 10.0, ""model__learning_rate"": 0.05, ""model__max_iter"": 200, ""model__max_leaf_nodes"": 3, ""model__min_samples_leaf"": 10}",0.4828310099415509,0.48279524595443846,5,2016-08-02,2021-07-29,2021-07-30,5028,2021-08-02,2023-10-12,2216,tuned,base,hist_gradient_boosting,1
17,1,macro_auc,0.5068900197659674,"{""model__early_stopping"": false, ""model__l2_regularization"": 10.0, ""model__learning_rate"": 0.025, ""model__max_iter"": 100, ""model__max_leaf_nodes"": 7, ""model__min_samples_leaf"": 40}",0.4945156831279923,0.5068900197659674,all,2015-01-02,2017-03-10,2017-03-13,2204,2017-03-14,2019-05-22,2208,tuned,base,hist_gradient_boosting,1
17,2,macro_auc,0.5239156123732038,"{""model__early_stopping"": false, ""model__l2_regularization"": 10.0, ""model__learning_rate"": 0.025, ""model__max_iter"": 100, ""model__max_leaf_nodes"": 7, ""model__min_samples_leaf"": 40}",0.5232780866411606,0.5239156123732038,all,2015-01-02,2019-05-21,2019-05-22,4412,2019-05-23,2021-07-30,2208,tuned,base,hist_gradient_boosting,1
17,3,macro_auc,0.4750871922267033,"{""model__early_stopping"": false, ""model__l2_regularization"": 10.0, ""model__learning_rate"": 0.025, ""model__max_iter"": 100, ""model__max_leaf_nodes"": 7, ""model__min_samples_leaf"": 40}",0.4748203638712034,0.4750871922267033,all,2015-01-02,2021-07-29,2021-07-30,6620,2021-08-02,2023-10-12,2216,tuned,base,hist_gradient_boosting,1
18,1,macro_auc,0.49553646146851765,"{""model__early_stopping"": false, ""model__l2_regularization"": 1.0, ""model__learning_rate"": 0.025, ""model__max_iter"": 200, ""model__max_leaf_nodes"": 7, ""model__min_samples_leaf"": 80}",0.48399106692720095,0.49553646146851765,3,2015-01-02,2017-03-10,2017-03-13,2204,2017-03-14,2019-05-22,2208,tuned,base,hist_gradient_boosting,1
18,2,macro_auc,0.5238522967730264,"{""model__early_stopping"": false, ""model__l2_regularization"": 1.0, ""model__learning_rate"": 0.025, ""model__max_iter"": 200, ""model__max_leaf_nodes"": 7, ""model__min_samples_leaf"": 80}",0.5229048767203358,0.5238522967730264,3,2016-05-23,2019-05-21,2019-05-22,3016,2019-05-23,2021-07-30,2208,tuned,base,hist_gradient_boosting,1
18,3,macro_auc,0.5038038480064093,"{""model__early_stopping"": false, ""model__l2_regularization"": 1.0, ""model__learning_rate"": 0.025, ""model__max_iter"": 200, ""model__max_leaf_nodes"": 7, ""model__min_samples_leaf"": 80}",0.5026305317816512,0.5038038480064093,3,2018-08-02,2021-07-29,2021-07-30,3012,2021-08-02,2023-10-12,2216,tuned,base,hist_gradient_boosting,1
19,1,macro_auc,0.5076177644945411,"{""model__early_stopping"": false, ""model__l2_regularization"": 10.0, ""model__learning_rate"": 0.025, ""model__max_iter"": 200, ""model__max_leaf_nodes"": 3, ""model__min_samples_leaf"": 80}",0.49672588548136776,0.5076177644945411,5,2015-01-02,2017-03-10,2017-03-13,2204,2017-03-14,2019-05-22,2208,tuned,base,hist_gradient_boosting,1
19,2,macro_auc,0.5328545637617843,"{""model__early_stopping"": false, ""model__l2_regularization"": 10.0, ""model__learning_rate"": 0.025, ""model__max_iter"": 200, ""model__max_leaf_nodes"": 3, ""model__min_samples_leaf"": 80}",0.5318751992666985,0.5328545637617843,5,2015-01-02,2019-05-21,2019-05-22,4412,2019-05-23,2021-07-30,2208,tuned,base,hist_gradient_boosting,1
19,3,macro_auc,0.48108614316476384,"{""model__early_stopping"": false, ""model__l2_regularization"": 10.0, ""model__learning_rate"": 0.025, ""model__max_iter"": 200, ""model__max_leaf_nodes"": 3, ""model__min_samples_leaf"": 80}",0.4813595919006367,0.48108614316476384,5,2016-08-02,2021-07-29,2021-07-30,5028,2021-08-02,2023-10-12,2216,tuned,base,hist_gradient_boosting,1
0,1,macro_auc,0.5236764575226031,"{""model__C"": 0.1}",0.5043124894968021,0.5236764575226031,all,2015-01-02,2017-03-10,2017-03-13,2204,2017-03-14,2019-05-22,2208,tuned,hybrid,logistic_regression,1
0,2,macro_auc,0.5295864861320734,"{""model__C"": 0.1}",0.5273825654923215,0.5295864861320734,all,2015-01-02,2019-05-21,2019-05-22,4412,2019-05-23,2021-07-30,2208,tuned,hybrid,logistic_regression,1
0,3,macro_auc,0.5000762307648094,"{""model__C"": 0.1}",0.4996387707441812,0.5000762307648094,all,2015-01-02,2021-07-29,2021-07-30,6620,2021-08-02,2023-10-12,2216,tuned,hybrid,logistic_regression,1
1,1,macro_auc,0.5218318814961911,"{""model__C"": 10.0}",0.5032020337486284,0.5218318814961911,all,2015-01-02,2017-03-10,2017-03-13,2204,2017-03-14,2019-05-22,2208,tuned,hybrid,logistic_regression,1
1,2,macro_auc,0.5257352461425184,"{""model__C"": 10.0}",0.5234304426377596,0.5257352461425184,all,2015-01-02,2019-05-21,2019-05-22,4412,2019-05-23,2021-07-30,2208,tuned,hybrid,logistic_regression,1
1,3,macro_auc,0.502292252350726,"{""model__C"": 10.0}",0.5015900610583447,0.502292252350726,all,2015-01-02,2021-07-29,2021-07-30,6620,2021-08-02,2023-10-12,2216,tuned,hybrid,logistic_regression,1
2,1,macro_auc,0.5236764575226031,"{""model__C"": 0.1}",0.5043124894968021,0.5236764575226031,3,2015-01-02,2017-03-10,2017-03-13,2204,2017-03-14,2019-05-22,2208,tuned,hybrid,logistic_regression,1
2,2,macro_auc,0.5216109611219293,"{""model__C"": 0.1}",0.5210790955948775,0.5216109611219293,3,2016-05-23,2019-05-21,2019-05-22,3016,2019-05-23,2021-07-30,2208,tuned,hybrid,logistic_regression,1
2,3,macro_auc,0.5041301137331281,"{""model__C"": 0.1}",0.5040216313537209,0.5041301137331281,3,2018-08-02,2021-07-29,2021-07-30,3012,2021-08-02,2023-10-12,2216,tuned,hybrid,logistic_regression,1
3,1,macro_auc,0.5218318814961911,"{""model__C"": 10.0}",0.5032020337486284,0.5218318814961911,3,2015-01-02,2017-03-10,2017-03-13,2204,2017-03-14,2019-05-22,2208,tuned,hybrid,logistic_regression,1
3,2,macro_auc,0.514213575899541,"{""model__C"": 10.0}",0.5136505991285403,0.514213575899541,3,2016-05-23,2019-05-21,2019-05-22,3016,2019-05-23,2021-07-30,2208,tuned,hybrid,logistic_regression,1
3,3,macro_auc,0.5063494797392782,"{""model__C"": 10.0}",0.5056076153324287,0.5063494797392782,3,2018-08-02,2021-07-29,2021-07-30,3012,2021-08-02,2023-10-12,2216,tuned,hybrid,logistic_regression,1
4,1,macro_auc,0.5236764575226031,"{""model__C"": 0.1}",0.5043124894968021,0.5236764575226031,5,2015-01-02,2017-03-10,2017-03-13,2204,2017-03-14,2019-05-22,2208,tuned,hybrid,logistic_regression,1
4,2,macro_auc,0.5295864861320734,"{""model__C"": 0.1}",0.5273825654923215,0.5295864861320734,5,2015-01-02,2019-05-21,2019-05-22,4412,2019-05-23,2021-07-30,2208,tuned,hybrid,logistic_regression,1
4,3,macro_auc,0.5004605705604286,"{""model__C"": 0.1}",0.4996713873812755,0.5004605705604286,5,2016-08-02,2021-07-29,2021-07-30,5028,2021-08-02,2023-10-12,2216,tuned,hybrid,logistic_regression,1
5,1,macro_auc,0.5218318814961911,"{""model__C"": 10.0}",0.5032020337486284,0.5218318814961911,5,2015-01-02,2017-03-10,2017-03-13,2204,2017-03-14,2019-05-22,2208,tuned,hybrid,logistic_regression,1
5,2,macro_auc,0.5257352461425184,"{""model__C"": 10.0}",0.5234304426377596,0.5257352461425184,5,2015-01-02,2019-05-21,2019-05-22,4412,2019-05-23,2021-07-30,2208,tuned,hybrid,logistic_regression,1
5,3,macro_auc,0.5023087787500372,"{""model__C"": 10.0}",0.5009042962634381,0.5023087787500372,5,2016-08-02,2021-07-29,2021-07-30,5028,2021-08-02,2023-10-12,2216,tuned,hybrid,logistic_regression,1
0,1,macro_auc,0.5204396961392113,"{""model__max_depth"": 4, ""model__min_samples_leaf"": 20, ""model__n_estimators"": 100}",0.5051980532425637,0.5204396961392113,all,2015-01-02,2017-03-10,2017-03-13,2204,2017-03-14,2019-05-22,2208,tuned,hybrid,random_forest,1
0,2,macro_auc,0.53819744664786,"{""model__max_depth"": 4, ""model__min_samples_leaf"": 20, ""model__n_estimators"": 100}",0.5397794449758223,0.53819744664786,all,2015-01-02,2019-05-21,2019-05-22,4412,2019-05-23,2021-07-30,2208,tuned,hybrid,random_forest,1
0,3,macro_auc,0.4939792451543581,"{""model__max_depth"": 4, ""model__min_samples_leaf"": 20, ""model__n_estimators"": 100}",0.494064587464774,0.4939792451543581,all,2015-01-02,2021-07-29,2021-07-30,6620,2021-08-02,2023-10-12,2216,tuned,hybrid,random_forest,1
1,1,macro_auc,0.515276974996272,"{""model__max_depth"": 8, ""model__min_samples_leaf"": 20, ""model__n_estimators"": 100}",0.5030240972192475,0.515276974996272,all,2015-01-02,2017-03-10,2017-03-13,2204,2017-03-14,2019-05-22,2208,tuned,hybrid,random_forest,1
1,2,macro_auc,0.5289537431950484,"{""model__max_depth"": 8, ""model__min_samples_leaf"": 20, ""model__n_estimators"": 100}",0.530893810776343,0.5289537431950484,all,2015-01-02,2019-05-21,2019-05-22,4412,2019-05-23,2021-07-30,2208,tuned,hybrid,random_forest,1
1,3,macro_auc,0.505081518784369,"{""model__max_depth"": 8, ""model__min_samples_leaf"": 20, ""model__n_estimators"": 100}",0.5050637329088822,0.505081518784369,all,2015-01-02,2021-07-29,2021-07-30,6620,2021-08-02,2023-10-12,2216,tuned,hybrid,random_forest,1
2,1,macro_auc,0.510789020399214,"{""model__max_depth"": 8, ""model__max_features"": 0.5, ""model__min_samples_leaf"": 20, ""model__n_estimators"": 100}",0.4999505731862831,0.510789020399214,all,2015-01-02,2017-03-10,2017-03-13,2204,2017-03-14,2019-05-22,2208,tuned,hybrid,random_forest,1
2,2,macro_auc,0.5234219317433281,"{""model__max_depth"": 8, ""model__max_features"": 0.5, ""model__min_samples_leaf"": 20, ""model__n_estimators"": 100}",0.525596637706573,0.5234219317433281,all,2015-01-02,2019-05-21,2019-05-22,4412,2019-05-23,2021-07-30,2208,tuned,hybrid,random_forest,1
2,3,macro_auc,0.5046550669123702,"{""model__max_depth"": 8, ""model__max_features"": 0.5, ""model__min_samples_leaf"": 20, ""model__n_estimators"": 100}",0.5053197735100721,0.5046550669123702,all,2015-01-02,2021-07-29,2021-07-30,6620,2021-08-02,2023-10-12,2216,tuned,hybrid,random_forest,1
3,1,macro_auc,0.514925849559964,"{""model__max_depth"": 8, ""model__max_features"": 1.0, ""model__min_samples_leaf"": 5, ""model__n_estimators"": 100}",0.5067418173909891,0.514925849559964,3,2015-01-02,2017-03-10,2017-03-13,2204,2017-03-14,2019-05-22,2208,tuned,hybrid,random_forest,1
3,2,macro_auc,0.5106148549299045,"{""model__max_depth"": 8, ""model__max_features"": 1.0, ""model__min_samples_leaf"": 5, ""model__n_estimators"": 100}",0.5126725317498273,0.5106148549299045,3,2016-05-23,2019-05-21,2019-05-22,3016,2019-05-23,2021-07-30,2208,tuned,hybrid,random_forest,1
3,3,macro_auc,0.49901511224836653,"{""model__max_depth"": 8, ""model__max_features"": 1.0, ""model__min_samples_leaf"": 5, ""model__n_estimators"": 100}",0.4980079388894687,0.49901511224836653,3,2018-08-02,2021-07-29,2021-07-30,3012,2021-08-02,2023-10-12,2216,tuned,hybrid,random_forest,1
4,1,macro_auc,0.5101421410553155,"{""model__max_depth"": 3, ""model__max_features"": 1.0, ""model__min_samples_leaf"": 20, ""model__n_estimators"": 100}",0.4956014254693076,0.5101421410553155,5,2015-01-02,2017-03-10,2017-03-13,2204,2017-03-14,2019-05-22,2208,tuned,hybrid,random_forest,1
4,2,macro_auc,0.5385545611168926,"{""model__max_depth"": 3, ""model__max_features"": 1.0, ""model__min_samples_leaf"": 20, ""model__n_estimators"": 100}",0.5390488004144747,0.5385545611168926,5,2015-01-02,2019-05-21,2019-05-22,4412,2019-05-23,2021-07-30,2208,tuned,hybrid,random_forest,1
4,3,macro_auc,0.4811473809926996,"{""model__max_depth"": 3, ""model__max_features"": 1.0, ""model__min_samples_leaf"": 20, ""model__n_estimators"": 100}",0.480231871673103,0.4811473809926996,5,2016-08-02,2021-07-29,2021-07-30,5028,2021-08-02,2023-10-12,2216,tuned,hybrid,random_forest,1
5,1,macro_auc,0.5123278612872879,"{""model__max_depth"": 8, ""model__max_features"": 1.0, ""model__min_samples_leaf"": 20, ""model__n_estimators"": 200}",0.5008056570635859,0.5123278612872879,all,2015-01-02,2017-03-10,2017-03-13,2204,2017-03-14,2019-05-22,2208,tuned,hybrid,random_forest,1
5,2,macro_auc,0.5207327367012023,"{""model__max_depth"": 8, ""model__max_features"": 1.0, ""model__min_samples_leaf"": 20, ""model__n_estimators"": 200}",0.52164285429619,0.5207327367012023,all,2015-01-02,2019-05-21,2019-05-22,4412,2019-05-23,2021-07-30,2208,tuned,hybrid,random_forest,1
5,3,macro_auc,0.49057767897037907,"{""model__max_depth"": 8, ""model__max_features"": 1.0, ""model__min_samples_leaf"": 20, ""model__n_estimators"": 200}",0.4904881732073897,0.49057767897037907,all,2015-01-02,2021-07-29,2021-07-30,6620,2021-08-02,2023-10-12,2216,tuned,hybrid,random_forest,1
6,1,macro_auc,0.5118251673478552,"{""model__max_depth"": 3, ""model__max_features"": 0.5, ""model__min_samples_leaf"": 40, ""model__n_estimators"": 200}",0.49737625997185964,0.5118251673478552,3,2015-01-02,2017-03-10,2017-03-13,2204,2017-03-14,2019-05-22,2208,tuned,hybrid,random_forest,1
6,2,macro_auc,0.5394850375420395,"{""model__max_depth"": 3, ""model__max_features"": 0.5, ""model__min_samples_leaf"": 40, ""model__n_estimators"": 200}",0.5399820327860141,0.5394850375420395,3,2016-05-23,2019-05-21,2019-05-22,3016,2019-05-23,2021-07-30,2208,tuned,hybrid,random_forest,1
6,3,macro_auc,0.48739631321694643,"{""model__max_depth"": 3, ""model__max_features"": 0.5, ""model__min_samples_leaf"": 40, ""model__n_estimators"": 200}",0.48538203867028495,0.48739631321694643,3,2018-08-02,2021-07-29,2021-07-30,3012,2021-08-02,2023-10-12,2216,tuned,hybrid,random_forest,1
7,1,macro_auc,0.5141000728650256,"{""model__max_depth"": 4, ""model__max_features"": 1.0, ""model__min_samples_leaf"": 5, ""model__n_estimators"": 200}",0.5014333775977909,0.5141000728650256,5,2015-01-02,2017-03-10,2017-03-13,2204,2017-03-14,2019-05-22,2208,tuned,hybrid,random_forest,1
7,2,macro_auc,0.5342666429258746,"{""model__max_depth"": 4, ""model__max_features"": 1.0, ""model__min_samples_leaf"": 5, ""model__n_estimators"": 200}",0.5345553363621872,0.5342666429258746,5,2015-01-02,2019-05-21,2019-05-22,4412,2019-05-23,2021-07-30,2208,tuned,hybrid,random_forest,1
7,3,macro_auc,0.4854422695046835,"{""model__max_depth"": 4, ""model__max_features"": 1.0, ""model__min_samples_leaf"": 5, ""model__n_estimators"": 200}",0.48531109748460494,0.4854422695046835,5,2016-08-02,2021-07-29,2021-07-30,5028,2021-08-02,2023-10-12,2216,tuned,hybrid,random_forest,1
8,1,macro_auc,0.5167481590767494,"{""model__max_depth"": 6, ""model__max_features"": 1.0, ""model__min_samples_leaf"": 10, ""model__n_estimators"": 200}",0.5059089755798589,0.5167481590767494,all,2015-01-02,2017-03-10,2017-03-13,2204,2017-03-14,2019-05-22,2208,tuned,hybrid,random_forest,1
8,2,macro_auc,0.5310990250353522,"{""model__max_depth"": 6, ""model__max_features"": 1.0, ""model__min_samples_leaf"": 10, ""model__n_estimators"": 200}",0.531348803071364,0.5310990250353522,all,2015-01-02,2019-05-21,2019-05-22,4412,2019-05-23,2021-07-30,2208,tuned,hybrid,random_forest,1
8,3,macro_auc,0.4861785594280243,"{""model__max_depth"": 6, ""model__max_features"": 1.0, ""model__min_samples_leaf"": 10, ""model__n_estimators"": 200}",0.48619908542949586,0.4861785594280243,all,2015-01-02,2021-07-29,2021-07-30,6620,2021-08-02,2023-10-12,2216,tuned,hybrid,random_forest,1
9,1,macro_auc,0.5179171384407485,"{""model__max_depth"": 4, ""model__max_features"": ""sqrt"", ""model__min_samples_leaf"": 10, ""model__n_estimators"": 200}",0.5038099835573466,0.5179171384407485,3,2015-01-02,2017-03-10,2017-03-13,2204,2017-03-14,2019-05-22,2208,tuned,hybrid,random_forest,1
9,2,macro_auc,0.529708444762829,"{""model__max_depth"": 4, ""model__max_features"": ""sqrt"", ""model__min_samples_leaf"": 10, ""model__n_estimators"": 200}",0.528876235453531,0.529708444762829,3,2016-05-23,2019-05-21,2019-05-22,3016,2019-05-23,2021-07-30,2208,tuned,hybrid,random_forest,1
9,3,macro_auc,0.49621941320672397,"{""model__max_depth"": 4, ""model__max_features"": ""sqrt"", ""model__min_samples_leaf"": 10, ""model__n_estimators"": 200}",0.49456525284417074,0.49621941320672397,3,2018-08-02,2021-07-29,2021-07-30,3012,2021-08-02,2023-10-12,2216,tuned,hybrid,random_forest,1
10,1,macro_auc,0.5184536695223383,"{""model__max_depth"": 6, ""model__max_features"": ""sqrt"", ""model__min_samples_leaf"": 40, ""model__n_estimators"": 100}",0.5061281011206706,0.5184536695223383,5,2015-01-02,2017-03-10,2017-03-13,2204,2017-03-14,2019-05-22,2208,tuned,hybrid,random_forest,1
10,2,macro_auc,0.5230039766239669,"{""model__max_depth"": 6, ""model__max_features"": ""sqrt"", ""model__min_samples_leaf"": 40, ""model__n_estimators"": 100}",0.5251632326372284,0.5230039766239669,5,2015-01-02,2019-05-21,2019-05-22,4412,2019-05-23,2021-07-30,2208,tuned,hybrid,random_forest,1
10,3,macro_auc,0.49783286786335684,"{""model__max_depth"": 6, ""model__max_features"": ""sqrt"", ""model__min_samples_leaf"": 40, ""model__n_estimators"": 100}",0.49494360583446406,0.49783286786335684,5,2016-08-02,2021-07-29,2021-07-30,5028,2021-08-02,2023-10-12,2216,tuned,hybrid,random_forest,1
11,1,macro_auc,0.5130979549018932,"{""model__max_depth"": 8, ""model__max_features"": 0.5, ""model__min_samples_leaf"": 10, ""model__n_estimators"": 200}",0.5040670029886747,0.5130979549018932,all,2015-01-02,2017-03-10,2017-03-13,2204,2017-03-14,2019-05-22,2208,tuned,hybrid,random_forest,1
11,2,macro_auc,0.5245109619655228,"{""model__max_depth"": 8, ""model__max_features"": 0.5, ""model__min_samples_leaf"": 10, ""model__n_estimators"": 200}",0.5247754928529677,0.5245109619655228,all,2015-01-02,2019-05-21,2019-05-22,4412,2019-05-23,2021-07-30,2208,tuned,hybrid,random_forest,1
11,3,macro_auc,0.4981715930847298,"{""model__max_depth"": 8, ""model__max_features"": 0.5, ""model__min_samples_leaf"": 10, ""model__n_estimators"": 200}",0.49838873812754403,0.4981715930847298,all,2015-01-02,2021-07-29,2021-07-30,6620,2021-08-02,2023-10-12,2216,tuned,hybrid,random_forest,1
12,1,macro_auc,0.510789020399214,"{""model__max_depth"": 8, ""model__max_features"": 0.5, ""model__min_samples_leaf"": 20, ""model__n_estimators"": 100}",0.4999505731862831,0.510789020399214,3,2015-01-02,2017-03-10,2017-03-13,2204,2017-03-14,2019-05-22,2208,tuned,hybrid,random_forest,1
12,2,macro_auc,0.5173129131328894,"{""model__max_depth"": 8, ""model__max_features"": 0.5, ""model__min_samples_leaf"": 20, ""model__n_estimators"": 100}",0.5197240820447421,0.5173129131328894,3,2016-05-23,2019-05-21,2019-05-22,3016,2019-05-23,2021-07-30,2208,tuned,hybrid,random_forest,1
12,3,macro_auc,0.5044917335424131,"{""model__max_depth"": 8, ""model__max_features"": 0.5, ""model__min_samples_leaf"": 20, ""model__n_estimators"": 100}",0.5033211890721219,0.5044917335424131,3,2018-08-02,2021-07-29,2021-07-30,3012,2021-08-02,2023-10-12,2216,tuned,hybrid,random_forest,1
13,1,macro_auc,0.5178534566813264,"{""model__max_depth"": 8, ""model__max_features"": 1.0, ""model__min_samples_leaf"": 10, ""model__n_estimators"": 100}",0.5089989752173956,0.5178534566813264,5,2015-01-02,2017-03-10,2017-03-13,2204,2017-03-14,2019-05-22,2208,tuned,hybrid,random_forest,1
13,2,macro_auc,0.5238029732727256,"{""model__max_depth"": 8, ""model__max_features"": 1.0, ""model__min_samples_leaf"": 10, ""model__n_estimators"": 100}",0.5241303669164142,0.5238029732727256,5,2015-01-02,2019-05-21,2019-05-22,4412,2019-05-23,2021-07-30,2208,tuned,hybrid,random_forest,1
13,3,macro_auc,0.49320873465868836,"{""model__max_depth"": 8, ""model__max_features"": 1.0, ""model__min_samples_leaf"": 10, ""model__n_estimators"": 100}",0.4924174472915145,0.49320873465868836,5,2016-08-02,2021-07-29,2021-07-30,5028,2021-08-02,2023-10-12,2216,tuned,hybrid,random_forest,1
14,1,macro_auc,0.5194991845798237,"{""model__max_depth"": 8, ""model__max_features"": ""sqrt"", ""model__min_samples_leaf"": 40, ""model__n_estimators"": 200}",0.506480679058518,0.5194991845798237,all,2015-01-02,2017-03-10,2017-03-13,2204,2017-03-14,2019-05-22,2208,tuned,hybrid,random_forest,1
14,2,macro_auc,0.5219783830837423,"{""model__max_depth"": 8, ""model__max_features"": ""sqrt"", ""model__min_samples_leaf"": 40, ""model__n_estimators"": 200}",0.5244350789096126,0.5219783830837423,all,2015-01-02,2019-05-21,2019-05-22,4412,2019-05-23,2021-07-30,2208,tuned,hybrid,random_forest,1
14,3,macro_auc,0.4952729892251038,"{""model__max_depth"": 8, ""model__max_features"": ""sqrt"", ""model__min_samples_leaf"": 40, ""model__n_estimators"": 200}",0.49542143956789475,0.4952729892251038,all,2015-01-02,2021-07-29,2021-07-30,6620,2021-08-02,2023-10-12,2216,tuned,hybrid,random_forest,1
15,1,macro_auc,0.5146119916884564,"{""model__max_depth"": 4, ""model__max_features"": ""sqrt"", ""model__min_samples_leaf"": 10, ""model__n_estimators"": 100}",0.5009654704279374,0.5146119916884564,3,2015-01-02,2017-03-10,2017-03-13,2204,2017-03-14,2019-05-22,2208,tuned,hybrid,random_forest,1
15,2,macro_auc,0.529774208881181,"{""model__max_depth"": 4, ""model__max_features"": ""sqrt"", ""model__min_samples_leaf"": 10, ""model__n_estimators"": 100}",0.529392668313938,0.529774208881181,3,2016-05-23,2019-05-21,2019-05-22,3016,2019-05-23,2021-07-30,2208,tuned,hybrid,random_forest,1
15,3,macro_auc,0.49675947312704083,"{""model__max_depth"": 4, ""model__max_features"": ""sqrt"", ""model__min_samples_leaf"": 10, ""model__n_estimators"": 100}",0.49490201962216884,0.49675947312704083,3,2018-08-02,2021-07-29,2021-07-30,3012,2021-08-02,2023-10-12,2216,tuned,hybrid,random_forest,1
16,1,macro_auc,0.5104027481204668,"{""model__max_depth"": 3, ""model__max_features"": 1.0, ""model__min_samples_leaf"": 20, ""model__n_estimators"": 200}",0.4960318506387592,0.5104027481204668,5,2015-01-02,2017-03-10,2017-03-13,2204,2017-03-14,2019-05-22,2208,tuned,hybrid,random_forest,1
16,2,macro_auc,0.5372027746805514,"{""model__max_depth"": 3, ""model__max_features"": 1.0, ""model__min_samples_leaf"": 20, ""model__n_estimators"": 200}",0.537652272968808,0.5372027746805514,5,2015-01-02,2019-05-21,2019-05-22,4412,2019-05-23,2021-07-30,2208,tuned,hybrid,random_forest,1
16,3,macro_auc,0.4803327801966839,"{""model__max_depth"": 3, ""model__max_features"": 1.0, ""model__min_samples_leaf"": 20, ""model__n_estimators"": 200}",0.4803753848763177,0.4803327801966839,5,2016-08-02,2021-07-29,2021-07-30,5028,2021-08-02,2023-10-12,2216,tuned,hybrid,random_forest,1
17,1,macro_auc,0.5165825838763152,"{""model__max_depth"": 4, ""model__max_features"": 0.5, ""model__min_samples_leaf"": 40, ""model__n_estimators"": 100}",0.5028634600746674,0.5165825838763152,all,2015-01-02,2017-03-10,2017-03-13,2204,2017-03-14,2019-05-22,2208,tuned,hybrid,random_forest,1
17,2,macro_auc,0.5336215748162484,"{""model__max_depth"": 4, ""model__max_features"": 0.5, ""model__min_samples_leaf"": 40, ""model__n_estimators"": 100}",0.5337964623518784,0.5336215748162484,all,2015-01-02,2019-05-21,2019-05-22,4412,2019-05-23,2021-07-30,2208,tuned,hybrid,random_forest,1
17,3,macro_auc,0.4885883608789207,"{""model__max_depth"": 4, ""model__max_features"": 0.5, ""model__min_samples_leaf"": 40, ""model__n_estimators"": 100}",0.4888932196534808,0.4885883608789207,all,2015-01-02,2021-07-29,2021-07-30,6620,2021-08-02,2023-10-12,2216,tuned,hybrid,random_forest,1
18,1,macro_auc,0.513811816574104,"{""model__max_depth"": 4, ""model__max_features"": ""sqrt"", ""model__min_samples_leaf"": 40, ""model__n_estimators"": 100}",0.5010593813739995,0.513811816574104,3,2015-01-02,2017-03-10,2017-03-13,2204,2017-03-14,2019-05-22,2208,tuned,hybrid,random_forest,1
18,2,macro_auc,0.5255616208398994,"{""model__max_depth"": 4, ""model__max_features"": ""sqrt"", ""model__min_samples_leaf"": 40, ""model__n_estimators"": 100}",0.5260142674956161,0.5255616208398994,3,2016-05-23,2019-05-21,2019-05-22,3016,2019-05-23,2021-07-30,2208,tuned,hybrid,random_forest,1
18,3,macro_auc,0.48926640769212837,"{""model__max_depth"": 4, ""model__max_features"": ""sqrt"", ""model__min_samples_leaf"": 40, ""model__n_estimators"": 100}",0.4871514912326479,0.48926640769212837,3,2018-08-02,2021-07-29,2021-07-30,3012,2021-08-02,2023-10-12,2216,tuned,hybrid,random_forest,1
19,1,macro_auc,0.5095185530868506,"{""model__max_depth"": 3, ""model__max_features"": 0.5, ""model__min_samples_leaf"": 20, ""model__n_estimators"": 100}",0.49540042309352544,0.5095185530868506,5,2015-01-02,2017-03-10,2017-03-13,2204,2017-03-14,2019-05-22,2208,tuned,hybrid,random_forest,1
19,2,macro_auc,0.5303725402922733,"{""model__max_depth"": 3, ""model__max_features"": 0.5, ""model__min_samples_leaf"": 20, ""model__n_estimators"": 100}",0.5320711448536054,0.5303725402922733,5,2015-01-02,2019-05-21,2019-05-22,4412,2019-05-23,2021-07-30,2208,tuned,hybrid,random_forest,1
19,3,macro_auc,0.4825472997202399,"{""model__max_depth"": 3, ""model__max_features"": 0.5, ""model__min_samples_leaf"": 20, ""model__n_estimators"": 100}",0.4813424681661622,0.4825472997202399,5,2016-08-02,2021-07-29,2021-07-30,5028,2021-08-02,2023-10-12,2216,tuned,hybrid,random_forest,1
0,1,macro_auc,0.5122210464034367,"{""model__early_stopping"": false, ""model__max_iter"": 100, ""model__max_leaf_nodes"": 7}",0.5047107872373376,0.5122210464034367,all,2015-01-02,2017-03-10,2017-03-13,2204,2017-03-14,2019-05-22,2208,tuned,hybrid,hist_gradient_boosting,1
0,2,macro_auc,0.5298601473675013,"{""model__early_stopping"": false, ""model__max_iter"": 100, ""model__max_leaf_nodes"": 7}",0.529176380918221,0.5298601473675013,all,2015-01-02,2019-05-21,2019-05-22,4412,2019-05-23,2021-07-30,2208,tuned,hybrid,hist_gradient_boosting,1
0,3,macro_auc,0.47640012317018143,"{""model__early_stopping"": false, ""model__max_iter"": 100, ""model__max_leaf_nodes"": 7}",0.4769852931583342,0.47640012317018143,all,2015-01-02,2021-07-29,2021-07-30,6620,2021-08-02,2023-10-12,2216,tuned,hybrid,hist_gradient_boosting,1
1,1,macro_auc,0.5113333985592796,"{""model__early_stopping"": false, ""model__max_iter"": 100, ""model__max_leaf_nodes"": 15}",0.505139564846332,0.5113333985592796,all,2015-01-02,2017-03-10,2017-03-13,2204,2017-03-14,2019-05-22,2208,tuned,hybrid,hist_gradient_boosting,1
1,2,macro_auc,0.5213260999162276,"{""model__early_stopping"": false, ""model__max_iter"": 100, ""model__max_leaf_nodes"": 15}",0.5219757957383495,0.5213260999162276,all,2015-01-02,2019-05-21,2019-05-22,4412,2019-05-23,2021-07-30,2208,tuned,hybrid,hist_gradient_boosting,1
1,3,macro_auc,0.4934426083672624,"{""model__early_stopping"": false, ""model__max_iter"": 100, ""model__max_leaf_nodes"": 15}",0.49345261781129324,0.4934426083672624,all,2015-01-02,2021-07-29,2021-07-30,6620,2021-08-02,2023-10-12,2216,tuned,hybrid,hist_gradient_boosting,1
2,1,macro_auc,0.5187966674031219,"{""model__early_stopping"": false, ""model__l2_regularization"": 1.0, ""model__learning_rate"": 0.05, ""model__max_iter"": 100, ""model__max_leaf_nodes"": 31, ""model__min_samples_leaf"": 20}",0.5109340349744134,0.5187966674031219,all,2015-01-02,2017-03-10,2017-03-13,2204,2017-03-14,2019-05-22,2208,tuned,hybrid,hist_gradient_boosting,1
2,2,macro_auc,0.5250293493036035,"{""model__early_stopping"": false, ""model__l2_regularization"": 1.0, ""model__learning_rate"": 0.05, ""model__max_iter"": 100, ""model__max_leaf_nodes"": 31, ""model__min_samples_leaf"": 20}",0.5252134644508211,0.5250293493036035,all,2015-01-02,2019-05-21,2019-05-22,4412,2019-05-23,2021-07-30,2208,tuned,hybrid,hist_gradient_boosting,1
2,3,macro_auc,0.5022836850569654,"{""model__early_stopping"": false, ""model__l2_regularization"": 1.0, ""model__learning_rate"": 0.05, ""model__max_iter"": 100, ""model__max_leaf_nodes"": 31, ""model__min_samples_leaf"": 20}",0.5032257854086213,0.5022836850569654,all,2015-01-02,2021-07-29,2021-07-30,6620,2021-08-02,2023-10-12,2216,tuned,hybrid,hist_gradient_boosting,1
3,1,macro_auc,0.5149113213325104,"{""model__early_stopping"": false, ""model__l2_regularization"": 0.0, ""model__learning_rate"": 0.1, ""model__max_iter"": 200, ""model__max_leaf_nodes"": 3, ""model__min_samples_leaf"": 10}",0.5105555079593646,0.5149113213325104,3,2015-01-02,2017-03-10,2017-03-13,2204,2017-03-14,2019-05-22,2208,tuned,hybrid,hist_gradient_boosting,1
3,2,macro_auc,0.5195300741197288,"{""model__early_stopping"": false, ""model__l2_regularization"": 0.0, ""model__learning_rate"": 0.1, ""model__max_iter"": 200, ""model__max_leaf_nodes"": 3, ""model__min_samples_leaf"": 10}",0.5194803954779743,0.5195300741197288,3,2016-05-23,2019-05-21,2019-05-22,3016,2019-05-23,2021-07-30,2208,tuned,hybrid,hist_gradient_boosting,1
3,3,macro_auc,0.4952739909935812,"{""model__early_stopping"": false, ""model__l2_regularization"": 0.0, ""model__learning_rate"": 0.1, ""model__max_iter"": 200, ""model__max_leaf_nodes"": 3, ""model__min_samples_leaf"": 10}",0.4943247051456007,0.4952739909935812,3,2018-08-02,2021-07-29,2021-07-30,3012,2021-08-02,2023-10-12,2216,tuned,hybrid,hist_gradient_boosting,1
4,1,macro_auc,0.5085222699692853,"{""model__early_stopping"": false, ""model__l2_regularization"": 10.0, ""model__learning_rate"": 0.1, ""model__max_iter"": 200, ""model__max_leaf_nodes"": 31, ""model__min_samples_leaf"": 80}",0.5025833747969382,0.5085222699692853,5,2015-01-02,2017-03-10,2017-03-13,2204,2017-03-14,2019-05-22,2208,tuned,hybrid,hist_gradient_boosting,1
4,2,macro_auc,0.5223213151246396,"{""model__early_stopping"": false, ""model__l2_regularization"": 10.0, ""model__learning_rate"": 0.1, ""model__max_iter"": 200, ""model__max_leaf_nodes"": 31, ""model__min_samples_leaf"": 80}",0.5230501753546948,0.5223213151246396,5,2015-01-02,2019-05-21,2019-05-22,4412,2019-05-23,2021-07-30,2208,tuned,hybrid,hist_gradient_boosting,1
4,3,macro_auc,0.518932767449702,"{""model__early_stopping"": false, ""model__l2_regularization"": 10.0, ""model__learning_rate"": 0.1, ""model__max_iter"": 200, ""model__max_leaf_nodes"": 31, ""model__min_samples_leaf"": 80}",0.5192226150714956,0.518932767449702,5,2016-08-02,2021-07-29,2021-07-30,5028,2021-08-02,2023-10-12,2216,tuned,hybrid,hist_gradient_boosting,1
5,1,macro_auc,0.5108291321653619,"{""model__early_stopping"": false, ""model__l2_regularization"": 1.0, ""model__learning_rate"": 0.025, ""model__max_iter"": 200, ""model__max_leaf_nodes"": 15, ""model__min_samples_leaf"": 80}",0.5019573018231903,0.5108291321653619,all,2015-01-02,2017-03-10,2017-03-13,2204,2017-03-14,2019-05-22,2208,tuned,hybrid,hist_gradient_boosting,1
5,2,macro_auc,0.5325139489934653,"{""model__early_stopping"": false, ""model__l2_regularization"": 1.0, ""model__learning_rate"": 0.025, ""model__max_iter"": 200, ""model__max_leaf_nodes"": 15, ""model__min_samples_leaf"": 80}",0.5321363216695892,0.5325139489934653,all,2015-01-02,2019-05-21,2019-05-22,4412,2019-05-23,2021-07-30,2208,tuned,hybrid,hist_gradient_boosting,1
5,3,macro_auc,0.4949737349294957,"{""model__early_stopping"": false, ""model__l2_regularization"": 1.0, ""model__learning_rate"": 0.025, ""model__max_iter"": 200, ""model__max_leaf_nodes"": 15, ""model__min_samples_leaf"": 80}",0.4960077236196639,0.4949737349294957,all,2015-01-02,2021-07-29,2021-07-30,6620,2021-08-02,2023-10-12,2216,tuned,hybrid,hist_gradient_boosting,1
6,1,macro_auc,0.5139962155458236,"{""model__early_stopping"": false, ""model__l2_regularization"": 10.0, ""model__learning_rate"": 0.025, ""model__max_iter"": 200, ""model__max_leaf_nodes"": 7, ""model__min_samples_leaf"": 80}",0.5046292329947047,0.5139962155458236,3,2015-01-02,2017-03-10,2017-03-13,2204,2017-03-14,2019-05-22,2208,tuned,hybrid,hist_gradient_boosting,1
6,2,macro_auc,0.5216752604763819,"{""model__early_stopping"": false, ""model__l2_regularization"": 10.0, ""model__learning_rate"": 0.025, ""model__max_iter"": 200, ""model__max_leaf_nodes"": 7, ""model__min_samples_leaf"": 80}",0.522215330915564,0.5216752604763819,3,2016-05-23,2019-05-21,2019-05-22,3016,2019-05-23,2021-07-30,2208,tuned,hybrid,hist_gradient_boosting,1
6,3,macro_auc,0.4993981872724915,"{""model__early_stopping"": false, ""model__l2_regularization"": 10.0, ""model__learning_rate"": 0.025, ""model__max_iter"": 200, ""model__max_leaf_nodes"": 7, ""model__min_samples_leaf"": 80}",0.4983365515081933,0.4993981872724915,3,2018-08-02,2021-07-29,2021-07-30,3012,2021-08-02,2023-10-12,2216,tuned,hybrid,hist_gradient_boosting,1
7,1,macro_auc,0.5239041737356791,"{""model__early_stopping"": false, ""model__l2_regularization"": 1.0, ""model__learning_rate"": 0.1, ""model__max_iter"": 200, ""model__max_leaf_nodes"": 7, ""model__min_samples_leaf"": 40}",0.5163878719779622,0.5239041737356791,5,2015-01-02,2017-03-10,2017-03-13,2204,2017-03-14,2019-05-22,2208,tuned,hybrid,hist_gradient_boosting,1
7,2,macro_auc,0.5186160655201353,"{""model__early_stopping"": false, ""model__l2_regularization"": 1.0, ""model__learning_rate"": 0.1, ""model__max_iter"": 200, ""model__max_leaf_nodes"": 7, ""model__min_samples_leaf"": 40}",0.518130778734258,0.5186160655201353,5,2015-01-02,2019-05-21,2019-05-22,4412,2019-05-23,2021-07-30,2208,tuned,hybrid,hist_gradient_boosting,1
7,3,macro_auc,0.5033975958546667,"{""model__early_stopping"": false, ""model__l2_regularization"": 1.0, ""model__learning_rate"": 0.1, ""model__max_iter"": 200, ""model__max_leaf_nodes"": 7, ""model__min_samples_leaf"": 40}",0.503112034886755,0.5033975958546667,5,2016-08-02,2021-07-29,2021-07-30,5028,2021-08-02,2023-10-12,2216,tuned,hybrid,hist_gradient_boosting,1
8,1,macro_auc,0.5095181962551608,"{""model__early_stopping"": false, ""model__l2_regularization"": 10.0, ""model__learning_rate"": 0.025, ""model__max_iter"": 100, ""model__max_leaf_nodes"": 3, ""model__min_samples_leaf"": 40}",0.49571304769028496,0.5095181962551608,all,2015-01-02,2017-03-10,2017-03-13,2204,2017-03-14,2019-05-22,2208,tuned,hybrid,hist_gradient_boosting,1
8,2,macro_auc,0.5396035784529252,"{""model__early_stopping"": false, ""model__l2_regularization"": 10.0, ""model__learning_rate"": 0.025, ""model__max_iter"": 100, ""model__max_leaf_nodes"": 3, ""model__min_samples_leaf"": 40}",0.5399753905627291,0.5396035784529252,all,2015-01-02,2019-05-21,2019-05-22,4412,2019-05-23,2021-07-30,2208,tuned,hybrid,hist_gradient_boosting,1
8,3,macro_auc,0.47667541615563847,"{""model__early_stopping"": false, ""model__l2_regularization"": 10.0, ""model__learning_rate"": 0.025, ""model__max_iter"": 100, ""model__max_leaf_nodes"": 3, ""model__min_samples_leaf"": 40}",0.47700282460077237,0.47667541615563847,all,2015-01-02,2021-07-29,2021-07-30,6620,2021-08-02,2023-10-12,2216,tuned,hybrid,hist_gradient_boosting,1
9,1,macro_auc,0.5196333731130939,"{""model__early_stopping"": false, ""model__l2_regularization"": 1.0, ""model__learning_rate"": 0.1, ""model__max_iter"": 100, ""model__max_leaf_nodes"": 31, ""model__min_samples_leaf"": 20}",0.5127908356097127,0.5196333731130939,3,2015-01-02,2017-03-10,2017-03-13,2204,2017-03-14,2019-05-22,2208,tuned,hybrid,hist_gradient_boosting,1
9,2,macro_auc,0.5126488554017479,"{""model__early_stopping"": false, ""model__l2_regularization"": 1.0, ""model__learning_rate"": 0.1, ""model__max_iter"": 100, ""model__max_leaf_nodes"": 31, ""model__min_samples_leaf"": 20}",0.5136954341357138,0.5126488554017479,3,2016-05-23,2019-05-21,2019-05-22,3016,2019-05-23,2021-07-30,2208,tuned,hybrid,hist_gradient_boosting,1
9,3,macro_auc,0.5051352384623446,"{""model__early_stopping"": false, ""model__l2_regularization"": 1.0, ""model__learning_rate"": 0.1, ""model__max_iter"": 100, ""model__max_leaf_nodes"": 31, ""model__min_samples_leaf"": 20}",0.5049927917232022,0.5051352384623446,3,2018-08-02,2021-07-29,2021-07-30,3012,2021-08-02,2023-10-12,2216,tuned,hybrid,hist_gradient_boosting,1
10,1,macro_auc,0.5125757116985297,"{""model__early_stopping"": false, ""model__l2_regularization"": 0.0, ""model__learning_rate"": 0.1, ""model__max_iter"": 100, ""model__max_leaf_nodes"": 31, ""model__min_samples_leaf"": 20}",0.5054385970693195,0.5125757116985297,5,2015-01-02,2017-03-10,2017-03-13,2204,2017-03-14,2019-05-22,2208,tuned,hybrid,hist_gradient_boosting,1
10,2,macro_auc,0.5198821816759559,"{""model__early_stopping"": false, ""model__l2_regularization"": 0.0, ""model__learning_rate"": 0.1, ""model__max_iter"": 100, ""model__max_leaf_nodes"": 31, ""model__min_samples_leaf"": 20}",0.519611994526808,0.5198821816759559,5,2015-01-02,2019-05-21,2019-05-22,4412,2019-05-23,2021-07-30,2208,tuned,hybrid,hist_gradient_boosting,1
10,3,macro_auc,0.49944466595095444,"{""model__early_stopping"": false, ""model__l2_regularization"": 0.0, ""model__learning_rate"": 0.1, ""model__max_iter"": 100, ""model__max_leaf_nodes"": 31, ""model__min_samples_leaf"": 20}",0.5007094118567998,0.49944466595095444,5,2016-08-02,2021-07-29,2021-07-30,5028,2021-08-02,2023-10-12,2216,tuned,hybrid,hist_gradient_boosting,1
11,1,macro_auc,0.5127023779917067,"{""model__early_stopping"": false, ""model__l2_regularization"": 10.0, ""model__learning_rate"": 0.1, ""model__max_iter"": 200, ""model__max_leaf_nodes"": 7, ""model__min_samples_leaf"": 40}",0.5045460311916146,0.5127023779917067,all,2015-01-02,2017-03-10,2017-03-13,2204,2017-03-14,2019-05-22,2208,tuned,hybrid,hist_gradient_boosting,1
11,2,macro_auc,0.5192046222139602,"{""model__early_stopping"": false, ""model__l2_regularization"": 10.0, ""model__learning_rate"": 0.1, ""model__max_iter"": 200, ""model__max_leaf_nodes"": 7, ""model__min_samples_leaf"": 40}",0.5187518266114033,0.5192046222139602,all,2015-01-02,2019-05-21,2019-05-22,4412,2019-05-23,2021-07-30,2208,tuned,hybrid,hist_gradient_boosting,1
11,3,macro_auc,0.48875298190571054,"{""model__early_stopping"": false, ""model__l2_regularization"": 10.0, ""model__learning_rate"": 0.1, ""model__max_iter"": 200, ""model__max_leaf_nodes"": 7, ""model__min_samples_leaf"": 40}",0.49051018943742825,0.48875298190571054,all,2015-01-02,2021-07-29,2021-07-30,6620,2021-08-02,2023-10-12,2216,tuned,hybrid,hist_gradient_boosting,1
12,1,macro_auc,0.5181918304980455,"{""model__early_stopping"": false, ""model__l2_regularization"": 1.0, ""model__learning_rate"": 0.05, ""model__max_iter"": 200, ""model__max_leaf_nodes"": 3, ""model__min_samples_leaf"": 20}",0.5100414690967086,0.5181918304980455,3,2015-01-02,2017-03-10,2017-03-13,2204,2017-03-14,2019-05-22,2208,tuned,hybrid,hist_gradient_boosting,1
12,2,macro_auc,0.5245801946059551,"{""model__early_stopping"": false, ""model__l2_regularization"": 1.0, ""model__learning_rate"": 0.05, ""model__max_iter"": 200, ""model__max_leaf_nodes"": 3, ""model__min_samples_leaf"": 20}",0.5248796927307509,0.5245801946059551,3,2016-05-23,2019-05-21,2019-05-22,3016,2019-05-23,2021-07-30,2208,tuned,hybrid,hist_gradient_boosting,1
12,3,macro_auc,0.4926074018110761,"{""model__early_stopping"": false, ""model__l2_regularization"": 1.0, ""model__learning_rate"": 0.05, ""model__max_iter"": 200, ""model__max_leaf_nodes"": 3, ""model__min_samples_leaf"": 20}",0.49202360139860135,0.4926074018110761,3,2018-08-02,2021-07-29,2021-07-30,3012,2021-08-02,2023-10-12,2216,tuned,hybrid,hist_gradient_boosting,1
13,1,macro_auc,0.5082963063902707,"{""model__early_stopping"": false, ""model__l2_regularization"": 10.0, ""model__learning_rate"": 0.025, ""model__max_iter"": 100, ""model__max_leaf_nodes"": 15, ""model__min_samples_leaf"": 40}",0.4990872515066941,0.5082963063902707,5,2015-01-02,2017-03-10,2017-03-13,2204,2017-03-14,2019-05-22,2208,tuned,hybrid,hist_gradient_boosting,1
13,2,macro_auc,0.5259103381323402,"{""model__early_stopping"": false, ""model__l2_regularization"": 10.0, ""model__learning_rate"": 0.025, ""model__max_iter"": 100, ""model__max_leaf_nodes"": 15, ""model__min_samples_leaf"": 40}",0.5265053768797492,0.5259103381323402,5,2015-01-02,2019-05-21,2019-05-22,4412,2019-05-23,2021-07-30,2208,tuned,hybrid,hist_gradient_boosting,1
13,3,macro_auc,0.487166504627617,"{""model__early_stopping"": false, ""model__l2_regularization"": 10.0, ""model__learning_rate"": 0.025, ""model__max_iter"": 100, ""model__max_leaf_nodes"": 15, ""model__min_samples_leaf"": 40}",0.4878482641425738,0.487166504627617,5,2016-08-02,2021-07-29,2021-07-30,5028,2021-08-02,2023-10-12,2216,tuned,hybrid,hist_gradient_boosting,1
14,1,macro_auc,0.510542006110049,"{""model__early_stopping"": false, ""model__l2_regularization"": 1.0, ""model__learning_rate"": 0.05, ""model__max_iter"": 200, ""model__max_leaf_nodes"": 15, ""model__min_samples_leaf"": 80}",0.5033470190688648,0.510542006110049,all,2015-01-02,2017-03-10,2017-03-13,2204,2017-03-14,2019-05-22,2208,tuned,hybrid,hist_gradient_boosting,1
14,2,macro_auc,0.5259779809332853,"{""model__early_stopping"": false, ""model__l2_regularization"": 1.0, ""model__learning_rate"": 0.05, ""model__max_iter"": 200, ""model__max_leaf_nodes"": 15, ""model__min_samples_leaf"": 80}",0.5260250611084543,0.5259779809332853,all,2015-01-02,2019-05-21,2019-05-22,4412,2019-05-23,2021-07-30,2208,tuned,hybrid,hist_gradient_boosting,1
14,3,macro_auc,0.49692028706548397,"{""model__early_stopping"": false, ""model__l2_regularization"": 1.0, ""model__learning_rate"": 0.05, ""model__max_iter"": 200, ""model__max_leaf_nodes"": 15, ""model__min_samples_leaf"": 80}",0.49735560614758373,0.49692028706548397,all,2015-01-02,2021-07-29,2021-07-30,6620,2021-08-02,2023-10-12,2216,tuned,hybrid,hist_gradient_boosting,1
15,1,macro_auc,0.5194395031034961,"{""model__early_stopping"": false, ""model__l2_regularization"": 1.0, ""model__learning_rate"": 0.05, ""model__max_iter"": 100, ""model__max_leaf_nodes"": 31, ""model__min_samples_leaf"": 10}",0.5138098517525101,0.5194395031034961,3,2015-01-02,2017-03-10,2017-03-13,2204,2017-03-14,2019-05-22,2208,tuned,hybrid,hist_gradient_boosting,1
15,2,macro_auc,0.5137897683141859,"{""model__early_stopping"": false, ""model__l2_regularization"": 1.0, ""model__learning_rate"": 0.05, ""model__max_iter"": 100, ""model__max_leaf_nodes"": 31, ""model__min_samples_leaf"": 10}",0.514585492055901,0.5137897683141859,3,2016-05-23,2019-05-21,2019-05-22,3016,2019-05-23,2021-07-30,2208,tuned,hybrid,hist_gradient_boosting,1
15,3,macro_auc,0.4966319046095553,"{""model__early_stopping"": false, ""model__l2_regularization"": 1.0, ""model__learning_rate"": 0.05, ""model__max_iter"": 100, ""model__max_leaf_nodes"": 31, ""model__min_samples_leaf"": 10}",0.4959905998851894,0.4966319046095553,3,2018-08-02,2021-07-29,2021-07-30,3012,2021-08-02,2023-10-12,2216,tuned,hybrid,hist_gradient_boosting,1
16,1,macro_auc,0.5171667069394832,"{""model__early_stopping"": false, ""model__l2_regularization"": 10.0, ""model__learning_rate"": 0.05, ""model__max_iter"": 200, ""model__max_leaf_nodes"": 3, ""model__min_samples_leaf"": 10}",0.5079947871187133,0.5171667069394832,5,2015-01-02,2017-03-10,2017-03-13,2204,2017-03-14,2019-05-22,2208,tuned,hybrid,hist_gradient_boosting,1
16,2,macro_auc,0.5323937677084359,"{""model__early_stopping"": false, ""model__l2_regularization"": 10.0, ""model__learning_rate"": 0.05, ""model__max_iter"": 200, ""model__max_leaf_nodes"": 3, ""model__min_samples_leaf"": 10}",0.533561078564217,0.5323937677084359,5,2015-01-02,2019-05-21,2019-05-22,4412,2019-05-23,2021-07-30,2208,tuned,hybrid,hist_gradient_boosting,1
16,3,macro_auc,0.4841341084458232,"{""model__early_stopping"": false, ""model__l2_regularization"": 10.0, ""model__learning_rate"": 0.05, ""model__max_iter"": 200, ""model__max_leaf_nodes"": 3, ""model__min_samples_leaf"": 10}",0.483200801064607,0.4841341084458232,5,2016-08-02,2021-07-29,2021-07-30,5028,2021-08-02,2023-10-12,2216,tuned,hybrid,hist_gradient_boosting,1
17,1,macro_auc,0.5106373364741391,"{""model__early_stopping"": false, ""model__l2_regularization"": 10.0, ""model__learning_rate"": 0.025, ""model__max_iter"": 100, ""model__max_leaf_nodes"": 7, ""model__min_samples_leaf"": 40}",0.500243427057556,0.5106373364741391,all,2015-01-02,2017-03-10,2017-03-13,2204,2017-03-14,2019-05-22,2208,tuned,hybrid,hist_gradient_boosting,1
17,2,macro_auc,0.5293787528608771,"{""model__early_stopping"": false, ""model__l2_regularization"": 10.0, ""model__learning_rate"": 0.025, ""model__max_iter"": 100, ""model__max_leaf_nodes"": 7, ""model__min_samples_leaf"": 40}",0.530526827939848,0.5293787528608771,all,2015-01-02,2019-05-21,2019-05-22,4412,2019-05-23,2021-07-30,2208,tuned,hybrid,hist_gradient_boosting,1
17,3,macro_auc,0.47981342287216977,"{""model__early_stopping"": false, ""model__l2_regularization"": 10.0, ""model__learning_rate"": 0.025, ""model__max_iter"": 100, ""model__max_leaf_nodes"": 7, ""model__min_samples_leaf"": 40}",0.480182539009498,0.47981342287216977,all,2015-01-02,2021-07-29,2021-07-30,6620,2021-08-02,2023-10-12,2216,tuned,hybrid,hist_gradient_boosting,1
18,1,macro_auc,0.507450379305455,"{""model__early_stopping"": false, ""model__l2_regularization"": 1.0, ""model__learning_rate"": 0.025, ""model__max_iter"": 200, ""model__max_leaf_nodes"": 7, ""model__min_samples_leaf"": 80}",0.4999089722847381,0.507450379305455,3,2015-01-02,2017-03-10,2017-03-13,2204,2017-03-14,2019-05-22,2208,tuned,hybrid,hist_gradient_boosting,1
18,2,macro_auc,0.5138260927748148,"{""model__early_stopping"": false, ""model__l2_regularization"": 1.0, ""model__learning_rate"": 0.025, ""model__max_iter"": 200, ""model__max_leaf_nodes"": 7, ""model__min_samples_leaf"": 80}",0.51465108401084,0.5138260927748148,3,2016-05-23,2019-05-21,2019-05-22,3016,2019-05-23,2021-07-30,2208,tuned,hybrid,hist_gradient_boosting,1
18,3,macro_auc,0.4987093565548736,"{""model__early_stopping"": false, ""model__l2_regularization"": 1.0, ""model__learning_rate"": 0.025, ""model__max_iter"": 200, ""model__max_leaf_nodes"": 7, ""model__min_samples_leaf"": 80}",0.49815022896879246,0.4987093565548736,3,2018-08-02,2021-07-29,2021-07-30,3012,2021-08-02,2023-10-12,2216,tuned,hybrid,hist_gradient_boosting,1
19,1,macro_auc,0.5153629600927232,"{""model__early_stopping"": false, ""model__l2_regularization"": 10.0, ""model__learning_rate"": 0.025, ""model__max_iter"": 200, ""model__max_leaf_nodes"": 3, ""model__min_samples_leaf"": 80}",0.5038314018432906,0.5153629600927232,5,2015-01-02,2017-03-10,2017-03-13,2204,2017-03-14,2019-05-22,2208,tuned,hybrid,hist_gradient_boosting,1
19,2,macro_auc,0.5354139142186053,"{""model__early_stopping"": false, ""model__l2_regularization"": 10.0, ""model__learning_rate"": 0.025, ""model__max_iter"": 200, ""model__max_leaf_nodes"": 3, ""model__min_samples_leaf"": 80}",0.5369843143897125,0.5354139142186053,5,2015-01-02,2019-05-21,2019-05-22,4412,2019-05-23,2021-07-30,2208,tuned,hybrid,hist_gradient_boosting,1
19,3,macro_auc,0.4833418001427453,"{""model__early_stopping"": false, ""model__l2_regularization"": 10.0, ""model__learning_rate"": 0.025, ""model__max_iter"": 200, ""model__max_leaf_nodes"": 3, ""model__min_samples_leaf"": 80}",0.4838082859304874,0.4833418001427453,5,2016-08-02,2021-07-29,2021-07-30,5028,2021-08-02,2023-10-12,2216,tuned,hybrid,hist_gradient_boosting,1
0,1,macro_auc,0.5080008670632339,"{""model__C"": 0.1}",0.49869513211787303,0.5080008670632339,all,2015-01-02,2017-03-10,2017-03-13,2204,2017-03-14,2019-05-22,2208,tuned,lag_1,logistic_regression,1
0,2,macro_auc,0.5162532842873679,"{""model__C"": 0.1}",0.5147822679207185,0.5162532842873679,all,2015-01-02,2019-05-21,2019-05-22,4412,2019-05-23,2021-07-30,2208,tuned,lag_1,logistic_regression,1
0,3,macro_auc,0.5050717375465026,"{""model__C"": 0.1}",0.5053752217931322,0.5050717375465026,all,2015-01-02,2021-07-29,2021-07-30,6620,2021-08-02,2023-10-12,2216,tuned,lag_1,logistic_regression,1
1,1,macro_auc,0.5085634203390184,"{""model__C"": 10.0}",0.4986069876334112,0.5085634203390184,all,2015-01-02,2017-03-10,2017-03-13,2204,2017-03-14,2019-05-22,2208,tuned,lag_1,logistic_regression,1
1,2,macro_auc,0.5136918413760669,"{""model__C"": 10.0}",0.5117160515967905,0.5136918413760669,all,2015-01-02,2019-05-21,2019-05-22,4412,2019-05-23,2021-07-30,2208,tuned,lag_1,logistic_regression,1
1,3,macro_auc,0.5064161595643191,"{""model__C"": 10.0}",0.5064760332950632,0.5064161595643191,all,2015-01-02,2021-07-29,2021-07-30,6620,2021-08-02,2023-10-12,2216,tuned,lag_1,logistic_regression,1
2,1,macro_auc,0.5080008670632339,"{""model__C"": 0.1}",0.49869513211787303,0.5080008670632339,3,2015-01-02,2017-03-10,2017-03-13,2204,2017-03-14,2019-05-22,2208,tuned,lag_1,logistic_regression,1
2,2,macro_auc,0.5078922406796899,"{""model__C"": 0.1}",0.5075513775971092,0.5078922406796899,3,2016-05-23,2019-05-21,2019-05-22,3016,2019-05-23,2021-07-30,2208,tuned,lag_1,logistic_regression,1
2,3,macro_auc,0.506391268529124,"{""model__C"": 0.1}",0.5057878222523744,0.506391268529124,3,2018-08-02,2021-07-29,2021-07-30,3012,2021-08-02,2023-10-12,2216,tuned,lag_1,logistic_regression,1
3,1,macro_auc,0.5085634203390184,"{""model__C"": 10.0}",0.4986069876334112,0.5085634203390184,3,2015-01-02,2017-03-10,2017-03-13,2204,2017-03-14,2019-05-22,2208,tuned,lag_1,logistic_regression,1
3,2,macro_auc,0.5020933949425213,"{""model__C"": 10.0}",0.5011964304692067,0.5020933949425213,3,2016-05-23,2019-05-21,2019-05-22,3016,2019-05-23,2021-07-30,2208,tuned,lag_1,logistic_regression,1
3,3,macro_auc,0.5075792095702298,"{""model__C"": 10.0}",0.506922065807327,0.5075792095702298,3,2018-08-02,2021-07-29,2021-07-30,3012,2021-08-02,2023-10-12,2216,tuned,lag_1,logistic_regression,1
4,1,macro_auc,0.5080008670632339,"{""model__C"": 0.1}",0.49869513211787303,0.5080008670632339,5,2015-01-02,2017-03-10,2017-03-13,2204,2017-03-14,2019-05-22,2208,tuned,lag_1,logistic_regression,1
4,2,macro_auc,0.5162532842873679,"{""model__C"": 0.1}",0.5147822679207185,0.5162532842873679,5,2015-01-02,2019-05-21,2019-05-22,4412,2019-05-23,2021-07-30,2208,tuned,lag_1,logistic_regression,1
4,3,macro_auc,0.5031535351743294,"{""model__C"": 0.1}",0.5020907264377414,0.5031535351743294,5,2016-08-02,2021-07-29,2021-07-30,5028,2021-08-02,2023-10-12,2216,tuned,lag_1,logistic_regression,1
5,1,macro_auc,0.5085634203390184,"{""model__C"": 10.0}",0.4986069876334112,0.5085634203390184,5,2015-01-02,2017-03-10,2017-03-13,2204,2017-03-14,2019-05-22,2208,tuned,lag_1,logistic_regression,1
5,2,macro_auc,0.5136918413760669,"{""model__C"": 10.0}",0.5117160515967905,0.5136918413760669,5,2015-01-02,2019-05-21,2019-05-22,4412,2019-05-23,2021-07-30,2208,tuned,lag_1,logistic_regression,1
5,3,macro_auc,0.5043752341503813,"{""model__C"": 10.0}",0.5032575866297881,0.5043752341503813,5,2016-08-02,2021-07-29,2021-07-30,5028,2021-08-02,2023-10-12,2216,tuned,lag_1,logistic_regression,1
0,1,macro_auc,0.5049596789838484,"{""model__max_depth"": 4, ""model__min_samples_leaf"": 20, ""model__n_estimators"": 100}",0.49249000754582695,0.5049596789838484,all,2015-01-02,2017-03-10,2017-03-13,2204,2017-03-14,2019-05-22,2208,tuned,lag_1,random_forest,1
0,2,macro_auc,0.5169938641393227,"{""model__max_depth"": 4, ""model__min_samples_leaf"": 20, ""model__n_estimators"": 100}",0.5193886497688507,0.5169938641393227,all,2015-01-02,2019-05-21,2019-05-22,4412,2019-05-23,2021-07-30,2208,tuned,lag_1,random_forest,1
0,3,macro_auc,0.4897551543781995,"{""model__max_depth"": 4, ""model__min_samples_leaf"": 20, ""model__n_estimators"": 100}",0.4902541488362384,0.4897551543781995,all,2015-01-02,2021-07-29,2021-07-30,6620,2021-08-02,2023-10-12,2216,tuned,lag_1,random_forest,1
1,1,macro_auc,0.5066127924916648,"{""model__max_depth"": 8, ""model__min_samples_leaf"": 20, ""model__n_estimators"": 100}",0.49644950721466724,0.5066127924916648,all,2015-01-02,2017-03-10,2017-03-13,2204,2017-03-14,2019-05-22,2208,tuned,lag_1,random_forest,1
1,2,macro_auc,0.5066273437099483,"{""model__max_depth"": 8, ""model__min_samples_leaf"": 20, ""model__n_estimators"": 100}",0.5085385780328391,0.5066273437099483,all,2015-01-02,2019-05-21,2019-05-22,4412,2019-05-23,2021-07-30,2208,tuned,lag_1,random_forest,1
1,3,macro_auc,0.4947922871321683,"{""model__max_depth"": 8, ""model__min_samples_leaf"": 20, ""model__n_estimators"": 100}",0.4950765186306231,0.4947922871321683,all,2015-01-02,2021-07-29,2021-07-30,6620,2021-08-02,2023-10-12,2216,tuned,lag_1,random_forest,1
2,1,macro_auc,0.5189977283416519,"{""model__max_depth"": 8, ""model__max_features"": 0.5, ""model__min_samples_leaf"": 20, ""model__n_estimators"": 100}",0.5088605801389883,0.5189977283416519,all,2015-01-02,2017-03-10,2017-03-13,2204,2017-03-14,2019-05-22,2208,tuned,lag_1,random_forest,1
2,2,macro_auc,0.5117930056592831,"{""model__max_depth"": 8, ""model__max_features"": 0.5, ""model__min_samples_leaf"": 20, ""model__n_estimators"": 100}",0.5129506748498858,0.5117930056592831,all,2015-01-02,2019-05-21,2019-05-22,4412,2019-05-23,2021-07-30,2208,tuned,lag_1,random_forest,1
2,3,macro_auc,0.4876691371820414,"{""model__max_depth"": 8, ""model__max_features"": 0.5, ""model__min_samples_leaf"": 20, ""model__n_estimators"": 100}",0.48794733717774763,0.4876691371820414,all,2015-01-02,2021-07-29,2021-07-30,6620,2021-08-02,2023-10-12,2216,tuned,lag_1,random_forest,1
3,1,macro_auc,0.5138530940628947,"{""model__max_depth"": 8, ""model__max_features"": 1.0, ""model__min_samples_leaf"": 5, ""model__n_estimators"": 100}",0.506423014442515,0.5138530940628947,3,2015-01-02,2017-03-10,2017-03-13,2204,2017-03-14,2019-05-22,2208,tuned,lag_1,random_forest,1
3,2,macro_auc,0.4987970239104879,"{""model__max_depth"": 8, ""model__max_features"": 1.0, ""model__min_samples_leaf"": 5, ""model__n_estimators"": 100}",0.4990451804027844,0.4987970239104879,3,2016-05-23,2019-05-21,2019-05-22,3016,2019-05-23,2021-07-30,2208,tuned,lag_1,random_forest,1
3,3,macro_auc,0.48996454994395733,"{""model__max_depth"": 8, ""model__max_features"": 1.0, ""model__min_samples_leaf"": 5, ""model__n_estimators"": 100}",0.4890204245381484,0.48996454994395733,3,2018-08-02,2021-07-29,2021-07-30,3012,2021-08-02,2023-10-12,2216,tuned,lag_1,random_forest,1
4,1,macro_auc,0.5085326267075403,"{""model__max_depth"": 3, ""model__max_features"": 1.0, ""model__min_samples_leaf"": 20, ""model__n_estimators"": 100}",0.4973663746091163,0.5085326267075403,5,2015-01-02,2017-03-10,2017-03-13,2204,2017-03-14,2019-05-22,2208,tuned,lag_1,random_forest,1
4,2,macro_auc,0.5326703053318945,"{""model__max_depth"": 3, ""model__max_features"": 1.0, ""model__min_samples_leaf"": 20, ""model__n_estimators"": 100}",0.5329653541633456,0.5326703053318945,5,2015-01-02,2019-05-21,2019-05-22,4412,2019-05-23,2021-07-30,2208,tuned,lag_1,random_forest,1
4,3,macro_auc,0.4768675610752996,"{""model__max_depth"": 3, ""model__max_features"": 1.0, ""model__min_samples_leaf"": 20, ""model__n_estimators"": 100}",0.47607488127544095,0.4768675610752996,5,2016-08-02,2021-07-29,2021-07-30,5028,2021-08-02,2023-10-12,2216,tuned,lag_1,random_forest,1
5,1,macro_auc,0.5148987142074014,"{""model__max_depth"": 8, ""model__max_features"": 1.0, ""model__min_samples_leaf"": 20, ""model__n_estimators"": 200}",0.5047177893692809,0.5148987142074014,all,2015-01-02,2017-03-10,2017-03-13,2204,2017-03-14,2019-05-22,2208,tuned,lag_1,random_forest,1
5,2,macro_auc,0.5097472921262269,"{""model__max_depth"": 8, ""model__max_features"": 1.0, ""model__min_samples_leaf"": 20, ""model__n_estimators"": 200}",0.5106848464317977,0.5097472921262269,all,2015-01-02,2019-05-21,2019-05-22,4412,2019-05-23,2021-07-30,2208,tuned,lag_1,random_forest,1
5,3,macro_auc,0.48978929799092175,"{""model__max_depth"": 8, ""model__max_features"": 1.0, ""model__min_samples_leaf"": 20, ""model__n_estimators"": 200}",0.4893824692098946,0.48978929799092175,all,2015-01-02,2021-07-29,2021-07-30,6620,2021-08-02,2023-10-12,2216,tuned,lag_1,random_forest,1
6,1,macro_auc,0.5084081412724345,"{""model__max_depth"": 3, ""model__max_features"": 0.5, ""model__min_samples_leaf"": 40, ""model__n_estimators"": 200}",0.49507214667242216,0.5084081412724345,3,2015-01-02,2017-03-10,2017-03-13,2204,2017-03-14,2019-05-22,2208,tuned,lag_1,random_forest,1
6,2,macro_auc,0.527777224819604,"{""model__max_depth"": 3, ""model__max_features"": 0.5, ""model__min_samples_leaf"": 40, ""model__n_estimators"": 200}",0.5296185039056274,0.527777224819604,3,2016-05-23,2019-05-21,2019-05-22,3016,2019-05-23,2021-07-30,2208,tuned,lag_1,random_forest,1
6,3,macro_auc,0.4829336226381423,"{""model__max_depth"": 3, ""model__max_features"": 0.5, ""model__min_samples_leaf"": 40, ""model__n_estimators"": 200}",0.48158138503287756,0.4829336226381423,3,2018-08-02,2021-07-29,2021-07-30,3012,2021-08-02,2023-10-12,2216,tuned,lag_1,random_forest,1
7,1,macro_auc,0.5124710363676368,"{""model__max_depth"": 4, ""model__max_features"": 1.0, ""model__min_samples_leaf"": 5, ""model__n_estimators"": 200}",0.5024655742242462,0.5124710363676368,5,2015-01-02,2017-03-10,2017-03-13,2204,2017-03-14,2019-05-22,2208,tuned,lag_1,random_forest,1
7,2,macro_auc,0.5284271362530668,"{""model__max_depth"": 4, ""model__max_features"": 1.0, ""model__min_samples_leaf"": 5, ""model__n_estimators"": 200}",0.5293171130240714,0.5284271362530668,5,2015-01-02,2019-05-21,2019-05-22,4412,2019-05-23,2021-07-30,2208,tuned,lag_1,random_forest,1
7,3,macro_auc,0.4784411416133232,"{""model__max_depth"": 4, ""model__max_features"": 1.0, ""model__min_samples_leaf"": 5, ""model__n_estimators"": 200}",0.477986216209164,0.4784411416133232,5,2016-08-02,2021-07-29,2021-07-30,5028,2021-08-02,2023-10-12,2216,tuned,lag_1,random_forest,1
8,1,macro_auc,0.5133877376914245,"{""model__max_depth"": 6, ""model__max_features"": 1.0, ""model__min_samples_leaf"": 10, ""model__n_estimators"": 200}",0.5033626708932084,0.5133877376914245,all,2015-01-02,2017-03-10,2017-03-13,2204,2017-03-14,2019-05-22,2208,tuned,lag_1,random_forest,1
8,2,macro_auc,0.5203183045862547,"{""model__max_depth"": 6, ""model__max_features"": 1.0, ""model__min_samples_leaf"": 10, ""model__n_estimators"": 200}",0.5205277910622244,0.5203183045862547,all,2015-01-02,2019-05-21,2019-05-22,4412,2019-05-23,2021-07-30,2208,tuned,lag_1,random_forest,1
8,3,macro_auc,0.48260805976476323,"{""model__max_depth"": 6, ""model__max_features"": 1.0, ""model__min_samples_leaf"": 10, ""model__n_estimators"": 200}",0.48184965687297776,0.48260805976476323,all,2015-01-02,2021-07-29,2021-07-30,6620,2021-08-02,2023-10-12,2216,tuned,lag_1,random_forest,1
9,1,macro_auc,0.5112393961750066,"{""model__max_depth"": 4, ""model__max_features"": ""sqrt"", ""model__min_samples_leaf"": 10, ""model__n_estimators"": 200}",0.5012999252007552,0.5112393961750066,3,2015-01-02,2017-03-10,2017-03-13,2204,2017-03-14,2019-05-22,2208,tuned,lag_1,random_forest,1
9,2,macro_auc,0.5241483605309508,"{""model__max_depth"": 4, ""model__max_features"": ""sqrt"", ""model__min_samples_leaf"": 10, ""model__n_estimators"": 200}",0.5250635992879537,0.5241483605309508,3,2016-05-23,2019-05-21,2019-05-22,3016,2019-05-23,2021-07-30,2208,tuned,lag_1,random_forest,1
9,3,macro_auc,0.4858734332488639,"{""model__max_depth"": 4, ""model__max_features"": ""sqrt"", ""model__min_samples_leaf"": 10, ""model__n_estimators"": 200}",0.4858248095188394,0.4858734332488639,3,2018-08-02,2021-07-29,2021-07-30,3012,2021-08-02,2023-10-12,2216,tuned,lag_1,random_forest,1
10,1,macro_auc,0.5030987541294051,"{""model__max_depth"": 6, ""model__max_features"": ""sqrt"", ""model__min_samples_leaf"": 40, ""model__n_estimators"": 100}",0.49066492244932924,0.5030987541294051,5,2015-01-02,2017-03-10,2017-03-13,2204,2017-03-14,2019-05-22,2208,tuned,lag_1,random_forest,1
10,2,macro_auc,0.5096032599297055,"{""model__max_depth"": 6, ""model__max_features"": ""sqrt"", ""model__min_samples_leaf"": 40, ""model__n_estimators"": 100}",0.5123885767043945,0.5096032599297055,5,2015-01-02,2019-05-21,2019-05-22,4412,2019-05-23,2021-07-30,2208,tuned,lag_1,random_forest,1
10,3,macro_auc,0.484565606531361,"{""model__max_depth"": 6, ""model__max_features"": ""sqrt"", ""model__min_samples_leaf"": 40, ""model__n_estimators"": 100}",0.4832317868698466,0.484565606531361,5,2016-08-02,2021-07-29,2021-07-30,5028,2021-08-02,2023-10-12,2216,tuned,lag_1,random_forest,1
11,1,macro_auc,0.5087046221252179,"{""model__max_depth"": 8, ""model__max_features"": 0.5, ""model__min_samples_leaf"": 10, ""model__n_estimators"": 200}",0.4993994642133393,0.5087046221252179,all,2015-01-02,2017-03-10,2017-03-13,2204,2017-03-14,2019-05-22,2208,tuned,lag_1,random_forest,1
11,2,macro_auc,0.5148986652723165,"{""model__max_depth"": 8, ""model__max_features"": 0.5, ""model__min_samples_leaf"": 10, ""model__n_estimators"": 200}",0.5161538870290664,0.5148986652723165,all,2015-01-02,2019-05-21,2019-05-22,4412,2019-05-23,2021-07-30,2208,tuned,lag_1,random_forest,1
11,3,macro_auc,0.48898525501379814,"{""model__max_depth"": 8, ""model__max_features"": 0.5, ""model__min_samples_leaf"": 10, ""model__n_estimators"": 200}",0.4890954428034653,0.48898525501379814,all,2015-01-02,2021-07-29,2021-07-30,6620,2021-08-02,2023-10-12,2216,tuned,lag_1,random_forest,1
12,1,macro_auc,0.5189977283416519,"{""model__max_depth"": 8, ""model__max_features"": 0.5, ""model__min_samples_leaf"": 20, ""model__n_estimators"": 100}",0.5088605801389883,0.5189977283416519,3,2015-01-02,2017-03-10,2017-03-13,2204,2017-03-14,2019-05-22,2208,tuned,lag_1,random_forest,1
12,2,macro_auc,0.5145757460445031,"{""model__max_depth"": 8, ""model__max_features"": 0.5, ""model__min_samples_leaf"": 20, ""model__n_estimators"": 100}",0.5154307149689143,0.5145757460445031,3,2016-05-23,2019-05-21,2019-05-22,3016,2019-05-23,2021-07-30,2208,tuned,lag_1,random_forest,1
12,3,macro_auc,0.48915814936044477,"{""model__max_depth"": 8, ""model__max_features"": 0.5, ""model__min_samples_leaf"": 20, ""model__n_estimators"": 100}",0.48683674068468846,0.48915814936044477,3,2018-08-02,2021-07-29,2021-07-30,3012,2021-08-02,2023-10-12,2216,tuned,lag_1,random_forest,1
13,1,macro_auc,0.5130834815059266,"{""model__max_depth"": 8, ""model__max_features"": 1.0, ""model__min_samples_leaf"": 10, ""model__n_estimators"": 100}",0.5043989864208067,0.5130834815059266,5,2015-01-02,2017-03-10,2017-03-13,2204,2017-03-14,2019-05-22,2208,tuned,lag_1,random_forest,1
13,2,macro_auc,0.5153520419746963,"{""model__max_depth"": 8, ""model__max_features"": 1.0, ""model__min_samples_leaf"": 10, ""model__n_estimators"": 100}",0.5153543294011371,0.5153520419746963,5,2015-01-02,2019-05-21,2019-05-22,4412,2019-05-23,2021-07-30,2208,tuned,lag_1,random_forest,1
13,3,macro_auc,0.4818752295150668,"{""model__max_depth"": 8, ""model__max_features"": 1.0, ""model__min_samples_leaf"": 10, ""model__n_estimators"": 100}",0.4816523262185575,0.4818752295150668,5,2016-08-02,2021-07-29,2021-07-30,5028,2021-08-02,2023-10-12,2216,tuned,lag_1,random_forest,1
14,1,macro_auc,0.5032180716995484,"{""model__max_depth"": 8, ""model__max_features"": ""sqrt"", ""model__min_samples_leaf"": 40, ""model__n_estimators"": 200}",0.49323346920215233,0.5032180716995484,all,2015-01-02,2017-03-10,2017-03-13,2204,2017-03-14,2019-05-22,2208,tuned,lag_1,random_forest,1
14,2,macro_auc,0.5132479987238128,"{""model__max_depth"": 8, ""model__max_features"": ""sqrt"", ""model__min_samples_leaf"": 40, ""model__n_estimators"": 200}",0.5147407540251874,0.5132479987238128,all,2015-01-02,2019-05-21,2019-05-22,4412,2019-05-23,2021-07-30,2208,tuned,lag_1,random_forest,1
14,3,macro_auc,0.4968371814455799,"{""model__max_depth"": 8, ""model__max_features"": ""sqrt"", ""model__min_samples_leaf"": 40, ""model__n_estimators"": 200}",0.4968712490867342,0.4968371814455799,all,2015-01-02,2021-07-29,2021-07-30,6620,2021-08-02,2023-10-12,2216,tuned,lag_1,random_forest,1
15,1,macro_auc,0.5140929269438547,"{""model__max_depth"": 4, ""model__max_features"": ""sqrt"", ""model__min_samples_leaf"": 10, ""model__n_estimators"": 100}",0.5023168818929811,0.5140929269438547,3,2015-01-02,2017-03-10,2017-03-13,2204,2017-03-14,2019-05-22,2208,tuned,lag_1,random_forest,1
15,2,macro_auc,0.5166697161294085,"{""model__max_depth"": 4, ""model__max_features"": ""sqrt"", ""model__min_samples_leaf"": 10, ""model__n_estimators"": 100}",0.5188024735639513,0.5166697161294085,3,2016-05-23,2019-05-21,2019-05-22,3016,2019-05-23,2021-07-30,2208,tuned,lag_1,random_forest,1
15,3,macro_auc,0.488647532264494,"{""model__max_depth"": 4, ""model__max_features"": ""sqrt"", ""model__min_samples_leaf"": 10, ""model__n_estimators"": 100}",0.48765460285982676,0.488647532264494,3,2018-08-02,2021-07-29,2021-07-30,3012,2021-08-02,2023-10-12,2216,tuned,lag_1,random_forest,1
16,1,macro_auc,0.5073142923797298,"{""model__max_depth"": 3, ""model__max_features"": 1.0, ""model__min_samples_leaf"": 20, ""model__n_estimators"": 200}",0.49632264505946055,0.5073142923797298,5,2015-01-02,2017-03-10,2017-03-13,2204,2017-03-14,2019-05-22,2208,tuned,lag_1,random_forest,1
16,2,macro_auc,0.5305697156073429,"{""model__max_depth"": 3, ""model__max_features"": 1.0, ""model__min_samples_leaf"": 20, ""model__n_estimators"": 200}",0.531766432860407,0.5305697156073429,5,2015-01-02,2019-05-21,2019-05-22,4412,2019-05-23,2021-07-30,2208,tuned,lag_1,random_forest,1
16,3,macro_auc,0.47603179873371754,"{""model__max_depth"": 3, ""model__max_features"": 1.0, ""model__min_samples_leaf"": 20, ""model__n_estimators"": 200}",0.47576420780711826,0.47603179873371754,5,2016-08-02,2021-07-29,2021-07-30,5028,2021-08-02,2023-10-12,2216,tuned,lag_1,random_forest,1
17,1,macro_auc,0.5106889463850961,"{""model__max_depth"": 4, ""model__max_features"": 0.5, ""model__min_samples_leaf"": 40, ""model__n_estimators"": 100}",0.49638937125797833,0.5106889463850961,all,2015-01-02,2017-03-10,2017-03-13,2204,2017-03-14,2019-05-22,2208,tuned,lag_1,random_forest,1
17,2,macro_auc,0.524141265728312,"{""model__max_depth"": 4, ""model__max_features"": 0.5, ""model__min_samples_leaf"": 40, ""model__n_estimators"": 100}",0.5263123372655295,0.524141265728312,all,2015-01-02,2019-05-21,2019-05-22,4412,2019-05-23,2021-07-30,2208,tuned,lag_1,random_forest,1
17,3,macro_auc,0.4845500650066241,"{""model__max_depth"": 4, ""model__max_features"": 0.5, ""model__min_samples_leaf"": 40, ""model__n_estimators"": 100}",0.4843440141947605,0.4845500650066241,all,2015-01-02,2021-07-29,2021-07-30,6620,2021-08-02,2023-10-12,2216,tuned,lag_1,random_forest,1
18,1,macro_auc,0.5092387443761679,"{""model__max_depth"": 4, ""model__max_features"": ""sqrt"", ""model__min_samples_leaf"": 40, ""model__n_estimators"": 100}",0.4948196580323515,0.5092387443761679,3,2015-01-02,2017-03-10,2017-03-13,2204,2017-03-14,2019-05-22,2208,tuned,lag_1,random_forest,1
18,2,macro_auc,0.523077238388641,"{""model__max_depth"": 4, ""model__max_features"": ""sqrt"", ""model__min_samples_leaf"": 40, ""model__n_estimators"": 100}",0.5242358122110633,0.523077238388641,3,2016-05-23,2019-05-21,2019-05-22,3016,2019-05-23,2021-07-30,2208,tuned,lag_1,random_forest,1
18,3,macro_auc,0.49270326747598825,"{""model__max_depth"": 4, ""model__max_features"": ""sqrt"", ""model__min_samples_leaf"": 40, ""model__n_estimators"": 100}",0.4911886154889886,0.49270326747598825,3,2018-08-02,2021-07-29,2021-07-30,3012,2021-08-02,2023-10-12,2216,tuned,lag_1,random_forest,1
19,1,macro_auc,0.5076569966333897,"{""model__max_depth"": 3, ""model__max_features"": 0.5, ""model__min_samples_leaf"": 20, ""model__n_estimators"": 100}",0.49565661874462486,0.5076569966333897,5,2015-01-02,2017-03-10,2017-03-13,2204,2017-03-14,2019-05-22,2208,tuned,lag_1,random_forest,1
19,2,macro_auc,0.5229099995286582,"{""model__max_depth"": 3, ""model__max_features"": 0.5, ""model__min_samples_leaf"": 20, ""model__n_estimators"": 100}",0.5241851652585152,0.5229099995286582,5,2015-01-02,2019-05-21,2019-05-22,4412,2019-05-23,2021-07-30,2208,tuned,lag_1,random_forest,1
19,3,macro_auc,0.4740564636029224,"{""model__max_depth"": 3, ""model__max_features"": 0.5, ""model__min_samples_leaf"": 20, ""model__n_estimators"": 100}",0.47252211407994993,0.4740564636029224,5,2016-08-02,2021-07-29,2021-07-30,5028,2021-08-02,2023-10-12,2216,tuned,lag_1,random_forest,1
0,1,macro_auc,0.5094180052654549,"{""model__early_stopping"": false, ""model__max_iter"": 100, ""model__max_leaf_nodes"": 7}",0.5022662194089212,0.5094180052654549,all,2015-01-02,2017-03-10,2017-03-13,2204,2017-03-14,2019-05-22,2208,tuned,lag_1,hist_gradient_boosting,1
0,2,macro_auc,0.5101225628131887,"{""model__early_stopping"": false, ""model__max_iter"": 100, ""model__max_leaf_nodes"": 7}",0.5111037216377066,0.5101225628131887,all,2015-01-02,2019-05-21,2019-05-22,4412,2019-05-23,2021-07-30,2208,tuned,lag_1,hist_gradient_boosting,1
0,3,macro_auc,0.4814164594223369,"{""model__early_stopping"": false, ""model__max_iter"": 100, ""model__max_leaf_nodes"": 7}",0.4828725961538462,0.4814164594223369,all,2015-01-02,2021-07-29,2021-07-30,6620,2021-08-02,2023-10-12,2216,tuned,lag_1,hist_gradient_boosting,1
1,1,macro_auc,0.5046221474725057,"{""model__early_stopping"": false, ""model__max_iter"": 100, ""model__max_leaf_nodes"": 15}",0.49859627849043925,0.5046221474725057,all,2015-01-02,2017-03-10,2017-03-13,2204,2017-03-14,2019-05-22,2208,tuned,lag_1,hist_gradient_boosting,1
1,2,macro_auc,0.506792423496666,"{""model__early_stopping"": false, ""model__max_iter"": 100, ""model__max_leaf_nodes"": 15}",0.5065704042457091,0.506792423496666,all,2015-01-02,2019-05-21,2019-05-22,4412,2019-05-23,2021-07-30,2208,tuned,lag_1,hist_gradient_boosting,1
1,3,macro_auc,0.48927864927367565,"{""model__early_stopping"": false, ""model__max_iter"": 100, ""model__max_leaf_nodes"": 15}",0.4908143395783321,0.48927864927367565,all,2015-01-02,2021-07-29,2021-07-30,6620,2021-08-02,2023-10-12,2216,tuned,lag_1,hist_gradient_boosting,1
2,1,macro_auc,0.5092588153753432,"{""model__early_stopping"": false, ""model__l2_regularization"": 1.0, ""model__learning_rate"": 0.05, ""model__max_iter"": 100, ""model__max_leaf_nodes"": 31, ""model__min_samples_leaf"": 20}",0.5041024255385052,0.5092588153753432,all,2015-01-02,2017-03-10,2017-03-13,2204,2017-03-14,2019-05-22,2208,tuned,lag_1,hist_gradient_boosting,1
2,2,macro_auc,0.5084291891796632,"{""model__early_stopping"": false, ""model__l2_regularization"": 1.0, ""model__learning_rate"": 0.05, ""model__max_iter"": 100, ""model__max_leaf_nodes"": 31, ""model__min_samples_leaf"": 20}",0.507980631276901,0.5084291891796632,all,2015-01-02,2019-05-21,2019-05-22,4412,2019-05-23,2021-07-30,2208,tuned,lag_1,hist_gradient_boosting,1
2,3,macro_auc,0.4931904221003286,"{""model__early_stopping"": false, ""model__l2_regularization"": 1.0, ""model__learning_rate"": 0.05, ""model__max_iter"": 100, ""model__max_leaf_nodes"": 31, ""model__min_samples_leaf"": 20}",0.4933266360505167,0.4931904221003286,all,2015-01-02,2021-07-29,2021-07-30,6620,2021-08-02,2023-10-12,2216,tuned,lag_1,hist_gradient_boosting,1
3,1,macro_auc,0.5076715901500994,"{""model__early_stopping"": false, ""model__l2_regularization"": 0.0, ""model__learning_rate"": 0.1, ""model__max_iter"": 200, ""model__max_leaf_nodes"": 3, ""model__min_samples_leaf"": 10}",0.5016586814903172,0.5076715901500994,3,2015-01-02,2017-03-10,2017-03-13,2204,2017-03-14,2019-05-22,2208,tuned,lag_1,hist_gradient_boosting,1
3,2,macro_auc,0.49409087143577274,"{""model__early_stopping"": false, ""model__l2_regularization"": 0.0, ""model__learning_rate"": 0.1, ""model__max_iter"": 200, ""model__max_leaf_nodes"": 3, ""model__min_samples_leaf"": 10}",0.49438773646314893,0.49409087143577274,3,2016-05-23,2019-05-21,2019-05-22,3016,2019-05-23,2021-07-30,2208,tuned,lag_1,hist_gradient_boosting,1
3,3,macro_auc,0.49090168605984097,"{""model__early_stopping"": false, ""model__l2_regularization"": 0.0, ""model__learning_rate"": 0.1, ""model__max_iter"": 200, ""model__max_leaf_nodes"": 3, ""model__min_samples_leaf"": 10}",0.4904363942960025,0.49090168605984097,3,2018-08-02,2021-07-29,2021-07-30,3012,2021-08-02,2023-10-12,2216,tuned,lag_1,hist_gradient_boosting,1
4,1,macro_auc,0.5124735228043709,"{""model__early_stopping"": false, ""model__l2_regularization"": 10.0, ""model__learning_rate"": 0.1, ""model__max_iter"": 200, ""model__max_leaf_nodes"": 31, ""model__min_samples_leaf"": 80}",0.5074181409586825,0.5124735228043709,5,2015-01-02,2017-03-10,2017-03-13,2204,2017-03-14,2019-05-22,2208,tuned,lag_1,hist_gradient_boosting,1
4,2,macro_auc,0.5080130069805483,"{""model__early_stopping"": false, ""model__l2_regularization"": 10.0, ""model__learning_rate"": 0.1, ""model__max_iter"": 200, ""model__max_leaf_nodes"": 31, ""model__min_samples_leaf"": 80}",0.5075654923215899,0.5080130069805483,5,2015-01-02,2019-05-21,2019-05-22,4412,2019-05-23,2021-07-30,2208,tuned,lag_1,hist_gradient_boosting,1
4,3,macro_auc,0.5048993806705431,"{""model__early_stopping"": false, ""model__l2_regularization"": 10.0, ""model__learning_rate"": 0.1, ""model__max_iter"": 200, ""model__max_leaf_nodes"": 31, ""model__min_samples_leaf"": 80}",0.5054559479699405,0.5048993806705431,5,2016-08-02,2021-07-29,2021-07-30,5028,2021-08-02,2023-10-12,2216,tuned,lag_1,hist_gradient_boosting,1
5,1,macro_auc,0.5070942260906733,"{""model__early_stopping"": false, ""model__l2_regularization"": 1.0, ""model__learning_rate"": 0.025, ""model__max_iter"": 200, ""model__max_leaf_nodes"": 15, ""model__min_samples_leaf"": 80}",0.49957904830317745,0.5070942260906733,all,2015-01-02,2017-03-10,2017-03-13,2204,2017-03-14,2019-05-22,2208,tuned,lag_1,hist_gradient_boosting,1
5,2,macro_auc,0.5190154042714007,"{""model__early_stopping"": false, ""model__l2_regularization"": 1.0, ""model__learning_rate"": 0.025, ""model__max_iter"": 200, ""model__max_leaf_nodes"": 15, ""model__min_samples_leaf"": 80}",0.519998904033158,0.5190154042714007,all,2015-01-02,2019-05-21,2019-05-22,4412,2019-05-23,2021-07-30,2208,tuned,lag_1,hist_gradient_boosting,1
5,3,macro_auc,0.4888674584180697,"{""model__early_stopping"": false, ""model__l2_regularization"": 1.0, ""model__learning_rate"": 0.025, ""model__max_iter"": 200, ""model__max_leaf_nodes"": 15, ""model__min_samples_leaf"": 80}",0.48984644087256024,0.4888674584180697,all,2015-01-02,2021-07-29,2021-07-30,6620,2021-08-02,2023-10-12,2216,tuned,lag_1,hist_gradient_boosting,1
6,1,macro_auc,0.5105418588027696,"{""model__early_stopping"": false, ""model__l2_regularization"": 10.0, ""model__learning_rate"": 0.025, ""model__max_iter"": 200, ""model__max_leaf_nodes"": 7, ""model__min_samples_leaf"": 80}",0.5015734202366555,0.5105418588027696,3,2015-01-02,2017-03-10,2017-03-13,2204,2017-03-14,2019-05-22,2208,tuned,lag_1,hist_gradient_boosting,1
6,2,macro_auc,0.511530343968393,"{""model__early_stopping"": false, ""model__l2_regularization"": 10.0, ""model__learning_rate"": 0.025, ""model__max_iter"": 200, ""model__max_leaf_nodes"": 7, ""model__min_samples_leaf"": 80}",0.5120274058132738,0.511530343968393,3,2016-05-23,2019-05-21,2019-05-22,3016,2019-05-23,2021-07-30,2208,tuned,lag_1,hist_gradient_boosting,1
6,3,macro_auc,0.4876030726025867,"{""model__early_stopping"": false, ""model__l2_regularization"": 10.0, ""model__learning_rate"": 0.025, ""model__max_iter"": 200, ""model__max_leaf_nodes"": 7, ""model__min_samples_leaf"": 80}",0.48711969001148103,0.4876030726025867,3,2018-08-02,2021-07-29,2021-07-30,3012,2021-08-02,2023-10-12,2216,tuned,lag_1,hist_gradient_boosting,1
7,1,macro_auc,0.5113315445165079,"{""model__early_stopping"": false, ""model__l2_regularization"": 1.0, ""model__learning_rate"": 0.1, ""model__max_iter"": 200, ""model__max_leaf_nodes"": 7, ""model__min_samples_leaf"": 40}",0.5041106633407914,0.5113315445165079,5,2015-01-02,2017-03-10,2017-03-13,2204,2017-03-14,2019-05-22,2208,tuned,lag_1,hist_gradient_boosting,1
7,2,macro_auc,0.5141557590336945,"{""model__early_stopping"": false, ""model__l2_regularization"": 1.0, ""model__learning_rate"": 0.1, ""model__max_iter"": 200, ""model__max_leaf_nodes"": 7, ""model__min_samples_leaf"": 40}",0.5136273513470428,0.5141557590336945,5,2015-01-02,2019-05-21,2019-05-22,4412,2019-05-23,2021-07-30,2208,tuned,lag_1,hist_gradient_boosting,1
7,3,macro_auc,0.486717833543046,"{""model__early_stopping"": false, ""model__l2_regularization"": 1.0, ""model__learning_rate"": 0.1, ""model__max_iter"": 200, ""model__max_leaf_nodes"": 7, ""model__min_samples_leaf"": 40}",0.48676009158751693,0.486717833543046,5,2016-08-02,2021-07-29,2021-07-30,5028,2021-08-02,2023-10-12,2216,tuned,lag_1,hist_gradient_boosting,1
8,1,macro_auc,0.5046263117327572,"{""model__early_stopping"": false, ""model__l2_regularization"": 10.0, ""model__learning_rate"": 0.025, ""model__max_iter"": 100, ""model__max_leaf_nodes"": 3, ""model__min_samples_leaf"": 40}",0.49347895571027983,0.5046263117327572,all,2015-01-02,2017-03-10,2017-03-13,2204,2017-03-14,2019-05-22,2208,tuned,lag_1,hist_gradient_boosting,1
8,2,macro_auc,0.5421514719106189,"{""model__early_stopping"": false, ""model__l2_regularization"": 10.0, ""model__learning_rate"": 0.025, ""model__max_iter"": 100, ""model__max_leaf_nodes"": 3, ""model__min_samples_leaf"": 40}",0.5418314768319251,0.5421514719106189,all,2015-01-02,2019-05-21,2019-05-22,4412,2019-05-23,2021-07-30,2208,tuned,lag_1,hist_gradient_boosting,1
8,3,macro_auc,0.47135099948964354,"{""model__early_stopping"": false, ""model__l2_regularization"": 10.0, ""model__learning_rate"": 0.025, ""model__max_iter"": 100, ""model__max_leaf_nodes"": 3, ""model__min_samples_leaf"": 40}",0.47187875091326587,0.47135099948964354,all,2015-01-02,2021-07-29,2021-07-30,6620,2021-08-02,2023-10-12,2216,tuned,lag_1,hist_gradient_boosting,1
9,1,macro_auc,0.514718369395266,"{""model__early_stopping"": false, ""model__l2_regularization"": 1.0, ""model__learning_rate"": 0.1, ""model__max_iter"": 100, ""model__max_leaf_nodes"": 31, ""model__min_samples_leaf"": 20}",0.5093845043643876,0.514718369395266,3,2015-01-02,2017-03-10,2017-03-13,2204,2017-03-14,2019-05-22,2208,tuned,lag_1,hist_gradient_boosting,1
9,2,macro_auc,0.48719112115373536,"{""model__early_stopping"": false, ""model__l2_regularization"": 1.0, ""model__learning_rate"": 0.1, ""model__max_iter"": 100, ""model__max_leaf_nodes"": 31, ""model__min_samples_leaf"": 20}",0.48721455045432804,0.48719112115373536,3,2016-05-23,2019-05-21,2019-05-22,3016,2019-05-23,2021-07-30,2208,tuned,lag_1,hist_gradient_boosting,1
9,3,macro_auc,0.4947752623368022,"{""model__early_stopping"": false, ""model__l2_regularization"": 1.0, ""model__learning_rate"": 0.1, ""model__max_iter"": 100, ""model__max_leaf_nodes"": 31, ""model__min_samples_leaf"": 20}",0.4957712530007306,0.4947752623368022,3,2018-08-02,2021-07-29,2021-07-30,3012,2021-08-02,2023-10-12,2216,tuned,lag_1,hist_gradient_boosting,1
10,1,macro_auc,0.5077153760009484,"{""model__early_stopping"": false, ""model__l2_regularization"": 0.0, ""model__learning_rate"": 0.1, ""model__max_iter"": 100, ""model__max_leaf_nodes"": 31, ""model__min_samples_leaf"": 20}",0.5011079844074878,0.5077153760009484,5,2015-01-02,2017-03-10,2017-03-13,2204,2017-03-14,2019-05-22,2208,tuned,lag_1,hist_gradient_boosting,1
10,2,macro_auc,0.5118175809821648,"{""model__early_stopping"": false, ""model__l2_regularization"": 0.0, ""model__learning_rate"": 0.1, ""model__max_iter"": 100, ""model__max_leaf_nodes"": 31, ""model__min_samples_leaf"": 20}",0.5128053762155269,0.5118175809821648,5,2015-01-02,2019-05-21,2019-05-22,4412,2019-05-23,2021-07-30,2208,tuned,lag_1,hist_gradient_boosting,1
10,3,macro_auc,0.4854118899457558,"{""model__early_stopping"": false, ""model__l2_regularization"": 0.0, ""model__learning_rate"": 0.1, ""model__max_iter"": 100, ""model__max_leaf_nodes"": 31, ""model__min_samples_leaf"": 20}",0.4844271866193508,0.4854118899457558,5,2016-08-02,2021-07-29,2021-07-30,5028,2021-08-02,2023-10-12,2216,tuned,lag_1,hist_gradient_boosting,1
11,1,macro_auc,0.5132309186860868,"{""model__early_stopping"": false, ""model__l2_regularization"": 10.0, ""model__learning_rate"": 0.1, ""model__max_iter"": 200, ""model__max_leaf_nodes"": 7, ""model__min_samples_leaf"": 40}",0.5047729826445981,0.5132309186860868,all,2015-01-02,2017-03-10,2017-03-13,2204,2017-03-14,2019-05-22,2208,tuned,lag_1,hist_gradient_boosting,1
11,2,macro_auc,0.5106527479262093,"{""model__early_stopping"": false, ""model__l2_regularization"": 10.0, ""model__learning_rate"": 0.1, ""model__max_iter"": 200, ""model__max_leaf_nodes"": 7, ""model__min_samples_leaf"": 40}",0.5109065306339338,0.5106527479262093,all,2015-01-02,2019-05-21,2019-05-22,4412,2019-05-23,2021-07-30,2208,tuned,lag_1,hist_gradient_boosting,1
11,3,macro_auc,0.48821654849555574,"{""model__early_stopping"": false, ""model__l2_regularization"": 10.0, ""model__learning_rate"": 0.1, ""model__max_iter"": 200, ""model__max_leaf_nodes"": 7, ""model__min_samples_leaf"": 40}",0.4885988545037052,0.48821654849555574,all,2015-01-02,2021-07-29,2021-07-30,6620,2021-08-02,2023-10-12,2216,tuned,lag_1,hist_gradient_boosting,1
12,1,macro_auc,0.5104929583766812,"{""model__early_stopping"": false, ""model__l2_regularization"": 1.0, ""model__learning_rate"": 0.05, ""model__max_iter"": 200, ""model__max_leaf_nodes"": 3, ""model__min_samples_leaf"": 20}",0.5030743478131929,0.5104929583766812,3,2015-01-02,2017-03-10,2017-03-13,2204,2017-03-14,2019-05-22,2208,tuned,lag_1,hist_gradient_boosting,1
12,2,macro_auc,0.5160226300985518,"{""model__early_stopping"": false, ""model__l2_regularization"": 1.0, ""model__learning_rate"": 0.05, ""model__max_iter"": 200, ""model__max_leaf_nodes"": 3, ""model__min_samples_leaf"": 20}",0.5154547930283225,0.5160226300985518,3,2016-05-23,2019-05-21,2019-05-22,3016,2019-05-23,2021-07-30,2208,tuned,lag_1,hist_gradient_boosting,1
12,3,macro_auc,0.4866512460710706,"{""model__early_stopping"": false, ""model__l2_regularization"": 1.0, ""model__learning_rate"": 0.05, ""model__max_iter"": 200, ""model__max_leaf_nodes"": 3, ""model__min_samples_leaf"": 20}",0.4860017547750756,0.4866512460710706,3,2018-08-02,2021-07-29,2021-07-30,3012,2021-08-02,2023-10-12,2216,tuned,lag_1,hist_gradient_boosting,1
13,1,macro_auc,0.5133826634972318,"{""model__early_stopping"": false, ""model__l2_regularization"": 10.0, ""model__learning_rate"": 0.025, ""model__max_iter"": 100, ""model__max_leaf_nodes"": 15, ""model__min_samples_leaf"": 40}",0.5044253473881224,0.5133826634972318,5,2015-01-02,2017-03-10,2017-03-13,2204,2017-03-14,2019-05-22,2208,tuned,lag_1,hist_gradient_boosting,1
13,2,macro_auc,0.5237058079373422,"{""model__early_stopping"": false, ""model__l2_regularization"": 10.0, ""model__learning_rate"": 0.025, ""model__max_iter"": 100, ""model__max_leaf_nodes"": 15, ""model__min_samples_leaf"": 40}",0.5241050434401403,0.5237058079373422,5,2015-01-02,2019-05-21,2019-05-22,4412,2019-05-23,2021-07-30,2208,tuned,lag_1,hist_gradient_boosting,1
13,3,macro_auc,0.48417703136331536,"{""model__early_stopping"": false, ""model__l2_regularization"": 10.0, ""model__learning_rate"": 0.025, ""model__max_iter"": 100, ""model__max_leaf_nodes"": 15, ""model__min_samples_leaf"": 40}",0.4852181400688863,0.48417703136331536,5,2016-08-02,2021-07-29,2021-07-30,5028,2021-08-02,2023-10-12,2216,tuned,lag_1,hist_gradient_boosting,1
14,1,macro_auc,0.5080099622085567,"{""model__early_stopping"": false, ""model__l2_regularization"": 1.0, ""model__learning_rate"": 0.05, ""model__max_iter"": 200, ""model__max_leaf_nodes"": 15, ""model__min_samples_leaf"": 80}",0.5006417247980914,0.5080099622085567,all,2015-01-02,2017-03-10,2017-03-13,2204,2017-03-14,2019-05-22,2208,tuned,lag_1,hist_gradient_boosting,1
14,2,macro_auc,0.5148232768278921,"{""model__early_stopping"": false, ""model__l2_regularization"": 1.0, ""model__learning_rate"": 0.05, ""model__max_iter"": 200, ""model__max_leaf_nodes"": 15, ""model__min_samples_leaf"": 80}",0.5140939675328126,0.5148232768278921,all,2015-01-02,2019-05-21,2019-05-22,4412,2019-05-23,2021-07-30,2208,tuned,lag_1,hist_gradient_boosting,1
14,3,macro_auc,0.4929507233168834,"{""model__early_stopping"": false, ""model__l2_regularization"": 1.0, ""model__learning_rate"": 0.05, ""model__max_iter"": 200, ""model__max_leaf_nodes"": 15, ""model__min_samples_leaf"": 80}",0.4942513177121386,0.4929507233168834,all,2015-01-02,2021-07-29,2021-07-30,6620,2021-08-02,2023-10-12,2216,tuned,lag_1,hist_gradient_boosting,1
15,1,macro_auc,0.5118048663878768,"{""model__early_stopping"": false, ""model__l2_regularization"": 1.0, ""model__learning_rate"": 0.05, ""model__max_iter"": 100, ""model__max_leaf_nodes"": 31, ""model__min_samples_leaf"": 10}",0.5064411376075445,0.5118048663878768,3,2015-01-02,2017-03-10,2017-03-13,2204,2017-03-14,2019-05-22,2208,tuned,lag_1,hist_gradient_boosting,1
15,2,macro_auc,0.5021558106940807,"{""model__early_stopping"": false, ""model__l2_regularization"": 1.0, ""model__learning_rate"": 0.05, ""model__max_iter"": 100, ""model__max_leaf_nodes"": 31, ""model__min_samples_leaf"": 10}",0.5019453411445879,0.5021558106940807,3,2016-05-23,2019-05-21,2019-05-22,3016,2019-05-23,2021-07-30,2208,tuned,lag_1,hist_gradient_boosting,1
15,3,macro_auc,0.5039270254064343,"{""model__early_stopping"": false, ""model__l2_regularization"": 1.0, ""model__learning_rate"": 0.05, ""model__max_iter"": 100, ""model__max_leaf_nodes"": 31, ""model__min_samples_leaf"": 10}",0.5034459477090074,0.5039270254064343,3,2018-08-02,2021-07-29,2021-07-30,3012,2021-08-02,2023-10-12,2216,tuned,lag_1,hist_gradient_boosting,1
16,1,macro_auc,0.5071078408854297,"{""model__early_stopping"": false, ""model__l2_regularization"": 10.0, ""model__learning_rate"": 0.05, ""model__max_iter"": 200, ""model__max_leaf_nodes"": 3, ""model__min_samples_leaf"": 10}",0.49922976548624454,0.5071078408854297,5,2015-01-02,2017-03-10,2017-03-13,2204,2017-03-14,2019-05-22,2208,tuned,lag_1,hist_gradient_boosting,1
16,2,macro_auc,0.5250113066045365,"{""model__early_stopping"": false, ""model__l2_regularization"": 10.0, ""model__learning_rate"": 0.05, ""model__max_iter"": 200, ""model__max_leaf_nodes"": 3, ""model__min_samples_leaf"": 10}",0.5262600297571604,0.5250113066045365,5,2015-01-02,2019-05-21,2019-05-22,4412,2019-05-23,2021-07-30,2208,tuned,lag_1,hist_gradient_boosting,1
16,3,macro_auc,0.4783789140295824,"{""model__early_stopping"": false, ""model__l2_regularization"": 10.0, ""model__learning_rate"": 0.05, ""model__max_iter"": 200, ""model__max_leaf_nodes"": 3, ""model__min_samples_leaf"": 10}",0.4777106056257176,0.4783789140295824,5,2016-08-02,2021-07-29,2021-07-30,5028,2021-08-02,2023-10-12,2216,tuned,lag_1,hist_gradient_boosting,1
17,1,macro_auc,0.5123655099455906,"{""model__early_stopping"": false, ""model__l2_regularization"": 10.0, ""model__learning_rate"": 0.025, ""model__max_iter"": 100, ""model__max_leaf_nodes"": 7, ""model__min_samples_leaf"": 40}",0.5004180684660223,0.5123655099455906,all,2015-01-02,2017-03-10,2017-03-13,2204,2017-03-14,2019-05-22,2208,tuned,lag_1,hist_gradient_boosting,1
17,2,macro_auc,0.527009346991629,"{""model__early_stopping"": false, ""model__l2_regularization"": 10.0, ""model__learning_rate"": 0.025, ""model__max_iter"": 100, ""model__max_leaf_nodes"": 7, ""model__min_samples_leaf"": 40}",0.5279944803124502,0.527009346991629,all,2015-01-02,2019-05-21,2019-05-22,4412,2019-05-23,2021-07-30,2208,tuned,lag_1,hist_gradient_boosting,1
17,3,macro_auc,0.474993908254065,"{""model__early_stopping"": false, ""model__l2_regularization"": 10.0, ""model__learning_rate"": 0.025, ""model__max_iter"": 100, ""model__max_leaf_nodes"": 7, ""model__min_samples_leaf"": 40}",0.47622940259367497,0.474993908254065,all,2015-01-02,2021-07-29,2021-07-30,6620,2021-08-02,2023-10-12,2216,tuned,lag_1,hist_gradient_boosting,1
18,1,macro_auc,0.5056193269551885,"{""model__early_stopping"": false, ""model__l2_regularization"": 1.0, ""model__learning_rate"": 0.025, ""model__max_iter"": 200, ""model__max_leaf_nodes"": 7, ""model__min_samples_leaf"": 80}",0.4971274783428178,0.5056193269551885,3,2015-01-02,2017-03-10,2017-03-13,2204,2017-03-14,2019-05-22,2208,tuned,lag_1,hist_gradient_boosting,1
18,2,macro_auc,0.5148019437730073,"{""model__early_stopping"": false, ""model__l2_regularization"": 1.0, ""model__learning_rate"": 0.025, ""model__max_iter"": 200, ""model__max_leaf_nodes"": 7, ""model__min_samples_leaf"": 80}",0.5147988734789308,0.5148019437730073,3,2016-05-23,2019-05-21,2019-05-22,3016,2019-05-23,2021-07-30,2208,tuned,lag_1,hist_gradient_boosting,1
18,3,macro_auc,0.4870194988420643,"{""model__early_stopping"": false, ""model__l2_regularization"": 1.0, ""model__learning_rate"": 0.025, ""model__max_iter"": 200, ""model__max_leaf_nodes"": 7, ""model__min_samples_leaf"": 80}",0.4868261402776328,0.4870194988420643,3,2018-08-02,2021-07-29,2021-07-30,3012,2021-08-02,2023-10-12,2216,tuned,lag_1,hist_gradient_boosting,1
19,1,macro_auc,0.5083711462514229,"{""model__early_stopping"": false, ""model__l2_regularization"": 10.0, ""model__learning_rate"": 0.025, ""model__max_iter"": 200, ""model__max_leaf_nodes"": 3, ""model__min_samples_leaf"": 80}",0.49865723822735675,0.5083711462514229,5,2015-01-02,2017-03-10,2017-03-13,2204,2017-03-14,2019-05-22,2208,tuned,lag_1,hist_gradient_boosting,1
19,2,macro_auc,0.5297856365509888,"{""model__early_stopping"": false, ""model__l2_regularization"": 10.0, ""model__learning_rate"": 0.025, ""model__max_iter"": 200, ""model__max_leaf_nodes"": 3, ""model__min_samples_leaf"": 80}",0.531332612652107,0.5297856365509888,5,2015-01-02,2019-05-21,2019-05-22,4412,2019-05-23,2021-07-30,2208,tuned,lag_1,hist_gradient_boosting,1
19,3,macro_auc,0.48004673181546365,"{""model__early_stopping"": false, ""model__l2_regularization"": 10.0, ""model__learning_rate"": 0.025, ""model__max_iter"": 200, ""model__max_leaf_nodes"": 3, ""model__min_samples_leaf"": 80}",0.4797511839839265,0.48004673181546365,5,2016-08-02,2021-07-29,2021-07-30,5028,2021-08-02,2023-10-12,2216,tuned,lag_1,hist_gradient_boosting,1
0,1,macro_auc,0.5254369673615323,"{""model__C"": 0.1}",0.49785396887746336,0.5254369673615323,all,2015-01-02,2017-05-16,2017-05-17,2388,2017-05-18,2019-10-02,2392,tuned,base,logistic_regression,2
0,2,macro_auc,0.5342127101052777,"{""model__C"": 0.1}",0.5333607826158318,0.5342127101052777,all,2015-01-02,2019-10-01,2019-10-02,4780,2019-10-03,2022-02-15,2392,tuned,base,logistic_regression,2
0,3,macro_auc,0.4785337844962768,"{""model__C"": 0.1}",0.47873343838078963,0.4785337844962768,all,2015-01-02,2022-02-14,2022-02-15,7172,2022-02-16,2024-07-10,2404,tuned,base,logistic_regression,2
1,1,macro_auc,0.523222786060269,"{""model__C"": 10.0}",0.49702557771690914,0.523222786060269,all,2015-01-02,2017-05-16,2017-05-17,2388,2017-05-18,2019-10-02,2392,tuned,base,logistic_regression,2
1,2,macro_auc,0.5326811643860809,"{""model__C"": 10.0}",0.5324856598722618,0.5326811643860809,all,2015-01-02,2019-10-01,2019-10-02,4780,2019-10-03,2022-02-15,2392,tuned,base,logistic_regression,2
1,3,macro_auc,0.47833281333708777,"{""model__C"": 10.0}",0.4791981069264742,0.47833281333708777,all,2015-01-02,2022-02-14,2022-02-15,7172,2022-02-16,2024-07-10,2404,tuned,base,logistic_regression,2
2,1,macro_auc,0.5254369673615323,"{""model__C"": 0.1}",0.49785396887746336,0.5254369673615323,3,2015-01-02,2017-05-16,2017-05-17,2388,2017-05-18,2019-10-02,2392,tuned,base,logistic_regression,2
2,2,macro_auc,0.5358400336245969,"{""model__C"": 0.1}",0.5354216011704148,0.5358400336245969,3,2016-10-03,2019-10-01,2019-10-02,3016,2019-10-03,2022-02-15,2392,tuned,base,logistic_regression,2
2,3,macro_auc,0.4845807806271932,"{""model__C"": 0.1}",0.4856438225437759,0.4845807806271932,3,2019-02-19,2022-02-14,2022-02-15,3020,2022-02-16,2024-07-10,2404,tuned,base,logistic_regression,2
3,1,macro_auc,0.523222786060269,"{""model__C"": 10.0}",0.49702557771690914,0.523222786060269,3,2015-01-02,2017-05-16,2017-05-17,2388,2017-05-18,2019-10-02,2392,tuned,base,logistic_regression,2
3,2,macro_auc,0.5337469211678387,"{""model__C"": 10.0}",0.5335206676118276,0.5337469211678387,3,2016-10-03,2019-10-01,2019-10-02,3016,2019-10-03,2022-02-15,2392,tuned,base,logistic_regression,2
3,3,macro_auc,0.4843770046796074,"{""model__C"": 10.0}",0.48564520961406155,0.4843770046796074,3,2019-02-19,2022-02-14,2022-02-15,3020,2022-02-16,2024-07-10,2404,tuned,base,logistic_regression,2
4,1,macro_auc,0.5254369673615323,"{""model__C"": 0.1}",0.49785396887746336,0.5254369673615323,5,2015-01-02,2017-05-16,2017-05-17,2388,2017-05-18,2019-10-02,2392,tuned,base,logistic_regression,2
4,2,macro_auc,0.5342127101052777,"{""model__C"": 0.1}",0.5333607826158318,0.5342127101052777,5,2015-01-02,2019-10-01,2019-10-02,4780,2019-10-03,2022-02-15,2392,tuned,base,logistic_regression,2
4,3,macro_auc,0.4810044135499436,"{""model__C"": 0.1}",0.48191329701058605,0.4810044135499436,5,2017-02-16,2022-02-14,2022-02-15,5032,2022-02-16,2024-07-10,2404,tuned,base,logistic_regression,2
5,1,macro_auc,0.523222786060269,"{""model__C"": 10.0}",0.49702557771690914,0.523222786060269,5,2015-01-02,2017-05-16,2017-05-17,2388,2017-05-18,2019-10-02,2392,tuned,base,logistic_regression,2
5,2,macro_auc,0.5326811643860809,"{""model__C"": 10.0}",0.5324856598722618,0.5326811643860809,5,2015-01-02,2019-10-01,2019-10-02,4780,2019-10-03,2022-02-15,2392,tuned,base,logistic_regression,2
5,3,macro_auc,0.48125956074669113,"{""model__C"": 10.0}",0.4829203100379503,0.48125956074669113,5,2017-02-16,2022-02-14,2022-02-15,5032,2022-02-16,2024-07-10,2404,tuned,base,logistic_regression,2
0,1,macro_auc,0.505950923034605,"{""model__max_depth"": 4, ""model__min_samples_leaf"": 20, ""model__n_estimators"": 100}",0.48879006491752913,0.505950923034605,all,2015-01-02,2017-05-16,2017-05-17,2388,2017-05-18,2019-10-02,2392,tuned,base,random_forest,2
0,2,macro_auc,0.5283478893086644,"{""model__max_depth"": 4, ""model__min_samples_leaf"": 20, ""model__n_estimators"": 100}",0.5284736784019424,0.5283478893086644,all,2015-01-02,2019-10-01,2019-10-02,4780,2019-10-03,2022-02-15,2392,tuned,base,random_forest,2
0,3,macro_auc,0.4878053582509569,"{""model__max_depth"": 4, ""model__min_samples_leaf"": 20, ""model__n_estimators"": 100}",0.48768697707450237,0.4878053582509569,all,2015-01-02,2022-02-14,2022-02-15,7172,2022-02-16,2024-07-10,2404,tuned,base,random_forest,2
1,1,macro_auc,0.5083064896687458,"{""model__max_depth"": 8, ""model__min_samples_leaf"": 20, ""model__n_estimators"": 100}",0.4929141342049795,0.5083064896687458,all,2015-01-02,2017-05-16,2017-05-17,2388,2017-05-18,2019-10-02,2392,tuned,base,random_forest,2
1,2,macro_auc,0.5286547503244241,"{""model__max_depth"": 8, ""model__min_samples_leaf"": 20, ""model__n_estimators"": 100}",0.5280477900497765,0.5286547503244241,all,2015-01-02,2019-10-01,2019-10-02,4780,2019-10-03,2022-02-15,2392,tuned,base,random_forest,2
1,3,macro_auc,0.4945764109228882,"{""model__max_depth"": 8, ""model__min_samples_leaf"": 20, ""model__n_estimators"": 100}",0.4939371157815309,0.4945764109228882,all,2015-01-02,2022-02-14,2022-02-15,7172,2022-02-16,2024-07-10,2404,tuned,base,random_forest,2
2,1,macro_auc,0.5072604597855997,"{""model__max_depth"": 8, ""model__max_features"": 0.5, ""model__min_samples_leaf"": 20, ""model__n_estimators"": 100}",0.4935892624793516,0.5072604597855997,all,2015-01-02,2017-05-16,2017-05-17,2388,2017-05-18,2019-10-02,2392,tuned,base,random_forest,2
2,2,macro_auc,0.5208136203629742,"{""model__max_depth"": 8, ""model__max_features"": 0.5, ""model__min_samples_leaf"": 20, ""model__n_estimators"": 100}",0.520530365415036,0.5208136203629742,all,2015-01-02,2019-10-01,2019-10-02,4780,2019-10-03,2022-02-15,2392,tuned,base,random_forest,2
2,3,macro_auc,0.49880424998313677,"{""model__max_depth"": 8, ""model__max_features"": 0.5, ""model__min_samples_leaf"": 20, ""model__n_estimators"": 100}",0.49950065469717475,0.49880424998313677,all,2015-01-02,2022-02-14,2022-02-15,7172,2022-02-16,2024-07-10,2404,tuned,base,random_forest,2
3,1,macro_auc,0.5076383189918601,"{""model__max_depth"": 8, ""model__max_features"": 1.0, ""model__min_samples_leaf"": 5, ""model__n_estimators"": 100}",0.49604637868207946,0.5076383189918601,3,2015-01-02,2017-05-16,2017-05-17,2388,2017-05-18,2019-10-02,2392,tuned,base,random_forest,2
3,2,macro_auc,0.5249718660403624,"{""model__max_depth"": 8, ""model__max_features"": 1.0, ""model__min_samples_leaf"": 5, ""model__n_estimators"": 100}",0.5247920787596321,0.5249718660403624,3,2016-10-03,2019-10-01,2019-10-02,3016,2019-10-03,2022-02-15,2392,tuned,base,random_forest,2
3,3,macro_auc,0.4879260227151362,"{""model__max_depth"": 8, ""model__max_features"": 1.0, ""model__min_samples_leaf"": 5, ""model__n_estimators"": 100}",0.4878229099624936,0.4879260227151362,3,2019-02-19,2022-02-14,2022-02-15,3020,2022-02-16,2024-07-10,2404,tuned,base,random_forest,2
4,1,macro_auc,0.5109794348640337,"{""model__max_depth"": 3, ""model__max_features"": 1.0, ""model__min_samples_leaf"": 20, ""model__n_estimators"": 100}",0.4943832834732106,0.5109794348640337,5,2015-01-02,2017-05-16,2017-05-17,2388,2017-05-18,2019-10-02,2392,tuned,base,random_forest,2
4,2,macro_auc,0.5247158935558324,"{""model__max_depth"": 3, ""model__max_features"": 1.0, ""model__min_samples_leaf"": 20, ""model__n_estimators"": 100}",0.5255097926022769,0.5247158935558324,5,2015-01-02,2019-10-01,2019-10-02,4780,2019-10-03,2022-02-15,2392,tuned,base,random_forest,2
4,3,macro_auc,0.47542853824057296,"{""model__max_depth"": 3, ""model__max_features"": 1.0, ""model__min_samples_leaf"": 20, ""model__n_estimators"": 100}",0.4730783528262944,0.47542853824057296,5,2017-02-16,2022-02-14,2022-02-15,5032,2022-02-16,2024-07-10,2404,tuned,base,random_forest,2
5,1,macro_auc,0.5090592623744965,"{""model__max_depth"": 8, ""model__max_features"": 1.0, ""model__min_samples_leaf"": 20, ""model__n_estimators"": 200}",0.4937309517379731,0.5090592623744965,all,2015-01-02,2017-05-16,2017-05-17,2388,2017-05-18,2019-10-02,2392,tuned,base,random_forest,2
5,2,macro_auc,0.5234098745363238,"{""model__max_depth"": 8, ""model__max_features"": 1.0, ""model__min_samples_leaf"": 20, ""model__n_estimators"": 200}",0.5241033706021014,0.5234098745363238,all,2015-01-02,2019-10-01,2019-10-02,4780,2019-10-03,2022-02-15,2392,tuned,base,random_forest,2
5,3,macro_auc,0.496206121282971,"{""model__max_depth"": 8, ""model__max_features"": 1.0, ""model__min_samples_leaf"": 20, ""model__n_estimators"": 200}",0.4956189385028518,0.496206121282971,all,2015-01-02,2022-02-14,2022-02-15,7172,2022-02-16,2024-07-10,2404,tuned,base,random_forest,2
6,1,macro_auc,0.5117175672832895,"{""model__max_depth"": 3, ""model__max_features"": 0.5, ""model__min_samples_leaf"": 40, ""model__n_estimators"": 200}",0.4923768373133752,0.5117175672832895,3,2015-01-02,2017-05-16,2017-05-17,2388,2017-05-18,2019-10-02,2392,tuned,base,random_forest,2
6,2,macro_auc,0.5415636494439798,"{""model__max_depth"": 3, ""model__max_features"": 0.5, ""model__min_samples_leaf"": 40, ""model__n_estimators"": 200}",0.5406854255629225,0.5415636494439798,3,2016-10-03,2019-10-01,2019-10-02,3016,2019-10-03,2022-02-15,2392,tuned,base,random_forest,2
6,3,macro_auc,0.4846505600251656,"{""model__max_depth"": 3, ""model__max_features"": 0.5, ""model__min_samples_leaf"": 40, ""model__n_estimators"": 200}",0.483874961162032,0.4846505600251656,3,2019-02-19,2022-02-14,2022-02-15,3020,2022-02-16,2024-07-10,2404,tuned,base,random_forest,2
7,1,macro_auc,0.5110008560364703,"{""model__max_depth"": 4, ""model__max_features"": 1.0, ""model__min_samples_leaf"": 5, ""model__n_estimators"": 200}",0.4964574178184764,0.5110008560364703,5,2015-01-02,2017-05-16,2017-05-17,2388,2017-05-18,2019-10-02,2392,tuned,base,random_forest,2
7,2,macro_auc,0.5259151154422048,"{""model__max_depth"": 4, ""model__max_features"": 1.0, ""model__min_samples_leaf"": 5, ""model__n_estimators"": 200}",0.5256834729850953,0.5259151154422048,5,2015-01-02,2019-10-01,2019-10-02,4780,2019-10-03,2022-02-15,2392,tuned,base,random_forest,2
7,3,macro_auc,0.4728351315705164,"{""model__max_depth"": 4, ""model__max_features"": 1.0, ""model__min_samples_leaf"": 5, ""model__n_estimators"": 200}",0.4726254743780377,0.4728351315705164,5,2017-02-16,2022-02-14,2022-02-15,5032,2022-02-16,2024-07-10,2404,tuned,base,random_forest,2
8,1,macro_auc,0.5115396482966517,"{""model__max_depth"": 6, ""model__max_features"": 1.0, ""model__min_samples_leaf"": 10, ""model__n_estimators"": 200}",0.49543964002511126,0.5115396482966517,all,2015-01-02,2017-05-16,2017-05-17,2388,2017-05-18,2019-10-02,2392,tuned,base,random_forest,2
8,2,macro_auc,0.5235043099855181,"{""model__max_depth"": 6, ""model__max_features"": 1.0, ""model__min_samples_leaf"": 10, ""model__n_estimators"": 200}",0.5236686390532544,0.5235043099855181,all,2015-01-02,2019-10-01,2019-10-02,4780,2019-10-03,2022-02-15,2392,tuned,base,random_forest,2
8,3,macro_auc,0.4862941519665944,"{""model__max_depth"": 6, ""model__max_features"": 1.0, ""model__min_samples_leaf"": 10, ""model__n_estimators"": 200}",0.4867465434208483,0.4862941519665944,all,2015-01-02,2022-02-14,2022-02-15,7172,2022-02-16,2024-07-10,2404,tuned,base,random_forest,2
9,1,macro_auc,0.5069949032257445,"{""model__max_depth"": 4, ""model__max_features"": ""sqrt"", ""model__min_samples_leaf"": 10, ""model__n_estimators"": 200}",0.49139869042650575,0.5069949032257445,3,2015-01-02,2017-05-16,2017-05-17,2388,2017-05-18,2019-10-02,2392,tuned,base,random_forest,2
9,2,macro_auc,0.5337532050555778,"{""model__max_depth"": 4, ""model__max_features"": ""sqrt"", ""model__min_samples_leaf"": 10, ""model__n_estimators"": 200}",0.5331305057742537,0.5337532050555778,3,2016-10-03,2019-10-01,2019-10-02,3016,2019-10-03,2022-02-15,2392,tuned,base,random_forest,2
9,3,macro_auc,0.48575311970127477,"{""model__max_depth"": 4, ""model__max_features"": ""sqrt"", ""model__min_samples_leaf"": 10, ""model__n_estimators"": 200}",0.4851070263432389,0.48575311970127477,3,2019-02-19,2022-02-14,2022-02-15,3020,2022-02-16,2024-07-10,2404,tuned,base,random_forest,2
10,1,macro_auc,0.5103375850053706,"{""model__max_depth"": 6, ""model__max_features"": ""sqrt"", ""model__min_samples_leaf"": 40, ""model__n_estimators"": 100}",0.49345599040441057,0.5103375850053706,5,2015-01-02,2017-05-16,2017-05-17,2388,2017-05-18,2019-10-02,2392,tuned,base,random_forest,2
10,2,macro_auc,0.5326515270182264,"{""model__max_depth"": 6, ""model__max_features"": ""sqrt"", ""model__min_samples_leaf"": 40, ""model__n_estimators"": 100}",0.5337184014896188,0.5326515270182264,5,2015-01-02,2019-10-01,2019-10-02,4780,2019-10-03,2022-02-15,2392,tuned,base,random_forest,2
10,3,macro_auc,0.4804180351747716,"{""model__max_depth"": 6, ""model__max_features"": ""sqrt"", ""model__min_samples_leaf"": 40, ""model__n_estimators"": 100}",0.48051408985996136,0.4804180351747716,5,2017-02-16,2022-02-14,2022-02-15,5032,2022-02-16,2024-07-10,2404,tuned,base,random_forest,2
11,1,macro_auc,0.5076747017430239,"{""model__max_depth"": 8, ""model__max_features"": 0.5, ""model__min_samples_leaf"": 10, ""model__n_estimators"": 200}",0.49223129017890016,0.5076747017430239,all,2015-01-02,2017-05-16,2017-05-17,2388,2017-05-18,2019-10-02,2392,tuned,base,random_forest,2
11,2,macro_auc,0.5254486322568584,"{""model__max_depth"": 8, ""model__max_features"": 0.5, ""model__min_samples_leaf"": 10, ""model__n_estimators"": 200}",0.5254493051369775,0.5254486322568584,all,2015-01-02,2019-10-01,2019-10-02,4780,2019-10-03,2022-02-15,2392,tuned,base,random_forest,2
11,3,macro_auc,0.49449973859336405,"{""model__max_depth"": 8, ""model__max_features"": 0.5, ""model__min_samples_leaf"": 10, ""model__n_estimators"": 200}",0.49437057524578887,0.49449973859336405,all,2015-01-02,2022-02-14,2022-02-15,7172,2022-02-16,2024-07-10,2404,tuned,base,random_forest,2
12,1,macro_auc,0.5072604597855997,"{""model__max_depth"": 8, ""model__max_features"": 0.5, ""model__min_samples_leaf"": 20, ""model__n_estimators"": 100}",0.4935892624793516,0.5072604597855997,3,2015-01-02,2017-05-16,2017-05-17,2388,2017-05-18,2019-10-02,2392,tuned,base,random_forest,2
12,2,macro_auc,0.5356255852657691,"{""model__max_depth"": 8, ""model__max_features"": 0.5, ""model__min_samples_leaf"": 20, ""model__n_estimators"": 100}",0.5358039809949091,0.5356255852657691,3,2016-10-03,2019-10-01,2019-10-02,3016,2019-10-03,2022-02-15,2392,tuned,base,random_forest,2
12,3,macro_auc,0.49564032827737936,"{""model__max_depth"": 8, ""model__max_features"": 0.5, ""model__min_samples_leaf"": 20, ""model__n_estimators"": 100}",0.49515114904902463,0.49564032827737936,3,2019-02-19,2022-02-14,2022-02-15,3020,2022-02-16,2024-07-10,2404,tuned,base,random_forest,2
13,1,macro_auc,0.5078258163684648,"{""model__max_depth"": 8, ""model__max_features"": 1.0, ""model__min_samples_leaf"": 10, ""model__n_estimators"": 100}",0.49568934980763224,0.5078258163684648,5,2015-01-02,2017-05-16,2017-05-17,2388,2017-05-18,2019-10-02,2392,tuned,base,random_forest,2
13,2,macro_auc,0.5112411612463275,"{""model__max_depth"": 8, ""model__max_features"": 1.0, ""model__min_samples_leaf"": 10, ""model__n_estimators"": 100}",0.5118031914743095,0.5112411612463275,5,2015-01-02,2019-10-01,2019-10-02,4780,2019-10-03,2022-02-15,2392,tuned,base,random_forest,2
13,3,macro_auc,0.4836493847935954,"{""model__max_depth"": 8, ""model__max_features"": 1.0, ""model__min_samples_leaf"": 10, ""model__n_estimators"": 100}",0.48412081937015916,0.4836493847935954,5,2017-02-16,2022-02-14,2022-02-15,5032,2022-02-16,2024-07-10,2404,tuned,base,random_forest,2
14,1,macro_auc,0.5091988814104581,"{""model__max_depth"": 8, ""model__max_features"": ""sqrt"", ""model__min_samples_leaf"": 40, ""model__n_estimators"": 200}",0.49271948683236827,0.5091988814104581,all,2015-01-02,2017-05-16,2017-05-17,2388,2017-05-18,2019-10-02,2392,tuned,base,random_forest,2
14,2,macro_auc,0.526672842818179,"{""model__max_depth"": 8, ""model__max_features"": ""sqrt"", ""model__min_samples_leaf"": 40, ""model__n_estimators"": 200}",0.527826710132747,0.526672842818179,all,2015-01-02,2019-10-01,2019-10-02,4780,2019-10-03,2022-02-15,2392,tuned,base,random_forest,2
14,3,macro_auc,0.4928234526196254,"{""model__max_depth"": 8, ""model__max_features"": ""sqrt"", ""model__min_samples_leaf"": 40, ""model__n_estimators"": 200}",0.4929255947757385,0.4928234526196254,all,2015-01-02,2022-02-14,2022-02-15,7172,2022-02-16,2024-07-10,2404,tuned,base,random_forest,2
15,1,macro_auc,0.5094258424715754,"{""model__max_depth"": 4, ""model__max_features"": ""sqrt"", ""model__min_samples_leaf"": 10, ""model__n_estimators"": 100}",0.4930067232254648,0.5094258424715754,3,2015-01-02,2017-05-16,2017-05-17,2388,2017-05-18,2019-10-02,2392,tuned,base,random_forest,2
15,2,macro_auc,0.5361140932244319,"{""model__max_depth"": 4, ""model__max_features"": ""sqrt"", ""model__min_samples_leaf"": 10, ""model__n_estimators"": 100}",0.5355209987011113,0.5361140932244319,3,2016-10-03,2019-10-01,2019-10-02,3016,2019-10-03,2022-02-15,2392,tuned,base,random_forest,2
15,3,macro_auc,0.4830583044179665,"{""model__max_depth"": 4, ""model__max_features"": ""sqrt"", ""model__min_samples_leaf"": 10, ""model__n_estimators"": 100}",0.4830569364610844,0.4830583044179665,3,2019-02-19,2022-02-14,2022-02-15,3020,2022-02-16,2024-07-10,2404,tuned,base,random_forest,2
16,1,macro_auc,0.5092458528363704,"{""model__max_depth"": 3, ""model__max_features"": 1.0, ""model__min_samples_leaf"": 20, ""model__n_estimators"": 200}",0.49168487467164224,0.5092458528363704,5,2015-01-02,2017-05-16,2017-05-17,2388,2017-05-18,2019-10-02,2392,tuned,base,random_forest,2
16,2,macro_auc,0.5265370104161574,"{""model__max_depth"": 3, ""model__max_features"": 1.0, ""model__min_samples_leaf"": 20, ""model__n_estimators"": 200}",0.527702197923476,0.5265370104161574,5,2015-01-02,2019-10-01,2019-10-02,4780,2019-10-03,2022-02-15,2392,tuned,base,random_forest,2
16,3,macro_auc,0.47473277031086875,"{""model__max_depth"": 3, ""model__max_features"": 1.0, ""model__min_samples_leaf"": 20, ""model__n_estimators"": 200}",0.4726532157837502,0.47473277031086875,5,2017-02-16,2022-02-14,2022-02-15,5032,2022-02-16,2024-07-10,2404,tuned,base,random_forest,2
17,1,macro_auc,0.5094951892676907,"{""model__max_depth"": 4, ""model__max_features"": 0.5, ""model__min_samples_leaf"": 40, ""model__n_estimators"": 100}",0.49265285079489773,0.5094951892676907,all,2015-01-02,2017-05-16,2017-05-17,2388,2017-05-18,2019-10-02,2392,tuned,base,random_forest,2
17,2,macro_auc,0.5291404633723145,"{""model__max_depth"": 4, ""model__max_features"": 0.5, ""model__min_samples_leaf"": 40, ""model__n_estimators"": 100}",0.5300396316702464,0.5291404633723145,all,2015-01-02,2019-10-01,2019-10-02,4780,2019-10-03,2022-02-15,2392,tuned,base,random_forest,2
17,3,macro_auc,0.4830744993996881,"{""model__max_depth"": 4, ""model__max_features"": 0.5, ""model__min_samples_leaf"": 40, ""model__n_estimators"": 100}",0.4838746143944606,0.4830744993996881,all,2015-01-02,2022-02-14,2022-02-15,7172,2022-02-16,2024-07-10,2404,tuned,base,random_forest,2
18,1,macro_auc,0.5093166773779623,"{""model__max_depth"": 4, ""model__max_features"": ""sqrt"", ""model__min_samples_leaf"": 40, ""model__n_estimators"": 100}",0.4931834840827549,0.5093166773779623,3,2015-01-02,2017-05-16,2017-05-17,2388,2017-05-18,2019-10-02,2392,tuned,base,random_forest,2
18,2,macro_auc,0.5371498319514894,"{""model__max_depth"": 4, ""model__max_features"": ""sqrt"", ""model__min_samples_leaf"": 40, ""model__n_estimators"": 100}",0.5370745714940617,0.5371498319514894,3,2016-10-03,2019-10-01,2019-10-02,3016,2019-10-03,2022-02-15,2392,tuned,base,random_forest,2
18,3,macro_auc,0.48035196656112816,"{""model__max_depth"": 4, ""model__max_features"": ""sqrt"", ""model__min_samples_leaf"": 40, ""model__n_estimators"": 100}",0.48043398655096653,0.48035196656112816,3,2019-02-19,2022-02-14,2022-02-15,3020,2022-02-16,2024-07-10,2404,tuned,base,random_forest,2
19,1,macro_auc,0.5069285239952326,"{""model__max_depth"": 3, ""model__max_features"": 0.5, ""model__min_samples_leaf"": 20, ""model__n_estimators"": 100}",0.4899782906804241,0.5069285239952326,5,2015-01-02,2017-05-16,2017-05-17,2388,2017-05-18,2019-10-02,2392,tuned,base,random_forest,2
19,2,macro_auc,0.5270879992151216,"{""model__max_depth"": 3, ""model__max_features"": 0.5, ""model__min_samples_leaf"": 20, ""model__n_estimators"": 100}",0.5271595793751185,0.5270879992151216,5,2015-01-02,2019-10-01,2019-10-02,4780,2019-10-03,2022-02-15,2392,tuned,base,random_forest,2
19,3,macro_auc,0.47763797444323286,"{""model__max_depth"": 3, ""model__max_features"": 0.5, ""model__min_samples_leaf"": 20, ""model__n_estimators"": 100}",0.4758899442952573,0.47763797444323286,5,2017-02-16,2022-02-14,2022-02-15,5032,2022-02-16,2024-07-10,2404,tuned,base,random_forest,2
0,1,macro_auc,0.5026493740748438,"{""model__early_stopping"": false, ""model__max_iter"": 100, ""model__max_leaf_nodes"": 7}",0.49130154209819343,0.5026493740748438,all,2015-01-02,2017-05-16,2017-05-17,2388,2017-05-18,2019-10-02,2392,tuned,base,hist_gradient_boosting,2
0,2,macro_auc,0.5151122178662078,"{""model__early_stopping"": false, ""model__max_iter"": 100, ""model__max_leaf_nodes"": 7}",0.5153231374812878,0.5151122178662078,all,2015-01-02,2019-10-01,2019-10-02,4780,2019-10-03,2022-02-15,2392,tuned,base,hist_gradient_boosting,2
0,3,macro_auc,0.4846188545558844,"{""model__early_stopping"": false, ""model__max_iter"": 100, ""model__max_leaf_nodes"": 7}",0.48424045418229433,0.4846188545558844,all,2015-01-02,2022-02-14,2022-02-15,7172,2022-02-16,2024-07-10,2404,tuned,base,hist_gradient_boosting,2
1,1,macro_auc,0.5006347210229454,"{""model__early_stopping"": false, ""model__max_iter"": 100, ""model__max_leaf_nodes"": 15}",0.49075126871508185,0.5006347210229454,all,2015-01-02,2017-05-16,2017-05-17,2388,2017-05-18,2019-10-02,2392,tuned,base,hist_gradient_boosting,2
1,2,macro_auc,0.523968421706866,"{""model__early_stopping"": false, ""model__max_iter"": 100, ""model__max_leaf_nodes"": 15}",0.5233796433857133,0.523968421706866,all,2015-01-02,2019-10-01,2019-10-02,4780,2019-10-03,2022-02-15,2392,tuned,base,hist_gradient_boosting,2
1,3,macro_auc,0.4872570887744743,"{""model__early_stopping"": false, ""model__max_iter"": 100, ""model__max_leaf_nodes"": 15}",0.4878555061142058,0.4872570887744743,all,2015-01-02,2022-02-14,2022-02-15,7172,2022-02-16,2024-07-10,2404,tuned,base,hist_gradient_boosting,2
2,1,macro_auc,0.510884506859417,"{""model__early_stopping"": false, ""model__l2_regularization"": 1.0, ""model__learning_rate"": 0.05, ""model__max_iter"": 100, ""model__max_leaf_nodes"": 31, ""model__min_samples_leaf"": 20}",0.4993904556151383,0.510884506859417,all,2015-01-02,2017-05-16,2017-05-17,2388,2017-05-18,2019-10-02,2392,tuned,base,hist_gradient_boosting,2
2,2,macro_auc,0.5277131339427621,"{""model__early_stopping"": false, ""model__l2_regularization"": 1.0, ""model__learning_rate"": 0.05, ""model__max_iter"": 100, ""model__max_leaf_nodes"": 31, ""model__min_samples_leaf"": 20}",0.5273413954988836,0.5277131339427621,all,2015-01-02,2019-10-01,2019-10-02,4780,2019-10-03,2022-02-15,2392,tuned,base,hist_gradient_boosting,2
2,3,macro_auc,0.4980985060869093,"{""model__early_stopping"": false, ""model__l2_regularization"": 1.0, ""model__learning_rate"": 0.05, ""model__max_iter"": 100, ""model__max_leaf_nodes"": 31, ""model__min_samples_leaf"": 20}",0.497026121307619,0.4980985060869093,all,2015-01-02,2022-02-14,2022-02-15,7172,2022-02-16,2024-07-10,2404,tuned,base,hist_gradient_boosting,2
3,1,macro_auc,0.5026985304356635,"{""model__early_stopping"": false, ""model__l2_regularization"": 0.0, ""model__learning_rate"": 0.1, ""model__max_iter"": 200, ""model__max_leaf_nodes"": 3, ""model__min_samples_leaf"": 10}",0.4915281046255931,0.5026985304356635,3,2015-01-02,2017-05-16,2017-05-17,2388,2017-05-18,2019-10-02,2392,tuned,base,hist_gradient_boosting,2
3,2,macro_auc,0.5225640377482372,"{""model__early_stopping"": false, ""model__l2_regularization"": 0.0, ""model__learning_rate"": 0.1, ""model__max_iter"": 200, ""model__max_leaf_nodes"": 3, ""model__min_samples_leaf"": 10}",0.523023085695528,0.5225640377482372,3,2016-10-03,2019-10-01,2019-10-02,3016,2019-10-03,2022-02-15,2392,tuned,base,hist_gradient_boosting,2
3,3,macro_auc,0.4867585547647506,"{""model__early_stopping"": false, ""model__l2_regularization"": 0.0, ""model__learning_rate"": 0.1, ""model__max_iter"": 200, ""model__max_leaf_nodes"": 3, ""model__min_samples_leaf"": 10}",0.48719976863667636,0.4867585547647506,3,2019-02-19,2022-02-14,2022-02-15,3020,2022-02-16,2024-07-10,2404,tuned,base,hist_gradient_boosting,2
4,1,macro_auc,0.5089884232741532,"{""model__early_stopping"": false, ""model__l2_regularization"": 10.0, ""model__learning_rate"": 0.1, ""model__max_iter"": 200, ""model__max_leaf_nodes"": 31, ""model__min_samples_leaf"": 80}",0.4991863389108866,0.5089884232741532,5,2015-01-02,2017-05-16,2017-05-17,2388,2017-05-18,2019-10-02,2392,tuned,base,hist_gradient_boosting,2
4,2,macro_auc,0.5172717276861976,"{""model__early_stopping"": false, ""model__l2_regularization"": 10.0, ""model__learning_rate"": 0.1, ""model__max_iter"": 200, ""model__max_leaf_nodes"": 31, ""model__min_samples_leaf"": 80}",0.516830725651496,0.5172717276861976,5,2015-01-02,2019-10-01,2019-10-02,4780,2019-10-03,2022-02-15,2392,tuned,base,hist_gradient_boosting,2
4,3,macro_auc,0.4978312697468286,"{""model__early_stopping"": false, ""model__l2_regularization"": 10.0, ""model__learning_rate"": 0.1, ""model__max_iter"": 200, ""model__max_leaf_nodes"": 31, ""model__min_samples_leaf"": 80}",0.4976933021150048,0.4978312697468286,5,2017-02-16,2022-02-14,2022-02-15,5032,2022-02-16,2024-07-10,2404,tuned,base,hist_gradient_boosting,2
5,1,macro_auc,0.5043578065441296,"{""model__early_stopping"": false, ""model__l2_regularization"": 1.0, ""model__learning_rate"": 0.025, ""model__max_iter"": 200, ""model__max_leaf_nodes"": 15, ""model__min_samples_leaf"": 80}",0.49268371380172626,0.5043578065441296,all,2015-01-02,2017-05-16,2017-05-17,2388,2017-05-18,2019-10-02,2392,tuned,base,hist_gradient_boosting,2
5,2,macro_auc,0.5274562599333172,"{""model__early_stopping"": false, ""model__l2_regularization"": 1.0, ""model__learning_rate"": 0.025, ""model__max_iter"": 200, ""model__max_leaf_nodes"": 15, ""model__min_samples_leaf"": 80}",0.5272756021155757,0.5274562599333172,all,2015-01-02,2019-10-01,2019-10-02,4780,2019-10-03,2022-02-15,2392,tuned,base,hist_gradient_boosting,2
5,3,macro_auc,0.4972136622400249,"{""model__early_stopping"": false, ""model__l2_regularization"": 1.0, ""model__learning_rate"": 0.025, ""model__max_iter"": 200, ""model__max_leaf_nodes"": 15, ""model__min_samples_leaf"": 80}",0.4965722025566479,0.4972136622400249,all,2015-01-02,2022-02-14,2022-02-15,7172,2022-02-16,2024-07-10,2404,tuned,base,hist_gradient_boosting,2
6,1,macro_auc,0.5077037531917197,"{""model__early_stopping"": false, ""model__l2_regularization"": 10.0, ""model__learning_rate"": 0.025, ""model__max_iter"": 200, ""model__max_leaf_nodes"": 7, ""model__min_samples_leaf"": 80}",0.4934128523380481,0.5077037531917197,3,2015-01-02,2017-05-16,2017-05-17,2388,2017-05-18,2019-10-02,2392,tuned,base,hist_gradient_boosting,2
6,2,macro_auc,0.5269592565666671,"{""model__early_stopping"": false, ""model__l2_regularization"": 10.0, ""model__learning_rate"": 0.025, ""model__max_iter"": 200, ""model__max_leaf_nodes"": 7, ""model__min_samples_leaf"": 80}",0.5262267989891872,0.5269592565666671,3,2016-10-03,2019-10-01,2019-10-02,3016,2019-10-03,2022-02-15,2392,tuned,base,hist_gradient_boosting,2
6,3,macro_auc,0.49013722819550815,"{""model__early_stopping"": false, ""model__l2_regularization"": 10.0, ""model__learning_rate"": 0.025, ""model__max_iter"": 200, ""model__max_leaf_nodes"": 7, ""model__min_samples_leaf"": 80}",0.4894808057213875,0.49013722819550815,3,2019-02-19,2022-02-14,2022-02-15,3020,2022-02-16,2024-07-10,2404,tuned,base,hist_gradient_boosting,2
7,1,macro_auc,0.5148081359211534,"{""model__early_stopping"": false, ""model__l2_regularization"": 1.0, ""model__learning_rate"": 0.1, ""model__max_iter"": 200, ""model__max_leaf_nodes"": 7, ""model__min_samples_leaf"": 40}",0.5055620048328663,0.5148081359211534,5,2015-01-02,2017-05-16,2017-05-17,2388,2017-05-18,2019-10-02,2392,tuned,base,hist_gradient_boosting,2
7,2,macro_auc,0.5188452496256607,"{""model__early_stopping"": false, ""model__l2_regularization"": 1.0, ""model__learning_rate"": 0.1, ""model__max_iter"": 200, ""model__max_leaf_nodes"": 7, ""model__min_samples_leaf"": 40}",0.5187716304590821,0.5188452496256607,5,2015-01-02,2019-10-01,2019-10-02,4780,2019-10-03,2022-02-15,2392,tuned,base,hist_gradient_boosting,2
7,3,macro_auc,0.5007434463271758,"{""model__early_stopping"": false, ""model__l2_regularization"": 1.0, ""model__learning_rate"": 0.1, ""model__max_iter"": 200, ""model__max_leaf_nodes"": 7, ""model__min_samples_leaf"": 40}",0.5012109123593511,0.5007434463271758,5,2017-02-16,2022-02-14,2022-02-15,5032,2022-02-16,2024-07-10,2404,tuned,base,hist_gradient_boosting,2
8,1,macro_auc,0.5132223177587616,"{""model__early_stopping"": false, ""model__l2_regularization"": 10.0, ""model__learning_rate"": 0.025, ""model__max_iter"": 100, ""model__max_leaf_nodes"": 3, ""model__min_samples_leaf"": 40}",0.4963921846449526,0.5132223177587616,all,2015-01-02,2017-05-16,2017-05-17,2388,2017-05-18,2019-10-02,2392,tuned,base,hist_gradient_boosting,2
8,2,macro_auc,0.5374942179595992,"{""model__early_stopping"": false, ""model__l2_regularization"": 10.0, ""model__learning_rate"": 0.025, ""model__max_iter"": 100, ""model__max_leaf_nodes"": 3, ""model__min_samples_leaf"": 40}",0.5377247233140623,0.5374942179595992,all,2015-01-02,2019-10-01,2019-10-02,4780,2019-10-03,2022-02-15,2392,tuned,base,hist_gradient_boosting,2
8,3,macro_auc,0.47714737453144873,"{""model__early_stopping"": false, ""model__l2_regularization"": 10.0, ""model__learning_rate"": 0.025, ""model__max_iter"": 100, ""model__max_leaf_nodes"": 3, ""model__min_samples_leaf"": 40}",0.4781335304822566,0.47714737453144873,all,2015-01-02,2022-02-14,2022-02-15,7172,2022-02-16,2024-07-10,2404,tuned,base,hist_gradient_boosting,2
9,1,macro_auc,0.5115195876982096,"{""model__early_stopping"": false, ""model__l2_regularization"": 1.0, ""model__learning_rate"": 0.1, ""model__max_iter"": 100, ""model__max_leaf_nodes"": 31, ""model__min_samples_leaf"": 20}",0.5040041244200034,0.5115195876982096,3,2015-01-02,2017-05-16,2017-05-17,2388,2017-05-18,2019-10-02,2392,tuned,base,hist_gradient_boosting,2
9,2,macro_auc,0.5179651945366348,"{""model__early_stopping"": false, ""model__l2_regularization"": 1.0, ""model__learning_rate"": 0.1, ""model__max_iter"": 100, ""model__max_leaf_nodes"": 31, ""model__min_samples_leaf"": 20}",0.5177826073422586,0.5179651945366348,3,2016-10-03,2019-10-01,2019-10-02,3016,2019-10-03,2022-02-15,2392,tuned,base,hist_gradient_boosting,2
9,3,macro_auc,0.5035773159781,"{""model__early_stopping"": false, ""model__l2_regularization"": 1.0, ""model__learning_rate"": 0.1, ""model__max_iter"": 100, ""model__max_leaf_nodes"": 31, ""model__min_samples_leaf"": 20}",0.5035932055749129,0.5035773159781,3,2019-02-19,2022-02-14,2022-02-15,3020,2022-02-16,2024-07-10,2404,tuned,base,hist_gradient_boosting,2
10,1,macro_auc,0.5124711623191096,"{""model__early_stopping"": false, ""model__l2_regularization"": 0.0, ""model__learning_rate"": 0.1, ""model__max_iter"": 100, ""model__max_leaf_nodes"": 31, ""model__min_samples_leaf"": 20}",0.5018058366154504,0.5124711623191096,5,2015-01-02,2017-05-16,2017-05-17,2388,2017-05-18,2019-10-02,2392,tuned,base,hist_gradient_boosting,2
10,2,macro_auc,0.5169343055342749,"{""model__early_stopping"": false, ""model__l2_regularization"": 0.0, ""model__learning_rate"": 0.1, ""model__max_iter"": 100, ""model__max_leaf_nodes"": 31, ""model__min_samples_leaf"": 20}",0.5176276745364042,0.5169343055342749,5,2015-01-02,2019-10-01,2019-10-02,4780,2019-10-03,2022-02-15,2392,tuned,base,hist_gradient_boosting,2
10,3,macro_auc,0.5160143183427965,"{""model__early_stopping"": false, ""model__l2_regularization"": 0.0, ""model__learning_rate"": 0.1, ""model__max_iter"": 100, ""model__max_leaf_nodes"": 31, ""model__min_samples_leaf"": 20}",0.5158438103375573,0.5160143183427965,5,2017-02-16,2022-02-14,2022-02-15,5032,2022-02-16,2024-07-10,2404,tuned,base,hist_gradient_boosting,2
11,1,macro_auc,0.5133762191154471,"{""model__early_stopping"": false, ""model__l2_regularization"": 10.0, ""model__learning_rate"": 0.1, ""model__max_iter"": 200, ""model__max_leaf_nodes"": 7, ""model__min_samples_leaf"": 40}",0.5014796707478317,0.5133762191154471,all,2015-01-02,2017-05-16,2017-05-17,2388,2017-05-18,2019-10-02,2392,tuned,base,hist_gradient_boosting,2
11,2,macro_auc,0.5178733863838478,"{""model__early_stopping"": false, ""model__l2_regularization"": 10.0, ""model__learning_rate"": 0.1, ""model__max_iter"": 200, ""model__max_leaf_nodes"": 7, ""model__min_samples_leaf"": 40}",0.5169736317098639,0.5178733863838478,all,2015-01-02,2019-10-01,2019-10-02,4780,2019-10-03,2022-02-15,2392,tuned,base,hist_gradient_boosting,2
11,3,macro_auc,0.5030129111174273,"{""model__early_stopping"": false, ""model__l2_regularization"": 10.0, ""model__learning_rate"": 0.1, ""model__max_iter"": 200, ""model__max_leaf_nodes"": 7, ""model__min_samples_leaf"": 40}",0.503596673250627,0.5030129111174273,all,2015-01-02,2022-02-14,2022-02-15,7172,2022-02-16,2024-07-10,2404,tuned,base,hist_gradient_boosting,2
12,1,macro_auc,0.5082265469707844,"{""model__early_stopping"": false, ""model__l2_regularization"": 1.0, ""model__learning_rate"": 0.05, ""model__max_iter"": 200, ""model__max_leaf_nodes"": 3, ""model__min_samples_leaf"": 20}",0.4955567791646647,0.5082265469707844,3,2015-01-02,2017-05-16,2017-05-17,2388,2017-05-18,2019-10-02,2392,tuned,base,hist_gradient_boosting,2
12,2,macro_auc,0.5237748602165828,"{""model__early_stopping"": false, ""model__l2_regularization"": 1.0, ""model__learning_rate"": 0.05, ""model__max_iter"": 200, ""model__max_leaf_nodes"": 3, ""model__min_samples_leaf"": 20}",0.5232438118846904,0.5237748602165828,3,2016-10-03,2019-10-01,2019-10-02,3016,2019-10-03,2022-02-15,2392,tuned,base,hist_gradient_boosting,2
12,3,macro_auc,0.48451882460551315,"{""model__early_stopping"": false, ""model__l2_regularization"": 1.0, ""model__learning_rate"": 0.05, ""model__max_iter"": 200, ""model__max_leaf_nodes"": 3, ""model__min_samples_leaf"": 20}",0.4851288727002374,0.48451882460551315,3,2019-02-19,2022-02-14,2022-02-15,3020,2022-02-16,2024-07-10,2404,tuned,base,hist_gradient_boosting,2
13,1,macro_auc,0.5104941926330825,"{""model__early_stopping"": false, ""model__l2_regularization"": 10.0, ""model__learning_rate"": 0.025, ""model__max_iter"": 100, ""model__max_leaf_nodes"": 15, ""model__min_samples_leaf"": 40}",0.49851261350046117,0.5104941926330825,5,2015-01-02,2017-05-16,2017-05-17,2388,2017-05-18,2019-10-02,2392,tuned,base,hist_gradient_boosting,2
13,2,macro_auc,0.5263962934034042,"{""model__early_stopping"": false, ""model__l2_regularization"": 10.0, ""model__learning_rate"": 0.025, ""model__max_iter"": 100, ""model__max_leaf_nodes"": 15, ""model__min_samples_leaf"": 40}",0.5260011206098835,0.5263962934034042,5,2015-01-02,2019-10-01,2019-10-02,4780,2019-10-03,2022-02-15,2392,tuned,base,hist_gradient_boosting,2
13,3,macro_auc,0.48967440368074394,"{""model__early_stopping"": false, ""model__l2_regularization"": 10.0, ""model__learning_rate"": 0.025, ""model__max_iter"": 100, ""model__max_leaf_nodes"": 15, ""model__min_samples_leaf"": 40}",0.4901001326039193,0.48967440368074394,5,2017-02-16,2022-02-14,2022-02-15,5032,2022-02-16,2024-07-10,2404,tuned,base,hist_gradient_boosting,2
14,1,macro_auc,0.49827263055845217,"{""model__early_stopping"": false, ""model__l2_regularization"": 1.0, ""model__learning_rate"": 0.05, ""model__max_iter"": 200, ""model__max_leaf_nodes"": 15, ""model__min_samples_leaf"": 80}",0.48673837639541123,0.49827263055845217,all,2015-01-02,2017-05-16,2017-05-17,2388,2017-05-18,2019-10-02,2392,tuned,base,hist_gradient_boosting,2
14,2,macro_auc,0.5208973185714941,"{""model__early_stopping"": false, ""model__l2_regularization"": 1.0, ""model__learning_rate"": 0.05, ""model__max_iter"": 200, ""model__max_leaf_nodes"": 15, ""model__min_samples_leaf"": 80}",0.5203322778093775,0.5208973185714941,all,2015-01-02,2019-10-01,2019-10-02,4780,2019-10-03,2022-02-15,2392,tuned,base,hist_gradient_boosting,2
14,3,macro_auc,0.4932896143463465,"{""model__early_stopping"": false, ""model__l2_regularization"": 1.0, ""model__learning_rate"": 0.05, ""model__max_iter"": 200, ""model__max_leaf_nodes"": 15, ""model__min_samples_leaf"": 80}",0.4932102909518631,0.4932896143463465,all,2015-01-02,2022-02-14,2022-02-15,7172,2022-02-16,2024-07-10,2404,tuned,base,hist_gradient_boosting,2
15,1,macro_auc,0.5014945086998643,"{""model__early_stopping"": false, ""model__l2_regularization"": 1.0, ""model__learning_rate"": 0.05, ""model__max_iter"": 100, ""model__max_leaf_nodes"": 31, ""model__min_samples_leaf"": 10}",0.49240910318415043,0.5014945086998643,3,2015-01-02,2017-05-16,2017-05-17,2388,2017-05-18,2019-10-02,2392,tuned,base,hist_gradient_boosting,2
15,2,macro_auc,0.5269827307654507,"{""model__early_stopping"": false, ""model__l2_regularization"": 1.0, ""model__learning_rate"": 0.05, ""model__max_iter"": 100, ""model__max_leaf_nodes"": 31, ""model__min_samples_leaf"": 10}",0.5277835553329429,0.5269827307654507,3,2016-10-03,2019-10-01,2019-10-02,3016,2019-10-03,2022-02-15,2392,tuned,base,hist_gradient_boosting,2
15,3,macro_auc,0.49070054184182016,"{""model__early_stopping"": false, ""model__l2_regularization"": 1.0, ""model__learning_rate"": 0.05, ""model__max_iter"": 100, ""model__max_leaf_nodes"": 31, ""model__min_samples_leaf"": 10}",0.49023433165405356,0.49070054184182016,3,2019-02-19,2022-02-14,2022-02-15,3020,2022-02-16,2024-07-10,2404,tuned,base,hist_gradient_boosting,2
16,1,macro_auc,0.5100682351417357,"{""model__early_stopping"": false, ""model__l2_regularization"": 10.0, ""model__learning_rate"": 0.05, ""model__max_iter"": 200, ""model__max_leaf_nodes"": 3, ""model__min_samples_leaf"": 10}",0.49791183701526665,0.5100682351417357,5,2015-01-02,2017-05-16,2017-05-17,2388,2017-05-18,2019-10-02,2392,tuned,base,hist_gradient_boosting,2
16,2,macro_auc,0.5284045996677584,"{""model__early_stopping"": false, ""model__l2_regularization"": 10.0, ""model__learning_rate"": 0.05, ""model__max_iter"": 200, ""model__max_leaf_nodes"": 3, ""model__min_samples_leaf"": 10}",0.5296204641475584,0.5284045996677584,5,2015-01-02,2019-10-01,2019-10-02,4780,2019-10-03,2022-02-15,2392,tuned,base,hist_gradient_boosting,2
16,3,macro_auc,0.4809764601052481,"{""model__early_stopping"": false, ""model__l2_regularization"": 10.0, ""model__learning_rate"": 0.05, ""model__max_iter"": 200, ""model__max_leaf_nodes"": 3, ""model__min_samples_leaf"": 10}",0.4805335088439601,0.4809764601052481,5,2017-02-16,2022-02-14,2022-02-15,5032,2022-02-16,2024-07-10,2404,tuned,base,hist_gradient_boosting,2
17,1,macro_auc,0.5131924744152638,"{""model__early_stopping"": false, ""model__l2_regularization"": 10.0, ""model__learning_rate"": 0.025, ""model__max_iter"": 100, ""model__max_leaf_nodes"": 7, ""model__min_samples_leaf"": 40}",0.49869919440537863,0.5131924744152638,all,2015-01-02,2017-05-16,2017-05-17,2388,2017-05-18,2019-10-02,2392,tuned,base,hist_gradient_boosting,2
17,2,macro_auc,0.5303237662511305,"{""model__early_stopping"": false, ""model__l2_regularization"": 10.0, ""model__learning_rate"": 0.025, ""model__max_iter"": 100, ""model__max_leaf_nodes"": 7, ""model__min_samples_leaf"": 40}",0.5302299372628255,0.5303237662511305,all,2015-01-02,2019-10-01,2019-10-02,4780,2019-10-03,2022-02-15,2392,tuned,base,hist_gradient_boosting,2
17,3,macro_auc,0.48190644758483125,"{""model__early_stopping"": false, ""model__l2_regularization"": 10.0, ""model__learning_rate"": 0.025, ""model__max_iter"": 100, ""model__max_leaf_nodes"": 7, ""model__min_samples_leaf"": 40}",0.4815647956013227,0.48190644758483125,all,2015-01-02,2022-02-14,2022-02-15,7172,2022-02-16,2024-07-10,2404,tuned,base,hist_gradient_boosting,2
18,1,macro_auc,0.5043617913160179,"{""model__early_stopping"": false, ""model__l2_regularization"": 1.0, ""model__learning_rate"": 0.025, ""model__max_iter"": 200, ""model__max_leaf_nodes"": 7, ""model__min_samples_leaf"": 80}",0.4918419954336778,0.5043617913160179,3,2015-01-02,2017-05-16,2017-05-17,2388,2017-05-18,2019-10-02,2392,tuned,base,hist_gradient_boosting,2
18,2,macro_auc,0.5262384026835933,"{""model__early_stopping"": false, ""model__l2_regularization"": 1.0, ""model__learning_rate"": 0.025, ""model__max_iter"": 200, ""model__max_leaf_nodes"": 7, ""model__min_samples_leaf"": 80}",0.525198158351232,0.5262384026835933,3,2016-10-03,2019-10-01,2019-10-02,3016,2019-10-03,2022-02-15,2392,tuned,base,hist_gradient_boosting,2
18,3,macro_auc,0.48666092784973697,"{""model__early_stopping"": false, ""model__l2_regularization"": 1.0, ""model__learning_rate"": 0.025, ""model__max_iter"": 200, ""model__max_leaf_nodes"": 7, ""model__min_samples_leaf"": 80}",0.4858137386537651,0.48666092784973697,3,2019-02-19,2022-02-14,2022-02-15,3020,2022-02-16,2024-07-10,2404,tuned,base,hist_gradient_boosting,2
19,1,macro_auc,0.507096271472823,"{""model__early_stopping"": false, ""model__l2_regularization"": 10.0, ""model__learning_rate"": 0.025, ""model__max_iter"": 200, ""model__max_leaf_nodes"": 3, ""model__min_samples_leaf"": 80}",0.49289589697367175,0.507096271472823,5,2015-01-02,2017-05-16,2017-05-17,2388,2017-05-18,2019-10-02,2392,tuned,base,hist_gradient_boosting,2
19,2,macro_auc,0.5300424175957557,"{""model__early_stopping"": false, ""model__l2_regularization"": 10.0, ""model__learning_rate"": 0.025, ""model__max_iter"": 200, ""model__max_leaf_nodes"": 3, ""model__min_samples_leaf"": 80}",0.5307163130802905,0.5300424175957557,5,2015-01-02,2019-10-01,2019-10-02,4780,2019-10-03,2022-02-15,2392,tuned,base,hist_gradient_boosting,2
19,3,macro_auc,0.47452015918891344,"{""model__early_stopping"": false, ""model__l2_regularization"": 10.0, ""model__learning_rate"": 0.025, ""model__max_iter"": 200, ""model__max_leaf_nodes"": 3, ""model__min_samples_leaf"": 80}",0.47397578730109413,0.47452015918891344,5,2017-02-16,2022-02-14,2022-02-15,5032,2022-02-16,2024-07-10,2404,tuned,base,hist_gradient_boosting,2
0,1,macro_auc,0.5268920577664171,"{""model__C"": 0.1}",0.5081566017023754,0.5268920577664171,all,2015-01-02,2017-05-16,2017-05-17,2388,2017-05-18,2019-10-02,2392,tuned,hybrid,logistic_regression,2
0,2,macro_auc,0.5234281456973721,"{""model__C"": 0.1}",0.5220825232965174,0.5234281456973721,all,2015-01-02,2019-10-01,2019-10-02,4780,2019-10-03,2022-02-15,2392,tuned,hybrid,logistic_regression,2
0,3,macro_auc,0.5041214670070329,"{""model__C"": 0.1}",0.5033934674537828,0.5041214670070329,all,2015-01-02,2022-02-14,2022-02-15,7172,2022-02-16,2024-07-10,2404,tuned,hybrid,logistic_regression,2
1,1,macro_auc,0.5232654847935413,"{""model__C"": 10.0}",0.5070329076810309,0.5232654847935413,all,2015-01-02,2017-05-16,2017-05-17,2388,2017-05-18,2019-10-02,2392,tuned,hybrid,logistic_regression,2
1,2,macro_auc,0.5233372731871409,"{""model__C"": 10.0}",0.5219403246938839,0.5233372731871409,all,2015-01-02,2019-10-01,2019-10-02,4780,2019-10-03,2022-02-15,2392,tuned,hybrid,logistic_regression,2
1,3,macro_auc,0.504118521284559,"{""model__C"": 10.0}",0.5031195210723718,0.504118521284559,all,2015-01-02,2022-02-14,2022-02-15,7172,2022-02-16,2024-07-10,2404,tuned,hybrid,logistic_regression,2
2,1,macro_auc,0.5268920577664171,"{""model__C"": 0.1}",0.5081566017023754,0.5268920577664171,3,2015-01-02,2017-05-16,2017-05-17,2388,2017-05-18,2019-10-02,2392,tuned,hybrid,logistic_regression,2
2,2,macro_auc,0.5233610302324215,"{""model__C"": 0.1}",0.5231783722292496,0.5233610302324215,3,2016-10-03,2019-10-01,2019-10-02,3016,2019-10-03,2022-02-15,2392,tuned,hybrid,logistic_regression,2
2,3,macro_auc,0.5100121373147786,"{""model__C"": 0.1}",0.5116049235446859,0.5100121373147786,3,2019-02-19,2022-02-14,2022-02-15,3020,2022-02-16,2024-07-10,2404,tuned,hybrid,logistic_regression,2
3,1,macro_auc,0.5232654847935413,"{""model__C"": 10.0}",0.5070329076810309,0.5232654847935413,3,2015-01-02,2017-05-16,2017-05-17,2388,2017-05-18,2019-10-02,2392,tuned,hybrid,logistic_regression,2
3,2,macro_auc,0.5219166783863591,"{""model__C"": 10.0}",0.5205041895528597,0.5219166783863591,3,2016-10-03,2019-10-01,2019-10-02,3016,2019-10-03,2022-02-15,2392,tuned,hybrid,logistic_regression,2
3,3,macro_auc,0.5094559731932137,"{""model__C"": 10.0}",0.5109134690073015,0.5094559731932137,3,2019-02-19,2022-02-14,2022-02-15,3020,2022-02-16,2024-07-10,2404,tuned,hybrid,logistic_regression,2
4,1,macro_auc,0.5268920577664171,"{""model__C"": 0.1}",0.5081566017023754,0.5268920577664171,5,2015-01-02,2017-05-16,2017-05-17,2388,2017-05-18,2019-10-02,2392,tuned,hybrid,logistic_regression,2
4,2,macro_auc,0.5234281456973721,"{""model__C"": 0.1}",0.5220825232965174,0.5234281456973721,5,2015-01-02,2019-10-01,2019-10-02,4780,2019-10-03,2022-02-15,2392,tuned,hybrid,logistic_regression,2
4,3,macro_auc,0.5086896966788356,"{""model__C"": 0.1}",0.5088918140660024,0.5086896966788356,5,2017-02-16,2022-02-14,2022-02-15,5032,2022-02-16,2024-07-10,2404,tuned,hybrid,logistic_regression,2
5,1,macro_auc,0.5232654847935413,"{""model__C"": 10.0}",0.5070329076810309,0.5232654847935413,5,2015-01-02,2017-05-16,2017-05-17,2388,2017-05-18,2019-10-02,2392,tuned,hybrid,logistic_regression,2
5,2,macro_auc,0.5233372731871409,"{""model__C"": 10.0}",0.5219403246938839,0.5233372731871409,5,2015-01-02,2019-10-01,2019-10-02,4780,2019-10-03,2022-02-15,2392,tuned,hybrid,logistic_regression,2
5,3,macro_auc,0.5081278807755389,"{""model__C"": 10.0}",0.5088231540868638,0.5081278807755389,5,2017-02-16,2022-02-14,2022-02-15,5032,2022-02-16,2024-07-10,2404,tuned,hybrid,logistic_regression,2
0,1,macro_auc,0.5316514675341731,"{""model__max_depth"": 4, ""model__min_samples_leaf"": 20, ""model__n_estimators"": 100}",0.5123034675289603,0.5316514675341731,all,2015-01-02,2017-05-16,2017-05-17,2388,2017-05-18,2019-10-02,2392,tuned,hybrid,random_forest,2
0,2,macro_auc,0.5291589172590959,"{""model__max_depth"": 4, ""model__min_samples_leaf"": 20, ""model__n_estimators"": 100}",0.5315574779486048,0.5291589172590959,all,2015-01-02,2019-10-01,2019-10-02,4780,2019-10-03,2022-02-15,2392,tuned,hybrid,random_forest,2
0,3,macro_auc,0.5039829493977108,"{""model__max_depth"": 4, ""model__min_samples_leaf"": 20, ""model__n_estimators"": 100}",0.5030501675580905,0.5039829493977108,all,2015-01-02,2022-02-14,2022-02-15,7172,2022-02-16,2024-07-10,2404,tuned,hybrid,random_forest,2
1,1,macro_auc,0.5244696421804795,"{""model__max_depth"": 8, ""model__min_samples_leaf"": 20, ""model__n_estimators"": 100}",0.5087051215055536,0.5244696421804795,all,2015-01-02,2017-05-16,2017-05-17,2388,2017-05-18,2019-10-02,2392,tuned,hybrid,random_forest,2
1,2,macro_auc,0.5157486990694481,"{""model__max_depth"": 8, ""model__min_samples_leaf"": 20, ""model__n_estimators"": 100}",0.5186768313906599,0.5157486990694481,all,2015-01-02,2019-10-01,2019-10-02,4780,2019-10-03,2022-02-15,2392,tuned,hybrid,random_forest,2
1,3,macro_auc,0.5059053257307372,"{""model__max_depth"": 8, ""model__min_samples_leaf"": 20, ""model__n_estimators"": 100}",0.5072980703078187,0.5059053257307372,all,2015-01-02,2022-02-14,2022-02-15,7172,2022-02-16,2024-07-10,2404,tuned,hybrid,random_forest,2
2,1,macro_auc,0.5282783890842544,"{""model__max_depth"": 8, ""model__max_features"": 0.5, ""model__min_samples_leaf"": 20, ""model__n_estimators"": 100}",0.5127825455667746,0.5282783890842544,all,2015-01-02,2017-05-16,2017-05-17,2388,2017-05-18,2019-10-02,2392,tuned,hybrid,random_forest,2
2,2,macro_auc,0.5257222922015072,"{""model__max_depth"": 8, ""model__max_features"": 0.5, ""model__min_samples_leaf"": 20, ""model__n_estimators"": 100}",0.5280966044954567,0.5257222922015072,all,2015-01-02,2019-10-01,2019-10-02,4780,2019-10-03,2022-02-15,2392,tuned,hybrid,random_forest,2
2,3,macro_auc,0.49599290041994676,"{""model__max_depth"": 8, ""model__max_features"": 0.5, ""model__min_samples_leaf"": 20, ""model__n_estimators"": 100}",0.4970004605073348,0.49599290041994676,all,2015-01-02,2022-02-14,2022-02-15,7172,2022-02-16,2024-07-10,2404,tuned,hybrid,random_forest,2
3,1,macro_auc,0.530595993979625,"{""model__max_depth"": 8, ""model__max_features"": 1.0, ""model__min_samples_leaf"": 5, ""model__n_estimators"": 100}",0.5172366385976972,0.530595993979625,3,2015-01-02,2017-05-16,2017-05-17,2388,2017-05-18,2019-10-02,2392,tuned,hybrid,random_forest,2
3,2,macro_auc,0.5214399838467951,"{""model__max_depth"": 8, ""model__max_features"": 1.0, ""model__min_samples_leaf"": 5, ""model__n_estimators"": 100}",0.5206499254341656,0.5214399838467951,3,2016-10-03,2019-10-01,2019-10-02,3016,2019-10-03,2022-02-15,2392,tuned,hybrid,random_forest,2
3,3,macro_auc,0.4975261774590551,"{""model__max_depth"": 8, ""model__max_features"": 1.0, ""model__min_samples_leaf"": 5, ""model__n_estimators"": 100}",0.49718771499589426,0.4975261774590551,3,2019-02-19,2022-02-14,2022-02-15,3020,2022-02-16,2024-07-10,2404,tuned,hybrid,random_forest,2
4,1,macro_auc,0.5278007161496181,"{""model__max_depth"": 3, ""model__max_features"": 1.0, ""model__min_samples_leaf"": 20, ""model__n_estimators"": 100}",0.5098835272208213,0.5278007161496181,5,2015-01-02,2017-05-16,2017-05-17,2388,2017-05-18,2019-10-02,2392,tuned,hybrid,random_forest,2
4,2,macro_auc,0.5364010656880377,"{""model__max_depth"": 3, ""model__max_features"": 1.0, ""model__min_samples_leaf"": 20, ""model__n_estimators"": 100}",0.5387961650239544,0.5364010656880377,5,2015-01-02,2019-10-01,2019-10-02,4780,2019-10-03,2022-02-15,2392,tuned,hybrid,random_forest,2
4,3,macro_auc,0.48739442809063216,"{""model__max_depth"": 3, ""model__max_features"": 1.0, ""model__min_samples_leaf"": 20, ""model__n_estimators"": 100}",0.4861102249273175,0.48739442809063216,5,2017-02-16,2022-02-14,2022-02-15,5032,2022-02-16,2024-07-10,2404,tuned,hybrid,random_forest,2
5,1,macro_auc,0.5287596209687981,"{""model__max_depth"": 8, ""model__max_features"": 1.0, ""model__min_samples_leaf"": 20, ""model__n_estimators"": 200}",0.513027345325482,0.5287596209687981,all,2015-01-02,2017-05-16,2017-05-17,2388,2017-05-18,2019-10-02,2392,tuned,hybrid,random_forest,2
5,2,macro_auc,0.5268486577854744,"{""model__max_depth"": 8, ""model__max_features"": 1.0, ""model__min_samples_leaf"": 20, ""model__n_estimators"": 200}",0.5284227415890588,0.5268486577854744,all,2015-01-02,2019-10-01,2019-10-02,4780,2019-10-03,2022-02-15,2392,tuned,hybrid,random_forest,2
5,3,macro_auc,0.497001781012931,"{""model__max_depth"": 8, ""model__max_features"": 1.0, ""model__min_samples_leaf"": 20, ""model__n_estimators"": 200}",0.49695884839876614,0.497001781012931,all,2015-01-02,2022-02-14,2022-02-15,7172,2022-02-16,2024-07-10,2404,tuned,hybrid,random_forest,2
6,1,macro_auc,0.5237126487958346,"{""model__max_depth"": 3, ""model__max_features"": 0.5, ""model__min_samples_leaf"": 40, ""model__n_estimators"": 200}",0.5039999158281633,0.5237126487958346,3,2015-01-02,2017-05-16,2017-05-17,2388,2017-05-18,2019-10-02,2392,tuned,hybrid,random_forest,2
6,2,macro_auc,0.5303731351904164,"{""model__max_depth"": 3, ""model__max_features"": 0.5, ""model__min_samples_leaf"": 40, ""model__n_estimators"": 200}",0.5310962168097142,0.5303731351904164,3,2016-10-03,2019-10-01,2019-10-02,3016,2019-10-03,2022-02-15,2392,tuned,hybrid,random_forest,2
6,3,macro_auc,0.4980268466232483,"{""model__max_depth"": 3, ""model__max_features"": 0.5, ""model__min_samples_leaf"": 40, ""model__n_estimators"": 200}",0.49718355378503737,0.4980268466232483,3,2019-02-19,2022-02-14,2022-02-15,3020,2022-02-16,2024-07-10,2404,tuned,hybrid,random_forest,2
7,1,macro_auc,0.5255154199832879,"{""model__max_depth"": 4, ""model__max_features"": 1.0, ""model__min_samples_leaf"": 5, ""model__n_estimators"": 200}",0.5110822744633169,0.5255154199832879,5,2015-01-02,2017-05-16,2017-05-17,2388,2017-05-18,2019-10-02,2392,tuned,hybrid,random_forest,2
7,2,macro_auc,0.5401597010617538,"{""model__max_depth"": 4, ""model__max_features"": 1.0, ""model__min_samples_leaf"": 5, ""model__n_estimators"": 200}",0.54111237509869,0.5401597010617538,5,2015-01-02,2019-10-01,2019-10-02,4780,2019-10-03,2022-02-15,2392,tuned,hybrid,random_forest,2
7,3,macro_auc,0.49092373560162555,"{""model__max_depth"": 4, ""model__max_features"": 1.0, ""model__min_samples_leaf"": 5, ""model__n_estimators"": 200}",0.49086683570429884,0.49092373560162555,5,2017-02-16,2022-02-14,2022-02-15,5032,2022-02-16,2024-07-10,2404,tuned,hybrid,random_forest,2
8,1,macro_auc,0.5261365988884552,"{""model__max_depth"": 6, ""model__max_features"": 1.0, ""model__min_samples_leaf"": 10, ""model__n_estimators"": 200}",0.5118643711136285,0.5261365988884552,all,2015-01-02,2017-05-16,2017-05-17,2388,2017-05-18,2019-10-02,2392,tuned,hybrid,random_forest,2
8,2,macro_auc,0.5310281868121576,"{""model__max_depth"": 6, ""model__max_features"": 1.0, ""model__min_samples_leaf"": 10, ""model__n_estimators"": 200}",0.5323590252957873,0.5310281868121576,all,2015-01-02,2019-10-01,2019-10-02,4780,2019-10-03,2022-02-15,2392,tuned,hybrid,random_forest,2
8,3,macro_auc,0.496360943234376,"{""model__max_depth"": 6, ""model__max_features"": 1.0, ""model__min_samples_leaf"": 10, ""model__n_estimators"": 200}",0.4963270378836636,0.496360943234376,all,2015-01-02,2022-02-14,2022-02-15,7172,2022-02-16,2024-07-10,2404,tuned,hybrid,random_forest,2
9,1,macro_auc,0.5258793719862978,"{""model__max_depth"": 4, ""model__max_features"": ""sqrt"", ""model__min_samples_leaf"": 10, ""model__n_estimators"": 200}",0.506937512932652,0.5258793719862978,3,2015-01-02,2017-05-16,2017-05-17,2388,2017-05-18,2019-10-02,2392,tuned,hybrid,random_forest,2
9,2,macro_auc,0.5199881819584917,"{""model__max_depth"": 4, ""model__max_features"": ""sqrt"", ""model__min_samples_leaf"": 10, ""model__n_estimators"": 200}",0.5206499254341657,0.5199881819584917,3,2016-10-03,2019-10-01,2019-10-02,3016,2019-10-03,2022-02-15,2392,tuned,hybrid,random_forest,2
9,3,macro_auc,0.5009741285464586,"{""model__max_depth"": 4, ""model__max_features"": ""sqrt"", ""model__min_samples_leaf"": 10, ""model__n_estimators"": 200}",0.49893750416121085,0.5009741285464586,3,2019-02-19,2022-02-14,2022-02-15,3020,2022-02-16,2024-07-10,2404,tuned,hybrid,random_forest,2
10,1,macro_auc,0.5239470867200591,"{""model__max_depth"": 6, ""model__max_features"": ""sqrt"", ""model__min_samples_leaf"": 40, ""model__n_estimators"": 100}",0.5058597627055634,0.5239470867200591,5,2015-01-02,2017-05-16,2017-05-17,2388,2017-05-18,2019-10-02,2392,tuned,hybrid,random_forest,2
10,2,macro_auc,0.5297019185497808,"{""model__max_depth"": 6, ""model__max_features"": ""sqrt"", ""model__min_samples_leaf"": 40, ""model__n_estimators"": 100}",0.531793768163926,0.5297019185497808,5,2015-01-02,2019-10-01,2019-10-02,4780,2019-10-03,2022-02-15,2392,tuned,hybrid,random_forest,2
10,3,macro_auc,0.5023117975829523,"{""model__max_depth"": 6, ""model__max_features"": ""sqrt"", ""model__min_samples_leaf"": 40, ""model__n_estimators"": 100}",0.5019911393950154,0.5023117975829523,5,2017-02-16,2022-02-14,2022-02-15,5032,2022-02-16,2024-07-10,2404,tuned,hybrid,random_forest,2
11,1,macro_auc,0.522712520085914,"{""model__max_depth"": 8, ""model__max_features"": 0.5, ""model__min_samples_leaf"": 10, ""model__n_estimators"": 200}",0.5079714236614048,0.522712520085914,all,2015-01-02,2017-05-16,2017-05-17,2388,2017-05-18,2019-10-02,2392,tuned,hybrid,random_forest,2
11,2,macro_auc,0.5338537182769403,"{""model__max_depth"": 8, ""model__max_features"": 0.5, ""model__min_samples_leaf"": 10, ""model__n_estimators"": 200}",0.534326459693417,0.5338537182769403,all,2015-01-02,2019-10-01,2019-10-02,4780,2019-10-03,2022-02-15,2392,tuned,hybrid,random_forest,2
11,3,macro_auc,0.5022577566634401,"{""model__max_depth"": 8, ""model__max_features"": 0.5, ""model__min_samples_leaf"": 10, ""model__n_estimators"": 200}",0.5018794802370226,0.5022577566634401,all,2015-01-02,2022-02-14,2022-02-15,7172,2022-02-16,2024-07-10,2404,tuned,hybrid,random_forest,2
12,1,macro_auc,0.5282783890842544,"{""model__max_depth"": 8, ""model__max_features"": 0.5, ""model__min_samples_leaf"": 20, ""model__n_estimators"": 100}",0.5127825455667746,0.5282783890842544,3,2015-01-02,2017-05-16,2017-05-17,2388,2017-05-18,2019-10-02,2392,tuned,hybrid,random_forest,2
12,2,macro_auc,0.5233251222755342,"{""model__max_depth"": 8, ""model__max_features"": 0.5, ""model__min_samples_leaf"": 20, ""model__n_estimators"": 100}",0.5233821194807842,0.5233251222755342,3,2016-10-03,2019-10-01,2019-10-02,3016,2019-10-03,2022-02-15,2392,tuned,hybrid,random_forest,2
12,3,macro_auc,0.49822577129758305,"{""model__max_depth"": 8, ""model__max_features"": 0.5, ""model__min_samples_leaf"": 20, ""model__n_estimators"": 100}",0.497751559067001,0.49822577129758305,3,2019-02-19,2022-02-14,2022-02-15,3020,2022-02-16,2024-07-10,2404,tuned,hybrid,random_forest,2
13,1,macro_auc,0.531542252253243,"{""model__max_depth"": 8, ""model__max_features"": 1.0, ""model__min_samples_leaf"": 10, ""model__n_estimators"": 100}",0.5183399910918141,0.531542252253243,5,2015-01-02,2017-05-16,2017-05-17,2388,2017-05-18,2019-10-02,2392,tuned,hybrid,random_forest,2
13,2,macro_auc,0.5256653709959817,"{""model__max_depth"": 8, ""model__max_features"": 1.0, ""model__min_samples_leaf"": 10, ""model__n_estimators"": 100}",0.5271606405587203,0.5256653709959817,5,2015-01-02,2019-10-01,2019-10-02,4780,2019-10-03,2022-02-15,2392,tuned,hybrid,random_forest,2
13,3,macro_auc,0.49787046596358253,"{""model__max_depth"": 8, ""model__max_features"": 1.0, ""model__min_samples_leaf"": 10, ""model__n_estimators"": 100}",0.4975927395192969,0.49787046596358253,5,2017-02-16,2022-02-14,2022-02-15,5032,2022-02-16,2024-07-10,2404,tuned,hybrid,random_forest,2
14,1,macro_auc,0.5264936874037291,"{""model__max_depth"": 8, ""model__max_features"": ""sqrt"", ""model__min_samples_leaf"": 40, ""model__n_estimators"": 200}",0.5096513532376347,0.5264936874037291,all,2015-01-02,2017-05-16,2017-05-17,2388,2017-05-18,2019-10-02,2392,tuned,hybrid,random_forest,2
14,2,macro_auc,0.521811865565436,"{""model__max_depth"": 8, ""model__max_features"": ""sqrt"", ""model__min_samples_leaf"": 40, ""model__n_estimators"": 200}",0.5247368972123414,0.521811865565436,all,2015-01-02,2019-10-01,2019-10-02,4780,2019-10-03,2022-02-15,2392,tuned,hybrid,random_forest,2
14,3,macro_auc,0.5036006291295615,"{""model__max_depth"": 8, ""model__max_features"": ""sqrt"", ""model__min_samples_leaf"": 40, ""model__n_estimators"": 200}",0.504478156417142,0.5036006291295615,all,2015-01-02,2022-02-14,2022-02-15,7172,2022-02-16,2024-07-10,2404,tuned,hybrid,random_forest,2
15,1,macro_auc,0.5261691945260569,"{""model__max_depth"": 4, ""model__max_features"": ""sqrt"", ""model__min_samples_leaf"": 10, ""model__n_estimators"": 100}",0.5081243358316002,0.5261691945260569,3,2015-01-02,2017-05-16,2017-05-17,2388,2017-05-18,2019-10-02,2392,tuned,hybrid,random_forest,2
15,2,macro_auc,0.5158589422528391,"{""model__max_depth"": 4, ""model__max_features"": ""sqrt"", ""model__min_samples_leaf"": 10, ""model__n_estimators"": 100}",0.5170235073391458,0.5158589422528391,3,2016-10-03,2019-10-01,2019-10-02,3016,2019-10-03,2022-02-15,2392,tuned,hybrid,random_forest,2
15,3,macro_auc,0.4991184642634134,"{""model__max_depth"": 4, ""model__max_features"": ""sqrt"", ""model__min_samples_leaf"": 10, ""model__n_estimators"": 100}",0.4967639650236357,0.4991184642634134,3,2019-02-19,2022-02-14,2022-02-15,3020,2022-02-16,2024-07-10,2404,tuned,hybrid,random_forest,2
16,1,macro_auc,0.5254669622159046,"{""model__max_depth"": 3, ""model__max_features"": 1.0, ""model__min_samples_leaf"": 20, ""model__n_estimators"": 200}",0.5063665473063259,0.5254669622159046,5,2015-01-02,2017-05-16,2017-05-17,2388,2017-05-18,2019-10-02,2392,tuned,hybrid,random_forest,2
16,2,macro_auc,0.5357114694917079,"{""model__max_depth"": 3, ""model__max_features"": 1.0, ""model__min_samples_leaf"": 20, ""model__n_estimators"": 200}",0.5378679831002974,0.5357114694917079,5,2015-01-02,2019-10-01,2019-10-02,4780,2019-10-03,2022-02-15,2392,tuned,hybrid,random_forest,2
16,3,macro_auc,0.4856449755026462,"{""model__max_depth"": 3, ""model__max_features"": 1.0, ""model__min_samples_leaf"": 20, ""model__n_estimators"": 200}",0.4847997902749729,0.4856449755026462,5,2017-02-16,2022-02-14,2022-02-15,5032,2022-02-16,2024-07-10,2404,tuned,hybrid,random_forest,2
17,1,macro_auc,0.5234601283079416,"{""model__max_depth"": 4, ""model__max_features"": 0.5, ""model__min_samples_leaf"": 40, ""model__n_estimators"": 100}",0.5054276806099652,0.5234601283079416,all,2015-01-02,2017-05-16,2017-05-17,2388,2017-05-18,2019-10-02,2392,tuned,hybrid,random_forest,2
17,2,macro_auc,0.5272851153348207,"{""model__max_depth"": 4, ""model__max_features"": 0.5, ""model__min_samples_leaf"": 40, ""model__n_estimators"": 100}",0.5300711134504315,0.5272851153348207,all,2015-01-02,2019-10-01,2019-10-02,4780,2019-10-03,2022-02-15,2392,tuned,hybrid,random_forest,2
17,3,macro_auc,0.488089559880959,"{""model__max_depth"": 4, ""model__max_features"": 0.5, ""model__min_samples_leaf"": 40, ""model__n_estimators"": 100}",0.4884741394615948,0.488089559880959,all,2015-01-02,2022-02-14,2022-02-15,7172,2022-02-16,2024-07-10,2404,tuned,hybrid,random_forest,2
18,1,macro_auc,0.5259990451017178,"{""model__max_depth"": 4, ""model__max_features"": ""sqrt"", ""model__min_samples_leaf"": 40, ""model__n_estimators"": 100}",0.5068056437216577,0.5259990451017178,3,2015-01-02,2017-05-16,2017-05-17,2388,2017-05-18,2019-10-02,2392,tuned,hybrid,random_forest,2
18,2,macro_auc,0.5225421479485649,"{""model__max_depth"": 4, ""model__max_features"": ""sqrt"", ""model__min_samples_leaf"": 40, ""model__n_estimators"": 100}",0.5240032656156705,0.5225421479485649,3,2016-10-03,2019-10-01,2019-10-02,3016,2019-10-03,2022-02-15,2392,tuned,hybrid,random_forest,2
18,3,macro_auc,0.5042646538768318,"{""model__max_depth"": 4, ""model__max_features"": ""sqrt"", ""model__min_samples_leaf"": 40, ""model__n_estimators"": 100}",0.5026257240506891,0.5042646538768318,3,2019-02-19,2022-02-14,2022-02-15,3020,2022-02-16,2024-07-10,2404,tuned,hybrid,random_forest,2
19,1,macro_auc,0.5204159026762283,"{""model__max_depth"": 3, ""model__max_features"": 0.5, ""model__min_samples_leaf"": 20, ""model__n_estimators"": 100}",0.5018023294555836,0.5204159026762283,5,2015-01-02,2017-05-16,2017-05-17,2388,2017-05-18,2019-10-02,2392,tuned,hybrid,random_forest,2
19,2,macro_auc,0.532327334499912,"{""model__max_depth"": 3, ""model__max_features"": 0.5, ""model__min_samples_leaf"": 20, ""model__n_estimators"": 100}",0.5345687632824814,0.532327334499912,5,2015-01-02,2019-10-01,2019-10-02,4780,2019-10-03,2022-02-15,2392,tuned,hybrid,random_forest,2
19,3,macro_auc,0.4915214774208029,"{""model__max_depth"": 3, ""model__max_features"": 0.5, ""model__min_samples_leaf"": 20, ""model__n_estimators"": 100}",0.4902634601300517,0.4915214774208029,5,2017-02-16,2022-02-14,2022-02-15,5032,2022-02-16,2024-07-10,2404,tuned,hybrid,random_forest,2
0,1,macro_auc,0.5205494062532977,"{""model__early_stopping"": false, ""model__max_iter"": 100, ""model__max_leaf_nodes"": 7}",0.511821233047266,0.5205494062532977,all,2015-01-02,2017-05-16,2017-05-17,2388,2017-05-18,2019-10-02,2392,tuned,hybrid,hist_gradient_boosting,2
0,2,macro_auc,0.5348184623008295,"{""model__early_stopping"": false, ""model__max_iter"": 100, ""model__max_leaf_nodes"": 7}",0.5358726042011551,0.5348184623008295,all,2015-01-02,2019-10-01,2019-10-02,4780,2019-10-03,2022-02-15,2392,tuned,hybrid,hist_gradient_boosting,2
0,3,macro_auc,0.4999011403125103,"{""model__early_stopping"": false, ""model__max_iter"": 100, ""model__max_leaf_nodes"": 7}",0.5005097483299674,0.4999011403125103,all,2015-01-02,2022-02-14,2022-02-15,7172,2022-02-16,2024-07-10,2404,tuned,hybrid,hist_gradient_boosting,2
1,1,macro_auc,0.5103264073112427,"{""model__early_stopping"": false, ""model__max_iter"": 100, ""model__max_leaf_nodes"": 15}",0.5014691492682312,0.5103264073112427,all,2015-01-02,2017-05-16,2017-05-17,2388,2017-05-18,2019-10-02,2392,tuned,hybrid,hist_gradient_boosting,2
1,2,macro_auc,0.5217559936413728,"{""model__early_stopping"": false, ""model__max_iter"": 100, ""model__max_leaf_nodes"": 15}",0.5221525614142323,0.5217559936413728,all,2015-01-02,2019-10-01,2019-10-02,4780,2019-10-03,2022-02-15,2392,tuned,hybrid,hist_gradient_boosting,2
1,3,macro_auc,0.4996286629730002,"{""model__early_stopping"": false, ""model__max_iter"": 100, ""model__max_leaf_nodes"": 15}",0.500120328347278,0.4996286629730002,all,2015-01-02,2022-02-14,2022-02-15,7172,2022-02-16,2024-07-10,2404,tuned,hybrid,hist_gradient_boosting,2
2,1,macro_auc,0.5098681946838038,"{""model__early_stopping"": false, ""model__l2_regularization"": 1.0, ""model__learning_rate"": 0.05, ""model__max_iter"": 100, ""model__max_leaf_nodes"": 31, ""model__min_samples_leaf"": 20}",0.5012573168122723,0.5098681946838038,all,2015-01-02,2017-05-16,2017-05-17,2388,2017-05-18,2019-10-02,2392,tuned,hybrid,hist_gradient_boosting,2
2,2,macro_auc,0.5264050780916898,"{""model__early_stopping"": false, ""model__l2_regularization"": 1.0, ""model__learning_rate"": 0.05, ""model__max_iter"": 100, ""model__max_leaf_nodes"": 31, ""model__min_samples_leaf"": 20}",0.526852897314215,0.5264050780916898,all,2015-01-02,2019-10-01,2019-10-02,4780,2019-10-03,2022-02-15,2392,tuned,hybrid,hist_gradient_boosting,2
2,3,macro_auc,0.49450419037199606,"{""model__early_stopping"": false, ""model__l2_regularization"": 1.0, ""model__learning_rate"": 0.05, ""model__max_iter"": 100, ""model__max_leaf_nodes"": 31, ""model__min_samples_leaf"": 20}",0.4945807163940611,0.49450419037199606,all,2015-01-02,2022-02-14,2022-02-15,7172,2022-02-16,2024-07-10,2404,tuned,hybrid,hist_gradient_boosting,2
3,1,macro_auc,0.5124656320211036,"{""model__early_stopping"": false, ""model__l2_regularization"": 0.0, ""model__learning_rate"": 0.1, ""model__max_iter"": 200, ""model__max_leaf_nodes"": 3, ""model__min_samples_leaf"": 10}",0.5042096439882019,0.5124656320211036,3,2015-01-02,2017-05-16,2017-05-17,2388,2017-05-18,2019-10-02,2392,tuned,hybrid,hist_gradient_boosting,2
3,2,macro_auc,0.5224535932097335,"{""model__early_stopping"": false, ""model__l2_regularization"": 0.0, ""model__learning_rate"": 0.1, ""model__max_iter"": 200, ""model__max_leaf_nodes"": 3, ""model__min_samples_leaf"": 10}",0.5226962411461914,0.5224535932097335,3,2016-10-03,2019-10-01,2019-10-02,3016,2019-10-03,2022-02-15,2392,tuned,hybrid,hist_gradient_boosting,2
3,3,macro_auc,0.4929738720281697,"{""model__early_stopping"": false, ""model__l2_regularization"": 0.0, ""model__learning_rate"": 0.1, ""model__max_iter"": 200, ""model__max_leaf_nodes"": 3, ""model__min_samples_leaf"": 10}",0.492758799573892,0.4929738720281697,3,2019-02-19,2022-02-14,2022-02-15,3020,2022-02-16,2024-07-10,2404,tuned,hybrid,hist_gradient_boosting,2
4,1,macro_auc,0.5218836732435571,"{""model__early_stopping"": false, ""model__l2_regularization"": 10.0, ""model__learning_rate"": 0.1, ""model__max_iter"": 200, ""model__max_leaf_nodes"": 31, ""model__min_samples_leaf"": 80}",0.5119534529742469,0.5218836732435571,5,2015-01-02,2017-05-16,2017-05-17,2388,2017-05-18,2019-10-02,2392,tuned,hybrid,hist_gradient_boosting,2
4,2,macro_auc,0.5128991045106996,"{""model__early_stopping"": false, ""model__l2_regularization"": 10.0, ""model__learning_rate"": 0.1, ""model__max_iter"": 200, ""model__max_leaf_nodes"": 31, ""model__min_samples_leaf"": 80}",0.512326001262101,0.5128991045106996,5,2015-01-02,2019-10-01,2019-10-02,4780,2019-10-03,2022-02-15,2392,tuned,hybrid,hist_gradient_boosting,2
4,3,macro_auc,0.507452350521281,"{""model__early_stopping"": false, ""model__l2_regularization"": 10.0, ""model__learning_rate"": 0.1, ""model__max_iter"": 200, ""model__max_leaf_nodes"": 31, ""model__min_samples_leaf"": 80}",0.5069436738498413,0.507452350521281,5,2017-02-16,2022-02-14,2022-02-15,5032,2022-02-16,2024-07-10,2404,tuned,hybrid,hist_gradient_boosting,2
5,1,macro_auc,0.5242413708027951,"{""model__early_stopping"": false, ""model__l2_regularization"": 1.0, ""model__learning_rate"": 0.025, ""model__max_iter"": 200, ""model__max_leaf_nodes"": 15, ""model__min_samples_leaf"": 80}",0.5114059853190288,0.5242413708027951,all,2015-01-02,2017-05-16,2017-05-17,2388,2017-05-18,2019-10-02,2392,tuned,hybrid,hist_gradient_boosting,2
5,2,macro_auc,0.5280968427465276,"{""model__early_stopping"": false, ""model__l2_regularization"": 1.0, ""model__learning_rate"": 0.025, ""model__max_iter"": 200, ""model__max_leaf_nodes"": 15, ""model__min_samples_leaf"": 80}",0.5278956870668602,0.5280968427465276,all,2015-01-02,2019-10-01,2019-10-02,4780,2019-10-03,2022-02-15,2392,tuned,hybrid,hist_gradient_boosting,2
5,3,macro_auc,0.49680844884646047,"{""model__early_stopping"": false, ""model__l2_regularization"": 1.0, ""model__learning_rate"": 0.025, ""model__max_iter"": 200, ""model__max_leaf_nodes"": 15, ""model__min_samples_leaf"": 80}",0.4967171514014958,0.49680844884646047,all,2015-01-02,2022-02-14,2022-02-15,7172,2022-02-16,2024-07-10,2404,tuned,hybrid,hist_gradient_boosting,2
6,1,macro_auc,0.5232414527685924,"{""model__early_stopping"": false, ""model__l2_regularization"": 10.0, ""model__learning_rate"": 0.025, ""model__max_iter"": 200, ""model__max_leaf_nodes"": 7, ""model__min_samples_leaf"": 80}",0.5089429069445273,0.5232414527685924,3,2015-01-02,2017-05-16,2017-05-17,2388,2017-05-18,2019-10-02,2392,tuned,hybrid,hist_gradient_boosting,2
6,2,macro_auc,0.5194954682893465,"{""model__early_stopping"": false, ""model__l2_regularization"": 10.0, ""model__learning_rate"": 0.025, ""model__max_iter"": 200, ""model__max_leaf_nodes"": 7, ""model__min_samples_leaf"": 80}",0.5188964963962205,0.5194954682893465,3,2016-10-03,2019-10-01,2019-10-02,3016,2019-10-03,2022-02-15,2392,tuned,hybrid,hist_gradient_boosting,2
6,3,macro_auc,0.49755201047974046,"{""model__early_stopping"": false, ""model__l2_regularization"": 10.0, ""model__learning_rate"": 0.025, ""model__max_iter"": 200, ""model__max_leaf_nodes"": 7, ""model__min_samples_leaf"": 80}",0.49666340242792784,0.49755201047974046,3,2019-02-19,2022-02-14,2022-02-15,3020,2022-02-16,2024-07-10,2404,tuned,hybrid,hist_gradient_boosting,2
7,1,macro_auc,0.519624490361126,"{""model__early_stopping"": false, ""model__l2_regularization"": 1.0, ""model__learning_rate"": 0.1, ""model__max_iter"": 200, ""model__max_leaf_nodes"": 7, ""model__min_samples_leaf"": 40}",0.512252262994904,0.519624490361126,5,2015-01-02,2017-05-16,2017-05-17,2388,2017-05-18,2019-10-02,2392,tuned,hybrid,hist_gradient_boosting,2
7,2,macro_auc,0.5231375357342107,"{""model__early_stopping"": false, ""model__l2_regularization"": 1.0, ""model__learning_rate"": 0.1, ""model__max_iter"": 200, ""model__max_leaf_nodes"": 7, ""model__min_samples_leaf"": 40}",0.5229870054530688,0.5231375357342107,5,2015-01-02,2019-10-01,2019-10-02,4780,2019-10-03,2022-02-15,2392,tuned,hybrid,hist_gradient_boosting,2
7,3,macro_auc,0.496077597818873,"{""model__early_stopping"": false, ""model__l2_regularization"": 1.0, ""model__learning_rate"": 0.1, ""model__max_iter"": 200, ""model__max_leaf_nodes"": 7, ""model__min_samples_leaf"": 40}",0.4965011152045097,0.496077597818873,5,2017-02-16,2022-02-14,2022-02-15,5032,2022-02-16,2024-07-10,2404,tuned,hybrid,hist_gradient_boosting,2
8,1,macro_auc,0.525288377810968,"{""model__early_stopping"": false, ""model__l2_regularization"": 10.0, ""model__learning_rate"": 0.025, ""model__max_iter"": 100, ""model__max_leaf_nodes"": 3, ""model__min_samples_leaf"": 40}",0.5056447738057244,0.525288377810968,all,2015-01-02,2017-05-16,2017-05-17,2388,2017-05-18,2019-10-02,2392,tuned,hybrid,hist_gradient_boosting,2
8,2,macro_auc,0.5434888019589152,"{""model__early_stopping"": false, ""model__l2_regularization"": 10.0, ""model__learning_rate"": 0.025, ""model__max_iter"": 100, ""model__max_leaf_nodes"": 3, ""model__min_samples_leaf"": 40}",0.5446542522334378,0.5434888019589152,all,2015-01-02,2019-10-01,2019-10-02,4780,2019-10-03,2022-02-15,2392,tuned,hybrid,hist_gradient_boosting,2
8,3,macro_auc,0.4867235019464953,"{""model__early_stopping"": false, ""model__l2_regularization"": 10.0, ""model__learning_rate"": 0.025, ""model__max_iter"": 100, ""model__max_leaf_nodes"": 3, ""model__min_samples_leaf"": 40}",0.484963811336248,0.4867235019464953,all,2015-01-02,2022-02-14,2022-02-15,7172,2022-02-16,2024-07-10,2404,tuned,hybrid,hist_gradient_boosting,2
9,1,macro_auc,0.5235977495640536,"{""model__early_stopping"": false, ""model__l2_regularization"": 1.0, ""model__learning_rate"": 0.1, ""model__max_iter"": 100, ""model__max_leaf_nodes"": 31, ""model__min_samples_leaf"": 20}",0.5162868997057493,0.5235977495640536,3,2015-01-02,2017-05-16,2017-05-17,2388,2017-05-18,2019-10-02,2392,tuned,hybrid,hist_gradient_boosting,2
9,2,macro_auc,0.5151742911291995,"{""model__early_stopping"": false, ""model__l2_regularization"": 1.0, ""model__learning_rate"": 0.1, ""model__max_iter"": 100, ""model__max_leaf_nodes"": 31, ""model__min_samples_leaf"": 20}",0.5155031849657167,0.5151742911291995,3,2016-10-03,2019-10-01,2019-10-02,3016,2019-10-03,2022-02-15,2392,tuned,hybrid,hist_gradient_boosting,2
9,3,macro_auc,0.5124028232585196,"{""model__early_stopping"": false, ""model__l2_regularization"": 1.0, ""model__learning_rate"": 0.1, ""model__max_iter"": 100, ""model__max_leaf_nodes"": 31, ""model__min_samples_leaf"": 20}",0.51252316407377,0.5124028232585196,3,2019-02-19,2022-02-14,2022-02-15,3020,2022-02-16,2024-07-10,2404,tuned,hybrid,hist_gradient_boosting,2
10,1,macro_auc,0.5077564050795712,"{""model__early_stopping"": false, ""model__l2_regularization"": 0.0, ""model__learning_rate"": 0.1, ""model__max_iter"": 100, ""model__max_leaf_nodes"": 31, ""model__min_samples_leaf"": 20}",0.5005032774408956,0.5077564050795712,5,2015-01-02,2017-05-16,2017-05-17,2388,2017-05-18,2019-10-02,2392,tuned,hybrid,hist_gradient_boosting,2
10,2,macro_auc,0.527922405488943,"{""model__early_stopping"": false, ""model__l2_regularization"": 0.0, ""model__learning_rate"": 0.1, ""model__max_iter"": 100, ""model__max_leaf_nodes"": 31, ""model__min_samples_leaf"": 20}",0.5276070451271864,0.527922405488943,5,2015-01-02,2019-10-01,2019-10-02,4780,2019-10-03,2022-02-15,2392,tuned,hybrid,hist_gradient_boosting,2
10,3,macro_auc,0.5103648443683286,"{""model__early_stopping"": false, ""model__l2_regularization"": 0.0, ""model__learning_rate"": 0.1, ""model__max_iter"": 100, ""model__max_leaf_nodes"": 31, ""model__min_samples_leaf"": 20}",0.5098683115470827,0.5103648443683286,5,2017-02-16,2022-02-14,2022-02-15,5032,2022-02-16,2024-07-10,2404,tuned,hybrid,hist_gradient_boosting,2
11,1,macro_auc,0.5190152202945713,"{""model__early_stopping"": false, ""model__l2_regularization"": 10.0, ""model__learning_rate"": 0.1, ""model__max_iter"": 200, ""model__max_leaf_nodes"": 7, ""model__min_samples_leaf"": 40}",0.5102861491735378,0.5190152202945713,all,2015-01-02,2017-05-16,2017-05-17,2388,2017-05-18,2019-10-02,2392,tuned,hybrid,hist_gradient_boosting,2
11,2,macro_auc,0.5150133567566282,"{""model__early_stopping"": false, ""model__l2_regularization"": 10.0, ""model__learning_rate"": 0.1, ""model__max_iter"": 200, ""model__max_leaf_nodes"": 7, ""model__min_samples_leaf"": 40}",0.5142039425093172,0.5150133567566282,all,2015-01-02,2019-10-01,2019-10-02,4780,2019-10-03,2022-02-15,2392,tuned,hybrid,hist_gradient_boosting,2
11,3,macro_auc,0.4958199910667892,"{""model__early_stopping"": false, ""model__l2_regularization"": 10.0, ""model__learning_rate"": 0.1, ""model__max_iter"": 200, ""model__max_leaf_nodes"": 7, ""model__min_samples_leaf"": 40}",0.4965389128697929,0.4958199910667892,all,2015-01-02,2022-02-14,2022-02-15,7172,2022-02-16,2024-07-10,2404,tuned,hybrid,hist_gradient_boosting,2
12,1,macro_auc,0.5221744094795361,"{""model__early_stopping"": false, ""model__l2_regularization"": 1.0, ""model__learning_rate"": 0.05, ""model__max_iter"": 200, ""model__max_leaf_nodes"": 3, ""model__min_samples_leaf"": 20}",0.5100487144505508,0.5221744094795361,3,2015-01-02,2017-05-16,2017-05-17,2388,2017-05-18,2019-10-02,2392,tuned,hybrid,hist_gradient_boosting,2
12,2,macro_auc,0.5214457626032869,"{""model__early_stopping"": false, ""model__l2_regularization"": 1.0, ""model__learning_rate"": 0.05, ""model__max_iter"": 200, ""model__max_leaf_nodes"": 3, ""model__min_samples_leaf"": 20}",0.5227567286114907,0.5214457626032869,3,2016-10-03,2019-10-01,2019-10-02,3016,2019-10-03,2022-02-15,2392,tuned,hybrid,hist_gradient_boosting,2
12,3,macro_auc,0.4956464336330576,"{""model__early_stopping"": false, ""model__l2_regularization"": 1.0, ""model__learning_rate"": 0.05, ""model__max_iter"": 200, ""model__max_leaf_nodes"": 3, ""model__min_samples_leaf"": 20}",0.49431960041279216,0.4956464336330576,3,2019-02-19,2022-02-14,2022-02-15,3020,2022-02-16,2024-07-10,2404,tuned,hybrid,hist_gradient_boosting,2
13,1,macro_auc,0.530274023543601,"{""model__early_stopping"": false, ""model__l2_regularization"": 10.0, ""model__learning_rate"": 0.025, ""model__max_iter"": 100, ""model__max_leaf_nodes"": 15, ""model__min_samples_leaf"": 40}",0.5174842440842982,0.530274023543601,5,2015-01-02,2017-05-16,2017-05-17,2388,2017-05-18,2019-10-02,2392,tuned,hybrid,hist_gradient_boosting,2
13,2,macro_auc,0.524451766661863,"{""model__early_stopping"": false, ""model__l2_regularization"": 10.0, ""model__learning_rate"": 0.025, ""model__max_iter"": 100, ""model__max_leaf_nodes"": 15, ""model__min_samples_leaf"": 40}",0.5256633104966622,0.524451766661863,5,2015-01-02,2019-10-01,2019-10-02,4780,2019-10-03,2022-02-15,2392,tuned,hybrid,hist_gradient_boosting,2
13,3,macro_auc,0.48923921824106253,"{""model__early_stopping"": false, ""model__l2_regularization"": 10.0, ""model__learning_rate"": 0.025, ""model__max_iter"": 100, ""model__max_leaf_nodes"": 15, ""model__min_samples_leaf"": 40}",0.48916004571783656,0.48923921824106253,5,2017-02-16,2022-02-14,2022-02-15,5032,2022-02-16,2024-07-10,2404,tuned,hybrid,hist_gradient_boosting,2
14,1,macro_auc,0.5223857236733819,"{""model__early_stopping"": false, ""model__l2_regularization"": 1.0, ""model__learning_rate"": 0.05, ""model__max_iter"": 200, ""model__max_leaf_nodes"": 15, ""model__min_samples_leaf"": 80}",0.5112828840077017,0.5223857236733819,all,2015-01-02,2017-05-16,2017-05-17,2388,2017-05-18,2019-10-02,2392,tuned,hybrid,hist_gradient_boosting,2
14,2,macro_auc,0.5277878034139796,"{""model__early_stopping"": false, ""model__l2_regularization"": 1.0, ""model__learning_rate"": 0.05, ""model__max_iter"": 200, ""model__max_leaf_nodes"": 15, ""model__min_samples_leaf"": 80}",0.5274613092458805,0.5277878034139796,all,2015-01-02,2019-10-01,2019-10-02,4780,2019-10-03,2022-02-15,2392,tuned,hybrid,hist_gradient_boosting,2
14,3,macro_auc,0.5069624427313015,"{""model__early_stopping"": false, ""model__l2_regularization"": 1.0, ""model__learning_rate"": 0.05, ""model__max_iter"": 200, ""model__max_leaf_nodes"": 15, ""model__min_samples_leaf"": 80}",0.5077232073503628,0.5069624427313015,all,2015-01-02,2022-02-14,2022-02-15,7172,2022-02-16,2024-07-10,2404,tuned,hybrid,hist_gradient_boosting,2
15,1,macro_auc,0.5135406289450267,"{""model__early_stopping"": false, ""model__l2_regularization"": 1.0, ""model__learning_rate"": 0.05, ""model__max_iter"": 100, ""model__max_leaf_nodes"": 31, ""model__min_samples_leaf"": 10}",0.506956451595933,0.5135406289450267,3,2015-01-02,2017-05-16,2017-05-17,2388,2017-05-18,2019-10-02,2392,tuned,hybrid,hist_gradient_boosting,2
15,2,macro_auc,0.513683609582965,"{""model__early_stopping"": false, ""model__l2_regularization"": 1.0, ""model__learning_rate"": 0.05, ""model__max_iter"": 100, ""model__max_leaf_nodes"": 31, ""model__min_samples_leaf"": 10}",0.5132478160841476,0.513683609582965,3,2016-10-03,2019-10-01,2019-10-02,3016,2019-10-03,2022-02-15,2392,tuned,hybrid,hist_gradient_boosting,2
15,3,macro_auc,0.5037646540025056,"{""model__early_stopping"": false, ""model__l2_regularization"": 1.0, ""model__learning_rate"": 0.05, ""model__max_iter"": 100, ""model__max_leaf_nodes"": 31, ""model__min_samples_leaf"": 10}",0.5038886515457511,0.5037646540025056,3,2019-02-19,2022-02-14,2022-02-15,3020,2022-02-16,2024-07-10,2404,tuned,hybrid,hist_gradient_boosting,2
16,1,macro_auc,0.5248664456866735,"{""model__early_stopping"": false, ""model__l2_regularization"": 10.0, ""model__learning_rate"": 0.05, ""model__max_iter"": 200, ""model__max_leaf_nodes"": 3, ""model__min_samples_leaf"": 10}",0.511692520280152,0.5248664456866735,5,2015-01-02,2017-05-16,2017-05-17,2388,2017-05-18,2019-10-02,2392,tuned,hybrid,hist_gradient_boosting,2
16,2,macro_auc,0.5353034549632218,"{""model__early_stopping"": false, ""model__l2_regularization"": 10.0, ""model__learning_rate"": 0.05, ""model__max_iter"": 200, ""model__max_leaf_nodes"": 3, ""model__min_samples_leaf"": 10}",0.5371863495001117,0.5353034549632218,5,2015-01-02,2019-10-01,2019-10-02,4780,2019-10-03,2022-02-15,2392,tuned,hybrid,hist_gradient_boosting,2
16,3,macro_auc,0.4931070709623377,"{""model__early_stopping"": false, ""model__l2_regularization"": 10.0, ""model__learning_rate"": 0.05, ""model__max_iter"": 200, ""model__max_leaf_nodes"": 3, ""model__min_samples_leaf"": 10}",0.4932626528551455,0.4931070709623377,5,2017-02-16,2022-02-14,2022-02-15,5032,2022-02-16,2024-07-10,2404,tuned,hybrid,hist_gradient_boosting,2
17,1,macro_auc,0.5233967738915157,"{""model__early_stopping"": false, ""model__l2_regularization"": 10.0, ""model__learning_rate"": 0.025, ""model__max_iter"": 100, ""model__max_leaf_nodes"": 7, ""model__min_samples_leaf"": 40}",0.5106189786449036,0.5233967738915157,all,2015-01-02,2017-05-16,2017-05-17,2388,2017-05-18,2019-10-02,2392,tuned,hybrid,hist_gradient_boosting,2
17,2,macro_auc,0.5332910119988359,"{""model__early_stopping"": false, ""model__l2_regularization"": 10.0, ""model__learning_rate"": 0.025, ""model__max_iter"": 100, ""model__max_leaf_nodes"": 7, ""model__min_samples_leaf"": 40}",0.5359168201845611,0.5332910119988359,all,2015-01-02,2019-10-01,2019-10-02,4780,2019-10-03,2022-02-15,2392,tuned,hybrid,hist_gradient_boosting,2
17,3,macro_auc,0.4880153642827283,"{""model__early_stopping"": false, ""model__l2_regularization"": 10.0, ""model__learning_rate"": 0.025, ""model__max_iter"": 100, ""model__max_leaf_nodes"": 7, ""model__min_samples_leaf"": 40}",0.4880548974677644,0.4880153642827283,all,2015-01-02,2022-02-14,2022-02-15,7172,2022-02-16,2024-07-10,2404,tuned,hybrid,hist_gradient_boosting,2
18,1,macro_auc,0.5186601217394231,"{""model__early_stopping"": false, ""model__l2_regularization"": 1.0, ""model__learning_rate"": 0.025, ""model__max_iter"": 200, ""model__max_leaf_nodes"": 7, ""model__min_samples_leaf"": 80}",0.5053796325197891,0.5186601217394231,3,2015-01-02,2017-05-16,2017-05-17,2388,2017-05-18,2019-10-02,2392,tuned,hybrid,hist_gradient_boosting,2
18,2,macro_auc,0.5185388219102656,"{""model__early_stopping"": false, ""model__l2_regularization"": 1.0, ""model__learning_rate"": 0.025, ""model__max_iter"": 200, ""model__max_leaf_nodes"": 7, ""model__min_samples_leaf"": 80}",0.5181147578096038,0.5185388219102656,3,2016-10-03,2019-10-01,2019-10-02,3016,2019-10-03,2022-02-15,2392,tuned,hybrid,hist_gradient_boosting,2
18,3,macro_auc,0.49717341117858227,"{""model__early_stopping"": false, ""model__l2_regularization"": 1.0, ""model__learning_rate"": 0.025, ""model__max_iter"": 200, ""model__max_leaf_nodes"": 7, ""model__min_samples_leaf"": 80}",0.49692382487405407,0.49717341117858227,3,2019-02-19,2022-02-14,2022-02-15,3020,2022-02-16,2024-07-10,2404,tuned,hybrid,hist_gradient_boosting,2
19,1,macro_auc,0.5208617015640573,"{""model__early_stopping"": false, ""model__l2_regularization"": 10.0, ""model__learning_rate"": 0.025, ""model__max_iter"": 200, ""model__max_leaf_nodes"": 3, ""model__min_samples_leaf"": 80}",0.5048654828833062,0.5208617015640573,5,2015-01-02,2017-05-16,2017-05-17,2388,2017-05-18,2019-10-02,2392,tuned,hybrid,hist_gradient_boosting,2
19,2,macro_auc,0.5413618445486343,"{""model__early_stopping"": false, ""model__l2_regularization"": 10.0, ""model__learning_rate"": 0.025, ""model__max_iter"": 200, ""model__max_leaf_nodes"": 3, ""model__min_samples_leaf"": 80}",0.5433868452850905,0.5413618445486343,5,2015-01-02,2019-10-01,2019-10-02,4780,2019-10-03,2022-02-15,2392,tuned,hybrid,hist_gradient_boosting,2
19,3,macro_auc,0.4911993700512862,"{""model__early_stopping"": false, ""model__l2_regularization"": 10.0, ""model__learning_rate"": 0.025, ""model__max_iter"": 200, ""model__max_leaf_nodes"": 3, ""model__min_samples_leaf"": 80}",0.49076696664373376,0.4911993700512862,5,2017-02-16,2022-02-14,2022-02-15,5032,2022-02-16,2024-07-10,2404,tuned,hybrid,hist_gradient_boosting,2
0,1,macro_auc,0.5152188461738959,"{""model__C"": 0.1}",0.5029702136912506,0.5152188461738959,all,2015-01-02,2017-05-16,2017-05-17,2388,2017-05-18,2019-10-02,2392,tuned,lag_1,logistic_regression,2
0,2,macro_auc,0.51333465875427,"{""model__C"": 0.1}",0.5125629989331567,0.51333465875427,all,2015-01-02,2019-10-01,2019-10-02,4780,2019-10-03,2022-02-15,2392,tuned,lag_1,logistic_regression,2
0,3,macro_auc,0.5067068208930654,"{""model__C"": 0.1}",0.5060441587696132,0.5067068208930654,all,2015-01-02,2022-02-14,2022-02-15,7172,2022-02-16,2024-07-10,2404,tuned,lag_1,logistic_regression,2
1,1,macro_auc,0.5122973116150087,"{""model__C"": 10.0}",0.5016045256390922,0.5122973116150087,all,2015-01-02,2017-05-16,2017-05-17,2388,2017-05-18,2019-10-02,2392,tuned,lag_1,logistic_regression,2
1,2,macro_auc,0.5125745895959857,"{""model__C"": 10.0}",0.5120083536373129,0.5125745895959857,all,2015-01-02,2019-10-01,2019-10-02,4780,2019-10-03,2022-02-15,2392,tuned,lag_1,logistic_regression,2
1,3,macro_auc,0.5052611743243138,"{""model__C"": 10.0}",0.50477845713398,0.5052611743243138,all,2015-01-02,2022-02-14,2022-02-15,7172,2022-02-16,2024-07-10,2404,tuned,lag_1,logistic_regression,2
2,1,macro_auc,0.5152188461738959,"{""model__C"": 0.1}",0.5029702136912506,0.5152188461738959,3,2015-01-02,2017-05-16,2017-05-17,2388,2017-05-18,2019-10-02,2392,tuned,lag_1,logistic_regression,2
2,2,macro_auc,0.514437933374902,"{""model__C"": 0.1}",0.5140939331426033,0.514437933374902,3,2016-10-03,2019-10-01,2019-10-02,3016,2019-10-03,2022-02-15,2392,tuned,lag_1,logistic_regression,2
2,3,macro_auc,0.5080643398305946,"{""model__C"": 0.1}",0.5095943651656717,0.5080643398305946,3,2019-02-19,2022-02-14,2022-02-15,3020,2022-02-16,2024-07-10,2404,tuned,lag_1,logistic_regression,2
3,1,macro_auc,0.5122973116150087,"{""model__C"": 10.0}",0.5016045256390922,0.5122973116150087,3,2015-01-02,2017-05-16,2017-05-17,2388,2017-05-18,2019-10-02,2392,tuned,lag_1,logistic_regression,2
3,2,macro_auc,0.5123928951372828,"{""model__C"": 10.0}",0.5116744345306314,0.5123928951372828,3,2016-10-03,2019-10-01,2019-10-02,3016,2019-10-03,2022-02-15,2392,tuned,lag_1,logistic_regression,2
3,3,macro_auc,0.5068426940176456,"{""model__C"": 10.0}",0.508382065736035,0.5068426940176456,3,2019-02-19,2022-02-14,2022-02-15,3020,2022-02-16,2024-07-10,2404,tuned,lag_1,logistic_regression,2
4,1,macro_auc,0.5152188461738959,"{""model__C"": 0.1}",0.5029702136912506,0.5152188461738959,5,2015-01-02,2017-05-16,2017-05-17,2388,2017-05-18,2019-10-02,2392,tuned,lag_1,logistic_regression,2
4,2,macro_auc,0.51333465875427,"{""model__C"": 0.1}",0.5125629989331567,0.51333465875427,5,2015-01-02,2019-10-01,2019-10-02,4780,2019-10-03,2022-02-15,2392,tuned,lag_1,logistic_regression,2
4,3,macro_auc,0.5095580289820285,"{""model__C"": 0.1}",0.5098696986173683,0.5095580289820285,5,2017-02-16,2022-02-14,2022-02-15,5032,2022-02-16,2024-07-10,2404,tuned,lag_1,logistic_regression,2
5,1,macro_auc,0.5122973116150087,"{""model__C"": 10.0}",0.5016045256390922,0.5122973116150087,5,2015-01-02,2017-05-16,2017-05-17,2388,2017-05-18,2019-10-02,2392,tuned,lag_1,logistic_regression,2
5,2,macro_auc,0.5125745895959857,"{""model__C"": 10.0}",0.5120083536373129,0.5125745895959857,5,2015-01-02,2019-10-01,2019-10-02,4780,2019-10-03,2022-02-15,2392,tuned,lag_1,logistic_regression,2
5,3,macro_auc,0.5082694357624077,"{""model__C"": 10.0}",0.5091276160145587,0.5082694357624077,5,2017-02-16,2022-02-14,2022-02-15,5032,2022-02-16,2024-07-10,2404,tuned,lag_1,logistic_regression,2
0,1,macro_auc,0.5120115969255798,"{""model__max_depth"": 4, ""model__min_samples_leaf"": 20, ""model__n_estimators"": 100}",0.4985396186314361,0.5120115969255798,all,2015-01-02,2017-05-16,2017-05-17,2388,2017-05-18,2019-10-02,2392,tuned,lag_1,random_forest,2
0,2,macro_auc,0.5068966903351533,"{""model__max_depth"": 4, ""model__min_samples_leaf"": 20, ""model__n_estimators"": 100}",0.5114324846694343,0.5068966903351533,all,2015-01-02,2019-10-01,2019-10-02,4780,2019-10-03,2022-02-15,2392,tuned,lag_1,random_forest,2
0,3,macro_auc,0.5033211037637062,"{""model__max_depth"": 4, ""model__min_samples_leaf"": 20, ""model__n_estimators"": 100}",0.5034517244057791,0.5033211037637062,all,2015-01-02,2022-02-14,2022-02-15,7172,2022-02-16,2024-07-10,2404,tuned,lag_1,random_forest,2
1,1,macro_auc,0.5015444312108872,"{""model__max_depth"": 8, ""model__min_samples_leaf"": 20, ""model__n_estimators"": 100}",0.49213449256657466,0.5015444312108872,all,2015-01-02,2017-05-16,2017-05-17,2388,2017-05-18,2019-10-02,2392,tuned,lag_1,random_forest,2
1,2,macro_auc,0.5122668765803307,"{""model__max_depth"": 8, ""model__min_samples_leaf"": 20, ""model__n_estimators"": 100}",0.5146386740581642,0.5122668765803307,all,2015-01-02,2019-10-01,2019-10-02,4780,2019-10-03,2022-02-15,2392,tuned,lag_1,random_forest,2
1,3,macro_auc,0.4936747298321401,"{""model__max_depth"": 8, ""model__min_samples_leaf"": 20, ""model__n_estimators"": 100}",0.4933281919261413,0.4936747298321401,all,2015-01-02,2022-02-14,2022-02-15,7172,2022-02-16,2024-07-10,2404,tuned,lag_1,random_forest,2
2,1,macro_auc,0.5045111210537163,"{""model__max_depth"": 8, ""model__max_features"": 0.5, ""model__min_samples_leaf"": 20, ""model__n_estimators"": 100}",0.4968403996759384,0.5045111210537163,all,2015-01-02,2017-05-16,2017-05-17,2388,2017-05-18,2019-10-02,2392,tuned,lag_1,random_forest,2
2,2,macro_auc,0.516284143216154,"{""model__max_depth"": 8, ""model__max_features"": 0.5, ""model__min_samples_leaf"": 20, ""model__n_estimators"": 100}",0.5182382088352732,0.516284143216154,all,2015-01-02,2019-10-01,2019-10-02,4780,2019-10-03,2022-02-15,2392,tuned,lag_1,random_forest,2
2,3,macro_auc,0.4924145814088545,"{""model__max_depth"": 8, ""model__max_features"": 0.5, ""model__min_samples_leaf"": 20, ""model__n_estimators"": 100}",0.4923392108124903,0.4924145814088545,all,2015-01-02,2022-02-14,2022-02-15,7172,2022-02-16,2024-07-10,2404,tuned,lag_1,random_forest,2
3,1,macro_auc,0.5037795641612925,"{""model__max_depth"": 8, ""model__max_features"": 1.0, ""model__min_samples_leaf"": 5, ""model__n_estimators"": 100}",0.49841581588813566,0.5037795641612925,3,2015-01-02,2017-05-16,2017-05-17,2388,2017-05-18,2019-10-02,2392,tuned,lag_1,random_forest,2
3,2,macro_auc,0.5045503160099548,"{""model__max_depth"": 8, ""model__max_features"": 1.0, ""model__min_samples_leaf"": 5, ""model__n_estimators"": 100}",0.504187430492474,0.5045503160099548,3,2016-10-03,2019-10-01,2019-10-02,3016,2019-10-03,2022-02-15,2392,tuned,lag_1,random_forest,2
3,3,macro_auc,0.4882690998932269,"{""model__max_depth"": 8, ""model__max_features"": 1.0, ""model__min_samples_leaf"": 5, ""model__n_estimators"": 100}",0.4869989902128321,0.4882690998932269,3,2019-02-19,2022-02-14,2022-02-15,3020,2022-02-16,2024-07-10,2404,tuned,lag_1,random_forest,2
4,1,macro_auc,0.5038903427468107,"{""model__max_depth"": 3, ""model__max_features"": 1.0, ""model__min_samples_leaf"": 20, ""model__n_estimators"": 100}",0.49390666044730314,0.5038903427468107,5,2015-01-02,2017-05-16,2017-05-17,2388,2017-05-18,2019-10-02,2392,tuned,lag_1,random_forest,2
4,2,macro_auc,0.5248718095251454,"{""model__max_depth"": 3, ""model__max_features"": 1.0, ""model__min_samples_leaf"": 20, ""model__n_estimators"": 100}",0.5264397431652701,0.5248718095251454,5,2015-01-02,2019-10-01,2019-10-02,4780,2019-10-03,2022-02-15,2392,tuned,lag_1,random_forest,2
4,3,macro_auc,0.4791175715759015,"{""model__max_depth"": 3, ""model__max_features"": 1.0, ""model__min_samples_leaf"": 20, ""model__n_estimators"": 100}",0.47698850396147274,0.4791175715759015,5,2017-02-16,2022-02-14,2022-02-15,5032,2022-02-16,2024-07-10,2404,tuned,lag_1,random_forest,2
5,1,macro_auc,0.5042758538180219,"{""model__max_depth"": 8, ""model__max_features"": 1.0, ""model__min_samples_leaf"": 20, ""model__n_estimators"": 200}",0.4962196323795028,0.5042758538180219,all,2015-01-02,2017-05-16,2017-05-17,2388,2017-05-18,2019-10-02,2392,tuned,lag_1,random_forest,2
5,2,macro_auc,0.5133885710445935,"{""model__max_depth"": 8, ""model__max_features"": 1.0, ""model__min_samples_leaf"": 20, ""model__n_estimators"": 200}",0.5155746379949007,0.5133885710445935,all,2015-01-02,2019-10-01,2019-10-02,4780,2019-10-03,2022-02-15,2392,tuned,lag_1,random_forest,2
5,3,macro_auc,0.49252530690994206,"{""model__max_depth"": 8, ""model__max_features"": 1.0, ""model__min_samples_leaf"": 20, ""model__n_estimators"": 200}",0.49212906966421804,0.49252530690994206,all,2015-01-02,2022-02-14,2022-02-15,7172,2022-02-16,2024-07-10,2404,tuned,lag_1,random_forest,2
6,1,macro_auc,0.5083165520614473,"{""model__max_depth"": 3, ""model__max_features"": 0.5, ""model__min_samples_leaf"": 40, ""model__n_estimators"": 200}",0.4958198161546798,0.5083165520614473,3,2015-01-02,2017-05-16,2017-05-17,2388,2017-05-18,2019-10-02,2392,tuned,lag_1,random_forest,2
6,2,macro_auc,0.5263390385976969,"{""model__max_depth"": 3, ""model__max_features"": 0.5, ""model__min_samples_leaf"": 40, ""model__n_estimators"": 200}",0.5265373720566304,0.5263390385976969,3,2016-10-03,2019-10-01,2019-10-02,3016,2019-10-03,2022-02-15,2392,tuned,lag_1,random_forest,2
6,3,macro_auc,0.4945671090735388,"{""model__max_depth"": 3, ""model__max_features"": 0.5, ""model__min_samples_leaf"": 40, ""model__n_estimators"": 200}",0.4929800372844493,0.4945671090735388,3,2019-02-19,2022-02-14,2022-02-15,3020,2022-02-16,2024-07-10,2404,tuned,lag_1,random_forest,2
7,1,macro_auc,0.5032099512352959,"{""model__max_depth"": 4, ""model__max_features"": 1.0, ""model__min_samples_leaf"": 5, ""model__n_estimators"": 200}",0.49451164552433796,0.5032099512352959,5,2015-01-02,2017-05-16,2017-05-17,2388,2017-05-18,2019-10-02,2392,tuned,lag_1,random_forest,2
7,2,macro_auc,0.5283788620882484,"{""model__max_depth"": 4, ""model__max_features"": 1.0, ""model__min_samples_leaf"": 5, ""model__n_estimators"": 200}",0.5299133508216392,0.5283788620882484,5,2015-01-02,2019-10-01,2019-10-02,4780,2019-10-03,2022-02-15,2392,tuned,lag_1,random_forest,2
7,3,macro_auc,0.4848052231388703,"{""model__max_depth"": 4, ""model__max_features"": 1.0, ""model__min_samples_leaf"": 5, ""model__n_estimators"": 200}",0.48207281009343306,0.4848052231388703,5,2017-02-16,2022-02-14,2022-02-15,5032,2022-02-16,2024-07-10,2404,tuned,lag_1,random_forest,2
8,1,macro_auc,0.5045499795761444,"{""model__max_depth"": 6, ""model__max_features"": 1.0, ""model__min_samples_leaf"": 10, ""model__n_estimators"": 200}",0.49798373379253746,0.5045499795761444,all,2015-01-02,2017-05-16,2017-05-17,2388,2017-05-18,2019-10-02,2392,tuned,lag_1,random_forest,2
8,2,macro_auc,0.5199868797594288,"{""model__max_depth"": 6, ""model__max_features"": 1.0, ""model__min_samples_leaf"": 10, ""model__n_estimators"": 200}",0.5209067318657872,0.5199868797594288,all,2015-01-02,2019-10-01,2019-10-02,4780,2019-10-03,2022-02-15,2392,tuned,lag_1,random_forest,2
8,3,macro_auc,0.4914186024257738,"{""model__max_depth"": 6, ""model__max_features"": 1.0, ""model__min_samples_leaf"": 10, ""model__n_estimators"": 200}",0.4908813999422979,0.4914186024257738,all,2015-01-02,2022-02-14,2022-02-15,7172,2022-02-16,2024-07-10,2404,tuned,lag_1,random_forest,2
9,1,macro_auc,0.509704056999821,"{""model__max_depth"": 4, ""model__max_features"": ""sqrt"", ""model__min_samples_leaf"": 10, ""model__n_estimators"": 200}",0.4988450922558403,0.509704056999821,3,2015-01-02,2017-05-16,2017-05-17,2388,2017-05-18,2019-10-02,2392,tuned,lag_1,random_forest,2
9,2,macro_auc,0.5081768366061771,"{""model__max_depth"": 4, ""model__max_features"": ""sqrt"", ""model__min_samples_leaf"": 10, ""model__n_estimators"": 200}",0.5097282238050365,0.5081768366061771,3,2016-10-03,2019-10-01,2019-10-02,3016,2019-10-03,2022-02-15,2392,tuned,lag_1,random_forest,2
9,3,macro_auc,0.49901920586569415,"{""model__max_depth"": 4, ""model__max_features"": ""sqrt"", ""model__min_samples_leaf"": 10, ""model__n_estimators"": 200}",0.49698450919905013,0.49901920586569415,3,2019-02-19,2022-02-14,2022-02-15,3020,2022-02-16,2024-07-10,2404,tuned,lag_1,random_forest,2
10,1,macro_auc,0.5081039353981012,"{""model__max_depth"": 6, ""model__max_features"": ""sqrt"", ""model__min_samples_leaf"": 40, ""model__n_estimators"": 100}",0.4975881261595547,0.5081039353981012,5,2015-01-02,2017-05-16,2017-05-17,2388,2017-05-18,2019-10-02,2392,tuned,lag_1,random_forest,2
10,2,macro_auc,0.5112860609758032,"{""model__max_depth"": 6, ""model__max_features"": ""sqrt"", ""model__min_samples_leaf"": 40, ""model__n_estimators"": 100}",0.5151296483379035,0.5112860609758032,5,2015-01-02,2019-10-01,2019-10-02,4780,2019-10-03,2022-02-15,2392,tuned,lag_1,random_forest,2
10,3,macro_auc,0.499421474348691,"{""model__max_depth"": 6, ""model__max_features"": ""sqrt"", ""model__min_samples_leaf"": 40, ""model__n_estimators"": 100}",0.4983535475709626,0.499421474348691,5,2017-02-16,2022-02-14,2022-02-15,5032,2022-02-16,2024-07-10,2404,tuned,lag_1,random_forest,2
11,1,macro_auc,0.5054386775619977,"{""model__max_depth"": 8, ""model__max_features"": 0.5, ""model__min_samples_leaf"": 10, ""model__n_estimators"": 200}",0.49749343284314923,0.5054386775619977,all,2015-01-02,2017-05-16,2017-05-17,2388,2017-05-18,2019-10-02,2392,tuned,lag_1,random_forest,2
11,2,macro_auc,0.5189146432884468,"{""model__max_depth"": 8, ""model__max_features"": 0.5, ""model__min_samples_leaf"": 10, ""model__n_estimators"": 200}",0.5197783399692681,0.5189146432884468,all,2015-01-02,2019-10-01,2019-10-02,4780,2019-10-03,2022-02-15,2392,tuned,lag_1,random_forest,2
11,3,macro_auc,0.5021466792839804,"{""model__max_depth"": 8, ""model__max_features"": 0.5, ""model__min_samples_leaf"": 10, ""model__n_estimators"": 200}",0.5005673117468208,0.5021466792839804,all,2015-01-02,2022-02-14,2022-02-15,7172,2022-02-16,2024-07-10,2404,tuned,lag_1,random_forest,2
12,1,macro_auc,0.5045111210537163,"{""model__max_depth"": 8, ""model__max_features"": 0.5, ""model__min_samples_leaf"": 20, ""model__n_estimators"": 100}",0.4968403996759384,0.5045111210537163,3,2015-01-02,2017-05-16,2017-05-17,2388,2017-05-18,2019-10-02,2392,tuned,lag_1,random_forest,2
12,2,macro_auc,0.5151579159445038,"{""model__max_depth"": 8, ""model__max_features"": 0.5, ""model__min_samples_leaf"": 20, ""model__n_estimators"": 100}",0.514475251783496,0.5151579159445038,3,2016-10-03,2019-10-01,2019-10-02,3016,2019-10-03,2022-02-15,2392,tuned,lag_1,random_forest,2
12,3,macro_auc,0.49926949998186987,"{""model__max_depth"": 8, ""model__max_features"": 0.5, ""model__min_samples_leaf"": 20, ""model__n_estimators"": 100}",0.49778484875385604,0.49926949998186987,3,2019-02-19,2022-02-14,2022-02-15,3020,2022-02-16,2024-07-10,2404,tuned,lag_1,random_forest,2
13,1,macro_auc,0.5076699814649532,"{""model__max_depth"": 8, ""model__max_features"": 1.0, ""model__min_samples_leaf"": 10, ""model__n_estimators"": 100}",0.5011857707509881,0.5076699814649532,5,2015-01-02,2017-05-16,2017-05-17,2388,2017-05-18,2019-10-02,2392,tuned,lag_1,random_forest,2
13,2,macro_auc,0.5168272288979087,"{""model__max_depth"": 8, ""model__max_features"": 1.0, ""model__min_samples_leaf"": 10, ""model__n_estimators"": 100}",0.5177175214146851,0.5168272288979087,5,2015-01-02,2019-10-01,2019-10-02,4780,2019-10-03,2022-02-15,2392,tuned,lag_1,random_forest,2
13,3,macro_auc,0.488463920682773,"{""model__max_depth"": 8, ""model__max_features"": 1.0, ""model__min_samples_leaf"": 10, ""model__n_estimators"": 100}",0.48759473690050825,0.488463920682773,5,2017-02-16,2022-02-14,2022-02-15,5032,2022-02-16,2024-07-10,2404,tuned,lag_1,random_forest,2
14,1,macro_auc,0.5060775804962754,"{""model__max_depth"": 8, ""model__max_features"": ""sqrt"", ""model__min_samples_leaf"": 40, ""model__n_estimators"": 200}",0.49661594144445886,0.5060775804962754,all,2015-01-02,2017-05-16,2017-05-17,2388,2017-05-18,2019-10-02,2392,tuned,lag_1,random_forest,2
14,2,macro_auc,0.5144858660210051,"{""model__max_depth"": 8, ""model__max_features"": ""sqrt"", ""model__min_samples_leaf"": 40, ""model__n_estimators"": 200}",0.516255917867219,0.5144858660210051,all,2015-01-02,2019-10-01,2019-10-02,4780,2019-10-03,2022-02-15,2392,tuned,lag_1,random_forest,2
14,3,macro_auc,0.4997634511369059,"{""model__max_depth"": 8, ""model__max_features"": ""sqrt"", ""model__min_samples_leaf"": 40, ""model__n_estimators"": 200}",0.4999355012317184,0.4997634511369059,all,2015-01-02,2022-02-14,2022-02-15,7172,2022-02-16,2024-07-10,2404,tuned,lag_1,random_forest,2
15,1,macro_auc,0.5078901374558686,"{""model__max_depth"": 4, ""model__max_features"": ""sqrt"", ""model__min_samples_leaf"": 10, ""model__n_estimators"": 100}",0.4954666451560862,0.5078901374558686,3,2015-01-02,2017-05-16,2017-05-17,2388,2017-05-18,2019-10-02,2392,tuned,lag_1,random_forest,2
15,2,macro_auc,0.5108291342446886,"{""model__max_depth"": 4, ""model__max_features"": ""sqrt"", ""model__min_samples_leaf"": 10, ""model__n_estimators"": 100}",0.5118456388183791,0.5108291342446886,3,2016-10-03,2019-10-01,2019-10-02,3016,2019-10-03,2022-02-15,2392,tuned,lag_1,random_forest,2
15,3,macro_auc,0.5012725107595977,"{""model__max_depth"": 4, ""model__max_features"": ""sqrt"", ""model__min_samples_leaf"": 10, ""model__n_estimators"": 100}",0.4999708715240019,0.5012725107595977,3,2019-02-19,2022-02-14,2022-02-15,3020,2022-02-16,2024-07-10,2404,tuned,lag_1,random_forest,2
16,1,macro_auc,0.5019772157465291,"{""model__max_depth"": 3, ""model__max_features"": 1.0, ""model__min_samples_leaf"": 20, ""model__n_estimators"": 200}",0.49104727300784545,0.5019772157465291,5,2015-01-02,2017-05-16,2017-05-17,2388,2017-05-18,2019-10-02,2392,tuned,lag_1,random_forest,2
16,2,macro_auc,0.5229828368465164,"{""model__max_depth"": 3, ""model__max_features"": 1.0, ""model__min_samples_leaf"": 20, ""model__n_estimators"": 200}",0.5252908350524508,0.5229828368465164,5,2015-01-02,2019-10-01,2019-10-02,4780,2019-10-03,2022-02-15,2392,tuned,lag_1,random_forest,2
16,3,macro_auc,0.47927687682923903,"{""model__max_depth"": 3, ""model__max_features"": 1.0, ""model__min_samples_leaf"": 20, ""model__n_estimators"": 200}",0.4776757972880002,0.47927687682923903,5,2017-02-16,2022-02-14,2022-02-15,5032,2022-02-16,2024-07-10,2404,tuned,lag_1,random_forest,2
17,1,macro_auc,0.5109112152651815,"{""model__max_depth"": 4, ""model__max_features"": 0.5, ""model__min_samples_leaf"": 40, ""model__n_estimators"": 100}",0.49942657936176704,0.5109112152651815,all,2015-01-02,2017-05-16,2017-05-17,2388,2017-05-18,2019-10-02,2392,tuned,lag_1,random_forest,2
17,2,macro_auc,0.520136577011027,"{""model__max_depth"": 4, ""model__max_features"": 0.5, ""model__min_samples_leaf"": 40, ""model__n_estimators"": 100}",0.5214267118306407,0.520136577011027,all,2015-01-02,2019-10-01,2019-10-02,4780,2019-10-03,2022-02-15,2392,tuned,lag_1,random_forest,2
17,3,macro_auc,0.48498950610636715,"{""model__max_depth"": 4, ""model__max_features"": 0.5, ""model__min_samples_leaf"": 40, ""model__n_estimators"": 100}",0.48467356687898083,0.48498950610636715,all,2015-01-02,2022-02-14,2022-02-15,7172,2022-02-16,2024-07-10,2404,tuned,lag_1,random_forest,2
18,1,macro_auc,0.5148009339639661,"{""model__max_depth"": 4, ""model__max_features"": ""sqrt"", ""model__min_samples_leaf"": 40, ""model__n_estimators"": 100}",0.5027590826672652,0.5148009339639661,3,2015-01-02,2017-05-16,2017-05-17,2388,2017-05-18,2019-10-02,2392,tuned,lag_1,random_forest,2
18,2,macro_auc,0.5162276986505957,"{""model__max_depth"": 4, ""model__max_features"": ""sqrt"", ""model__min_samples_leaf"": 40, ""model__n_estimators"": 100}",0.5165735654920072,0.5162276986505957,3,2016-10-03,2019-10-01,2019-10-02,3016,2019-10-03,2022-02-15,2392,tuned,lag_1,random_forest,2
18,3,macro_auc,0.5010262059106739,"{""model__max_depth"": 4, ""model__max_features"": ""sqrt"", ""model__min_samples_leaf"": 40, ""model__n_estimators"": 100}",0.49908106593577306,0.5010262059106739,3,2019-02-19,2022-02-14,2022-02-15,3020,2022-02-16,2024-07-10,2404,tuned,lag_1,random_forest,2
19,1,macro_auc,0.5049657265027864,"{""model__max_depth"": 3, ""model__max_features"": 0.5, ""model__min_samples_leaf"": 20, ""model__n_estimators"": 100}",0.4937228852702793,0.5049657265027864,5,2015-01-02,2017-05-16,2017-05-17,2388,2017-05-18,2019-10-02,2392,tuned,lag_1,random_forest,2
19,2,macro_auc,0.520736724721161,"{""model__max_depth"": 3, ""model__max_features"": 0.5, ""model__min_samples_leaf"": 20, ""model__n_estimators"": 100}",0.5222547887678668,0.520736724721161,5,2015-01-02,2019-10-01,2019-10-02,4780,2019-10-03,2022-02-15,2392,tuned,lag_1,random_forest,2
19,3,macro_auc,0.486896289521189,"{""model__max_depth"": 3, ""model__max_features"": 0.5, ""model__min_samples_leaf"": 20, ""model__n_estimators"": 100}",0.48389264630817375,0.486896289521189,5,2017-02-16,2022-02-14,2022-02-15,5032,2022-02-16,2024-07-10,2404,tuned,lag_1,random_forest,2
0,1,macro_auc,0.49912967877298053,"{""model__early_stopping"": false, ""model__max_iter"": 100, ""model__max_leaf_nodes"": 7}",0.4936345048416342,0.49912967877298053,all,2015-01-02,2017-05-16,2017-05-17,2388,2017-05-18,2019-10-02,2392,tuned,lag_1,hist_gradient_boosting,2
0,2,macro_auc,0.5186680076359911,"{""model__early_stopping"": false, ""model__max_iter"": 100, ""model__max_leaf_nodes"": 7}",0.5184950152668948,0.5186680076359911,all,2015-01-02,2019-10-01,2019-10-02,4780,2019-10-03,2022-02-15,2392,tuned,lag_1,hist_gradient_boosting,2
0,3,macro_auc,0.4907010021307766,"{""model__early_stopping"": false, ""model__max_iter"": 100, ""model__max_leaf_nodes"": 7}",0.4905048103597505,0.4907010021307766,all,2015-01-02,2022-02-14,2022-02-15,7172,2022-02-16,2024-07-10,2404,tuned,lag_1,hist_gradient_boosting,2
1,1,macro_auc,0.49825533228914787,"{""model__early_stopping"": false, ""model__max_iter"": 100, ""model__max_leaf_nodes"": 15}",0.49242488540355134,0.49825533228914787,all,2015-01-02,2017-05-16,2017-05-17,2388,2017-05-18,2019-10-02,2392,tuned,lag_1,hist_gradient_boosting,2
1,2,macro_auc,0.5088814025874276,"{""model__early_stopping"": false, ""model__max_iter"": 100, ""model__max_leaf_nodes"": 15}",0.5088431966811837,0.5088814025874276,all,2015-01-02,2019-10-01,2019-10-02,4780,2019-10-03,2022-02-15,2392,tuned,lag_1,hist_gradient_boosting,2
1,3,macro_auc,0.4943599377606948,"{""model__early_stopping"": false, ""model__max_iter"": 100, ""model__max_leaf_nodes"": 15}",0.494410800284072,0.4943599377606948,all,2015-01-02,2022-02-14,2022-02-15,7172,2022-02-16,2024-07-10,2404,tuned,lag_1,hist_gradient_boosting,2
2,1,macro_auc,0.5031626069392816,"{""model__early_stopping"": false, ""model__l2_regularization"": 1.0, ""model__learning_rate"": 0.05, ""model__max_iter"": 100, ""model__max_leaf_nodes"": 31, ""model__min_samples_leaf"": 20}",0.4972184715095868,0.5031626069392816,all,2015-01-02,2017-05-16,2017-05-17,2388,2017-05-18,2019-10-02,2392,tuned,lag_1,hist_gradient_boosting,2
2,2,macro_auc,0.5169604443790516,"{""model__early_stopping"": false, ""model__l2_regularization"": 1.0, ""model__learning_rate"": 0.05, ""model__max_iter"": 100, ""model__max_leaf_nodes"": 31, ""model__min_samples_leaf"": 20}",0.516936490283803,0.5169604443790516,all,2015-01-02,2019-10-01,2019-10-02,4780,2019-10-03,2022-02-15,2392,tuned,lag_1,hist_gradient_boosting,2
2,3,macro_auc,0.484416325122757,"{""model__early_stopping"": false, ""model__l2_regularization"": 1.0, ""model__learning_rate"": 0.05, ""model__max_iter"": 100, ""model__max_leaf_nodes"": 31, ""model__min_samples_leaf"": 20}",0.48480741916154374,0.484416325122757,all,2015-01-02,2022-02-14,2022-02-15,7172,2022-02-16,2024-07-10,2404,tuned,lag_1,hist_gradient_boosting,2
3,1,macro_auc,0.5035026016887794,"{""model__early_stopping"": false, ""model__l2_regularization"": 0.0, ""model__learning_rate"": 0.1, ""model__max_iter"": 200, ""model__max_leaf_nodes"": 3, ""model__min_samples_leaf"": 10}",0.49593625386225987,0.5035026016887794,3,2015-01-02,2017-05-16,2017-05-17,2388,2017-05-18,2019-10-02,2392,tuned,lag_1,hist_gradient_boosting,2
3,2,macro_auc,0.507988275883172,"{""model__early_stopping"": false, ""model__l2_regularization"": 0.0, ""model__learning_rate"": 0.1, ""model__max_iter"": 200, ""model__max_leaf_nodes"": 3, ""model__min_samples_leaf"": 10}",0.508170052549812,0.507988275883172,3,2016-10-03,2019-10-01,2019-10-02,3016,2019-10-03,2022-02-15,2392,tuned,lag_1,hist_gradient_boosting,2
3,3,macro_auc,0.4911384295436123,"{""model__early_stopping"": false, ""model__l2_regularization"": 0.0, ""model__learning_rate"": 0.1, ""model__max_iter"": 200, ""model__max_leaf_nodes"": 3, ""model__min_samples_leaf"": 10}",0.4900748185712067,0.4911384295436123,3,2019-02-19,2022-02-14,2022-02-15,3020,2022-02-16,2024-07-10,2404,tuned,lag_1,hist_gradient_boosting,2
4,1,macro_auc,0.5055931071227763,"{""model__early_stopping"": false, ""model__l2_regularization"": 10.0, ""model__learning_rate"": 0.1, ""model__max_iter"": 200, ""model__max_leaf_nodes"": 31, ""model__min_samples_leaf"": 80}",0.49878056051428993,0.5055931071227763,5,2015-01-02,2017-05-16,2017-05-17,2388,2017-05-18,2019-10-02,2392,tuned,lag_1,hist_gradient_boosting,2
4,2,macro_auc,0.5102605756851486,"{""model__early_stopping"": false, ""model__l2_regularization"": 10.0, ""model__learning_rate"": 0.1, ""model__max_iter"": 200, ""model__max_leaf_nodes"": 31, ""model__min_samples_leaf"": 80}",0.5075075202544577,0.5102605756851486,5,2015-01-02,2019-10-01,2019-10-02,4780,2019-10-03,2022-02-15,2392,tuned,lag_1,hist_gradient_boosting,2
4,3,macro_auc,0.49739414588346065,"{""model__early_stopping"": false, ""model__l2_regularization"": 10.0, ""model__learning_rate"": 0.1, ""model__max_iter"": 200, ""model__max_leaf_nodes"": 31, ""model__min_samples_leaf"": 80}",0.4968929625601989,0.49739414588346065,5,2017-02-16,2022-02-14,2022-02-15,5032,2022-02-16,2024-07-10,2404,tuned,lag_1,hist_gradient_boosting,2
5,1,macro_auc,0.5097141068721802,"{""model__early_stopping"": false, ""model__l2_regularization"": 1.0, ""model__learning_rate"": 0.025, ""model__max_iter"": 200, ""model__max_leaf_nodes"": 15, ""model__min_samples_leaf"": 80}",0.5017370962820598,0.5097141068721802,all,2015-01-02,2017-05-16,2017-05-17,2388,2017-05-18,2019-10-02,2392,tuned,lag_1,hist_gradient_boosting,2
5,2,macro_auc,0.5328567029017104,"{""model__early_stopping"": false, ""model__l2_regularization"": 1.0, ""model__learning_rate"": 0.025, ""model__max_iter"": 200, ""model__max_leaf_nodes"": 15, ""model__min_samples_leaf"": 80}",0.533381298832132,0.5328567029017104,all,2015-01-02,2019-10-01,2019-10-02,4780,2019-10-03,2022-02-15,2392,tuned,lag_1,hist_gradient_boosting,2
5,3,macro_auc,0.48980878255165045,"{""model__early_stopping"": false, ""model__l2_regularization"": 1.0, ""model__learning_rate"": 0.025, ""model__max_iter"": 200, ""model__max_leaf_nodes"": 15, ""model__min_samples_leaf"": 80}",0.49051521338689275,0.48980878255165045,all,2015-01-02,2022-02-14,2022-02-15,7172,2022-02-16,2024-07-10,2404,tuned,lag_1,hist_gradient_boosting,2
6,1,macro_auc,0.502963216427048,"{""model__early_stopping"": false, ""model__l2_regularization"": 10.0, ""model__learning_rate"": 0.025, ""model__max_iter"": 200, ""model__max_leaf_nodes"": 7, ""model__min_samples_leaf"": 80}",0.4940557147416451,0.502963216427048,3,2015-01-02,2017-05-16,2017-05-17,2388,2017-05-18,2019-10-02,2392,tuned,lag_1,hist_gradient_boosting,2
6,2,macro_auc,0.512655645511717,"{""model__early_stopping"": false, ""model__l2_regularization"": 10.0, ""model__learning_rate"": 0.025, ""model__max_iter"": 200, ""model__max_leaf_nodes"": 7, ""model__min_samples_leaf"": 80}",0.5105962719912616,0.512655645511717,3,2016-10-03,2019-10-01,2019-10-02,3016,2019-10-03,2022-02-15,2392,tuned,lag_1,hist_gradient_boosting,2
6,3,macro_auc,0.49102459357783984,"{""model__early_stopping"": false, ""model__l2_regularization"": 10.0, ""model__learning_rate"": 0.025, ""model__max_iter"": 200, ""model__max_leaf_nodes"": 7, ""model__min_samples_leaf"": 80}",0.49047672218646665,0.49102459357783984,3,2019-02-19,2022-02-14,2022-02-15,3020,2022-02-16,2024-07-10,2404,tuned,lag_1,hist_gradient_boosting,2
7,1,macro_auc,0.5059905501305376,"{""model__early_stopping"": false, ""model__l2_regularization"": 1.0, ""model__learning_rate"": 0.1, ""model__max_iter"": 200, ""model__max_leaf_nodes"": 7, ""model__min_samples_leaf"": 40}",0.5006849483219994,0.5059905501305376,5,2015-01-02,2017-05-16,2017-05-17,2388,2017-05-18,2019-10-02,2392,tuned,lag_1,hist_gradient_boosting,2
7,2,macro_auc,0.5168628199779419,"{""model__early_stopping"": false, ""model__l2_regularization"": 1.0, ""model__learning_rate"": 0.1, ""model__max_iter"": 200, ""model__max_leaf_nodes"": 7, ""model__min_samples_leaf"": 40}",0.5161158416317891,0.5168628199779419,5,2015-01-02,2019-10-01,2019-10-02,4780,2019-10-03,2022-02-15,2392,tuned,lag_1,hist_gradient_boosting,2
7,3,macro_auc,0.4889015899639696,"{""model__early_stopping"": false, ""model__l2_regularization"": 1.0, ""model__learning_rate"": 0.1, ""model__max_iter"": 200, ""model__max_leaf_nodes"": 7, ""model__min_samples_leaf"": 40}",0.4886572327392973,0.4889015899639696,5,2017-02-16,2022-02-14,2022-02-15,5032,2022-02-16,2024-07-10,2404,tuned,lag_1,hist_gradient_boosting,2
8,1,macro_auc,0.5137312682905308,"{""model__early_stopping"": false, ""model__l2_regularization"": 10.0, ""model__learning_rate"": 0.025, ""model__max_iter"": 100, ""model__max_leaf_nodes"": 3, ""model__min_samples_leaf"": 40}",0.5027689027148925,0.5137312682905308,all,2015-01-02,2017-05-16,2017-05-17,2388,2017-05-18,2019-10-02,2392,tuned,lag_1,hist_gradient_boosting,2
8,2,macro_auc,0.5377967719230459,"{""model__early_stopping"": false, ""model__l2_regularization"": 10.0, ""model__learning_rate"": 0.025, ""model__max_iter"": 100, ""model__max_leaf_nodes"": 3, ""model__min_samples_leaf"": 40}",0.5384070643699823,0.5377967719230459,all,2015-01-02,2019-10-01,2019-10-02,4780,2019-10-03,2022-02-15,2392,tuned,lag_1,hist_gradient_boosting,2
8,3,macro_auc,0.4853186176194239,"{""model__early_stopping"": false, ""model__l2_regularization"": 10.0, ""model__learning_rate"": 0.025, ""model__max_iter"": 100, ""model__max_leaf_nodes"": 3, ""model__min_samples_leaf"": 40}",0.48331562506935355,0.4853186176194239,all,2015-01-02,2022-02-14,2022-02-15,7172,2022-02-16,2024-07-10,2404,tuned,lag_1,hist_gradient_boosting,2
9,1,macro_auc,0.517262493094347,"{""model__early_stopping"": false, ""model__l2_regularization"": 1.0, ""model__learning_rate"": 0.1, ""model__max_iter"": 100, ""model__max_leaf_nodes"": 31, ""model__min_samples_leaf"": 20}",0.5108606219597307,0.517262493094347,3,2015-01-02,2017-05-16,2017-05-17,2388,2017-05-18,2019-10-02,2392,tuned,lag_1,hist_gradient_boosting,2
9,2,macro_auc,0.513329662044632,"{""model__early_stopping"": false, ""model__l2_regularization"": 1.0, ""model__learning_rate"": 0.1, ""model__max_iter"": 100, ""model__max_leaf_nodes"": 31, ""model__min_samples_leaf"": 20}",0.5129662487018187,0.513329662044632,3,2016-10-03,2019-10-01,2019-10-02,3016,2019-10-03,2022-02-15,2392,tuned,lag_1,hist_gradient_boosting,2
9,3,macro_auc,0.4787567731962855,"{""model__early_stopping"": false, ""model__l2_regularization"": 1.0, ""model__learning_rate"": 0.1, ""model__max_iter"": 100, ""model__max_leaf_nodes"": 31, ""model__min_samples_leaf"": 20}",0.47854757096251577,0.4787567731962855,3,2019-02-19,2022-02-14,2022-02-15,3020,2022-02-16,2024-07-10,2404,tuned,lag_1,hist_gradient_boosting,2
10,1,macro_auc,0.5164465760624187,"{""model__early_stopping"": false, ""model__l2_regularization"": 0.0, ""model__learning_rate"": 0.1, ""model__max_iter"": 100, ""model__max_leaf_nodes"": 31, ""model__min_samples_leaf"": 20}",0.5102777319898573,0.5164465760624187,5,2015-01-02,2017-05-16,2017-05-17,2388,2017-05-18,2019-10-02,2392,tuned,lag_1,hist_gradient_boosting,2
10,2,macro_auc,0.5010293804837724,"{""model__early_stopping"": false, ""model__l2_regularization"": 0.0, ""model__learning_rate"": 0.1, ""model__max_iter"": 100, ""model__max_leaf_nodes"": 31, ""model__min_samples_leaf"": 20}",0.49954086122831287,0.5010293804837724,5,2015-01-02,2019-10-01,2019-10-02,4780,2019-10-03,2022-02-15,2392,tuned,lag_1,hist_gradient_boosting,2
10,3,macro_auc,0.491319695131576,"{""model__early_stopping"": false, ""model__l2_regularization"": 0.0, ""model__learning_rate"": 0.1, ""model__max_iter"": 100, ""model__max_leaf_nodes"": 31, ""model__min_samples_leaf"": 20}",0.49216305288621587,0.491319695131576,5,2017-02-16,2022-02-14,2022-02-15,5032,2022-02-16,2024-07-10,2404,tuned,lag_1,hist_gradient_boosting,2
11,1,macro_auc,0.506767788345961,"{""model__early_stopping"": false, ""model__l2_regularization"": 10.0, ""model__learning_rate"": 0.1, ""model__max_iter"": 200, ""model__max_leaf_nodes"": 7, ""model__min_samples_leaf"": 40}",0.4990790198189604,0.506767788345961,all,2015-01-02,2017-05-16,2017-05-17,2388,2017-05-18,2019-10-02,2392,tuned,lag_1,hist_gradient_boosting,2
11,2,macro_auc,0.5128631170016338,"{""model__early_stopping"": false, ""model__l2_regularization"": 10.0, ""model__learning_rate"": 0.1, ""model__max_iter"": 200, ""model__max_leaf_nodes"": 7, ""model__min_samples_leaf"": 40}",0.5126486010770306,0.5128631170016338,all,2015-01-02,2019-10-01,2019-10-02,4780,2019-10-03,2022-02-15,2392,tuned,lag_1,hist_gradient_boosting,2
11,3,macro_auc,0.48815359356847376,"{""model__early_stopping"": false, ""model__l2_regularization"": 10.0, ""model__learning_rate"": 0.1, ""model__max_iter"": 200, ""model__max_leaf_nodes"": 7, ""model__min_samples_leaf"": 40}",0.4886711034421537,0.48815359356847376,all,2015-01-02,2022-02-14,2022-02-15,7172,2022-02-16,2024-07-10,2404,tuned,lag_1,hist_gradient_boosting,2
12,1,macro_auc,0.5042279449940151,"{""model__early_stopping"": false, ""model__l2_regularization"": 1.0, ""model__learning_rate"": 0.05, ""model__max_iter"": 200, ""model__max_leaf_nodes"": 3, ""model__min_samples_leaf"": 20}",0.4950819097186907,0.5042279449940151,3,2015-01-02,2017-05-16,2017-05-17,2388,2017-05-18,2019-10-02,2392,tuned,lag_1,hist_gradient_boosting,2
12,2,macro_auc,0.5069411532160788,"{""model__early_stopping"": false, ""model__l2_regularization"": 1.0, ""model__learning_rate"": 0.05, ""model__max_iter"": 200, ""model__max_leaf_nodes"": 3, ""model__min_samples_leaf"": 20}",0.507575082277102,0.5069411532160788,3,2016-10-03,2019-10-01,2019-10-02,3016,2019-10-03,2022-02-15,2392,tuned,lag_1,hist_gradient_boosting,2
12,3,macro_auc,0.489312308497417,"{""model__early_stopping"": false, ""model__l2_regularization"": 1.0, ""model__learning_rate"": 0.05, ""model__max_iter"": 200, ""model__max_leaf_nodes"": 3, ""model__min_samples_leaf"": 20}",0.4885875324574447,0.489312308497417,3,2019-02-19,2022-02-14,2022-02-15,3020,2022-02-16,2024-07-10,2404,tuned,lag_1,hist_gradient_boosting,2
13,1,macro_auc,0.5140768410967865,"{""model__early_stopping"": false, ""model__l2_regularization"": 10.0, ""model__learning_rate"": 0.025, ""model__max_iter"": 100, ""model__max_leaf_nodes"": 15, ""model__min_samples_leaf"": 40}",0.508173786785723,0.5140768410967865,5,2015-01-02,2017-05-16,2017-05-17,2388,2017-05-18,2019-10-02,2392,tuned,lag_1,hist_gradient_boosting,2
13,2,macro_auc,0.5262142460091026,"{""model__early_stopping"": false, ""model__l2_regularization"": 10.0, ""model__learning_rate"": 0.025, ""model__max_iter"": 100, ""model__max_leaf_nodes"": 15, ""model__min_samples_leaf"": 40}",0.5273484700562285,0.5262142460091026,5,2015-01-02,2019-10-01,2019-10-02,4780,2019-10-03,2022-02-15,2392,tuned,lag_1,hist_gradient_boosting,2
13,3,macro_auc,0.48515181503995886,"{""model__early_stopping"": false, ""model__l2_regularization"": 10.0, ""model__learning_rate"": 0.025, ""model__max_iter"": 100, ""model__max_leaf_nodes"": 15, ""model__min_samples_leaf"": 40}",0.48489688519496665,0.48515181503995886,5,2017-02-16,2022-02-14,2022-02-15,5032,2022-02-16,2024-07-10,2404,tuned,lag_1,hist_gradient_boosting,2
14,1,macro_auc,0.5074000449471846,"{""model__early_stopping"": false, ""model__l2_regularization"": 1.0, ""model__learning_rate"": 0.05, ""model__max_iter"": 200, ""model__max_leaf_nodes"": 15, ""model__min_samples_leaf"": 80}",0.49965173902522,0.5074000449471846,all,2015-01-02,2017-05-16,2017-05-17,2388,2017-05-18,2019-10-02,2392,tuned,lag_1,hist_gradient_boosting,2
14,2,macro_auc,0.5250105049294237,"{""model__early_stopping"": false, ""model__l2_regularization"": 1.0, ""model__learning_rate"": 0.05, ""model__max_iter"": 200, ""model__max_leaf_nodes"": 15, ""model__min_samples_leaf"": 80}",0.5238016407313395,0.5250105049294237,all,2015-01-02,2019-10-01,2019-10-02,4780,2019-10-03,2022-02-15,2392,tuned,lag_1,hist_gradient_boosting,2
14,3,macro_auc,0.495815607065624,"{""model__early_stopping"": false, ""model__l2_regularization"": 1.0, ""model__learning_rate"": 0.05, ""model__max_iter"": 200, ""model__max_leaf_nodes"": 15, ""model__min_samples_leaf"": 80}",0.4959046749816907,0.495815607065624,all,2015-01-02,2022-02-14,2022-02-15,7172,2022-02-16,2024-07-10,2404,tuned,lag_1,hist_gradient_boosting,2
15,1,macro_auc,0.5098183279183087,"{""model__early_stopping"": false, ""model__l2_regularization"": 1.0, ""model__learning_rate"": 0.05, ""model__max_iter"": 100, ""model__max_leaf_nodes"": 31, ""model__min_samples_leaf"": 10}",0.5045358098558207,0.5098183279183087,3,2015-01-02,2017-05-16,2017-05-17,2388,2017-05-18,2019-10-02,2392,tuned,lag_1,hist_gradient_boosting,2
15,2,macro_auc,0.51297311511795,"{""model__early_stopping"": false, ""model__l2_regularization"": 1.0, ""model__learning_rate"": 0.05, ""model__max_iter"": 100, ""model__max_leaf_nodes"": 31, ""model__min_samples_leaf"": 10}",0.5131402828125045,0.51297311511795,3,2016-10-03,2019-10-01,2019-10-02,3016,2019-10-03,2022-02-15,2392,tuned,lag_1,hist_gradient_boosting,2
15,3,macro_auc,0.49648053645311474,"{""model__early_stopping"": false, ""model__l2_regularization"": 1.0, ""model__learning_rate"": 0.05, ""model__max_iter"": 100, ""model__max_leaf_nodes"": 31, ""model__min_samples_leaf"": 10}",0.49612383208681954,0.49648053645311474,3,2019-02-19,2022-02-14,2022-02-15,3020,2022-02-16,2024-07-10,2404,tuned,lag_1,hist_gradient_boosting,2
16,1,macro_auc,0.509345689641503,"{""model__early_stopping"": false, ""model__l2_regularization"": 10.0, ""model__learning_rate"": 0.05, ""model__max_iter"": 200, ""model__max_leaf_nodes"": 3, ""model__min_samples_leaf"": 10}",0.5010405743324998,0.509345689641503,5,2015-01-02,2017-05-16,2017-05-17,2388,2017-05-18,2019-10-02,2392,tuned,lag_1,hist_gradient_boosting,2
16,2,macro_auc,0.5329828963120851,"{""model__early_stopping"": false, ""model__l2_regularization"": 10.0, ""model__learning_rate"": 0.05, ""model__max_iter"": 200, ""model__max_leaf_nodes"": 3, ""model__min_samples_leaf"": 10}",0.534030389468531,0.5329828963120851,5,2015-01-02,2019-10-01,2019-10-02,4780,2019-10-03,2022-02-15,2392,tuned,lag_1,hist_gradient_boosting,2
16,3,macro_auc,0.4840584336499961,"{""model__early_stopping"": false, ""model__l2_regularization"": 10.0, ""model__learning_rate"": 0.05, ""model__max_iter"": 200, ""model__max_leaf_nodes"": 3, ""model__min_samples_leaf"": 10}",0.48282737632881334,0.4840584336499961,5,2017-02-16,2022-02-14,2022-02-15,5032,2022-02-16,2024-07-10,2404,tuned,lag_1,hist_gradient_boosting,2
17,1,macro_auc,0.5066093532039734,"{""model__early_stopping"": false, ""model__l2_regularization"": 10.0, ""model__learning_rate"": 0.025, ""model__max_iter"": 100, ""model__max_leaf_nodes"": 7, ""model__min_samples_leaf"": 40}",0.4970175112492153,0.5066093532039734,all,2015-01-02,2017-05-16,2017-05-17,2388,2017-05-18,2019-10-02,2392,tuned,lag_1,hist_gradient_boosting,2
17,2,macro_auc,0.5340500871132585,"{""model__early_stopping"": false, ""model__l2_regularization"": 10.0, ""model__learning_rate"": 0.025, ""model__max_iter"": 100, ""model__max_leaf_nodes"": 7, ""model__min_samples_leaf"": 40}",0.5353773851870088,0.5340500871132585,all,2015-01-02,2019-10-01,2019-10-02,4780,2019-10-03,2022-02-15,2392,tuned,lag_1,hist_gradient_boosting,2
17,3,macro_auc,0.4882898096338707,"{""model__early_stopping"": false, ""model__l2_regularization"": 10.0, ""model__learning_rate"": 0.025, ""model__max_iter"": 100, ""model__max_leaf_nodes"": 7, ""model__min_samples_leaf"": 40}",0.4876914850529306,0.4882898096338707,all,2015-01-02,2022-02-14,2022-02-15,7172,2022-02-16,2024-07-10,2404,tuned,lag_1,hist_gradient_boosting,2
18,1,macro_auc,0.49557493610413206,"{""model__early_stopping"": false, ""model__l2_regularization"": 1.0, ""model__learning_rate"": 0.025, ""model__max_iter"": 200, ""model__max_leaf_nodes"": 7, ""model__min_samples_leaf"": 80}",0.48774247626529554,0.49557493610413206,3,2015-01-02,2017-05-16,2017-05-17,2388,2017-05-18,2019-10-02,2392,tuned,lag_1,hist_gradient_boosting,2
18,2,macro_auc,0.5068180836515741,"{""model__early_stopping"": false, ""model__l2_regularization"": 1.0, ""model__learning_rate"": 0.025, ""model__max_iter"": 200, ""model__max_leaf_nodes"": 7, ""model__min_samples_leaf"": 80}",0.5060763373035749,0.5068180836515741,3,2016-10-03,2019-10-01,2019-10-02,3016,2019-10-03,2022-02-15,2392,tuned,lag_1,hist_gradient_boosting,2
18,3,macro_auc,0.48722608870647466,"{""model__early_stopping"": false, ""model__l2_regularization"": 1.0, ""model__learning_rate"": 0.025, ""model__max_iter"": 200, ""model__max_leaf_nodes"": 7, ""model__min_samples_leaf"": 80}",0.486225004993453,0.48722608870647466,3,2019-02-19,2022-02-14,2022-02-15,3020,2022-02-16,2024-07-10,2404,tuned,lag_1,hist_gradient_boosting,2
19,1,macro_auc,0.5116641200846004,"{""model__early_stopping"": false, ""model__l2_regularization"": 10.0, ""model__learning_rate"": 0.025, ""model__max_iter"": 200, ""model__max_leaf_nodes"": 3, ""model__min_samples_leaf"": 80}",0.5008480312558088,0.5116641200846004,5,2015-01-02,2017-05-16,2017-05-17,2388,2017-05-18,2019-10-02,2392,tuned,lag_1,hist_gradient_boosting,2
19,2,macro_auc,0.5355100371093469,"{""model__early_stopping"": false, ""model__l2_regularization"": 10.0, ""model__learning_rate"": 0.025, ""model__max_iter"": 200, ""model__max_leaf_nodes"": 3, ""model__min_samples_leaf"": 80}",0.536424419674061,0.5355100371093469,5,2015-01-02,2019-10-01,2019-10-02,4780,2019-10-03,2022-02-15,2392,tuned,lag_1,hist_gradient_boosting,2
19,3,macro_auc,0.48226524951409144,"{""model__early_stopping"": false, ""model__l2_regularization"": 10.0, ""model__learning_rate"": 0.025, ""model__max_iter"": 200, ""model__max_leaf_nodes"": 3, ""model__min_samples_leaf"": 80}",0.48066909496438,0.48226524951409144,5,2017-02-16,2022-02-14,2022-02-15,5032,2022-02-16,2024-07-10,2404,tuned,lag_1,hist_gradient_boosting,2
0,1,macro_auc,0.5162157148249105,"{""model__C"": 0.1}",0.4969155289817759,0.5162157148249105,all,2015-01-02,2017-07-21,2017-07-24,2572,2017-07-25,2020-02-13,2576,tuned,base,logistic_regression,3
0,2,macro_auc,0.5267947938082885,"{""model__C"": 0.1}",0.5269881965944272,0.5267947938082885,all,2015-01-02,2020-02-12,2020-02-13,5148,2020-02-14,2022-09-02,2576,tuned,base,logistic_regression,3
0,3,macro_auc,0.4895039024886414,"{""model__C"": 0.1}",0.491957932139021,0.4895039024886414,all,2015-01-02,2022-09-01,2022-09-02,7724,2022-09-06,2025-04-03,2588,tuned,base,logistic_regression,3
1,1,macro_auc,0.5169011534393303,"{""model__C"": 10.0}",0.497421975407932,0.5169011534393303,all,2015-01-02,2017-07-21,2017-07-24,2572,2017-07-25,2020-02-13,2576,tuned,base,logistic_regression,3
1,2,macro_auc,0.5264032953412283,"{""model__C"": 10.0}",0.5268467008513932,0.5264032953412283,all,2015-01-02,2020-02-12,2020-02-13,5148,2020-02-14,2022-09-02,2576,tuned,base,logistic_regression,3
1,3,macro_auc,0.48982770952417465,"{""model__C"": 10.0}",0.492399685438085,0.48982770952417465,all,2015-01-02,2022-09-01,2022-09-02,7724,2022-09-06,2025-04-03,2588,tuned,base,logistic_regression,3
2,1,macro_auc,0.5162157148249105,"{""model__C"": 0.1}",0.4969155289817759,0.5162157148249105,3,2015-01-02,2017-07-21,2017-07-24,2572,2017-07-25,2020-02-13,2576,tuned,base,logistic_regression,3
2,2,macro_auc,0.5285183397753226,"{""model__C"": 0.1}",0.5279581075851393,0.5285183397753226,3,2017-02-14,2020-02-12,2020-02-13,3016,2020-02-14,2022-09-02,2576,tuned,base,logistic_regression,3
2,3,macro_auc,0.49407838852847863,"{""model__C"": 0.1}",0.4995300751879699,0.49407838852847863,3,2019-09-06,2022-09-01,2022-09-02,3016,2022-09-06,2025-04-03,2588,tuned,base,logistic_regression,3
3,1,macro_auc,0.5169011534393303,"{""model__C"": 10.0}",0.497421975407932,0.5169011534393303,3,2015-01-02,2017-07-21,2017-07-24,2572,2017-07-25,2020-02-13,2576,tuned,base,logistic_regression,3
3,2,macro_auc,0.5279329836660485,"{""model__C"": 10.0}",0.5274949206656346,0.5279329836660485,3,2017-02-14,2020-02-12,2020-02-13,3016,2020-02-14,2022-09-02,2576,tuned,base,logistic_regression,3
3,3,macro_auc,0.49417847416754224,"{""model__C"": 10.0}",0.49971109214362436,0.49417847416754224,3,2019-09-06,2022-09-01,2022-09-02,3016,2022-09-06,2025-04-03,2588,tuned,base,logistic_regression,3
4,1,macro_auc,0.5162157148249105,"{""model__C"": 0.1}",0.4969155289817759,0.5162157148249105,5,2015-01-02,2017-07-21,2017-07-24,2572,2017-07-25,2020-02-13,2576,tuned,base,logistic_regression,3
4,2,macro_auc,0.5270935107891428,"{""model__C"": 0.1}",0.5269627999226006,0.5270935107891428,5,2015-02-17,2020-02-12,2020-02-13,5028,2020-02-14,2022-09-02,2576,tuned,base,logistic_regression,3
4,3,macro_auc,0.49118754782624896,"{""model__C"": 0.1}",0.49664938813871407,0.49118754782624896,5,2017-09-06,2022-09-01,2022-09-02,5028,2022-09-06,2025-04-03,2588,tuned,base,logistic_regression,3
5,1,macro_auc,0.5169011534393303,"{""model__C"": 10.0}",0.497421975407932,0.5169011534393303,5,2015-01-02,2017-07-21,2017-07-24,2572,2017-07-25,2020-02-13,2576,tuned,base,logistic_regression,3
5,2,macro_auc,0.5262840153041011,"{""model__C"": 10.0}",0.5268467008513932,0.5262840153041011,5,2015-02-17,2020-02-12,2020-02-13,5028,2020-02-14,2022-09-02,2576,tuned,base,logistic_regression,3
5,3,macro_auc,0.4920156355390175,"{""model__C"": 10.0}",0.49799862379162185,0.4920156355390175,5,2017-09-06,2022-09-01,2022-09-02,5028,2022-09-06,2025-04-03,2588,tuned,base,logistic_regression,3
0,1,macro_auc,0.5134061837968491,"{""model__max_depth"": 4, ""model__min_samples_leaf"": 20, ""model__n_estimators"": 100}",0.5007302532899305,0.5134061837968491,all,2015-01-02,2017-07-21,2017-07-24,2572,2017-07-25,2020-02-13,2576,tuned,base,random_forest,3
0,2,macro_auc,0.5283941885750524,"{""model__max_depth"": 4, ""model__min_samples_leaf"": 20, ""model__n_estimators"": 100}",0.5280016447368421,0.5283941885750524,all,2015-01-02,2020-02-12,2020-02-13,5148,2020-02-14,2022-09-02,2576,tuned,base,random_forest,3
0,3,macro_auc,0.5007762396989703,"{""model__max_depth"": 4, ""model__min_samples_leaf"": 20, ""model__n_estimators"": 100}",0.5022198552823385,0.5007762396989703,all,2015-01-02,2022-09-01,2022-09-02,7724,2022-09-06,2025-04-03,2588,tuned,base,random_forest,3
1,1,macro_auc,0.5120245703222963,"{""model__max_depth"": 8, ""model__min_samples_leaf"": 20, ""model__n_estimators"": 100}",0.49983381278950084,0.5120245703222963,all,2015-01-02,2017-07-21,2017-07-24,2572,2017-07-25,2020-02-13,2576,tuned,base,random_forest,3
1,2,macro_auc,0.5290009539585141,"{""model__max_depth"": 8, ""model__min_samples_leaf"": 20, ""model__n_estimators"": 100}",0.5270190354102167,0.5290009539585141,all,2015-01-02,2020-02-12,2020-02-13,5148,2020-02-14,2022-09-02,2576,tuned,base,random_forest,3
1,3,macro_auc,0.500694046971241,"{""model__max_depth"": 8, ""model__min_samples_leaf"": 20, ""model__n_estimators"": 100}",0.5019642137870186,0.500694046971241,all,2015-01-02,2022-09-01,2022-09-02,7724,2022-09-06,2025-04-03,2588,tuned,base,random_forest,3
2,1,macro_auc,0.5043924484766702,"{""model__max_depth"": 8, ""model__max_features"": 0.5, ""model__min_samples_leaf"": 20, ""model__n_estimators"": 100}",0.49236630572502815,0.5043924484766702,all,2015-01-02,2017-07-21,2017-07-24,2572,2017-07-25,2020-02-13,2576,tuned,base,random_forest,3
2,2,macro_auc,0.5209244075653727,"{""model__max_depth"": 8, ""model__max_features"": 0.5, ""model__min_samples_leaf"": 20, ""model__n_estimators"": 100}",0.5209607198142414,0.5209244075653727,all,2015-01-02,2020-02-12,2020-02-13,5148,2020-02-14,2022-09-02,2576,tuned,base,random_forest,3
2,3,macro_auc,0.4975994920827872,"{""model__max_depth"": 8, ""model__max_features"": 0.5, ""model__min_samples_leaf"": 20, ""model__n_estimators"": 100}",0.4971271050713518,0.4975994920827872,all,2015-01-02,2022-09-01,2022-09-02,7724,2022-09-06,2025-04-03,2588,tuned,base,random_forest,3
3,1,macro_auc,0.49927838535754837,"{""model__max_depth"": 8, ""model__max_features"": 1.0, ""model__min_samples_leaf"": 5, ""model__n_estimators"": 100}",0.4917382515043278,0.49927838535754837,3,2015-01-02,2017-07-21,2017-07-24,2572,2017-07-25,2020-02-13,2576,tuned,base,random_forest,3
3,2,macro_auc,0.5283434003326987,"{""model__max_depth"": 8, ""model__max_features"": 1.0, ""model__min_samples_leaf"": 5, ""model__n_estimators"": 100}",0.5277247000773995,0.5283434003326987,3,2017-02-14,2020-02-12,2020-02-13,3016,2020-02-14,2022-09-02,2576,tuned,base,random_forest,3
3,3,macro_auc,0.4991276802860631,"{""model__max_depth"": 8, ""model__max_features"": 1.0, ""model__min_samples_leaf"": 5, ""model__n_estimators"": 100}",0.49928372429798995,0.4991276802860631,3,2019-09-06,2022-09-01,2022-09-02,3016,2022-09-06,2025-04-03,2588,tuned,base,random_forest,3
4,1,macro_auc,0.5147370594212866,"{""model__max_depth"": 3, ""model__max_features"": 1.0, ""model__min_samples_leaf"": 20, ""model__n_estimators"": 100}",0.5024254841415552,0.5147370594212866,5,2015-01-02,2017-07-21,2017-07-24,2572,2017-07-25,2020-02-13,2576,tuned,base,random_forest,3
4,2,macro_auc,0.5227423491006497,"{""model__max_depth"": 3, ""model__max_features"": 1.0, ""model__min_samples_leaf"": 20, ""model__n_estimators"": 100}",0.5222626015866874,0.5227423491006497,5,2015-02-17,2020-02-12,2020-02-13,5028,2020-02-14,2022-09-02,2576,tuned,base,random_forest,3
4,3,macro_auc,0.48387235886568825,"{""model__max_depth"": 3, ""model__max_features"": 1.0, ""model__min_samples_leaf"": 20, ""model__n_estimators"": 100}",0.4871456982699095,0.48387235886568825,5,2017-09-06,2022-09-01,2022-09-02,5028,2022-09-06,2025-04-03,2588,tuned,base,random_forest,3
5,1,macro_auc,0.5049304396519125,"{""model__max_depth"": 8, ""model__max_features"": 1.0, ""model__min_samples_leaf"": 20, ""model__n_estimators"": 200}",0.49363666744908097,0.5049304396519125,all,2015-01-02,2017-07-21,2017-07-24,2572,2017-07-25,2020-02-13,2576,tuned,base,random_forest,3
5,2,macro_auc,0.5252524304385005,"{""model__max_depth"": 8, ""model__max_features"": 1.0, ""model__min_samples_leaf"": 20, ""model__n_estimators"": 200}",0.525296294504644,0.5252524304385005,all,2015-01-02,2020-02-12,2020-02-13,5148,2020-02-14,2022-09-02,2576,tuned,base,random_forest,3
5,3,macro_auc,0.500625185539094,"{""model__max_depth"": 8, ""model__max_features"": 1.0, ""model__min_samples_leaf"": 20, ""model__n_estimators"": 200}",0.5008049859981587,0.500625185539094,all,2015-01-02,2022-09-01,2022-09-02,7724,2022-09-06,2025-04-03,2588,tuned,base,random_forest,3
6,1,macro_auc,0.5128918058677736,"{""model__max_depth"": 3, ""model__max_features"": 0.5, ""model__min_samples_leaf"": 40, ""model__n_estimators"": 200}",0.49785472933016245,0.5128918058677736,3,2015-01-02,2017-07-21,2017-07-24,2572,2017-07-25,2020-02-13,2576,tuned,base,random_forest,3
6,2,macro_auc,0.5312254848533553,"{""model__max_depth"": 3, ""model__max_features"": 0.5, ""model__min_samples_leaf"": 40, ""model__n_estimators"": 200}",0.5301621758900928,0.5312254848533553,3,2017-02-14,2020-02-12,2020-02-13,3016,2020-02-14,2022-09-02,2576,tuned,base,random_forest,3
6,3,macro_auc,0.49831203784772327,"{""model__max_depth"": 3, ""model__max_features"": 0.5, ""model__min_samples_leaf"": 40, ""model__n_estimators"": 200}",0.498046875,0.49831203784772327,3,2019-09-06,2022-09-01,2022-09-02,3016,2022-09-06,2025-04-03,2588,tuned,base,random_forest,3
7,1,macro_auc,0.5067533819650776,"{""model__max_depth"": 4, ""model__max_features"": 1.0, ""model__min_samples_leaf"": 5, ""model__n_estimators"": 200}",0.49567033794836435,0.5067533819650776,5,2015-01-02,2017-07-21,2017-07-24,2572,2017-07-25,2020-02-13,2576,tuned,base,random_forest,3
7,2,macro_auc,0.5223074436683401,"{""model__max_depth"": 4, ""model__max_features"": 1.0, ""model__min_samples_leaf"": 5, ""model__n_estimators"": 200}",0.5224143769349845,0.5223074436683401,5,2015-02-17,2020-02-12,2020-02-13,5028,2020-02-14,2022-09-02,2576,tuned,base,random_forest,3
7,3,macro_auc,0.4846380999243748,"{""model__max_depth"": 4, ""model__max_features"": 1.0, ""model__min_samples_leaf"": 5, ""model__n_estimators"": 200}",0.48778195488721804,0.4846380999243748,5,2017-09-06,2022-09-01,2022-09-02,5028,2022-09-06,2025-04-03,2588,tuned,base,random_forest,3
8,1,macro_auc,0.5056428782216145,"{""model__max_depth"": 6, ""model__max_features"": 1.0, ""model__min_samples_leaf"": 10, ""model__n_estimators"": 200}",0.49518087415685774,0.5056428782216145,all,2015-01-02,2017-07-21,2017-07-24,2572,2017-07-25,2020-02-13,2576,tuned,base,random_forest,3
8,2,macro_auc,0.5257237396282955,"{""model__max_depth"": 6, ""model__max_features"": 1.0, ""model__min_samples_leaf"": 10, ""model__n_estimators"": 200}",0.5260684742647059,0.5257237396282955,all,2015-01-02,2020-02-12,2020-02-13,5148,2020-02-14,2022-09-02,2576,tuned,base,random_forest,3
8,3,macro_auc,0.4970028999283995,"{""model__max_depth"": 6, ""model__max_features"": 1.0, ""model__min_samples_leaf"": 10, ""model__n_estimators"": 200}",0.4977258995703544,0.4970028999283995,all,2015-01-02,2022-09-01,2022-09-02,7724,2022-09-06,2025-04-03,2588,tuned,base,random_forest,3
9,1,macro_auc,0.5108402388789898,"{""model__max_depth"": 4, ""model__max_features"": ""sqrt"", ""model__min_samples_leaf"": 10, ""model__n_estimators"": 200}",0.49810764928190754,0.5108402388789898,3,2015-01-02,2017-07-21,2017-07-24,2572,2017-07-25,2020-02-13,2576,tuned,base,random_forest,3
9,2,macro_auc,0.5303308679925377,"{""model__max_depth"": 4, ""model__max_features"": ""sqrt"", ""model__min_samples_leaf"": 10, ""model__n_estimators"": 200}",0.5296397300696594,0.5303308679925377,3,2017-02-14,2020-02-12,2020-02-13,3016,2020-02-14,2022-09-02,2576,tuned,base,random_forest,3
9,3,macro_auc,0.4956972610708494,"{""model__max_depth"": 4, ""model__max_features"": ""sqrt"", ""model__min_samples_leaf"": 10, ""model__n_estimators"": 200}",0.4961770657511125,0.4956972610708494,3,2019-09-06,2022-09-01,2022-09-02,3016,2022-09-06,2025-04-03,2588,tuned,base,random_forest,3
10,1,macro_auc,0.5123335405230931,"{""model__max_depth"": 6, ""model__max_features"": ""sqrt"", ""model__min_samples_leaf"": 40, ""model__n_estimators"": 100}",0.49893282336907574,0.5123335405230931,5,2015-01-02,2017-07-21,2017-07-24,2572,2017-07-25,2020-02-13,2576,tuned,base,random_forest,3
10,2,macro_auc,0.5291088494539213,"{""model__max_depth"": 6, ""model__max_features"": ""sqrt"", ""model__min_samples_leaf"": 40, ""model__n_estimators"": 100}",0.5292829672987616,0.5291088494539213,5,2015-02-17,2020-02-12,2020-02-13,5028,2020-02-14,2022-09-02,2576,tuned,base,random_forest,3
10,3,macro_auc,0.48835899254123066,"{""model__max_depth"": 6, ""model__max_features"": ""sqrt"", ""model__min_samples_leaf"": 40, ""model__n_estimators"": 100}",0.4914547409659352,0.48835899254123066,5,2017-09-06,2022-09-01,2022-09-02,5028,2022-09-06,2025-04-03,2588,tuned,base,random_forest,3
11,1,macro_auc,0.5028432403673543,"{""model__max_depth"": 8, ""model__max_features"": 0.5, ""model__min_samples_leaf"": 10, ""model__n_estimators"": 200}",0.4914695619632653,0.5028432403673543,all,2015-01-02,2017-07-21,2017-07-24,2572,2017-07-25,2020-02-13,2576,tuned,base,random_forest,3
11,2,macro_auc,0.5293027753555072,"{""model__max_depth"": 8, ""model__max_features"": 0.5, ""model__min_samples_leaf"": 10, ""model__n_estimators"": 200}",0.5287097281346749,0.5293027753555072,all,2015-01-02,2020-02-12,2020-02-13,5148,2020-02-14,2022-09-02,2576,tuned,base,random_forest,3
11,3,macro_auc,0.49903242498305606,"{""model__max_depth"": 8, ""model__max_features"": 0.5, ""model__min_samples_leaf"": 10, ""model__n_estimators"": 200}",0.49954026488414915,0.49903242498305606,all,2015-01-02,2022-09-01,2022-09-02,7724,2022-09-06,2025-04-03,2588,tuned,base,random_forest,3
12,1,macro_auc,0.5043924484766702,"{""model__max_depth"": 8, ""model__max_features"": 0.5, ""model__min_samples_leaf"": 20, ""model__n_estimators"": 100}",0.49236630572502815,0.5043924484766702,3,2015-01-02,2017-07-21,2017-07-24,2572,2017-07-25,2020-02-13,2576,tuned,base,random_forest,3
12,2,macro_auc,0.5362660439316389,"{""model__max_depth"": 8, ""model__max_features"": 0.5, ""model__min_samples_leaf"": 20, ""model__n_estimators"": 100}",0.5354936629256966,0.5362660439316389,3,2017-02-14,2020-02-12,2020-02-13,3016,2020-02-14,2022-09-02,2576,tuned,base,random_forest,3
12,3,macro_auc,0.5034884151707826,"{""model__max_depth"": 8, ""model__max_features"": 0.5, ""model__min_samples_leaf"": 20, ""model__n_estimators"": 100}",0.5032229409620992,0.5034884151707826,3,2019-09-06,2022-09-01,2022-09-02,3016,2022-09-06,2025-04-03,2588,tuned,base,random_forest,3
13,1,macro_auc,0.5002189048898239,"{""model__max_depth"": 8, ""model__max_features"": 1.0, ""model__min_samples_leaf"": 10, ""model__n_estimators"": 100}",0.49101527648639,0.5002189048898239,5,2015-01-02,2017-07-21,2017-07-24,2572,2017-07-25,2020-02-13,2576,tuned,base,random_forest,3
13,2,macro_auc,0.5237246925311259,"{""model__max_depth"": 8, ""model__max_features"": 1.0, ""model__min_samples_leaf"": 10, ""model__n_estimators"": 100}",0.5228062113003096,0.5237246925311259,5,2015-02-17,2020-02-12,2020-02-13,5028,2020-02-14,2022-09-02,2576,tuned,base,random_forest,3
13,3,macro_auc,0.4873291457776513,"{""model__max_depth"": 8, ""model__max_features"": 1.0, ""model__min_samples_leaf"": 10, ""model__n_estimators"": 100}",0.48944707112168173,0.4873291457776513,5,2017-09-06,2022-09-01,2022-09-02,5028,2022-09-06,2025-04-03,2588,tuned,base,random_forest,3
14,1,macro_auc,0.5083679615967638,"{""model__max_depth"": 8, ""model__max_features"": ""sqrt"", ""model__min_samples_leaf"": 40, ""model__n_estimators"": 200}",0.4947799626745951,0.5083679615967638,all,2015-01-02,2017-07-21,2017-07-24,2572,2017-07-25,2020-02-13,2576,tuned,base,random_forest,3
14,2,macro_auc,0.5277788568407904,"{""model__max_depth"": 8, ""model__max_features"": ""sqrt"", ""model__min_samples_leaf"": 40, ""model__n_estimators"": 200}",0.5266429227941176,0.5277788568407904,all,2015-01-02,2020-02-12,2020-02-13,5148,2020-02-14,2022-09-02,2576,tuned,base,random_forest,3
14,3,macro_auc,0.5014717481348672,"{""model__max_depth"": 8, ""model__max_features"": ""sqrt"", ""model__min_samples_leaf"": 40, ""model__n_estimators"": 200}",0.501749630773362,0.5014717481348672,all,2015-01-02,2022-09-01,2022-09-02,7724,2022-09-06,2025-04-03,2588,tuned,base,random_forest,3
15,1,macro_auc,0.5124242104703894,"{""model__max_depth"": 4, ""model__max_features"": ""sqrt"", ""model__min_samples_leaf"": 10, ""model__n_estimators"": 100}",0.499966641253367,0.5124242104703894,3,2015-01-02,2017-07-21,2017-07-24,2572,2017-07-25,2020-02-13,2576,tuned,base,random_forest,3
15,2,macro_auc,0.530947260182713,"{""model__max_depth"": 4, ""model__max_features"": ""sqrt"", ""model__min_samples_leaf"": 10, ""model__n_estimators"": 100}",0.529899743614551,0.530947260182713,3,2017-02-14,2020-02-12,2020-02-13,3016,2020-02-14,2022-09-02,2576,tuned,base,random_forest,3
15,3,macro_auc,0.49496086892445307,"{""model__max_depth"": 4, ""model__max_features"": ""sqrt"", ""model__min_samples_leaf"": 10, ""model__n_estimators"": 100}",0.4960673766687126,0.49496086892445307,3,2019-09-06,2022-09-01,2022-09-02,3016,2022-09-06,2025-04-03,2588,tuned,base,random_forest,3
16,1,macro_auc,0.5140281853058699,"{""model__max_depth"": 3, ""model__max_features"": 1.0, ""model__min_samples_leaf"": 20, ""model__n_estimators"": 200}",0.5010935603668978,0.5140281853058699,5,2015-01-02,2017-07-21,2017-07-24,2572,2017-07-25,2020-02-13,2576,tuned,base,random_forest,3
16,2,macro_auc,0.524669037099657,"{""model__max_depth"": 3, ""model__max_features"": 1.0, ""model__min_samples_leaf"": 20, ""model__n_estimators"": 200}",0.5242272155572756,0.524669037099657,5,2015-02-17,2020-02-12,2020-02-13,5028,2020-02-14,2022-09-02,2576,tuned,base,random_forest,3
16,3,macro_auc,0.48503411996412404,"{""model__max_depth"": 3, ""model__max_features"": 1.0, ""model__min_samples_leaf"": 20, ""model__n_estimators"": 200}",0.4887236026929569,0.48503411996412404,5,2017-09-06,2022-09-01,2022-09-02,5028,2022-09-06,2025-04-03,2588,tuned,base,random_forest,3
17,1,macro_auc,0.5109104308121204,"{""model__max_depth"": 4, ""model__max_features"": 0.5, ""model__min_samples_leaf"": 40, ""model__n_estimators"": 100}",0.49713448366422175,0.5109104308121204,all,2015-01-02,2017-07-21,2017-07-24,2572,2017-07-25,2020-02-13,2576,tuned,base,random_forest,3
17,2,macro_auc,0.5299738174060568,"{""model__max_depth"": 4, ""model__max_features"": 0.5, ""model__min_samples_leaf"": 40, ""model__n_estimators"": 100}",0.5287810806888544,0.5299738174060568,all,2015-01-02,2020-02-12,2020-02-13,5148,2020-02-14,2022-09-02,2576,tuned,base,random_forest,3
17,3,macro_auc,0.49510081226298724,"{""model__max_depth"": 4, ""model__max_features"": 0.5, ""model__min_samples_leaf"": 40, ""model__n_estimators"": 100}",0.4970812514385453,0.49510081226298724,all,2015-01-02,2022-09-01,2022-09-02,7724,2022-09-06,2025-04-03,2588,tuned,base,random_forest,3
18,1,macro_auc,0.5114794254760502,"{""model__max_depth"": 4, ""model__max_features"": ""sqrt"", ""model__min_samples_leaf"": 40, ""model__n_estimators"": 100}",0.4981473765165341,0.5114794254760502,3,2015-01-02,2017-07-21,2017-07-24,2572,2017-07-25,2020-02-13,2576,tuned,base,random_forest,3
18,2,macro_auc,0.5353508014420505,"{""model__max_depth"": 4, ""model__max_features"": ""sqrt"", ""model__min_samples_leaf"": 40, ""model__n_estimators"": 100}",0.5344877733165635,0.5353508014420505,3,2017-02-14,2020-02-12,2020-02-13,3016,2020-02-14,2022-09-02,2576,tuned,base,random_forest,3
18,3,macro_auc,0.4971884379532658,"{""model__max_depth"": 4, ""model__max_features"": ""sqrt"", ""model__min_samples_leaf"": 40, ""model__n_estimators"": 100}",0.4974181108063526,0.4971884379532658,3,2019-09-06,2022-09-01,2022-09-02,3016,2022-09-06,2025-04-03,2588,tuned,base,random_forest,3
19,1,macro_auc,0.5138000017261973,"{""model__max_depth"": 3, ""model__max_features"": 0.5, ""model__min_samples_leaf"": 20, ""model__n_estimators"": 100}",0.5005743769647544,0.5138000017261973,5,2015-01-02,2017-07-21,2017-07-24,2572,2017-07-25,2020-02-13,2576,tuned,base,random_forest,3
19,2,macro_auc,0.5243464630171395,"{""model__max_depth"": 3, ""model__max_features"": 0.5, ""model__min_samples_leaf"": 20, ""model__n_estimators"": 100}",0.5255541916602168,0.5243464630171395,5,2015-02-17,2020-02-12,2020-02-13,5028,2020-02-14,2022-09-02,2576,tuned,base,random_forest,3
19,3,macro_auc,0.4853071604408327,"{""model__max_depth"": 3, ""model__max_features"": 0.5, ""model__min_samples_leaf"": 20, ""model__n_estimators"": 100}",0.48791082457419055,0.4853071604408327,5,2017-09-06,2022-09-01,2022-09-02,5028,2022-09-06,2025-04-03,2588,tuned,base,random_forest,3
0,1,macro_auc,0.5066691873381175,"{""model__early_stopping"": false, ""model__max_iter"": 100, ""model__max_leaf_nodes"": 7}",0.49859104784675357,0.5066691873381175,all,2015-01-02,2017-07-21,2017-07-24,2572,2017-07-25,2020-02-13,2576,tuned,base,hist_gradient_boosting,3
0,2,macro_auc,0.520588869360316,"{""model__early_stopping"": false, ""model__max_iter"": 100, ""model__max_leaf_nodes"": 7}",0.5198348006965945,0.520588869360316,all,2015-01-02,2020-02-12,2020-02-13,5148,2020-02-14,2022-09-02,2576,tuned,base,hist_gradient_boosting,3
0,3,macro_auc,0.5042866819694495,"{""model__early_stopping"": false, ""model__max_iter"": 100, ""model__max_leaf_nodes"": 7}",0.5035073533642781,0.5042866819694495,all,2015-01-02,2022-09-01,2022-09-02,7724,2022-09-06,2025-04-03,2588,tuned,base,hist_gradient_boosting,3
1,1,macro_auc,0.5133909834652584,"{""model__early_stopping"": false, ""model__max_iter"": 100, ""model__max_leaf_nodes"": 15}",0.5059991156899529,0.5133909834652584,all,2015-01-02,2017-07-21,2017-07-24,2572,2017-07-25,2020-02-13,2576,tuned,base,hist_gradient_boosting,3
1,2,macro_auc,0.5235015532183869,"{""model__early_stopping"": false, ""model__max_iter"": 100, ""model__max_leaf_nodes"": 15}",0.5245821642801858,0.5235015532183869,all,2015-01-02,2020-02-12,2020-02-13,5148,2020-02-14,2022-09-02,2576,tuned,base,hist_gradient_boosting,3
1,3,macro_auc,0.5048061784146244,"{""model__early_stopping"": false, ""model__max_iter"": 100, ""model__max_leaf_nodes"": 15}",0.5035577024512813,0.5048061784146244,all,2015-01-02,2022-09-01,2022-09-02,7724,2022-09-06,2025-04-03,2588,tuned,base,hist_gradient_boosting,3
2,1,macro_auc,0.5073688597451692,"{""model__early_stopping"": false, ""model__l2_regularization"": 1.0, ""model__learning_rate"": 0.05, ""model__max_iter"": 100, ""model__max_leaf_nodes"": 31, ""model__min_samples_leaf"": 20}",0.4993097772060291,0.5073688597451692,all,2015-01-02,2017-07-21,2017-07-24,2572,2017-07-25,2020-02-13,2576,tuned,base,hist_gradient_boosting,3
2,2,macro_auc,0.522484110050141,"{""model__early_stopping"": false, ""model__l2_regularization"": 1.0, ""model__learning_rate"": 0.05, ""model__max_iter"": 100, ""model__max_leaf_nodes"": 31, ""model__min_samples_leaf"": 20}",0.52279200125774,0.522484110050141,all,2015-01-02,2020-02-12,2020-02-13,5148,2020-02-14,2022-09-02,2576,tuned,base,hist_gradient_boosting,3
2,3,macro_auc,0.5093845176378842,"{""model__early_stopping"": false, ""model__l2_regularization"": 1.0, ""model__learning_rate"": 0.05, ""model__max_iter"": 100, ""model__max_leaf_nodes"": 31, ""model__min_samples_leaf"": 20}",0.5081658426998619,0.5093845176378842,all,2015-01-02,2022-09-01,2022-09-02,7724,2022-09-06,2025-04-03,2588,tuned,base,hist_gradient_boosting,3
3,1,macro_auc,0.5088577288747482,"{""model__early_stopping"": false, ""model__l2_regularization"": 0.0, ""model__learning_rate"": 0.1, ""model__max_iter"": 200, ""model__max_leaf_nodes"": 3, ""model__min_samples_leaf"": 10}",0.5004697518048599,0.5088577288747482,3,2015-01-02,2017-07-21,2017-07-24,2572,2017-07-25,2020-02-13,2576,tuned,base,hist_gradient_boosting,3
3,2,macro_auc,0.5199465985714148,"{""model__early_stopping"": false, ""model__l2_regularization"": 0.0, ""model__learning_rate"": 0.1, ""model__max_iter"": 200, ""model__max_leaf_nodes"": 3, ""model__min_samples_leaf"": 10}",0.5193069127321981,0.5199465985714148,3,2017-02-14,2020-02-12,2020-02-13,3016,2020-02-14,2022-09-02,2576,tuned,base,hist_gradient_boosting,3
3,3,macro_auc,0.48807594223205025,"{""model__early_stopping"": false, ""model__l2_regularization"": 0.0, ""model__learning_rate"": 0.1, ""model__max_iter"": 200, ""model__max_leaf_nodes"": 3, ""model__min_samples_leaf"": 10}",0.48935236688660433,0.48807594223205025,3,2019-09-06,2022-09-01,2022-09-02,3016,2022-09-06,2025-04-03,2588,tuned,base,hist_gradient_boosting,3
4,1,macro_auc,0.5037932071152993,"{""model__early_stopping"": false, ""model__l2_regularization"": 10.0, ""model__learning_rate"": 0.1, ""model__max_iter"": 200, ""model__max_leaf_nodes"": 31, ""model__min_samples_leaf"": 80}",0.49749536465052463,0.5037932071152993,5,2015-01-02,2017-07-21,2017-07-24,2572,2017-07-25,2020-02-13,2576,tuned,base,hist_gradient_boosting,3
4,2,macro_auc,0.5290884428552811,"{""model__early_stopping"": false, ""model__l2_regularization"": 10.0, ""model__learning_rate"": 0.1, ""model__max_iter"": 200, ""model__max_leaf_nodes"": 31, ""model__min_samples_leaf"": 80}",0.5290861430921052,0.5290884428552811,5,2015-02-17,2020-02-12,2020-02-13,5028,2020-02-14,2022-09-02,2576,tuned,base,hist_gradient_boosting,3
4,3,macro_auc,0.4918691658181038,"{""model__early_stopping"": false, ""model__l2_regularization"": 10.0, ""model__learning_rate"": 0.1, ""model__max_iter"": 200, ""model__max_leaf_nodes"": 31, ""model__min_samples_leaf"": 80}",0.49138880763771675,0.4918691658181038,5,2017-09-06,2022-09-01,2022-09-02,5028,2022-09-06,2025-04-03,2588,tuned,base,hist_gradient_boosting,3
5,1,macro_auc,0.5015311231123049,"{""model__early_stopping"": false, ""model__l2_regularization"": 1.0, ""model__learning_rate"": 0.025, ""model__max_iter"": 200, ""model__max_leaf_nodes"": 15, ""model__min_samples_leaf"": 80}",0.49269413122603095,0.5015311231123049,all,2015-01-02,2017-07-21,2017-07-24,2572,2017-07-25,2020-02-13,2576,tuned,base,hist_gradient_boosting,3
5,2,macro_auc,0.5266443260416419,"{""model__early_stopping"": false, ""model__l2_regularization"": 1.0, ""model__learning_rate"": 0.025, ""model__max_iter"": 200, ""model__max_leaf_nodes"": 15, ""model__min_samples_leaf"": 80}",0.5264340049342106,0.5266443260416419,all,2015-01-02,2020-02-12,2020-02-13,5148,2020-02-14,2022-09-02,2576,tuned,base,hist_gradient_boosting,3
5,3,macro_auc,0.5033792008924521,"{""model__early_stopping"": false, ""model__l2_regularization"": 1.0, ""model__learning_rate"": 0.025, ""model__max_iter"": 200, ""model__max_leaf_nodes"": 15, ""model__min_samples_leaf"": 80}",0.5024964755639099,0.5033792008924521,all,2015-01-02,2022-09-01,2022-09-02,7724,2022-09-06,2025-04-03,2588,tuned,base,hist_gradient_boosting,3
6,1,macro_auc,0.5076217583470659,"{""model__early_stopping"": false, ""model__l2_regularization"": 10.0, ""model__learning_rate"": 0.025, ""model__max_iter"": 200, ""model__max_leaf_nodes"": 7, ""model__min_samples_leaf"": 80}",0.4981695145938452,0.5076217583470659,3,2015-01-02,2017-07-21,2017-07-24,2572,2017-07-25,2020-02-13,2576,tuned,base,hist_gradient_boosting,3
6,2,macro_auc,0.5381016528243981,"{""model__early_stopping"": false, ""model__l2_regularization"": 10.0, ""model__learning_rate"": 0.025, ""model__max_iter"": 200, ""model__max_leaf_nodes"": 7, ""model__min_samples_leaf"": 80}",0.5373028734520124,0.5381016528243981,3,2017-02-14,2020-02-12,2020-02-13,3016,2020-02-14,2022-09-02,2576,tuned,base,hist_gradient_boosting,3
6,3,macro_auc,0.4917342758348472,"{""model__early_stopping"": false, ""model__l2_regularization"": 10.0, ""model__learning_rate"": 0.025, ""model__max_iter"": 200, ""model__max_leaf_nodes"": 7, ""model__min_samples_leaf"": 80}",0.49122307522633113,0.4917342758348472,3,2019-09-06,2022-09-01,2022-09-02,3016,2022-09-06,2025-04-03,2588,tuned,base,hist_gradient_boosting,3
7,1,macro_auc,0.5091475208728697,"{""model__early_stopping"": false, ""model__l2_regularization"": 1.0, ""model__learning_rate"": 0.1, ""model__max_iter"": 200, ""model__max_leaf_nodes"": 7, ""model__min_samples_leaf"": 40}",0.500877941559115,0.5091475208728697,5,2015-01-02,2017-07-21,2017-07-24,2572,2017-07-25,2020-02-13,2576,tuned,base,hist_gradient_boosting,3
7,2,macro_auc,0.5286640580867032,"{""model__early_stopping"": false, ""model__l2_regularization"": 1.0, ""model__learning_rate"": 0.1, ""model__max_iter"": 200, ""model__max_leaf_nodes"": 7, ""model__min_samples_leaf"": 40}",0.5280469959365325,0.5286640580867032,5,2015-02-17,2020-02-12,2020-02-13,5028,2020-02-14,2022-09-02,2576,tuned,base,hist_gradient_boosting,3
7,3,macro_auc,0.48776439633019325,"{""model__early_stopping"": false, ""model__l2_regularization"": 1.0, ""model__learning_rate"": 0.1, ""model__max_iter"": 200, ""model__max_leaf_nodes"": 7, ""model__min_samples_leaf"": 40}",0.48988762563295996,0.48776439633019325,5,2017-09-06,2022-09-01,2022-09-02,5028,2022-09-06,2025-04-03,2588,tuned,base,hist_gradient_boosting,3
8,1,macro_auc,0.5166046948992944,"{""model__early_stopping"": false, ""model__l2_regularization"": 10.0, ""model__learning_rate"": 0.025, ""model__max_iter"": 100, ""model__max_leaf_nodes"": 3, ""model__min_samples_leaf"": 40}",0.5045040373181265,0.5166046948992944,all,2015-01-02,2017-07-21,2017-07-24,2572,2017-07-25,2020-02-13,2576,tuned,base,hist_gradient_boosting,3
8,2,macro_auc,0.5298914598332471,"{""model__early_stopping"": false, ""model__l2_regularization"": 10.0, ""model__learning_rate"": 0.025, ""model__max_iter"": 100, ""model__max_leaf_nodes"": 3, ""model__min_samples_leaf"": 40}",0.5294610463428793,0.5298914598332471,all,2015-01-02,2020-02-12,2020-02-13,5148,2020-02-14,2022-09-02,2576,tuned,base,hist_gradient_boosting,3
8,3,macro_auc,0.49000358837610136,"{""model__early_stopping"": false, ""model__l2_regularization"": 10.0, ""model__learning_rate"": 0.025, ""model__max_iter"": 100, ""model__max_leaf_nodes"": 3, ""model__min_samples_leaf"": 40}",0.4916297639826607,0.49000358837610136,all,2015-01-02,2022-09-01,2022-09-02,7724,2022-09-06,2025-04-03,2588,tuned,base,hist_gradient_boosting,3
9,1,macro_auc,0.5114796796488014,"{""model__early_stopping"": false, ""model__l2_regularization"": 1.0, ""model__learning_rate"": 0.1, ""model__max_iter"": 100, ""model__max_leaf_nodes"": 31, ""model__min_samples_leaf"": 20}",0.5045128318967844,0.5114796796488014,3,2015-01-02,2017-07-21,2017-07-24,2572,2017-07-25,2020-02-13,2576,tuned,base,hist_gradient_boosting,3
9,2,macro_auc,0.5089420088284505,"{""model__early_stopping"": false, ""model__l2_regularization"": 1.0, ""model__learning_rate"": 0.1, ""model__max_iter"": 100, ""model__max_leaf_nodes"": 31, ""model__min_samples_leaf"": 20}",0.5079854392414861,0.5089420088284505,3,2017-02-14,2020-02-12,2020-02-13,3016,2020-02-14,2022-09-02,2576,tuned,base,hist_gradient_boosting,3
9,3,macro_auc,0.5014806027131855,"{""model__early_stopping"": false, ""model__l2_regularization"": 1.0, ""model__learning_rate"": 0.1, ""model__max_iter"": 100, ""model__max_leaf_nodes"": 31, ""model__min_samples_leaf"": 20}",0.5006997923699555,0.5014806027131855,3,2019-09-06,2022-09-01,2022-09-02,3016,2022-09-06,2025-04-03,2588,tuned,base,hist_gradient_boosting,3
10,1,macro_auc,0.5040662736386432,"{""model__early_stopping"": false, ""model__l2_regularization"": 0.0, ""model__learning_rate"": 0.1, ""model__max_iter"": 100, ""model__max_leaf_nodes"": 31, ""model__min_samples_leaf"": 20}",0.49937983057395846,0.5040662736386432,5,2015-01-02,2017-07-21,2017-07-24,2572,2017-07-25,2020-02-13,2576,tuned,base,hist_gradient_boosting,3
10,2,macro_auc,0.5180819652777213,"{""model__early_stopping"": false, ""model__l2_regularization"": 0.0, ""model__learning_rate"": 0.1, ""model__max_iter"": 100, ""model__max_leaf_nodes"": 31, ""model__min_samples_leaf"": 20}",0.5186617163312693,0.5180819652777213,5,2015-02-17,2020-02-12,2020-02-13,5028,2020-02-14,2022-09-02,2576,tuned,base,hist_gradient_boosting,3
10,3,macro_auc,0.5015083961746389,"{""model__early_stopping"": false, ""model__l2_regularization"": 0.0, ""model__learning_rate"": 0.1, ""model__max_iter"": 100, ""model__max_leaf_nodes"": 31, ""model__min_samples_leaf"": 20}",0.5028255428111095,0.5015083961746389,5,2017-09-06,2022-09-01,2022-09-02,5028,2022-09-06,2025-04-03,2588,tuned,base,hist_gradient_boosting,3
11,1,macro_auc,0.5079761679986436,"{""model__early_stopping"": false, ""model__l2_regularization"": 10.0, ""model__learning_rate"": 0.1, ""model__max_iter"": 200, ""model__max_leaf_nodes"": 7, ""model__min_samples_leaf"": 40}",0.5008861296151068,0.5079761679986436,all,2015-01-02,2017-07-21,2017-07-24,2572,2017-07-25,2020-02-13,2576,tuned,base,hist_gradient_boosting,3
11,2,macro_auc,0.5266586059976665,"{""model__early_stopping"": false, ""model__l2_regularization"": 10.0, ""model__learning_rate"": 0.1, ""model__max_iter"": 200, ""model__max_leaf_nodes"": 7, ""model__min_samples_leaf"": 40}",0.5262287151702787,0.5266586059976665,all,2015-01-02,2020-02-12,2020-02-13,5148,2020-02-14,2022-09-02,2576,tuned,base,hist_gradient_boosting,3
11,3,macro_auc,0.5070438519564093,"{""model__early_stopping"": false, ""model__l2_regularization"": 10.0, ""model__learning_rate"": 0.1, ""model__max_iter"": 200, ""model__max_leaf_nodes"": 7, ""model__min_samples_leaf"": 40}",0.5090043947560228,0.5070438519564093,all,2015-01-02,2022-09-01,2022-09-02,7724,2022-09-06,2025-04-03,2588,tuned,base,hist_gradient_boosting,3
12,1,macro_auc,0.5084599796859187,"{""model__early_stopping"": false, ""model__l2_regularization"": 1.0, ""model__learning_rate"": 0.05, ""model__max_iter"": 200, ""model__max_leaf_nodes"": 3, ""model__min_samples_leaf"": 20}",0.49986474544546966,0.5084599796859187,3,2015-01-02,2017-07-21,2017-07-24,2572,2017-07-25,2020-02-13,2576,tuned,base,hist_gradient_boosting,3
12,2,macro_auc,0.5258096047902667,"{""model__early_stopping"": false, ""model__l2_regularization"": 1.0, ""model__learning_rate"": 0.05, ""model__max_iter"": 200, ""model__max_leaf_nodes"": 3, ""model__min_samples_leaf"": 20}",0.5248400614357585,0.5258096047902667,3,2017-02-14,2020-02-12,2020-02-13,3016,2020-02-14,2022-09-02,2576,tuned,base,hist_gradient_boosting,3
12,3,macro_auc,0.48541331594754444,"{""model__early_stopping"": false, ""model__l2_regularization"": 1.0, ""model__learning_rate"": 0.05, ""model__max_iter"": 200, ""model__max_leaf_nodes"": 3, ""model__min_samples_leaf"": 20}",0.48505321418981123,0.48541331594754444,3,2019-09-06,2022-09-01,2022-09-02,3016,2022-09-06,2025-04-03,2588,tuned,base,hist_gradient_boosting,3
13,1,macro_auc,0.515356946280093,"{""model__early_stopping"": false, ""model__l2_regularization"": 10.0, ""model__learning_rate"": 0.025, ""model__max_iter"": 100, ""model__max_leaf_nodes"": 15, ""model__min_samples_leaf"": 40}",0.506218676895065,0.515356946280093,5,2015-01-02,2017-07-21,2017-07-24,2572,2017-07-25,2020-02-13,2576,tuned,base,hist_gradient_boosting,3
13,2,macro_auc,0.5263509591071169,"{""model__early_stopping"": false, ""model__l2_regularization"": 10.0, ""model__learning_rate"": 0.025, ""model__max_iter"": 100, ""model__max_leaf_nodes"": 15, ""model__min_samples_leaf"": 40}",0.5264194925503096,0.5263509591071169,5,2015-02-17,2020-02-12,2020-02-13,5028,2020-02-14,2022-09-02,2576,tuned,base,hist_gradient_boosting,3
13,3,macro_auc,0.47961771584638846,"{""model__early_stopping"": false, ""model__l2_regularization"": 10.0, ""model__learning_rate"": 0.025, ""model__max_iter"": 100, ""model__max_leaf_nodes"": 15, ""model__min_samples_leaf"": 40}",0.48120450600352926,0.47961771584638846,5,2017-09-06,2022-09-01,2022-09-02,5028,2022-09-06,2025-04-03,2588,tuned,base,hist_gradient_boosting,3
14,1,macro_auc,0.4961974811078294,"{""model__early_stopping"": false, ""model__l2_regularization"": 1.0, ""model__learning_rate"": 0.05, ""model__max_iter"": 200, ""model__max_leaf_nodes"": 15, ""model__min_samples_leaf"": 80}",0.4889306580831579,0.4961974811078294,all,2015-01-02,2017-07-21,2017-07-24,2572,2017-07-25,2020-02-13,2576,tuned,base,hist_gradient_boosting,3
14,2,macro_auc,0.5294893680030095,"{""model__early_stopping"": false, ""model__l2_regularization"": 1.0, ""model__learning_rate"": 0.05, ""model__max_iter"": 200, ""model__max_leaf_nodes"": 15, ""model__min_samples_leaf"": 80}",0.528741171633127,0.5294893680030095,all,2015-01-02,2020-02-12,2020-02-13,5148,2020-02-14,2022-09-02,2576,tuned,base,hist_gradient_boosting,3
14,3,macro_auc,0.5096263694666182,"{""model__early_stopping"": false, ""model__l2_regularization"": 1.0, ""model__learning_rate"": 0.05, ""model__max_iter"": 200, ""model__max_leaf_nodes"": 15, ""model__min_samples_leaf"": 80}",0.5099586298335124,0.5096263694666182,all,2015-01-02,2022-09-01,2022-09-02,7724,2022-09-06,2025-04-03,2588,tuned,base,hist_gradient_boosting,3
15,1,macro_auc,0.5117885694636322,"{""model__early_stopping"": false, ""model__l2_regularization"": 1.0, ""model__learning_rate"": 0.05, ""model__max_iter"": 100, ""model__max_leaf_nodes"": 31, ""model__min_samples_leaf"": 10}",0.5051154121655104,0.5117885694636322,3,2015-01-02,2017-07-21,2017-07-24,2572,2017-07-25,2020-02-13,2576,tuned,base,hist_gradient_boosting,3
15,2,macro_auc,0.5277703996326674,"{""model__early_stopping"": false, ""model__l2_regularization"": 1.0, ""model__learning_rate"": 0.05, ""model__max_iter"": 100, ""model__max_leaf_nodes"": 31, ""model__min_samples_leaf"": 10}",0.5264506337074304,0.5277703996326674,3,2017-02-14,2020-02-12,2020-02-13,3016,2020-02-14,2022-09-02,2576,tuned,base,hist_gradient_boosting,3
15,3,macro_auc,0.49516629850021465,"{""model__early_stopping"": false, ""model__l2_regularization"": 1.0, ""model__learning_rate"": 0.05, ""model__max_iter"": 100, ""model__max_leaf_nodes"": 31, ""model__min_samples_leaf"": 10}",0.4945898707227252,0.49516629850021465,3,2019-09-06,2022-09-01,2022-09-02,3016,2022-09-06,2025-04-03,2588,tuned,base,hist_gradient_boosting,3
16,1,macro_auc,0.5108047049038851,"{""model__early_stopping"": false, ""model__l2_regularization"": 10.0, ""model__learning_rate"": 0.05, ""model__max_iter"": 200, ""model__max_leaf_nodes"": 3, ""model__min_samples_leaf"": 10}",0.5020081965473091,0.5108047049038851,5,2015-01-02,2017-07-21,2017-07-24,2572,2017-07-25,2020-02-13,2576,tuned,base,hist_gradient_boosting,3
16,2,macro_auc,0.5290142021687275,"{""model__early_stopping"": false, ""model__l2_regularization"": 10.0, ""model__learning_rate"": 0.05, ""model__max_iter"": 200, ""model__max_leaf_nodes"": 3, ""model__min_samples_leaf"": 10}",0.5285262069465944,0.5290142021687275,5,2015-02-17,2020-02-12,2020-02-13,5028,2020-02-14,2022-09-02,2576,tuned,base,hist_gradient_boosting,3
16,3,macro_auc,0.47328426705725307,"{""model__early_stopping"": false, ""model__l2_regularization"": 10.0, ""model__learning_rate"": 0.05, ""model__max_iter"": 200, ""model__max_leaf_nodes"": 3, ""model__min_samples_leaf"": 10}",0.47711663965398193,0.47328426705725307,5,2017-09-06,2022-09-01,2022-09-02,5028,2022-09-06,2025-04-03,2588,tuned,base,hist_gradient_boosting,3
17,1,macro_auc,0.5139592860178844,"{""model__early_stopping"": false, ""model__l2_regularization"": 10.0, ""model__learning_rate"": 0.025, ""model__max_iter"": 100, ""model__max_leaf_nodes"": 7, ""model__min_samples_leaf"": 40}",0.5046492994966469,0.5139592860178844,all,2015-01-02,2017-07-21,2017-07-24,2572,2017-07-25,2020-02-13,2576,tuned,base,hist_gradient_boosting,3
17,2,macro_auc,0.5254666023684349,"{""model__early_stopping"": false, ""model__l2_regularization"": 10.0, ""model__learning_rate"": 0.025, ""model__max_iter"": 100, ""model__max_leaf_nodes"": 7, ""model__min_samples_leaf"": 40}",0.5256721047794117,0.5254666023684349,all,2015-01-02,2020-02-12,2020-02-13,5148,2020-02-14,2022-09-02,2576,tuned,base,hist_gradient_boosting,3
17,3,macro_auc,0.4941983290384438,"{""model__early_stopping"": false, ""model__l2_regularization"": 10.0, ""model__learning_rate"": 0.025, ""model__max_iter"": 100, ""model__max_leaf_nodes"": 7, ""model__min_samples_leaf"": 40}",0.4940498168252263,0.4941983290384438,all,2015-01-02,2022-09-01,2022-09-02,7724,2022-09-06,2025-04-03,2588,tuned,base,hist_gradient_boosting,3
18,1,macro_auc,0.5065811357876667,"{""model__early_stopping"": false, ""model__l2_regularization"": 1.0, ""model__learning_rate"": 0.025, ""model__max_iter"": 200, ""model__max_leaf_nodes"": 7, ""model__min_samples_leaf"": 80}",0.49830325284171034,0.5065811357876667,3,2015-01-02,2017-07-21,2017-07-24,2572,2017-07-25,2020-02-13,2576,tuned,base,hist_gradient_boosting,3
18,2,macro_auc,0.5335869333491066,"{""model__early_stopping"": false, ""model__l2_regularization"": 1.0, ""model__learning_rate"": 0.025, ""model__max_iter"": 200, ""model__max_leaf_nodes"": 7, ""model__min_samples_leaf"": 80}",0.5328578511996904,0.5335869333491066,3,2017-02-14,2020-02-12,2020-02-13,3016,2020-02-14,2022-09-02,2576,tuned,base,hist_gradient_boosting,3
18,3,macro_auc,0.4872117123096876,"{""model__early_stopping"": false, ""model__l2_regularization"": 1.0, ""model__learning_rate"": 0.025, ""model__max_iter"": 200, ""model__max_leaf_nodes"": 7, ""model__min_samples_leaf"": 80}",0.48619475985883076,0.4872117123096876,3,2019-09-06,2022-09-01,2022-09-02,3016,2022-09-06,2025-04-03,2588,tuned,base,hist_gradient_boosting,3
19,1,macro_auc,0.5106380212331434,"{""model__early_stopping"": false, ""model__l2_regularization"": 10.0, ""model__learning_rate"": 0.025, ""model__max_iter"": 200, ""model__max_leaf_nodes"": 3, ""model__min_samples_leaf"": 80}",0.499880211773454,0.5106380212331434,5,2015-01-02,2017-07-21,2017-07-24,2572,2017-07-25,2020-02-13,2576,tuned,base,hist_gradient_boosting,3
19,2,macro_auc,0.5308294477285473,"{""model__early_stopping"": false, ""model__l2_regularization"": 10.0, ""model__learning_rate"": 0.025, ""model__max_iter"": 200, ""model__max_leaf_nodes"": 3, ""model__min_samples_leaf"": 80}",0.5302704140866873,0.5308294477285473,5,2015-02-17,2020-02-12,2020-02-13,5028,2020-02-14,2022-09-02,2576,tuned,base,hist_gradient_boosting,3
19,3,macro_auc,0.47815653559836946,"{""model__early_stopping"": false, ""model__l2_regularization"": 10.0, ""model__learning_rate"": 0.025, ""model__max_iter"": 200, ""model__max_leaf_nodes"": 3, ""model__min_samples_leaf"": 80}",0.4810699420745742,0.47815653559836946,5,2017-09-06,2022-09-01,2022-09-02,5028,2022-09-06,2025-04-03,2588,tuned,base,hist_gradient_boosting,3
0,1,macro_auc,0.5114218834807122,"{""model__C"": 0.1}",0.4998923422267752,0.5114218834807122,all,2015-01-02,2017-07-21,2017-07-24,2572,2017-07-25,2020-02-13,2576,tuned,hybrid,logistic_regression,3
0,2,macro_auc,0.5161507432906334,"{""model__C"": 0.1}",0.5169976296439629,0.5161507432906334,all,2015-01-02,2020-02-12,2020-02-13,5148,2020-02-14,2022-09-02,2576,tuned,hybrid,logistic_regression,3
0,3,macro_auc,0.5076979358016007,"{""model__C"": 0.1}",0.5055401977520332,0.5076979358016007,all,2015-01-02,2022-09-01,2022-09-02,7724,2022-09-06,2025-04-03,2588,tuned,hybrid,logistic_regression,3
1,1,macro_auc,0.5106374503203938,"{""model__C"": 10.0}",0.49935799575798046,0.5106374503203938,all,2015-01-02,2017-07-21,2017-07-24,2572,2017-07-25,2020-02-13,2576,tuned,hybrid,logistic_regression,3
1,2,macro_auc,0.5142359398199156,"{""model__C"": 10.0}",0.515680026122291,0.5142359398199156,all,2015-01-02,2020-02-12,2020-02-13,5148,2020-02-14,2022-09-02,2576,tuned,hybrid,logistic_regression,3
1,3,macro_auc,0.50803598798333,"{""model__C"": 10.0}",0.5060334989258861,0.50803598798333,all,2015-01-02,2022-09-01,2022-09-02,7724,2022-09-06,2025-04-03,2588,tuned,hybrid,logistic_regression,3
2,1,macro_auc,0.5114218834807122,"{""model__C"": 0.1}",0.4998923422267752,0.5114218834807122,3,2015-01-02,2017-07-21,2017-07-24,2572,2017-07-25,2020-02-13,2576,tuned,hybrid,logistic_regression,3
2,2,macro_auc,0.5232076119221758,"{""model__C"": 0.1}",0.523132135255418,0.5232076119221758,3,2017-02-14,2020-02-12,2020-02-13,3016,2020-02-14,2022-09-02,2576,tuned,hybrid,logistic_regression,3
2,3,macro_auc,0.5146711119388734,"{""model__C"": 0.1}",0.5103149695028388,0.5146711119388734,3,2019-09-06,2022-09-01,2022-09-02,3016,2022-09-06,2025-04-03,2588,tuned,hybrid,logistic_regression,3
3,1,macro_auc,0.5106374503203938,"{""model__C"": 10.0}",0.49935799575798046,0.5106374503203938,3,2015-01-02,2017-07-21,2017-07-24,2572,2017-07-25,2020-02-13,2576,tuned,hybrid,logistic_regression,3
3,2,macro_auc,0.5218013473698218,"{""model__C"": 10.0}",0.5214565595975232,0.5218013473698218,3,2017-02-14,2020-02-12,2020-02-13,3016,2020-02-14,2022-09-02,2576,tuned,hybrid,logistic_regression,3
3,3,macro_auc,0.5151864643495939,"{""model__C"": 10.0}",0.5113015718505447,0.5151864643495939,3,2019-09-06,2022-09-01,2022-09-02,3016,2022-09-06,2025-04-03,2588,tuned,hybrid,logistic_regression,3
4,1,macro_auc,0.5114218834807122,"{""model__C"": 0.1}",0.4998923422267752,0.5114218834807122,5,2015-01-02,2017-07-21,2017-07-24,2572,2017-07-25,2020-02-13,2576,tuned,hybrid,logistic_regression,3
4,2,macro_auc,0.5168037619937071,"{""model__C"": 0.1}",0.5175714734907121,0.5168037619937071,5,2015-02-17,2020-02-12,2020-02-13,5028,2020-02-14,2022-09-02,2576,tuned,hybrid,logistic_regression,3
4,3,macro_auc,0.5085471290726533,"{""model__C"": 0.1}",0.5096304616771521,0.5085471290726533,5,2017-09-06,2022-09-01,2022-09-02,5028,2022-09-06,2025-04-03,2588,tuned,hybrid,logistic_regression,3
5,1,macro_auc,0.5106374503203938,"{""model__C"": 10.0}",0.49935799575798046,0.5106374503203938,5,2015-01-02,2017-07-21,2017-07-24,2572,2017-07-25,2020-02-13,2576,tuned,hybrid,logistic_regression,3
5,2,macro_auc,0.5160985574680462,"{""model__C"": 10.0}",0.5170115373452013,0.5160985574680462,5,2015-02-17,2020-02-12,2020-02-13,5028,2020-02-14,2022-09-02,2576,tuned,hybrid,logistic_regression,3
5,3,macro_auc,0.5088072184306985,"{""model__C"": 10.0}",0.5099589295304587,0.5088072184306985,5,2017-09-06,2022-09-01,2022-09-02,5028,2022-09-06,2025-04-03,2588,tuned,hybrid,logistic_regression,3
0,1,macro_auc,0.5158768241787471,"{""model__max_depth"": 4, ""model__min_samples_leaf"": 20, ""model__n_estimators"": 100}",0.5016646014569888,0.5158768241787471,all,2015-01-02,2017-07-21,2017-07-24,2572,2017-07-25,2020-02-13,2576,tuned,hybrid,random_forest,3
0,2,macro_auc,0.5195063654468176,"{""model__max_depth"": 4, ""model__min_samples_leaf"": 20, ""model__n_estimators"": 100}",0.5193111455108359,0.5195063654468176,all,2015-01-02,2020-02-12,2020-02-13,5148,2020-02-14,2022-09-02,2576,tuned,hybrid,random_forest,3
0,3,macro_auc,0.5091112987691859,"{""model__max_depth"": 4, ""model__min_samples_leaf"": 20, ""model__n_estimators"": 100}",0.5053681717047721,0.5091112987691859,all,2015-01-02,2022-09-01,2022-09-02,7724,2022-09-06,2025-04-03,2588,tuned,hybrid,random_forest,3
1,1,macro_auc,0.5172991443607122,"{""model__max_depth"": 8, ""model__min_samples_leaf"": 20, ""model__n_estimators"": 100}",0.50442124697421,0.5172991443607122,all,2015-01-02,2017-07-21,2017-07-24,2572,2017-07-25,2020-02-13,2576,tuned,hybrid,random_forest,3
1,2,macro_auc,0.5134324775321362,"{""model__max_depth"": 8, ""model__min_samples_leaf"": 20, ""model__n_estimators"": 100}",0.5148074690402477,0.5134324775321362,all,2015-01-02,2020-02-12,2020-02-13,5148,2020-02-14,2022-09-02,2576,tuned,hybrid,random_forest,3
1,3,macro_auc,0.5087950544139717,"{""model__max_depth"": 8, ""model__min_samples_leaf"": 20, ""model__n_estimators"": 100}",0.5063739546570507,0.5087950544139717,all,2015-01-02,2022-09-01,2022-09-02,7724,2022-09-06,2025-04-03,2588,tuned,hybrid,random_forest,3
2,1,macro_auc,0.5179777223333748,"{""model__max_depth"": 8, ""model__max_features"": 0.5, ""model__min_samples_leaf"": 20, ""model__n_estimators"": 100}",0.5050768979762158,0.5179777223333748,all,2015-01-02,2017-07-21,2017-07-24,2572,2017-07-25,2020-02-13,2576,tuned,hybrid,random_forest,3
2,2,macro_auc,0.5249343865328135,"{""model__max_depth"": 8, ""model__max_features"": 0.5, ""model__min_samples_leaf"": 20, ""model__n_estimators"": 100}",0.5253549487229102,0.5249343865328135,all,2015-01-02,2020-02-12,2020-02-13,5148,2020-02-14,2022-09-02,2576,tuned,hybrid,random_forest,3
2,3,macro_auc,0.5011189798346871,"{""model__max_depth"": 8, ""model__max_features"": 0.5, ""model__min_samples_leaf"": 20, ""model__n_estimators"": 100}",0.4998873139481357,0.5011189798346871,all,2015-01-02,2022-09-01,2022-09-02,7724,2022-09-06,2025-04-03,2588,tuned,hybrid,random_forest,3
3,1,macro_auc,0.5206111064829239,"{""model__max_depth"": 8, ""model__max_features"": 1.0, ""model__min_samples_leaf"": 5, ""model__n_estimators"": 100}",0.5119524389186186,0.5206111064829239,3,2015-01-02,2017-07-21,2017-07-24,2572,2017-07-25,2020-02-13,2576,tuned,hybrid,random_forest,3
3,2,macro_auc,0.5272222597379717,"{""model__max_depth"": 8, ""model__max_features"": 1.0, ""model__min_samples_leaf"": 5, ""model__n_estimators"": 100}",0.5257582720588235,0.5272222597379717,3,2017-02-14,2020-02-12,2020-02-13,3016,2020-02-14,2022-09-02,2576,tuned,hybrid,random_forest,3
3,3,macro_auc,0.5116523016537551,"{""model__max_depth"": 8, ""model__max_features"": 1.0, ""model__min_samples_leaf"": 5, ""model__n_estimators"": 100}",0.5086720308424122,0.5116523016537551,3,2019-09-06,2022-09-01,2022-09-02,3016,2022-09-06,2025-04-03,2588,tuned,hybrid,random_forest,3
4,1,macro_auc,0.5226127182624614,"{""model__max_depth"": 3, ""model__max_features"": 1.0, ""model__min_samples_leaf"": 20, ""model__n_estimators"": 100}",0.5084743346901246,0.5226127182624614,5,2015-01-02,2017-07-21,2017-07-24,2572,2017-07-25,2020-02-13,2576,tuned,hybrid,random_forest,3
4,2,macro_auc,0.5208863721082084,"{""model__max_depth"": 3, ""model__max_features"": 1.0, ""model__min_samples_leaf"": 20, ""model__n_estimators"": 100}",0.5208035023219815,0.5208863721082084,5,2015-02-17,2020-02-12,2020-02-13,5028,2020-02-14,2022-09-02,2576,tuned,hybrid,random_forest,3
4,3,macro_auc,0.49058996594994214,"{""model__max_depth"": 3, ""model__max_features"": 1.0, ""model__min_samples_leaf"": 20, ""model__n_estimators"": 100}",0.49046094589151457,0.49058996594994214,5,2017-09-06,2022-09-01,2022-09-02,5028,2022-09-06,2025-04-03,2588,tuned,hybrid,random_forest,3
5,1,macro_auc,0.5212744867924708,"{""model__max_depth"": 8, ""model__max_features"": 1.0, ""model__min_samples_leaf"": 20, ""model__n_estimators"": 200}",0.5103287777415886,0.5212744867924708,all,2015-01-02,2017-07-21,2017-07-24,2572,2017-07-25,2020-02-13,2576,tuned,hybrid,random_forest,3
5,2,macro_auc,0.5262147818427115,"{""model__max_depth"": 8, ""model__max_features"": 1.0, ""model__min_samples_leaf"": 20, ""model__n_estimators"": 200}",0.5268140479876161,0.5262147818427115,all,2015-01-02,2020-02-12,2020-02-13,5148,2020-02-14,2022-09-02,2576,tuned,hybrid,random_forest,3
5,3,macro_auc,0.5047191014937523,"{""model__max_depth"": 8, ""model__max_features"": 1.0, ""model__min_samples_leaf"": 20, ""model__n_estimators"": 200}",0.5027152543348167,0.5047191014937523,all,2015-01-02,2022-09-01,2022-09-02,7724,2022-09-06,2025-04-03,2588,tuned,hybrid,random_forest,3
6,1,macro_auc,0.5202607983520754,"{""model__max_depth"": 3, ""model__max_features"": 0.5, ""model__min_samples_leaf"": 40, ""model__n_estimators"": 200}",0.504945889080348,0.5202607983520754,3,2015-01-02,2017-07-21,2017-07-24,2572,2017-07-25,2020-02-13,2576,tuned,hybrid,random_forest,3
6,2,macro_auc,0.5286080358385052,"{""model__max_depth"": 3, ""model__max_features"": 0.5, ""model__min_samples_leaf"": 40, ""model__n_estimators"": 200}",0.527852288119195,0.5286080358385052,3,2017-02-14,2020-02-12,2020-02-13,3016,2020-02-14,2022-09-02,2576,tuned,hybrid,random_forest,3
6,3,macro_auc,0.5069316910100747,"{""model__max_depth"": 3, ""model__max_features"": 0.5, ""model__min_samples_leaf"": 40, ""model__n_estimators"": 200}",0.5031414233926653,0.5069316910100747,3,2019-09-06,2022-09-01,2022-09-02,3016,2022-09-06,2025-04-03,2588,tuned,hybrid,random_forest,3
7,1,macro_auc,0.5152848495552285,"{""model__max_depth"": 4, ""model__max_features"": 1.0, ""model__min_samples_leaf"": 5, ""model__n_estimators"": 200}",0.5043448251182872,0.5152848495552285,5,2015-01-02,2017-07-21,2017-07-24,2572,2017-07-25,2020-02-13,2576,tuned,hybrid,random_forest,3
7,2,macro_auc,0.5272605946742486,"{""model__max_depth"": 4, ""model__max_features"": 1.0, ""model__min_samples_leaf"": 5, ""model__n_estimators"": 200}",0.5273292376160991,0.5272605946742486,5,2015-02-17,2020-02-12,2020-02-13,5028,2020-02-14,2022-09-02,2576,tuned,hybrid,random_forest,3
7,3,macro_auc,0.4940901471064961,"{""model__max_depth"": 4, ""model__max_features"": 1.0, ""model__min_samples_leaf"": 5, ""model__n_estimators"": 200}",0.49369317745895347,0.4940901471064961,5,2017-09-06,2022-09-01,2022-09-02,5028,2022-09-06,2025-04-03,2588,tuned,hybrid,random_forest,3
8,1,macro_auc,0.5182362219638927,"{""model__max_depth"": 6, ""model__max_features"": 1.0, ""model__min_samples_leaf"": 10, ""model__n_estimators"": 200}",0.506603515526677,0.5182362219638927,all,2015-01-02,2017-07-21,2017-07-24,2572,2017-07-25,2020-02-13,2576,tuned,hybrid,random_forest,3
8,2,macro_auc,0.5267027761700613,"{""model__max_depth"": 6, ""model__max_features"": 1.0, ""model__min_samples_leaf"": 10, ""model__n_estimators"": 200}",0.5269253095975233,0.5267027761700613,all,2015-01-02,2020-02-12,2020-02-13,5148,2020-02-14,2022-09-02,2576,tuned,hybrid,random_forest,3
8,3,macro_auc,0.5041198077445104,"{""model__max_depth"": 6, ""model__max_features"": 1.0, ""model__min_samples_leaf"": 10, ""model__n_estimators"": 200}",0.5025749961638791,0.5041198077445104,all,2015-01-02,2022-09-01,2022-09-02,7724,2022-09-06,2025-04-03,2588,tuned,hybrid,random_forest,3
9,1,macro_auc,0.5168683027856357,"{""model__max_depth"": 4, ""model__max_features"": ""sqrt"", ""model__min_samples_leaf"": 10, ""model__n_estimators"": 200}",0.5014959881558254,0.5168683027856357,3,2015-01-02,2017-07-21,2017-07-24,2572,2017-07-25,2020-02-13,2576,tuned,hybrid,random_forest,3
9,2,macro_auc,0.5192638602198065,"{""model__max_depth"": 4, ""model__max_features"": ""sqrt"", ""model__min_samples_leaf"": 10, ""model__n_estimators"": 200}",0.5183049535603714,0.5192638602198065,3,2017-02-14,2020-02-12,2020-02-13,3016,2020-02-14,2022-09-02,2576,tuned,hybrid,random_forest,3
9,3,macro_auc,0.5135802156852177,"{""model__max_depth"": 4, ""model__max_features"": ""sqrt"", ""model__min_samples_leaf"": 10, ""model__n_estimators"": 200}",0.5090958023246892,0.5135802156852177,3,2019-09-06,2022-09-01,2022-09-02,3016,2022-09-06,2025-04-03,2588,tuned,hybrid,random_forest,3
10,1,macro_auc,0.5210917451311747,"{""model__max_depth"": 6, ""model__max_features"": ""sqrt"", ""model__min_samples_leaf"": 40, ""model__n_estimators"": 100}",0.5065962372546843,0.5210917451311747,5,2015-01-02,2017-07-21,2017-07-24,2572,2017-07-25,2020-02-13,2576,tuned,hybrid,random_forest,3
10,2,macro_auc,0.5159715167761828,"{""model__max_depth"": 6, ""model__max_features"": ""sqrt"", ""model__min_samples_leaf"": 40, ""model__n_estimators"": 100}",0.5171221942724458,0.5159715167761828,5,2015-02-17,2020-02-12,2020-02-13,5028,2020-02-14,2022-09-02,2576,tuned,hybrid,random_forest,3
10,3,macro_auc,0.5087003031951371,"{""model__max_depth"": 6, ""model__max_features"": ""sqrt"", ""model__min_samples_leaf"": 40, ""model__n_estimators"": 100}",0.5071537661117078,0.5087003031951371,5,2017-09-06,2022-09-01,2022-09-02,5028,2022-09-06,2025-04-03,2588,tuned,hybrid,random_forest,3
11,1,macro_auc,0.513965013517313,"{""model__max_depth"": 8, ""model__max_features"": 0.5, ""model__min_samples_leaf"": 10, ""model__n_estimators"": 200}",0.5029965252316462,0.513965013517313,all,2015-01-02,2017-07-21,2017-07-24,2572,2017-07-25,2020-02-13,2576,tuned,hybrid,random_forest,3
11,2,macro_auc,0.518463881362947,"{""model__max_depth"": 8, ""model__max_features"": 0.5, ""model__min_samples_leaf"": 10, ""model__n_estimators"": 200}",0.5184367743808049,0.518463881362947,all,2015-01-02,2020-02-12,2020-02-13,5148,2020-02-14,2022-09-02,2576,tuned,hybrid,random_forest,3
11,3,macro_auc,0.5072348481827054,"{""model__max_depth"": 8, ""model__max_features"": 0.5, ""model__min_samples_leaf"": 10, ""model__n_estimators"": 200}",0.5040483063526162,0.5072348481827054,all,2015-01-02,2022-09-01,2022-09-02,7724,2022-09-06,2025-04-03,2588,tuned,hybrid,random_forest,3
12,1,macro_auc,0.5179777223333748,"{""model__max_depth"": 8, ""model__max_features"": 0.5, ""model__min_samples_leaf"": 20, ""model__n_estimators"": 100}",0.5050768979762158,0.5179777223333748,3,2015-01-02,2017-07-21,2017-07-24,2572,2017-07-25,2020-02-13,2576,tuned,hybrid,random_forest,3
12,2,macro_auc,0.518005991903718,"{""model__max_depth"": 8, ""model__max_features"": 0.5, ""model__min_samples_leaf"": 20, ""model__n_estimators"": 100}",0.5177365518575852,0.518005991903718,3,2017-02-14,2020-02-12,2020-02-13,3016,2020-02-14,2022-09-02,2576,tuned,hybrid,random_forest,3
12,3,macro_auc,0.5107022589087433,"{""model__max_depth"": 8, ""model__max_features"": 0.5, ""model__min_samples_leaf"": 20, ""model__n_estimators"": 100}",0.5059627704465245,0.5107022589087433,3,2019-09-06,2022-09-01,2022-09-02,3016,2022-09-06,2025-04-03,2588,tuned,hybrid,random_forest,3
13,1,macro_auc,0.517803847255801,"{""model__max_depth"": 8, ""model__max_features"": 1.0, ""model__min_samples_leaf"": 10, ""model__n_estimators"": 100}",0.5074429428964975,0.517803847255801,5,2015-01-02,2017-07-21,2017-07-24,2572,2017-07-25,2020-02-13,2576,tuned,hybrid,random_forest,3
13,2,macro_auc,0.5251973340019629,"{""model__max_depth"": 8, ""model__max_features"": 1.0, ""model__min_samples_leaf"": 10, ""model__n_estimators"": 100}",0.5257274332430341,0.5251973340019629,5,2015-02-17,2020-02-12,2020-02-13,5028,2020-02-14,2022-09-02,2576,tuned,hybrid,random_forest,3
13,3,macro_auc,0.5013523198471681,"{""model__max_depth"": 8, ""model__max_features"": 1.0, ""model__min_samples_leaf"": 10, ""model__n_estimators"": 100}",0.4996103939696179,0.5013523198471681,5,2017-09-06,2022-09-01,2022-09-02,5028,2022-09-06,2025-04-03,2588,tuned,hybrid,random_forest,3
14,1,macro_auc,0.5204293084445772,"{""model__max_depth"": 8, ""model__max_features"": ""sqrt"", ""model__min_samples_leaf"": 40, ""model__n_estimators"": 200}",0.5061213300071631,0.5204293084445772,all,2015-01-02,2017-07-21,2017-07-24,2572,2017-07-25,2020-02-13,2576,tuned,hybrid,random_forest,3
14,2,macro_auc,0.519115340362718,"{""model__max_depth"": 8, ""model__max_features"": ""sqrt"", ""model__min_samples_leaf"": 40, ""model__n_estimators"": 200}",0.5191841621517028,0.519115340362718,all,2015-01-02,2020-02-12,2020-02-13,5148,2020-02-14,2022-09-02,2576,tuned,hybrid,random_forest,3
14,3,macro_auc,0.5075329906941992,"{""model__max_depth"": 8, ""model__max_features"": ""sqrt"", ""model__min_samples_leaf"": 40, ""model__n_estimators"": 200}",0.5061371940693571,0.5075329906941992,all,2015-01-02,2022-09-01,2022-09-02,7724,2022-09-06,2025-04-03,2588,tuned,hybrid,random_forest,3
15,1,macro_auc,0.5185634515372923,"{""model__max_depth"": 4, ""model__max_features"": ""sqrt"", ""model__min_samples_leaf"": 10, ""model__n_estimators"": 100}",0.5036445947003263,0.5185634515372923,3,2015-01-02,2017-07-21,2017-07-24,2572,2017-07-25,2020-02-13,2576,tuned,hybrid,random_forest,3
15,2,macro_auc,0.5185967291801951,"{""model__max_depth"": 4, ""model__max_features"": ""sqrt"", ""model__min_samples_leaf"": 10, ""model__n_estimators"": 100}",0.5179953560371517,0.5185967291801951,3,2017-02-14,2020-02-12,2020-02-13,3016,2020-02-14,2022-09-02,2576,tuned,hybrid,random_forest,3
15,3,macro_auc,0.5167852749228539,"{""model__max_depth"": 4, ""model__max_features"": ""sqrt"", ""model__min_samples_leaf"": 10, ""model__n_estimators"": 100}",0.5113135597284026,0.5167852749228539,3,2019-09-06,2022-09-01,2022-09-02,3016,2022-09-06,2025-04-03,2588,tuned,hybrid,random_forest,3
16,1,macro_auc,0.5212372816399277,"{""model__max_depth"": 3, ""model__max_features"": 1.0, ""model__min_samples_leaf"": 20, ""model__n_estimators"": 200}",0.506044604889907,0.5212372816399277,5,2015-01-02,2017-07-21,2017-07-24,2572,2017-07-25,2020-02-13,2576,tuned,hybrid,random_forest,3
16,2,macro_auc,0.5206867842952863,"{""model__max_depth"": 3, ""model__max_features"": 1.0, ""model__min_samples_leaf"": 20, ""model__n_estimators"": 200}",0.5210236068111455,0.5206867842952863,5,2015-02-17,2020-02-12,2020-02-13,5028,2020-02-14,2022-09-02,2576,tuned,hybrid,random_forest,3
16,3,macro_auc,0.491539328855087,"{""model__max_depth"": 3, ""model__max_features"": 1.0, ""model__min_samples_leaf"": 20, ""model__n_estimators"": 200}",0.49157551883535366,0.491539328855087,5,2017-09-06,2022-09-01,2022-09-02,5028,2022-09-06,2025-04-03,2588,tuned,hybrid,random_forest,3
17,1,macro_auc,0.5192766696972109,"{""model__max_depth"": 4, ""model__max_features"": 0.5, ""model__min_samples_leaf"": 40, ""model__n_estimators"": 100}",0.5055903194130317,0.5192766696972109,all,2015-01-02,2017-07-21,2017-07-24,2572,2017-07-25,2020-02-13,2576,tuned,hybrid,random_forest,3
17,2,macro_auc,0.5213616259943847,"{""model__max_depth"": 4, ""model__max_features"": 0.5, ""model__min_samples_leaf"": 40, ""model__n_estimators"": 100}",0.5221694804566563,0.5213616259943847,all,2015-01-02,2020-02-12,2020-02-13,5148,2020-02-14,2022-09-02,2576,tuned,hybrid,random_forest,3
17,3,macro_auc,0.5028963235769037,"{""model__max_depth"": 4, ""model__max_features"": 0.5, ""model__min_samples_leaf"": 40, ""model__n_estimators"": 100}",0.5017562241061838,0.5028963235769037,all,2015-01-02,2022-09-01,2022-09-02,7724,2022-09-06,2025-04-03,2588,tuned,hybrid,random_forest,3
18,1,macro_auc,0.5201204098344725,"{""model__max_depth"": 4, ""model__max_features"": ""sqrt"", ""model__min_samples_leaf"": 40, ""model__n_estimators"": 100}",0.5030250317969509,0.5201204098344725,3,2015-01-02,2017-07-21,2017-07-24,2572,2017-07-25,2020-02-13,2576,tuned,hybrid,random_forest,3
18,2,macro_auc,0.5231536654517072,"{""model__max_depth"": 4, ""model__max_features"": ""sqrt"", ""model__min_samples_leaf"": 40, ""model__n_estimators"": 100}",0.5226707623839009,0.5231536654517072,3,2017-02-14,2020-02-12,2020-02-13,3016,2020-02-14,2022-09-02,2576,tuned,hybrid,random_forest,3
18,3,macro_auc,0.513512216631418,"{""model__max_depth"": 4, ""model__max_features"": ""sqrt"", ""model__min_samples_leaf"": 40, ""model__n_estimators"": 100}",0.508311795112782,0.513512216631418,3,2019-09-06,2022-09-01,2022-09-02,3016,2022-09-06,2025-04-03,2588,tuned,hybrid,random_forest,3
19,1,macro_auc,0.5182669302643914,"{""model__max_depth"": 3, ""model__max_features"": 0.5, ""model__min_samples_leaf"": 20, ""model__n_estimators"": 100}",0.5032691571700381,0.5182669302643914,5,2015-01-02,2017-07-21,2017-07-24,2572,2017-07-25,2020-02-13,2576,tuned,hybrid,random_forest,3
19,2,macro_auc,0.5254308138048357,"{""model__max_depth"": 3, ""model__max_features"": 0.5, ""model__min_samples_leaf"": 20, ""model__n_estimators"": 100}",0.5251103545859133,0.5254308138048357,5,2015-02-17,2020-02-12,2020-02-13,5028,2020-02-14,2022-09-02,2576,tuned,hybrid,random_forest,3
19,3,macro_auc,0.4951810138653494,"{""model__max_depth"": 3, ""model__max_features"": 0.5, ""model__min_samples_leaf"": 20, ""model__n_estimators"": 100}",0.49335751687893203,0.4951810138653494,5,2017-09-06,2022-09-01,2022-09-02,5028,2022-09-06,2025-04-03,2588,tuned,hybrid,random_forest,3
0,1,macro_auc,0.5178056833174755,"{""model__early_stopping"": false, ""model__max_iter"": 100, ""model__max_leaf_nodes"": 7}",0.5094499263984744,0.5178056833174755,all,2015-01-02,2017-07-21,2017-07-24,2572,2017-07-25,2020-02-13,2576,tuned,hybrid,hist_gradient_boosting,3
0,2,macro_auc,0.5136395219180928,"{""model__early_stopping"": false, ""model__max_iter"": 100, ""model__max_leaf_nodes"": 7}",0.5127258489744582,0.5136395219180928,all,2015-01-02,2020-02-12,2020-02-13,5148,2020-02-14,2022-09-02,2576,tuned,hybrid,hist_gradient_boosting,3
0,3,macro_auc,0.5015317149354707,"{""model__early_stopping"": false, ""model__max_iter"": 100, ""model__max_leaf_nodes"": 7}",0.4996151891207611,0.5015317149354707,all,2015-01-02,2022-09-01,2022-09-02,7724,2022-09-06,2025-04-03,2588,tuned,hybrid,hist_gradient_boosting,3
1,1,macro_auc,0.5190708855698669,"{""model__early_stopping"": false, ""model__max_iter"": 100, ""model__max_leaf_nodes"": 15}",0.5122805676809545,0.5190708855698669,all,2015-01-02,2017-07-21,2017-07-24,2572,2017-07-25,2020-02-13,2576,tuned,hybrid,hist_gradient_boosting,3
1,2,macro_auc,0.5228645541124897,"{""model__early_stopping"": false, ""model__max_iter"": 100, ""model__max_leaf_nodes"": 15}",0.5217991123258514,0.5228645541124897,all,2015-01-02,2020-02-12,2020-02-13,5148,2020-02-14,2022-09-02,2576,tuned,hybrid,hist_gradient_boosting,3
1,3,macro_auc,0.5103212605586348,"{""model__early_stopping"": false, ""model__max_iter"": 100, ""model__max_leaf_nodes"": 15}",0.5092762198864509,0.5103212605586348,all,2015-01-02,2022-09-01,2022-09-02,7724,2022-09-06,2025-04-03,2588,tuned,hybrid,hist_gradient_boosting,3
2,1,macro_auc,0.5189987533164229,"{""model__early_stopping"": false, ""model__l2_regularization"": 1.0, ""model__learning_rate"": 0.05, ""model__max_iter"": 100, ""model__max_leaf_nodes"": 31, ""model__min_samples_leaf"": 20}",0.5121883762357141,0.5189987533164229,all,2015-01-02,2017-07-21,2017-07-24,2572,2017-07-25,2020-02-13,2576,tuned,hybrid,hist_gradient_boosting,3
2,2,macro_auc,0.5164447812591855,"{""model__early_stopping"": false, ""model__l2_regularization"": 1.0, ""model__learning_rate"": 0.05, ""model__max_iter"": 100, ""model__max_leaf_nodes"": 31, ""model__min_samples_leaf"": 20}",0.5161891689241486,0.5164447812591855,all,2015-01-02,2020-02-12,2020-02-13,5148,2020-02-14,2022-09-02,2576,tuned,hybrid,hist_gradient_boosting,3
2,3,macro_auc,0.5154188791913501,"{""model__early_stopping"": false, ""model__l2_regularization"": 1.0, ""model__learning_rate"": 0.05, ""model__max_iter"": 100, ""model__max_leaf_nodes"": 31, ""model__min_samples_leaf"": 20}",0.5133269238146386,0.5154188791913501,all,2015-01-02,2022-09-01,2022-09-02,7724,2022-09-06,2025-04-03,2588,tuned,hybrid,hist_gradient_boosting,3
3,1,macro_auc,0.51820226558891,"{""model__early_stopping"": false, ""model__l2_regularization"": 0.0, ""model__learning_rate"": 0.1, ""model__max_iter"": 200, ""model__max_leaf_nodes"": 3, ""model__min_samples_leaf"": 10}",0.5092297586706964,0.51820226558891,3,2015-01-02,2017-07-21,2017-07-24,2572,2017-07-25,2020-02-13,2576,tuned,hybrid,hist_gradient_boosting,3
3,2,macro_auc,0.5154097551519362,"{""model__early_stopping"": false, ""model__l2_regularization"": 0.0, ""model__learning_rate"": 0.1, ""model__max_iter"": 200, ""model__max_leaf_nodes"": 3, ""model__min_samples_leaf"": 10}",0.514875193498452,0.5154097551519362,3,2017-02-14,2020-02-12,2020-02-13,3016,2020-02-14,2022-09-02,2576,tuned,hybrid,hist_gradient_boosting,3
3,3,macro_auc,0.49915345721175425,"{""model__early_stopping"": false, ""model__l2_regularization"": 0.0, ""model__learning_rate"": 0.1, ""model__max_iter"": 200, ""model__max_leaf_nodes"": 3, ""model__min_samples_leaf"": 10}",0.49678664934018724,0.49915345721175425,3,2019-09-06,2022-09-01,2022-09-02,3016,2022-09-06,2025-04-03,2588,tuned,hybrid,hist_gradient_boosting,3
4,1,macro_auc,0.5164261196576254,"{""model__early_stopping"": false, ""model__l2_regularization"": 10.0, ""model__learning_rate"": 0.1, ""model__max_iter"": 200, ""model__max_leaf_nodes"": 31, ""model__min_samples_leaf"": 80}",0.5080427938132261,0.5164261196576254,5,2015-01-02,2017-07-21,2017-07-24,2572,2017-07-25,2020-02-13,2576,tuned,hybrid,hist_gradient_boosting,3
4,2,macro_auc,0.5122664820005718,"{""model__early_stopping"": false, ""model__l2_regularization"": 10.0, ""model__learning_rate"": 0.1, ""model__max_iter"": 200, ""model__max_leaf_nodes"": 31, ""model__min_samples_leaf"": 80}",0.5124782314241486,0.5122664820005718,5,2015-02-17,2020-02-12,2020-02-13,5028,2020-02-14,2022-09-02,2576,tuned,hybrid,hist_gradient_boosting,3
4,3,macro_auc,0.5123346442556658,"{""model__early_stopping"": false, ""model__l2_regularization"": 10.0, ""model__learning_rate"": 0.1, ""model__max_iter"": 200, ""model__max_leaf_nodes"": 31, ""model__min_samples_leaf"": 80}",0.5118020657511125,0.5123346442556658,5,2017-09-06,2022-09-01,2022-09-02,5028,2022-09-06,2025-04-03,2588,tuned,hybrid,hist_gradient_boosting,3
5,1,macro_auc,0.5173024019278656,"{""model__early_stopping"": false, ""model__l2_regularization"": 1.0, ""model__learning_rate"": 0.025, ""model__max_iter"": 200, ""model__max_leaf_nodes"": 15, ""model__min_samples_leaf"": 80}",0.5056791749836087,0.5173024019278656,all,2015-01-02,2017-07-21,2017-07-24,2572,2017-07-25,2020-02-13,2576,tuned,hybrid,hist_gradient_boosting,3
5,2,macro_auc,0.5294497299118115,"{""model__early_stopping"": false, ""model__l2_regularization"": 1.0, ""model__learning_rate"": 0.025, ""model__max_iter"": 200, ""model__max_leaf_nodes"": 15, ""model__min_samples_leaf"": 80}",0.5283717105263158,0.5294497299118115,all,2015-01-02,2020-02-12,2020-02-13,5148,2020-02-14,2022-09-02,2576,tuned,hybrid,hist_gradient_boosting,3
5,3,macro_auc,0.5045575183775695,"{""model__early_stopping"": false, ""model__l2_regularization"": 1.0, ""model__learning_rate"": 0.025, ""model__max_iter"": 200, ""model__max_leaf_nodes"": 15, ""model__min_samples_leaf"": 80}",0.5041795736151603,0.5045575183775695,all,2015-01-02,2022-09-01,2022-09-02,7724,2022-09-06,2025-04-03,2588,tuned,hybrid,hist_gradient_boosting,3
6,1,macro_auc,0.5228929933517061,"{""model__early_stopping"": false, ""model__l2_regularization"": 10.0, ""model__learning_rate"": 0.025, ""model__max_iter"": 200, ""model__max_leaf_nodes"": 7, ""model__min_samples_leaf"": 80}",0.5101892775283958,0.5228929933517061,3,2015-01-02,2017-07-21,2017-07-24,2572,2017-07-25,2020-02-13,2576,tuned,hybrid,hist_gradient_boosting,3
6,2,macro_auc,0.5235993651923428,"{""model__early_stopping"": false, ""model__l2_regularization"": 10.0, ""model__learning_rate"": 0.025, ""model__max_iter"": 200, ""model__max_leaf_nodes"": 7, ""model__min_samples_leaf"": 80}",0.5225053816756966,0.5235993651923428,3,2017-02-14,2020-02-12,2020-02-13,3016,2020-02-14,2022-09-02,2576,tuned,hybrid,hist_gradient_boosting,3
6,3,macro_auc,0.5095083169264457,"{""model__early_stopping"": false, ""model__l2_regularization"": 10.0, ""model__learning_rate"": 0.025, ""model__max_iter"": 200, ""model__max_leaf_nodes"": 7, ""model__min_samples_leaf"": 80}",0.5079338772633113,0.5095083169264457,3,2019-09-06,2022-09-01,2022-09-02,3016,2022-09-06,2025-04-03,2588,tuned,hybrid,hist_gradient_boosting,3
7,1,macro_auc,0.5313596495012649,"{""model__early_stopping"": false, ""model__l2_regularization"": 1.0, ""model__learning_rate"": 0.1, ""model__max_iter"": 200, ""model__max_leaf_nodes"": 7, ""model__min_samples_leaf"": 40}",0.5234979011283141,0.5313596495012649,5,2015-01-02,2017-07-21,2017-07-24,2572,2017-07-25,2020-02-13,2576,tuned,hybrid,hist_gradient_boosting,3
7,2,macro_auc,0.5029525896189786,"{""model__early_stopping"": false, ""model__l2_regularization"": 1.0, ""model__learning_rate"": 0.1, ""model__max_iter"": 200, ""model__max_leaf_nodes"": 7, ""model__min_samples_leaf"": 40}",0.5020141979489164,0.5029525896189786,5,2015-02-17,2020-02-12,2020-02-13,5028,2020-02-14,2022-09-02,2576,tuned,hybrid,hist_gradient_boosting,3
7,3,macro_auc,0.48650810721184945,"{""model__early_stopping"": false, ""model__l2_regularization"": 1.0, ""model__learning_rate"": 0.1, ""model__max_iter"": 200, ""model__max_leaf_nodes"": 7, ""model__min_samples_leaf"": 40}",0.48760393490102816,0.48650810721184945,5,2017-09-06,2022-09-01,2022-09-02,5028,2022-09-06,2025-04-03,2588,tuned,hybrid,hist_gradient_boosting,3
8,1,macro_auc,0.5303165500826733,"{""model__early_stopping"": false, ""model__l2_regularization"": 10.0, ""model__learning_rate"": 0.025, ""model__max_iter"": 100, ""model__max_leaf_nodes"": 3, ""model__min_samples_leaf"": 40}",0.5147888421664262,0.5303165500826733,all,2015-01-02,2017-07-21,2017-07-24,2572,2017-07-25,2020-02-13,2576,tuned,hybrid,hist_gradient_boosting,3
8,2,macro_auc,0.5178962687420994,"{""model__early_stopping"": false, ""model__l2_regularization"": 10.0, ""model__learning_rate"": 0.025, ""model__max_iter"": 100, ""model__max_leaf_nodes"": 3, ""model__min_samples_leaf"": 40}",0.5179203753869969,0.5178962687420994,all,2015-01-02,2020-02-12,2020-02-13,5148,2020-02-14,2022-09-02,2576,tuned,hybrid,hist_gradient_boosting,3
8,3,macro_auc,0.5009738679420634,"{""model__early_stopping"": false, ""model__l2_regularization"": 10.0, ""model__learning_rate"": 0.025, ""model__max_iter"": 100, ""model__max_leaf_nodes"": 3, ""model__min_samples_leaf"": 40}",0.49803338863740987,0.5009738679420634,all,2015-01-02,2022-09-01,2022-09-02,7724,2022-09-06,2025-04-03,2588,tuned,hybrid,hist_gradient_boosting,3
9,1,macro_auc,0.5195738263738562,"{""model__early_stopping"": false, ""model__l2_regularization"": 1.0, ""model__learning_rate"": 0.1, ""model__max_iter"": 100, ""model__max_leaf_nodes"": 31, ""model__min_samples_leaf"": 20}",0.512878599029685,0.5195738263738562,3,2015-01-02,2017-07-21,2017-07-24,2572,2017-07-25,2020-02-13,2576,tuned,hybrid,hist_gradient_boosting,3
9,2,macro_auc,0.5113724146798995,"{""model__early_stopping"": false, ""model__l2_regularization"": 1.0, ""model__learning_rate"": 0.1, ""model__max_iter"": 100, ""model__max_leaf_nodes"": 31, ""model__min_samples_leaf"": 20}",0.5107518624226006,0.5113724146798995,3,2017-02-14,2020-02-12,2020-02-13,3016,2020-02-14,2022-09-02,2576,tuned,hybrid,hist_gradient_boosting,3
9,3,macro_auc,0.5083596477389634,"{""model__early_stopping"": false, ""model__l2_regularization"": 1.0, ""model__learning_rate"": 0.1, ""model__max_iter"": 100, ""model__max_leaf_nodes"": 31, ""model__min_samples_leaf"": 20}",0.505592345020715,0.5083596477389634,3,2019-09-06,2022-09-01,2022-09-02,3016,2022-09-06,2025-04-03,2588,tuned,hybrid,hist_gradient_boosting,3
10,1,macro_auc,0.519080971063357,"{""model__early_stopping"": false, ""model__l2_regularization"": 0.0, ""model__learning_rate"": 0.1, ""model__max_iter"": 100, ""model__max_leaf_nodes"": 31, ""model__min_samples_leaf"": 20}",0.5132043017013568,0.519080971063357,5,2015-01-02,2017-07-21,2017-07-24,2572,2017-07-25,2020-02-13,2576,tuned,hybrid,hist_gradient_boosting,3
10,2,macro_auc,0.5201822670666689,"{""model__early_stopping"": false, ""model__l2_regularization"": 0.0, ""model__learning_rate"": 0.1, ""model__max_iter"": 100, ""model__max_leaf_nodes"": 31, ""model__min_samples_leaf"": 20}",0.5197979150541795,0.5201822670666689,5,2015-02-17,2020-02-12,2020-02-13,5028,2020-02-14,2022-09-02,2576,tuned,hybrid,hist_gradient_boosting,3
10,3,macro_auc,0.5105261007938056,"{""model__early_stopping"": false, ""model__l2_regularization"": 0.0, ""model__learning_rate"": 0.1, ""model__max_iter"": 100, ""model__max_leaf_nodes"": 31, ""model__min_samples_leaf"": 20}",0.510548733121068,0.5105261007938056,5,2017-09-06,2022-09-01,2022-09-02,5028,2022-09-06,2025-04-03,2588,tuned,hybrid,hist_gradient_boosting,3
11,1,macro_auc,0.5258605229501055,"{""model__early_stopping"": false, ""model__l2_regularization"": 10.0, ""model__learning_rate"": 0.1, ""model__max_iter"": 200, ""model__max_leaf_nodes"": 7, ""model__min_samples_leaf"": 40}",0.5164164457407856,0.5258605229501055,all,2015-01-02,2017-07-21,2017-07-24,2572,2017-07-25,2020-02-13,2576,tuned,hybrid,hist_gradient_boosting,3
11,2,macro_auc,0.5145299591214164,"{""model__early_stopping"": false, ""model__l2_regularization"": 10.0, ""model__learning_rate"": 0.1, ""model__max_iter"": 200, ""model__max_leaf_nodes"": 7, ""model__min_samples_leaf"": 40}",0.5144234955495356,0.5145299591214164,all,2015-01-02,2020-02-12,2020-02-13,5148,2020-02-14,2022-09-02,2576,tuned,hybrid,hist_gradient_boosting,3
11,3,macro_auc,0.5024481308075758,"{""model__early_stopping"": false, ""model__l2_regularization"": 10.0, ""model__learning_rate"": 0.1, ""model__max_iter"": 200, ""model__max_leaf_nodes"": 7, ""model__min_samples_leaf"": 40}",0.5015871950283873,0.5024481308075758,all,2015-01-02,2022-09-01,2022-09-02,7724,2022-09-06,2025-04-03,2588,tuned,hybrid,hist_gradient_boosting,3
12,1,macro_auc,0.5175540543366235,"{""model__early_stopping"": false, ""model__l2_regularization"": 1.0, ""model__learning_rate"": 0.05, ""model__max_iter"": 200, ""model__max_leaf_nodes"": 3, ""model__min_samples_leaf"": 20}",0.5081553037677795,0.5175540543366235,3,2015-01-02,2017-07-21,2017-07-24,2572,2017-07-25,2020-02-13,2576,tuned,hybrid,hist_gradient_boosting,3
12,2,macro_auc,0.5173583963180611,"{""model__early_stopping"": false, ""model__l2_regularization"": 1.0, ""model__learning_rate"": 0.05, ""model__max_iter"": 200, ""model__max_leaf_nodes"": 3, ""model__min_samples_leaf"": 20}",0.5159209921633128,0.5173583963180611,3,2017-02-14,2020-02-12,2020-02-13,3016,2020-02-14,2022-09-02,2576,tuned,hybrid,hist_gradient_boosting,3
12,3,macro_auc,0.49862124435113864,"{""model__early_stopping"": false, ""model__l2_regularization"": 1.0, ""model__learning_rate"": 0.05, ""model__max_iter"": 200, ""model__max_leaf_nodes"": 3, ""model__min_samples_leaf"": 20}",0.49689094387755106,0.49862124435113864,3,2019-09-06,2022-09-01,2022-09-02,3016,2022-09-06,2025-04-03,2588,tuned,hybrid,hist_gradient_boosting,3
13,1,macro_auc,0.521658419170115,"{""model__early_stopping"": false, ""model__l2_regularization"": 10.0, ""model__learning_rate"": 0.025, ""model__max_iter"": 100, ""model__max_leaf_nodes"": 15, ""model__min_samples_leaf"": 40}",0.5101322643977866,0.521658419170115,5,2015-01-02,2017-07-21,2017-07-24,2572,2017-07-25,2020-02-13,2576,tuned,hybrid,hist_gradient_boosting,3
13,2,macro_auc,0.5150179224232964,"{""model__early_stopping"": false, ""model__l2_regularization"": 10.0, ""model__learning_rate"": 0.025, ""model__max_iter"": 100, ""model__max_leaf_nodes"": 15, ""model__min_samples_leaf"": 40}",0.5157740542763158,0.5150179224232964,5,2015-02-17,2020-02-12,2020-02-13,5028,2020-02-14,2022-09-02,2576,tuned,hybrid,hist_gradient_boosting,3
13,3,macro_auc,0.49808281079597516,"{""model__early_stopping"": false, ""model__l2_regularization"": 10.0, ""model__learning_rate"": 0.025, ""model__max_iter"": 100, ""model__max_leaf_nodes"": 15, ""model__min_samples_leaf"": 40}",0.4973452844483658,0.49808281079597516,5,2017-09-06,2022-09-01,2022-09-02,5028,2022-09-06,2025-04-03,2588,tuned,hybrid,hist_gradient_boosting,3
14,1,macro_auc,0.5175871024673424,"{""model__early_stopping"": false, ""model__l2_regularization"": 1.0, ""model__learning_rate"": 0.05, ""model__max_iter"": 200, ""model__max_leaf_nodes"": 15, ""model__min_samples_leaf"": 80}",0.5084979890741007,0.5175871024673424,all,2015-01-02,2017-07-21,2017-07-24,2572,2017-07-25,2020-02-13,2576,tuned,hybrid,hist_gradient_boosting,3
14,2,macro_auc,0.5242683272914673,"{""model__early_stopping"": false, ""model__l2_regularization"": 1.0, ""model__learning_rate"": 0.05, ""model__max_iter"": 200, ""model__max_leaf_nodes"": 15, ""model__min_samples_leaf"": 80}",0.5246432372291022,0.5242683272914673,all,2015-01-02,2020-02-12,2020-02-13,5148,2020-02-14,2022-09-02,2576,tuned,hybrid,hist_gradient_boosting,3
14,3,macro_auc,0.5139336266422034,"{""model__early_stopping"": false, ""model__l2_regularization"": 1.0, ""model__learning_rate"": 0.05, ""model__max_iter"": 200, ""model__max_leaf_nodes"": 15, ""model__min_samples_leaf"": 80}",0.5131764759475219,0.5139336266422034,all,2015-01-02,2022-09-01,2022-09-02,7724,2022-09-06,2025-04-03,2588,tuned,hybrid,hist_gradient_boosting,3
15,1,macro_auc,0.5235321061646677,"{""model__early_stopping"": false, ""model__l2_regularization"": 1.0, ""model__learning_rate"": 0.05, ""model__max_iter"": 100, ""model__max_leaf_nodes"": 31, ""model__min_samples_leaf"": 10}",0.517145485985384,0.5235321061646677,3,2015-01-02,2017-07-21,2017-07-24,2572,2017-07-25,2020-02-13,2576,tuned,hybrid,hist_gradient_boosting,3
15,2,macro_auc,0.5159756021651122,"{""model__early_stopping"": false, ""model__l2_regularization"": 1.0, ""model__learning_rate"": 0.05, ""model__max_iter"": 100, ""model__max_leaf_nodes"": 31, ""model__min_samples_leaf"": 10}",0.5144881965944273,0.5159756021651122,3,2017-02-14,2020-02-12,2020-02-13,3016,2020-02-14,2022-09-02,2576,tuned,hybrid,hist_gradient_boosting,3
15,3,macro_auc,0.5002956174406228,"{""model__early_stopping"": false, ""model__l2_regularization"": 1.0, ""model__learning_rate"": 0.05, ""model__max_iter"": 100, ""model__max_leaf_nodes"": 31, ""model__min_samples_leaf"": 10}",0.49892708493171706,0.5002956174406228,3,2019-09-06,2022-09-01,2022-09-02,3016,2022-09-06,2025-04-03,2588,tuned,hybrid,hist_gradient_boosting,3
16,1,macro_auc,0.5252924733209855,"{""model__early_stopping"": false, ""model__l2_regularization"": 10.0, ""model__learning_rate"": 0.05, ""model__max_iter"": 200, ""model__max_leaf_nodes"": 3, ""model__min_samples_leaf"": 10}",0.5133353105972246,0.5252924733209855,5,2015-01-02,2017-07-21,2017-07-24,2572,2017-07-25,2020-02-13,2576,tuned,hybrid,hist_gradient_boosting,3
16,2,macro_auc,0.5152887138740843,"{""model__early_stopping"": false, ""model__l2_regularization"": 10.0, ""model__learning_rate"": 0.05, ""model__max_iter"": 200, ""model__max_leaf_nodes"": 3, ""model__min_samples_leaf"": 10}",0.5159297600619195,0.5152887138740843,5,2015-02-17,2020-02-12,2020-02-13,5028,2020-02-14,2022-09-02,2576,tuned,hybrid,hist_gradient_boosting,3
16,3,macro_auc,0.48804307835845445,"{""model__early_stopping"": false, ""model__l2_regularization"": 10.0, ""model__learning_rate"": 0.05, ""model__max_iter"": 200, ""model__max_leaf_nodes"": 3, ""model__min_samples_leaf"": 10}",0.4878421939734541,0.48804307835845445,5,2017-09-06,2022-09-01,2022-09-02,5028,2022-09-06,2025-04-03,2588,tuned,hybrid,hist_gradient_boosting,3
17,1,macro_auc,0.5269100707818606,"{""model__early_stopping"": false, ""model__l2_regularization"": 10.0, ""model__learning_rate"": 0.025, ""model__max_iter"": 100, ""model__max_leaf_nodes"": 7, ""model__min_samples_leaf"": 40}",0.5145365287373471,0.5269100707818606,all,2015-01-02,2017-07-21,2017-07-24,2572,2017-07-25,2020-02-13,2576,tuned,hybrid,hist_gradient_boosting,3
17,2,macro_auc,0.5200452934583137,"{""model__early_stopping"": false, ""model__l2_regularization"": 10.0, ""model__learning_rate"": 0.025, ""model__max_iter"": 100, ""model__max_leaf_nodes"": 7, ""model__min_samples_leaf"": 40}",0.519258538119195,0.5200452934583137,all,2015-01-02,2020-02-12,2020-02-13,5148,2020-02-14,2022-09-02,2576,tuned,hybrid,hist_gradient_boosting,3
17,3,macro_auc,0.49855064164449164,"{""model__early_stopping"": false, ""model__l2_regularization"": 10.0, ""model__learning_rate"": 0.025, ""model__max_iter"": 100, ""model__max_leaf_nodes"": 7, ""model__min_samples_leaf"": 40}",0.49706057234924045,0.49855064164449164,all,2015-01-02,2022-09-01,2022-09-02,7724,2022-09-06,2025-04-03,2588,tuned,hybrid,hist_gradient_boosting,3
18,1,macro_auc,0.5227992780448354,"{""model__early_stopping"": false, ""model__l2_regularization"": 1.0, ""model__learning_rate"": 0.025, ""model__max_iter"": 200, ""model__max_leaf_nodes"": 7, ""model__min_samples_leaf"": 80}",0.5107982262851154,0.5227992780448354,3,2015-01-02,2017-07-21,2017-07-24,2572,2017-07-25,2020-02-13,2576,tuned,hybrid,hist_gradient_boosting,3
18,2,macro_auc,0.5233936401806287,"{""model__early_stopping"": false, ""model__l2_regularization"": 1.0, ""model__learning_rate"": 0.025, ""model__max_iter"": 200, ""model__max_leaf_nodes"": 7, ""model__min_samples_leaf"": 80}",0.5225924559791022,0.5233936401806287,3,2017-02-14,2020-02-12,2020-02-13,3016,2020-02-14,2022-09-02,2576,tuned,hybrid,hist_gradient_boosting,3
18,3,macro_auc,0.5144914891209307,"{""model__early_stopping"": false, ""model__l2_regularization"": 1.0, ""model__learning_rate"": 0.025, ""model__max_iter"": 200, ""model__max_leaf_nodes"": 7, ""model__min_samples_leaf"": 80}",0.5119956699785178,0.5144914891209307,3,2019-09-06,2022-09-01,2022-09-02,3016,2022-09-06,2025-04-03,2588,tuned,hybrid,hist_gradient_boosting,3
19,1,macro_auc,0.5256537932376916,"{""model__early_stopping"": false, ""model__l2_regularization"": 10.0, ""model__learning_rate"": 0.025, ""model__max_iter"": 200, ""model__max_leaf_nodes"": 3, ""model__min_samples_leaf"": 80}",0.5112516019779917,0.5256537932376916,5,2015-01-02,2017-07-21,2017-07-24,2572,2017-07-25,2020-02-13,2576,tuned,hybrid,hist_gradient_boosting,3
19,2,macro_auc,0.5183667049326285,"{""model__early_stopping"": false, ""model__l2_regularization"": 10.0, ""model__learning_rate"": 0.025, ""model__max_iter"": 200, ""model__max_leaf_nodes"": 3, ""model__min_samples_leaf"": 80}",0.5189939894543344,0.5183667049326285,5,2015-02-17,2020-02-12,2020-02-13,5028,2020-02-14,2022-09-02,2576,tuned,hybrid,hist_gradient_boosting,3
19,3,macro_auc,0.4886950623751086,"{""model__early_stopping"": false, ""model__l2_regularization"": 10.0, ""model__learning_rate"": 0.025, ""model__max_iter"": 200, ""model__max_leaf_nodes"": 3, ""model__min_samples_leaf"": 80}",0.4893164032530305,0.4886950623751086,5,2017-09-06,2022-09-01,2022-09-02,5028,2022-09-06,2025-04-03,2588,tuned,hybrid,hist_gradient_boosting,3
0,1,macro_auc,0.5096205287171133,"{""model__C"": 0.1}",0.49961152223239164,0.5096205287171133,all,2015-01-02,2017-07-21,2017-07-24,2572,2017-07-25,2020-02-13,2576,tuned,lag_1,logistic_regression,3
0,2,macro_auc,0.5018509411173617,"{""model__C"": 0.1}",0.5018636319659442,0.5018509411173617,all,2015-01-02,2020-02-12,2020-02-13,5148,2020-02-14,2022-09-02,2576,tuned,lag_1,logistic_regression,3
0,3,macro_auc,0.5102536004005587,"{""model__C"": 0.1}",0.5073605570047568,0.5102536004005587,all,2015-01-02,2022-09-01,2022-09-02,7724,2022-09-06,2025-04-03,2588,tuned,lag_1,logistic_regression,3
1,1,macro_auc,0.5102732358212453,"{""model__C"": 10.0}",0.5007645218205626,0.5102732358212453,all,2015-01-02,2017-07-21,2017-07-24,2572,2017-07-25,2020-02-13,2576,tuned,lag_1,logistic_regression,3
1,2,macro_auc,0.5024818488062825,"{""model__C"": 10.0}",0.5024906878869969,0.5024818488062825,all,2015-01-02,2020-02-12,2020-02-13,5148,2020-02-14,2022-09-02,2576,tuned,lag_1,logistic_regression,3
1,3,macro_auc,0.5101874534815021,"{""model__C"": 10.0}",0.5073293885223262,0.5101874534815021,all,2015-01-02,2022-09-01,2022-09-02,7724,2022-09-06,2025-04-03,2588,tuned,lag_1,logistic_regression,3
2,1,macro_auc,0.5096205287171133,"{""model__C"": 0.1}",0.49961152223239164,0.5096205287171133,3,2015-01-02,2017-07-21,2017-07-24,2572,2017-07-25,2020-02-13,2576,tuned,lag_1,logistic_regression,3
2,2,macro_auc,0.5069665768933587,"{""model__C"": 0.1}",0.506289304373065,0.5069665768933587,3,2017-02-14,2020-02-12,2020-02-13,3016,2020-02-14,2022-09-02,2576,tuned,lag_1,logistic_regression,3
2,3,macro_auc,0.5133638454542853,"{""model__C"": 0.1}",0.508690012659199,0.5133638454542853,3,2019-09-06,2022-09-01,2022-09-02,3016,2022-09-06,2025-04-03,2588,tuned,lag_1,logistic_regression,3
3,1,macro_auc,0.5102732358212453,"{""model__C"": 10.0}",0.5007645218205626,0.5102732358212453,3,2015-01-02,2017-07-21,2017-07-24,2572,2017-07-25,2020-02-13,2576,tuned,lag_1,logistic_regression,3
3,2,macro_auc,0.5075116135555262,"{""model__C"": 10.0}",0.5066436484133127,0.5075116135555262,3,2017-02-14,2020-02-12,2020-02-13,3016,2020-02-14,2022-09-02,2576,tuned,lag_1,logistic_regression,3
3,3,macro_auc,0.5136682711204679,"{""model__C"": 10.0}",0.5095537392588614,0.5136682711204679,3,2019-09-06,2022-09-01,2022-09-02,3016,2022-09-06,2025-04-03,2588,tuned,lag_1,logistic_regression,3
4,1,macro_auc,0.5096205287171133,"{""model__C"": 0.1}",0.49961152223239164,0.5096205287171133,5,2015-01-02,2017-07-21,2017-07-24,2572,2017-07-25,2020-02-13,2576,tuned,lag_1,logistic_regression,3
4,2,macro_auc,0.5015106143708444,"{""model__C"": 0.1}",0.5013327205882353,0.5015106143708444,5,2015-02-17,2020-02-12,2020-02-13,5028,2020-02-14,2022-09-02,2576,tuned,lag_1,logistic_regression,3
4,3,macro_auc,0.5089775785358707,"{""model__C"": 0.1}",0.5093199756406321,0.5089775785358707,5,2017-09-06,2022-09-01,2022-09-02,5028,2022-09-06,2025-04-03,2588,tuned,lag_1,logistic_regression,3
5,1,macro_auc,0.5102732358212453,"{""model__C"": 10.0}",0.5007645218205626,0.5102732358212453,5,2015-01-02,2017-07-21,2017-07-24,2572,2017-07-25,2020-02-13,2576,tuned,lag_1,logistic_regression,3
5,2,macro_auc,0.5021242012343256,"{""model__C"": 10.0}",0.5019549390479876,0.5021242012343256,5,2015-02-17,2020-02-12,2020-02-13,5028,2020-02-14,2022-09-02,2576,tuned,lag_1,logistic_regression,3
5,3,macro_auc,0.5089813949460242,"{""model__C"": 10.0}",0.5095519410771827,0.5089813949460242,5,2017-09-06,2022-09-01,2022-09-02,5028,2022-09-06,2025-04-03,2588,tuned,lag_1,logistic_regression,3
0,1,macro_auc,0.5133631194846036,"{""model__max_depth"": 4, ""model__min_samples_leaf"": 20, ""model__n_estimators"": 100}",0.5009998526149921,0.5133631194846036,all,2015-01-02,2017-07-21,2017-07-24,2572,2017-07-25,2020-02-13,2576,tuned,lag_1,random_forest,3
0,2,macro_auc,0.4983705932567484,"{""model__max_depth"": 4, ""model__min_samples_leaf"": 20, ""model__n_estimators"": 100}",0.5006197997291022,0.4983705932567484,all,2015-01-02,2020-02-12,2020-02-13,5148,2020-02-14,2022-09-02,2576,tuned,lag_1,random_forest,3
0,3,macro_auc,0.5139651388572775,"{""model__max_depth"": 4, ""model__min_samples_leaf"": 20, ""model__n_estimators"": 100}",0.5101998858754028,0.5139651388572775,all,2015-01-02,2022-09-01,2022-09-02,7724,2022-09-06,2025-04-03,2588,tuned,lag_1,random_forest,3
1,1,macro_auc,0.5089697569513946,"{""model__max_depth"": 8, ""model__min_samples_leaf"": 20, ""model__n_estimators"": 100}",0.49911538669155836,0.5089697569513946,all,2015-01-02,2017-07-21,2017-07-24,2572,2017-07-25,2020-02-13,2576,tuned,lag_1,random_forest,3
1,2,macro_auc,0.4998653817351747,"{""model__max_depth"": 8, ""model__min_samples_leaf"": 20, ""model__n_estimators"": 100}",0.502321376741486,0.4998653817351747,all,2015-01-02,2020-02-12,2020-02-13,5148,2020-02-14,2022-09-02,2576,tuned,lag_1,random_forest,3
1,3,macro_auc,0.5047642864236908,"{""model__max_depth"": 8, ""model__min_samples_leaf"": 20, ""model__n_estimators"": 100}",0.5047298172088385,0.5047642864236908,all,2015-01-02,2022-09-01,2022-09-02,7724,2022-09-06,2025-04-03,2588,tuned,lag_1,random_forest,3
2,1,macro_auc,0.5162907031125028,"{""model__max_depth"": 8, ""model__max_features"": 0.5, ""model__min_samples_leaf"": 20, ""model__n_estimators"": 100}",0.5079330132106702,0.5162907031125028,all,2015-01-02,2017-07-21,2017-07-24,2572,2017-07-25,2020-02-13,2576,tuned,lag_1,random_forest,3
2,2,macro_auc,0.5065944738304812,"{""model__max_depth"": 8, ""model__max_features"": 0.5, ""model__min_samples_leaf"": 20, ""model__n_estimators"": 100}",0.5060867356811146,0.5065944738304812,all,2015-01-02,2020-02-12,2020-02-13,5148,2020-02-14,2022-09-02,2576,tuned,lag_1,random_forest,3
2,3,macro_auc,0.5067745711044298,"{""model__max_depth"": 8, ""model__max_features"": 0.5, ""model__min_samples_leaf"": 20, ""model__n_estimators"": 100}",0.5038894669709989,0.5067745711044298,all,2015-01-02,2022-09-01,2022-09-02,7724,2022-09-06,2025-04-03,2588,tuned,lag_1,random_forest,3
3,1,macro_auc,0.5145582418365138,"{""model__max_depth"": 8, ""model__max_features"": 1.0, ""model__min_samples_leaf"": 5, ""model__n_estimators"": 100}",0.5082314223623694,0.5145582418365138,3,2015-01-02,2017-07-21,2017-07-24,2572,2017-07-25,2020-02-13,2576,tuned,lag_1,random_forest,3
3,2,macro_auc,0.49624849634198975,"{""model__max_depth"": 8, ""model__max_features"": 1.0, ""model__min_samples_leaf"": 5, ""model__n_estimators"": 100}",0.4970334268575851,0.49624849634198975,3,2017-02-14,2020-02-12,2020-02-13,3016,2020-02-14,2022-09-02,2576,tuned,lag_1,random_forest,3
3,3,macro_auc,0.5052300789927777,"{""model__max_depth"": 8, ""model__max_features"": 1.0, ""model__min_samples_leaf"": 5, ""model__n_estimators"": 100}",0.5020001774205923,0.5052300789927777,3,2019-09-06,2022-09-01,2022-09-02,3016,2022-09-06,2025-04-03,2588,tuned,lag_1,random_forest,3
4,1,macro_auc,0.5180143344964859,"{""model__max_depth"": 3, ""model__max_features"": 1.0, ""model__min_samples_leaf"": 20, ""model__n_estimators"": 100}",0.5065104142974375,0.5180143344964859,5,2015-01-02,2017-07-21,2017-07-24,2572,2017-07-25,2020-02-13,2576,tuned,lag_1,random_forest,3
4,2,macro_auc,0.5048151981251859,"{""model__max_depth"": 3, ""model__max_features"": 1.0, ""model__min_samples_leaf"": 20, ""model__n_estimators"": 100}",0.5046143333978328,0.5048151981251859,5,2015-02-17,2020-02-12,2020-02-13,5028,2020-02-14,2022-09-02,2576,tuned,lag_1,random_forest,3
4,3,macro_auc,0.4892454335077242,"{""model__max_depth"": 3, ""model__max_features"": 1.0, ""model__min_samples_leaf"": 20, ""model__n_estimators"": 100}",0.48885966510664414,0.4892454335077242,5,2017-09-06,2022-09-01,2022-09-02,5028,2022-09-06,2025-04-03,2588,tuned,lag_1,random_forest,3
5,1,macro_auc,0.5150178968583192,"{""model__max_depth"": 8, ""model__max_features"": 1.0, ""model__min_samples_leaf"": 20, ""model__n_estimators"": 200}",0.5071833511954258,0.5150178968583192,all,2015-01-02,2017-07-21,2017-07-24,2572,2017-07-25,2020-02-13,2576,tuned,lag_1,random_forest,3
5,2,macro_auc,0.5004621644414751,"{""model__max_depth"": 8, ""model__max_features"": 1.0, ""model__min_samples_leaf"": 20, ""model__n_estimators"": 200}",0.50187451625387,0.5004621644414751,all,2015-01-02,2020-02-12,2020-02-13,5148,2020-02-14,2022-09-02,2576,tuned,lag_1,random_forest,3
5,3,macro_auc,0.5059222279057146,"{""model__max_depth"": 8, ""model__max_features"": 1.0, ""model__min_samples_leaf"": 20, ""model__n_estimators"": 200}",0.5049635808270677,0.5059222279057146,all,2015-01-02,2022-09-01,2022-09-02,7724,2022-09-06,2025-04-03,2588,tuned,lag_1,random_forest,3
6,1,macro_auc,0.5139572970137132,"{""model__max_depth"": 3, ""model__max_features"": 0.5, ""model__min_samples_leaf"": 40, ""model__n_estimators"": 200}",0.5013680118732877,0.5139572970137132,3,2015-01-02,2017-07-21,2017-07-24,2572,2017-07-25,2020-02-13,2576,tuned,lag_1,random_forest,3
6,2,macro_auc,0.5041350904198205,"{""model__max_depth"": 3, ""model__max_features"": 0.5, ""model__min_samples_leaf"": 40, ""model__n_estimators"": 200}",0.5034932517414861,0.5041350904198205,3,2017-02-14,2020-02-12,2020-02-13,3016,2020-02-14,2022-09-02,2576,tuned,lag_1,random_forest,3
6,3,macro_auc,0.5081197644130184,"{""model__max_depth"": 3, ""model__max_features"": 0.5, ""model__min_samples_leaf"": 40, ""model__n_estimators"": 200}",0.504060893624367,0.5081197644130184,3,2019-09-06,2022-09-01,2022-09-02,3016,2022-09-06,2025-04-03,2588,tuned,lag_1,random_forest,3
7,1,macro_auc,0.5078074454968726,"{""model__max_depth"": 4, ""model__max_features"": 1.0, ""model__min_samples_leaf"": 5, ""model__n_estimators"": 200}",0.4988339601745087,0.5078074454968726,5,2015-01-02,2017-07-21,2017-07-24,2572,2017-07-25,2020-02-13,2576,tuned,lag_1,random_forest,3
7,2,macro_auc,0.5097934274307736,"{""model__max_depth"": 4, ""model__max_features"": 1.0, ""model__min_samples_leaf"": 5, ""model__n_estimators"": 200}",0.5104259384674923,0.5097934274307736,5,2015-02-17,2020-02-12,2020-02-13,5028,2020-02-14,2022-09-02,2576,tuned,lag_1,random_forest,3
7,3,macro_auc,0.4912858377642032,"{""model__max_depth"": 4, ""model__max_features"": 1.0, ""model__min_samples_leaf"": 5, ""model__n_estimators"": 200}",0.4903869207457419,0.4912858377642032,5,2017-09-06,2022-09-01,2022-09-02,5028,2022-09-06,2025-04-03,2588,tuned,lag_1,random_forest,3
8,1,macro_auc,0.5084120446999048,"{""model__max_depth"": 6, ""model__max_features"": 1.0, ""model__min_samples_leaf"": 10, ""model__n_estimators"": 200}",0.5008039457938562,0.5084120446999048,all,2015-01-02,2017-07-21,2017-07-24,2572,2017-07-25,2020-02-13,2576,tuned,lag_1,random_forest,3
8,2,macro_auc,0.5048604998415099,"{""model__max_depth"": 6, ""model__max_features"": 1.0, ""model__min_samples_leaf"": 10, ""model__n_estimators"": 200}",0.5053224167956656,0.5048604998415099,all,2015-01-02,2020-02-12,2020-02-13,5148,2020-02-14,2022-09-02,2576,tuned,lag_1,random_forest,3
8,3,macro_auc,0.5058479605702727,"{""model__max_depth"": 6, ""model__max_features"": 1.0, ""model__min_samples_leaf"": 10, ""model__n_estimators"": 200}",0.5041969560380544,0.5058479605702727,all,2015-01-02,2022-09-01,2022-09-02,7724,2022-09-06,2025-04-03,2588,tuned,lag_1,random_forest,3
9,1,macro_auc,0.5178452365072597,"{""model__max_depth"": 4, ""model__max_features"": ""sqrt"", ""model__min_samples_leaf"": 10, ""model__n_estimators"": 200}",0.5055966879010252,0.5178452365072597,3,2015-01-02,2017-07-21,2017-07-24,2572,2017-07-25,2020-02-13,2576,tuned,lag_1,random_forest,3
9,2,macro_auc,0.5047403835479709,"{""model__max_depth"": 4, ""model__max_features"": ""sqrt"", ""model__min_samples_leaf"": 10, ""model__n_estimators"": 200}",0.5048924874226006,0.5047403835479709,3,2017-02-14,2020-02-12,2020-02-13,3016,2020-02-14,2022-09-02,2576,tuned,lag_1,random_forest,3
9,3,macro_auc,0.509678934322805,"{""model__max_depth"": 4, ""model__max_features"": ""sqrt"", ""model__min_samples_leaf"": 10, ""model__n_estimators"": 200}",0.503957797874789,0.509678934322805,3,2019-09-06,2022-09-01,2022-09-02,3016,2022-09-06,2025-04-03,2588,tuned,lag_1,random_forest,3
10,1,macro_auc,0.513980863314785,"{""model__max_depth"": 6, ""model__max_features"": ""sqrt"", ""model__min_samples_leaf"": 40, ""model__n_estimators"": 100}",0.5025404201867726,0.513980863314785,5,2015-01-02,2017-07-21,2017-07-24,2572,2017-07-25,2020-02-13,2576,tuned,lag_1,random_forest,3
10,2,macro_auc,0.49828329589866754,"{""model__max_depth"": 6, ""model__max_features"": ""sqrt"", ""model__min_samples_leaf"": 40, ""model__n_estimators"": 100}",0.4996595636609907,0.49828329589866754,5,2015-02-17,2020-02-12,2020-02-13,5028,2020-02-14,2022-09-02,2576,tuned,lag_1,random_forest,3
10,3,macro_auc,0.5000550332462623,"{""model__max_depth"": 6, ""model__max_features"": ""sqrt"", ""model__min_samples_leaf"": 40, ""model__n_estimators"": 100}",0.49741301595826304,0.5000550332462623,5,2017-09-06,2022-09-01,2022-09-02,5028,2022-09-06,2025-04-03,2588,tuned,lag_1,random_forest,3
11,1,macro_auc,0.5100853756695242,"{""model__max_depth"": 8, ""model__max_features"": 0.5, ""model__min_samples_leaf"": 10, ""model__n_estimators"": 200}",0.5013467835799758,0.5100853756695242,all,2015-01-02,2017-07-21,2017-07-24,2572,2017-07-25,2020-02-13,2576,tuned,lag_1,random_forest,3
11,2,macro_auc,0.505734599064803,"{""model__max_depth"": 8, ""model__max_features"": 0.5, ""model__min_samples_leaf"": 10, ""model__n_estimators"": 200}",0.5062324642027863,0.505734599064803,all,2015-01-02,2020-02-12,2020-02-13,5148,2020-02-14,2022-09-02,2576,tuned,lag_1,random_forest,3
11,3,macro_auc,0.5063237689633785,"{""model__max_depth"": 8, ""model__max_features"": 0.5, ""model__min_samples_leaf"": 10, ""model__n_estimators"": 200}",0.5046950523630505,0.5063237689633785,all,2015-01-02,2022-09-01,2022-09-02,7724,2022-09-06,2025-04-03,2588,tuned,lag_1,random_forest,3
12,1,macro_auc,0.5162907031125028,"{""model__max_depth"": 8, ""model__max_features"": 0.5, ""model__min_samples_leaf"": 20, ""model__n_estimators"": 100}",0.5079330132106702,0.5162907031125028,3,2015-01-02,2017-07-21,2017-07-24,2572,2017-07-25,2020-02-13,2576,tuned,lag_1,random_forest,3
12,2,macro_auc,0.5087101146419167,"{""model__max_depth"": 8, ""model__max_features"": 0.5, ""model__min_samples_leaf"": 20, ""model__n_estimators"": 100}",0.508639705882353,0.5087101146419167,3,2017-02-14,2020-02-12,2020-02-13,3016,2020-02-14,2022-09-02,2576,tuned,lag_1,random_forest,3
12,3,macro_auc,0.5099093882877271,"{""model__max_depth"": 8, ""model__max_features"": 0.5, ""model__min_samples_leaf"": 20, ""model__n_estimators"": 100}",0.5066976273592143,0.5099093882877271,3,2019-09-06,2022-09-01,2022-09-02,3016,2022-09-06,2025-04-03,2588,tuned,lag_1,random_forest,3
13,1,macro_auc,0.5127719861441096,"{""model__max_depth"": 8, ""model__max_features"": 1.0, ""model__min_samples_leaf"": 10, ""model__n_estimators"": 100}",0.5047621127125331,0.5127719861441096,5,2015-01-02,2017-07-21,2017-07-24,2572,2017-07-25,2020-02-13,2576,tuned,lag_1,random_forest,3
13,2,macro_auc,0.5075977264176337,"{""model__max_depth"": 8, ""model__max_features"": 1.0, ""model__min_samples_leaf"": 10, ""model__n_estimators"": 100}",0.5085326770510836,0.5075977264176337,5,2015-02-17,2020-02-12,2020-02-13,5028,2020-02-14,2022-09-02,2576,tuned,lag_1,random_forest,3
13,3,macro_auc,0.4945172796204312,"{""model__max_depth"": 8, ""model__max_features"": 1.0, ""model__min_samples_leaf"": 10, ""model__n_estimators"": 100}",0.4930626150836275,0.4945172796204312,5,2017-09-06,2022-09-01,2022-09-02,5028,2022-09-06,2025-04-03,2588,tuned,lag_1,random_forest,3
14,1,macro_auc,0.5117919253922376,"{""model__max_depth"": 8, ""model__max_features"": ""sqrt"", ""model__min_samples_leaf"": 40, ""model__n_estimators"": 200}",0.5008427632444838,0.5117919253922376,all,2015-01-02,2017-07-21,2017-07-24,2572,2017-07-25,2020-02-13,2576,tuned,lag_1,random_forest,3
14,2,macro_auc,0.5019842096538064,"{""model__max_depth"": 8, ""model__max_features"": ""sqrt"", ""model__min_samples_leaf"": 40, ""model__n_estimators"": 200}",0.5028661958204335,0.5019842096538064,all,2015-01-02,2020-02-12,2020-02-13,5148,2020-02-14,2022-09-02,2576,tuned,lag_1,random_forest,3
14,3,macro_auc,0.5137661410969352,"{""model__max_depth"": 8, ""model__max_features"": ""sqrt"", ""model__min_samples_leaf"": 40, ""model__n_estimators"": 200}",0.5117217469694645,0.5137661410969352,all,2015-01-02,2022-09-01,2022-09-02,7724,2022-09-06,2025-04-03,2588,tuned,lag_1,random_forest,3
15,1,macro_auc,0.5170122367391962,"{""model__max_depth"": 4, ""model__max_features"": ""sqrt"", ""model__min_samples_leaf"": 10, ""model__n_estimators"": 100}",0.5051751546481168,0.5170122367391962,3,2015-01-02,2017-07-21,2017-07-24,2572,2017-07-25,2020-02-13,2576,tuned,lag_1,random_forest,3
15,2,macro_auc,0.5008563001583591,"{""model__max_depth"": 4, ""model__max_features"": ""sqrt"", ""model__min_samples_leaf"": 10, ""model__n_estimators"": 100}",0.5002473152089784,0.5008563001583591,3,2017-02-14,2020-02-12,2020-02-13,3016,2020-02-14,2022-09-02,2576,tuned,lag_1,random_forest,3
15,3,macro_auc,0.5104888775205733,"{""model__max_depth"": 4, ""model__max_features"": ""sqrt"", ""model__min_samples_leaf"": 10, ""model__n_estimators"": 100}",0.5057391965244745,0.5104888775205733,3,2019-09-06,2022-09-01,2022-09-02,3016,2022-09-06,2025-04-03,2588,tuned,lag_1,random_forest,3
16,1,macro_auc,0.5159351047800366,"{""model__max_depth"": 3, ""model__max_features"": 1.0, ""model__min_samples_leaf"": 20, ""model__n_estimators"": 200}",0.5038038069001658,0.5159351047800366,5,2015-01-02,2017-07-21,2017-07-24,2572,2017-07-25,2020-02-13,2576,tuned,lag_1,random_forest,3
16,2,macro_auc,0.5063864106176954,"{""model__max_depth"": 3, ""model__max_features"": 1.0, ""model__min_samples_leaf"": 20, ""model__n_estimators"": 200}",0.5062161377708978,0.5063864106176954,5,2015-02-17,2020-02-12,2020-02-13,5028,2020-02-14,2022-09-02,2576,tuned,lag_1,random_forest,3
16,3,macro_auc,0.4905307991236617,"{""model__max_depth"": 3, ""model__max_features"": 1.0, ""model__min_samples_leaf"": 20, ""model__n_estimators"": 200}",0.49013997046186897,0.4905307991236617,5,2017-09-06,2022-09-01,2022-09-02,5028,2022-09-06,2025-04-03,2588,tuned,lag_1,random_forest,3
17,1,macro_auc,0.5135753304127739,"{""model__max_depth"": 4, ""model__max_features"": 0.5, ""model__min_samples_leaf"": 40, ""model__n_estimators"": 100}",0.5033743888525986,0.5135753304127739,all,2015-01-02,2017-07-21,2017-07-24,2572,2017-07-25,2020-02-13,2576,tuned,lag_1,random_forest,3
17,2,macro_auc,0.5052203637351654,"{""model__max_depth"": 4, ""model__max_features"": 0.5, ""model__min_samples_leaf"": 40, ""model__n_estimators"": 100}",0.5072870307662539,0.5052203637351654,all,2015-01-02,2020-02-12,2020-02-13,5148,2020-02-14,2022-09-02,2576,tuned,lag_1,random_forest,3
17,3,macro_auc,0.5030838930743897,"{""model__max_depth"": 4, ""model__max_features"": 0.5, ""model__min_samples_leaf"": 40, ""model__n_estimators"": 100}",0.5015188641245971,0.5030838930743897,all,2015-01-02,2022-09-01,2022-09-02,7724,2022-09-06,2025-04-03,2588,tuned,lag_1,random_forest,3
18,1,macro_auc,0.5112551005308048,"{""model__max_depth"": 4, ""model__max_features"": ""sqrt"", ""model__min_samples_leaf"": 40, ""model__n_estimators"": 100}",0.5004181973782451,0.5112551005308048,3,2015-01-02,2017-07-21,2017-07-24,2572,2017-07-25,2020-02-13,2576,tuned,lag_1,random_forest,3
18,2,macro_auc,0.4996439147555057,"{""model__max_depth"": 4, ""model__max_features"": ""sqrt"", ""model__min_samples_leaf"": 40, ""model__n_estimators"": 100}",0.49940317821207425,0.4996439147555057,3,2017-02-14,2020-02-12,2020-02-13,3016,2020-02-14,2022-09-02,2576,tuned,lag_1,random_forest,3
18,3,macro_auc,0.5115062917044458,"{""model__max_depth"": 4, ""model__max_features"": ""sqrt"", ""model__min_samples_leaf"": 40, ""model__n_estimators"": 100}",0.5067395849317171,0.5115062917044458,3,2019-09-06,2022-09-01,2022-09-02,3016,2022-09-06,2025-04-03,2588,tuned,lag_1,random_forest,3
19,1,macro_auc,0.5177562127021196,"{""model__max_depth"": 3, ""model__max_features"": 0.5, ""model__min_samples_leaf"": 20, ""model__n_estimators"": 100}",0.5042690097850302,0.5177562127021196,5,2015-01-02,2017-07-21,2017-07-24,2572,2017-07-25,2020-02-13,2576,tuned,lag_1,random_forest,3
19,2,macro_auc,0.5043935277098275,"{""model__max_depth"": 3, ""model__max_features"": 0.5, ""model__min_samples_leaf"": 20, ""model__n_estimators"": 100}",0.5045230263157895,0.5043935277098275,5,2015-02-17,2020-02-12,2020-02-13,5028,2020-02-14,2022-09-02,2576,tuned,lag_1,random_forest,3
19,3,macro_auc,0.49373401758190844,"{""model__max_depth"": 3, ""model__max_features"": 0.5, ""model__min_samples_leaf"": 20, ""model__n_estimators"": 100}",0.494034831977904,0.49373401758190844,5,2017-09-06,2022-09-01,2022-09-02,5028,2022-09-06,2025-04-03,2588,tuned,lag_1,random_forest,3
0,1,macro_auc,0.5131715783937901,"{""model__early_stopping"": false, ""model__max_iter"": 100, ""model__max_leaf_nodes"": 7}",0.5059906243726282,0.5131715783937901,all,2015-01-02,2017-07-21,2017-07-24,2572,2017-07-25,2020-02-13,2576,tuned,lag_1,hist_gradient_boosting,3
0,2,macro_auc,0.505691439141799,"{""model__early_stopping"": false, ""model__max_iter"": 100, ""model__max_leaf_nodes"": 7}",0.5059506820820433,0.505691439141799,all,2015-01-02,2020-02-12,2020-02-13,5148,2020-02-14,2022-09-02,2576,tuned,lag_1,hist_gradient_boosting,3
0,3,macro_auc,0.49638835561834094,"{""model__early_stopping"": false, ""model__max_iter"": 100, ""model__max_leaf_nodes"": 7}",0.49632451664876476,0.49638835561834094,all,2015-01-02,2022-09-01,2022-09-02,7724,2022-09-06,2025-04-03,2588,tuned,lag_1,hist_gradient_boosting,3
1,1,macro_auc,0.5137352089767533,"{""model__early_stopping"": false, ""model__max_iter"": 100, ""model__max_leaf_nodes"": 15}",0.5084370335461621,0.5137352089767533,all,2015-01-02,2017-07-21,2017-07-24,2572,2017-07-25,2020-02-13,2576,tuned,lag_1,hist_gradient_boosting,3
1,2,macro_auc,0.4982241589327227,"{""model__early_stopping"": false, ""model__max_iter"": 100, ""model__max_leaf_nodes"": 15}",0.49849192143962845,0.4982241589327227,all,2015-01-02,2020-02-12,2020-02-13,5148,2020-02-14,2022-09-02,2576,tuned,lag_1,hist_gradient_boosting,3
1,3,macro_auc,0.5035103942194051,"{""model__early_stopping"": false, ""model__max_iter"": 100, ""model__max_leaf_nodes"": 15}",0.5030820833972687,0.5035103942194051,all,2015-01-02,2022-09-01,2022-09-02,7724,2022-09-06,2025-04-03,2588,tuned,lag_1,hist_gradient_boosting,3
2,1,macro_auc,0.5137577208570331,"{""model__early_stopping"": false, ""model__l2_regularization"": 1.0, ""model__learning_rate"": 0.05, ""model__max_iter"": 100, ""model__max_leaf_nodes"": 31, ""model__min_samples_leaf"": 20}",0.5073252774992828,0.5137577208570331,all,2015-01-02,2017-07-21,2017-07-24,2572,2017-07-25,2020-02-13,2576,tuned,lag_1,hist_gradient_boosting,3
2,2,macro_auc,0.501596522101727,"{""model__early_stopping"": false, ""model__l2_regularization"": 1.0, ""model__learning_rate"": 0.05, ""model__max_iter"": 100, ""model__max_leaf_nodes"": 31, ""model__min_samples_leaf"": 20}",0.501850933630031,0.501596522101727,all,2015-01-02,2020-02-12,2020-02-13,5148,2020-02-14,2022-09-02,2576,tuned,lag_1,hist_gradient_boosting,3
2,3,macro_auc,0.49162306635386477,"{""model__early_stopping"": false, ""model__l2_regularization"": 1.0, ""model__learning_rate"": 0.05, ""model__max_iter"": 100, ""model__max_leaf_nodes"": 31, ""model__min_samples_leaf"": 20}",0.4913489479438392,0.49162306635386477,all,2015-01-02,2022-09-01,2022-09-02,7724,2022-09-06,2025-04-03,2588,tuned,lag_1,hist_gradient_boosting,3
3,1,macro_auc,0.5085485182871337,"{""model__early_stopping"": false, ""model__l2_regularization"": 0.0, ""model__learning_rate"": 0.1, ""model__max_iter"": 200, ""model__max_leaf_nodes"": 3, ""model__min_samples_leaf"": 10}",0.5012306344894262,0.5085485182871337,3,2015-01-02,2017-07-21,2017-07-24,2572,2017-07-25,2020-02-13,2576,tuned,lag_1,hist_gradient_boosting,3
3,2,macro_auc,0.49877356640116,"{""model__early_stopping"": false, ""model__l2_regularization"": 0.0, ""model__learning_rate"": 0.1, ""model__max_iter"": 200, ""model__max_leaf_nodes"": 3, ""model__min_samples_leaf"": 10}",0.4970824061532508,0.49877356640116,3,2017-02-14,2020-02-12,2020-02-13,3016,2020-02-14,2022-09-02,2576,tuned,lag_1,hist_gradient_boosting,3
3,3,macro_auc,0.49515918175165774,"{""model__early_stopping"": false, ""model__l2_regularization"": 0.0, ""model__learning_rate"": 0.1, ""model__max_iter"": 200, ""model__max_leaf_nodes"": 3, ""model__min_samples_leaf"": 10}",0.4922968893854534,0.49515918175165774,3,2019-09-06,2022-09-01,2022-09-02,3016,2022-09-06,2025-04-03,2588,tuned,lag_1,hist_gradient_boosting,3
4,1,macro_auc,0.5145829350318541,"{""model__early_stopping"": false, ""model__l2_regularization"": 10.0, ""model__learning_rate"": 0.1, ""model__max_iter"": 200, ""model__max_leaf_nodes"": 31, ""model__min_samples_leaf"": 80}",0.5087220991992081,0.5145829350318541,5,2015-01-02,2017-07-21,2017-07-24,2572,2017-07-25,2020-02-13,2576,tuned,lag_1,hist_gradient_boosting,3
4,2,macro_auc,0.510569408074101,"{""model__early_stopping"": false, ""model__l2_regularization"": 10.0, ""model__learning_rate"": 0.1, ""model__max_iter"": 200, ""model__max_leaf_nodes"": 31, ""model__min_samples_leaf"": 80}",0.5096495259287926,0.510569408074101,5,2015-02-17,2020-02-12,2020-02-13,5028,2020-02-14,2022-09-02,2576,tuned,lag_1,hist_gradient_boosting,3
4,3,macro_auc,0.5080269730186108,"{""model__early_stopping"": false, ""model__l2_regularization"": 10.0, ""model__learning_rate"": 0.1, ""model__max_iter"": 200, ""model__max_leaf_nodes"": 31, ""model__min_samples_leaf"": 80}",0.5077369763694952,0.5080269730186108,5,2017-09-06,2022-09-01,2022-09-02,5028,2022-09-06,2025-04-03,2588,tuned,lag_1,hist_gradient_boosting,3
5,1,macro_auc,0.5099316528854134,"{""model__early_stopping"": false, ""model__l2_regularization"": 1.0, ""model__learning_rate"": 0.025, ""model__max_iter"": 200, ""model__max_leaf_nodes"": 15, ""model__min_samples_leaf"": 80}",0.5023633155682844,0.5099316528854134,all,2015-01-02,2017-07-21,2017-07-24,2572,2017-07-25,2020-02-13,2576,tuned,lag_1,hist_gradient_boosting,3
5,2,macro_auc,0.5061953803397479,"{""model__early_stopping"": false, ""model__l2_regularization"": 1.0, ""model__learning_rate"": 0.025, ""model__max_iter"": 200, ""model__max_leaf_nodes"": 15, ""model__min_samples_leaf"": 80}",0.5061115276702787,0.5061953803397479,all,2015-01-02,2020-02-12,2020-02-13,5148,2020-02-14,2022-09-02,2576,tuned,lag_1,hist_gradient_boosting,3
5,3,macro_auc,0.5025551816824692,"{""model__early_stopping"": false, ""model__l2_regularization"": 1.0, ""model__learning_rate"": 0.025, ""model__max_iter"": 200, ""model__max_leaf_nodes"": 15, ""model__min_samples_leaf"": 80}",0.5038067506137793,0.5025551816824692,all,2015-01-02,2022-09-01,2022-09-02,7724,2022-09-06,2025-04-03,2588,tuned,lag_1,hist_gradient_boosting,3
6,1,macro_auc,0.5120946582846945,"{""model__early_stopping"": false, ""model__l2_regularization"": 10.0, ""model__learning_rate"": 0.025, ""model__max_iter"": 200, ""model__max_leaf_nodes"": 7, ""model__min_samples_leaf"": 80}",0.5051963829414288,0.5120946582846945,3,2015-01-02,2017-07-21,2017-07-24,2572,2017-07-25,2020-02-13,2576,tuned,lag_1,hist_gradient_boosting,3
6,2,macro_auc,0.49533550824055234,"{""model__early_stopping"": false, ""model__l2_regularization"": 10.0, ""model__learning_rate"": 0.025, ""model__max_iter"": 200, ""model__max_leaf_nodes"": 7, ""model__min_samples_leaf"": 80}",0.4948160555340557,0.49533550824055234,3,2017-02-14,2020-02-12,2020-02-13,3016,2020-02-14,2022-09-02,2576,tuned,lag_1,hist_gradient_boosting,3
6,3,macro_auc,0.5098152250858339,"{""model__early_stopping"": false, ""model__l2_regularization"": 10.0, ""model__learning_rate"": 0.025, ""model__max_iter"": 200, ""model__max_leaf_nodes"": 7, ""model__min_samples_leaf"": 80}",0.5080408690731932,0.5098152250858339,3,2019-09-06,2022-09-01,2022-09-02,3016,2022-09-06,2025-04-03,2588,tuned,lag_1,hist_gradient_boosting,3
7,1,macro_auc,0.5234143154053273,"{""model__early_stopping"": false, ""model__l2_regularization"": 1.0, ""model__learning_rate"": 0.1, ""model__max_iter"": 200, ""model__max_leaf_nodes"": 7, ""model__min_samples_leaf"": 40}",0.516124708338413,0.5234143154053273,5,2015-01-02,2017-07-21,2017-07-24,2572,2017-07-25,2020-02-13,2576,tuned,lag_1,hist_gradient_boosting,3
7,2,macro_auc,0.49806025891846284,"{""model__early_stopping"": false, ""model__l2_regularization"": 1.0, ""model__learning_rate"": 0.1, ""model__max_iter"": 200, ""model__max_leaf_nodes"": 7, ""model__min_samples_leaf"": 40}",0.49807045762383895,0.49806025891846284,5,2015-02-17,2020-02-12,2020-02-13,5028,2020-02-14,2022-09-02,2576,tuned,lag_1,hist_gradient_boosting,3
7,3,macro_auc,0.4883529475141182,"{""model__early_stopping"": false, ""model__l2_regularization"": 1.0, ""model__learning_rate"": 0.1, ""model__max_iter"": 200, ""model__max_leaf_nodes"": 7, ""model__min_samples_leaf"": 40}",0.4872275155362897,0.4883529475141182,5,2017-09-06,2022-09-01,2022-09-02,5028,2022-09-06,2025-04-03,2588,tuned,lag_1,hist_gradient_boosting,3
8,1,macro_auc,0.524040408681336,"{""model__early_stopping"": false, ""model__l2_regularization"": 10.0, ""model__learning_rate"": 0.025, ""model__max_iter"": 100, ""model__max_leaf_nodes"": 3, ""model__min_samples_leaf"": 40}",0.5128091521844218,0.524040408681336,all,2015-01-02,2017-07-21,2017-07-24,2572,2017-07-25,2020-02-13,2576,tuned,lag_1,hist_gradient_boosting,3
8,2,macro_auc,0.5000485495785663,"{""model__early_stopping"": false, ""model__l2_regularization"": 10.0, ""model__learning_rate"": 0.025, ""model__max_iter"": 100, ""model__max_leaf_nodes"": 3, ""model__min_samples_leaf"": 40}",0.5005711227747678,0.5000485495785663,all,2015-01-02,2020-02-12,2020-02-13,5148,2020-02-14,2022-09-02,2576,tuned,lag_1,hist_gradient_boosting,3
8,3,macro_auc,0.500289888750551,"{""model__early_stopping"": false, ""model__l2_regularization"": 10.0, ""model__learning_rate"": 0.025, ""model__max_iter"": 100, ""model__max_leaf_nodes"": 3, ""model__min_samples_leaf"": 40}",0.4961455975717355,0.500289888750551,all,2015-01-02,2022-09-01,2022-09-02,7724,2022-09-06,2025-04-03,2588,tuned,lag_1,hist_gradient_boosting,3
9,1,macro_auc,0.5159871566419819,"{""model__early_stopping"": false, ""model__l2_regularization"": 1.0, ""model__learning_rate"": 0.1, ""model__max_iter"": 100, ""model__max_leaf_nodes"": 31, ""model__min_samples_leaf"": 20}",0.5099587989152948,0.5159871566419819,3,2015-01-02,2017-07-21,2017-07-24,2572,2017-07-25,2020-02-13,2576,tuned,lag_1,hist_gradient_boosting,3
9,2,macro_auc,0.4893450477045156,"{""model__early_stopping"": false, ""model__l2_regularization"": 1.0, ""model__learning_rate"": 0.1, ""model__max_iter"": 100, ""model__max_leaf_nodes"": 31, ""model__min_samples_leaf"": 20}",0.489500290247678,0.4893450477045156,3,2017-02-14,2020-02-12,2020-02-13,3016,2020-02-14,2022-09-02,2576,tuned,lag_1,hist_gradient_boosting,3
9,3,macro_auc,0.50503262963404,"{""model__early_stopping"": false, ""model__l2_regularization"": 1.0, ""model__learning_rate"": 0.1, ""model__max_iter"": 100, ""model__max_leaf_nodes"": 31, ""model__min_samples_leaf"": 20}",0.5041508027083013,0.50503262963404,3,2019-09-06,2022-09-01,2022-09-02,3016,2022-09-06,2025-04-03,2588,tuned,lag_1,hist_gradient_boosting,3
10,1,macro_auc,0.5102053054134709,"{""model__early_stopping"": false, ""model__l2_regularization"": 0.0, ""model__learning_rate"": 0.1, ""model__max_iter"": 100, ""model__max_leaf_nodes"": 31, ""model__min_samples_leaf"": 20}",0.5043120728943201,0.5102053054134709,5,2015-01-02,2017-07-21,2017-07-24,2572,2017-07-25,2020-02-13,2576,tuned,lag_1,hist_gradient_boosting,3
10,2,macro_auc,0.5092438572469009,"{""model__early_stopping"": false, ""model__l2_regularization"": 0.0, ""model__learning_rate"": 0.1, ""model__max_iter"": 100, ""model__max_leaf_nodes"": 31, ""model__min_samples_leaf"": 20}",0.5084383465557276,0.5092438572469009,5,2015-02-17,2020-02-12,2020-02-13,5028,2020-02-14,2022-09-02,2576,tuned,lag_1,hist_gradient_boosting,3
10,3,macro_auc,0.4875782085802599,"{""model__early_stopping"": false, ""model__l2_regularization"": 0.0, ""model__learning_rate"": 0.1, ""model__max_iter"": 100, ""model__max_leaf_nodes"": 31, ""model__min_samples_leaf"": 20}",0.4873887524934786,0.4875782085802599,5,2017-09-06,2022-09-01,2022-09-02,5028,2022-09-06,2025-04-03,2588,tuned,lag_1,hist_gradient_boosting,3
11,1,macro_auc,0.5201641987528774,"{""model__early_stopping"": false, ""model__l2_regularization"": 10.0, ""model__learning_rate"": 0.1, ""model__max_iter"": 200, ""model__max_leaf_nodes"": 7, ""model__min_samples_leaf"": 40}",0.512658431301907,0.5201641987528774,all,2015-01-02,2017-07-21,2017-07-24,2572,2017-07-25,2020-02-13,2576,tuned,lag_1,hist_gradient_boosting,3
11,2,macro_auc,0.49779548005108215,"{""model__early_stopping"": false, ""model__l2_regularization"": 10.0, ""model__learning_rate"": 0.1, ""model__max_iter"": 200, ""model__max_leaf_nodes"": 7, ""model__min_samples_leaf"": 40}",0.4974941950464396,0.49779548005108215,all,2015-01-02,2020-02-12,2020-02-13,5148,2020-02-14,2022-09-02,2576,tuned,lag_1,hist_gradient_boosting,3
11,3,macro_auc,0.492123564598436,"{""model__early_stopping"": false, ""model__l2_regularization"": 10.0, ""model__learning_rate"": 0.1, ""model__max_iter"": 200, ""model__max_leaf_nodes"": 7, ""model__min_samples_leaf"": 40}",0.49236132422893975,0.492123564598436,all,2015-01-02,2022-09-01,2022-09-02,7724,2022-09-06,2025-04-03,2588,tuned,lag_1,hist_gradient_boosting,3
12,1,macro_auc,0.5086917352030117,"{""model__early_stopping"": false, ""model__l2_regularization"": 1.0, ""model__learning_rate"": 0.05, ""model__max_iter"": 200, ""model__max_leaf_nodes"": 3, ""model__min_samples_leaf"": 20}",0.5012585345320647,0.5086917352030117,3,2015-01-02,2017-07-21,2017-07-24,2572,2017-07-25,2020-02-13,2576,tuned,lag_1,hist_gradient_boosting,3
12,2,macro_auc,0.49408396751776085,"{""model__early_stopping"": false, ""model__l2_regularization"": 1.0, ""model__learning_rate"": 0.05, ""model__max_iter"": 200, ""model__max_leaf_nodes"": 3, ""model__min_samples_leaf"": 20}",0.49317917956656343,0.49408396751776085,3,2017-02-14,2020-02-12,2020-02-13,3016,2020-02-14,2022-09-02,2576,tuned,lag_1,hist_gradient_boosting,3
12,3,macro_auc,0.49903070731673016,"{""model__early_stopping"": false, ""model__l2_regularization"": 1.0, ""model__learning_rate"": 0.05, ""model__max_iter"": 200, ""model__max_leaf_nodes"": 3, ""model__min_samples_leaf"": 20}",0.49675697934248886,0.49903070731673016,3,2019-09-06,2022-09-01,2022-09-02,3016,2022-09-06,2025-04-03,2588,tuned,lag_1,hist_gradient_boosting,3
13,1,macro_auc,0.5197124280519632,"{""model__early_stopping"": false, ""model__l2_regularization"": 10.0, ""model__learning_rate"": 0.025, ""model__max_iter"": 100, ""model__max_leaf_nodes"": 15, ""model__min_samples_leaf"": 40}",0.5143955122174892,0.5197124280519632,5,2015-01-02,2017-07-21,2017-07-24,2572,2017-07-25,2020-02-13,2576,tuned,lag_1,hist_gradient_boosting,3
13,2,macro_auc,0.5051711684496561,"{""model__early_stopping"": false, ""model__l2_regularization"": 10.0, ""model__learning_rate"": 0.025, ""model__max_iter"": 100, ""model__max_leaf_nodes"": 15, ""model__min_samples_leaf"": 40}",0.5054478884481425,0.5051711684496561,5,2015-02-17,2020-02-12,2020-02-13,5028,2020-02-14,2022-09-02,2576,tuned,lag_1,hist_gradient_boosting,3
13,3,macro_auc,0.4990662354015105,"{""model__early_stopping"": false, ""model__l2_regularization"": 10.0, ""model__learning_rate"": 0.025, ""model__max_iter"": 100, ""model__max_leaf_nodes"": 15, ""model__min_samples_leaf"": 40}",0.49778703774742983,0.4990662354015105,5,2017-09-06,2022-09-01,2022-09-02,5028,2022-09-06,2025-04-03,2588,tuned,lag_1,hist_gradient_boosting,3
14,1,macro_auc,0.5121850720711371,"{""model__early_stopping"": false, ""model__l2_regularization"": 1.0, ""model__learning_rate"": 0.05, ""model__max_iter"": 200, ""model__max_leaf_nodes"": 15, ""model__min_samples_leaf"": 80}",0.5054705311864857,0.5121850720711371,all,2015-01-02,2017-07-21,2017-07-24,2572,2017-07-25,2020-02-13,2576,tuned,lag_1,hist_gradient_boosting,3
14,2,macro_auc,0.5074875729085495,"{""model__early_stopping"": false, ""model__l2_regularization"": 1.0, ""model__learning_rate"": 0.05, ""model__max_iter"": 200, ""model__max_leaf_nodes"": 15, ""model__min_samples_leaf"": 80}",0.5066920230263158,0.5074875729085495,all,2015-01-02,2020-02-12,2020-02-13,5148,2020-02-14,2022-09-02,2576,tuned,lag_1,hist_gradient_boosting,3
14,3,macro_auc,0.5065649589531653,"{""model__early_stopping"": false, ""model__l2_regularization"": 1.0, ""model__learning_rate"": 0.05, ""model__max_iter"": 200, ""model__max_leaf_nodes"": 15, ""model__min_samples_leaf"": 80}",0.5067989249271136,0.5065649589531653,all,2015-01-02,2022-09-01,2022-09-02,7724,2022-09-06,2025-04-03,2588,tuned,lag_1,hist_gradient_boosting,3
15,1,macro_auc,0.5137284738791527,"{""model__early_stopping"": false, ""model__l2_regularization"": 1.0, ""model__learning_rate"": 0.05, ""model__max_iter"": 100, ""model__max_leaf_nodes"": 31, ""model__min_samples_leaf"": 10}",0.5084758509967897,0.5137284738791527,3,2015-01-02,2017-07-21,2017-07-24,2572,2017-07-25,2020-02-13,2576,tuned,lag_1,hist_gradient_boosting,3
15,2,macro_auc,0.4882697243978731,"{""model__early_stopping"": false, ""model__l2_regularization"": 1.0, ""model__learning_rate"": 0.05, ""model__max_iter"": 100, ""model__max_leaf_nodes"": 31, ""model__min_samples_leaf"": 10}",0.48781503966718265,0.4882697243978731,3,2017-02-14,2020-02-12,2020-02-13,3016,2020-02-14,2022-09-02,2576,tuned,lag_1,hist_gradient_boosting,3
15,3,macro_auc,0.49351075835454705,"{""model__early_stopping"": false, ""model__l2_regularization"": 1.0, ""model__learning_rate"": 0.05, ""model__max_iter"": 100, ""model__max_leaf_nodes"": 31, ""model__min_samples_leaf"": 10}",0.4922744121144699,0.49351075835454705,3,2019-09-06,2022-09-01,2022-09-02,3016,2022-09-06,2025-04-03,2588,tuned,lag_1,hist_gradient_boosting,3
16,1,macro_auc,0.5188535752376116,"{""model__early_stopping"": false, ""model__l2_regularization"": 10.0, ""model__learning_rate"": 0.05, ""model__max_iter"": 200, ""model__max_leaf_nodes"": 3, ""model__min_samples_leaf"": 10}",0.5095936722703296,0.5188535752376116,5,2015-01-02,2017-07-21,2017-07-24,2572,2017-07-25,2020-02-13,2576,tuned,lag_1,hist_gradient_boosting,3
16,2,macro_auc,0.4995452681526593,"{""model__early_stopping"": false, ""model__l2_regularization"": 10.0, ""model__learning_rate"": 0.05, ""model__max_iter"": 200, ""model__max_leaf_nodes"": 3, ""model__min_samples_leaf"": 10}",0.5003830664667183,0.4995452681526593,5,2015-02-17,2020-02-12,2020-02-13,5028,2020-02-14,2022-09-02,2576,tuned,lag_1,hist_gradient_boosting,3
16,3,macro_auc,0.48573677239225654,"{""model__early_stopping"": false, ""model__l2_regularization"": 10.0, ""model__learning_rate"": 0.05, ""model__max_iter"": 200, ""model__max_leaf_nodes"": 3, ""model__min_samples_leaf"": 10}",0.4850406269180605,0.48573677239225654,5,2017-09-06,2022-09-01,2022-09-02,5028,2022-09-06,2025-04-03,2588,tuned,lag_1,hist_gradient_boosting,3
17,1,macro_auc,0.523994602049644,"{""model__early_stopping"": false, ""model__l2_regularization"": 10.0, ""model__learning_rate"": 0.025, ""model__max_iter"": 100, ""model__max_leaf_nodes"": 7, ""model__min_samples_leaf"": 40}",0.5166435884792233,0.523994602049644,all,2015-01-02,2017-07-21,2017-07-24,2572,2017-07-25,2020-02-13,2576,tuned,lag_1,hist_gradient_boosting,3
17,2,macro_auc,0.495635129563621,"{""model__early_stopping"": false, ""model__l2_regularization"": 10.0, ""model__learning_rate"": 0.025, ""model__max_iter"": 100, ""model__max_leaf_nodes"": 7, ""model__min_samples_leaf"": 40}",0.4967241316756966,0.495635129563621,all,2015-01-02,2020-02-12,2020-02-13,5148,2020-02-14,2022-09-02,2576,tuned,lag_1,hist_gradient_boosting,3
17,3,macro_auc,0.4963745305737339,"{""model__early_stopping"": false, ""model__l2_regularization"": 10.0, ""model__learning_rate"": 0.025, ""model__max_iter"": 100, ""model__max_leaf_nodes"": 7, ""model__min_samples_leaf"": 40}",0.4942326319625595,0.4963745305737339,all,2015-01-02,2022-09-01,2022-09-02,7724,2022-09-06,2025-04-03,2588,tuned,lag_1,hist_gradient_boosting,3
18,1,macro_auc,0.5125714197546605,"{""model__early_stopping"": false, ""model__l2_regularization"": 1.0, ""model__learning_rate"": 0.025, ""model__max_iter"": 200, ""model__max_leaf_nodes"": 7, ""model__min_samples_leaf"": 80}",0.5054920627411307,0.5125714197546605,3,2015-01-02,2017-07-21,2017-07-24,2572,2017-07-25,2020-02-13,2576,tuned,lag_1,hist_gradient_boosting,3
18,2,macro_auc,0.4980684836095823,"{""model__early_stopping"": false, ""model__l2_regularization"": 1.0, ""model__learning_rate"": 0.025, ""model__max_iter"": 200, ""model__max_leaf_nodes"": 7, ""model__min_samples_leaf"": 80}",0.4977469523993808,0.4980684836095823,3,2017-02-14,2020-02-12,2020-02-13,3016,2020-02-14,2022-09-02,2576,tuned,lag_1,hist_gradient_boosting,3
18,3,macro_auc,0.5105962116179178,"{""model__early_stopping"": false, ""model__l2_regularization"": 1.0, ""model__learning_rate"": 0.025, ""model__max_iter"": 200, ""model__max_leaf_nodes"": 7, ""model__min_samples_leaf"": 80}",0.5094452489642474,0.5105962116179178,3,2019-09-06,2022-09-01,2022-09-02,3016,2022-09-06,2025-04-03,2588,tuned,lag_1,hist_gradient_boosting,3
19,1,macro_auc,0.5201197444305299,"{""model__early_stopping"": false, ""model__l2_regularization"": 10.0, ""model__learning_rate"": 0.025, ""model__max_iter"": 200, ""model__max_leaf_nodes"": 3, ""model__min_samples_leaf"": 80}",0.5104528116267969,0.5201197444305299,5,2015-01-02,2017-07-21,2017-07-24,2572,2017-07-25,2020-02-13,2576,tuned,lag_1,hist_gradient_boosting,3
19,2,macro_auc,0.5023345384064006,"{""model__early_stopping"": false, ""model__l2_regularization"": 10.0, ""model__learning_rate"": 0.025, ""model__max_iter"": 200, ""model__max_leaf_nodes"": 3, ""model__min_samples_leaf"": 80}",0.5025487374226005,0.5023345384064006,5,2015-02-17,2020-02-12,2020-02-13,5028,2020-02-14,2022-09-02,2576,tuned,lag_1,hist_gradient_boosting,3
19,3,macro_auc,0.4859393574908708,"{""model__early_stopping"": false, ""model__l2_regularization"": 10.0, ""model__learning_rate"": 0.025, ""model__max_iter"": 200, ""model__max_leaf_nodes"": 3, ""model__min_samples_leaf"": 80}",0.48652382710603037,0.4859393574908708,5,2017-09-06,2022-09-01,2022-09-02,5028,2022-09-06,2025-04-03,2588,tuned,lag_1,hist_gradient_boosting,3
